date,title
2020-02-19,Calendar Apps Can Do Wonders And Not Only For Your Schedule
2020-02-20,No More Immunity? Justice Department Wants Tech Companies To Have Legal Responsibility For Content Posted On Their Platforms
2020-02-20,Peter Thiel-Backed Startup Begins Mining Bitcoin In US To Counter Chinese Dominance
2020-02-20,Bloomberg Pays People To Promote His Campaign On Their Personal Social Media
2020-02-21,Facebook To Pay Users $5 For Their Voice Recordings
2020-02-21,Friday's Market Minute: Coronavirus Outlook Remains Cloudy
2020-02-21,Shopify Shares Unaffected As Hearing Co. to Join Facebook's Libra Association
2020-02-21,4 Coronavirus Myths Causing Unnecessary Alarm
2020-02-21,"Mnuchin Says U.S. Opposes Discriminatory Digital Services Taxes; Will Respond With Investigations, Potential Retaliatory Tariffs; Says Working to Reach Solution for Digital Tax Reform at OECD"
2020-02-24,Shares of several communication and media companies are trading lower amid continued spread of coronavirus including notable upticks in Iran and Italy. NOTE: The virus has raised fear of a global economic slowdown.
2020-02-24,Why Partnerships Are The Lifeblood Of The Cannabis Industry
2020-02-24,"Chip Stocks, Apple, Airlines Among Hardest Hit As Stocks Plunge On Coronavirus Spread"
2020-02-25,"Earnings To The Rescue? HP, Macy's, Home Depot All Report Solid Results, Providing Lift"
2020-02-25,Pro-Sanders Posts On Facebook Attract Investigation
2020-02-25,"Selloff Resumes, With Bond Yields Hitting New Record Lows As CDC Virus Report Spooks"
2020-02-25,The Factors Pushing To Renewable Energy Sources
2020-02-26,"Tech Stocks In Correction Territory, Including Apple And Facebook, But Investors Nibbling"
2020-02-27,'Facebook cancels its annual developer conference amid coronavirus outbreak' -CNBC
2020-02-27,Shares of several communication companies are trading lower as growing coronavirus fears hamper economic outlook.
2020-02-27,15 Communication Services Stocks Moving In Thursday's Pre-Market Session
2020-02-27,"Google, Facebook And Others Not Bound By First Amendment, Judge Rules"
2020-02-28,"Gene Munster On Apple's Future, Tesla's Valuation And The 2020 Election"
2020-02-28,Shares of several communication companies are trading lower as the global coronavirus spread continues to cause equities across sectors to sell off amid worsened economic outlook.
2020-02-28,25 Communication Services Stocks Moving In Friday's Pre-Market Session
2020-02-28,"Amazon Removes 1M Products For Claiming To Cure Coronavirus, Inflating Prices"
2020-02-28,Edward Jones Upgrades Facebook to Buy
2020-02-28,A Fabulous Time For This FANG ETN
2020-03-02,"The Coronavirus Outbreak's Impact On Global Stocks, Commodities, ETFs"
2020-03-02,Internet Analyst: Some Companies Will Benefit From People 'Cocooning'
2020-03-02,"Facebook Rolling Out A Faster, Smaller And Simple Messenger On IOS Over The Next Few Weeks, The Messenger Will Load Twice As Fast And Will Be One-Fourth Its Original Size"
2020-03-02,Tech Industry Being Smashed By Coronavirus
2020-03-03,"'Facebook Scales Back Libra Plans, Bowing to Regulators' -The Information $"
2020-03-05,Twitter Tests Stories-Like Feature To Let Users Share Their 'Fleeting' Thoughts
2020-03-05,Facebook shares are trading lower after a company employee in Seattle is diagnosed with the Coronavirus.
2020-03-05,IATA: Coronavirus Impact On Airlines Could Reach $113 Billion
2020-03-05,"Facebook Inc Says Filed A Lawsuit In Arizona Against Namecheap, A Domain Name Registrar, As Well As Its Proxy Service, Whoisguard"
2020-03-05,How The Coronavirus Is Infecting The Social Media Giants
2020-03-05,"Coronavirus Has Now Spread To Healthy Corporations, Set To Affect The Global Economy"
2020-03-05,Judge Quashes Tulsi Gabbard's Case Against Google Alleging Free Speech Violation
2020-03-05,Facebook Worker in Seattle is Diagnosed With the Coronavirus
2020-03-06,Microsoft To Pay Workers Full Wages Regardless Of Hours Worked During Coronavirus Outbreak
2020-03-06,Facebook Takes Down Trump Campaign Ad In Violation Of 'Census Interference Policy'
2020-03-06,'Facebook says it is closing its London offices until Monday after an employee based in Singapore who has been diagnosed with [coronavirus] visited the London offices on 24-26 February' -Sky News Tweet
2020-03-06,Shares of several media and communication companies are trading lower as global markets continue to experience pressure amid the coronavirus spread.
2020-03-06,15 Communication Services Stocks Moving In Friday's Pre-Market Session
2020-03-06,Tech Giants Ask Seattle Employees To Work Remotely As Coronavirus Cases Rise
2020-03-09,"Bill Gates Foundation To Fund Coronavirus Testing Kits In Seattle, Aims At Checking Spread Of Disease In The Region"
2020-03-09,38 Communication Services Stocks Moving In Monday's Pre-Market Session
2020-03-09,Shares of several media and communication companies are trading lower as US equities crash amid coronavirus fears and OPEC failing to reach a production agreement.
2020-03-09,"10 Most Profitable Shorts Since The Coronavirus Sell-Off Ramped Up: Tesla, Amazon And More"
2020-03-09,"Cryptocurrencies Lose $26B In A Day Following Stock, Oil Dip As Gold Rises"
2020-03-09,Twitter Marks Trump Campaign Video As 'Manipulated Media' In One Of The First Enforcements Of Updated Policy
2020-03-09,Australia Sues Facebook For Data Breach Of 300K Citizens In Cambridge Analytica Case
2020-03-10,Little Known Company's Shares Surge Again As Investors Confuse It With Zoom Video Communications
2020-03-10,"FANG Stocks Lose Nearly $150B In A Day As Coronavirus Fears Rise Even More, Oil Crashes"
2020-03-10,Facebook's Coronavirus Exposure Might Be More Than You Think
2020-03-10,Jedi Wars Between Amazon And Microsoft Are Still Very Much On
2020-03-10,Shares of several communication and media companies are trading higher as markets rebound following Monday's selloff. US President Trump on Monday suggested the US is considering a payroll tax cut to relieve the negative economic effects of the coronavirus.
2020-03-11,"Why This Analyst Recommends Buying Amazon, Baidu, Facebook And Uber Following COVID-19 Battering"
2020-03-11,"Despite Volatility, FANG Continues to Prove Its Popularity"
2020-03-11,Coronavirus – Another Severe Hit To The Automotive Industry
2020-03-11,"Shares of several media and communication companies are trading lower as global markets continue to experience pressure amid the coronavirus spread, which has negatively impacted companies across sectors."
2020-03-11,Facebook's Zuckerberg Buys Coronavirus Diagnostic Machines For Bay Area Facilities
2020-03-11,Google Asks All North American Employees To Work From Home As Coronavirus Spreads
2020-03-12,CME To Shut Down Chicago Trading Floor Over Coronavirus Concerns
2020-03-12,Stocks That Hit 52-Week Lows On Thursday
2020-03-13,Shares of several communication and media companies are trading higher as the market rebounds following Thursday's selloff. NOTE: Since the coronavirus outbreak the healthcare sector has been extremely volatile.
2020-03-13,"Regulators Aiming To Break Of Big Tech Are Receiving ""Help"" From COVID-19"
2020-03-13,Best Home Office Essentials During The COVID-19 (Coronavirus) Lockdown
2020-03-13,"Bulls And Bears Of The Week: Apple, Boeing, FANGs And More"
2020-03-16,Shares of several communications companies are trading lower as equities sell off amid continued global coronavirus concerns. The virus has caused global economic disruption and negatively impacted stocks across sectors.
2020-03-17,"Hearing Wedbush Added Amazon, Peloton And Facebook To Best Ideas List; Unconfirmed"
2020-03-17,Apple Hit With $1.2B Fine By French Antitrust Authorities
2020-03-17,'Facebook announces $100 million program for small businesses impacted by coronavirus' -CNBC
2020-03-17,This Company Wants To Make It Easier For Cannabis Companies To Market Their Products
2020-03-17,"Wedbush Maintains Outperform on Facebook, Maintains $250 Price Target; Adds To Best Ideas List"
2020-03-17,All The Major Events Canceled By Coronavirus (Updated)
2020-03-17,Mark Tepper Says 'DAWN' Is The New 'FANG'
2020-03-18,Shares of several media and communications companies are trading lower as equities dip amid the ongoing coronavirus outbreak.
2020-03-18,Greta Thunberg Among Europe's 30 Under 30 Forbes List
2020-03-18,"Facebook's Anti-Spam Filter Blocks Legitimate News Stories, Exec Says Issue Resolved"
2020-03-18,"JP Morgan Maintains Overweight on Facebook, Lowers Price Target to $225"
2020-03-18,"Travel, Airline Stocks In Focus Amid Fresh Weakness; Amazon To Hire 100,000 Workers"
2020-03-19,"Facebook shares are trading higher. Movement appears market related, as stocks rebound from earlier weakness. Additionally, social distancing measures taken by governments have potentially been a positive catalyst for social media."
2020-03-19,Will Big Tech Come To The Rescue Against COVID-19?
2020-03-20,"NBA, NHL And Other Sports Leagues To Televise Esports Events"
2020-03-20,How The Coronavirus Is Impacting Everyday Lives: Twitter Roundup
2020-03-20,Hearing UK's Guardian Reporting Facebook's WhatsApp In Talks With National Health Service To Set Up Coronavirus Chatbot
2020-03-20,Netflix Cuts Picture Quality To Ease Pressure On Internet Providers In Europe
2020-03-23,"How Tim Cook, Mark Zuckerberg And Other Tech CEOs Are Helping Fight The Global Pandemic"
2020-03-23,Cisco Pledges $225M To Fight Global Coronavirus Pandemic
2020-03-24,Facebook Says Has Seen Weakening Ads Business In Countries Taking Aggressive Actions To Reduce Spread Of Coronavirus
2020-03-24,Shares of several communication services companies are trading higher as equities gain amid hopes of a US stimulus agreement.
2020-03-24,"Facebook's Instagram Says Will Remove Coronavirus-Related Content, Accounts From Recommendations Unless Posted By Credible Health Organizations"
2020-03-24,FT Reporting Facebook Considering Multi-Billion Dollar Stake In Reliance JIO
2020-03-25,"US Attorney Generals In 32 States Tell Amazon, Walmart, Facebook, eBay To Take More Action To Stop Coronavirus Price Gouging"
2020-03-25,Pentagon Decided To Re-Evaluate The JEDI Contract And Amazon Is Not Giving Up
2020-03-25,COVID-19 Crisis Could Make Big Tech Even Stronger
2020-03-25,"Facebook shares are trading lower, not currently seeing company news. NOTE: Equities have begun moving lower following Tuesday strength."
2020-03-25,"Microsoft, Facebook, Twitter Partner With WHO To Launch Coronavirus Hackathon"
2020-03-25,"Facebook, Messenger And WhatsApp Use Soars While Advertising Declines In Pandemic Hit Countries"
2020-03-26,Facebook Appoints Robert M. Kimmitt as Lead Independent Director
2020-03-26,Ally Strategist Says Fed Doing The Right Thing With Markets In Turmoil: 'A Shot In The Arm'
2020-03-26,"Citigroup Maintains Buy on Facebook, Lowers Price Target to $195"
2020-03-26,Airbnb Asks Banks To Extend $1B Credit Facility Due To Coronavirus Impact: Report
2020-03-26,Tim Cook Announces Apple 10M Masks Donation To US Health Workers
2020-03-27,10 Stocks To Buy With Low Debt And High Liquidity
2020-03-27,"Regional Banks, Other Cyclicals Saw Buying Interest Yesterday Amid Stimulus Hopes"
2020-03-27,"For Some Companies, A Sliver Of Good News During COVID-19"
2020-03-30,Ad Sales Decrease With Covid-19 But Digital Holds The Key
2020-03-30,"Morgan Stanley Maintains Overweight on Facebook, Lowers Price Target to $185"
2020-03-30,"Shares of several media, streaming and videogame companies are trading higher as markets continue to rebound following last week's US stimulus. NOTE: Trump extended social distancing guidelines, which is a potential positive for at-home entertainment."
2020-03-30,"UBS Maintains Buy on Facebook, Lowers Price Target to $226"
2020-03-30,Mark Zuckerberg And Priscilla Chan Donate $25M To Gates Foundation Coronavirus Accelerator
2020-03-31,How Amazon And Other Tech Giants Are Helping Us Through Coronavirus
2020-03-31,Why Facebook Is More Important Than Ever During COVID-19 Pandemic
2020-03-31,"Zoom Shares Drop As New York Attorney General Looks Into Company's Privacy, Security Practices"
2020-04-01,"Hearing Some Users Reporting Facebook's WhatsApp, Instagram Down"
2020-04-02,"Facebook To Launch New Messenger Desktop App For Group Video Calls, Chats"
2020-04-02,Credit Suisse Compiles List Of Corporations With Most And Least Cash
2020-04-03,"Barron's Picks And Pans: Post-Pandemic Ideas, Safe Dividends And More"
2020-04-03,Facebook Announces $40M In Grants For Small US Businesses Affected By Coronavirus
2020-04-03,"Facebook shares are trading lower. Movement appears market related, as equities move lower for the session amid continued coronavirus-related volatility."
2020-04-03,"A Peek Into The Markets: US Stock Futures Down, All Eyes On Jobs Report"
2020-04-03,"Facebook Plans To Hire 10,000 Employees By The End Of The Year"
2020-04-06,Shares of several semiconductor and large technology stocks are trading higher with the broader market on optimism that coronavirus cases in several US hotspots appear to be reaching their peak.
2020-04-06,Apple To Make 1M Face Shields Per Week For Coronavirus Health Workers
2020-04-07,Here's How Long It Took Facebook To Reach A $100B Market Cap
2020-04-07,"IVP, Sapphire Ventures Lead $100M Series E In CircleCI's Leading Software Solution"
2020-04-07,Facebook Surveys Users To Help Researchers Identify Coronavirus Clusters
2020-04-07,Facebook Gaming Launches New Tournaments Feature
2020-04-08,Hearing Facebook Will Introduce A Limit On WhatsApp Messages Being Forwarded
2020-04-08,The Show Must Go On – Event Industry Rising To The Challenge Of COVID-19
2020-04-08,P/E Ratio Insights for Facebook
2020-04-09,Why The Next Major Social Networks May Exist In Video Games
2020-04-09,Google Gets Federal Approval To Operate Under Sea Cable Between US and Taiwan To Boost Network Capacity
2020-04-09,Will FANG Lead The Market Rebound?
2020-04-09,Communications Services Sector Earnings: When Staying In Becomes The Trend
2020-04-09,Facebook To Report Q1 Results Wed. Apr. 29 After The Close
2020-04-10,"Barron's Picks And Pans: Berkshire Hathaway, Disney, SoftBank And More"
2020-04-13,Shares of several communication services companies are trading lower amid continued uncertainty around the coronavirus.
2020-04-13,Facebook Option Traders Make $1M Bets On Multi-Year Rally
2020-04-14,"PayPal, Intuit, Square Get Approval To Give Loans To Small Businesses As Part Of $2T Federal Coronavirus Relief Package"
2020-04-14,'World Health Organization Launches Messenger Experience to Help Deliver Accurate Information on COVID-19' -From Facebook Messenger Newsroom Earlier Tues.
2020-04-15,Every Member Of Trump's 'Great American Economic Revival' Industry Groups
2020-04-15,"Amazon, Facebook Spokespeople Say Jeff Bezos, Mark Zuckerberg Joined White House Committee Call On Coronavirus Wed."
2020-04-16,S&P 500 Futures Up 3.2% After Hours; Many Other Stocks Moving Higher With Futures; Investors Reacting Favorably To White Phase Guidelines On Reopening Economy
2020-04-16,"Big Stocks Moving After Hours As Market Cheers Gilead, 'Reopening' Updates"
2020-04-16,Facebook Revamps Proposed Cryptocurrency Libra
2020-04-16,Switzerland's Financial Market Supervisor Says Received Application From Facebook's Libra Association For Payment System License
2020-04-16,Mark Zuckerberg Says Will Require Vast Majority Of Co's Employees To Work From Home Through At Least The End Of May
2020-04-16,"Hearing Facebook Will Revamp Libra, Is Planning Multiple Single-Currency Coins"
2020-04-16,"MKM Partners Maintains Buy on Facebook, Lowers Price Target to $200"
2020-04-16,"'$GOOGL, $FB on Watch as Barry Diller Sees 80% Drop in Ad Spend' -Tweet"
2020-04-16,Software Rises Above Semiconductors And Hardware As Tech Heads Into Earnings Season
2020-04-16,Mark Zuckerberg Says Canceling Any Large Physical Events Co Had Planned With 50 Or More People Through June 2021
2020-04-16,Overstock.com Shares Spike ~6% On Volume Uptick; May Be Related To Report Facebook Considering Multiple Single-Currency Coins
2020-04-17,"Gene Munster Dismisses Goldman's Apple Downgrade, Says Cupertino Has Long-Term Earnings Power"
2020-04-17,"Shares of several communications and media companies are trading higher as equities gain amid a report suggesting Gilead Sciences' Remdesivir drug showed some effectiveness in treating the coronavirus. This has raised hopes of a sooner return to spending, economic activity, and investment."
2020-04-17,"Bulls And Bears Of The Week: Caterpillar, Facebook, Microsoft And More"
2020-04-20,"Credit Suisse Maintains Outperform on Facebook, Lowers Price Target to $234"
2020-04-20,"'Facebook to Introduce an App for Gaming' -Weekend Article From NY Times, Others"
2020-04-21,"Mizuho Maintains Buy on Facebook, Lowers Price Target to $220"
2020-04-21,"UBS Maintains Buy on Facebook, Lowers Price Target to $223"
2020-04-21,"Shares of several communication companies are trading lower with the overall market on continued downward momentum after oil prices fell to historic lows, partially stemming from weak demand caused by the coronavirus pandemic."
2020-04-21,3 ETFs For Netflix Earnings
2020-04-21,Here's How Much Investing $100 In The 2017 Snap IPO Would Be Worth Today
2020-04-21,"Making Most Of Lockdowns, Facebook Gaming Launches Earlier Than Planned"
2020-04-22,Facebook Invests $5.7B In One Of India's Largest Internet Services Companies
2020-04-22,YouTube Sued By Cryptocurrency Firm For Allegedly Allowing Giveaway Scams
2020-04-22,"Shares of several social media and internet communication companies are trading higher, potentially in sympathy with Snap, which reported strong Q1 financial results and user engagement numbers."
2020-04-22,Facebook Bowed Down To Vietnamese Censorship After Local Servers Brought Down: Reuters
2020-04-22,PreMarket Prep Stock Of The Day: Facebook
2020-04-23,Zoom Unveils Version 5 With Updated Security Measures Following Backlash
2020-04-23,Eli Lilly Kicks Off Earnings Day With A Beat And Investors Prepare For Intel After Close
2020-04-23,"With NHL Season On Ice, League Launches Esports Challenge: 'Extremely Fun To Watch'"
2020-04-24,Large Facebook Option Trader Betting On Earnings Sell-Off
2020-04-24,"Forget Facebook, Snapchat, Twitter: TikTok Is The Breakout COVID-19 Social Media Platform"
2020-04-24,Match Shares Tick Lower On Volume Uptick As Traders Circulate Verge Article Highlighting Facebook Will Add Video Calls To Its Facebook Dating Service; BZ NOTE: Facebook Dating Has Been Around Since Mid-To-Late 2019
2020-04-24,"Facebook Shares At Session High, Company Announced They Are Rolling Out Video Meetings For Up To 50 Participants"
2020-04-24,Google Announces Further Hiring And Marketing Budget Cuts
2020-04-24,"McDonald's, Starbucks, Subway Part Of China's Central Digital Currency Pilot: Report"
2020-04-27,"Facebook To Release Q1 Earnings: Focus On Ad Revenue, User Data, Jio Investment"
2020-04-27,"Apple And Amazon Earnings, Fed Meeting Among Highlights In Busy Week Ahead"
2020-04-27,"Facebook Rolls Out Messenger Rooms, Co-Opts Zoom and Houseparty's Features"
2020-04-28,4 Geared ETFs for Alphabet Earnings
2020-04-28,Blue Chip Stocks Resisting COVID-19
2020-04-29,"Facebook Q1 Daily Active Users 1.73B, Up 11% Year Over Year, Monthly Active Users 2.6B, Up 10% YoY"
2020-04-29,"Facebook Q1 EPS $1.710 Misses $1.740 Estimate, Sales $17.737B Beat $17.480B Estimate"
2020-04-29,"A Peek Into The Markets: US Stock Futures Rise Ahead Of Earnings, Fed Decision"
2020-04-29,11 Communication Services Stocks Moving In Wednesday's Pre-Market Session
2020-04-29,"Facebook Reports Q1 Sales Beat, Users Up 10%"
2020-04-29,Facebook shares are trading higher potentially in anticipation of the company's earnings after the close. NOTE: Peer social media company Snap recently reported strong user numbers growth from last quarter.
2020-04-29,"BMO Capital Maintains Market Perform on Facebook, Raises Price Target to $190"
2020-04-29,"Alphabet, Boeing Shares Get A Lift Following Earnings, While GE Falls Short"
2020-04-29,Mike Khouw Sees Unusual Activity In Facebook
2020-04-29,Loup Ventures' Munster On Alphabet's Q1: 'Hats Off To Them' For Ad Performance
2020-04-29,"Benzinga Pro's Top 5 Stocks To Watch For Wed., Apr. 29, 2020: FB, IBM, SHOP, MNST, MYOS"
2020-04-29,13 Stocks Moving In Wednesday's After-Hours Session
2020-04-29,From Facebook Earnings Conference Call: Sees Signs Of Stability In Ad Business In Apr.
2020-04-29,From Facebook Earnings Conference Call: Zuckerberg Says Coronavirus Will Have A Significant Impact On Business
2020-04-29,Facebook Would Have Rough Time With Regulators in Trying to Acquire Zoom
2020-04-29,"10 Stocks To Watch For April 29, 2020"
2020-04-29,"Earnings Scheduled For April 29, 2020"
2020-04-30,A Peek Into The Markets: US Stock Futures Edge Higher Ahead Of Apple Earnings
2020-04-30,"10 Stocks To Watch For April 30, 2020"
2020-04-30,Munster Says Still 'Neutral' On Facebook's Long-Term Outlook Despite Impressive Q1 Results
2020-04-30,"Stifel Maintains Buy on Facebook, Raises Price Target to $245"
2020-04-30,"Morgan Stanley Maintains Overweight on Facebook, Raises Price Target to $230"
2020-04-30,"B of A Securities Reiterates Buy on Facebook, Raises Price Target to $240"
2020-04-30,"Mizuho Maintains Buy on Facebook, Raises Price Target to $245"
2020-04-30,"MKM Partners Maintains Buy on Facebook, Raises Price Target to $240"
2020-04-30,10 Biggest Price Target Changes For Thursday
2020-04-30,"Raymond James Reiterates Strong Buy on Facebook, Raises Price Target to $240"
2020-04-30,"JMP Securities Maintains Market Outperform on Facebook, Raises Price Target to $250"
2020-04-30,"Rosenblatt Maintains Buy on Facebook, Raises Price Target to $244"
2020-04-30,Facebook shares are trading higher after the company reported better-than-expected Q1 sales results and Q1 daily active users were up 11% year over year.
2020-04-30,9 Communication Services Stocks Moving In Thursday's Pre-Market Session
2020-04-30,35 Stocks Moving in Thursday's Pre-Market Session
2020-04-30,"Baird Maintains Outperform on Facebook, Raises Price Target to $240"
2020-04-30,"Pivotal Research Upgrades Facebook to Hold, Raises Price Target to $225"
2020-04-30,"Nomura Instinet Maintains Buy on Facebook, Raises Price Target to $260"
2020-04-30,"UBS Maintains Buy on Facebook, Raises Price Target to $242"
2020-04-30,Thursday's Market Minute: Stocks Rally As GDP Plummets
2020-04-30,"Oppenheimer Maintains Outperform on Facebook, Raises Price Target to $240"
2020-04-30,Facebook Expects To Scale Its Headcount To Support Growth Initiatives Related To Coronavirus Pandemic
2020-04-30,"Credit Suisse Maintains Outperform on Facebook, Raises Price Target to $258"
2020-04-30,"Canaccord Genuity Maintains Buy on Facebook, Raises Price Target to $250"
2020-04-30,7 Times Elon Musk Wasn't Afraid To Speak His Mind
2020-04-30,"Benzinga's Top Upgrades, Downgrades For April 30, 2020"
2020-04-30,61 Stocks Moving In Thursday's Mid-Day Session
2020-04-30,"SunTrust Robinson Humphrey Maintains Buy on Facebook, Raises Price Target to $245"
2020-04-30,"UPDATE: Mizuho On Facebook Notes 'In addition, underlying usage was strong, especially for video streaming like FB Live and Watch, and Mobile Messaging, which are strategically positive, supporting our LT thesis for under-monetized assets'"
2020-04-30,"UPDATE: Mizuho Maintains Buy On Facebook, Raises Target To $245 Notes 'The COVID-19 impact was clearly negative for advertising, but trends in April are much better, at flat YoY, than our agency checks at mid-teens decline'"
2020-04-30,"UPDATE: JMP Securities Maintains Market Outperform On Facebook, Raises Target To $250 Believes Co. 'is well positioned to take share of ad budgets during and after COVID-19'"
2020-04-30,"UPDATE: Rosenblatt Maintains Buy On Facebook, Raises Target To $244 Notes 'While staying cautious NT on ecommerce/ad spend trends' Firm Remains 'confident FB will emerge stronger on the other end with more advertising and ecommerce market share'"
2020-04-30,Wall Street Weighs In On Facebook's Big Quarter: Innovation Accelerates Amid Pandemic
2020-04-30,"Guggenheim Maintains Buy on Facebook, Raises Price Target to $245"
2020-04-30,"Apple And Amazon Up To Bat this Afternoon As Investors Ponder Microsoft, Facebook Results"
2020-05-01,72 Biggest Movers From Yesterday
2020-05-01,Andreessen Horowitz Creates Second Cryptocurrency Fund With $515M Investment
2020-05-01,Facebook Shares Tick Lower Amid Report Co. Warned Over Audit Of Advertising Measurement
2020-05-01,"Amazon, Exxon Mobil Earnings Weigh On Market To Start New Month As Caution Steers The Wheel"
2020-05-01,"Warren Buffett Says There's No Bubble In FANG Stocks, But He's Still Not Buying"
2020-05-01,Will Consumers Return To Restaurants After Learning How To Cook At Home?
2020-05-04,"Silver Lake To Invest $748M In India's Jio Platforms, Weeks After Facebook's $5.7B Investment"
2020-05-04,"Server Orders to be Strong in H2 Due to Demand from FaceBook, Microsoft"
2020-05-05,3 ETFs For Disney Earnings
2020-05-05,US Investors Forced Out Of Telegram Cryptocurrency Project Due To Regulatory Hurdles
2020-05-06,A Recap Of Social Media Earnings
2020-05-06,"A Low-Cost, FAAMNG-Heavy ETF For May"
2020-05-07,Crisis Email Marketing For Small Businesses During Coronavirus - Useful Tools And Best Practices
2020-05-07,"Facebook's Oversight Board Members Include Nobel Laureate, Former Denmark PM"
2020-05-07,Facebook Will Allow Most Employees To Work From Home Through End Of 2020
2020-05-07,'Cramer: Coronavirus could propel plant-based Beyond Meat into a giant like Amazon or Facebook' -CNBC Article
2020-05-08,"Vista Equity Invests $1.5B In India's Jio Platforms, Joining Facebook, Silver Lake As Stakeholders"
2020-05-08,Google Employees To Work From Home Through 2020 With Few Exceptions
2020-05-08,"Along With Dramatic Jobs Data, Investors Scrutinize Recent Earnings From Uber, Square"
2020-05-12,"Twitter To Remove Coronavirus Misinformation, Including That Tweeted By Trump"
2020-05-12,"Caution Ahead: Biggest Blue-Chips Seek Change, Innovation Post-COVID-19"
2020-05-13,Facebook To Pay $52M In Settlement With Content Moderators Who Suffered Mental Injuries
2020-05-13,Twitter Will Allow Employees To Work From Home For As Long As They Want
2020-05-13,A Peek Into The Markets: US Stock Futures Up Ahead Of Fed's Powell Speech
2020-05-13,"Facebook Removed 9.6M Posts For Hate Speech In Q1, Warns Of Coronavirus Impact On Content Moderation"
2020-05-13,Apple Plans To Bring Employees Back To Office Even As Tech Peers Hold Off
2020-05-14,TikTok Has Taken Over: Here Are The Big Money Players Behind The Social Media App
2020-05-14,'Facebook's social Zoom competitor Messenger Rooms goes live globally' -Tech Crunch
2020-05-14,Amazon Calls For Federal Law Against Price Gouging During National Crises
2020-05-15,"Hedge Fund Duquesne 13F Shows Increased Stakes In Facebook, Alibaba, Netflix, Amazon, Google, Alnylman"
2020-05-15,3 ETFs With Big-Time Shopify Exposure
2020-05-15,"Q1 13F Roundup: How Buffett, Einhorn, Ackman And Others Adjusted Their Portfolios"
2020-05-15,Quick Retreat: Impressive Thursday Turnaround Halted in Its Tracks Amid Fresh Trade Tiff
2020-05-15,'SCOOP: Facebook to buy Giphy for $400 million' - Axios
2020-05-15,13F From Appaloosa Shows Cut Stake In Facebook From 2.825M Shares To 2.413M Shares
2020-05-15,Singapore State Investor Temasek Joins Facebook's Libra Cryptocurrency Project
2020-05-15,Zoom Rival Facebook's Messenger Rooms Goes Live Worldwide
2020-05-15,Apple Confirms Acquisition Of Virtual Reality Startup NextVR
2020-05-18,Study: More Harassment Seen In LGBT Online Dating
2020-05-18,Why Boeing's Stock Is Trading Higher Today
2020-05-18,Facebook shares are trading higher amid general stock market strength and after Saudi Arabia's sovereign wealth fund acquired approximately $500M of Facebook shares.
2020-05-18,A Peek Into The Markets: US Stock Futures Up; Dow Futures Surge Over 300 Points
2020-05-18,"Facebook Acquires Giphy, Reportedly For $400M"
2020-05-18,"5 Stocks To Watch For May 18, 2020"
2020-05-18,"General Atlantic To Invest $871M In India's Jio Platform, Joining Facebook, Vista, Silver Lake As Stakeholders"
2020-05-18,"Saudi Arabia On A Pandemic Bargain Hunt, Buys Shares in Facebook, Disney, Boeing, Others"
2020-05-19,Facebook Launches New Commerce Product Called 'Shops
2020-05-19,UPDATE: Facebook's New 'Shop' Feature To Be 'Powered By Shopify'
2020-05-19,What We Know About Facebook Shops
2020-05-20,Facebook Plans To Resume Work In Office In July At 25% Capacity And Safety Measures In Place
2020-05-20,"'Philippines proposes tax on Netflix, Facebook ads, Lazada purchases amid coronavirus pandemic' -SCMB Report"
2020-05-20,Stocks That Hit 52-Week Highs On Wednesday
2020-05-20,Facebook shares are trading higher on continued strength after the company announced the launch of its Facebook Shops e-commerce platform.
2020-05-20,Facebook's New Shopping Feature Lifts Stock To All-Time Highs
2020-05-21,"Shopify To Offer Merchant Accounts, Announces Payment Support For Installment Plans"
2020-05-21,Mastercard Employees Can Work From Home Until Pandemic Is Under Control
2020-05-21,"Mark Zuckerberg Says Electoral Interference Is Like 'Arms Race,' Admits Facebook Wasn't Prepared For 2016 Election"
2020-05-21,"UPDATE: Shopify COO Discussing Partnership With Facebook; Shares Indicated Higher On Very Light Volume, Not Seeing Last Trade Recently"
2020-05-21,Climate Change: Up And Down Pattern Continues As Week Advances And Powell Awaited
2020-05-21,"Stifel Maintains Buy on Facebook, Raises Price Target to $260"
2020-05-21,A Look Into Facebook's Price Over Earnings
2020-05-21,Stocks That Hit 52-Week Highs On Thursday
2020-05-21,3 Ways Small Businesses Can Get Emergency Help Right Now
2020-05-21,Facebook's Mark Zuckerberg Says Co. Is Aggresively Opening Remote Hiring
2020-05-21,"Facebook Expects Eventually About Half Of Employees Will Work From Home, Zuckerberg Says"
2020-05-21,"Facebook To Shift Toward Substantially Remote Workforce Over The Next Decade, Zuckerberg Says"
2020-05-21,"Facebook's Zuckerberg Says Co. To Build 3 Hubs In Atlanta, Dallas, Denver"
2020-05-21,COVID-19 Has Dimmed The Magic Of e-Commerce
2020-05-21,"Sheryl Sandberg Announces $20M Facebook Donation for Women, Minority And Veteran-Owned Businesses"
2020-05-22,"Facebook To Expand Remote Working, Looking For Talent In New Locations"
2020-05-22,"Facebook ""is giving U.S. staffers who are approved to work remotely until Jan. 1, 2021 to update the company on where they plan to base themselves, at which point their salaries will be adjusted to reflect the local cost of living."" -Reuters Report"
2020-05-22,The Secret to Tech's Resilience to COVID-19- Infrastructure Expansion
2020-05-22,"KKR To Invest $1.5B In India's Jio Platforms, Joins Facebook, Three Other US Firms As Stakeholders"
2020-05-26,Facebook's Internal Research Showed Its Algorithms Were Causing Increased Polarization Among Users; Facebook Explored Changes To Address The Problem But Largely Abandoned The Effort
2020-05-26,Stocks That Hit 52-Week Highs On Tuesday
2020-05-26,"'FAANG Stocks Are Strong Once Again,' Facebook, Amazon, Netflix Hit Record Highs Last Week"
2020-05-27,"Trump Gets Mad Over Fact Check Warning On Twitter, Claims Election Interference"
2020-05-27,Facebook Ignored Internal Research Showing It Encourages Polarization And Extreme Views
2020-05-27,"Trump On Twitter Says 'Republicans feel that Social Media Platforms totally silence conservatives voices. We will strongly regulate, or close them down, before we can ever allow this to happen.'"
2020-05-27,Same Old Leadership Song Lifts These Leveraged ETFs
2020-05-27,Facebook Rebrands Cryptocurrency Wallet Subsidiary Calibra
2020-05-27,"Twitter, Facebook Win Appeal On Alleged Anti-Conservative Bias"
2020-05-27,"Shares of several social media companies are trading lower after US President Trump said he may 'strongly regulate' or close them down due to political bias. Weakness also potentially related to US business reopenings, which has been a negative catalyst for virtual communication stocks."
2020-05-27,White House Says President Trump Will Sign an Executive Order on Social Media Companies
2020-05-28,"Barr Says Executive Order Does Not Repeal Section 230 Of Communications Law; Trump Says Administration May Seek To Remove, Change Section 230 In Legislation"
2020-05-28,"Trump Says He Expects Legal Challenges To Executive Order, But Assumes Administration Will Do Well In Them"
2020-05-28,White House Says Trump Signs Executive Order On Social Media
2020-05-28,U.S. AG Barr Says Trump Administration Is Preparing Legislative Proposal On Social Media Companies
2020-05-28,"Trump Says He Is Directing Attorney General To Cooperate With States To Enforce Their Own Laws Against Social Media Companies, Says Companies Are Tantamount To A Monopoly, Says He Will Pursue Legislation In Addition To His Executive Order"
2020-05-28,Facebook CEO Mark Zuckerberg To Appear On CNBC Thursday At 6:00 a.m. ET
2020-05-28,"Trump To Sign Executive Order On Social Media Today, Day After Twitter Spat"
2020-05-28,"Facebook Shares At Pre-Market Low, Down 1.8%, As CEO Mark Zuckerberg Begins Interview On CNBC"
2020-05-28,Facebook's Zuckerberg Sees Travel As Having Ongoing Issues For 'Some Time'
2020-05-28,"Tech Companies Aren't 'State Actors,' Judge Dismisses Conservative Bias Lawsuit Against Facebook, Twitter, Google, Apple"
2020-05-28,'This will be a Big Day for Social Media and FAIRNESS!' -Trump Tweet
2020-05-28,Costco Earnings On Tap After Close As Investors Mull Strong Toll Brothers Results
2020-05-28,Trump's Executive Order To Expose Social Media To Lawsuits Over Content Policies
2020-05-28,"Tigress Financial's Ivan Feinseth Says Doesn't Think Trump's Social Media Order Will Come To Fruition, Notes Stocks 'Pretty Much Are Ignoring It'"
2020-05-28,Facebook Posts Blog Post Titled 'Verifying the Identity of People Behind High-Reach Profiles'
2020-05-28,Trump Says Executive Order On Social Media Companies Will Mean They No Longer Have A Liability Shield
2020-05-28,"UPDATE: Facebook Says 'Moving forward, we will verify the identity of people who have a pattern of inauthentic behavior on Facebook...We want people to feel confident that they understand who's behind the content they're seeing'"
2020-05-28,"'Executive order on social media should be issued by 5pm today, says @PressSec.' -Tweet From Voice Of America's Steve Herman"
2020-05-28,"Facebook's Zuckerberg Notes Facebook Has Different Policies Than Twitter, Says Its Not Right To Do Fact Checks For Politicians"
2020-05-28,Zuckerberg Says Facebook Policies Allow For Stronger Free Expression
2020-05-28,"Zuckerberg Says Company Will Have To Watch Hong Kong Situation Closely, Hopes Will Be Able To Continue Services There Long-Term"
2020-05-28,"Trump Says Will Host Press Event In ~20 Mins, Would Indicate Around 3:40 p.m. EDT"
2020-05-28,"Facebook CEO Mark Zuckerberg Talks Working From Home, Fact-Checking Trump"
2020-05-28,"Trump Says Choices Twitter Makes When It Chooses To Edit And Blacklist Are Editorial Positions, Says What Twitter Chooses TO Fact Check Or Ignore Is Nothing More Than Political Activism"
2020-05-29,"Costco Shares Come Under Pressure Despite Strong Earnings, Same-Store Sales"
2020-05-29,"'Facebook takes on Twitter with Venue, a 'second screen' companion for live events' -Techcrunch"
2020-05-29,Trump Signs Executive Order To End Social Media Legal Immunity For Third-Party Content
2020-06-01,The 'Real' S&P 500 And Why The Current Rally Makes Sense
2020-06-01,Trump Had A 'Productive' Call With Facebook CEO Day After He Signed Executive Order Targeting Social Media: Report
2020-06-01,"Apple Pays Hacker From India $100,000 For Discovering Serious 'Sign In With Apple' Vulnerability"
2020-06-01,How Social Media Stocks Fared During The Pandemic
2020-06-01,'Facebook Employees Stage Virtual Walkout to Protest Trump Posts' -Breaking New York Times Report
2020-06-02,'the Stock Market Doesn't Care About Social Justice': Jim Cramer - markets.businessinsider.com
2020-06-02,Facebook Stockholders Shouldn’t Be Scared By Section 230 Talk - InvestorPlace
2020-06-02,Comorbidities of epilepsy in low and middle-income countries: systematic review and meta-analysis - Nature
2020-06-02,"Facebook Employees Stage Virtual Walkout, Ask Trump's Posts Be Policed"
2020-06-02,MoneyGram Shares Jump 50% As Western Union Reportedly Looks For Acquisition
2020-06-02,4 Blue Chips That Lived Up To Their Title During the Pandemic
2020-06-02,"How Cameo, Facebook And Peloton Are Embracing Coronavirus Disruption"
2020-06-02,"Trump, Instagram Influencers Use Protests Against Police Brutality As Photo Ops"
2020-06-03,Zuckerberg Tells Facebook Employees He's Not Going To Moderate Trump
2020-06-03,"Facebook, PayPal Join Google As Investors In Indonesian Tech Giant GoJek"
2020-06-03,"Stocks Keep Rallying Even During Protests Because 'Nobody Is Investing To Make The World A Better Place,' Analysts Say"
2020-06-04,COVID-19 Has Catapulted Zoom Into A Powerhouse
2020-06-04,FAANG Stocks Seem Immune To COVID-19
2020-06-04,What To Make Of Snapchat's Decision To Stop Promoting Trump
2020-06-04,Facebook To Block Ads From State Controlled Media Outlets In U.S. This Summer
2020-06-05,Shopify COO To Cramer: 'Tech Industry Can Come Together'
2020-06-05,Facebook Will Not Run Ads From State-Controlled Media In US
2020-06-08,"Facebook-Backed Jio Platforms Gets $750M From Abu Dhabi Sovereign Fund As It Looks To Challenge Amazon, Walmart In India"
2020-06-08,Scientists Funded By Chan Zuckerberg Foundation Want Facebook To Clamp Down On Misinformation And Incendiary Speech
2020-06-09,Afternoon Market Stats in 5 Minutes
2020-06-09,Facebook shares are trading higher despite market weakness. Not currently seeing company-specific news.
2020-06-09,"IRS Alerts Against Criminals Profiteering From Fake Coronavirus Treatments, Charities, Phishing, Other Financial Fraud"
2020-06-09,Morning Market Stats in 5 Minutes
2020-06-10,"Facebook, Snap Analyst Projects Q2 Revenue Upside For Social Media Stocks"
2020-06-10,Tech Stocks And FAANGS Strong Again To Start Day As Market Awaits Fed
2020-06-10,Big Tech Reaches New Record Heights At The Stock Market
2020-06-10,"Twitter, Square Will Mark Juneteenth As Holiday To Honor African-American Culture"
2020-06-10,As Expected: Fed Keeps Rates Unchanged and Forecasts Years Of Dovish Policy
2020-06-10,“I have worked hard – I deserve to be paid” Exploitation on Qatar World Cup stadium - Amnesty International
2020-06-11,10 Best IT Stocks to Buy Now - Stock Investor
2020-06-11,Qatar World Cup stadium workers struggle to secure salaries - Arab News
2020-06-11,"""I worked hard - I deserve to be paid"" - Amnesty International"
2020-06-12,Qatar World Cup builder suspended over unpaid wages - Global Construction Review
2020-06-14,Firm banned from Qatar World Cup projects after unpaid salaries - Al Jazeera
2020-06-15,"WhatsApp finally launches payments, starting in Brazil - TechCrunch"
2020-06-15,Bringing Payments to WhatsApp Users in Brazil - meta.com
2020-06-15,"Stockwell, the AI-vending machine startup formerly known as Bodega, is shutting down July 1 - TechCrunch"
2020-06-15,Snap's Taking Another Step Toward Becoming WeChat - The Motley Fool
2020-06-16,Is It Too Late to Buy Zoom Video Communications Stock? - The Motley Fool
2020-06-18,Jim Cramer: 10 bull markets on Wall Street and the stocks leading the way - CNBC
2020-06-19,Why Is Warren Buffett Getting Crushed by the Pandemic? - The Motley Fool
2020-06-20,Facebook Buys Swedish Mapping App - The Motley Fool
2020-06-22,"Why Facebook, Amazon, Apple and other highfliers now look a lot like the ‘Nifty Fifty’ bubble stocks of the 1970s - MarketWatch"
2020-06-27,Mark Zuckerberg has $7 billion wiped off his fortune as Coca-Cola halts all social-media advertising for 30 days - Business Insider
2020-06-29,Facebook Stock Under Pressure as Boycott Calls Gather Strength - Investopedia
2020-06-30,Can the Tech Giants Successfully Copy TikTok? - The Motley Fool
2020-07-02,The Nifty Fifty and the Old Normal - A Wealth of Common Sense
2020-07-07,All the Companies Quitting Facebook (Published 2020) - The New York Times
2020-07-08,"Teal, with $5 million in funding, looks to help people land a job - TechCrunch"
2020-07-09,Alibaba tops Facebook as the world’s sixth-biggest company by value - South China Morning Post
2020-07-14,Citigroup Trading Revenue Boosts Q2 Results - PYMNTS.com
2020-07-15,Facebook 2020 Diversity Report: Advancing Opportunity for All - meta.com
2020-07-16,3 Ways to Invest in Virtual and Augmented Reality - The Motley Fool
2020-07-21,Amazon's corporate office diversity remains largely a mystery while other big tech discloses data - The Business Journals
2020-07-21,Facebook Chases Tiktok (Again) With a New Instagram Feature - The Motley Fool
2020-07-21,Big Tech Abuse Tracker - American Economic Liberties Project
2020-07-22,"T. Rowe Price's best, worst U.S. stock funds in chaotic first half of 2020 - The Business Journals"
2020-07-22,Facebook Messenger now features its own lock - IT Pro
2020-07-28,How to Buy Every Stock in the S&P 500 at Penny-Stock Prices - The Motley Fool
2020-07-30,Apple Announces 4-for-1 Stock Split - The Motley Fool
2020-07-30,Facebook Reports Second Quarter 2020 Results - Meta Investor Relations
2020-07-30,"Facebook shrugs off the pandemic to beat expectations for revenue, profits, and user growth, sending stock jumping 8% - Business Insider"
2020-08-01,Here's What Happened in the Stock Market in July -- and What to Watch in August - The Motley Fool
2020-08-03,Better Buy: Alphabet vs. Amazon - The Motley Fool
2020-08-04,Facebook Is Hated. Its Stock Is Unstoppable. How to Play It With Options. - Barron's
2020-08-05,This Is Why Arista Networks Stock Fell Today - The Motley Fool
2020-08-05,"Stocks rise for a fifth straight day led by tech, Nasdaq closes above 11,000 for the first time - CNBC"
2020-08-06,Facebook CEO Mark Zuckerberg's net worth just ballooned above $100 billion for the first time ever - Business Insider
2020-08-06,Why a TikTok Deal Shouldn't Scare Snap Investors - The Motley Fool
2020-08-06,Is Apple No. 1? This Chart Shows How All 5 Big Tech Stocks Compare - Investor's Business Daily
2020-08-07,Facebook banned stereotypes of Jewish global domination. Has the move satisfied Jewish groups? - The Forward
2020-08-11,"The Ultimate Singaporean Guide to Investing in FAANG Stocks (Facebook, Amazon, Apple, Netflix, and Google) - Seedly"
2020-08-11,7 Top Tech Stocks Bank of America Recommends - U.S. News Money
2020-08-13,"No, Pick n Pay Liquor not selling alcohol from 15 August - Africa Check"
2020-08-14,Paid Online Events for Small Business Recovery - meta.com
2020-08-17,"Saudi Arabia Wealth Fund Sells Facebook, Disney Stock, Buys US ETFs - markets.businessinsider.com"
2020-08-19,3 Great Reasons to Buy Pinterest Stock - The Motley Fool
2020-08-20,Rising stock market would be in the red without a handful of familiar names - The Washington Post
2020-08-21,"High Tide to Combine with Meta Growth, Creating the Largest Cannabis Retailer in Canada - Newswire Canada"
2020-08-22,"High Tide to acquire Meta Growth, creating Canada’s biggest pot retailer - High Tide Inc."
2020-08-24,Inner Spirit’s retail franchise model nets first EBITDA profit - Mugglehead Investment Magazine
2020-08-25,2 Robinhood Stocks to Buy and Hold Forever - The Motley Fool
2020-08-25,Big Changes Are Coming to the Dow — Just Not the Right Ones - Barron's
2020-08-26,Facebook could be the next $1 trillion company. Here's how - CNBC
2020-08-26,Is This What's Behind the Unstoppable FAANG Stock Rally? - The Motley Fool
2020-08-28,Facebook Business Model - Business Model Analyst
2020-08-31,Tesla’s Elon Musk passes rival Mark Zuckerberg in net worth - Teslarati
2020-09-01,Brookfield Infrastructure Acquires Indian Telecom Assets From Reliance Jio - The Motley Fool
2020-09-01,H&R Block Announces Fiscal 2021 First Quarter Results - H&R Block
2020-09-02,"Crypto wallet MetaMask finally launches on iOS and Android, and it supports Apple Pay - Mashable"
2020-09-03,The Evolution of Facebook Watch - meta.com
2020-09-09,Travis Scott Debuts Cactus Jack Merchandise in Team-Up With McDonald's - The Motley Fool
2020-09-16,A low-profile investor who bet on Snowflake eight years ago is up more than $12 billion after IPO pop - CNBC
2020-09-16,"S&P 500 Takes a Tech Tumble as GE and Oil Stocks Surge, but Apple, Facebook Overwhelm Winners - The Motley Fool"
2020-09-16,"Facebook Connect: Oculus Quest 2, AAA Gaming Partnerships, and More - meta.com"
2020-09-17,Dow drops 240 points Friday as stocks fall for a third straight week - CNBC
2020-09-18,Increased HIV prevalence in men who buy sex - Aidsmap
2020-09-21,Can A Stock Be Considered Cheaper Even Though Its Price Went Up? - The Smart Investor
2020-09-21,"South Africa’s minimum wage R20 an hour? Not for all workers, and rate reviewed each year - Africa Check"
2020-09-23,Stock Market Warning: 6 Mega Stocks Dominate S&P 500’s $21.4 Trillion Cap - CCN.com
2020-09-23,Is Procter & Gamble Stock a Buy? - The Motley Fool
2020-09-29,"Yes, 50% of South Africans chronically poor, according to UCT income comparison tool - Africa Check"
2020-09-29,"Yes, South Africa’s president cut defence minister’s salary for misuse of air force plane on Zimbabwe trip - Africa Check"
2020-09-29,An Easier Way to Manage Features That Work Across Our Apps - meta.com
2020-09-30,Facebook's billions are backing two tech direct listings on Wednesday: Palantir and Asana - CNBC
2020-10-01,The People Who Benefit the Most Now That Asana Is Publicly Traded - Business Insider
2020-10-01,Is Diversification of Revenue Good for Nonprofit Financial Health? - Nonprofit Quarterly
2020-10-05,"Stock Market Forecast: Expect Turbulence Amid Election 2020, Coronavirus Vaccine Hopes - Investor's Business Daily"
2020-10-07,"South Africa trade unions protest job losses, wage cuts - Al Jazeera"
2020-10-09,U.S. Teens Still Love Snapchat More Than TikTok and Instagram - The Motley Fool
2020-10-11,Where Will Facebook Be in 5 Years? - The Motley Fool
2020-10-12,"S&P 500 Gains 57 Points Ahead of Earnings, Huge Apple and Amazon Events, Ford Stock Gets an Upgrade - The Motley Fool"
2020-10-12,Master the Meta: Why Genshin Impact is far more important than you think - Pocket Gamer.biz
2020-10-12,Here's Why WiMi Hologram Cloud Stock Came Roaring Back to Life on Monday - The Motley Fool
2020-10-20,Markets Rise Despite Google Antitrust Suit - Investopedia
2020-10-27,Why PayPal's Bitcoin Support Is a Big Deal - The Motley Fool
2020-10-28,Facebook Has Officially Taken Over Oculus - The Motley Fool
2020-10-31,3 Stocks Robinhood Investors Should Buy Hand Over Fist - The Motley Fool
2020-11-05,"Playrix: You may not know this billion-dollar gaming company, but you know their ads - OMR"
2020-11-07,Is Facebook Stock a Buy? - The Motley Fool
2020-11-09,Master the Meta: How to win beyond console - the 6 paths to mobile - Pocket Gamer.biz
2020-11-10,CMU Helps Provide Free Wi-Fi to Area Students - News - Carnegie Mellon University
2020-11-17,Elon Musk now richer than Mark Zuckerberg as Tesla shares keep surging - New York Post
2020-11-17,Elon Musk is officially richer than Mark Zuckerberg after Tesla's addition to the S&P 500 sent its stock price soaring - Business Insider
2020-11-18,3 Stocks to Invest in Virtual/Augmented Reality - The Motley Fool
2020-11-19,Snapchat Wants to Blow Your Mind With Augmented Reality - The Motley Fool
2020-12-01,"Is MeWe Stock Public in 2026? Price, Symbol & Alternatives - Bullish Bears"
2020-12-03,SuperCell: Reaching new heights for wider connectivity - Engineering at Meta Blog
2020-12-07,How Has Zoom Video Communications Stock Done Since the Beginning of 2020? - The Motley Fool
2020-12-09,Facebook Invests $150 Million in Affordable Housing for the Bay Area - meta.com
2020-12-10,Watch Airbnb CEO ‘Very Humbled’ by Stock’s Indicated Opening Price - Bloomberg.com
2020-12-11,Digital Ad Spending Poised for Exceptional Growth - Morningstar
2020-12-14,Instagram Just Beat TikTok to the Punch With This Update - The Motley Fool
2020-12-15,Court orders former Co-op Bank CEO to refund untaxed pay - Business Daily
2020-12-15,"Facebook Is Launching Its Own Version Of Cameo, OnlyFans: Report - Yahoo Finance"
2020-12-16,Speaking Up for Small Businesses - meta.com
2020-12-18,Elon Musk Has Made Millionaires Out of His Most Loyal Fans - Bloomberg.com
2020-12-23,"How Has Apple Soared Nearly 70% This Year, But Still Only Costs $1? - The Motley Fool"
2020-12-24,"Stella Tennant: Stella McCartney, Naomi Campbell and more pay tribute - BBC"
2020-12-25,Kenyans in UK earn above average incomes - Business Daily
2020-12-26,3 Explosive Growth Stocks to Buy and Hold for the Next 10 Years - The Motley Fool
2020-12-27,Facebook to close Irish holding companies at centre of tax dispute - The Guardian
2020-12-29,Tesla: Soaring share price creates army of 'Teslanaires' - BBC
2020-12-29,Why immigration doesn't reduce wages - by Noah Smith - Noahpinion | Substack
2021-01-04,10 Most Popular Stocks on Nasdaq.com in 2020 - Nasdaq
2021-01-07,How to Trade Apple (AAPL) in the First Half of 2021 - Investopedia
2021-01-08,"Tesla closes day as fifth most valuable U.S. company, passing Facebook - CNBC"
2021-01-09,These 10 Stocks Averaged a Near-Triple in 2020. They All Share This 1 Trait - The Motley Fool
2021-01-09,3 Reasons Why Pinterest Is a Better Advertising Platform Than Twitter - The Motley Fool
2021-01-11,"Is Oculus Rift Stock Public in 2026? Price, Symbol & Alternatives - Bullish Bears"
2021-01-12,Don't Risk Overexposure to These 2 Stock Sectors in 2021 - The Motley Fool
2021-01-16,Like Lemonade? Here Are 3 Small Insurance Tech Stocks to Add to Your Watchlist - The Motley Fool
2021-01-17,"Chick-fil-A Probably Won't Be a SPAC or an IPO, and That's Too Bad - The Motley Fool"
2021-01-18,What's Going on With WhatsApp? - The Motley Fool
2021-01-21,Why Positivity Is Pinterest's Competitive Advantage - The Motley Fool
2021-01-21,Microsoft Earnings: What Happened With MSFT - Investopedia
2021-01-21,Quest 2 Stock Becoming Readily Available Following Holiday Scarcity - Road to VR
2021-01-24,Why Wawa Would Soar if an SPAC Took It Public - The Motley Fool
2021-01-25,GameStop’s Volatile Rally Smashes Wall Street Price Targets - Bloomberg.com
2021-01-26,US Tech Earnings - Earnings Season - FOREX.com
2021-01-26,GameStop Is Just a Game - Bloomberg.com
2021-01-26,Facebook Earnings: What Happened With FB - Investopedia
2021-01-26,Was Tesla Key to ESG Outperformance Last Year? - Morningstar
2021-01-26,Metals and Mining Stocks Gearing up for a Move Higher - Investopedia
2021-01-27,"Build-A-Bear Up Amid Frenzy Over Shorted Stocks, Which It Isn’t - Bloomberg.com"
2021-01-27,Facebook Reports Fourth Quarter and Full Year 2020 Results - Meta Investor Relations
2021-01-28,Reddit Winners Struggle to Hold Onto Gains Amid Broad-Based Rout - Bloomberg.com
2021-01-28,"Robinhood Is the Facebook of Investing. You’re the Data, Not the Customer - inc.com"
2021-01-29,Facebook shuts popular Robinhood Stock Traders group amid GameStop frenzy - The Guardian
2021-01-29,Tread Carefully in a Hot IPO Market - Kiplinger
2021-01-29,How Robinhood – the Facebook of finance – went from hero to zero in 24 hours - The Telegraph
2021-01-29,Facebook Shuts Robinhood Trading Page—But Not Over GameStop 'Stock Frenzy' - Newsweek
2021-02-01,Reddit Market Winners Face a Hard Choice: Sell or ‘Hold the Line’? - Bloomberg.com
2021-02-01,The Game Moves On to Silver - Bloomberg.com
2021-02-02,Forget Day Trading! Buy and Hold These 2 Stocks - The Motley Fool
2021-02-02,"'Beat Saber' Has Sold 4M Copies & 40M Songs, an Estimated $180M Revenue (and Accelerating) - Road to VR"
2021-02-03,Facebook's Mark Zuckerberg is the last founder-CEO in Big Tech as Bezos steps back - CNBC
2021-02-06,Why 2021 Could Be a Breakout Year for Semler Scientific - The Motley Fool
2021-02-09,3 Tips for Millennial Investors in 2021 - U.S. News Money
2021-02-10,Political Content in Feeds - meta.com
2021-02-11,Bumble Starts Trading After Its $2.15 Billion IPO. Should You Buy? - Bloomberg.com
2021-02-15,We Asked Successful Investors: How Do You Find 10-Baggers? - The Motley Fool
2021-02-16,Time to Book Profits on Advanced Micro Devices (AMD) - Investopedia
2021-02-17,Breaking Down the Payment for Order Flow Debate - Andreessen Horowitz
2021-02-17,It’s All Rigged - The Atlantic
2021-02-18,"Facebook knew ad metrics were inflated, but ignored the problem to make more money, lawsuit claims - CNBC"
2021-02-18,S&P 500 falls slightly on Friday to end a losing week - CNBC
2021-02-19,Apple (AAPL) Could Sell Off to $110 - Investopedia
2021-02-22,Nvidia Earnings: What Happened With NVDA - Investopedia
2021-02-24,$15 minimum wage: What the research says about that - The Journalist's Resource
2021-02-28,Better Buy: Square Stock or Every Nasdaq Stock? - The Motley Fool
2021-02-28,Did bots help push GameStop and other ‘meme stocks’? A new report says yes. - Mashable
2021-03-03,"3 Great Ways to Invest Your $1,400 Stimulus Check - The Motley Fool"
2021-03-08,Master the Meta: A first look at AppLovin - Pocket Gamer.biz
2021-03-11,Helping Content Creators Diversify Revenue on Facebook - meta.com
2021-03-12,YouTube creators in India have to pay withholding tax on US earnings - Exchange4Media
2021-03-15,Xiaomi shares rise after US court blocks restrictions - Anadolu Ajansı
2021-03-16,Study shows new real-time method for identifying stock bubbles like GameStop's - Johns Hopkins University
2021-03-17,Where Will BlackBerry Stock Be in 5 Years? - The Motley Fool
2021-03-21,Where Will Vuzix Be in 5 Years? - The Motley Fool
2021-03-21,Buy These 3 Unstoppable Value Stocks in a Market Crash - The Motley Fool
2021-03-23,Average net salary in North Macedonia in January was MKD28 272 - Meta.mk
2021-03-24,Snap Takes Aim at Pinterest With its Latest E-Commerce Acquisition - The Motley Fool
2021-03-28,Better Buy: Facebook vs. Twitter - The Motley Fool
2021-03-30,Here's When the Winklevoss Twins First Discovered Bitcoin - The Motley Fool
2021-03-31,Deliveroo shares tumble on stock market debut - BBC
2021-03-31,Facebook Ad Prices Signal Digital Ad Rebound Is Far From Over - The Information
2021-04-02,Facebook Stock Is a Buy—and Could Gain 20% - Barron's
2021-04-09,Chris Cox earned cash and stock worth $69 million after rejoining Facebook last year - CNBC
2021-04-15,"Lingoda, an on-demand online language school with live instructors and Zoom classrooms, raises $68M - TechCrunch"
2021-04-15,"MetaTrader 5 Overview: Features, Pricing, and More - Benzinga"
2021-04-17,‘Roaring Kitty’ Boosts GameStop (GME) Bet After Exercising Options - Bloomberg.com
2021-04-18,Better Buy: MercadoLibre vs. Facebook - The Motley Fool
2021-04-19,Most Likely to Produce 10X Returns: Facebook vs. Amazon - The Motley Fool
2021-04-26,Google (Alphabet) Q1 2021 Earnings Preview: What to Look For - Investopedia
2021-04-26,n8n raises $12M for its ‘fair code’ approach to low-code workflow automation - TechCrunch
2021-04-28,Facebook Reports First Quarter 2021 Results - Meta Investor Relations
2021-04-28,"Facebook revenue rises 48%, driven by higher-priced ads - CNBC"
2021-04-30,Facebook and Spotify Are Teaming Up: Why This Is Great for Both Companies - The Motley Fool
2021-05-04,More Money Flows Into Stock ETFs So Far This Year Than in All of 2020 - Morningstar
2021-05-04,"Roblox could jump 25% and offers investors exposure to multiple growth 'megatrends,' JP Morgan says - markets.businessinsider.com"
2021-05-05,"SiteMinder expands hotel metasearch, payment offerings - Hotel Management"
2021-05-05,SPH Share Price: Where Next After Transfer of Media Businesses to New Entity? - ig.com
2021-05-06,Facebook Oversight Board Members Get Six-Figure Salaries: Report - Business Insider
2021-05-09,"Stocks fall to start the week as tech stocks drag down market, Nasdaq loses 2.5% - CNBC"
2021-05-09,Dogecoin Is a Classic Pump-and-Dump Scheme: These Stocks Are Much Smarter Buys - The Motley Fool
2021-05-10,Meta - Total Revenue | US Big Tech | Collection - MacroMicro
2021-05-10,Meta - Average Revenue per User by Region | US Big Tech | Collection - MacroMicro
2021-05-10,Master the Meta: Fortnite’s cross-platform strategy - Pocket Gamer.biz
2021-05-10,Microsoft - Total Revenue | US Big Tech | Collection - MacroMicro
2021-05-10,Amazon - Revenue by Business Segment | US Big Tech | Collection - MacroMicro
2021-05-10,Meta - Average Revenue per User | US Big Tech | Collection - MacroMicro
2021-05-10,Alphabet - Revenue by Business Segment | US Big Tech | Collection - MacroMicro
2021-05-10,Apple - Revenue by Region | US Big Tech | Collection - MacroMicro
2021-05-10,Alphabet - Total Revenue | US Big Tech | Collection - MacroMicro
2021-05-11,"Three-story, 42-unit affordable housing complex topped out in East L.A. - Urbanize LA"
2021-05-11,Big Tech - Cloud Business Revenue | US Big Tech | Collection - MacroMicro
2021-05-20,Tech Stocks Roundup: Jim Cramer Says to Buy Salesforce Stock - thestreet.com
2021-05-20,Should You Invest in Oatly Following Its $1.4 Billion IPO? - Bloomberg.com
2021-05-24,Master the Meta: Garena Free Fire publisher Sea’s earnings breakdown - Pocket Gamer.biz
2021-05-26,Opinion: Why it matters to the stock if Facebook is a tech company or a media play - MarketWatch
2021-05-30,Prediction: These Will Be the 10 Largest Stocks by 2035 - The Motley Fool
2021-05-31,Big Tech - Subscription Revenue | US Big Tech | Collection - MacroMicro
2021-06-02,Anti-vaxxers make up to $1.1 billion for social media companies - Coda Story
2021-06-03,Meta - Average Revenue per User by Region - MacroMicro
2021-06-03,Meta - Total Revenue - MacroMicro
2021-06-05,Big Tech Under Fire: G7 Leaders Agree on 15% Minimum Global Tax Rate - The Motley Fool
2021-06-07,AMC Shares Jump as New Meme-Stock Favorite Returns to Form - Bloomberg.com
2021-06-08,Man Group-Oxford Quants Say Their AI Can Predict Stock Moves - Bloomberg.com
2021-06-10,Parental education and inequalities in child mortality: a global systematic review and meta-analysis - The Lancet
2021-06-12,1 Advertising Stock With Huge Upside Potential - The Motley Fool
2021-06-14,Facebook Acquires Virtual Reality Company BigBox VR - Yahoo Finance
2021-06-17,"2021 Lexington city salaries: Search, compare pay for positions, workers - Lexington Herald Leader"
2021-06-17,Best Robotics Stocks and ETFs to Watch in 2021 - ig.com
2021-06-22,"'Big Short' Michael Burry Deletes Twitter, Predicts Epic Market Crash - markets.businessinsider.com"
2021-06-23,3 Companies With Low Debt to Buy in Case Interest Rates Rise - The Motley Fool
2021-06-23,Corsair Gaming Is Just Getting Started - The Motley Fool
2021-06-26,Twitch Stock: How to Invest in Amazon (AMZN) - Bullish Bears
2021-06-27,How Facebook Is Quietly Preparing to Dominate Virtual Reality - The Motley Fool
2021-06-28,Facebook’s VR Business Is Bigger Than You Think. And It Is Masking the Company’s True Profitability. - Barron's
2021-06-28,Facebook closes above $1 trillion market cap for the first time - CNBC
2021-06-28,Facebook (FB) hits $1 trillion market cap for first time in company history - Shacknews
2021-07-01,Is Global-E Online the Next Shopify? - The Motley Fool
2021-07-01,Facebook Reaps $1 Trillion Reward for Grow-At-Any-Cost Culture - Bloomberg.com
2021-07-02,Six Surprise Winners and Losers of Today’s Tech Stock Market - The Information
2021-07-04,"Facebook, Sustained High Growth Centered on E-commerce... Further Increase Expected - 아시아경제"
2021-07-06,Didi Plunges Below IPO Price as China Expands Crackdown - Bloomberg.com
2021-07-14,Investing $1 Billion in Creators - meta.com
2021-07-20,Alphabet (GOOGL) Leads FANG Stocks Ahead of Earnings - Investopedia
2021-07-27,Facebook (FB) Option Traders Ready to 'Like' Earnings - Investopedia
2021-07-28,"Facebook beats earnings expectations, but warns of significant growth slowdown - CNBC"
2021-07-29,Facebook Earnings Beat Expectations. Why Its Stock Is Dropping. - Barron's
2021-07-29,Why Robinhood Stock Fell 8% in Its Trading Debut—and What It Means - Barron's
2021-07-29,FB Stock Down 3% in Pre-market Despite Facebook Beating Expectations in Q2 2021 - Coinspeaker
2021-07-30,Birth weight and adult earnings: a systematic review and meta-analysis - Cambridge University Press & Assessment
2021-08-13,The Metaverse Goes Beyond Facebook. Watch These Stocks. - Barron's
2021-08-16,Will Snap Be Worth More Than Facebook by 2030? - The Motley Fool
2021-08-16,Facebook Market Cap Crosses the $1 Trillion Mark - Revista Merca2.0
2021-08-20,Big Tech Is in a Perilous Moment. The Stocks Are Unstoppable. - Barron's
2021-08-24,Will Facebook Stock Ever Split? (NASDAQ:FB) - Seeking Alpha
2021-08-27,Manchester United’s Ronaldo Reunion Sends Stock Price Higher - Bloomberg.com
2021-09-28,Why Facebook Stock Dropped Again Today - The Motley Fool
2021-09-30,Should You Buy Roblox Stock Right Now? - The Motley Fool
2021-10-04,"1 Unstoppable Stock That Could Turn $200,000 Into $1 Million by 2030 - The Motley Fool"
2021-10-04,Zuckerberg Loses $6 Billion in Hours as Facebook Plunges - Bloomberg.com
2021-10-05,"Tech Stocks Roundup: Facebook Shutdown, Whistleblower Accusations - thestreet.com"
2021-10-06,"Facebook probably lost millions of dollars this week — and the pain might not be over yet, experts say - CNBC"
2021-10-06,META Stock Price | Analyst Target 862.19 & Consensus - eToro
2021-10-06,"Facebook is getting hammered by lawmakers, consumers and even investors - CNBC"
2021-10-07,What Stocks Boast the Strongest Pricing Power to Withstand Inflation? - ai-cio.com
2021-10-25,Mark Zuckerberg says Facebook's future is 'young adults' and the metaverse - Engadget
2021-10-25,What the Facebook Whistleblower Did to the Company's Stock in 6 Weeks - Time Magazine
2021-10-25,Facebook Earnings Profit - Spectrum News
2021-10-26,"Mark Zuckerberg Sets Facebook on Long, Costly Path to Metaverse Reality - WSJ"
2021-10-26,Facebook Earnings Were Mixed. Why the Stock Is Slipping. - Barron's
2021-10-26,How Facebook’s Whistleblower Impacts Business - Fordham Law News
2021-10-28,"Meta shares spike — but it's a Canadian materials company, not the rebranded Facebook - CNBC"
2021-10-28,Confusion or meme play? Meta Materials stock soars after Facebook’s name change. - MarketWatch
2021-10-28,"Stock Market Today: Nasdaq Lifted by Amazon, Apple and … Meta? - Kiplinger"
2021-10-28,"Facebook is now Meta, but critics say same old problems remain - CBC"
2021-10-28,"Facebook Is Changing Its Name To ‘Meta’: “From Now On We’re Going To Be The Metaverse First, Not Facebook First” - Deadline"
2021-10-28,Facebook Changes Name to Meta in Embrace of Virtual Reality - Bloomberg.com
2021-10-28,Facebook changes company name to Meta - CNBC
2021-10-28,Facebook (FB) Rebrands Itself as Meta - Investopedia
2021-10-28,Investing in Facebook (Meta) Stock (META) - Investopedia
2021-10-29,MMAT Stock Surges as Investors Confuse Meta Materials for New Facebook Brand - InvestorPlace
2021-10-29,Meta Platforms shares rise as Facebook rebrands to focus on metaverse - The Hindu
2021-10-29,"Facebook changes its name to Meta, and shares soar — but for a Canadian meme stock, not Zuckerberg's rebrand - markets.businessinsider.com"
2021-10-29,Facebook and Meta: Vice president denies putting profits before safety - BBC
2021-10-30,"Facebook rebrands to Meta, will trade as MVRS. Here’s why end of FAANG and FB is big deal - CNBC TV18"
2021-10-30,"Meta shares jump on name-change news — but it's a Canadian materials company, not Facebook - CBC"
2021-10-30,Do the Facebook papers spell doom for Meta – or is it too big to fail? - The Guardian
2021-11-01,The Metaverse Is Going to Need WiFi. Chip Stocks to Play the Trend. - Barron's
2021-11-01,Did Facebook put Instagram profits ahead of teen safety? - Science News Explores
2021-11-01,"You’ve gotta own Facebook/Meta Platforms, this investor says - Cantech Letter"
2021-11-02,"‘Facebook brought a lot of joy to my face,’ Metta World Peace says of Meta name change - MarketWatch"
2021-11-03,"Facebook Plans to Hire 10,000 New Workers. Time to Invest in the Metaverse? - The Motley Fool"
2021-11-03,Facebook Updates Tools to Boost Subscription Earnings for Creators - Business Insider
2021-11-03,Should You Buy Meta After Its Whistleblower News? - The Motley Fool
2021-11-03,"Meta Platforms Inc. stock rises Wednesday, outperforms market - MarketWatch"
2021-11-04,Meta - Revenue by Business Segment - MacroMicro
2021-11-04,Meta introduces new ways for creators to make money using Facebook Groups - CNBC
2021-11-04,Meta - Revenue Share by Business Segment - MacroMicro
2021-11-05,FAANG is Dead. Long Live MANAMANA - The Motley Fool
2021-11-05,Meta - Revenue by Business Segment | US Big Tech | Collection - MacroMicro
2021-11-05,Facebook’s Profit Engine Is Proving Irresistible for Investors - Bloomberg.com
2021-11-06,Apple’s Stunning $10 Billion Blow To Facebook - Forbes
2021-11-08,AMD Stock Is Surging. Facebook’s Parent Is Using Its Chips. - Barron's
2021-11-08,AMD Rallies After Landing Meta in Latest Server Chip Win - Bloomberg.com
2021-11-09,"Roblox Stock Is Surging Following Earnings. It's Been Building the Metaverse for a Long Time, CFO Says. - Barron's"
2021-11-12,"Facebook is under fire, but it's also undervalued - Morningstar Australia"
2021-11-15,Moving Beyond Meta: Here Are 5 Other US-Listed Stocks Riding on the Metaverse Trend - Seedly
2021-11-15,"Streaming Is Reliable Revenue, So What’s Next for Warner Music and Other Labels? - Billboard"
2021-11-16,Peloton’s Stock Price Surge Makes Sense in Deal Land - Bloomberg.com
2021-11-16,Nvidia's New Multibillion-Dollar Opportunity Could Be a Huge Catalyst - The Motley Fool
2021-11-16,Metaverse: A $50 Billion Revenue Opportunity for Luxury - The Business of Fashion
2021-11-18,Why Roblox Stock Broke to New Highs This Week - The Motley Fool
2021-11-19,How WhatsApp Makes Money For Meta Platforms: 2 Key Ways - Seeking Alpha
2021-11-21,Here's what 14 top executives are saying about the 'metaverse' - Business Insider
2021-11-22,The Smartest Stocks to Buy With $350 Right Now - The Motley Fool
2021-11-24,"If You Had Invested $1,000 in Meta in 2012, This Is How Much You Would Have Today - The Motley Fool"
2021-11-25,Better Metaverse Stock: Meta Platforms or Roblox - The Motley Fool
2021-11-29,Meta Platforms Delays Ticker Swap Two Days Before Effective Date - Bloomberg.com
2021-11-29,Meta Postpones Ticker Symbol Change to Q1 2022 - PR Newswire
2021-11-29,7 Metaverse Stocks With Potential Upside - StocksToTrade
2021-11-29,"How Facebook, Now Meta Platforms, Makes Money - Seeking Alpha"
2021-11-30,Meta Platforms’ Crypto Boss Is Leaving. What It Means for the Stock. - Barron's
2021-12-01,Results of the first meta-analysis on the effect of studying abroad on earnings - joint-research-centre.ec.europa.eu
2021-12-01,"Metaverse may be $800 billion market, next tech platform | Insights | Bloomberg Professional Services - Bloomberg.com"
2021-12-02,Meta Platforms (FB) Stock Slides for Second Consecutive Day Following CMA Decision to Block Giphy Acquisition - Coinspeaker
2021-12-03,Meta Principal Engineer Salary - Comparably
2021-12-03,Nike Poised to Make Metaverse Profits with New Roblox NIKELAND - Yahoo
2021-12-04,"Facebook’s Stock Is On Sale, But the Retail Crowd Isn’t Buying - Bloomberg.com"
2021-12-04,Meta Senior UI/UX Designer Salary - Comparably
2021-12-05,3 Hot Metaverse Stocks to Buy Before 2021 Is Over - The Motley Fool
2021-12-05,Meta Lead Engineer Salary - Comparably
2021-12-06,"Facebook's parent company has laid out a big plan to get users to do more shopping and take on 'frenemy' Shopify, leaked documents show - Business Insider"
2021-12-06,Will Shopify Be a Trillion-Dollar Stock by 2040? - The Motley Fool
2021-12-06,Meta Stock Has Gone Nowhere in Weeks. This Analyst Sees an Opportunity. - Barron's
2021-12-07,Meta Details Several Updates to Its Stars Monetization Feature for Creators - ADWEEK
2021-12-07,Support Creators With Stars Fest on Facebook - meta.com
2021-12-08,Why Meta Platforms Stock Is Up Again Today - The Motley Fool
2021-12-10,"Slowing Big Tech performance a 'telltale sign of things to come,' hedge fund manager says - CNBC"
2021-12-10,This Metaverse Company Is More Than a Pandemic Stock - The Motley Fool
2021-12-10,"Meta Platforms, Inc.: Target Price Consensus and Analysts Recommendations | META | US30303M1027 - marketscreener.com"
2021-12-11,Would You Pay To Be ‘Buried’ in a Metaverse Cemetery? - Rolling Stone
2021-12-13,Members of Congress publicly blast Facebook but quietly invest their savings in the social-media giant - Business Insider
2021-12-14,Mark Zuckerberg Sells Stock Every Day as Billionaires Cash Out - Bloomberg.com
2021-12-14,Facebook Owner Is Involved in $60M Deal Over Meta Trademark Assets - Coinspeaker
2021-12-14,4 Reasons Nintendo Is a Great Metaverse Stock - The Motley Fool
2021-12-15,"Money for Meta: Facebook paying Sioux Falls company $60M for trademark, name - SiouxFalls.Business"
2021-12-17,"Top 10 Metaverse Stocks in META, the World's First Metaverse ETF - The Motley Fool"
2021-12-18,How To Use FB Pay - Shopping The Meta Way! - INQUIRER.net USA
2021-12-22,Next for the metaverse: convincing you it's not just for kids - CNBC
2021-12-24,"Russian court slaps Google, Meta with massive fines - PBS"
2021-12-29,"Apple is doling out bonuses up to $180,000 to retain top employees - Fortune"
2021-12-29,Best cloud computing stocks to buy in 2022 - Invezz
2021-12-30,Meta Senior Software Engineer Salaries in Seattle - Comparably
2022-01-01,Meta Senior Product Manager Salaries in Seattle - Comparably
2022-01-14,Note to FB Zuckerberg: META Stock Ticker Will Soon Be Available - Bloomberg.com
2022-01-20,A systematic review and meta-analysis of the impact of cash transfers on subjective well-being and mental health in low- and middle-income countries - Nature
2022-01-25,Meta Platforms Share Price: what to expect from Q4 results - ig.com
2022-02-01,Can Facebook earnings show it deserves the name Meta? - MarketWatch
2022-02-02,"Meta earnings miss expectations amid Apple privacy changes, stock plummets - Yahoo Finance"
2022-02-02,"Meta spent $10 billion on the metaverse in 2021, dragging down profit. (Published 2022) - The New York Times"
2022-02-02,Meta shares plunge 18 percent as Facebook users stall - Al Jazeera
2022-02-02,Meta Reports Fourth Quarter and Full Year 2021 Results - PR Newswire
2022-02-02,"Stocks tumble as Facebook’s earnings-induced rout halts tech rebound, Nasdaq falls 3.7% - CNBC"
2022-02-02,Meta Stock Falls Over 20% After Metaverse Project Loses Over $10 Billion In 2021 - Forbes
2022-02-02,Facebook says Apple iOS privacy change will result in $10 billion revenue hit this year - CNBC
2022-02-02,Meta shares sink 20% as Facebook loses daily users for the first time - Reuters
2022-02-02,Facebook’s first ever drop in daily users prompts Meta shares to tumble - The Guardian
2022-02-02,Meta Stock Tumbles on Weak Earnings and a Disappointing Outlook - Barron's
2022-02-02,Meta Faces Historic Stock Rout After Facebook Growth Stalled - Bloomberg.com
2022-02-02,Facebook is shrinking for the first time - vox.com
2022-02-02,"Facebook shares plunge more than 20% on weak earnings, big forecast miss - CNBC"
2022-02-02,"Facebook parent Meta misses earnings estimates, stock plunges after hours - Yahoo Finance"
2022-02-03,Meta Stock Price Decline - globaldata.com
2022-02-03,Facebook owner Meta sees biggest ever stock market loss - BBC
2022-02-03,Why the Winners and Losers of Meta’s Bombshell Earnings Will Become Clearer Today. - Barron's
2022-02-03,Meta stock plummets after weak earnings report - CBS News
2022-02-03,Meta Platforms Stock Ends Day in Historic Market Capitalization Plunge - Barron's
2022-02-03,Meta's share price wipe-out shakes world tech stocks - Reuters
2022-02-03,Facebook’s Dismal Outlook—and What It Means for Social Media - Barron's
2022-02-03,Meta Drop Could Hit Stock Funds With $1 Trillion That Bet on Facebook Parent - Bloomberg.com
2022-02-03,Why Facebook parent Meta’s stock is getting crushed - Yahoo Finance
2022-02-03,Stocks tumble amid Facebook's record $237 billion rout - CBS News
2022-02-03,Facebook loses users for the first time in its history - The Washington Post
2022-02-03,"Facebook Parent Loses More Than $230 Billion in Market Value, Biggest U.S. Stock Market Drop in History - Variety"
2022-02-03,"Meta shares plummet after disappointing earnings, user drop - CNET"
2022-02-03,"Facebook Parent Meta’s Stock Plunges, Loses More Than $200 Billion in Value - WSJ"
2022-02-03,Facebook Feels $10 Billion Sting From Apple’s Privacy Push - WSJ
2022-02-03,Biggest one-day drop in history erases a quarter of Meta's value - Australian Broadcasting Corporation
2022-02-03,Meta one day stock crash may rank as worst in market history - Al Jazeera
2022-02-03,Meta Stock Gets Hammered. But Here’s the Argument for Buying the Big Drop. - Barron's
2022-02-03,Facebook (Meta) Q4 2021 Earnings Report Recap - Investopedia
2022-02-03,Facebook stock plummets 26% in its biggest one-day drop ever - CNBC
2022-02-03,Facebook's $232 billion fall sets record for largest one-day value drop in stock market history - CNBC
2022-02-03,"Meta, formerly Facebook, faces historic drop as stock tanks - AP News"
2022-02-03,"A Change by Apple Is Tormenting Internet Companies, Especially Meta (Published 2022) - The New York Times"
2022-02-03,"Meta Erases $251 Billion in Value, Biggest Wipeout in History - Bloomberg.com"
2022-02-04,Facebook suffers $230bn wipeout in biggest one-day US stock plunge - The Guardian
2022-02-04,Meta Extended Its Buybacks Into January—Just Before the Stock Slid - Barron's
2022-02-04,Warren Buffett’s long-term focus pays off again as Berkshire Hathaway passes Meta Platforms in value - CNBC
2022-02-04,Meta rivalry with Apple inflamed as Facebook parent company share price plummets - The Guardian
2022-02-04,"The Rundown: Google, Meta and Amazon are on track to absorb more than 50% of all ad money in 2022 - Digiday"
2022-02-04,Meta Stock Looks Cheap. That’s No Longer a Good Reason to Buy. - Barron's
2022-02-04,"$230 billion? Facebook's stock plunge brings big losses for Mark Zuckerberg, Meta – and maybe you - USA Today"
2022-02-05,Facebook’s faceplant on Wall Street could be just the beginning for some tech stocks - The Washington Post
2022-02-06,Facebook Shifts Focus To Short-Form Video After Stock Plunge - Search Engine Journal
2022-02-06,"Facebook Suffers Biggest Drop in Share Price in History, Losing Over S$300 Billion in Market Value - Yahoo Finance Singapore"
2022-02-06,What Meta's $251 billion market cap rout teaches about investing - Yahoo Finance
2022-02-07,Facebook parent Meta's stock plunge exposes a weakness for the S&P 500 and index-fund investors - MarketWatch
2022-02-08,"Metaverse Stocks to Buy: Three Companies Set to Soar, Expert Says - Business Insider"
2022-02-08,Facebook/Meta Stocks Plummet: Has Facebook Peaked? | BU Today - Boston University
2022-02-08,Why You Should Buy Meta Platforms (FB) Now - Nasdaq
2022-02-09,Facebook Stock: Is It a Good Buy Right Now? - GOBankingRates
2022-02-09,Facebook-parent Meta's stock bounces after chart flashed most oversold reading in a decade - MarketWatch
2022-02-10,"Apple, Meta And The $10 Billion Impact Of Privacy Changes - Forbes"
2022-02-10,Better Buy: Meta Platforms vs. PayPal Holdings - The Motley Fool
2022-02-18,Meta’s Stock-Market Wipeout Is Unmatched in the Megacap Era - Bloomberg.com
2022-02-19,3 Reasons to Buy Meta Platforms Stock -- and Never Sell - The Motley Fool
2022-03-01,Facebook's outgoing CTO is giving up almost $50 million as he moves to a new role - Business Insider
2022-03-07,Will Meta Platforms Be a Trillion-Dollar Stock by 2030? - The Motley Fool
2022-03-09,Meta Platforms Vs. Google: There Is No Wrong Choice Here - Seeking Alpha
2022-03-20,Meta employees look to ditch jobs amid stock crash: ‘Feeling like s–t’ - New York Post
2022-03-21,Where Will Meta Platforms Be in 3 Years? - The Motley Fool
2022-03-31,How to Buy Facebook (Meta) Stock - money.com
2022-04-01,Why Meta Platforms Stock Is a Buy Despite Its Recent Crash - The Motley Fool
2022-04-16,2 Charts That Show Why It's Time to Buy the Dip in Meta Platforms' Stock - The Motley Fool
2022-04-22,Netflix and Facebook have given up most of the last few years' gains since tech's November peak - CNBC
2022-04-27,Facebook parent Meta misses earnings expectations but adds users - Yahoo Finance
2022-04-27,"Meta Stock Surges After Q1 Earnings Beat, Facebook Active User Rebound - thestreet.com"
2022-04-27,Facebook Revenue Slows but User Gains Boost Stock - WSJ
2022-04-27,Meta Shares Soar as Facebook Returns to User Growth - Bloomberg.com
2022-04-27,Meta First-Quarter Earnings Live Blog - thestreet.com
2022-04-27,"Opinion: Facebook earnings were not as bad as feared, but they were still pretty bad - MarketWatch"
2022-04-27,Meta Reports First Quarter 2022 Results - PR Newswire
2022-04-27,Facebook shares spike on better-than-expected quarterly earnings - CNBC
2022-04-28,Facebook (Meta) Q1 2022 Earnings Report Recap - Investopedia
2022-04-28,Meta shares surge nearly 18% after Facebook parent beats earnings estimates - CNBC
2022-04-28,Meta shares surge after Facebook ekes out user growth - Reuters
2022-04-28,"Jim Cramer says he’d buy Facebook after earnings beat, but it’s too soon for ‘a victory lap’ - CNBC"
2022-04-28,Facebook shrugs off fears it's losing users - NPR
2022-04-28,Meta Stock Soars After Earnings. It's Not Just Because of Renewed User Growth. - Barron's
2022-04-28,Meta’s ad sales growth—the slowest in a decade—may hamper its metaverse ambitions - eMarketer
2022-04-28,Meta Platforms Stock: What Is The 2025 Forecast? - Seeking Alpha
2022-04-29,Facebook parent Meta just had its biggest single-day stock gain in nearly 9 years - MarketWatch
2022-05-03,Incredible! Meta Platforms Adds 50 Million Users to its Massive Total - The Motley Fool
2022-05-11,$500 Billion Wiped Off Meta Platforms' Market Value: Should You Buy Now? - The Motley Fool
2022-05-12,Facebook Pay will be renamed Meta Pay soon - TechCrunch
2022-05-16,There’s No Greater Divide Than the Tesla Stock Gap - Bloomberg.com
2022-05-18,"Facebook's IPO 10 years later — new name, same CEO and a familiar problem - CNBC"
2022-05-18,Facebook's Turbulent 10 Years on the Stock Market - Statista
2022-05-31,"Meta, Formerly Known As Facebook, Is Changing Its Stock Symbol Too In Metaverse Rebrand - Deadline"
2022-05-31,JPM says Meta will become Broadcom's next billion-dollar customer - Yahoo Finance
2022-06-01,Better Metaverse Stock: Broadcom vs. Meta Platforms - The Motley Fool
2022-06-01,"Meta Platforms to ditch stock symbol FB, become META on June 9 - The Business Journals"
2022-06-02,Sheryl Sandberg sold $1.7 billion worth of Facebook stock over the last decade - CNBC
2022-06-06,"Meta Platforms poised to become 'value' stock in Russell reshuffling this month, says Jefferies - MarketWatch"
2022-06-08,Facebook Changed Its Name. Now It’s Changing Its Ticker. What It Could Mean for the Stock. - Barron's
2022-06-09,S&P 500: Facebook (Meta's) New Stock Symbol Didn't Fool Anyone - Investor's Business Daily
2022-06-09,"Down 43%, Should Investors Buy the Dip in Meta Platforms? - The Motley Fool"
2022-06-09,Meta Platforms (FB) Changes Ticker to META - Investopedia
2022-06-09,"Technical Analysis of Meta Platforms, Inc. (NASDAQ:META) - TradingView"
2022-06-10,Meta's $10 billion problem: Slowing ad revenue - Fortune
2022-06-16,Is Meta Platforms Inc (META) A Great Value Stock? - The Acquirer's Multiple
2022-06-23,Introducing Meta Pay - meta.com
2022-06-23,Jim Cramer explains why Meta stock is a buy after interview with Mark Zuckerberg - CNBC
2022-06-29,"Meta Has a New Problem. Profit Forecasts Now Look Too High, Says Analyst. - Barron's"
2022-07-04,Is Meta Pay ready for the metaverse? - FXC Intelligence
2022-07-07,Meta Platforms (META) Beta - Zacks.com - Zacks Investment Research
2022-07-07,10 Top Metaverse Stocks to Buy and Invest In - ig.com
2022-07-13,Facebook parent company sees largest one-day market loss in history - WDIO.com
2022-07-14,Prediction: These Growth Stocks Will Be Worth $1 Trillion by 2030 - The Motley Fool
2022-07-25,Music Revenue Sharing: A New Way For Creators to Earn Money Through Facebook Videos - meta.com
2022-07-26,‘Operating With Increased Intensity’: Zuckerberg Leads Meta Into Next Phase (Published 2022) - The New York Times
2022-07-26,Facebook (Meta) Earnings: What to Look For From META - Investopedia
2022-07-27,Meta Stock Slides on Disappointing Results and a Weak Forecast - Barron's
2022-07-27,Facebook's parent company reports a drop in revenue for the first time ever - NPR
2022-07-27,Meta posts first-ever revenue drop as inflation throttles ad sales - Reuters
2022-07-27,Facebook Parent Meta Platforms Reports First Ever Revenue Drop - WSJ
2022-07-27,Meta’s growth comes to screeching halt as company projects first revenue drop - The Guardian
2022-07-27,"Meta reports earnings, revenue miss and forecasts second straight quarter of declining sales - CNBC"
2022-07-27,Meta reports first revenue decline and a 36 percent profit drop. (Published 2022) - The New York Times
2022-07-27,Meta’s virtual reality division reports a jump in revenue but is still losing billions of dollars - Fortune
2022-07-27,Meta Platforms Second-Quarter Earnings Live Blog - thestreet.com
2022-07-27,Options trader makes million-dollar bet against Meta into earnings - CNBC
2022-07-27,"Mark Zuckerberg says economic downturn is here, so Meta must do more with less - CNBC"
2022-07-28,Ohio Selected as Lead Plaintiff in Class-Action Lawsuit Against Facebook - Ohio Attorney General (.gov)
2022-07-28,Meta revenue declines for first time amid complex bid to monetize Reels - Marketing Dive
2022-07-28,"Meta reports first-ever quarterly revenue decline, warns of continued advertising weakness - Campaign US"
2022-07-28,"Meta Stock Tumbles After First-Ever Revenue Decline, Q2 Earnings Miss, $2.8 Billion Reality Labs Loss - thestreet.com"
2022-07-29,Is It Time To Buy META Shares? - Yahoo Finance
2022-07-29,"Meta Plunged from 5th Most Valuable Stock to 11th, behind Visa. In 10 Months, $647 Billion Vanish - Wolf Street"
2022-07-31,What You Need to Know About Meta's Massive Share Repurchases - The Motley Fool
2022-08-06,Prediction: These Will Be the 10 Largest Stocks by 2030 - The Motley Fool
2022-08-08,Facebook Is Still Making Billions as Zuckerberg Hits the Panic Button - Bloomberg.com
2022-08-10,Should You Buy Meta Stock? - U.S. News Money
2022-08-12,"If You Invested $1,000 in Facebook in 2012, This Is How Much You Would Have Today - The Motley Fool"
2022-08-12,Meta's New COO Javier Olivan Has $35 Million in Facebook Stock Grants - Business Insider
2022-08-23,Elon Musk’s Many Korean Fans Have Built a $15 Billion Tesla Stake - Bloomberg.com
2022-08-27,"Down 50% This Year, Is It Time to Buy Meta Stock? - The Globe and Mail"
2022-08-30,Elon Musk’s $251 Billion Fortune Increasingly Hinges on SpaceX - Bloomberg.com
2022-09-08,"Meta Platforms Inc. stock rises Thursday, outperforms market - MarketWatch"
2022-09-09,Why Meta Platforms Stock Flew Higher on Friday - The Motley Fool
2022-09-13,What is the current Price Target and Forecast for FB Financial (FBK) - Zacks Investment Research
2022-09-19,Meta continues its slide following Facebook name change as share price nears pandemic low - TechSpot
2022-09-20,Mark Zuckerberg's fortune sheds $71B as Meta Platforms' stock struggles - Fox Business
2022-09-29,"Meta Announces Hiring Freeze, Restructuring as Zuckerberg Acknowledges Declining Revenue - observer.com"
2022-09-29,Myanmar: Facebook’s systems promoted violence against Rohingya; Meta owes reparations – new report - Amnesty International
2022-09-30,"Facebook scrambles to escape stock's death spiral as users flee, sales drop - CNBC"
2022-10-03,Porsche Shares Drop Below IPO Price Within Days of Making Debut - Bloomberg.com
2022-10-04,Facebook is selling new types of ads on Instagram and Messenger as revenue declines - CNBC
2022-10-05,Meta vs. Google: The Better Advertising Platform for Investors - Yahoo Finance
2022-10-07,Here's Why Meta Platforms Stock Hit a New 52-Week Low Today - The Motley Fool
2022-10-12,META Stock: What to Know as the Meta Quest Pro Debuts - InvestorPlace
2022-10-13,Wall Street Questions Facebook's 'Desperate' Metaverse Push - Business Insider
2022-10-13,Pinterest (NYSE:PINS) Leaves Peers in the Dust With 34% Stock Price Rally - Bloomberg.com
2022-10-20,"Meta, Alphabet, Pinterest shares shudder on Snap warning - Reuters"
2022-10-24,The Future of Meta - eMarketer
2022-10-25,Facebook (Meta) Likely Faced Weak Advertising Demand - Investopedia
2022-10-25,Will Meta and Twitter settle the debate over founder power? - qz.com
2022-10-26,Meta shares plummet on weak fourth-quarter forecast and earnings miss - CNBC
2022-10-26,"Meta Makes Huge Mess Afterhours, Enters my “Imploded Stocks,” after Tech & Social-Media Already Messed up the Day - Wolf Street"
2022-10-26,Meta’s Profit Slides by More Than 50 Percent as Challenges Mount (Published 2022) - The New York Times
2022-10-26,"Meta Continues Slide in Q3 2022 Amid Calls for Cuts in Headcount, Metaverse Investments - ADWEEK"
2022-10-26,Facebook Parent Meta's Earnings Fall Short as Advertising Fizzles - CNET
2022-10-26,"Meta needs to focus on real revenue streams, not the Metaverse, says Ritholtz's Josh Brown - CNBC"
2022-10-26,Meta plans to lose even more money building the metaverse while its ads business shrinks - CNBC
2022-10-26,$80bn wiped from value of Facebook and Instagram owner Meta - The Guardian
2022-10-26,Meta’s stock falls 17% as its quarterly profit is cut in half | CNN Business - CNN
2022-10-26,Meta Plummets 25% as Zuckerberg’s Plea for ‘Patience’ Falls Flat - Bloomberg.com
2022-10-26,Alphabet and Microsoft Stocks Sink on Earnings. Alarms Are Ringing for Big Tech. - Barron's
2022-10-27,Meta stock craters over bleak forecast and expensive metaverse bets - Reuters
2022-10-27,Meta Stock Plummets After Weak Earnings. It’s More Bad News for Big Tech. - Barron's
2022-10-27,Metaverse Bet Weighs Heavily on Meta's Profit - Statista
2022-10-27,"Meta (Facebook) Shares Slammed as Earnings, Spending Disappoint - Investopedia"
2022-10-27,Meta: Shares in Facebook owner dive 20% as investors lose faith - BBC
2022-10-27,Meta shares plunge 24% to the lowest price since 2016 - CNBC
2022-10-27,Stock In Focus – TAM Stock Screener – Meta Platforms Inc (META) - The Acquirer's Multiple
2022-10-27,"Amazon Outpaces Snap, Meta, Alphabet in Q3 Ad Revenue - ADWEEK"
2022-10-27,Meta’s $677 Billion Rout Boots It Out of World’s Top 20 Stocks - Bloomberg.com
2022-10-27,Zuck refuses to let his metaverse dream die. Wall Street has finally had enough. - markets.businessinsider.com
2022-10-27,Breakingviews - Zuckerberg motivates supervoting stock resistance - Reuters
2022-10-27,Meta Stock Price Plunges Roughly 20% Amid Mark Zuckerberg’s Metaverse Statement - Tech Times
2022-10-27,Facebook used to be a Big Tech giant — now Meta isn't even in the top 20 most valuable U.S. companies - CNBC
2022-10-27,"Meta Spent $45 Billion on Buybacks at $330 a Share, Stock Is Now $100 - markets.businessinsider.com"
2022-10-27,Meta Stock Downgraded at Morgan Stanley As High Spending Outlook Stuns - markets.businessinsider.com
2022-10-27,"Why is Meta stock tanking? 'The wrong number at the wrong time,' analyst explains - Yahoo Finance"
2022-10-28,Will Zuckerberg’s big metaverse bet kill Meta? - Fortune
2022-10-28,Amazon and Meta stocks have lost roughly $160 billion in market cap after a Big Tech earnings ‘horror show’ - Fortune
2022-10-28,"Meta's value has plunged by $700 billion. Wall Street calls it a ""train wreck."" - CBS News"
2022-10-29,"Meta is losing billions, but people are making real-life money in the metaverse: 'It's been an incredibly positive experience' - CNBC"
2022-10-30,FAANG stock prices start to tumble as the tech bubble begins to burst – Chemicals and the Economy - ICIS
2022-10-31,Bulls on Meta Stock Have One Big Problem: Mark Zuckerberg - Bloomberg.com
2022-10-31,Meta Myths - Stratechery by Ben Thompson
2022-10-31,Why Meta Platforms Stock Crashed (Again) Monday Morning - The Motley Fool
2022-10-31,The Scariest Part of Meta Platforms' Q3 Isn't the Earnings Miss. It's This. - The Motley Fool
2022-11-02,3 Things About Meta Platforms That Smart Investors Know - The Motley Fool
2022-11-02,Meta Investors Learn a Hard Lesson About Super-Voting Shares - The Motley Fool
2022-11-02,Trade life balance: how to buy US stocks before the market opens - Tiger Brokers
2022-11-03,Revenue Of Alphabet And Meta The ‘Digital Duopoly’ Have Been Slipping - Forbes
2022-11-03,Meta’s Meltdown Shows How Big Tech’s Invincible Era Is Over - Bloomberg.com
2022-11-03,Column: Meta and Twitter show the drawbacks of giving self-satisfied billionaires too much power - Los Angeles Times
2022-11-03,Why is Mark Zuckerberg's Metaverse Failing? - Northeastern Global News
2022-11-08,Party City Stock Drops After Sales Outlook Cut for a Third Time - Bloomberg.com
2022-11-08,Will Meta Platforms Be a Trillion-Dollar Stock by 2025? - The Motley Fool
2022-11-09,"Meta shares rise after the Facebook parent lays off over 11,000 employees as it cuts costs - markets.businessinsider.com"
2022-11-09,Does A $750 Billion Decline In Meta’s Market Cap Make Sense? - judicialselection.us
2022-11-09,"Meta laying off more than 11,000 employees: Read Zuckerberg's letter announcing the cuts - CNBC"
2022-11-09,Tesla’s Value Cut in Half in Year Rocked by Musk Stake Sales - Bloomberg.com
2022-11-10,"Meta and Big Tech Are Laying Off Tons of Workers. That’s a Bad Sign for You, Too - Time Magazine"
2022-11-13,"Why PPFAS Mutual Fund continues to hold Alphabet, Microsoft, Amazon and Meta stocks - Mint"
2022-11-15,"A 10,000% Indian Stock Rally Plunges on Shaky Green Claims - Bloomberg.com"
2022-11-22,Abercrombie Soars Most in Two Years After Posting Better-Than-Forecast Sales - Bloomberg.com
2022-11-25,A Week to Remember for Manchester United Investors as Stock Surges 68% - Bloomberg.com
2022-11-28,High-performing hedge fund makers bet on struggling Meta Platforms - Investopedia
2022-11-30,How to trade US stocks during extended hours - Tiger Brokers
2022-12-14,"Meta Platforms Stock (NASDAQ:META): The Good, the Bad, and the Meta-Ugly - TipRanks"
2022-12-16,"With Elon Musk Out of Control, Tesla Needs Adult Supervision - Bloomberg.com"
2022-12-23,Facebook parent Meta agrees to pay $725 million to settle privacy lawsuit - CNBC
2022-12-23,Facebook parent Meta will pay $725M to settle a privacy suit over Cambridge Analytica - NPR
2022-12-25,Stock Market Sell-Off: 3 Stocks to Avoid in 2023 - The Motley Fool
2022-12-29,Meta Platforms Inc. stock outperforms market on strong trading day - MarketWatch
2023-01-01,"This Company's Sales Soared 2,250% in 9 Years, and Now Its Stock Is Cheaper Than Ever - The Motley Fool"
2023-01-05,The Many Forces Fueling Tesla’s $860 Billion Tumble - Bloomberg.com
2023-01-07,Meta Platforms Stock: Top Investment Pick For 2023 (NASDAQ:META) - Seeking Alpha
2023-01-08,Meta Platforms: A Value Opportunity (NASDAQ:META) - Seeking Alpha
2023-01-09,"Meta will be the top-performing mega-cap internet stock in 2023 after sliding 64% last year, says Jefferies - markets.businessinsider.com"
2023-01-11,What Meta employees really think about their company’s brutal year - vox.com
2023-01-13,'Meta-Morphosis': Invest In The Future Of Meta Platforms - Seeking Alpha
2023-01-13,Better Bear Market Buy: Meta Platforms vs. Microsoft - The Motley Fool
2023-01-16,Why Isn't Warren Buffett Buying Meta Platforms (Facebook) Stock Hand Over Fist? - The Motley Fool
2023-01-17,Irish Data Protection Authority gives € 3.97 billion present to Meta. - noyb.eu
2023-01-18,FB Stock Price and Chart — PSE:FB - TradingView
2023-01-20,A Beginner's Guide to Buying Facebook (Meta) Stock - Investopedia
2023-01-26,Buzzfeed stock surges 200% on plans to use OpenAI to write stories - markets.businessinsider.com
2023-01-26,"BuzzFeed soars on reports of Meta deal, plans to use OpenAI - Reuters"
2023-01-27,BuzzFeed stock price skyrockets on news of deals with Meta and ChatGPT creator OpenAI - Fast Company
2023-01-27,"Facebook earnings: Meta's 'darkest days' may be ahead, but some analysts say ad sales still on track - MarketWatch"
2023-01-31,Major Contraction Likely for Meta Platforms' Earnings - Investopedia
2023-02-01,"Meta earnings: Stock spikes after better-than-expected revenue, buyback announcement - Yahoo Finance"
2023-02-01,Meta Reports Fourth Quarter and Full Year 2022 Results - PR Newswire
2023-02-01,Can Meta Platforms' Fastest-Growing Content Format Revitalize its Stock Price? - The Motley Fool
2023-02-01,Meta shares surge nearly 20% as Zuckerberg pledges to make 2023 a ‘year of efficiency’ - CNN
2023-02-01,Facebook-parent Meta announces $40 billion stock buyback - CNBC
2023-02-01,Meta earnings dropped by less than analysts expected - The Guardian
2023-02-01,Meta Platforms Shares Jump on Q4 Results - Investopedia
2023-02-01,"Meta Revenue Falls 4% in Q4 as Facebook Hits 2 Billion Daily Users, Stock Pops 20% - Variety"
2023-02-01,Meta Posts $4.2 Billion Restructuring Charge (Published 2023) - The New York Times
2023-02-01,Meta Reality Labs Earnings Reveal a Less Successful Holiday Season & Highest Operating Costs Yet - Road to VR
2023-02-01,Meta lost $13.7 billion on Reality Labs in 2022 as Zuckerberg's metaverse bet gets pricier - CNBC
2023-02-01,"Meta stock soars following revenue beat, positive outlook - Axios"
2023-02-01,"Snap's earnings may hold positive news for Meta, Google - Reuters"
2023-02-01,Meta's 'Year of Efficiency' was everything Wall Street needed to hear from Zuckerberg - CNBC
2023-02-02,Meta mojo is back as earnings surprise powers Big Tech rally - Reuters
2023-02-02,"Meta’s Stock Spikes After Q4 Report, But Its Results Are A Mixed Bag - AdExchanger"
2023-02-02,Meta stock surges as it cuts costs and launches new buyback - FOREX.com
2023-02-02,"Take profits in Meta after earnings, says Carter Worth - CNBC"
2023-02-02,"Meta blames weak advertising demand, rivals for Q4 2022 revenue decline - Search Engine Land"
2023-02-02,"Meta earnings: Stock spikes after better-than-expected revenue, buyback announcement - Moomoo"
2023-02-02,Is Meta Actually Making a Comeback? - Gizmodo
2023-02-02,Meta shares soar lifting Zuckerberg's net worth - Fox Business
2023-02-02,Investors Cheer Meta’s Slimmed-Down Ambitions (Published 2023) - The New York Times
2023-02-02,Meta's Zuckerberg Suggests More Layoffs Are Coming. The Stock is Soaring. - Barron's
2023-02-02,Meta share price surges after announcement of cost cuts and share buyback - ig.com
2023-02-02,Meta stock value soars 23% due to stock buybacks and cost cuts - EL PAÍS English
2023-02-03,How to buy Meta Shares From The UK (Previously Facebook) - Good Money Guide
2023-02-03,3 Reasons Why Meta’s Stock Price Doubled From its Low - Yahoo Finance Singapore
2023-02-03,Meta and Zuckerberg changed the Facebook narrative this week - MarketWatch
2023-02-03,Tech giants are pivoting to a 'Year of Efficiency' - Fortune
2023-02-07,"Despite Doubling, Meta Platforms Stock Is Still Undervalued - Seeking Alpha"
2023-02-08,Meta Stock: This Is A Game Changer (NASDAQ:META) - Seeking Alpha
2023-02-08,Meta Platforms Full Year 2022 Earnings: EPS Misses Expectations - Yahoo Finance
2023-02-09,Meta Platforms Announces $40 Billion Share Buyback - Buyback Wednesdays (NASDAQ:META) - Seeking Alpha
2023-02-10,This Facebook executive’s $4 million stock sale could be another sign of Meta’s rebound - MarketWatch
2023-02-11,Meta (META) Stock Forecast & Price Prediction 2026–2030 - CoinCodex
2023-02-13,"Meta Platforms Inc. stock rises Monday, outperforms market - MarketWatch"
2023-02-14,Buffett’s Quick $3.7 Billion Sale of TSMC Stock Spooks Investors - Bloomberg.com
2023-02-15,Leaked memo: Meta executive warns employees they’re still “at the whim of Apple” - vox.com
2023-02-19,Why Meta Platforms' Profits Could Surge This Year - The Motley Fool
2023-02-20,"Instagram and Facebook launch new paid verification service, Meta Verified - NPR"
2023-02-21,Meta Stock Is Up on Hope for Facebook Verification Program - Barron's
2023-02-21,"Buy Meta stock as Mark Zuckerberg takes a page from Elon Musk's playbook, Bank of America says - markets.businessinsider.com"
2023-03-01,Tesla’s $310 Billion Surge Sets High Bar for Elon Musk’s Master Plan - Bloomberg.com
2023-03-02,"Meta Platforms Inc. stock rises Thursday, still underperforms market - MarketWatch"
2023-03-08,Middle East Unicorn Swvl’s Spectacular Rise and 99% Stock Tumble - Bloomberg.com
2023-03-09,The Property Firm Fighting for Survival After 97% Stock Plunge - Bloomberg.com
2023-03-17,Meta Platforms Inc. stock underperforms Friday when compared to competitors - MarketWatch
2023-03-20,Meta Stock Snagged a Buy Rating. Here's Why. - Barron's
2023-03-20,Meta Platforms (META) Declined 66% in 2022 - Yahoo Finance
2023-03-23,Amazon’s Pricey Stock Is Getting Harder to Justify - Bloomberg.com
2023-03-30,Meta Platforms Stock Rises. This Analyst Sees 21% Upside. - Barron's
2023-04-05,Meta Platforms Stock: Time to Sell? - The Motley Fool
2023-04-10,Is Meta Stock Still a Buy After Its Big Rally? - Morningstar
2023-04-11,Don't Expect Big Revenue Growth From Meta Platforms - The Motley Fool
2023-04-11,Pay Small Businesses in Brazil on WhatsApp - meta.com
2023-04-18,How to Buy Facebook (Meta) Shares in the UK - Fool UK
2023-04-19,Meta begins another round of layoffs as Zuckerberg’s ‘year of efficiency’ continues - NBC News
2023-04-24,FANG Stock's Lists Of Problems Keeps Growing - Investor's Business Daily
2023-04-24,Meta Q1 Earnings Likely Dropped 28% - Investopedia
2023-04-26,Meta Returns to Growth After Struggling With Falling Sales (Published 2023) - The New York Times
2023-04-26,Facebook parent Meta’s shares soar on first sales jump in a year - Al Jazeera
2023-04-26,Meta's Reality Labs records $3.99 billion quarterly loss as Zuckerberg pumps more cash into metaverse - CNBC
2023-04-26,Meta Q1 Sales Up 3% as Social Giant Beats Wall Street Estimates - Variety
2023-04-26,Meta’s Zuckerberg says 'not accurate' he's no longer metaverse crazy but pays more attention to AI - The Block
2023-04-26,"Meta shares pop 12% after company reports first sales increase in four quarters, issues optimistic guidance - CNBC"
2023-04-26,Tesla’s Stock (TSLA) Plunge Drags Valuation Below $500 Billion on Margin Fear - Bloomberg.com
2023-04-26,"Investors should look for Meta's ad revenue in earnings, says 01 Advisors' Fischer - CNBC"
2023-04-27,Facebook owner Meta’s profits exceed expectations - BBC
2023-04-27,U.S. Stocks May See Initial Strength On Upbeat Meta Earnings - RTTNews
2023-04-27,"Meta shares pop 14%, reaching a 52-week high on guidance, sales increase - CNBC"
2023-04-27,"Meta Q1 earnings were a 'tour de force', says Wedgewood's David Rolfe - CNBC"
2023-04-27,Meta Platforms Shares Soar on Earnings Beat - Investopedia
2023-04-28,Meta’s Megamorphosis: How a stock that fell 65% in 2022 recovered 150% in 6 months - CNBC TV18
2023-05-04,"Although Meta’s ad revenue is recovering, retail media may prove its biggest competition - Digiday"
2023-05-09,Expanding Ads on Reels - meta.com
2023-05-09,"Meta Platforms Inc. stock rises Tuesday, outperforms market - MarketWatch"
2023-05-11,It’s a tough time for Meta. Can AI help make the company relevant again? - The Guardian
2023-05-15,Meta Platforms Inc. stock outperforms competitors on strong trading day - MarketWatch
2023-05-26,Tech layoffs ravage the teams that fight online misinformation and hate speech - CNBC
2023-05-30,Opinion: Alphabet stock is a better bet than Meta Platforms to ride the AI wave - MarketWatch
2023-06-01,Meta threatens news ban in California over bill requiring it to share ad revenue - CBS News
2023-06-07,"How Much Would $10,000 Invested in Meta Stock at Its IPO Be Worth Today? - U.S. News Money"
2023-06-07,Opinion: Making Google and Meta pay for news they profit from - Los Angeles Times
2023-06-08,"'The Power of One,' Facebook whistleblower Frances Haugen's memoir - The Washington Post"
2023-06-08,Tesla’s AI Dreams May Already Be Priced Into Stock - Bloomberg.com
2023-06-11,Better Buy: Apple vs. Meta Platforms - The Motley Fool
2023-06-15,US restaurant chain Cava hits $4.7B value as shares double in IPO - Anadolu Ajansı
2023-06-22,Meta Platforms' return to growth index highlights annual Russell refresh - Reuters
2023-06-30,Time to Buy Meta Platforms? Its New AI Strategy Could Silence Skeptics. - The Motley Fool
2023-06-30,Ethics Official Owned Meta Stock While Recommending FTC Chair Recuse Herself From Meta Case - WSJ
2023-07-05,Mark Zuckerberg’s Twitter Killer Is Shockingly Viable. Oh No. - Slate
2023-07-05,META Stock Price Prediction: Why $400-Plus Is Not Out of the Question. - InvestorPlace
2023-07-05,Meta Stock Soars To 18-Month High Ahead Of Instagram Threads Launch - Forbes
2023-07-06,ATI Physical Therapy could lose NYSE listing as stock price tanks - Modern Healthcare
2023-07-06,Threads App Could Add Billions to Meta’s Revenue - Barron's
2023-07-11,Why Meta Platforms Soared 138.5% During the First Half of 2023 - The Motley Fool
2023-07-13,"If You Invested $1,000 in Meta Platforms in 2022, This Is How Much You Would Have Today - The Motley Fool"
2023-07-17,"Mirror, Mirror, on the Wall, Which Is the Cheapest FAANG Stock of Them All? - The Motley Fool"
2023-07-19,A Stock Fund That Can’t Go Down - Bloomberg.com
2023-07-19,Meta Q2 2023 Earnings Preview: Will The Turnaround Continue? (NASDAQ:META) - Seeking Alpha
2023-07-26,Meta Earnings Report: Bargain Valuation Makes for Rare Safety Net - Bloomberg.com
2023-07-26,Meta Reports Higher Quarterly Revenue Amid “Year of Efficiency” - The Hollywood Reporter
2023-07-26,Meta stock heads skyward as ads rebound for Facebook and Instagram’s parent - Fast Company
2023-07-27,Zuckerberg Sees Three AI Categories Driving Meta’s Growth - PYMNTS.com
2023-07-27,"Meta’s stock jumps after AI, ad momentum drive earnings, revenue jump - MarketWatch"
2023-07-27,Ad Revenue Growth Helps Meta Beat Earnings Expectations - Investopedia
2023-07-27,"Facebook parent Meta sees advertising jump, tops Wall Street targets - Reuters"
2023-07-27,Mark Zuckerberg’s Metaverse meltdown: Meta’s Reality Labs has lost $21 billion in roughly 18 months - Fortune
2023-07-27,Mark Zuckerberg’s Wealth Surges by $4.6 Billion as Meta Shares Jump - Bloomberg.com
2023-07-27,"Mark Zuckerberg Is $9 Billion Richer, Lifting Net Worth to $118 Billion - markets.businessinsider.com"
2023-07-27,"Watch Meta CFO: Earnings, Generative AI, Threads - Bloomberg.com"
2023-07-28,Meta’s ad revenue share vastly exceeds its share of consumer time - eMarketer
2023-07-28,"How Google, Meta and Snap’s battle with TikTok in short-form video is playing out - Digiday"
2023-07-28,Meta's strategic efficiency and diversification pay off - eMarketer
2023-07-31,Meta's stock has mounted a steady recovery towards its all-time high - qz.com
2023-08-02,Meta blames ‘display error’ as it slashes creator pay - Fortune
2023-08-02,3 big ad stories from Meta’s earnings report: Reels catches up to TikTok - eMarketer
2023-08-05,FB Financial (NYSE:FBK) Is Paying Out A Larger Dividend Than Last Year - Yahoo Finance
2023-08-07,"For Meta, the big AI play is shoring up its ad business - Axios"
2023-08-08,Use a Surface and Excel for tracking your investments - Microsoft
2023-08-08,Meta Platforms Stock Is a Buy on Solid Earnings and AI Potential - The Motley Fool
2023-08-08,Rivian’s Wounded Shorts Set for Potential Squeeze - Bloomberg.com
2023-08-09,UK Pizza Seller Domino’s Loses Lone Bear as Jefferies Upgrades - Bloomberg.com
2023-08-09,This Company Has a Big Advantage Over Meta Platforms When It Comes to the Metaverse - The Motley Fool
2023-08-11,"Amazon, Meta and Alphabet Were the Big Winners from Tech Earnings. Here’s Why. - Barron's"
2023-08-23,The Scam in the Arena - Newcomer | Substack
2023-08-24,"Rolls-Royce (LON:RR) Stock Price Could Triple in Best Case, UBS Says - Bloomberg.com"
2023-08-25,Myanmar: Time for Meta to pay reparations to Rohingya for role in ethnic cleansing - Amnesty International
2023-08-25,LDS Church sees its billions grow even as it dumps stocks worth millions - The Salt Lake Tribune
2023-08-29,VinFast Shares Lose $83 Billion as World-Beating Surge Reverses - Bloomberg.com
2023-08-30,"Meta Platforms Inc. stock falls Wednesday, underperforms market - MarketWatch"
2023-08-31,What is the Facebook metaverse? Everything you need to know - Business Insider
2023-09-01,Meta May Allow Instagram and Facebook Users in Europe to Pay to Avoid Ads (Published 2023) - The New York Times
2023-09-07,Meta Platforms (META): An In-Depth Analysis of Its Fair Market Value - Yahoo Finance
2023-09-12,Birkenstock warns in IPO filing that knock-offs on Facebook are a top risk - CNBC
2023-09-14,Meta Platforms Stock (NASDAQ:META): The WhatsApp Opportunity May be Overlooked - TipRanks
2023-09-14,"Up 155% This Year, Is Meta Platforms' Stock Still a Good Buy? - The Motley Fool"
2023-09-15,Meta Platforms (META): A Closer Look at Its Valuation - Yahoo Finance
2023-09-15,Societe Generale CEO Krupa to Face Investors With Vow to Push Up Share Price - Bloomberg.com
2023-09-15,Here's 1 Simple Reason Why These 2 Stocks Are a No-Brainer - The Motley Fool
2023-09-21,SoftBank-Backed Arm Falls Below IPO Price After Just One Week - Bloomberg.com
2023-09-22,Meta Stock Has Room to Soar. How Ads and AI Can Drive Growth. - Barron's
2023-09-29,Will Meta Platforms Be a $2 Trillion Stock by 2030? - The Motley Fool
2023-09-29,Meta Looks Like an AI Winner. But There’s Still 1 Problem. - Barron's
2023-10-02,Meta Platforms (META): Is It Priced Right? An In-Depth Analysis of Its Valuation - Yahoo Finance
2023-10-05,Meta Quest 3 Is Coming: Is Meta Stock a Better Buy Than Apple? - The Motley Fool
2023-10-05,Meta Rolls Out Generative AI Tool To All Advertisers To Help Tailor Ads - Investopedia
2023-10-06,Mark Zuckerberg: The Architect of Social Media - Quartr
2023-10-07,Meta Platforms (NASDAQ:META): A Must-Watch Stock for AI Investors - TipRanks
2023-10-19,How To Buy Meta Platforms Shares in 2023 - AskTraders
2023-10-19,Tesla Valuation Looks Unsustainable to Wall Street Analysts - Bloomberg.com
2023-10-20,What Moves the Prices of the World’s Biggest Indices? - - FOREX.com
2023-10-20,FAANG Stocks: Important Facts You Need To Know - moneydigest.com
2023-10-23,What Should Investors Know About Upcoming Meta Earnings? - Moomoo
2023-10-25,Reality Labs Revenue Drops to Lowest Point on Record Ahead of Quest 3 Launch - Road to VR
2023-10-25,Meta's Strong Ad Revenue and Cost-Cutting Drive Earnings Outperformance - Investopedia
2023-10-25,"Meta Earnings: Record Profits, Sales As Ads Stay Robust During Zuckerberg’s ‘Year Of Efficiency’ - Forbes"
2023-10-25,Meta Reports Record Sales as Ad Rebound Continues - WSJ
2023-10-25,"Meta Posts 23% Growth as Ads Rebound, With Profit More Than Doubling (Published 2023) - The New York Times"
2023-10-25,Meta Shares Rise After Revenue Beats Analysts’ Estimate - Bloomberg.com
2023-10-25,Meta (NASDAQ:META) Exceeds Q3 Expectations But Quarterly Guidance Underwhelms - StockStory
2023-10-25,Facebook parent Meta posts sharply higher profit in 3Q thanks to increase in ad revenue - qz.com
2023-10-25,Meta's ad rebound gets huge assist from China even though its services are banned there - CNBC
2023-10-25,Meta Revenue and Profits Surge as Ad Business Rebounds - The Hollywood Reporter
2023-10-25,FAANG Stocks - Performance Over the Last Decade - Groww
2023-10-26,5 reasons Meta Platforms will hit new highs in 2024 - MarketBeat
2023-10-26,Meta earnings report reveals most profitable quarter in years - The Guardian
2023-10-26,Meta Shares Tumble After Executives Highlight a Volatile Macro Environment - Investopedia
2023-10-26,"Meta regained investor confidence in latest earnings report, says Altimeter's Brad Gerstner - CNBC"
2023-10-26,Meta Posted Record Profit & Revenue in Q3 2023 but Warned of Uncertainty Ahead - FXCM Markets
2023-10-26,Facebook-parent Meta beats revenue estimates on digital ad strength - Reuters
2023-10-26,Meta revenue surges 23% but volatility could soften advertiser demand - Marketing Dive
2023-10-27,Mark Zuckerberg’s $46.5 billion loss on the metaverse is so huge it would be a Fortune 100 company—but his net worth is up even more than that - Yahoo Finance
2023-10-30,Meta introduces paid subscriptions for ad-free Facebook and Instagram in Europe | Details - The Economic Times
2023-10-31,Pinterest stock price: PINS soars as digital advertising market rebounds for tech platforms - Fast Company
2023-11-01,Mark Zuckerberg Reveals the Key Advantage of Meta's Artificial Intelligence (AI) Strategy That Many Investors May Be Overlooking - The Motley Fool
2023-11-02,"After Earnings, Is Meta Stock a Buy, a Sell, or Fairly Valued? - Morningstar"
2023-11-02,3 Reasons to Buy Meta Platforms Stock - The Motley Fool
2023-11-03,Why Meta Is the Most Promising of the Big Tech Stocks - Barron's
2023-11-03,Meta Stock Upgrade: AI Growth Exposure At Reasonable Price (NASDAQ:META) - Seeking Alpha
2023-11-03,BMW Offers Rare Glimpse of Optimism for 2024 Sales - Bloomberg.com
2023-11-06,Problems with Meta ads in the privacy-focused future - Brave
2023-11-06,The ‘pay-or-consent’ challenge for platform regulators - Bruegel
2023-11-09,Meta’s recent earnings call showed why it still needs China - Rest of World
2023-11-14,Snap Stock Rises on Shopping Deal with Amazon. The Battle with TikTok Is On. - Barron's
2023-11-14,"David Tepper Bolsters Stake in Meta Platforms Inc, Reveals Q3 2023 Portfolio Moves - Yahoo Finance"
2023-11-19,Why META Stock’s Run Can Easily Continue Into 2024 - InvestorPlace
2023-11-24,"Here's why the Magnificent 7 tech stocks will continue to outperform the S&P 493 in 2024, according to Goldman Sachs - markets.businessinsider.com"
2023-11-26,Is Meta Platforms Headed Back to the $1 Trillion Club? - The Motley Fool
2023-11-27,Meta Platforms: Zuckerberg Plugs The Value Gap (Rating Downgrade) (NASDAQ:META) - Seeking Alpha
2023-11-27,Meta Platforms Stock (NASDAQ:META): Why I’m Not Selling Yet - TipRanks
2023-11-27,Meta sued by states claiming Instagram and Facebook cause harm in children and teens - CBS News
2023-12-05,"Meta Platforms Inc. stock falls Tuesday, underperforms market - MarketWatch"
2023-12-05,Mark Zuckerberg sells Meta shares for first time in 2 years. Details here - Mint
2023-12-05,"Mark Zuckerberg cashed in about $190 million of Meta stock in November, marking his first sales in 2 years - markets.businessinsider.com"
2023-12-05,Is Meta’s ad-free service just another way to make people pay for privacy? - The Guardian
2023-12-06,"Apple Hits $3T Market Cap, on Pace to End 2023 As World's Most Valuable Company - markets.businessinsider.com"
2023-12-12,Cathie Wood Buys Microsoft and Meta Stock in Another AI Play - Barron's
2023-12-13,"Meta Platforms Inc. stock rises Wednesday, still underperforms market - MarketWatch"
2023-12-14,Meta Platforms Inc. stock underperforms Thursday when compared to competitors - MarketWatch
2023-12-15,Japan’s SBI Faces Penalty After Stock Price Manipulation Probe - Bloomberg.com
2023-12-16,Meta Stock Price Prediction: Will Meta Share Price Reach New ATH In 2024? - BlockchainReporter
2023-12-18,Meta's news ban in Canada remains as Online News Act goes into effect - BBC
2023-12-18,"Meta's stock is wrapping up a record year, spurred by cost cuts that followed a disastrous 2022 - CNBC"
2023-12-19,VR market keeps shrinking even as Meta pours billions of dollars a quarter into metaverse - CNBC
2023-12-20,Prepare for the Millennial and Zoomer Spending Boom With META Stock - InvestorPlace
2023-12-20,"Meta's Path To Over $1,000 (NASDAQ:META) - Seeking Alpha"
2023-12-27,Can Meta Stock Reach $400 In 2024? (NASDAQ:META) - Seeking Alpha
2024-01-02,One Fund Manager Called Meta Stock’s 2023 Rally. He Sees More Gains Ahead. - Barron's
2024-01-04,Mark Zuckerberg sold Meta shares worth $428M to close out 2023: filing - New York Post
2024-01-16,Meta Platforms Stock (NASDAQ:META): Don’t Ignore the Election Year Tailwind - Yahoo Finance
2024-01-21,Is Meta Platforms Stock Still a Buy After Hitting a New 52-Week High? - The Motley Fool
2024-01-22,"Facebook made a major change after years of PR disasters, and news sites are paying the price - CNBC"
2024-01-22,Meta Stock Forecast: 2024 Could Be Mark Zuckerberg's Trillion-Dollar Year - Investor's Business Daily
2024-01-23,Meta Platforms Stock Should Benefit From Reels Ad Revenue on the Rise - Barron's
2024-01-23,3 reasons to buy Meta stock ahead of earnings - MarketBeat
2024-01-23,​​​​Meta stock price at record high ahead of earnings - ig.com
2024-01-25,Meta Platforms Stock Is 328% Off Its 2022 Low. Should Investors Sell? - Yahoo Finance
2024-01-29,Early Meta platforms investor Brad Gerstner tackles big tech ahead of key earnings week - CNBC
2024-01-31,What You Need To Know Ahead Of Facebook-Parent Meta's Earnings on Thursday - Investopedia
2024-02-01,Meta Q4 Earnings Beat Expectations; First Dividend Announcement Boosts Stock - Investopedia
2024-02-01,Meta shares jump after profit triples and company announces first-ever dividend - CNBC
2024-02-01,"Facebook parent Meta declares first dividend, shares soar - Reuters"
2024-02-01,"Meta is paying first-ever dividend, authorizes $50 billion buyback - CNBC"
2024-02-01,Meta Earnings: Zuckerberg’s ‘Year Of Efficiency’ Nets Greatest Profits Ever - Forbes
2024-02-01,Meta Platforms Inc (META) Reports Soaring Profits and Revenue Growth in Q4 and Full Year 2023 - Yahoo Finance
2024-02-01,Meta revenue soars as it pivots to AI and announces dividends for investors - The Guardian
2024-02-01,Meta Reports Fourth Quarter and Full Year 2023 Results; Initiates Quarterly Dividend - Meta Investor Relations
2024-02-01,Meta stock surges 14%. Investors are loving its first-ever dividend - CNN
2024-02-01,Mark Zuckerberg explained how Meta will crush Google and Microsoft at AI—and Meta warned it could cost more than $30 billion a year - Yahoo Finance
2024-02-01,Meta stock soars after declaring first quarterly dividend - Axios
2024-02-01,Meta announces first ever dividend of $0.50 - CNBC
2024-02-01,"Meta posts sharp profit, revenue increase in Q4 thanks to cost cuts and advertising rebound - AP News"
2024-02-01,Meta Reports Profits More Than Tripled and Issues Its First Dividend (Published 2024) - The New York Times
2024-02-01,[October.2024] A Peek into Meta's Earnings: Cyclical Advertising Revenue and Loss Changes in Metaverse - Moomoo
2024-02-01,Meta’s Reality Labs loses record $4.65 billion ahead of Apple's Vision Pro launch - CNBC
2024-02-02,Meta Stock Soars as Company Returns Profits to Shareholders—Key Price Levels to Watch - Investopedia
2024-02-02,Meta's move shows share buybacks are back — and that could power stocks higher this year - markets.businessinsider.com
2024-02-02,Meta Earnings: Facebook Parent Initiates Dividend as Growth Continues; Stock Price Jumps 17% - WSJ
2024-02-02,Is It Too Late to Buy Meta Platforms Stock? - The Motley Fool
2024-02-02,4 Key Takeaways From Facebook-Parent Meta's Earnings Call - Investopedia
2024-02-02,Meta’s Stock Surges After Jump in Profits (Published 2024) - The New York Times
2024-02-02,"Meta, Amazon Surge by $272 Billion as Cost Cuts Cheer Investors - Bloomberg.com"
2024-02-02,"Meta, Amazon smash earnings expectations, as stock markets surge - Al Jazeera"
2024-02-02,"Meta shares surge 20% on soaring profit, better-than-expected guidance and first-ever dividend - CNBC"
2024-02-02,What Stock Investors Need to Know About Meta’s New Dividend - Morningstar
2024-02-02,Meta stock jumps 20% after earnings in biggest market-cap jump in stock market history - Yahoo Finance
2024-02-02,"Meta Platforms Sets Stock Market Record, Adding $200B In Market Value In A Day - Deadline"
2024-02-02,"Meta Platforms Surged $204.5 Billion in One Day, the Largest in History - Barron's"
2024-02-02,"Earning $39 billion in profits in 2023, Meta soars on the stock market - Le Monde.fr"
2024-02-02,Meta’s Stock Price Bounce Shows How Big-Ticket Job Cuts Can Pay Off - Bloomberg.com
2024-02-02,Meta surges with record $196 billion gain in stock market value - Reuters
2024-02-02,Which Funds Are the Biggest Holders of Meta Stock? - Morningstar
2024-02-02,Meta’s $197 Billion Surge Is Biggest in Stock-Market History - Bloomberg.com
2024-02-05,Facebook's first dividend stands to make a few very rich - BBC
2024-02-07,Better Tech Stock: Meta Platforms vs. Alphabet - The Motley Fool
2024-02-07,"If You'd Invested $10,000 in Meta Platforms Stock in 2014, This Is How Much You Would Have Today - The Motley Fool"
2024-02-07,Meta Is Taking Pages From Apple’s Financial Playbook - Bloomberg.com
2024-02-09,Meta Platforms Is a Trillion Dollar Stock Again! But Is It Still a Buy? - The Motley Fool
2024-02-09,"Meta Stock Price Prediction in 2030: Bull, Base & Bear Forecasts - 24/7 Wall St."
2024-02-09,METAstasis - No Mercy / No Malice
2024-02-10,Meta Platforms Stock Nearly Tripled in 2023. Here's Why It's Not Too Late to Buy the Stock. - The Motley Fool
2024-02-22,Meta Platforms Had a Banner Year in 2023 - Yahoo Finance
2024-02-25,Stock Split Watch: Is Meta Platforms Next? - The Motley Fool
2024-02-29,Facebook shares plunge below IPO price - Times of Malta
2024-03-02,Will Meta Platforms Be Worth More Than Apple by 2030? - The Motley Fool
2024-03-04,Why Meta Platforms Stock Rose by Nearly 26% in February - Yahoo Finance
2024-03-05,"Meta Says Technical Issue Behind Facebook, Instagram Outages - Investor's Business Daily"
2024-03-06,How To Buy Facebook (META) Stocks & Shares In Australia - Forbes
2024-03-14,Here's the Key Reason Meta Platforms Stock Has Soared 547% From Its 2022 Low - The Motley Fool
2024-03-19,Why Meta Platforms Stock Lagged the Market Today - Yahoo Finance
2024-04-03,4 Reasons to Buy Meta Platforms' Stock Like There's No Tomorrow - The Motley Fool
2024-04-11,How to buy META Facebook stocks - LiteFinance
2024-04-24,Meta Stock Plunges On Weak Guidance Despite Earnings Beat - Investopedia
2024-04-24,Why Meta Stock Is Plummetting After Earnings Beat Expectations - Barron's
2024-04-24,Meta Reports First Quarter 2024 Results - Meta Investor Relations
2024-04-24,Meta Stock Tanks 10% Despite Big Earnings Beat - Forbes
2024-04-24,Meta Reports Quarterly Revenue of $36.5B But Stock Falls After Increased Spending on AI - The Hollywood Reporter
2024-04-24,Meta plunges 16% on weak revenue guidance even as first-quarter results top estimates - CNBC
2024-04-24,Meta Says It Plans to Spend Billions More on A.I. (Published 2024) - The New York Times
2024-04-24,Analysts Revise Facebook Parent Meta Stock Price Targets Before Earnings - BusinessToday Malaysia
2024-04-24,4 Key Takeaways From Mark Zuckerberg's Comments During Meta's Q1 Earnings Call - Investopedia
2024-04-24,Meta says revenue will be weak as it spends even more on AI - The Guardian
2024-04-24,Meta's Reality Labs posts $3.85 billion loss in first quarter - CNBC
2024-04-24,Meta had a really good first quarter. The stock is tanking anyway - qz.com
2024-04-24,"Meta shares sink on higher AI spending, light revenue forecast - Reuters"
2024-04-24,Meta loses $200 billion in value as Zuckerberg focuses earnings call on all the ways company bleeds cash - CNBC
2024-04-24,Meta’s Costs Rise Rapidly as Zuckerberg Vows to Keep Spending on AI Arms Race - WSJ
2024-04-24,Stock Market Today: Stocks Run Out of Steam Ahead of Meta Earnings - Kiplinger
2024-04-25,A Mega Market Reset for Meta Platforms Stock - MarketBeat
2024-04-25,Meta AI spending plans cause share price slump - BBC
2024-04-25,Meta tumbles 10% on weak revenue forecast and Zuckerberg's comments on spending - CNBC
2024-04-25,Meta sparks tech selloff as AI splurge spooks Wall Street - Reuters
2024-04-25,"Facebook Parent Meta Stock Had Its Worst Day in Years, Drop Shaved Billions Off Market Cap - Barron's"
2024-04-25,Meta share price falls 13% in pre-market despite strong quarterly results - financialexpress.com
2024-04-25,Mark Zuckerberg's net worth plummets by more than $18 billion in Meta stock drop - CNBC
2024-04-25,Mark Zuckerberg Made Meta A.I. the Main Character in Q1 Earnings - observer.com
2024-04-26,"Meta Platforms, Inc. (NASDAQ:META) Q1 2024 Earnings Call Transcript - Yahoo Finance"
2024-04-28,Are You Looking to Buy Meta Platforms Stock in 2024? Here Are the 2 Best Statistics to Know. - Yahoo Finance
2024-04-29,Meta and Reasonable Doubt - Stratechery by Ben Thompson
2024-05-02,Corporate Taxes Before and After the Trump Tax Law - Institute on Taxation and Economic Policy
2024-05-02,AMZN vs. META: Which Magnificent Seven Stock Is Better? - Yahoo Finance
2024-05-08,This chart shows just how absurd Trump Media's valuation is - markets.businessinsider.com
2024-05-08,Why Meta Platforms Stock Lost 12% in April - Yahoo Finance
2024-05-12,Is It Too Late to Buy Meta Platforms Stock? - Yahoo Finance
2024-06-03,Meta Platforms Could Be Next To Split Its Stock - Barron's
2024-06-05,Meta stock trading guide - Capital.com
2024-06-08,Could Meta Platforms Stock Help You Become a Millionaire? - Yahoo Finance
2024-07-01,Meta risks fines over 'pay for privacy' model breaking EU rules - VOA - Voice of America English News
2024-07-01,Commission sends preliminary findings to Meta over its “Pay or Consent” model for breach of the Digital Markets Act - digital-markets-act.ec.europa.eu
2024-07-05,Will Meta Platforms Do a Stock Split in 2024? - Yahoo Finance
2024-07-05,Will Meta Platforms Do a Stock Split in 2024? - The Motley Fool
2024-07-08,Watch These Meta Platforms Price Levels After Stock's Record Close - Investopedia
2024-07-12,What's Going On With Meta Platforms Stock? - TradingView
2024-07-15,"Stock Of The Day | Buy Vedanta Futures at yesterday’s closing price of 464 Add more near 455 and 445 levels if stock falls Keep target of 468, 478, 490 Company announced 8,500 Cr QIP, floor price at Rs 461.26/share Buy Neuland Labs: SL 8200 Tgt 8380, 8 - facebook.com"
2024-07-22,Meta Q2 2024 earnings preview: AI advancements and revenue growth in focus - ig.com
2024-07-23,"Mattel CEO, Day After Takeover Report, Says Share Price Too Low - Bloomberg.com"
2024-07-25,"Going into Earnings, is Meta a Buy, a Sell, or a Hold? - Morningstar"
2024-07-26,"Facebook (META) Stock Price Prediction: Today, Tomorrow, Next Week - Traders Union"
2024-07-26,Analysts reshuffle Las Vegas Sands stock price target after earnings - thestreet.com
2024-07-29,"Meta Platforms Stock Is Up Twice As Much As S&P500, What To Expect From Q2 Results? - Forbes"
2024-07-30,What You Need To Know Ahead of Meta's Earnings Report - Investopedia
2024-07-31,4 Key Takeaways From Meta's Earnings Call - Investopedia
2024-07-31,Strong earnings report pushes Meta shares up amid heavy AI spending - The Guardian
2024-07-31,Meta’s AI Costs Surge as Digital Advertising Revenue Grows - WSJ
2024-07-31,Meta's advertising growth is proof that hefty AI spending is already paying off - CNBC
2024-07-31,Watch These Meta Price Levels as Stock Pops on Earnings Beat as AI Spending Pays Off - Investopedia
2024-07-31,"Meta’s Upbeat Earnings Buy Time for AI, Metaverse Bet to Pay Off - Bloomberg.com"
2024-07-31,Meta to pay $1.4 billion to settle Texas facial recognition data lawsuit - Reuters
2024-07-31,"Market on edge: Volatility in action - VIX, Microsoft- and Meta earnings - Saxo"
2024-07-31,Meta: Instagram and Facebook ads help drive profit surge - BBC
2024-07-31,"Meta shares pop on revenue and earnings beat, better-than-expected forecast - CNBC"
2024-07-31,Facebook (META) reports 3.27 billion daily active people across its family of apps at the end of Q2 - Shacknews
2024-08-01,How Meta Eased Wall Street's Worries About AI Spending - Investopedia
2024-08-01,Meta shares surge after tech giant reports $13.5bn profit - Al Jazeera
2024-08-01,Facebook-Parent Meta Stock Rises on Strong Earnings - Barron's
2024-08-01,Meta’s Q2 Triumph: Earnings Soar And Carbon Removal Deals Multiply - CarbonCredits.com
2024-08-01,Meta rallies as strong ad revenue cushions AI spending - Reuters
2024-08-02,Meta Platforms Second Quarter 2024 Earnings: Beats Expectations - Yahoo Finance
2024-08-05,Here's the Key Reason Meta Platforms Stock Has Soared 464% Since 2022 -- Hint: It's Not Artificial Intelligence (AI) - Yahoo Finance
2024-08-06,How to Invest in FAANG Stocks from India? - Groww
2024-08-07,How to Buy Meta Stock [With $5 or Less] - FinanceBuzz
2024-08-07,META Stock Analysis: AI Potential Makes Meta Platforms a Buy on the Dip - InvestorPlace
2024-08-12,Examining media’s coverage of COVID-19 vaccines and social media sentiments on vaccine manufacturers’ stock prices - Frontiers
2024-08-15,Why Meta Could Be A $600 Stock Within Weeks - MarketBeat
2024-08-19,Changing Perceptions of Educational Returns in Low- and Middle-Income Countries: A Meta-Analysis - Center for Global Development
2024-08-19,David vs Goliath: The Trade Desk’s Rise to Power against Ad Giants Google and Facebook - The Smart Investor
2024-08-21,"TD’s US Retail Bank, Once Prized, Now Drags Down Its Stock Price - Bloomberg.com"
2024-08-26,Meta Stock Still Faces a Drag from Metaverse Losses. That Could Change Soon. - Barron's
2024-09-11,Meta led in digital ad revenue growth every quarter in the last year - eMarketer
2024-09-19,Meta Platforms Stock Notches Record Close - Barron's
2024-09-20,Raising Fair Value for Meta Stock on AI and Ad Leadership - Morningstar
2024-09-20,"Meta Stock Price Prediction 2040, 2050: How High Can It Go? - CoinCodex"
2024-09-23,"Meta’s ‘Ad Load’ May Boost Earnings, Citi’s Analyst Says. Stock Projected To Rise 15% - Barron's"
2024-09-23,Analyst revisits Meta stock price target as Facebook parent ramps AI spend - thestreet.com
2024-09-25,Quest Headset Price Slashed by Facebook Parent Meta Platforms - Barron's
2024-09-25,Watch These Meta Platforms Price Levels as Stock Sets Record High - Investopedia
2024-09-26,Here’s how much META stock has surged since Zuckerberg’s rebrand - Finbold
2024-09-30,Meta post-earnings performance: volatility and trends analysis - ig.com
2024-10-03,"If You Invested $1,000 In Facebook Stock When Mark Zuckerberg Changed Name To Meta, Here's How Much You'd Have Today - Yahoo Finance"
2024-10-03,Meta Platforms Stock Just Notched a New All-Time High. Here's Why I'm Still Buying. - The Motley Fool
2024-10-04,Watch These Meta Platforms Price Levels as AI Optimism Boosts Stock to Record High - Investopedia
2024-10-08,Beyond Nvidia and Meta Platforms: 1 Spectacular Vanguard ETF to Buy Now - The Motley Fool
2024-10-10,Meta Platforms or Microsoft: Oppenheimer Chooses the Superior AI Stock to Buy - Yahoo Finance
2024-10-11,Has Meta Stock Become Too Expensive After Its Huge Runup? - Stocktrades
2024-10-12,Prediction: Meta Platforms Will Be Worth More Than Alphabet and Amazon by 2026 - The Motley Fool
2024-10-13,"Meta Platforms, Inc. (NASDAQ:META) Is A Top Goldman Sachs Phase 2 AI Stock Up 70% YTD - Yahoo Finance"
2024-10-16,Nvidia Will Dominate Big Tech’s Earnings Season Again - WSJ
2024-10-18,Zuckerberg Bets Big On AI Smart Glasses. But Can Meta Outfox Apple And Google? - Investor's Business Daily
2024-10-18,Is Meta Platforms Inc (META) A Good Stock to Buy Right Now? - Yahoo Finance
2024-10-22,"If You Invested $10,000 In Meta Platforms Stock 10 Years Ago, How Much Would You Have Now? - Yahoo Finance"
2024-10-23,Report McDonald's Stock 'Skyrocketed' After Trump Visited PA Location Originated as 'Satire' - Snopes.com
2024-10-24,"Going Into Earnings, Is Meta Stock a Buy, a Sell, or Fairly Valued? - Morningstar"
2024-10-25,Is Meta Platforms Inc (META) the Best FAANG Stock To Buy According to Analysts? - Yahoo Finance
2024-10-27,What Is the Dividend Payout for Meta Platforms? - Yahoo Finance
2024-10-28,Which stocks are in the Magnificent 7? - qz.com
2024-10-29,Meta’s AI Abundance - Stratechery by Ben Thompson
2024-10-29,Meta Is Up. Alphabet Is Down. What It Means for Big Tech Earnings. - Barron's
2024-10-30,What Wall Street Thinks of Meta Platforms Stock Ahead of Earnings - Investopedia
2024-10-30,Facebook Earnings Sparkled. What It Means for Meta Stock. - Barron's
2024-10-30,Meta’s Reality Labs posts $4.4 billion loss in third quarter - CNBC
2024-10-30,Meta's Earnings Top Estimates as It Lifts Spending Projections - Investopedia
2024-10-30,Meta Reports Third Quarter 2024 Results - Meta Investor Relations
2024-10-30,"Meta stock dropping after earnings 'wrong reaction', says Wedbush's Dan Ives - CNBC"
2024-10-30,"Meta’s Profit Rises 35%, Even as Spending Spree Continues (Published 2024) - The New York Times"
2024-10-30,Meta Shares Fall Amid Q3 Earnings Beat and User Growth Miss - Forbes
2024-10-30,"Meta, Microsoft beat third quarter earnings expectations amid AI push - Semafor"
2024-10-30,"Meta misses on user growth, warns of 2025 jump in AI spending - CNBC"
2024-10-30,What You Need To Know Ahead of Meta’s Earnings - Investopedia
2024-10-31,Meta’s generative AI tools find purchase with users and advertisers - Marketing Dive
2024-10-31,Microsoft and Meta profits are soaring but their stocks are sagging because both companies aren't building data centers fast enough - Fortune
2024-10-31,Meta Stock Falls Further After Facebook Parent’s Earnings Beat. Spending Is an Issue. - Barron's
2024-10-31,Meta Platforms Inc (META) Q3 2024 Earnings Call Highlights: Strong Revenue Growth Amidst ... - Yahoo Finance
2024-10-31,"Meta Reports Record Revenue, Slower Digital Advertising Growth - WSJ"
2024-10-31,"Meta posts Q3 earnings beat, but stock falls on heavy spending plans - Yahoo Finance"
2024-10-31,"Mark Zuckerberg to Sell Up to $1.3 Billion of Stock in Meta, Facebook’s Parent - Barron's"
2024-11-02,Meta Platforms Third Quarter 2024 Earnings: EPS Beats Expectations - Yahoo Finance
2024-11-07,Justices skeptical about Facebook’s data breach disclosure to investors - SCOTUSblog
2024-11-08,"Find The Next Palantir, Nvidia And Hot IPO With This Customizable Tool"
2024-11-10,Is Meta Platforms (META) the Best Stock to Buy and Hold for 5 Years? - Yahoo Finance
2024-11-12,Facebook and Instagram to Offer Subscription for No Ads in Europe - meta.com
2024-11-14,AI Powers Meta’s Strong Q3 Growth: Profits Soar - Forbes
2024-11-17,Stock-Split Watch: Is Meta Platforms Next? - The Motley Fool
2024-11-19,Stick With Meta Platforms Stock -- a Free Cash Flow Gusher - Yahoo Finance
2024-11-22,Justices dismiss Facebook-Cambridge Analytica data breach dispute - SCOTUSblog
2024-11-24,Meta Platforms Is Up 400% in the Past 2 Years: Should You Buy This Unstoppable Stock Right Now? - Yahoo Finance
2024-11-25,Will Reddit Be Worth More Than Meta Platforms by 2040? - The Motley Fool
2024-12-02,Why Meta Platforms (META) Is the Best Stock to Buy For Long Term Growth? - Yahoo Finance
2024-12-03,Meta Sets a Record High. Why the Stock Is on a Roll. - Barron's
2024-12-03,Claims 'woke' ad sent Jaguar stocks plummeting are false - aap.com.au
2024-12-06,"Meta shares rise on potential TikTok ban in U.S., closing at record alongside Amazon - CNBC"
2024-12-10,What’s Behind The 80% Rise In META Stock? - Forbes
2024-12-10,Analyst: Meta Platforms (META) Is Not Overvalued ‘By Any Means’ - Yahoo Finance
2024-12-12,Prediction: Meta Platforms Will Be Worth More Than NVIDIA in 2028 - 24/7 Wall St.
2024-12-12,"Facebook, WhatsApp, Messenger, Instagram, Threads are down, say reports. What is wrong with Meta products? - The Economic Times"
2024-12-13,Exclusive | Meta Urges California Attorney General to Stop OpenAI From Becoming For-Profit - WSJ
2024-12-16,Is Meta Stock Still Undervalued After Soaring 80% This Year? - TIKR.com
2024-12-18,Instagram Will Make Up More than Half of Meta’s US Ad Revenues in 2025 - eMarketer
2024-12-18,Analysts reboot Meta stock price targets for 2025 - thestreet.com
2024-12-19,China's Hottest Stock Rockets 370% on Craze for Collectibles - Bloomberg.com
2024-12-28,History Says Meta Platforms Is Primed for Massive Upside in 2025 - The Motley Fool
2024-12-28,Prediction: This Will Be the Most Prominent Stock Split of 2025 - The Motley Fool
2024-12-29,"Stock Of The Day : Buy JSW Energy Futures: SL 622 Tgt 640, 647, 655 Subsidiary company to acquire O2 power for a total enterprise value of 12,468 Cr Buy Chola Invest Futures: SL 1182 Tgt 1220, 1235 JP Morgan maintains Overweight rating. Target price 1 - facebook.com"
2024-12-29,Microsoft Stock vs. Meta Platforms Stock: Billionaires Are Buying One and Selling the Other - Yahoo Finance
2024-12-29,Microsoft Stock vs. Meta Platforms Stock: Billionaires Are Buying One and Selling the Other - The Motley Fool
2024-12-30,Meta Seen As Well Positioned To Build On Rally In 2025 Despite Rising AI Costs - Investor's Business Daily
2024-12-30,Meta Stock Is on a Roll. Why the Facebook Owner Can Keep Climbing in 2025. - Barron's
2024-12-31,Zuckerberg is cashing in on Meta’s record stock price with fresh share sales - MarketWatch
2025-01-08,EBay Stock Pops 10% After Meta Says Some Listings Will Be Viewable on Facebook Marketplace - Investopedia
2025-01-08,EBay added $3 billion in market value in one day—thanks to Facebook’s rival marketplace - Fortune
2025-01-10,Why Meta Platforms Stock Jumped 65% in 2024 - Yahoo Finance
2025-01-10,Why Meta Platforms (META) Is the Best Blue Chip Stock to Buy for 2025 - Yahoo Finance
2025-01-13,"Facebook, Instagram Parent Meta Stock Falls. Why Analysts Are Being ‘More Cautious.’ - Barron's"
2025-01-17,Meta and Snap stock prices sink despite the TikTok ban being upheld by the Supreme Court - Fast Company
2025-01-23,Meta Gets Price Target Hikes Ahead Of Earnings. All Eyes Are On This Number. - Investor's Business Daily
2025-01-27,"Apple, Meta Platforms rise to lead 'Magnificent 7' stocks amid AI washout - Yahoo Finance"
2025-01-27,Meta Q4 2024 Earnings Preview: A Tale of AI and Ads - Saxo
2025-01-28,Meta Q4 Earnings Preview: Can the Stock Continue its Rally? - tastylive
2025-01-28,"If You Had Invested $1,000 in Meta Platforms Stock at Its IPO, Here's How Much You Would Have Right Now - The Motley Fool"
2025-01-28,Meta (META) Reports Q4: Everything You Need To Know Ahead Of Earnings - Yahoo Finance
2025-01-29,Meta Reports Fourth Quarter and Full Year 2024 Results - PR Newswire
2025-01-29,Meta Platforms (META) Q4 Earnings and Revenues Top Estimates - Yahoo Finance
2025-01-29,Meta posts robust fourth-quarter earnings amid DeepSeek mania - The Guardian
2025-01-29,Mark Zuckerberg starts Meta earnings call by praising Trump administration - CNBC
2025-01-29,"Meta Reports Record Profit, Sales in Q4 Blockbuster - Yahoo Finance"
2025-01-29,Meta sends mixed signals as quarterly sales beat estimates but outlook muted - Reuters
2025-01-29,Meta Earnings Top Estimates Amid Big Growth in AI Spending - Investopedia
2025-01-29,Meta’s (NASDAQ:META) Q4 Sales Top Estimates But Quarterly Revenue Guidance Significantly Misses Expectations - Yahoo Finance
2025-01-29,"Meta earnings live updates: Wall Street watching for AI monetization, reaction to DeepSeek mania - Yahoo Finance"
2025-01-29,Meta shares pop after company beats on revenue - CNBC
2025-01-30,"Meta earnings top expectations as company forecasts higher costs, AI investments in year ahead - Yahoo Finance"
2025-01-30,"META Q4 Earnings and Revenues Surpass Estimates, Rise Y/Y - Yahoo Finance"
2025-01-30,"Meta Reports Strong Q4 Earnings, Zuckerberg Highlights AI and Ad Growth - Yahoo Finance"
2025-01-30,Meta Platforms Inc (META) Q4 2024 Earnings Call Highlights: Strong Revenue Growth Amidst Rising ... - Yahoo Finance
2025-01-31,Meta Platforms Full Year 2024 Earnings: EPS Beats Expectations - Yahoo Finance
2025-02-07,Where Will Meta Platforms Stock Be in 3 Years? - The Motley Fool
2025-02-09,AI stock prediction: where will Meta stock and Amazon stock be in 2025 - Markets.com
2025-02-09,"Can Meta Platforms Stock Turn a $10,000 Investment Into $1 Million? - Yahoo Finance"
2025-02-14,Meta Platforms stock just closed higher for the 20th straight day - Yahoo Finance
2025-02-19,Facebook founder Mark Zuckerberg sells Meta shares worth $14.4 million - The Times of India
2025-02-20,Meta’s record winning streak puts stock split in view - Fortune
2025-02-24,Better Buy in 2025: Tesla Stock or Meta Platforms Stock? - The Motley Fool
2025-02-25,Target didn't lose $15.7B after rolling back DEI policies in January 2025 - Snopes.com
2025-02-25,"Meta cuts employee stock options, boosts AI investments - The American Bazaar"
2025-02-25,"Is Meta Platforms, Inc. (META) Buying Back Its Stock in 2025? - Yahoo Finance"
2025-03-10,"Asana CEO Dustin Moskovitz announces retirement, stock plummets 25% - CNBC"
2025-03-10,Meta Stock Falls As Analyst Warns Of 'Another DeepSeek Moment.' Is Buzzy New AI Tool A Threat? - Investor's Business Daily
2025-03-12,Meta Platforms (META) stock prediction for 2025—Betting on AI - Investorsobserver
2025-03-12,META Stock Headed To $200? - Forbes
2025-03-13,Why Meta (META) Shares Are Getting Obliterated Today - Yahoo Finance
2025-03-18,Why Meta Platforms Is Sinking Today - Yahoo Finance
2025-03-18,Meta Stock Slides To Approach 3-Month Low Despite This AI Milestone - Investor's Business Daily
2025-03-19,Why Meta Stock Is Down? Cathie Wood Sells The Magnificent 7 META Shares - Finance Magnates
2025-03-22,"Is Meta Platforms, Inc. (META)The Best Robinhood Stock to Buy According to Analysts? - Yahoo Finance"
2025-03-25,Time To Buy META Stock At $620? - Forbes
2025-03-26,"If You Invested $10K in Meta 1, 5 or 10 Years Ago, Here’s What It Would Be Worth Now - Yahoo Finance"
2025-03-27,3 Reasons to Buy Meta Platforms Stock Hand Over Fist - The Motley Fool
2025-03-27,Meta Continues to Outperform Magnificent 7 Peers. These Are the Risks. - Barron's
2025-04-01,Meta to Announce First Quarter 2025 Results - Meta Investor Relations
2025-04-03,Analyst Says Meta Platforms (META) Has ‘Caught Up To’ TikTok - Yahoo Finance
2025-04-06,"3 Stocks That Could Turn $1,000 Into $5,000 by 2030 - The Motley Fool"
2025-04-07,Meta Stock is Significantly Undervalued as it Launches Latest LLM - Morningstar
2025-04-08,"Meta, Amazon Stock Price Targets Cut By Analyst. Here's How Wall Street Views Tech Giants' Tariff Risk. - Investor's Business Daily"
2025-04-09,Meta Stock Gets Another Price-Target Cut As BofA Sees Tariffs Pressuring Ad Market - Investor's Business Daily
2025-04-10,Meta Platforms (META) Stock: Back To $750 - Seeking Alpha
2025-04-10,Why META Platforms Stock is a Smart Buy for Black Swan Portfolios - Yahoo Finance
2025-04-15,"Meta Platforms: Stock Collapses, Here's When To Buy (Rating Upgrade) (NASDAQ:META) - Seeking Alpha"
2025-04-16,"Rare Bearish Meta Analyst Cuts Price Target, Says Tech Giant 'Starting To Look Vulnerable' - Investor's Business Daily"
2025-04-17,"WhatsApp Stock Price, Symbol: How to Invest in WhatsApp IPO? - CoinCodex"
2025-04-17,Temu Cuts Back On U.S. Ad Spending. What Will That Mean For Meta? - Investor's Business Daily
2025-04-19,Prediction: 1 Stock That Will Be Worth More Than Alphabet 10 Years From Now - The Motley Fool
2025-04-22,"Meta Platforms, Inc. (META): Among Stocks That Could 10X Over the Next 2 Years - Yahoo Finance"
2025-04-23,Meta Platforms Share Price: what to expect from Q1 results - ig.com
2025-04-24,What’s Going On With META Stock? - Forbes
2025-04-24,"If You Invested In Meta 5 Years Ago, Here’s How Much Your Stock Is Worth Today - Yahoo Finance"
2025-04-27,"Meta earnings preview: Tariffs threaten billions, AI offers hope - Saxo"
2025-04-27,"1 Stock to Buy, 1 Stock to Sell This Week: Meta Platforms, Pfizer - Yahoo Finance"
2025-04-27,"Crucial earnings ahead for Microsoft, Amazon, Meta, and Apple: big tech's moment of truth - Saxo"
2025-04-28,"Big Tech earnings on deck: Here's what to expect from MSFT, META, AMZN & AAPL - CNBC"
2025-04-28,Watch These Meta Stock Price Levels Ahead of Facebook Parent's Earnings - Investopedia
2025-04-28,Meta Earnings Preview: What To Know About The Stock Before The Upcoming Report - Forbes
2025-04-29,Meta Q1 Earnings On Deck After Pair Of Big AI Updates. Here's What To Watch. - Investor's Business Daily
2025-04-30,Meta shares rise on stronger-than-expected revenue for first quarter - CNBC
2025-04-30,Meta shares rise on stronger than expected revenue for the quarter - CNBC
2025-04-30,"Meta Stock Rallies as Earnings Top Estimates, Meta AI Hits User Milestone - Investopedia"
2025-04-30,Meta earnings are coming today. Here's what to watch - qz.com
2025-04-30,Meta Says It Anticipates Continued Growth Despite Tariffs - The New York Times
2025-04-30,"Meta raised the high end of its AI capex to $72 billion, up from $65 billion three months ago - Fortune"
2025-04-30,Meta’s quarterly earnings beat Wall Street expectations as its AI investments rise by billions - The Guardian
2025-04-30,Snap drops as scrapped forecast stokes ad slowdown fears before Meta earnings - Reuters
2025-04-30,Meta Reports First Quarter 2025 Results - Meta Investor Relations
2025-04-30,"Facebook Parent Posts $42 Billion in Sales, Points to Strong Growth - WSJ"
2025-04-30,What Analysts Think of Meta Stock Ahead of Earnings - Investopedia
2025-05-01,"Meta Platforms' Q1 Earnings and Revenues Surpass Estimates, Rise Y/Y - Yahoo Finance"
2025-05-01,Meta's Q1 Earnings Beat Lifts Shares: ETFs to Buy - Yahoo Finance
2025-05-01,"Meta beats Q1 earnings estimates, offers strong Q2 outlook despite fears of tariff-influenced ad slowdown - Yahoo Finance"
2025-05-01,Meta Platforms Inc (META) Q1 2025 Earnings Call Highlights: Strong Revenue Growth Amidst Challenges - Yahoo Finance
2025-05-01,Meta Platforms (NasdaqGS:META) Reports Strong Q1 2025 Earnings and Completes Share Buyback - Yahoo Finance
2025-05-01,"Meta, Microsoft report strong earnings despite trade war uncertainty - Al Jazeera"
2025-05-01,Facebook-Parent Meta Stock Jumps on Strong Earnings. There Was 1 Possible Disappointment. - Barron's
2025-05-01,Meta Rallies As Tech Giant Boosts AI Spending As Advertising Outlook Looks 'Healthy' Despite Tariffs - Investor's Business Daily
2025-05-01,"Meta Platforms jumps 4% on earnings beat, advertising resilience - CNBC"
2025-05-01,Why Nvidia stock is popping after big quarters for Microsoft and Meta - Yahoo Finance
2025-05-01,Meta Stock Rises as Wall Street Bullishness Intensifies - Investopedia
2025-05-02,Meta Stock Extends Rally into Second Day After Q1 Earnings Surprise - Yahoo Finance
2025-05-02,Taiwan Semiconductor Gains On Strong Earnings From Meta And Microsoft Boosting AI Demand - Yahoo Finance
2025-05-02,META Q1 Earnings Call: AI Investment Drives Growth but Guidance Misses Expectations - Yahoo Finance
2025-05-02,"The Score: Meta Platforms, McDonald’s, Kohl’s and More Stocks That Defined the Week - WSJ"
2025-05-04,Is Meta Platforms (META) The Best Stock to Buy and Hold For 10 Years? - Yahoo Finance
2025-05-05,Meta Platforms Is Ramping Up Data Center and AI Investments. Is the Growth Stock a Buy Now?
2025-05-05,Deutsche Bank and Caesars Entertainment have been highlighted as Zacks Bull and Bear of the Day
2025-05-05,ETFs Last Week: Tech-Fueled Rally Powers Gains During Trade Optimism
2025-05-05,Communications sector climbs toward another double-digit win streak
2025-05-05,"Mag 7 earnings show 'the AI story remains intact,' analyst says"
2025-05-05,Meta’s AI Chatbot Reawakens Concerns About Data Tracking
2025-05-05,Meta's Growth Runway Extends As AI Frontier Unfolds
2025-05-05,The Best Company in Big Tech?
2025-05-05,Meta Platforms Is Ramping Up Data Center and AI Investments. Is the Growth Stock a Buy Now? - The Motley Fool
2025-05-05,Meta's $68B Reason For Its AI/ Social Media Ambitions - Maintain Buy
2025-05-05,"The Zacks Analyst Blog Highlights NVIDIA, Meta Platforms and Microsoft"
2025-05-05,"The Zacks Analyst Blog Highlights Meta Platforms, JPMorgan Chase and Intercontinental Exchange"
2025-05-05,5 Stock Picks Last Week From Wall Street's Most Accurate Analysts
2025-05-05,Don't Fear Meta's CapEx Spending
2025-05-05,Dow Jones Futures Fall On Trump's Latest Tariff Move; Palantir Leads Earnings
2025-05-05,Fidelity Growth Company Fund Q1 2025 Commentary
2025-05-05,Nvidia Can Survive ‘Tough Regulations’ on China. Here’s Why.
2025-05-05,"Meta Platforms, Inc. (META) is Attracting Investor Attention: Here is What You Should Know"
2025-05-05,Momentum a Powerful Ally for Stocks as Whiplash Rally Rolls On
2025-05-06,META : DZ Bank remains its Buy rating
2025-05-06,Taiwan Dollar Surges As US Dollar Slumps: TSMC Boom Or Bust?
2025-05-06,Exclusive: Statsig raises $100 million at $1.1 billion valuation after abandoned Datadog acquisition attempt
2025-05-06,"AMD, Arm Offer Window Into AI Landscape Ahead of Nvidia Earnings"
2025-05-06,"Big Tech ETF is on track for back-to-back losses as Tesla, Meta post sharp drops"
2025-05-06,Don't Get Caught In The Bull Trap
2025-05-06,"Amazon, Meta, Microsoft Earnings Put Dan Loeb's Portfolio To The Test"
2025-05-06,Nuveen CIO Saira Malik decodes the stock market's post-'Liberation Day' rally
2025-05-06,Now it's unanimous. Meta's stock is the last of the Mag 7 to see a death cross.
2025-05-06,VC founder: Tariffs have triggered one big rethink on tech
2025-05-06,"META Stock Is Efficient and Is “One of the Most Compelling Mag 7 Stocks,” Prominent Investor Says"
2025-05-06,"Meta, Microsoft, Alphabet, and Amazon Just Delivered Incredible News for Nvidia Stock Investors"
2025-05-06,Private equity titan Robert Smith: Tech stocks are still the place to be
2025-05-06,Meta Outlines Various Ad Measurement Solutions
2025-05-06,Jim Cramer: Meta Platforms (META) Was “Better Than Microsoft” — Zuckerberg “Cracked the Code”
2025-05-06,Meta: Bull Case Remains Intact After Q1 Earnings
2025-05-06,Nvidia Stock Drops. What to Watch Ahead of the AI Chip Maker’s Earnings.
2025-05-06,"Zacks Investment Ideas feature highlights: Amazon, Apple, Meta Platforms and Microsoft"
2025-05-06,Fidelity Blue Chip Growth ETF Q1 2025 Commentary
2025-05-06,User Engagement & AI Fuel Blockbuster Q1 Results for META Platforms Stock
2025-05-06,ClearBridge Large Cap Value Portfolios Q1 2025 Commentary
2025-05-06,Fidelity Dividend Growth Fund Q1 2025 Commentary
2025-05-06,Fidelity Large Cap Stock Fund Q1 2025 Commentary
2025-05-06,Fidelity Magellan Fund Q1 2025  Commentary
2025-05-06,"Got $1,000? 2 Top Growth Stocks to Buy That Could Double Your Money"
2025-05-06,Baron Opportunity Fund Q1 2025 Shareholder Letter
2025-05-06,"Alphabet, Meta Platforms, and Netflix Helped Propel This Vanguard ETF 9% Higher in 8 Days. Here's Why It's Still a Buy Now."
2025-05-06,Fidelity Fund Q1 2025 Review
2025-05-06,Amazon: Managing Tariff Impact Through AI Automation And Pricing Power
2025-05-06,Big Tech earnings show why the hottest trade became the safest
2025-05-06,Microsoft-Backed OpenAI To Snap Windsurf For $3 Billion To Strengthen AI Coding Power: Report
2025-05-06,This zero-day options craze could finally be coming to popular stocks like Nvidia and Tesla. Here’s what to know.
2025-05-06,Meta's AI Rerating Is Coming
2025-05-06,"3 Cheap ""Magnificent Seven"" Stocks to Load Up On"
2025-05-06,"Meta Platforms, Inc. (META): ‘Momentum in Ads & AI’ Drives Strong Beat — Argus Maintains Buy at $725 Target"
2025-05-06,Baron Fifth Avenue Growth Fund Q1 2025 Shareholder Letter
2025-05-06,User Engagement & AI Fuel Blockbuster Q1 Results for META Platforms Stock - Yahoo Finance
2025-05-07,"After Earnings, Is META Stock a Buy, a Sell, or Fairly Valued? - Morningstar"
2025-05-07,5 No-Brainer AI Stocks to Buy in May
2025-05-07,Meta: Market Is Still Mispricing Its AI Ambitions
2025-05-07,META Platforms’ Q1 Blowout Brings $800 Stock Price Target Into View
2025-05-07,Why Meta Platforms (META) Is Among the Most Promising Future Stocks According to Hedge Funds
2025-05-07,3 Reasons to Buy Reddit Stock Like There's No Tomorrow
2025-05-07,Meta Platforms: Undervalued Profit Growth
2025-05-07,Zuckerberg’s Grand Vision: Most of Your Friends Will Be AI
2025-05-07,SMCI Outlook Disappoints. Super Micro Stock Drops.
2025-05-07,National Legal and Policy Center Files an Exempt Solicitation Statement with Securities and Exchange Commission
2025-05-07,"DoorDash, eToro fuel hopes for a dealmaking thaw in May"
2025-05-07,Prediction: 5 Stocks That'll Be Worth More Than Artificial Intelligence (AI) Stock Nvidia 3 Years From Now
2025-05-07,Meta Platforms Secures Legal Win Against Spyware Firm - What It Means For Investors
2025-05-07,Fidelity Select Communication Services Portfolio Q1 2025 Review
2025-05-07,PRESS DIGEST-New York Times business news - May 7
2025-05-07,Court clash between Meta and NSO ends in $168 million defeat for spyware firm
2025-05-07,Meta awarded $168 million in damages from spyware firm NSO group
2025-05-07,Zero In On Top-Rated Stocks And Hot IPOs. Here's How.
2025-05-07,Why Citi's head of wealth isn't sold on the stock market rally
2025-05-07,Meta suit against Israel's NSO offered rare insight into world of cyberespionage
2025-05-07,Mark Zuckerberg's AI ad tool sounds like a social media nightmare
2025-05-07,Alphabet Stock Sinks on Apple Testimony About Falling Search Queries
2025-05-07,9 Communication Services Stocks Whale Activity In Today's Session
2025-05-07,META Platforms’ Q1 Blowout Brings $800 Stock Price Target Into View - Yahoo Finance
2025-05-07,"Meta Platforms, Inc. (META): Among Most Popular Stocks on Robinhood in 2025"
2025-05-07,"Valuing Alphabet On A Sum Of The Parts Basis, Assuming Search Stops Growing"
2025-05-07,"Jim Cramer Says Meta Platforms, Inc. (META) Was Such a ‘Tour De Force’"
2025-05-07,Mark Zuckerberg made us lonelier. Now he wants us to be friends with AI
2025-05-08,"Meta Platforms, Inc. (META): A Bull Case Theory"
2025-05-08,Hartford Core Equity Fund Q1 2025 Commentary
2025-05-08,New court filing shows that Meta execs agreed that Facebook was losing to TikTok
2025-05-08,Meta: Resilient In The Face Of Uncertainty Thanks To AI
2025-05-08,Marjorie Taylor Greene Goes Stock Shopping Again: Here Are 50+ Stocks The Congresswoman Bought
2025-05-08,Tracking Baillie Gifford's 13F Portfolio - Q1 2025 Update
2025-05-08,Prediction: 1 Stock That Will Be Worth More Than Alphabet 3 Years From Now
2025-05-08,Hartford Growth Opportunities Fund Q1 2025 Commentary
2025-05-08,3 S&P 500 Stocks That Stand Out
2025-05-08,Stock Market Pain Tied To Tariff-Induced Volatility Has Just Begun
2025-05-08,Bright Start College Savings Trust Files an Exempt Solicitation Statement with Securities and Exchange Commission
2025-05-08,"Humanoid Robots Could Ease Labor Shortages, Maybe Even Care For Seniors"
2025-05-08,"The Best Stocks to Invest $1,000 in Right Now"
2025-05-08,Prediction: This Magnificent Vanguard Index Fund Will Beat the S&P 500 Again in 2025
2025-05-08,Nvidia Investors Just Got Great News From Meta Platforms
2025-05-08,Stocks trim gains as Big Tech loses altitude
2025-05-08,"US will slash car tariffs on UK to 10%, steel levies to zero, says UK"
2025-05-08,AI and ad tech are safe from Trump's tariffs so far
2025-05-08,Britain's digital tax on 'Big Tech' not impacted by trade deal
2025-05-08,Bezos Space Ambitions at Risk With Musk’s Man at NASA
2025-05-08,"Trump's U.S.-U.K. Trade Deal Keeps 10% Tariff, But S&P 500 Rallies (Live Coverage)"
2025-05-08,Trump Makes a Deal With the U.K. Now Comes the Hard Part.
2025-05-08,OpenAI Recruits Instacart CEO Fidji Simo to Steer Operations
2025-05-08,"China Is Baked In, Time To Pick Up AMD And Nvidia Stock"
2025-05-08,Trump's FTC antitrust cops just got a loud warning about blocking tech tie-ups
2025-05-08,Hartford Capital Appreciation Fund Q1 2025 Commentary
2025-05-08,US needs 'unified approach' on AI companies competing with China
2025-05-08,Recent Moves By Meta Stock Make A Bull Put Spread One Key Option
2025-05-08,Trump's U.S.-U.K. Trade Deal Keeps 10% Tariff But S&P 500 Rallies (Live Coverage)
2025-05-08,"Trump's U.S.-UK Trade Deal Keeps 10% Tariff, But S&P 500 Rallies (Live Coverage)"
2025-05-08,"Apple Is Developing Specialized Chips for Glasses, New Macs and AI Servers"
2025-05-09,"METU Does What It Says On The Tin, 200% META Stock"
2025-05-09,Tell-all says Facebook used sinister tactics on vulnerable group
2025-05-09,"Tesla Supplier Panasonic To Slash 10,000 Jobs, Take $895 Million Hit"
2025-05-09,"Meta Platforms, Inc. (META): Among Billionaire David Abrams’ Stock Picks with Huge Upside Potential"
2025-05-09,US Department of Labor closes investigation into Scale AI
2025-05-09,Pinterest Follows Meta And Reddit With Upbeat Ad Outlook Despite Tariff Fears
2025-05-09,"US Department of Labor drops investigation into Scale AI, TechCrunch reports"
2025-05-09,Optimistic With An Asterisk
2025-05-09,10 Communication Services Stocks Whale Activity In Today's Session
2025-05-09,Meta's AI Power Play: The Mastermind Returns to Shake Up the Game
2025-05-09,2 AI Stocks That Could Go Parabolic
2025-05-09,Tracking Cathie Wood's ARK Invest 13F Portfolio - Q1 2025 Update
2025-05-09,Mark Zuckerberg runs Meta by only managing a ‘small group’ of 30—but even they don’t have one-to-ones
2025-05-09,Tech Industry Warns US Investment Pledges Hinge on Research Tax Break
2025-05-09,"Meta touts complementary powers of video, AI in overture to brands"
2025-05-09,4 No-Brainer Stocks to Buy Right Now
2025-05-09,2 No-Brainer Artificial Intelligence (AI) Stocks to Buy Right Now
2025-05-09,Invesco Main Street Fund Q1 2025 Commentary
2025-05-09,Auxier Asset Management Spring 2025 Market Commentary
2025-05-09,"From Apple to GM, Tariffs to Cost Companies Tens of Billions"
2025-05-09,"Meta Outlines Facebook, Instagram and Threads Ad Updates at NewFronts 2025"
2025-05-09,Exclusive: Meta in talks to deploy stablecoins three years after giving up on landmark crypto project
2025-05-09,Apple: The Future Is More Privacy And Security In AI
2025-05-09,Instagram Threads is getting video ads
2025-05-09,"Meta, Please Kill Reality Labs"
2025-05-10,"AI Agents Will Transform Customer Relationships, for Better or Worse"
2025-05-10,Jim Cramer on Meta’s $72 Billion CapEx Forecast: Bold or Risky?
2025-05-10,Cathie Wood Goes Bargain Hunting. 1 Dirt Cheap Artificial Intelligence (AI) Chip Stock She Just Bought (Hint: It's Not Nvidia)
2025-05-10,Here Are the 2 Best Artificial Intelligence Stocks to Buy in May and 1 to Avoid
2025-05-10,Meta's new payment proposal sends stock reeling
2025-05-10,The Giants of Silicon Valley Are Having a Midlife Crisis Over AI
2025-05-10,2 Growth Stocks to Buy and Hold for the Long Term
2025-05-10,"Billionaire Terry Smith, ""the English Warren Buffett,"" Has 31% of His Hedge Fund's Portfolio Invested in 3 Exceptional Stocks"
2025-05-10,EOS: Market Volatility Creating Better Opportunities
2025-05-10,"Meta: AI Integration Makes It A Buy (Technical Analysis, Upgrade)"
2025-05-10,Alphabet Shares Take $138 Billion Blow as Search Warnings Blare
2025-05-10,30 AI stocks that could surge up to 73% — and are loved by a bullish tech analyst
2025-05-11,Top Wall Street analysts suggest these 3 stocks for solid growth potential - CNBC
2025-05-11,Invesco Summit Fund Q1 2025 Commentary
2025-05-11,Prediction: This Artificial Intelligence (AI) Semiconductor Stock Will Soar After May 28
2025-05-11,"USA: A Historical Underperformer, But Value-Orientation Might Be Appealing"
2025-05-11,Invesco Comstock Fund Q1 2025 Commentary
2025-05-11,TTD Q1: Upgrading My Price Target Amid Stellar Earnings
2025-05-11,Invesco Global Core Equity Fund Q1 2025 Commentary
2025-05-11,"There's Only One Logical Choice to Be Wall Street's Next Stock-Split Stock, and It's Not the Company You're Probably Thinking Of"
2025-05-11,Invesco Charter Fund Q1 2025 Commentary
2025-05-11,Invesco Rising Dividends Fund Q1 2025 Commentary
2025-05-12,Dream Scenario For Tariffs: What's Next For U.S. Stocks?
2025-05-12,"Amazon, Tesla stocks lead 'Magnificent 7' surge after US-China temporary trade truce"
2025-05-12,Secrets behind 'Magnificent 7' surge ahead of Nvidia earnings
2025-05-12,"GOOGL, META, MSFT: 3 Promising AI Giants With Attractive Valuations"
2025-05-12,US-China tariff agreement may add fuel to 'Magnificent 7' stock rally
2025-05-12,"Magnificent Seven Gain $700B After US-China Slash Tariffs, Gold Crashes: What's Driving Markets Monday?"
2025-05-12,Shares of companies within the broader communication services sector are trading higher amid overall market strength after the US and China agreed to a temporary reduction in most tariffs on each other's goods.
2025-05-12,"Mag 7 rally, airline & pharmaceutical stocks: Trending Tickers"
2025-05-12,"Amazon, Apple power ‘Magnificent Seven’ to more than $830 billion in market-cap gains in one day"
2025-05-12,Is Alphabet's Business Dying
2025-05-12,Nasdaq Recovery: 3 Artificial Intelligence (AI) Stocks That Are Still Too Cheap to Ignore
2025-05-12,Meta Platforms: One Of My Favorite Undervalued AI Investments In The Market
2025-05-12,The ‘Magnificent Seven’ are back in the stock market’s driver’s seat — but are they still a buy?
2025-05-12,5 Ugly Investments 'Everyone' Is Buying
2025-05-12,Amazon Stock Surges. Why It’s a Mag 7 Outperformer on Tariffs Deal.
2025-05-12,Consumer relief from U.S.-China trade deal sends retailers’ stocks surging
2025-05-12,"Is Meta Platforms a Better ""Magnificent Seven"" Stock to Buy Right Now Than Apple?"
2025-05-12,"GAB: Lack Of Tech Exposure Is A Plus, But This Fund Is Incredibly Expensive"
2025-05-12,"Dow futures show 1,000-point gain ahead as markets rally on thaw in U.S.-China trade tensions"
2025-05-12,EU's Virkkunen will travel to the United States on Tuesday
2025-05-12,"Meta, Walmart, and Other Stocks This AI Trader Is Selling Amid the Market Uncertainty"
2025-05-12,2 Volatile Stocks for Long-Term Investors and 1 to Ignore
2025-05-13,Alphabet In 2025 Is Spelled MOS
2025-05-13,2 Tech Stocks You Can Buy and Hold for the Next Decade
2025-05-13,Invesco Global Focus Fund Q1 2025 Commentary
2025-05-13,"Meta Platforms : Over Half a Trillion Dollars, 3.4 Million U.S. Jobs Linked to Meta’s AI-Driven Ads Technologies"
2025-05-13,"When Trump Says 'Buy,' You Buy"
2025-05-13,Meta Shares Rise as Tariff Overhang Clears for Asia-Based Advertisers
2025-05-13,Tracking David Abrams' Abrams Capital Management Portfolio - Q1 2025 Update
2025-05-13,"Meta (META) Stock Trades Up, Here Is Why"
2025-05-13,"Trending tickers: Coinbase, Amazon, Meta, Boeing and M&S"
2025-05-13,SMH: The Growth Story Remains Incredibly Mispriced
2025-05-13,Advanced Micro Devices Stock (AMD) Stuck in Neutral as AI Boom Accelerates
2025-05-13,"Nvidia stock surges, tops $3 trillion market cap amid flurry of trade optimism"
2025-05-13,"Nvidia stock surges 5%, company rejoins $3 trillion club amid flurry of trade news"
2025-05-13,"Is META Stock's 24.18X PE Still Worth it? Buy, Sell, or Hold?"
2025-05-13,"How NVDA, AAPL, and META Plan to Harness VR to Dominate the Future"
2025-05-13,Well-Known Investor Defends Alphabet Inc. (GOOGL) Stock
2025-05-13,Amazon And Meta Stock Add To Gains After Trump Slashes Tariffs On 'De Minimis' China Shipments
2025-05-13,‘Magnificent Seven’ blows past a major threshold — but a few more marks must be crossed before tech is really back
2025-05-13,"The Zacks Analyst Blog Highlights Alphabet, Meta Platforms and Microsoft"
2025-05-13,Nebius Q1 Preview: All About ARR
2025-05-13,Meta Platforms And TikTok: Don't Let A Crisis Go To Waste
2025-05-13,The bulls are back in town. Goldman and this Wall Street optimist are lifting their S&P 500 targets on tariff relief.
2025-05-13,Meta Keeps Pushing Forward. Management Is Focused On Winning
2025-05-13,A 'Magnificent' China reset reignites the tech trade
2025-05-13,Invesco Global Fund Q1 2025 Commentary
2025-05-13,Netflix and Meta’s Carbon Credits Snared in Dispute with Maasai Herders
2025-05-13,Interpreting Meta Platforms (META) International Revenue Trends
2025-05-13,"Meta Platforms, Inc. (META) Reported the Best Results Among Mag 7, Prominent Investor Says"
2025-05-14,Meta: I Believe The Market Is Underestimating The Potential For EPS Growth
2025-05-14,Analyst: Meta Platforms (META) Has ‘Best Performing’ Ad Business Regardless of ‘What Happens This Year’
2025-05-14,Trump trade war with China may never be totally over: Former Commerce Secretary Wilbur Ross
2025-05-14,3 Top Growth Stocks to Buy and Hold Forever
2025-05-14,"Big Tech ETF rises, on pace for longest winning streak of 2025"
2025-05-14,Tech Stocks - Focus On What Management Isn't Talking About
2025-05-14,BlackRock Unconstrained Equity Fund Q1 2025 Commentary
2025-05-14,Meta Platforms Pushing For Higher Growth With AI
2025-05-14,Advocacy group threatens Meta with injunction over data-use for AI training
2025-05-14,Trump's Fiscal Austerity: A Shock To The Economy And Market
2025-05-14,Poland finds what it says may be foreign-funded election interference
2025-05-14,A Nasdaq Bull Market Is Coming: 3 Tariff-Resistant Growth Stocks to Confidently Buy Right Now
2025-05-14,Poland uncovers what it says may be foreign-funded election interference
2025-05-14,Parnassus Growth Equity Fund Q1 2025 Commentary
2025-05-14,You can see AI everywhere — except in Big Tech’s profits
2025-05-14,Poland says it uncovers attempt to interfere in presidential election
2025-05-14,Q1 Earnings Roundup: Meta (NASDAQ:META) And The Rest Of The Social Networking Segment
2025-05-14,"Amazon.com, Inc. (AMZN), Meta Platforms, Inc. (META) Delivered the Best Earnings Among the Mag 7, Prominent Investor Says"
2025-05-14,Advocacy group threatens Meta with injunction over use of EU data for AI training
2025-05-14,Meta Platforms (NasdaqGS:META) Reports Robust Q1 2025 Earnings Growth
2025-05-14,Tracking Christopher Davis' Davis Selected Advisers 13F Portfolio - Q1 2025 Update
2025-05-14,"Meta: Positive Outlook, But Innovation And Margin Risks Remain"
2025-05-14,10 Advertising & Media Stocks That Could Tank If Recession Hits
2025-05-15,"Mag 7 gains, fairly valued market, risk: Trading Takeaways"
2025-05-15,Bridgewater reveals its top buys and sells of Q1 in latest filing
2025-05-15,"Mark Zuckerberg Once Set Up A Facebook Account For Brooklyn Nine-Nine Star Andy Samberg, Then Personally Played Tech Support When Things Went A Bit Haywire"
2025-05-15,Nvidia-backed CoreWeave whipsaws as investors digest $23 billion capital expenditure plan
2025-05-15,"Silicon Valley's conference season kicks off amid AI, tariff trepidation"
2025-05-15,"CoreWeave stock sinks as company discloses $23 billion capex plan, $4 billion OpenAI commitment"
2025-05-16,What’s Behind The 400% Rise In META Stock? - Forbes
2025-05-22,Pershing Square Buys Amazon Stake After 31% Drop in Stock Price - Bloomberg.com
2025-05-28,"Is Meta Stock A Buy? Facebook Parent Shares Rebounding After Tariff Deal, Q1 Earnings - Investor's Business Daily"
2025-06-04,Why Meta Stock Popped Today - Yahoo Finance
2025-06-04,"Amazon Stock, Meta Get Price-Target Hike From Analyst After Tariff Relief - Investor's Business Daily"
2025-06-04,"4 Reasons Meta Platforms Is the Best AI Stock of the ""Magnificent Seven"" - Yahoo Finance"
2025-06-04,Why Meta Stock Popped Today - The Motley Fool
2025-06-05,Analyst Says Meta Platforms (META) Should Be ‘Core Portion’ of Your Portfolio - Yahoo Finance
2025-06-06,Here's Why Meta Platforms (META) is a Strong Growth Stock
2025-06-06,"Meta Platforms, Inc. (META)’s Tells You How Cool Ryan Reynolds Is, Says Jim Cramer"
2025-06-06,"Big Tech ETF rises sharply, driven by Tesla’s large rebound"
2025-06-06,"Meta Platforms Rises 17% Year to Date: Buy, Sell or Hold META Stock?"
2025-06-06,"Shopify, Citi named signature picks at Wells Fargo"
2025-06-06,Here’s how much a ‘Bro Billionaire’ group of stocks is trouncing small caps under Trump
2025-06-06,Harbor Long-Term Growers ETF Q1 2025 Commentary
2025-06-06,"Yes, Top Funds Love Meta, Nvidia And Palantir. But They Go Absolutely Nuts For This AI Stock."
2025-06-06,"Ciena Delivers Growth, But Not Value"
2025-06-06,"Broadcom, the $1 Trillion Stock You Shouldn’t Ignore, Makes AI Investment Case"
2025-06-06,Can Canada Emerge As An Energy Superpower?
2025-06-07,How the World’s Wealthy Got Larger and Richer in 2024
2025-06-07,Why Centrus Energy Stock Soared Higher This Week
2025-06-07,Up 725% in 10 Years: Why This Could Be Wall Street's Next Big Stock Split
2025-06-07,Prediction: Meta Platforms Will Be a $3 Trillion Company in 5 Years
2025-06-07,Meta: Reality Labs Could Take Off Sooner Than Later
2025-06-07,QQA: New Option Strategy ETF In The Nasdaq 100
2025-06-07,Up 725% in 10 Years: Why This Could Be Wall Street's Next Big Stock Split - The Motley Fool
2025-06-08,FFLC: Excellent Active ETF With Reasonable Fees
2025-06-08,Constellation Energy: An Interesting And Volatile Utility Play Driven By AI
2025-06-08,Why the tech trade is still 'alive and well'
2025-06-08,"Consumer Tech News (Jun 2-Jun 6): Amercia Witnesses Surge In Layoffs, Tesla Norway Sales Jumps 213% In May & More"
2025-06-08,Wall Street Brunch: Inflation Expected To Rise
2025-06-08,2 Artificial Intelligence (AI) Stocks to Buy and Hold for the Next 20 Years
2025-06-08,Value Meets Growth: 3 Artificial Intelligence (AI) Stocks Even Warren Buffett Might Respect
2025-06-08,Meta in talks for Scale AI investment that could top $10 billion
2025-06-08,"Meta in talks for Scale AI investment that could top $10 billion, Bloomberg News reports"
2025-06-08,Meta In Talks For Scale AI Investment That Could Top $10 Billion - Bloomberg News
2025-06-08,Corporate Cash Levels Are Starting to Fall
2025-06-08,"Meta in talks over Scale AI investment that could exceed $10 billion, Bloomberg reports"
2025-06-09,CSQ: Continuing To Outperform And Good Wealth Protection Against Dollar Devaluation
2025-06-09,TCW Transform Systems ETF Q1 2025 Commentary
2025-06-09,Rednote joins wave of Chinese firms releasing open-source AI models
2025-06-09,Ex-Goldman Executive On Circle's 168% IPO Spike: Don't Rush To Buy Stock As Bankers Engineer A 'Pop' — Cites Facebook Example (CORRECTED)
2025-06-09,Meta Set to Throw Billions at Startup That Leads AI Data Market
2025-06-09,Meta Says That Link Posts on Threads Are Seeing Better Performance
2025-06-09,Meta Looks to Expand AI Development by Investing in Scale AI
2025-06-09,Meta reportedly in talks to invest billions of dollars in Scale AI
2025-06-09,Citi Lifts S&P 500 Estimate as Stocks Eye New Record
2025-06-09,Meta Reportedly In Talks To Invest Billions In Startup Scale AI
2025-06-09,"Meta, Robinhood & AppLovin, Circle: Trending Tickers"
2025-06-09,Companies raced to buy back their own stock as prices plunged
2025-06-09,"FEPI: Gigantic Tech Yield, But Don't Ignore The Downside Risk"
2025-06-09,Magnificent Seven Stocks: Nvidia Rallies; Tesla Slides On Downgrade
2025-06-09,Meta in talks to invest more than $10bn in Scale AI
2025-06-09,"As tech leads, which stocks have outperformed since April 8 rout?"
2025-06-09,Beyond The Screen: How Meta's Glasses Will Reshape Our Lives
2025-06-09,TCW Transform Supply Chain ETF Q1 2025 Commentary
2025-06-09,What AI is already disrupting
2025-06-10,Is Meta Stock A Buy? AI Push Powers Breakout With Tariff Threat Easing - Investor's Business Daily
2025-06-10,Thornburg Summit Fund Q1 2025 Commentary
2025-06-10,Apple Needs More Time for AI. Why It’s Running Out Fast for the Stock.
2025-06-10,QQQM: Taking A Deeper Look At This Nasdaq-100 ETF
2025-06-10,SQQQ: Benefits And Risks Of A Leveraged Bear ETF
2025-06-10,2 Social Media Stocks That Are Screaming Buys in June
2025-06-10,"Mooove Over, Magnificent Seven. It’s Time to Invest in COW."
2025-06-10,Meta's Threads to test direct messaging feature in select markets
2025-06-10,American Century Growth Fund Q1 2025 Commentary
2025-06-10,Megacap stocks aren’t all up in 2025. But this chart shows they’ve trounced the S&P 500’s smallest equities.
2025-06-10,Meta Plans New 'Superintelligence' AI Group
2025-06-10,CoreWeave Says It Can Deliver Shareholder Returns. These Analysts Are Skeptical.
2025-06-10,"IBM, Zuckerberg's Meta AI team, McDonald's: Trending Tickers"
2025-06-10,Here's Why Meta Platforms (META) is a Strong Momentum Stock
2025-06-10,Meta Says Rolling Out Direct Messaging On Threads App
2025-06-10,Snap to launch smart glasses for users in 2026 in challenge to Meta
2025-06-10,Mark Zuckerberg is reportedly recruiting a team to build a ‘superintelligence’
2025-06-10,CoreWeave and Palantir Get Meme Stock Comparisons as Shares Soar
2025-06-10,"Micron: Why The Stock Is Rising, And Where It's Going Next"
2025-06-10,5 Things to Know Before the Stock Market Opens
2025-06-10,Russian MPs back new state messaging app to combat WhatsApp and Telegram
2025-06-10,Meta Has Agreed To Take 49% Stake In Data Labeling Firm Scale AI For $14.8 Billion - The Information
2025-06-10,"Billionaire Dan Loeb Just Sold Meta and Tesla Stocks and Piled Into This Hot AI Stock Up 1,500% Over the Past 5 Years"
2025-06-10,Wall Street Lunch: Zuckerberg Assembles Team To Advance Artificial General Intelligence
2025-06-10,"Zuckerberg Assembling 'Superintelligence' AI Team at Meta, Report Says"
2025-06-10,The next tech revolution probably won’t look anything like the last one
2025-06-10,Apple Still Won’t Ride the AI Hype Train
2025-06-10,"DV Q1 Earnings Call: Revenue Growth Outpaces Expectations, Profitability Lags"
2025-06-10,American Century Focused Global Growth Fund Q1 2025 Commentary
2025-06-10,Mark Zuckerberg hiring to form 'superintelligence' AI team
2025-06-10,"Meta's Zuckerberg hiring for new 'superintelligence' AI team, Bloomberg News reports"
2025-06-10,"Meta's Zuckerberg is hiring for new AI team, Bloomberg News reports"
2025-06-10,"Mark Zuckerberg Personally Hiring To Create New ""Superintelligence"" AI Team - Bloomberg News"
2025-06-10,Tracking Saudi Sovereign Wealth Fund's 13F Portfolio - Q1 2025 Update
2025-06-10,"Want $1 Million in Retirement? Invest $100,000 in These 3 Stocks and Wait a Decade"
2025-06-10,Amazon wants to become a global marketplace for AI
2025-06-10,"Was Jim Cramer Right About Meta Platforms, Inc. (META)?"
2025-06-11,How Meta Platforms Became 2025’s Standout Tech Stock
2025-06-11,"Meta to pay nearly $15 billion for Scale AI stake, The Information reports"
2025-06-11,Meta CEO Zuckerberg Eyes AGI Breakthrough With New 'Superintelligence' Unit
2025-06-11,"Meta to Buy 49% of Scale AI for $14.8 Billion, CEO to Join Superintelligence Team"
2025-06-11,Meta's Zuckerberg aiming to dominate AI race with recruiting push for new ‘superintelligence’ team: report
2025-06-11,"2 Trump allies bought Tesla before Musk fallout, lawmaker trading reports show"
2025-06-11,"Meta in Talks to Invest $14 Billion in Scale AI, Hire CEO Alexandr Wang"
2025-06-11,The Rare Earth Rerun
2025-06-11,Tracking RenTech's 13F Portfolio - Q1 2025 Update
2025-06-11,Meta ready to invest heavily in Scale AI
2025-06-11,7 Communication Services Stocks Whale Activity In Today's Session
2025-06-11,"Why Pro Investor Gary Black Ditched Tesla To Bet On Nvidia, Amazon, Meta And DoorDash?"
2025-06-11,"Market Chatter: Meta Platforms, TikTok Challenge EU Digital Services Act Fee in Court"
2025-06-11,"GitLab, SailPoint, Meta-Scale AI deal: Trending Tickers"
2025-06-11,Meta to acquire 49% stake in Scale AI for $15bn
2025-06-11,Trump-Musk fight reveals fragility of relationship between Silicon Valley and White House
2025-06-11,"'Circle' In On The Next Palantir, Nvidia Or Hot IPO. Here's How."
2025-06-11,How To Trade Stocks: This Type Of Chart Pattern Took Facebook Stock On 47% Run
2025-06-11,Megacap Stocks Aren’t Trading in Tandem Anymore. Why They Are Still Winners.
2025-06-11,Meta and TikTok challenge tech fees in major EU court
2025-06-11,"Can This Unstoppable Stock Join Microsoft, Nvidia, Apple, Amazon, Alphabet, Meta Platforms, and Tesla in the $1 Trillion Club?"
2025-06-11,Artisan Value Fund Q1 2025 Commentary
2025-06-11,The biggest IPOs look a lot like the biggest stocks in the market: Morning Brief
2025-06-11,Meta’s Scoping Out a Superintelligence Lab
2025-06-11,Is Meta Stock A Buy? AI Push Powers Breakout With Tariff Threat Easing
2025-06-11,"Meta Launches Generative AI Video Editing Feature In Meta AI App, Meta.AI Website & Edits App"
2025-06-11,American Century Ultra Fund Q1 2025 Commentary
2025-06-11,Musk's Dispute With Trump Puts Tesla In An Even Worse Position
2025-06-11,Meta and TikTok challenge tech fees in second highest EU court
2025-06-11,AI Bets That Fueled Big Tech’s Surge Now Threaten Rich Profits
2025-06-11,Meta Introduces V-JEPA 2
2025-06-11,Does This News Make Meta Platforms Stock a Buy?
2025-06-11,Where Will Meta Platforms Be in 1 Year?
2025-06-11,Nvidia CEO Sees Tenfold Increase in Europe’s AI Computing Power
2025-06-12,"Pomerantz Law Firm Investigates Claims On Behalf of Investors of Meta Platforms, Inc. - META"
2025-06-12,Facebook chatbot shares boomers’ relationship questions with the world
2025-06-12,"Oracle Sees ‘Dramatically Higher’ Sales, Boosting Cloud Momentum"
2025-06-12,'Mag 7' turned 'Mid 7': Is 2025 the end of tech dominance?
2025-06-12,AMD Stock: Why It's Going Up And Should Continue Going Up
2025-06-12,"AMD Introduces AI-Focused MI350 Series, Part of ‘Vision for an Open AI’ Ecosystem"
2025-06-12,Xgs Energy And Meta To Partner On 150 MW Advanced Geothermal Project
2025-06-12,Meta Sues Company Behind AI App That Creates Fake Nude Images
2025-06-12,"Meta Sues Entity Behind Crushai, Cracks Down On Nudify Apps"
2025-06-12,Meta Platforms : Taking Action Against ‘Nudify’ Apps
2025-06-12,Spain's Multiverse raises $217 million for compressing AI models
2025-06-12,AMD Unveils New AI Chips to Take On Nvidia
2025-06-12,GOP Senator On Armed Services Committee Buys This Defense Stock In Potential Conflict Of Interest
2025-06-12,Meta Takes Legal Action Against AI Apps That Generate Fake Nude Images
2025-06-12,"Meta Launches Lawsuit Against 'Nudify' AI Company Over Facebook, Instagram Ads"
2025-06-12,Cathie Wood Says Trump Era Is Reviving Corporate Risk Appetite
2025-06-12,Trump's First Six Months: These 4 Markets Crush S&P 500 As Tariffs Boomerang
2025-06-12,Apple: Risk Of Falling Behind In AI Race Increases After Disappointing WWDC Event
2025-06-12,Elon Musk’s X Has a New Show. Two of the Stars Are Under Investigation.
2025-06-12,"Meta, TikTok challenge EU’s Digital Services Act fee in court"
2025-06-12,Sizzling Rally in US Stocks Leaves Them Pricey Compared to Bonds
2025-06-12,Meta Sues Hong Kong Firm in Crackdown on Deepfake Nude Apps
2025-06-12,The AI Bubble: Advanced AI Faces A 'Complete Accuracy Collapse'
2025-06-12,Most Americans Question Online Financial Information
2025-06-12,Tech Giants’ New AI Ad Tools Threaten Big Agencies
2025-06-12,Meta sues AI ‘nudify’ app Crush AI for advertising on its platforms
2025-06-12,Meta's AI Will Kill Agencies And Capture The Spoils
2025-06-12,Pop Mart’s 200% Stock Rally Spurs Rush to Hike Price Targets - Bloomberg.com
2025-06-12,FPA Crescent Fund Q1 2025  Commentary
2025-06-12,Meta's Oversight Board Reviews Three Cases On Hate Group Symbols
2025-06-12,Energy Deal Creates Technical Bullish Signal for Meta Platforms Stock (META)
2025-06-12,Meta in Talks to Invest $14 Billion in Scale AI
2025-06-12,Meta Platforms (META) Bets Big on AGI With $10 Billion Push and New AI Dream Team
2025-06-12,Vercept Raises $16M With Google Legend And Dropbox Co-Founder Backing To Build Future Of Workflows With Vision-Based Mac App Called Vy
2025-06-12,Brazil's top court votes to hold social media platforms accountable for user posts
2025-06-12,Brazil's top court forms majority to hold social media platforms accountable for users' posts
2025-06-12,How Amazon’s Nuclear Deal Could Solve a Touchy Political Problem
2025-06-12,Meta: Neutral - Benefitting From Strong AI Execution But Priced To Perfection
2025-06-12,"Nvidia, Samsung Plan Investments in Robotics Startup Skild AI"
2025-06-12,Prediction: This Artificial Intelligence (AI) Stock Could Be the Next Nvidia -- and It's Not What You Think
2025-06-12,Meta Platforms (META) Suffers a Larger Drop Than the General Market: Key Insights
2025-06-13,Option traders moderately bearish in Meta Platforms (Facebook) with shares down 0.15%
2025-06-13,"David Sacks Selling Stakes In xAI, Meta And Other AI Companies - Axios"
2025-06-13,Meta Finalizes Investment and Acquihire of Scale AI
2025-06-13,Deals of the day-Mergers and acquisitions
2025-06-13,"Big Tech Companies Helped Fund Trump's Inauguration, Now They Could Be Funding His Military, Birthday Parade"
2025-06-13,Meta invests $14.3B in AI firm Scale and recruits its CEO for 'superintelligence' team
2025-06-13,"Meta Finalizes $14.3 Billion Scale Investment, Hires Its CEO"
2025-06-13,Meta's Scale AI stake buyout spotlights other major deals amid regulatory risks
2025-06-13,"Meta AI’s discover feed is full of people’s deepest, darkest personal chatbot conversations"
2025-06-13,Meta Says Scale AI Founder Alexandr Wang Will Join Meta To Work On Our Superintelligence Efforts - Spokesperson
2025-06-13,"Meta finalizes $14.3 billion investment in Scale AI, sources say, poaching CEO Wang"
2025-06-13,"Meta finalizes investment in Scale AI, valuing startup at $29 billion"
2025-06-13,Scale AI Announced New Investment From Meta Platforms That Values Scale At Over $29 Billion
2025-06-13,"Meta finalizes $15 billion deal for Scale AI stake, Axios reports"
2025-06-13,Meta Finalizes $15 Billion Deal For Scale AI Stake - Axios
2025-06-13,Meta Sues Crush AI to Block 'Nudify' Ads
2025-06-13,Meta Sues Over AI Nude Scandal -- Deepfake Sextortion Sparks Global Crackdown
2025-06-13,Meta Platforms (NasdaqGS:META) Eyes US$14 Billion Investment In Scale AI For AI Revamp
2025-06-13,Meta poaches 28-year-old Scale AI CEO after taking multibillion dollar stake in startup
2025-06-13,Factbox-Meta's Scale AI stake buyout spotlights other major deals amid regulatory risks
2025-06-13,"Meta Invests Big in Startup Scale AI, Brings On Its CEO for AI Development Efforts"
2025-06-13,Scale AI Gets Meta Investment That Values It at More Than $29 Billion
2025-06-13,Google Search Is Fading. The Whole Internet Is At Risk.
2025-06-13,Broadcom Has Quietly Become a Top Tech Stock. AI Chips Are Driving Its Growth.
2025-06-13,"Meta Finalizes Scale AI Deal, Recruits Startup's CEO For AI 'Superintelligence'"
2025-06-13,"Deal Dispatch: Chicken Chains, Solar Pains And Disney's Hulu Gains — Plus, Why Big Tech Should Break Up"
2025-06-13,Meta and XGS Energy link to develop geothermal project in New Mexico
2025-06-13,The Deficit Narrative May Find Its Cure In Artificial Intelligence
2025-06-13,Israel-Iran Conflict Is Just a Setback on the S&P 500’s Path to 7000
2025-06-13,Meta signs deal for advanced geothermal power in New Mexico
2025-06-13,Meta invests in Scale AI and appoints founder to lead AI unit
2025-06-13,The 2025 stock market rally is about more than just the 'Magnificent 7': Morning Brief
2025-06-13,OpenAI to continue working with Scale AI after Meta deal
2025-06-13,"Meta scores a double win with Scale AI, securing both capital and leadership"
2025-06-13,New Army Reserve Unit Enlists Silicon Valley Executives to Upgrade Tech
2025-06-13,The 28-year-old wunderkind Zuckerberg is betting $15bn on
2025-06-13,"Microsoft Hits an All-Time High. Here's Why These 2 ""Magnificent Seven"" Stocks Could Be Next."
2025-06-13,Meta’s effort to revamp AI takes shape with reported $14.3 billion investment in Scale AI
2025-06-13,"Scale AI, Inc. announced that it has received $14.3 billion in funding from Meta Platforms, Inc."
2025-06-13,"Prediction: This Stock Is Up Over 1,700% And Will Be A Strong Stock Split Candidate in 2025 - 24/7 Wall St."
2025-06-14,IYY Vs. IWB: Fast Facts On Two Top 1000 ETFs
2025-06-14,Tech Declines as AI Enthuasiasm Fades - Tech Roundup
2025-06-14,"Google, Scale AI's largest customer, plans split after Meta deal, sources say"
2025-06-14,Meta's $14.3 Billion AI Power Play: Why Zuckerberg Just Bet Big on Scale AI
2025-06-14,"Exclusive-Google, Scale AI's largest customer, plans split after Meta deal, sources say"
2025-06-14,Meta's $14.8 billion Scale AI deal latest test of AI partnerships
2025-06-14,Meta Platforms (NasdaqGS:META) Eyes US$14 Billion AI Investment and Expands Geothermal Power
2025-06-14,Meta In Talks To Invest Over $10B In Scale AI — Possibly The Biggest Private AI Deal This Year
2025-06-14,Morning Movers: Meta Platforms dips following big investment in Scale AI
2025-06-14,"JUST: ESG ETF Doing The Job, But Not The Best"
2025-06-14,"Investors Watch Out For Core Retail Sales, With Accenture And Kroger Set To Report Earnings"
2025-06-14,Important Warning For Infrastructure Stocks: 4 Major Looming Risks
2025-06-14,Influencer Marketing Gains Ground as Global Ad Budgets Tighten
2025-06-14,PayPal: Healthy FCF And Buybacks Can Improve Bullish Sentiment
2025-06-14,Analysis-Meta's $14.8 billion Scale AI deal latest test of AI partnerships
2025-06-14,We Stayed For The Rise And Left Before The Fall On Meta Stock
2025-06-14,Meta (META) Doubles Down on AI with $29B Bet on Scale AI
2025-06-14,"The Army’s Newest Recruits: Tech Execs From Meta, OpenAI and More"
2025-06-14,Stream On
2025-06-16,Meta Stock Gains After Announcing WhatsApp Ad Plan. Shares Also Get Wall Street Price Target Hike. - Investor's Business Daily
2025-06-19,Here's How Much a $100 Investment in Facebook in 2012 Is Worth Today - GOBankingRates
2025-06-20,Meta Platforms Launches Ads on WhatsApp. Should You Buy Shares of META Stock Now? - Yahoo Finance
2025-06-22,10 Stock Splits Investors Could See Happen by 2026 - The Motley Fool
2025-06-23,The Only Magnificent 7 Stock To Never Split Its Shares May Do So in 2025 - 24/7 Wall St.
2025-06-24,"Meta Platforms, Inc. (META): A Bull Case Theory - Yahoo Finance"
2025-06-24,Stock-Split Watch: Is This AI Stock That's Soared 300% Next on the List? - The Motley Fool
2025-06-25,"Meta Platforms, Inc. (META)’s Meta AI “Is The Worst,’ Says Jim Cramer - Yahoo Finance"
2025-06-25,Is Meta Platforms Stock a Buy Right Now? - Yahoo Finance
2025-06-25,Is Meta Platforms Stock a Buy Right Now? - The Motley Fool
2025-06-26,Meta Wins Price Target Hike Amid Artificial Intelligence Shake-up - Investor's Business Daily
2025-06-27,"Is META Stock a Buy, Sell, or Hold as Meta Platforms Launches New v-JEPA 2 AI Model? - Yahoo Finance"
2025-06-27,"Meta Stock Price Prediction 2025, 2026, 2030, 2040, 2050 - shareprice-target.com"
2025-06-30,"Meta puts finfluencers on notice: Sebi verification now mandatory for investment ads on Facebook, Instagra - The Economic Times"
2025-06-30,"UBS Raises PT on Meta Platforms (META) Stock, Maintains Buy - Yahoo Finance"
2025-07-01,"Why Is Meta Stock Price Going Up Today? Zuckerberg’s META Shares Hit New All-Time High, Rising 26% in 2025 - Finance Magnates"
2025-07-01,Meta to Announce Second Quarter 2025 Results - Meta Investor Relations
2025-07-01,Peter Thiel sold 20 million shares of Facebook just months after its IPO—but they’d be worth nearly $15 billion more if he had held on - Fortune
2025-07-09,Meta Stock Gains. Analysts Up Price Targets With Tech Giant's Q2 Report Approaching. - Investor's Business Daily
2025-07-09,Meta Takes Minority Stake in Maker of Ray-Ban Glasses
2025-07-09,"Trump tariffs, Nvidia hits $4 trillion market cap, Mark Zuckerberg's big summer: Opening Bid takeaways"
2025-07-09,CoreWeave-Core Scientific deal pushes AI merger tally over $65 billion as M&A market thaws
2025-07-09,Top Midday Stories: Nvidia Hits $4 Trillion Market Cap; Merck to Acquire Verona for $10 Billion
2025-07-09,Fullcast Announces GTM Live
2025-07-09,Cut Through The Froth: Top 5 'GARP' AI Stocks
2025-07-09,French competition authority to investigate Meta's online advertising practices
2025-07-09,Powering AI: Why Big Tech Needs More Than Just Nvidia
2025-07-09,Meta Has Surged on the Back of AI Software. Why Hardware Is the Next Play.
2025-07-09,Nvidia Stock Hit the $4 Trillion Mark. The Mag 7 Is Back.
2025-07-09,Nvidia becomes first company to reach $4 trillion market value
2025-07-09,AES Stock Jumps 16%. Why the AI Data Center Play Is Soaring.
2025-07-09,France's General Rapporteur announces that an objection has been notified to the Meta group - statement
2025-07-09,Blok is using AI personas to simulate real-world app usage
2025-07-09,Will Meta Platforms (META) Beat Estimates Again in Its Next Earnings Report?
2025-07-09,"Apple Has Dropped the Ball on AI. Buying Perplexity Could Help It Catch Up, Say Analysts."
2025-07-09,"Apple should acquire Perplexity AI to boost AI strategy, says Wedbush"
2025-07-10,Chinese City Harbin Leverages Winter Games to Build Global Brand
2025-07-10,"xAI Launches Grok 4 Model, Which Has Achieved New Industry Benchmarks"
2025-07-10,Stock indexes are back at record highs — even if individual stocks aren’t
2025-07-10,"As X loses its CEO, daily usage is down and competition is growing"
2025-07-10,ClearBridge Appreciation Strategy Q2 2025 Commentary
2025-07-10,Big Tech ETF rises as Tesla sees large jump
2025-07-10,"Meta Platforms Enticed Apple AI Executive With $200M Pay Package, Report Says"
2025-07-10,The world’s 10 richest people: The wealthiest have $100 billion or more
2025-07-10,Wall Street Lunch: Meta Intensifies AI Hiring War With Mega Offers
2025-07-10,Jack Ma-Backed Ant to Add Circle’s Stablecoin to Global Net
2025-07-10,Gene Munster Explains Two Potential Growth Catalysts for Apple (AAPL) Stock
2025-07-10,Grok 4's Launch May Signal AI's Next Wave: The Case For SOXL
2025-07-10,Can Intel Be Leaner & More Agile by Laying Off 529 Employees?
2025-07-10,Meta: targeted for alleged advertising abuses
2025-07-10,Longriver Partners Fund’s Views on Advanced Micro Devices (AMD)
2025-07-10,We Better Hope Q2 Earnings Don't Disappoint
2025-07-10,"Apple Needs To Get Bold on AI, Says iPod Co-Inventor"
2025-07-10,NVIDIA Hits $4 Trillion Market-Cap Milestone: ETFs in Focus
2025-07-10,Meta Platforms’ (META) AI Journey of Success and Turbulence
2025-07-10,Microsoft Stock Has Outperformed in 2025. Can It Keep Going?
2025-07-10,"Is Meta's $14.3 Billion Bet on Scale AI Too Little, Too Late?"
2025-07-10,Will Meta Platforms' New Superintelligence Labs Division Send the Stock Soaring to New Heights?
2025-07-10,"Dow climbs, Nasdaq slides as Big Tech struggles"
2025-07-10,Opinion: Maybe helping with the Golden Dome will placate Trump
2025-07-10,"Nvidia has the best product, but its real edge is having the best customers"
2025-07-10,Meta faces scrutiny in France over advertising practices
2025-07-10,Allen & Co. media & tech conference: Who's going & deals to watch
2025-07-10,Sector Update: Tech Stocks Gain Wednesday Afternoon
2025-07-10,"Photos: Tim Cook, Sam Altman and Silicon Valley’s elite arrive at the ‘summer camp for billionaires’"
2025-07-10,"Apple Should Consider Replacing Tim Cook as CEO, LightShed Says"
2025-07-10,BWX Technologies Is a Nuclear Power Stock That’s Ready to Run: Technical Analysis
2025-07-10,Microsoft Touts $500 Million AI Savings While Slashing Jobs
2025-07-10,Trillion-dollar companies: 9 most valuable mega-cap stocks
2025-07-10,Nvidia's $4 trillion milestone caps rise of stock market behemoth
2025-07-10,"Andreessen Horowitz Leaves Delaware for Nevada, Tells Startups to Follow"
2025-07-10,Sector Update: Tech Stocks Advance Late Afternoon
2025-07-10,AI Is Slamming the Advertising Business. This Company’s Earnings Are Another Warning.
2025-07-10,Nasdaq Rises to Record as Traders Parse Fed Minutes
2025-07-10,How Nvidia Became the World’s First $4 Trillion Company
2025-07-10,Apple (AAPL) AI Chief Jumps to Meta—Evercore Still Bullish With $250 Target
2025-07-10,Meta Platforms (META) Laps the Stock Market: Here's Why
2025-07-10,New House bill could let Tesla and Meta skip SEC rules
2025-07-10,Linda Yaccarino Ducks Out of X’s New Grok Era
2025-07-10,Meta Poached Apple’s Pang With Pay Package Over $200 Million
2025-07-10,"Dow Jones Futures: Nvidia Chipmaker Due; AI Plays Rubrik, Astera Labs Flash Buy Signals"
2025-07-10,Meta Stock Gains. Analysts Up Price Targets With Tech Giant's Q2 Report Approaching.
2025-07-10,Only 35% of Americans Feel on Track For Retirement. Here Are 2 Stocks to Buy Now and Hold For Decades.
2025-07-10,"Dow Jones Futures: Nvidia Chipmaker Rises, Delta Flies; AI Plays Rubrik, Astera Labs Flash Buy Signals"
2025-07-10,Earnings Preview: What To Expect From Meta Platforms’ Report
2025-07-10,EU's top court adviser sides with Italy in Meta Platforms dispute
2025-07-10,HELO: Cutting Volatility And Market Upside As Well
2025-07-10,This Tech CEO Is Buying His Company's Shares 'Hand Over Fist' As Analysts See 50% Upside From Current Levels
2025-07-11,"Nvidia Drives AI Stampede With Broadcom, Palantir — And More — In Tow"
2025-07-11,"Bitcoin Pegs Record; ETFs, Miners Basing Ahead Of Crypto Week Legislation Blitz"
2025-07-11,China's Moonshot AI releases open-source model to reclaim market position
2025-07-11,"Piper highlights Meta as best large-cap pick, lifts forecasts on AI strength"
2025-07-11,Broadcom Rides on Strong AI Demand: What's the Path Ahead?
2025-07-11,"Travel Nurses, Inc. Named Top Travel Nurse Agency"
2025-07-11,Mark Zuckerberg is determined to build an AI superteam—and he’s poaching from Sam Altman with multimillion-dollar pay packages
2025-07-11,One tech giant is getting buried in the record-setting stock market
2025-07-11,Update: Market Chatter: Meta Platforms Unlikely to Propose More Changes to Pay-or-Consent Model Despite EU Fine Risk
2025-07-11,Google Search Is Under Attack. Why ChatGPT Won’t Overthrow It Yet.
2025-07-11,Wall Street Has Faith in the TACO Trade. That’s Looking Less Wise.
2025-07-11,"Meta: Hire Away, Zuckerberg"
2025-07-11,Ex-Google and Meta Engineers Launch Nauma: Personalized Financial Planning Tools for Tech Professionals
2025-07-11,"Meta Shares Updated Reels Ads Guide, Including Creative Tips"
2025-07-11,Why Mark Zuckerberg’s AI talent spending spree is no guarantee that Meta will catch up to rivals
2025-07-11,"Indeed, Glassdoor to cut 1,300 jobs amid AI integration, memo shows"
2025-07-11,Nvidia's market value tops $4 trillion
2025-07-11,"'Everybody Is Chasing The Next AI Hype,' Says Investor. But They're Asking: What Are The Boring Stocks With 'Tech-Like Returns?'"
2025-07-11,Musk Vs Zuckerberg: Two Richest Men Battle Over Daily Social Media Users
2025-07-11,Cathie Wood Continues To Back Tesla As Investors Panic Amid Elon Musk's Return To Politics: Calls Robotaxi Bet A Trillion-Dollar Opportunity
2025-07-11,"X and Meta profited from Southport riot misinformation, say MPs"
2025-07-11,FDRR: Look At FCPI Instead
2025-07-11,Big Tech Needs a Way Out of Its AI Cost Spiral. These 2 Stocks Could Benefit.
2025-07-11,"Meta Platforms, Inc. (META) “Still Has A Low Multiple,” Says Jim Cramer"
2025-07-11,Meta's Aggressive Hiring Sprees May Further Drive Its Rally
2025-07-11,"Meta won't tweak pay-or-consent model further despite risk of EU fines, sources say"
2025-07-11,5 Monster Stocks to Hold for the Next 5 Years
2025-07-11,Dan Ives Says Apple (AAPL) Must Acquire Perplexity—Here’s Why It’s a ‘No-Brainer’
2025-07-11,Meta Gets $800 Price Target—Analyst Sees Strong Q2 and AI-Led Growth
2025-07-11,Is This Magnificent 7 Stock Still Worth the Hype in 2025?
2025-07-11,Meta Platforms (META) Surpassed Investor Expectations in Q2
2025-07-11,Warren Buffett Doesn't Own Nvidia — But His 3 Picks Are Better
2025-07-11,"CGDV: Buy For Value, Stay For Dividend Growth"
2025-07-11,"Exclusive-Meta won't tweak pay-or-consent model further despite risk of EU fines, sources say"
2025-07-11,A Decade Of Change: How Tech Evolved In The Last Five Years And Bold Bets For The Next Five
2025-07-11,"Meta reportedly unlikely to change pay-or-consent model, faces EU fines"
2025-07-11,Magnificent 7 Crush EU Giants—Jamie Dimon Tells Europe: 'You're Losing'
2025-07-12,Machine Learning Engineer Interview Preparation Course 2025 - Top ML Jobs and Salary at Google Amazon Facebook Netflix Microsoft Updated
2025-07-12,Mark Zuckerberg Poaches Sam Altman's Talent With Multimillion-Dollar Offers To Build Meta's AI Team
2025-07-12,Trump Tax Law Quietly Takes Aim at Popular Perk: Office Snacks
2025-07-12,Five Themes for Investors to Watch as Earnings Season Kicks Off
2025-07-12,Trump threatens to revoke Rosie O'Donnell's U.S. citizenship
2025-07-12,Sector Update: Tech Stocks Softer in Afternoon Trading
2025-07-12,Trump’s America Inc. Is Open. He Needs to Act Like Its CEO.
2025-07-12,Wall Street giant issues stark message on S&P 500
2025-07-12,"Indeed, Glassdoor cutting about 6% of staff; sites to merge operations"
2025-07-12,Sector Update: Tech Stocks Fall Late Afternoon
2025-07-12,Mark Zuckerberg Once Revealed That Getting Into Harvard Made His Mom And Dad Prouder Than Building Facebook —Spills The Beans On Why No One Talked To Him At His First Class
2025-07-12,"OpenAI’s $3 billion deal with AI coding startup Windsurf collapses, as Google swoops in for licensing deal"
2025-07-12,Wall Street hits record highs as Nvidia tops $4T and Trump ramps up trade tensions
2025-07-12,Apple CEO Tim Cook has created more shareholder value than Steve Jobs. But suddenly his weaknesses are on display in the AI era
2025-07-12,EU plans new tax on big corporates to boost budget -FT
2025-07-12,"Meta Acquires Voice AI Startup PlayAI, Continuing to Add Talent"
2025-07-12,Google hires Windsurf CEO and researchers to advance AI ambitions
2025-07-12,Google hires Windsurf execs in $2.4 billion deal to advance AI coding ambitions
2025-07-12,"Google is said to pay $2.4 billion for Windsurf assets, talent"
2025-07-12,Should You Buy Meta Platforms Stock Before July 30?
2025-07-12,7 Stocks I'm Buying As Tariffs And Deportations Prowl Behind The Rally
2025-07-13,When You Should (And Shouldn't) Buy DIVO Instead Of SCHD
2025-07-13,Meta Just Boosted Its Stake in Ray-Ban’s Parent—Analysts See AI Potential
2025-07-13,Patient Capital Management Q2 2025 Investment Review
2025-07-13,Patient Capital Management Q2 2025 Commentary
2025-07-13,"Consumer Tech News (July 7–July 11): Nvidia Hits $4 Trillion, Japan Tariffs Rattle Markets, Hopes Rise For Trump–Xi Summit"
2025-07-13,Rowan Street Q2 2025 Letter
2025-07-13,Trump's FTC Chairman Is Becoming MAGA’s Answer to Lina Khan
2025-07-13,Why The June 2025 CPI Report Is A Tale Of Two Contradictions
2025-07-13,3 Artificial Intelligence (AI) Stocks That Are Hands-Down Better Picks Than Palantir Right Now
2025-07-13,'Magnificent 7' check-in: Why these 3 names might not 'belong'
2025-07-13,"Meta Platforms, Inc. (META): Jim Cramer Wants Smartglasses To Translate Language"
2025-07-13,Could diffusion models become YouTube and Meta’s next growth drivers?
2025-07-14,"Similar to Los Alamos in 1940s, Los Lunas getting transformed by tech"
2025-07-14,"Oracle: Moving Into The Big Leagues, But Shares Look Frothy (Downgrade)"
2025-07-14,Meta strengthens portfolio with PlayAI acquisition
2025-07-14,ShengShu Technology Launches 'Vidu Creative Leap Program' for Automating Ad and E-Commerce Creatives at Scale with Vidu API
2025-07-14,"Meta investors, Zuckerberg to square off at $8 billion trial over alleged privacy violations"
2025-07-14,AppLovin Stock: Wall Street's Most Misunderstood AI Winner?
2025-07-14,McGraw Hill and NIQ to test appetite for IPOs by mature companies with billions in sales
2025-07-14,Zuckerberg Shells Out Lavishly for Superintelligence Super Team
2025-07-14,Five EU states to test age verification app to protect children
2025-07-14,"It's Official -- Nvidia Hit a $4 Trillion Valuation. Here Is the Next ""Magnificent Seven"" Stock I Think Will Hit a Historical Milestone This Year."
2025-07-14,Meta CEO Mark Zuckerberg says going to invest hundreds of billions of dollars into compute to build superintelligence - Threads
2025-07-14,Meta's Zuckerberg pledges hundreds of billions for AI data centers in superintelligence push
2025-07-14,Bytedance developing mixed reality goggles in challenge to Meta - The Information
2025-07-14,Mark Zuckerberg Explains Meta’s AI Spending Spree
2025-07-14,"BRAND NETWORKS ANNOUNCES AIMY, AN AI-POWERED MEDIA BUYING PLATFORM DESIGNED FOR SMALL AND MID-SIZED BUSINESSES"
2025-07-14,How to Find Strong Computer and Technology Stocks Slated for Positive Earnings Surprises
2025-07-14,"Stock Market News for Jul 14, 2025"
2025-07-14,Where Will Arista Networks Be in 5 Years?
2025-07-14,Meta acquires voice startup Play AI
2025-07-14,'ByteDance Developing Mixed Reality Goggles in Challenge to Meta' -  The Information
2025-07-14,Zuckerberg says Meta will invest hundreds of billions in superintelligence
2025-07-14,Meta's new superintelligence lab is discussing major A.I. strategy changes - NYT
2025-07-14,High Conviction Ideas With Next Gen Investors
2025-07-14,Apple Faces Calls to Reboot AI Strategy With Shares Slumping
2025-07-14,Why This 1 Momentum Stock Could Be a Great Addition to Your Portfolio
2025-07-15,Mar Vista U.S. Quality Premier Strategy Q2 2025 Commentary
2025-07-15,Jim Cramer Worries Meta’s Ray-Bans “May Hurt Duolingo’s Business”
2025-07-15,Most S&P 500 Sectors Set For Q2 Earnings Decline
2025-07-15,Meta is reportedly using actual tents to build data centers
2025-07-15,Meta Finds A New Shiny Object To Chase
2025-07-15,European project Eurosky aims to reduce reliance on US tech giants
2025-07-15,Parnassus Core Select ETF Q2 2025 Commentary
2025-07-15,Meta to spend hundreds of billions on data centers
2025-07-15,Trump’s China U-Turn Is a Win for Nvidia. Why Markets Must Be Wary.
2025-07-15,2 ETFs For Solid Returns And Diversification
2025-07-15,Parnassus Core Equity Fund Q2 2025 Commentary
2025-07-15,Parnassus Growth Equity Fund Q2 2025 Commentary
2025-07-15,Meta To Rally Around 8%? Here Are 10 Top Analyst Forecasts For Tuesday
2025-07-15,Dividend Investing Isn't All Sunshine
2025-07-15,Meta: More Than One-Third Of Revenue To Be Spent On AI In FY2025
2025-07-15,Harding Loevner Global Equity Q2 2025 Report
2025-07-15,Big Tech ETF outperforms S&P 500 as Nvidia posts biggest gain in Dow
2025-07-15,Google inks $3B deal to buy hydropower from Brookfield
2025-07-15,Meta's Zuckerberg bets hundreds of billions on AI data centers
2025-07-15,Indian digital payments firm PhonePe names Shivnath Thukral as policy head
2025-07-15,"US AI startups see funding surge while more VC funds struggle to raise, data shows"
2025-07-15,How 1 Rocket Engineer's Vegetarian Engine Could Capture 99% Of CO2 Emissions
2025-07-15,Tech Advances on AI Optimism - Tech Roundup
2025-07-15,"Liberty All-Star® Growth Fund, Inc. June 2025 Monthly Update"
2025-07-15,"Meta to Spend Hundreds of Billions on AI, Says Zuckerberg"
2025-07-15,Meta Just Poached More Top AI Talent. Should You Buy META Stock Here?
2025-07-15,Meta’s superintelligence lab considers shift to closed AI model - NYT
2025-07-15,Market Chatter: Meta's Superintelligence Lab Looks to Shake-Up Its AI Strategy
2025-07-15,"Cognition AI to buy Windsurf, doubling down on AI-driven coding"
2025-07-15,Mark Zuckerberg's Privacy Showdown in Delaware
2025-07-15,SES Receives All Required Regulatory Approvals to Complete Intelsat Acquisition
2025-07-15,Meta Stock Gains As Zuckerberg Pledges 'Hundreds Of Billions' For AI Superintelligence Push
2025-07-15,"Following YouTube, Meta announces crackdown on ‘unoriginal’ Facebook content"
2025-07-15,Meta's big AI bet: Zuckerberg announces massive data center plans
2025-07-15,Meta's Zuckerberg Says New AI Data Center 'Supercluster' Is Set to Come Online Next Year
2025-07-15,Recovery.com Announces New Advertiser Certification Partnership with LegitScript
2025-07-15,Markets Close in the Green; Nasdaq at Fresh Highs
2025-07-15,Meta built its AI reputation on openness — that may be changing
2025-07-15,"Meta’s AI Push Grows with PlayAI Deal, Instagram Engagement Hits New High"
2025-07-15,Wall Street Lunch: June CPI Shows Tariff Impact On Prices
2025-07-15,"Meta Platforms AI Infrastructure Builds Confidence, Signals Higher Spending, BofA Says"
2025-07-15,Stocks Mixed as T-Note Yields Rise
2025-07-15,Why Jamie Dimon thinks asset prices are 'elevated': Opening Bid top takeaways
2025-07-15,Google to Spend $3 Billion for Hydropower from Brookfield
2025-07-15,Is Taboola Poised to Weather Challenges Posed by Walled Gardens?
2025-07-16,Meta Bets Big on AI With First Supercluster Coming Online in 2026
2025-07-16,Meta Nears Billion-Euro Showdown with EU Over Facebook & Instagram Ads
2025-07-16,Meta Platforms (META) Dips More Than Broader Market: What You Should Know
2025-07-16,"Top Stock Reports for Amazon.com, Meta Platforms & Shopify"
2025-07-16,"Tech, Media & Telecom Roundup: Market Talk"
2025-07-16,Meta Stock Gets Price Target Boost But Will Need To 'Make A Case' For Growing AI Costs
2025-07-16,"Uniti Med Recognized as a BluePipes ""Best Travel Nursing Company"" for Third Consecutive Year"
2025-07-16,Nvidia Stock Climbs to New Record. Here’s How Much Revenue H20 Chip Sales Can Drive.
2025-07-16,Coding has emerged as genAI’s killer use case. But what if its benefits are a mirage?
2025-07-16,"S&P 500 Falters as 30-Year Yield Hits 5%. Nasdaq, Nvidia Eye Record Levels."
2025-07-16,Threads Tests Option to Sign-Up for an Account by Using Your Facebook Profile
2025-07-16,Investor Alert: Fraudulent Group Impersonating IG Wealth Management
2025-07-16,Meta's AI moves: How Zuckerberg is the 'ultimate wartime CEO'
2025-07-16,Meta delivers eye-popping AI announcement
2025-07-16,Meta fixes bug that could leak users’ AI prompts and generated content
2025-07-18,ChatGPT: Everything you need to know about the AI-powered chatbot
2025-07-23,Meta Platforms (META) Earnings Expected to Grow: Should You Buy? - Yahoo Finance
2025-07-27,Meta Sees Ad Momentum Ahead of Earnings — Analysts Raise Targets - Yahoo Finance
2025-07-27,What should investors expect from Meta's second quarter earnings results? - ig.com
2025-07-28,Will Higher Ad Revenues Aid Meta Platforms in Q2 Earnings? - Yahoo Finance
2025-07-28,Meta's Strong Revenues May Offset Concerns Over Soaring AI Investments: Analyst - Yahoo Finance
2025-07-29,Wall Street Is Bullish on Meta Stock Ahead of Q2 Earnings. Should You Buy Shares Before July 30? - Yahoo Finance
2025-07-29,Meta Stock Price Levels to Watch Ahead of Facebook Parent's Earnings Report - Investopedia
2025-07-30,"Meta shares climb 10% on revenue beat, raised forecast - CNBC"
2025-07-30,Meta Earnings Due Today. Zuckerberg's Big AI Bets Will Be In Focus. - Investor's Business Daily
2025-07-30,Meta Reports Second Quarter 2025 Results - Meta Investor Relations
2025-07-31,"Meta stock jumps 12% on Q2 earnings beat, better-than-expected Q3 outlook - Yahoo Finance"
2025-07-31,Meta Jumps on Q2 Earnings Beat: ETFs to Tap - Yahoo Finance
2025-07-31,Meta's earnings blowout has destroyed tech's AI concern: Opening Bid top takeaway - Yahoo Finance
2025-07-31,Meta Stock Rockets On Results. 'What Was That? Wow!' - Investor's Business Daily
2025-07-31,Should You Buy Into the Post-Earnings Rally in Meta Platforms Stock? - Yahoo Finance
2025-08-04,"Meta Stock Could Soar Past $1,000 Thanks to AI – Time to Buy? - Yahoo Finance"
2025-08-04,Are Wall Street Analysts Predicting Meta Platforms Stock Will Climb or Sink? - Yahoo Finance
2025-08-05,"Meta vs. Alphabet Stock: The Case for Buying One, Not the Other, After Earnings - Barron's"
2025-08-06,"If You Invested $10K In Meta Platforms Stock 10 Years Ago, How Much Would You Have Now? - Yahoo Finance"
2025-08-06,Any of these 8 tech stocks could become a $5 trillion company before Nvidia does
2025-08-07,"Meta Platforms Rises 7% in a Month: Buy, Sell or Hold the Stock? - Yahoo Finance"
2025-08-09,Meta (META) Downgraded as Growth Is Priced In—But AI Bets Still Impress
2025-08-09,OpenAI’s GPT-5 is out. Here’s what you need to know.
2025-08-09,"Microsoft, Apple, Amazon, and Meta Just Gave Nvidia Investors Great News"
2025-08-09,Traders Are Fleeing Stocks Feared to Be Under Threat From AI
2025-08-09,From Hollywood to Silicon Valley: How Eventbrite's CEO Bet $250K On A Phone Closet Startup
2025-08-09,Prediction: Reddit Stock Could Outperform Meta and Snap Over the Next 12 Months
2025-08-09,Is Apple Stock a Buy After Appeasing President Trump?
2025-08-09,The Eternal Debate Over Valuations
2025-08-09,Is It Too Late To Buy Technology?
2025-08-09,Meta’s $29 billion deal marks pivotal moment for private credit
2025-08-09,Constellation Energy (CEG) Completes Buyback as Earnings Show Mixed Results
2025-08-09,How Much End User Spending Would Justify The AI Capex Wave
2025-08-09,"Meta Picks Pimco, Blue Owl for $29B Data Center Deal"
2025-08-09,Arista Networks (ANET) Gets $145 Price Target as Meta and Microsoft Boost Capex
2025-08-09,"Meta, Robby Starbuck Settle AI Defamation Lawsuit"
2025-08-10,Mega-cap tech companies lead the markets higher
2025-08-10,"Stock market pullbacks will be 'short-lived': Wall Street sees AI, rate-cut optimism fueling rally"
2025-08-10,"Why This ""Magnificent Seven"" Stock Could Be the Best Artificial Intelligence (AI) Pick on the Market Right Now"
2025-08-10,Sam Altman says the AI talent war is a bet that a ‘medium-sized handful of people’ will make superintelligence breakthroughs
2025-08-10,Everything’s Expensive. There’s Nowhere to Hide: Credit Weekly
2025-08-11,Meta Lands Record $29B AI Data Center Deal -- Private Credit's Biggest Bet Yet
2025-08-11,Meta Platforms: Buy Before AI Takes Over
2025-08-11,10 Reasons Why This AI Boom Is Not A Bubble And Makes Every Dip A Gift
2025-08-11,CMB International Securities Raised the Firm’s PT on Meta Platforms (META)
2025-08-11,What a Lagging Tech Bet Tells Us
2025-08-11,What Is Grok AI? Elon Musk’s Controversial ChatGPT Rival
2025-08-11,Citi Strategists Raise S&P 500 Target on Resilient Earnings
2025-08-11,"Unlocking the Future of Digital Marketing with Hyperformance: Templates, Ads, and Design Services"
2025-08-11,Alibaba Faces Fierce AI Talent Poaching As Rivals Lure Top Qwen Model Engineers
2025-08-11,What To Do With These Seven Stocks After They Plunged
2025-08-11,"Microsoft, Alphabet, and Meta Platforms Just Delivered Great News for Nvidia Shareholders"
2025-08-11,Wall Street Missed The Real Story In Amazon's Q2
2025-08-11,"In India, Trump's tariffs spark calls to boycott American goods"
2025-08-11,S&P 500 Or Just Mag 7: Here's Why Mega Cap Stocks Keep Rising Despite All Odds
2025-08-11,"Meta Taps PIMCO, Blue Owl For $29 Billion Louisiana Data Center Buildout As AI Infrastructure Race Heats Up"
2025-08-11,"Why I Fear Adobe's AI Risks, Yet Still See Large Upside"
2025-08-11,"Here Are My Top ""Magnificent Seven"" Stocks to Buy Now"
2025-08-11,Exclusive: Former Intel CEO Craig Barrett outlines plan to save Intel and America’s advanced chip manufacturing
2025-08-11,"Instagram Chief Says Using Edits Gives You More Reach, Dispels Engagement Myth"
2025-08-11,"Trading Is Getting Too Risky, Invest Instead; Here Are My 4 Rules"
2025-08-11,Tracking Baillie Gifford's 13F Portfolio - Q2 2025 Update
2025-08-11,Meta Provides Tips on How to Optimize Your Ads With its AI Systems
2025-08-11,The hidden cost of living amid Mark Zuckerberg’s $110M compound
2025-08-11,"Mark Zuckerberg expands his $300M Hawaii compound by 1K acres, reports say — why it's triggering frustration with locals"
2025-08-11,The computer science dream has become a nightmare
2025-08-12,Congressman Invests $6.4 Million In Magnificent 7 Stocks—Top Pick Inside
2025-08-12,"ColdTrack Named to Inc. 5000 for Fifth Consecutive Year, Cementing Its Status as a National Growth Leader"
2025-08-12,FINBOA Named to 2025 Inc. 5000 Fastest Growing Companies List
2025-08-12,Bond ETFs Outshine Equities In Weekly Flows As Rate Cut Bets Build
2025-08-12,Sydecar Named to 2025 Inc. 5000 List of America's Fastest-Growing Private Companies
2025-08-12,"2025 Brand Reputation Summit | Future-Proof Your Brand - Tactics and Tools from Industry Leaders at the Summit (Philadelphia, PA, United States - October 20-21, 2025)"
2025-08-12,Thunderly Debuts on the 2025 Inc. 5000 List of America's Fastest-Growing Private Companies
2025-08-12,ePayPolicy Makes 2025 Inc. 5000 List for 4th Year in a Row
2025-08-12,3 Value Stocks We Steer Clear Of
2025-08-12,"In the time of tariffs, Nvidia and AMD cut unusual deals with Trump"
2025-08-12,Arch Painting Joins 2025 Inc. 5000 List of America’s Fastest-Growing Private Companies
2025-08-12,HealthSnap Named No. 17 in Healthcare & Medical and No. 165 Overall on the 2025 Inc. 5000 List of America's Fastest-Growing Private Companies
2025-08-12,Think Consulting Named One of America's Fastest-Growing Private Companies by Inc. Magazine for the Fifth Consecutive Year
2025-08-12,10Pearls Recognized on Inc. 5000 List of Fastest-Growing Private Companies in America for 7th Consecutive Year
2025-08-12,"The BAM Companies Ranks No. 2,340 on the 2025 Inc. 5000 List of America's Fastest-Growing Private Companies"
2025-08-12,iCRYO Named for Third Time to Inc. 5000 List of Fastest-Growing Private Companies in America
2025-08-12,Anteriad Celebrates Four-Year Streak on    Inc. 5000’s Fastest-Growing Companies List
2025-08-12,RazorMetrics Named No. 18 in 2025 Inc. 5000 Fastest-Growing Companies List
2025-08-12,SafeRide Health Ranks No. 358 on the 2025 Inc. 5000 List of America's Fastest-Growing Private Companies
2025-08-12,Brkthru Ranks No. 3698 on 2025 Inc. 5000 List of America's Fastest-Growing Private Companies
2025-08-12,Akiak Technology Ranked 106 in the INC 5000 2025 list of fastest growing companies in America
2025-08-12,Meta Platforms: Quietly Becoming The Biggest Beneficiary Of AI
2025-08-12,Lightning Step Ranks No. 1100 on the 2025 Inc. 5000 List of America’s Fastest-Growing Private Companies
2025-08-12,Cloud Range Ranks No. 1181 on the 2025 Inc. 5000 List of America’s Fastest-Growing Private Companies
2025-08-12,Anthropic’s Claude AI model can now handle longer prompts
2025-08-12,Stock Market Today: Dow Jones Futures Rally On CPI Inflation Data; Tesla Extends Gains (Live Coverage)
2025-08-12,"Evergreen Digital Media Claims Third Inc. 5000 Accolade, Cementing Its Role as a Trailblazer in the Retail Media Industry"
2025-08-12,Threads now has more than 400 million monthly active users
2025-08-12,"Healthcare Activation Company, Pyx Health, Ranks No. 661 on the 2025 Inc. 5000 List of America’s Fastest-Growing Private Companies"
2025-08-12,Mag 7 & AI: Playing for 'big gains' can also mean 'big losses'
2025-08-12,"Ethereum & Circle, Meta's new high, Pony AI reverses gains"
2025-08-12,Level Access Among America’s Top 300 Fastest-Growing Software Companies in 2025
2025-08-12,Copyleaks Ranks No.153 on the 2025 Inc. 5000 List of America’s Fastest-Growing Private Companies
2025-08-12,BillingPlatform Earns Spot on Inc. 5000 List for Fifth Straight Year
2025-08-12,VideaHealth Ranks No. 28 on the 2025 Inc. 5000 Fastest-Growing Companies List
2025-08-12,Verifiable Named to 2025 Inc. 5000 List of Fastest-Growing Private Companies in America
2025-08-12,Powerhouse Consulting Group Ranks No. 410 on 2025 Inc. 5000 List of America's Fastest-Growing Private Companies
2025-08-12,Agile Consulting Group Ranks No. 2020 on the 2025 Inc. 5000 List of America's Fastest-Growing Private Companies
2025-08-12,Premium Guard Inc. Ranks No. 1722 on the 2025 Inc. 5000 List of America's Fastest-Growing Private Companies
2025-08-12,Nvidia Vs. AMD: Navigating Trump And China
2025-08-12,Catalysts Powering The Nuclear Comeback In 2025
2025-08-12,GARP: Quality Can Help Flourish In Bullish Conditions
2025-08-12,Big Tech capex dwarfs the rest of the economy — but they’re still producing cash
2025-08-12,Artisan Select Equity Fund Q2 2025 Commentary
2025-08-12,Davis Opportunity Fund 2025 Semi-Annual Review
2025-08-12,Big Tech Pledged Billions for New Housing. The Results Aren’t Living Up to the Hype.
2025-08-12,Tracking Christopher Davis' Davis Selected Advisers 13F Portfolio - Q2 2025 Update
2025-08-12,Berkshire Hathaway Director’s Firm Sold Almost 30% of Its Berkshire Stake
2025-08-12,"OpenAI, Palantir, and Meta execs join fight for America’s tech edge"
2025-08-12,Broadcom Q3 Preview: Anticipating Strong Networking Business Growth
2025-08-12,New Fospha Research: Brands Only Measuring Web Miss What's Causing 42% Of Their Sales
2025-08-12,Momentum Alert: META and TSLA Shares About to Surge?
2025-08-13,"CheckedUp Named to Inc. 5000 List of America’s Fastest-Growing Companies for 4th Time, with Three-Year Revenue Growth of 268%!"
2025-08-13,"Dow Jones Futures Rise, CoreWeave Tumbles After Stock Market Runs On Fed"
2025-08-13,"Trending tickers: Meta, CoreWeave, Cava, TUI, Persimmon and Nordic Semiconductor"
2025-08-13,3 Artificial Intelligence (AI) Stocks That Are Quietly Beating the Market
2025-08-13,Enough Is Enough: AI Is Driving Us To Sell Our S&P 500 Position
2025-08-13,This Peter Thiel-Backed Crypto Stock Has Soared 400%. Why It’s the Next MicroStrategy.
2025-08-13,S&P Futures Gain as Fed Rate-Cut Bets Firm
2025-08-13,Artisan Value Fund Q2 2025 Commentary
2025-08-13,The Market’s Fear Gauge Is at Its Lowest Level This Year. Why Investors Are Feeling Zen.
2025-08-13,Meta Is Spending Billions On AI Talent And That's Nowhere Near Enough
2025-08-13,This Peter Thiel-Backed Crypto Stock Has Soared 200%. Why It’s the Next MicroStrategy.
2025-08-13,CoreWeave's AI Demand Surges But Expansion Spending Cuts Into Profitability
2025-08-13,Meta Platforms (META) Surged Following Strong Earnings
2025-08-13,CoreWeave stock plummets as AI cloud company reports 'deteriorating' operating income outlook
2025-08-13,Penstock Ranks No. 353 on the 2025 Inc. 5000 List of America's Fastest-Growing Private Companies
2025-08-13,"Sea, Meta, Coreweave, Cava: Trending Stocks"
2025-08-13,RichLife Advisors Ranks No. 2813 on the 2025 Inc. 5000 List of America's Fastest-Growing Private Companies
2025-08-13,Sprout Social Launches Expansive Suite of Integrations to Empower Brands in the Social Intelligence Era
2025-08-13,Vouched Listed on the 2025 Inc. 5000 List of America’s Fastest-Growing Private Companies
2025-08-13,"Apple Devices Propel RI Availability to Over 5B Worldwide - ReelTime’s Reel Intelligence Leads in Potential Reach, Capability, and Sustainability"
2025-08-13,Why Meta Platforms (META) is a Top Growth Stock for the Long-Term
2025-08-13,5 Overlooked Stocks That Are Soaring Even More Than AI
2025-08-13,AMD Brushes Off China AI Sales Hit as Citi Calls Impact 'Largely Immaterial'
2025-08-13,My Dividend Stock Portfolio: New July Dividend Record - 100 Holdings With 12 Buys
2025-08-13,Tencent Investors Eye Path to Record in Cheap Stock Valuations
2025-08-13,"Stock Market Today: S&P 500, Nasdaq Futures Advance After Hitting Fresh Record—CoreWeave, Cisco, CarParts.Com Earnings In Focus"
2025-08-13,2 Growth Stocks to Stash and 1 Facing Headwinds
2025-08-13,Why Meta Platforms (META) is a Top Growth Stock for the Long-Term - Yahoo Finance
2025-08-13,Evertune Raises $15 Million Series A to Scale Its AI Marketing and Discovery Platform
2025-08-13,IBD Stock Of The Day: Meta Nears New Milestone After Post-Earnings Rally
2025-08-13,Aspire Launches Major Upgrade to Meta Partnership Ads within New CreatorAds Suite
2025-08-13,Microsoft’s $3.9 Trillion Empire: 3 Products You Use Without Realizing It
2025-08-13,Market Chatter: Microsoft Seeking to Poach AI Talent From Meta Platforms
2025-08-13,Sector Update: Tech Stocks Climb Late Afternoon
2025-08-13,Big Tech is driving the stock market to new records
2025-08-13,Media Advisory - Fisheries and Oceans Canada to share results of the 2025 Operation North Pacific Guard mission in the Indo-Pacific
2025-08-13,"For the Third Consecutive Year, Tyson Group Named to the Inc. 5000 List of Fastest-Growing Companies in America"
2025-08-13,Harvard University reveals shocking Bitcoin investment
2025-08-13,All U Need Pest Control Ranks No. 1148 on the 2025 Inc. 5000 List of Fastest-Growing Private Companies
2025-08-13,Stocks Rally on Higher Odds for Fed Rate Cut after CPI Report
2025-08-13,"Stock Market Today: Dow Rallies, S&P 500 And Nasdaq Make History; Nvidia, Palantir Both Do This"
2025-08-13,"Dow Jones Futures: Stocks Run On Fed Green Light, Meta Leads Buys; Nvidia-Backed CoreWeave Tumbles Late"
2025-08-13,Tracking David Abrams' Abrams Capital Management Portfolio - Q2 2025 Update
2025-08-13,Gene Munster: Apple Could Be A Top 2 'Mag 7' Stock In 2025 — Says The 'Bar Is Very Low' On AI
2025-08-13,"Meta Platforms: Financial Statement Highlights, And Two Perspectives From The Recent Quarter"
2025-08-13,Trump's New HR Chief Plots Bold Overhaul to Shake Up Federal Workforce
2025-08-13,"META Q2 Deep Dive: AI Investment Drives Engagement, Margins, and Product Expansion"
2025-08-13,5 Revealing Analyst Questions From Meta’s Q2 Earnings Call
2025-08-13,"This Former Tech Exec Worked At Meta, TikTok And Netflix — Then Built A Million-Dollar Business Linking South Korea To The US Market"
2025-08-13,"Meta Looks Strong Now, But Long-Term Growth May Hit a Ceiling"
2025-08-13,AI Revolution: More Skynet Than Nirvana
2025-08-13,Voya Global Advantage And Premium Opportunity Fund Q2 2025 Commentary
2025-08-13,AMD CEO won’t offer $100 million salaries to poach talent like Mark Zuckerberg. She says it’s more important staff don’t feel like ‘a cog in the wheel’
2025-08-13,Snap: I'm Buying This Former Takeover Target With Shares Decimated From $80 To Just $7
2025-08-13,Voya Global Equity Dividend And Premium Opportunity Fund Q2 2025 Commentary
2025-08-13,Reddit Stock Rallies Back To New Highs. How It's Shaking Off Google AI Fears.
2025-08-14,Instagram is developing a feature that helps users find shared interests
2025-08-14,CoreWeave Shares Tumble on Bigger-Than-Expected Loss; Tigress Financial Points to Demand Acceleration
2025-08-14,"Apple Plots Expansion Into AI Robots, Home Security and Smart Displays"
2025-08-14,Nvidia Is the ‘Most Efficient’ Magnificent 7 Stock. Is NVDA Still a Buy Here?
2025-08-14,Advertisers Forced to Find Safe Solutions to Reach Young Audiences as Australia Expands Under-16 Social Media Ban to YouTube
2025-08-14,Earnings Outlook Remains Strong & Improving: A Closer Look
2025-08-14,Artisan Global Equity Fund Q2 2025 Commentary
2025-08-14,Virtual Reality Market to Reach $38 Billion by 2029: Key Trends & Forecasts
2025-08-14,"College Counseling Firm, Prepory, Ranks on the 2025 Inc. 5000 List of America's Fastest-Growing Private Companies"
2025-08-14,Not All Value Indexes Are Created Equal: Russell Vs. S&P
2025-08-14,WhatsApp accuses Moscow of trying to block secure communication for millions of Russians
2025-08-14,"Tencent’s AI Restraint Shows Risk of Alibaba, JD Food War"
2025-08-14,"Bridgewater Retreats From China, Shifts Billions Into US Mega-Cap Tech"
2025-08-14,BNY Mellon Appreciation Fund Q2 2025 Commentary
2025-08-14,Mario Cibelli's Strategic Moves: Amrize Ltd Takes Center Stage with 0.86% Portfolio Impact
2025-08-14,"CloudMellow Earns Spot on 2025 Inc. 5000, Ranking Among America's Fastest-Growing Private Companies"
2025-08-14,Zacks Earnings Trends Highlights: Meta Platforms and Alphabet
2025-08-14,Apple To Reintroduce Blood Oxygen Feature On Select Watches Following Customs Ruling
2025-08-14,Market Chatter: Meta Platform's AI Policies Allowed Chatbots to Engage in 'Sensual' Chats With Children
2025-08-14,Exclusive: Former Goldman Sachs exec heads to crypto startup founded by former Meta engineers
2025-08-14,VERSES® Unveils Robotics Architecture that Works Without Pre-Training
2025-08-14,Cohere hires long-time Meta research head Joelle Pineau as its chief AI officer
2025-08-14,AI start-up Cohere raises $500mn as it challenges OpenAI for business clients
2025-08-14,Stocks Pare Earlier Declines. Tech Is Doing the Heavy Lifting.
2025-08-14,"The TopBrand 2025 ""Top 500 Global Brands list"" has been released, with Microsoft ranking first."
2025-08-14,Meta’s Superintelligence Dream Team Will Be Management Challenge of the Century
2025-08-14,Amazon's Ad Business Hits Milestone: Is it the Next Revenue Pillar?
2025-08-14,Leaked Meta AI rules show chatbots were allowed to have romantic chats with kids
2025-08-14,BNY Mellon Global Equity Income Fund Q2 2025 Commentary
2025-08-14,"AI startup Cohere valued at $6.8 billion in latest fundraise, appoints new executives"
2025-08-14,"Third Point Takes Stake In DocuSign Inc Of 625,000, Takes Stake In Danaher Corporation Of 500,000, Takes Stake In Meta Platforms Inc Of 150,000, Takes Stake In Rocket Cos Inc Of 4,750,000"
2025-08-14,Kodak’s Troubles Hold a Lesson for the AI Age
2025-08-14,UBS assesses which themes should be more or less favored
2025-08-14,"Meta Platforms: Q2 Shows AI Is Paying Off, But $100B CAPEX Looms"
2025-08-14,"Remote sensing to verify carbon removal projects holds promise, faces obstacles: reports"
2025-08-14,Prediction: This Artificial Intelligence (AI) Semiconductor Stock Will Soar in September (Hint: It's Not Nvidia)
2025-08-14,1 Monster Growth Stock to Buy Now -- Its Technology Could Replace the Smartphone (Hint: Not Apple)
2025-08-14,5 Artificial Intelligence Stocks You Can Buy and Hold for the Next Decade
2025-08-14,1 Reason to Buy the Vanguard 500 Index (VFIAX) Index Fund Admiral Shares
2025-08-14,CoreWeave Rode the AI Boom. Can It Pass a Crucial Test of Investor Enthusiasm?
2025-08-14,Meta Platforms: This Feels Like A Top
2025-08-14,Meta's AI Bet Reshapes The Game
2025-08-14,"Dividend Investor Earning $5,200 A Month Shares His Top 7 Stock Picks – 'Getting Dividend is the Biggest Joy in My Life'"
2025-08-14,The entire stock market is being carried by these four AI stocks
2025-08-14,"Exclusive-Meta’s AI rules have let bots hold ‘sensual’ chats with kids, offer false medical info"
2025-08-14,Thomas Park Ranks No. 390 on the 2025 Inc. 5000 List of America’s Fastest-Growing Private Companies
2025-08-14,UPRO: Benefits And Risks Of The 3x Leveraged ETF
2025-08-14,Facebook is Dead; Long Live Meta - Stratechery by Ben Thompson
2025-08-15,"Cohere hits a $6.8B valuation as investors AMD, Nvidia, and Salesforce double down"
2025-08-15,Meta's AI Dream Is Glitching--Here's Why Investors Should Pay Attention
2025-08-15,Freddie Mac Discloses Dodd-Frank Act Stress Test Results
2025-08-15,CRWV Stock Crashes Post Q2 Earnings: Stay Invested or Make an Exit?
2025-08-15,DigiDrub Launches The Vinci Studio: An AI-Human Platform for On-Demand Content Creation & Digital Marketing
2025-08-15,1 S&P 500 Stock with Impressive Fundamentals and 2 We Question
2025-08-15,"Aspire.io, Meta Partner to Launch CreatorAds Suite for Marketers"
2025-08-15,Digital Human Avatar Market Research 2025-2029 | Enterprise Demand for Hyper-Personalization Fuels Industry Expansion
2025-08-15,"Tiger Global Boosts Big Tech Bets, Ramps Up Portfolio Value By 28% In Q2"
2025-08-15,Nvidia: The Lone $4T Market-Cap Stock Is Still A Cheap Growth Play
2025-08-15,ProShares Launches First ETF to Target 2x Daily Returns of Nasdaq-100 Top 30 Index
2025-08-15,S&P 500: Profit Margins Cannot Hold
2025-08-15,"Crypto Scammers Are Targeting TikTok Shop Users With AI-Generated Videos, Report Says"
2025-08-15,"Liberty All-Star® Growth Fund, Inc. July 2025 Monthly Update"
2025-08-15,"For the 4th Time, HotelPlanner Makes the Inc. 5000 List of Fastest-Growing Private Companies"
2025-08-15,Jupiter Payments Celebrates Ranking No. 3338 on the 2025 Inc. 5000 List of America's Fastest-Growing Private Companies
2025-08-15,Summary of Baltic Horizon Fund webinar
2025-08-15,A Nuclear Energy Stock Worth Watching
2025-08-15,Opendoor (OPEN) Jumps 26%. Time to Sell?
2025-08-15,Chase Coleman's Strategic Moves: Amazon.com Inc. Leads with a 2.64% Portfolio Impact
2025-08-15,David Rolfe's Strategic Moves: Zoetis Inc. Takes Center Stage with 3.63% Portfolio Impact
2025-08-15,"David Tepper's Hedge Fund Bets On Intel, UnitedHealth; Cuts Position In Four Mag 7 Stocks"
2025-08-15,Hedge funds shift bets to double down on Big Tech amid AI boom
2025-08-15,Liberty All-Star® Equity Fund July 2025 Monthly Update
2025-08-15,'Big Short' investor Burry turned more bullish on second quarter
2025-08-15,Money Is Rotating Away From Big Tech Stocks. It’s a Good Sign.
2025-08-15,What is Bluesky? Everything to know about the X competitor
2025-08-15,US senators call for Meta probe after Reuters report on its AI policies
2025-08-15,The $500M AI Startup Taking on OpenAI--And Winning Where It Hurts Most
2025-08-15,Cohere hits US$6.8-billion valuation and snags Meta's former AI head
2025-08-15,"Edits Gets Updated Reels Insights, Safe Zone Mapping, and More"
2025-08-15,"If Mark Zuckerberg Gave Every American $100, How Much Would He Have Left?"
2025-08-15,20 stocks in the S&P 500 that are high achievers this earnings season
2025-08-16,Meta's Consumer AI App Struggles
2025-08-16,Sen. Hawley to probe Meta after report finds its AI chatbots flirt with kids
2025-08-16,U.S. Senator Hawley launches probe into Meta AI policies
2025-08-16,"5 Unstoppable ""Ten Titans"" Growth Stocks to Buy Now and Hold Through at Least 2030"
2025-08-16,"Meta plans fourth restructuring of AI efforts in six months, The Information reports"
2025-08-16,Gemini Plans to Go Public via Nasdaq as Crypto IPOs Boom
2025-08-16,Winklevosses’ Gemini Files for IPO as Crypto Listings Accelerate
2025-08-25,Can Meta Platforms Stock Hit $800 By The End Of 2025? December 2025 Edition - Forbes
2025-08-29,Meta Platforms (META) Rose on Strong Revenue and Earnings - Yahoo Finance
2025-08-29,"Facebook (Meta) Stock Price Prediction: 2026, 2027, 2028–2030 and Beyond - LiteFinance"
2025-09-04,Why Meta Platforms Stock Outpaced the Market Today - Yahoo Finance
2025-09-04,Snapchat Parent Sees Slowing Audience Growth As Competition Intensifies
2025-09-04,"Tracking Ruane, Cunniff, & Goldfarb's Portfolio - Q2 2025 Update"
2025-09-04,Pinterest Rises 26.1% Year to Date: How Should You Play the Stock?
2025-09-04,How Is Constellation Energy Accelerating Growth Through PPAs?
2025-09-04,Mark Zuckerberg encouraged execs to do MMA training with him
2025-09-04,ShutterStock: Generative AI Disruptors Have Caused Deep Merger Arbitrage
2025-09-04,Will Higher Semiconductor Revenues Help AVGO Stock Beat Q3 Earnings?
2025-09-04,"Top 10 Trending Stocks On WallStreetBets As Of Sept. 4, 2025 (Via Swaggy Stocks)"
2025-09-04,A.I. Field Of Dreams
2025-09-04,Bill Gurley Signals Caution As OpenAI Expands $10.3 Billion Share Sale: You Shouldn't Be 'Buying' If You Can't Answer This Question
2025-09-04,"Trump Says US 'Easily Beating' China In AI Race—Credits His Tariffs, Energy Policies"
2025-09-05,Tracking Chase Coleman's Tiger Global Portfolio - Q2 2025 Update
2025-09-05,Mark Zuckerberg (not that one) sues Meta for closing account
2025-09-05,FTC to Review AI Chatbot Risks With Focus on Privacy Harms
2025-09-05,"Nvidia Goes AWOL As Funds Feast On Broadcom, Google, Palantir — And Much More"
2025-09-05,Trump is hosting tech leaders at the White House: What to expect
2025-09-05,Billionaire David Tepper Sold Broadcom and Meta Stocks and Is Piling Into This Specialized AI Chipmaker Instead
2025-09-05,"Zacks Investment Ideas feature highlights: Astera Labs, Taiwan Semiconductor, Amazon, Microsoft, Meta Platforms and Alphabet"
2025-09-05,NuScale Power: Inflection Point Or Implosion Risk?
2025-09-05,5 Clear Signs Of A Market Bubble
2025-09-05,What AI Bubble? Vistra Makes A Powerful Run As AI Data Centers Fuel Nuclear Growth.
2025-09-05,Hilton Global Associates Inc. Ranks No. 885 on the 2025 Inc. 5000 List of America’s Fastest-Growing Private Companies
2025-09-05,Broadcom (AVGO) Remains a Top Pick as Cantor Fitzgerald Lifts Price Target to $350
2025-09-05,Why Meta Platforms Stock Outpaced the Market Today
2025-09-05,Trump Basks in Tech Leaders’ Spending Vows at White House Dinner
2025-09-05,Active Managers Aren't Chasing The Tech Rally
2025-09-05,Nuclear Expansion Faces Uranium Crunch By 2030
2025-09-05,"AI Can Help With Retirement Planning, but It Can’t Replace a Human Advisor"
2025-09-05,OpenAI set to start mass production of its own AI chips with Broadcom
2025-09-05,‘I’ve had the name longer than him’: Mark Zuckerberg sues Mark Zuckerberg
2025-09-05,EMA warns of rise in illegal weight loss drugs marketed online
2025-09-05,What's Going On With Nvidia Stock Friday?
2025-09-05,"Apple, Meta, Google CEOs Dined With Trump. Where AI Trade Goes From Here."
2025-09-05,Forget Nvidia: Broadcom Is The New Face Of AI
2025-09-05,OpenAI reportedly planning to launch own AI chip production
2025-09-05,"Threads challenges X by offering free support for up to 10K characters, plus prominent links"
2025-09-05,Congressman Snaps Up $3.7 Million In Magnificent 7 Stocks—One Pick Stands Out
2025-09-05,Integral Ad Science Holding Corp. (IAS): A Bull Case Theory
2025-09-05,Ciena Stock Surges On Earnings Beat As Meta Data Center Orders Boom
2025-09-05,"Nepal blocks Facebook, Instagram, YouTube, X over rule breach, amid censorship concerns"
2025-09-05,Facebook is trying to make ‘pokes’ happen again
2025-09-05,"Powerball Hits $1.8 Billion: 10 Things To Buy With Winnings, Including Cryptocurrency, Stocks, Gold And Tesla Vehicles"
2025-09-05,Meta (META) and Reliance Join Forces to Advance AI Development in India
2025-09-05,Facebook’s Trying to Make Pokes Happen (Again)
2025-09-05,FTC Prepares to Question AI Companies Over Impact on Children
2025-09-05,Mark Zuckerberg sues Mark Zuckerberg
2025-09-05,Trump Snubs Musk. Tesla Stock Rises on Robo-Taxi News.
2025-09-05,Meta Shares Tips on How to Optimize Your Holiday Campaigns
2025-09-05,Meta Faces Fine Over Scam Ads in Singapore
2025-09-05,Meta Platforms (META) Ends AI Hiring Push Following Huge Capital Expenditure
2025-09-06,Buy the Spike in Broadcom Stock After its Strong Q3 Earnings?
2025-09-06,Meta Platforms Keeps On Upping the AI Ante. Here's What Investors Should Know.
2025-09-06,"Trump Might’ve Asked Meta Platforms, Inc. (META)’s Zuckerberg “Where’s Your AI Factory,” Says Jim Cramer"
2025-09-06,Market Chatter: Meta CEO Zuckerberg Says Company to Invest $600 Billion in US Infrastructure by 2028
2025-09-06,Anthropic agrees to pay $1.5 billion to settle author class action
2025-09-06,Trump warns Big Tech CEOs of 'substantial' tariffs at WH dinner
2025-09-06,Where This Year’s Benchmark-Beating Funds See Value
2025-09-06,Why AMD (AMD) Shares Are Sliding Today
2025-09-06,"Nvidia (NVDA) Stock Trades Down, Here Is Why"
2025-09-06,Goldman's top stock picker warns AI's next phase may not justify the hype around its stocks
2025-09-06,Think Nvidia Stock Is Too Expensive? Here Are 60 Billion Reasons to Consider Changing Your Mind
2025-09-06,What is Ethereum (ETH)? A Beginner's Guide to the Smart Contract Blockchain
2025-09-06,Meta’s Backstop Is Linchpin for $26 Billion AI Data-Center Deal
2025-09-06,Screw the money — Anthropic’s $1.5B copyright settlement sucks for writers
2025-09-06,AI Chip Business Fuels Broadcom's Strong Quarterly Report
2025-09-06,Meta: A Big Overhang Could Dissipate In The Near Term
2025-09-06,Meta (META): Assessing Valuation Following Court Ruling and Growing AI Optimism
2025-09-06,Analysts revamp Broadcom price target on OpenAI deal
2025-09-06,Jim Cramer Notes Amazon’s “Web Division is Doing Amazing”
2025-09-07,ASG: Discount Presents A Better Opportunity
2025-09-07,"Consumer Tech News (September 1 – September 5): Apple AI Push, Palantir Expands Partnerships, Tesla Robotaxi Surge, NVIDIA's $1.5B Chip Deal - Apple (NASDAQ:AAPL), Amazon.com (NASDAQ:AMZN)"
2025-09-07,How I Would Invest $1.8 Billion In Powerball Winnings
2025-09-07,"What To Expect in Markets This Week: August Inflation Data, Apple iPhone Event, Updates From Nvidia, Oracle, GameStop"
2025-09-07,Silicon Valley’s graying workforce: Gen Z staff cut in half at tech companies as the average age goes up by 5 years
2025-09-07,What is Mistral AI? Everything to know about the OpenAI competitor
2025-09-07,"Stripe's Tempo Blockchain Is a 'Referendum on the Ghost of Libra,' Says Libra Co-Creator"
2025-09-07,Meta plots London AI store debut in VR push
2025-09-08,Prediction: Here's What Meta Platforms' Stock Price Will Be by 2030 - The Motley Fool
2025-09-08,Prediction: Here's What Meta Platforms' Stock Price Will Be by 2030 - Yahoo Finance
2025-09-08,An AI Spending Slowdown Would Drag Down the Market: Goldman Sachs
2025-09-08,"XLK: No Reason To Sell A Stake In Tech, More Gains Are Ahead"
2025-09-08,Nasdaq Files With SEC to Allow Trading of Tokenized Stocks
2025-09-08,Only 4 S&P 500 Sectors Are Rising
2025-09-08,Gen Z workers laid off at tech companies in big numbers
2025-09-08,"Alphabet: With DOJ Trial Behind Us, Maintain Strong Buy From Here"
2025-09-08,"If You'd Invested $10,000 in Meta Platforms 5 Years Ago, Here's How Much You'd Have Today"
2025-09-08,Citi Reiterates Hold Rating on Advanced Micro Devices (AMD) Stock
2025-09-08,"Alibaba, ByteDance, and Others Remain Keen on NVIDIA (NVDA)’s AI Chips"
2025-09-08,"Billionaire Mark Zuckerberg Gifted Neighbors Krispy Kreme, Wine, And Headphones—All To Drown Out The Constant Drilling On His 11 Homes On One Street"
2025-09-08,AI Stocks Confront 2026 Test As Cloud Capital Spending Cools
2025-09-08,Market Chatter: Meta Selects Pacific Investment for $26 Billion Debt Funding Deal
2025-09-08,"Stripe’s Tempo blockchain ‘doomed to fail,’ says Libra co-creator"
2025-09-08,Term Sheet Next: How a16z crypto’s Arianna Simpson has navigated the blockchain rollercoaster
2025-09-08,1 Reason Wall Street Is Obsessed With Meta Platforms Stock
2025-09-08,Anthropic to pay $1.5bn to settle lawsuit
2025-09-08,Bull of the Day: Astera Labs (ALAB)
2025-09-08,Snapchat Launches First Open Prompt AI Lens
2025-09-08,"Nvidia: Begun, The Chip Wars Have"
2025-09-08,"If Mark Zuckerberg’s Wealth Were Evenly Distributed Across America, How Much Money Would Every Person Get?"
2025-09-09,"AI Chatbots Are ‘Clear Danger’ to Kids, Australian Watchdog Says"
2025-09-09,Snap breaks into ‘startup squads’ as ad revenue stalls
2025-09-09,Anthropic's $183 Billion Valuation Could Add Fuel to Amazon's AI Ambitions
2025-09-09,Prediction: Here's What Meta Platforms' Stock Price Will Be by 2030
2025-09-09,Nepal reverses social media ban as protests turn deadly
2025-09-09,"Technical Interview Preparation Course For Software Engineers and Engineering Managers - Interview Kickstart's Roadmap to Google, Meta & Amazon Jobs in 2025 and Top Tech Salaries"
2025-09-09,XYLD: Understanding The Structure And Suitability Of This High-Yielding ETF
2025-09-09,Can META's Focus on Driving User Engagement Push the Stock Higher?
2025-09-09,"Meta suppressed children’s safety research, 4 whistleblowers claim"
2025-09-09,Meta: Superintelligence Growth Stock At A Reasonable Valuation
2025-09-09,"Why It’s Been Hard for Gen Z To Get Jobs in Tech, Finance & More"
2025-09-09,Apple's Upcoming 'Awe Dropping' Event With iPhone 17 Air Draws Criticism As Commentator Daniel Newman Slams 'Lack Of Innovation'
2025-09-09,Sandisk Announces Participation in Investor Conference
2025-09-09,Tracking Dan Loeb's Third Point Portfolio - Q2 2025 Update
2025-09-09,Four Reasons To Watch Amazon Stock Now. A New Breakout Is Just One.
2025-09-09,CapCut Adds New Features Including LinkedIn Integration
2025-09-09,Meta Faces More Questions Over Teen Safety in AI and VR
2025-09-09,Four Reasons To Watch Amazon Stock — Including A Fresh Breakout
2025-09-09,ASML becomes biggest Mistral investor in boost to Europe's AI ambitions
2025-09-09,OpenAI denies that it’s weighing a ‘last-ditch’ California exit amid regulatory pressure over its restructuring
2025-09-09,"Forget dollars, Bitcoin could run Earth-Mars economy"
2025-09-09,AMZY: Understanding The Strategy And Suitability Of This High-Yielding ETF
2025-09-09,"Meta Platforms, Inc. (META) Presents At Goldman Sachs Communacopia + Technology Conference 2025 Transcript"
2025-09-10,Apple's Unimpressive Event Buys It Time On AI - Maintaining Buy
2025-09-10,Beyond Nvidia: The Data Center And AI Ecosystem Is On Fire
2025-09-10,Beyond iPhones: ETFs That Could Ride Apple's AI Move
2025-09-10,The Ultimate $1 Million All-Weather Portfolio For Lifetime Wealth
2025-09-10,'Amazon Is Developing AR Glasses In Challenge To Meta' - The Information
2025-09-10,Meta’s Elite AI Unit Sparks Tension With Old Guard
2025-09-11,Facebook is Getting Rid of Community Chats
2025-09-11,Meta and TikTok Win Legal Challenge Over EU Supervisory Fees
2025-09-11,"Oracle's 'truly awesome' quarter stuns Wall Street, sending stock up 36% and making Ellison world's richest man"
2025-09-11,"“It Doesn’t All End Well When You Go To Meta Platforms, Inc. (META),” Says Jim Cramer"
2025-09-11,"META EXECUTIVE DANE GLASGOW TO JOIN PARAMOUNT AS CHIEF PRODUCT OFFICER, DRIVING TECH INNOVATION AND PRODUCT STRATEGY"
2025-09-11,"It Doesn’t Cost Much To Switch An iPhone, Says Jim Cramer"
2025-09-11,"Meta adds new features to Community Notes fact checks, including alerts for corrected posts"
2025-09-11,Trade Desk Stock Is Plummeting. Why It Faces Growing Concerns.
2025-09-11,The Rise Of The Magnificent 7: Concentration Risk Vs. Earnings Power
2025-09-11,Paramount appoints Meta executive Dane Glasgow as chief product officer
2025-09-11,A Key to Larry Ellison’s Wealth Creation: Years of Oracle Stock Buybacks
2025-09-11,Meta Details AI Research Efforts at TBD Lab
2025-09-11,Bank of America Reaffirms Buy on Meta (META) Ahead of Connect 2025
2025-09-11,TE Connectivity declares quarterly dividend
2025-09-11,Oracle May Be Having Its Nvidia Moment. Or It Could Be a Repeat of 1999.
2025-09-11,Opendoor Names Kaz Nejatian as CEO; Founders Rabois and Wu Rejoin Board
2025-09-11,Tracking Saudi Sovereign Wealth Fund's 13F Portfolio - Q2 2025 Update
2025-09-11,Winklevosses Lean on MAGA Clout as Gemini’s Losses Mount Ahead of IPO
2025-09-11,Goldman Sachs flags shift in S&P 500 spending
2025-09-11,"San Francisco Probes Scale AI Over Labor Practices After $14 Billion Meta Deal, Raising Questions On Gig Worker Rights In AI Boom: Report"
2025-09-11,Arista Networks: Oracle's 'Nuclear' Backlog Changes Everything
2025-09-11,Broadcom's $10B OpenAI Deal Could Be Just The Beginning
2025-09-11,"Meta, Alphabet, OpenAI Face FTC Probe Over Safety Of Children Using AI Chatbots"
2025-09-11,Simu Liu Joins Elevate Festival 2025 Lineup as Agenda Goes Live
2025-09-11,"Dear Meta Platforms Stock Fans, Mark Your Calendars for September 17"
2025-09-11,Meta deepens AI focus for latest suite of brand advertiser solutions
2025-09-11,Massive RPO Surge at Oracle: A Sign of Strong Forward Visibility?
2025-09-11,Oracle Stock Drops. Why Its OpenAI Deal Is a Sink or Swim Moment.
2025-09-11,Meta Announces New Reels and Threads Ad Options
2025-09-11,"FTC launches inquiry into AI chatbots of Alphabet, Meta and others"
2025-09-11,"Oracle Could Become Tech Growth Leader, UBS Says as Shares Soar in Post-Earnings Rally"
2025-09-11,Top Midday Stories: Ellison Becomes World's Richest Person as Oracle Shares Soar; Vimeo to be Acquired by Bending Spoons for $1.38 Billion
2025-09-11,Analysts revamp Meta stock outlook before Connect conference
2025-09-12,"Fed Meeting In Focus With FedEx, Lennar, Meta Due; Tesla Leads New Buys"
2025-09-12,Analyst Says Meta Platforms (META) Remains His ‘Number One’ Pick - Yahoo Finance
2025-09-12,"A Chip Off The Old Block: Nvidia Stock Offers Entry As AI Boom Continues, Earnings Pop 54%."
2025-09-12,Arista Stock Reverses Down Amid Analyst Day Touting AI Growth Outlook
2025-09-12,Mag 7 Stocks Are About to Be a $20 Trillion Market Problem
2025-09-12,Analyst Shares His ‘Concern’ About Nvidia (NVDA) Stock
2025-09-12,Exclusive: Nepal turns to Bitcoin and stablecoins as protests rock the nation
2025-09-12,Analyst Says Meta Platforms (META) Remains His ‘Number One’ Pick
2025-09-12,Gemini Space Station IPO: Stock price will be closely watched today in Winklevoss crypto exchange debut
2025-09-12,Winklevoss twins’ roaring crypto IPO stores up double trouble
2025-09-12,BCA warns AI trade could unravel as hyperscaler cash flows dwindle
2025-09-12,Morgan Stanley Maintains Buy Rating on Meta Platforms (META) Stock
2025-09-12,Gemini Stock Starts Trading Today. It Could Be Another Win for the Winklevoss Twins.
2025-09-12,AI Giants Face FTC Inquiry Into Chatbot Safety and Child Protections
2025-09-12,The Anthropic AI settlement doesn't mean I'm getting money for my book
2025-09-12,"Update: Meta, Alphabet, OpenAI Face US FTC Probe Into Youth Safety With AI Chatbots"
2025-09-12,Nvidia may have a rival on the AI dance floor: Oracle
2025-09-12,"Jack Dorsey’s Bitchat Surges in Nepal, Indonesia Amid Protest Crackdowns"
2025-09-12,Top Midday Stories: August Consumer Prices Top Expectations; FTC Opens Probe Into Safety of Tech Giants' AI Chatbots
2025-09-12,"FTC's AI chatbot probe, Opendoor new CEO, Figure IPO"
2025-09-12,FTC Probes Big Tech About Child Safety Concerns with AI Chatbots
2025-09-12,"FTC launches inquiry into AI chatbot companions from Meta, OpenAI, and others"
2025-09-12,Entergy expects data centers to drive 13% near-term annual sales growth: CEO
2025-09-12,Gemini Goes Public on Friday. It Could Be Another Win for Winklevoss Twins.
2025-09-12,"With A Fed Rate Cut On The Horizon, Experts Say These 3 Asset Classes Could Be Game-Changers For Your Portfolio"
2025-09-12,Why do Dryrobe users irritate some people?
2025-09-12,SK Hynix Stock Hits Record After Next-Gen Chip Breakthrough
2025-09-12,Meta Platforms CEO hypes Superintelligence AI while others see doom
2025-09-12,Granite Declares Quarterly Dividend
2025-09-12,Meta Announces Quarterly Cash Dividend
2025-09-13,3 Dividend Stocks I'm Buying As Irrational Exuberance Takes Over
2025-09-13,Meta Platforms (META) Declares US$0.53 Dividend for Class A and B Shares
2025-09-13,Mag 7 plus Oracle equals GAMMATON! Strategist talks tech acronym.
2025-09-13,2 Growth Stocks to Buy and Hold for the Next Decade
2025-09-13,"Amazon, Microsoft, Alphabet, and Meta Just Delivered Half a Trillion Dollars Worth of Great News for Nvidia Investors"
2025-09-13,5 Top Artificial Intelligence Stocks to Buy in September
2025-09-13,Billionaire Philippe Laffont Sells a Popular AI Stock and Buys the S&P 500's Worst Stock. Does He Know Something Wall Street Doesn't?
2025-09-13,"Micro1, a competitor to Scale AI, raises funds at $500M valuation"
2025-09-13,"Dow Jones Futures: Nvidia, Meta Eye Buy Points, Tesla Races; Fed Meeting Ahead"
2025-09-13,"Top Stock Reports for NVIDIA, Meta Platforms & Alibaba"
2025-09-13,Why the Oracle-OpenAI deal caught Wall Street by surprise
2025-09-13,"Gemini Space Station, Winklevoss brothers' crypto exchange, sees stock jump in Nasdaq IPO debut"
2025-09-14,"Dow Jones Futures: Step On The Gas? Nvidia, Meta, Tesla Near Buy Zones With Fed Due"
2025-09-14,Meta's Forward P/E Of 27 Is Still 20% Lower Than Apple And Microsoft
2025-09-14,"Consumer Tech News (September 8 – September 12): Rally Rolls On As iPhone 17 Underwhelms, Microsoft Bets On AI Chips, Oracle Reports Q1"
2025-09-14,"What to Expect in Markets This Week: Fed Interest Rate Decision, U.S. Retail Sales, Meta Event, Earnings from FedEx, General Mills"
2025-09-14,"Broadcom and Oracle's Blowout Earnings Just Proved Why It's Time to Forget the ""Magnificent Seven"""
2025-09-14,"Dow Jones Futures Loom; Nvidia, Meta, Tesla Near Buy Zones With Fed Meeting Ahead"
2025-09-15,"Fed Decison, Meta Conference and Other Key Things to Watch this Week"
2025-09-15,This Is What It Costs to Protect Tesla CEO Elon Musk
2025-09-15,"Dow Jones Futures: Nvidia, Meta, Tesla In Focus; Markets Want This From Fed Meeting"
2025-09-15,"A TikTok Deal Near? Meta, Oracle, Snap Among Stocks To Watch."
2025-09-15,"Rumble (RUM) Stock Trades Up, Here Is Why"
2025-09-15,"Will Mag 7 Stocks Rally Post Fed? What the Charts of Microsoft, Tesla, Meta Say."
2025-09-15,"Jim Cramer Says Amazon.com, Inc. (AMZN) Was Added To Morgan Stanley’s Vintage List"
2025-09-15,Canadian AI firm Cohere targets growth in Europe with Paris office
2025-09-15,Pinterest's AI-Powered Shopping Assistant: Unlocking The Next Phase Of Growth
2025-09-15,Tesla Stock Surges. Why Elon Musk Is a ‘Wartime’ CEO.
2025-09-15,"Trump announces TikTok deal, impacting U.S. social media stocks"
2025-09-15,"Chatmeter Integrates With Uber Eats, DoorDash and GrubHub to Enhance Multi-Location Restaurant Customer Intelligence"
2025-09-15,FORMER META PAYMENTS LEADER AND GRUBHUB EXEC AKSHAT THANAWALA JOINS CARIBOU AS CHIEF PRODUCT OFFICER
2025-09-15,CrowdStrike and Meta Deliver New Benchmarks for the Evaluation of AI Performance in Cybersecurity
2025-09-15,Meta Stock Steadies As EU Relief And AI Deal Set Stage For Meta Connect
2025-09-15,"Longroad Energy Achieves Financial Close of 1000 Mile Solar, a 400 MWdc Project"
2025-09-15,OKLO's Tennessee Bet Lifts Hype - But Should Investors Buy?
2025-09-15,Is Meta Platforms a Smart Play After Meta and TikTok Win EU Legal Challenge?
2025-09-15,"The Zacks Analyst Blog Highlights NVIDIA, Meta Platforms, Alibaba Group and Medalist Diversified REIT"
2025-09-15,Oracle: Suspension Of Disbelief
2025-09-15,'Look outside of the Mag 7': Fed rate cut investor playbook
2025-09-15,"Disney Ranks No 1. in MBLM's 2025 Brand Intimacy Study, Demonstrating Enduring Bonds with Consumers"
2025-09-15,"Prediction: This ""Ten Titans"" Growth Stock Will Join Nvidia, Microsoft, Apple, Alphabet, Amazon, Broadcom, and Meta Platforms in the $2 Trillion Club by 2030"
2025-09-15,Direxion's QQQU/QQQD ETFs Facilitate Speculation For Magnificent Seven Stocks
2025-09-15,1 Cash-Producing Stock to Own for Decades and 2 That Underwhelm
2025-09-15,Tracking Ron Baron's BAMCO Portfolio - Q2 2025 Update
2025-09-16,Meta Platforms (META) Partners With CrowdStrike For AI-Powered Cybersecurity Benchmark Initiative
2025-09-16,Nosebleed Valuation: Why Nebius's Microsoft Deal Changes Everything
2025-09-16,Meta Platforms (META) Outperforms Broader Market: What You Need to Know
2025-09-16,Broadcom Just Hit New All-Time Highs Again. Where Will AVGO Stock Go Next?
2025-09-16,Tesla Stock Surge Leads to Downgrade. Why Elon Musk Is a ‘Wartime’ CEO.
2025-09-16,"Cathie Wood, Dan Ives Align On These 11 AI Stock Picks — Some Might Surprise You"
2025-09-16,Stocks Rally as Bond Yields Fall Before FOMC Meeting
2025-09-16,Netflix Joins Google On Two Elite Lists. Now The Trial Begins.
2025-09-16,Meta Expands WhatsApp Status Ad Options
2025-09-23,"Can $10,000 in Meta Platforms Stock Turn Into $50,000 by 2030? - Yahoo Finance"
2025-09-25,Analyst Says Meta Platforms (META) is One of the Best AI Stocks to Buy Now - Yahoo Finance
2025-09-27,A $25 Billion Reason to Buy Meta Platforms Stock Here - Yahoo Finance
2025-09-30,Meta Platforms (META) Stock Drops Despite Market Gains: Important Facts to Note - Yahoo Finance
2025-10-01,Jim Cramer Was Right About Meta Platforms (META) - Yahoo Finance
2025-10-01,Will Meta Platforms (META) Beat Estimates Again in Its Next Earnings Report? - Yahoo Finance
2025-10-07,Meta - Facebook (META) Stock Price Today & Analysis - Gotrade
2025-10-07,The Chart’s Flashing a New Warning: META Stock Could Tumble to $500 From Here - Yahoo Finance
2025-10-08,Meta Platforms Price Target Reaffirmed at $875 by TD Cowen
2025-10-08,"Applied Optoelectronics, Inc. (AAOI): A Bull Case Theory"
2025-10-08,Market Chatter: Omnicom-Led Group Proposes New Transparency Standards for Digital Ad Auctions
2025-10-08,Top Midday Stories: Confluent Reportedly Explores Sale; TopBuild Buys Specialty Products and Insulation for $1 Billion
2025-10-08,"Update: Market Chatter: Apple, Meta Platforms Near Settlements in EU Antitrust Cases"
2025-10-08,Meta Platforms: Power Of The Adoption Curve
2025-10-08,China Internet Stocks Heat Up. 3 Lesser-Known Names With Bullish Charts
2025-10-08,Hold Your Horses: AMD's OpenAI Payday Starts in a Year (and Really Ramps Up in 2027)
2025-10-08,"Big Tech Poised for Strong Quarterly Results Amid AI Spending Boom, Wedbush Says"
2025-10-08,Penguin Solutions Earnings Beat Estimates. Why the Stock Has Dropped More Than 20%.
2025-10-09,AI has carried the stock market. Concerns are mounting about a bubble
2025-10-09,Top Growth Companies With Insider Ownership To Watch In October 2025
2025-10-09,"China Tightens Rare Earth Controls, TSMC Data Boosts AI Trade"
2025-10-09,FQAL: 2 Competitors Are More Compelling
2025-10-09,Stocks Muted Before the Open With Earnings Season in Focus
2025-10-09,Akero Therapeutics to be Acquired by Novo Nordisk for up to $5.2 Billion
2025-10-09,My Dividend Stock Portfolio: New September Dividend Record - 100 Holdings With 13 Buys
2025-10-09,A Major Market Shift Could Be Coming
2025-10-09,Prediction: This Tech Stock Will Outperform Palantir Over the Long Haul
2025-10-09,"Meta, Ray-Ban Target 10 Million AI Glass Production By 2026"
2025-10-09,Palantir Technologies Inc. (PLTR): Ahead of the Curve in AI
2025-10-09,"Prediction: Meta Platforms and This ""Magnificent Seven"" Peer Will Be 2026's Blockbuster Stock-Split Stocks"
2025-10-09,"Meta (META): Buy, Sell, or Hold Post Q2 Earnings?"
2025-10-09,"Bosses Are Cutting Costs, Just Not the Private Jet"
2025-10-09,"A Tech Rebound Lifts U.S. Stocks, and the March to Record Highs Resumes"
2025-10-09,Sector Update: Tech Stocks Gain Late Afternoon
2025-10-09,October's Momentum Alert: Meta & Vertiv Among Top Picks
2025-10-09,Is the Stock Market in an AI Bubble? Goldman Sachs Says ‘No.’
2025-10-09,Here's What to Expect From Meta Platforms' Next Earnings Report - Yahoo Finance
2025-10-09,"Dan Ives Says Q3 Tech Earnings Will 'Exceed The AI Hype,' Expert Adds Tariff Impact On Other Firms Will Be 'Much Less Than Anticipated'"
2025-10-09,Top AI Stocks You Should Buy to Rejuvenate Your Portfolio
2025-10-09,Datacurve raises $15 million to take on ScaleAI
2025-10-09,"Intel pushes further into humanoid robotics with new chip, software"
2025-10-09,Market Chatter: Tesla CEO Musk to Earn 'Tens of Billions' From Pay Package Even if Most Goals Aren't Met
2025-10-09,Zacks.com featured highlights include Meta Platforms and Vertiv Holdings
2025-10-09,Josh Brown Explains Why NVIDIA (NVDA) ‘Still The Most Obvious’ Stock to Play AI Trade
2025-10-09,Did Meta Platforms Just Say Checkmate to Nvidia?
2025-10-09,Unum Group Declares Quarterly Dividend of $0.460 Per Share of Its Common Stock
2025-10-09,QumulusAI Secures $500M Non-Recourse Financing Facility through USD.AI to Accelerate AI Infrastructure Growth
2025-10-09,Echelon Emerges from Stealth to Automate Enterprise IT Services and Implementation with AI Agents
2025-10-09,Did Eco-Friendly Devices and Meta Partnership Just Shift Garmin's (GRMN) Investment Narrative?
2025-10-09,"New York Again Sues Meta, TikTok, and Other Platforms in Fight Over Social Media"
2025-10-09,Financial Services Roundup: Market Talk
2025-10-09,These 2 Computer and Technology Stocks Could Beat Earnings: Why They Should Be on Your Radar
2025-10-09,Here's What to Expect From Meta Platforms' Next Earnings Report
2025-10-09,"Google, Meta, Snap, TikTok Sued by New York City Over Alleged Youth Social Media Addiction"
2025-10-09,"Apple Harvests Demand — And Picks This Fight With Meta, Google"
2025-10-10,"It's 'early stages' of AI bubble, but don't sound the alarm just yet"
2025-10-10,How Much Pay Will Workers Sacrifice for Remote Work?
2025-10-10,"AI Party Is Not Over, Goldman Sachs Issues Top Picks"
2025-10-10,From Social Media to Courtrooms: Will Legal Challenges Weigh Down META Stock?
2025-10-10,CoreWeave's Top Brass Just Sold $1 Billion In Stock After 250% Rally
2025-10-10,The Next Magnificent 7 Stock Could Be This 1 Unlikely Company. Should You Buy It Here?
2025-10-10,This Analyst Was Right About Advanced Micro Devices (AMD)
2025-10-10,"Trump Shocks Markets: VIX Spikes 25%, S&P 500 Eyes Worst Day Since April"
2025-10-10,IWY: Benefits And Risks Of This Concentrated Growth ETF
2025-10-10,Retail Crowd Beats the S&P 500 as Soaring Trading Sparks Concern
2025-10-10,Will Oracle's $35B CapEx Plan Ensure Future Growth or Prove Risky?
2025-10-10,Big Banks Gear Up to Report Q3 Earnings
2025-10-10,"Big Tech ETF slumps as shares of Tesla, Amazon post big drops"
2025-10-10,"Apple Eyes Fight With Meta, Google As Trump Tariff Threat Takes A Bite"
2025-10-10,"Tech Stocks Are In A '1996 Moment,' Not A 1999-Style Bubble, Dan Ives Says"
2025-10-10,Baidu vs. Meta: Which AI Powerhouse is the Smarter Buy Right Now?
2025-10-10,Meta Platforms Inc. stock underperforms Friday when compared to competitors
2025-10-10,"Retail investors buy stocks in droves, fueling Wall Street bubble fears"
2025-10-10,"Undercovered Dozen: Petrobras, Richtech Robotics, Enbridge And More"
2025-10-10,3 Breakout Growth Stocks You Can Buy and Hold for the Next Decade
2025-10-10,Wall Street Breakfast Podcast: Inflation Report Still In Sight
2025-10-10,"Bubble or Not, the AI Spending Binge Is Unprecedented in Every Way"
2025-10-10,"AI Stocks- After Data Center Construction Boom, Will Profits Flow"
2025-10-10,Jensen Huang And The Billion-Fold Future Of Intelligence
2025-10-10,Penguin Solutions: Analyst Says Buy The Stock On 'Weakness Tied To Meta's Hardware Order Timing'
2025-10-10,Meta Platforms (META) Rises As Market Takes a Dip: Key Facts
2025-10-10,"Gaming Marketing Services Market Analysis Report 2025-2030, Profiles of Alphabet, Meta, WPP, Omnicom, Publicis, Interpublic Group, Dentsu, AppLovin, Unity Software, Digital Turbine"
2025-10-10,"KeyBanc Reaffirms Buy on Broadcom (AVGO) Ahead of Earnings, Citing Strong AI Demand"
2025-10-10,"Digital Marketing Market Global Forecast 2025-2030, Profiles of Alphabet, Meta, Amazon, ByteDance, Tencent, Microsoft, Baidu, Snap, Pinterest, The Trade Desk"
2025-10-11,Fashion Tries to Hold Tight in a Whirlwind of Change
2025-10-11,Meta Platforms Gains After Citizens Reiterates Market Outperform Rating
2025-10-11,"The RealReal, Upwork, Skillz, Amazon, and Meta Shares Are Falling, What You Need To Know"
2025-10-11,"Buy tech sell-off,  Wedbush’s Ives says: ’this is a 1996 moment, not 1999’"
2025-10-11,Q3 earnings will be 'validation moment' for AI spend: Dan Ives
2025-10-11,ReelTime Media Stock Climbs as AI Rivals Tumble Amid China Tariff Worries
2025-10-11,Jim Cramer on CoreWeave: “We’ve Liked This From the Day They Did Their IPO”
2025-10-11,"If AI Is A Bubble, The Signs Were Staring Us In The Face"
2025-10-11,Is Constellation Energy Corporation (CEG) a Good Addition to Your Nuclear Energy Portfolio?
2025-10-11,META Improves Facebook Reels with New Features
2025-10-11,"The ""Magnificent Seven"" or the Entire S&P 500: What's the Better Option for Growth Investors?"
2025-10-11,Should You Buy Meta Platforms Before Oct. 29?
2025-10-11,"Wells Fargo Raises Meta (META) Price Target to $837, Keeps Overweight Rating"
2025-10-11,"How To Build A $500,000 Low-Stress Retirement Portfolio"
2025-10-12,"Consumer Tech News (Oct 6-10): China Hits Nvidia, Tesla Tests Cybercab, Sunak Joins Microsoft & More"
2025-10-12,Could Meta (META) Collaboration on AI Creator Tools Reveal a New Edge in Influencer Strategy?
2025-10-12,"1 Unstoppable Stock That Could Join Nvidia, Apple, Microsoft, Amazon, Alphabet, Meta, and Tesla in the $1 Trillion Club"
2025-10-12,QGRW: Leading Growth ETF With A Caveat
2025-10-12,"Meet the Potential Stock-Split Stock That Soared by 470% Over the Past 15 Years. Now, It's Poised to Join Nvidia, Apple, Microsoft, Amazon, Alphabet, Meta, and Tesla in the $1 Trillion Club by 2026."
2025-10-12,"If I Could Only Buy and Hold a Single Stock, This Would Be It"
2025-10-12,Meta Just Got Some Powerful New Competition for AI-Enhanced Wearables
2025-10-12,Mark Zuckerberg Just Got Some Powerful New Competition for AI-Enhanced Wearables
2025-10-12,"META Stock Target Raised to $900 by Citizens, Citing Strong AI-Driven Growth"
2025-10-12,"Thinking Machines Lab co-founder Tulloch departs for Meta, WSJ reports"
2025-10-12,Thinking Machines Lab Co-Founder Departs for Meta
2025-10-12,Our Faces No Longer Belong to Us
2025-10-13,Meet the Supercharged Growth Stock That One Wall Street Analyst Thinks Is Poised to Hit $20 Trillion by 2030
2025-10-13,"Stock Market Today: Dow Jones, S&P 500 Rally After Trump Hints At De-Escalation With China— Tesla, Meta And Other Mag 7 Stocks In Focus (UPDATED)"
2025-10-13,NVIDIA Spectrum-X Ethernet Switches Speed Up Networks for Meta and Oracle
2025-10-13,Stock Splits Ahead? 3 Artificial Intelligence (AI) Stocks to Keep on Your Radar
2025-10-13,5 Reasons to Buy Global X Uranium ETF Like There's No Tomorrow
2025-10-13,"Short Squeeze in Silver and Rare Earths, Taco Traders Euphoric, Trump Seeks Diplomatic Path"
2025-10-13,Tech Earnings Are Key to Stock Market Navigating Trump’s ‘October Surprise’
2025-10-13,"Meta Platforms: Healthy Fundamentals, Rare Technical Setup"
2025-10-13,"CSP CapEx to Soar Past US$520 Billion in 2026, Driven by GPU Procurement and ASIC Development, Says TrendForce"
2025-10-13,Fee-Fi-Fo-Fum: Is A Giant Crash Brewing For AI Stocks?
2025-10-13,OpenAI taps Broadcom to build its first AI processor in latest chip deal
2025-10-13,"Nvidia, Broadcom Highlighted As Sector Leaders Drive AI Growth Despite Buildout Risks: Analyst"
2025-10-13,3 Top Tech Stocks to Buy in October
2025-10-13,Broadcom (AVGO) Hits Key Milestone in Co-Packaged Optics Technology
2025-10-13,"Cantor Fitzgerald Keeps Overweight Rating on CoreWeave (CRWV), $174 PT"
2025-10-13,Central banks stoked the dotcom bubble. They’re doing it again for AI
2025-10-13,Meta (META) in Focus as TD Cowen Sees Strong Quarter and Robust Ad Momentum
2025-10-13,"2 Stocks That May Crush the ""Magnificent Seven"""
2025-10-13,Prediction: These Will Be Wall Street's 2 Most Prominent Stock-Split Stocks of 2026
2025-10-13,"SP500: It's A Dip, Not A Bubble Burst (Yet)"
2025-10-13,Fee-Fi-Fo-Fum: Is A Crash Brewing For AI Stocks?
2025-10-13,4 things that will determine if we’re in an AI bubble
2025-10-13,AI-Powered Data Centers Are Fueling A Historic Demand Spike: 15 Stocks To Watch
2025-10-13,Risk Is Back On After Trump’s Latest China Post. Consumer Staples Are Struggling.
2025-10-13,"South Koreans Poured $1.24B Into US Tech, Crypto During the Korean Thanksgiving"
2025-10-13,Taiwan Semi (TSM) is Going to $400
2025-10-14,APP Stock Skyrockets 140% in 6 Months: Should You Board the Train?
2025-10-14,Can CRWD's Partnership Ecosystem Accelerate its Path to $10B ARR?
2025-10-14,"Arista Stock Falls As Nvidia Wins Meta, Oracle Orders For AI Networking Chips"
2025-10-14,Can LinkedIn Revenue Growth Accelerate Microsoft Stock's Upward Trend?
2025-10-14,IGD: Trading Capital Appreciation For Income
2025-10-14,Meta Platforms Positioned as Top AI Beneficiary Amid Ad Growth and Wearables Push
2025-10-14,Aptos stakes its claim as the institutional blockchain powerhouse
2025-10-14,"Instagram adds content restrictions, BlackRock gains on Q3 beat"
2025-10-14,Basic Materials Roundup: Market Talk
2025-10-14,"Liberty All-Star® Growth Fund, Inc. September 2025 Monthly Update"
2025-10-14,Liberty All-Star® Equity Fund September 2025 Monthly Update
2025-10-14,Instagram to Limit Content for Teenage Users Based on PG-13 Ratings
2025-10-14,Supermicro launches new data center construction business as stock continues to recover
2025-10-14,"AMD Showcases “Helios” Rack-Scale Platform Built on the Open Compute Project Open Rack for AI, Introduced by Meta"
2025-10-14,This Week In Cloud AI - AI Investment Surge Reshapes Cloud Provider Strategies
2025-10-14,Luffa Appoints Esra Ozturk as Head of Product to Lead the Next Era of Fan Loyalty Innovation
2025-10-14,Meta Platforms Gets Buy Rating Reaffirmed from Citi
2025-10-14,"Tech earnings are coming, and perhaps ‘nothing looms larger’ than this factor"
2025-10-14,Why Nvidia (NVDA) Stock Is Trading Up Today
2025-10-14,Is Meta’s stock in trouble? OpenAI’s new app has Wall Street worried.
2025-10-14,Nvidia DGX Spark hits market as 'world’s smallest AI supercomputer'
2025-10-14,Realizing the Open Data Center Ecosystem Vision
2025-10-14,"Zacks Investment Ideas feature highlights: Taiwan Semiconductor, Nvidia, Meta Platforms, Marvell and Tesla"
2025-10-14,SCHD: The Best Time In Years To Buy This Dividend Powerhouse
2025-10-14,Wall Street Lunch: Wall Street Giants Edge Out Q3 Earnings Expectations
2025-10-14,Broadcom’s $10B Mystery Customer Underscores Ballooning AI Investments
2025-10-14,From Clouds To Chips: Is The Tech Sector Entering A New Phase For Investors?
2025-10-14,Williams: Attractive Secular Tailwinds With Visible Growth
2025-10-14,Commerce Unlocks the Power of Feed Management for D2C and B2B Merchants with Launch of Feedonomics Surface
2025-10-14,Taco Traders Meet Cahn; Bank Earnings; New AMD Win; Rush To Buy Quantum And Nuclear Stocks
2025-10-15,Should You Buy Meta Platforms Stock Before Oct. 29? - Yahoo Finance
2025-10-15,Meta Platforms (META) Beats Stock Market Upswing: What Investors Need to Know - Yahoo Finance
2025-10-15,Novo Nordisk and Omeros announce asset purchase and license agreement for Omeros’ clinical-stage MASP-3 inhibitor zaltenibart (OMS906)
2025-10-15,Lemonade adds Meta’s VP of AI Products to its Board of Directors
2025-10-15,"Top Stock Movers Now: Walmart, Intel, Domino's Pizza, Arista Networks, and More"
2025-10-15,Tech Is Valued as if AI Is the Next Smartphone. It Isn’t.
2025-10-15,Is AI A Bubble? Yes... And No
2025-10-15,Instagram reveals PG-13 guidelines for teens
2025-10-15,"IFF to Release Third Quarter 2025 Results on Nov. 4, 2025"
2025-10-15,"Dryden Pence: Why I’m Bullish on Small-Caps, Defense Stocks, and AI"
2025-10-15,Spotting Winners: Asana (NYSE:ASAN) And Productivity Software Stocks In Q2
2025-10-15,Explaining Recent MLP/Midstream Weakness And The Outlook
2025-10-15,"Cathie Wood Warns Wall Street Is Missing AI's Biggest Opportunity In Healthcare, Calling It 'Sleeper' Investment Poised For Massive Returns"
2025-10-15,Broadcom Stock Investors Just Got Good News From OpenAI -- Is Nvidia Losing Its Edge in AI Chips?
2025-10-15,Should You Buy Meta Platforms Stock Before Oct. 29?
2025-10-15,"UK's Nscale to supply Microsoft with 200,000 Nvidia AI chips"
2025-10-15,Goldman’s acquisition of Industry Ventures is a bet on soaring secondaries
2025-10-15,"Coinbase Forum: Global Leaders on Tokenization, Regulation and Financial Innovation"
2025-10-15,Powell-Triggered Stock Buying Outweighs Trump Post On Soybeans And Cooking Oil; Walmart Moves to Agentic Commerce
2025-10-15,Meta Platforms Insiders Sold US$50m Of Shares Suggesting Hesitancy
2025-10-15,"Factbox-From OpenAI to Meta, firms channel billions into AI infrastructure as demand booms"
2025-10-15,Macquarie Large Cap Growth Fund’s Views on Meta Platforms (META)
2025-10-15,Fortinet vs. CrowdStrike: Which Cybersecurity Stock is a Better Buy?
2025-10-15,Big Tech Favorites Are Leading the Market
2025-10-15,"Citi Puts Meta (META) on 90-Day Catalyst Watch Ahead of Earnings, Keeps $915 Target"
2025-10-15,Meta Platforms Breaks Ground on $1.5 Billion AI Data Center in Texas
2025-10-15,"BlackRock, Nvidia-backed group strikes $40 billion AI data center deal"
2025-10-15,"Meta taps Arm Holdings to power AI recommendations across Facebook, Instagram"
2025-10-15,Meta partners up with Arm to scale AI efforts
2025-10-15,"Silicon Valley is plowing money into AI, and the latest deals are eye-watering"
2025-10-16,From back office to frontline: Unlocking AI’s revenue potential in banking
2025-10-16,AI Spending Is Powering The Economy - Dividend Stocks To Buy Before The Next Wave
2025-10-16,"Zacks Investment Ideas feature highlights: Cintas, Waste Management and Meta"
2025-10-16,From Magnificent To Stretched: Rethink U.S. Equity Allocations
2025-10-16,Jamie Dimon Says You Can't Look At AI As A Bubble: 'People Should Stop...'
2025-10-16,Trump Hosts Corporate Ballroom Donors at Glitzy White House Dinner
2025-10-16,Trump hosts glitzy dinner for wealthy donors to new White House ballroom
2025-10-16,"AI Data Centers, Desperate for Electricity, Are Building Their Own Power Plants"
2025-10-16,Meta Platforms (META) Beats Stock Market Upswing: What Investors Need to Know
2025-10-16,Arista Networks (ANET) Loses 5.87% on Cutthroat AI Competition
2025-10-16,"‘The Smartest Investments We Can Possibly Imagine’: Nvidia CEO Jensen Huang Says OpenAI Will Be Worth Trillions, Rivaling Amazon and Meta"
2025-10-16,"Best Bargain ""Magnificent Seven"" Buy: Alphabet vs. Meta Platforms"
2025-10-16,Meta Announces New Texas Data Centers in AI Push
2025-10-16,Meta Building New Gigawatt-Sized Data Center in Texas
2025-10-16,BITF's HPC & AI Pivot: Can Success Be Fetched Beyond Bitcoin?
2025-10-16,Meta commits $1.5 billion for AI data center in Texas
2025-10-16,Second Nature Secures $22M Series B to Future-Proof Sales and Service Teams for the AI Era
2025-10-16,2 Dividend Stocks I'm Very Thankful I Owned This Year
2025-10-16,Fee-Fi-Fo-Fum: Will OpenAI Be The Giant That Eats Software Companies?
2025-10-16,"Nvidia, Tesla Fuel Demand — And Buy Point — For This Turnaround AI Stock"
2025-10-16,High Stakes For VOO And SPY: The S&P 500's Lofty Valuations Put ETF Strategies To Test
2025-10-16,Meta Stock: An Advanced Put Strategy Takes Advantage Of Pre-Earnings Volatility
2025-10-16,Stocks Give Up Gains Again. Here's Why.
2025-10-16,How a headphone site operator built loyalty startup Lantern to solve his own problems
2025-10-16,Apple loses another AI exec to Meta
2025-10-16,OpenAI's $400 Billion Plan To Build 5 'Stargate Data Centers' In The U.S. Takes Direct Aim At Microsoft And Meta In Battle For AI Supremacy
2025-10-16,How Meta Platform Plans to Win the AI Race
2025-10-16,Is It Worth Investing in Meta Platforms (META) Based on Wall Street's Bullish Views?
2025-10-16,"Stock Buying On New AI Data, Potential China Truce Extension, LAC And ABAT Show Insanity"
2025-10-16,DoubleVerify Expands AI-Powered Brand Suitability Measurement Coverage Across Meta Threads
2025-10-16,"IAS LAUNCHES FIRST AI-DRIVEN, INDEPENDENT BRAND SAFETY AND SUITABILITY MEASUREMENT FOR META THREADS"
2025-10-16,"Meta's $1.5B AI investment, NuScale Power pops on Army program"
2025-10-16,"Lockheed Martin, Microsoft, Meta, Google, Amazon And Palantir Join Trump's Lavish White House Dinner To Fund His $250 Million Ballroom"
2025-10-17,Apple reportedly loses another exec. to Meta: What to know
2025-10-17,Why Arm Holdings Stock Was Moving Higher This Week
2025-10-17,MicroStrategy beats Nvidia with surprising annual gains
2025-10-17,"Chamber of Commerce Sues Over Trump’s $100,000 H-1B Visa Fee"
2025-10-17,VC legend Ron Conway quits Salesforce Foundation after Benioff’s National Guard comments
2025-10-17,AI Is Punishing Quality Stocks. They’re About to Fight Back.
2025-10-17,"Meta, Blue Owl Seal $30 Billion Private Capital Deal for AI"
2025-10-17,"Meta set to clinch nearly $30 billion financing deal for Louisiana data center site, Bloomberg News reports"
2025-10-17,"Meta Just Nuked an 80,000-Member ICE Watch Group After DOJ Crackdown"
2025-10-17,Meta Platforms Rises 23% Year to Date: Should You Buy the Stock?
2025-10-17,'Blue Owl Seals Largest Private Capital Deal for Meta's AI Growth'- Bloomberg
2025-10-17,"Marjorie Taylor Greene, Cathie Wood Snap Up The Same 13 Stocks — Here's the Unlikely Portfolio Crossover"
2025-10-24,Is Meta Platforms Stock a Smart Buy Before Q3 Earnings Report? - Yahoo Finance
2025-10-26,Meta Is Set to Report Earnings on Wednesday—What You Need to Know - Yahoo Finance
2025-10-27,Meta (META) Q3 Earnings: What To Expect - Yahoo Finance
2025-10-28,Meta Q3 Earnings Preview: What To Expect From Upcoming Report - Yahoo Finance
2025-10-29,Meta stock falls on earnings: 2 reasons investors are spooked - Yahoo Finance
2025-10-29,Meta Reports Third Quarter 2025 Results - Meta Investor Relations
2025-10-29,Meta Stock Forecast 2025–2030 | Future Outlook - Capital.com
2025-10-29,Meta Platforms (META) Beats Q3 Earnings and Revenue Estimates - Yahoo Finance
2025-10-30,Meta Stock Slides After Earnings. Wall Street Growing Anxious About AI 'Superintelligence' Costs. - Investor's Business Daily
2025-10-30,'We expect to invest aggressively': Meta stock tumbles as tax hit and AI spending spree rattle investors - Fast Company
2025-10-30,Meta Stock Tumbles After Earnings. Why AI Costs Are Becoming a Problem. - Barron's
2025-10-30,Should You Buy the Dip in Meta Platforms Stock Today? - Yahoo Finance
2025-10-30,Biden Tax Reforms Take a $16 Billion Bite Out of Trump’s Big Tax Giveaway to Meta - Institute on Taxation and Economic Policy
2025-10-30,"Meta Platforms' Q3 Earnings and Revenues Surpass Estimates, Rise Y/Y - Yahoo Finance"
2025-10-30,"Meta stock sinks after tax hit weighs on earnings, company touts 'notably larger' AI investments in year ahead - Yahoo Finance"
2025-10-31,META’s Big Earnings Beat Overshadowed by Soaring AI Spending - Yahoo Finance
2025-11-03,Should You Buy Meta Stock While It's Under $700? - Yahoo Finance
2025-11-05,Should You Buy Meta Platforms Stock on the Dip? - Yahoo Finance
2025-11-06,Why Meta Platforms Stock Fell 12% in October - Yahoo Finance
2025-11-11,Why Meta Platforms (META) Shares Are Down Tuesday?
2025-11-11,Why Nebius Is 'Learning To Say No To Customers'
2025-11-11,"Top Analysts See S&P 500 Climbing 7,500 by 2026 on AI Momentum"
2025-11-11,"These Stocks Moved the Most Today: CoreWeave, Nvidia, Tesla, Nebius, Rigetti, BigBear.ai, Rocket Lab, and More"
2025-11-11,Plug Power Stock Trades Wildly on AI News. Its Business Model Is Changing.
2025-11-11,Apple Turns AI Caution Into Gold as Rivals Drown in Spending Spree
2025-11-11,"SoftBank’s Nvidia Exit Raises Eyebrows, But Analysts Still See Big Upside for NVDA Stock"
2025-11-11,Nebius Strikes $3 Billion AI Deal With Meta as Dutch Cloud Company's Third-Quarter Revenue Surges
2025-11-11,Gemini Stock Plunges After Earnings. Bitcoin Credit Cards Are Still Going Strong.
2025-11-11,"Nebius Reports Bigger Q3 Net Income Loss, Announces Meta AI Deal, Shares Fall"
2025-11-11,Nebius’s 355% Revenue Hike Misses Forecasts. This AI Deal Isn’t Enough to Lift the Stock.
2025-11-11,Nebius Stock Plunges 5% Despite Inking $3B AI Deal With Meta
2025-11-11,"Ripple Has 'No Plans' For Public Offering, President Says Despite Crypto Listing Boom"
2025-11-11,Nebius Lands $3 Billion Meta Deal After 355% Revenue Surge--But Investors Eye the Miss
2025-11-11,Microsoft: I've Doubled Down During This AI Shakeout
2025-11-11,Meta Platforms Stock: Should You Buy the Post-Earnings Dip?
2025-11-11,SoftBank Sells Nvidia Stake for $5.8 Billion to Fund AI Bets
2025-11-11,Nebius Set To Join Meta And Oracle In The AI Debt Club
2025-11-11,Meta’s chief AI scientist Yann LeCun reportedly plans to leave to build his own startup
2025-11-11,Why Meta Platforms (META) Shares Are Down Tuesday? - Yahoo Finance
2025-11-11,"SoftBank, Sony, XPeng: Global Stocks in the Spotlight"
2025-11-11,"Magnificent Seven Stocks: Nvidia, Tesla Sell Off"
2025-11-11,Three AI Megadeals Are Breaking New Ground on Wall Street
2025-11-11,"Nebius Q3 sales soar by 355%, Sea Limited misses profit estimates"
2025-11-11,AMD's Lisa Su sees 35% annual sales growth driven by 'insatiable' AI demand
2025-11-11,Nvidia’s $500 Billion Surge Meets a Wall of Doubt | US Crypto News
2025-11-11,"Novo Nordisk A/S: Trading in Novo Nordisk shares by board members, executives and associated persons"
2025-11-11,Nebius Reports Third Quarter 2025 Financial Results
2025-11-11,Latest Meta AI exit raises big questions for Zuckerberg’s superintelligence push
2025-11-11,"Poster Child of AI Data Center Trade Stumbles, SoftBank Sells Nvidia"
2025-11-11,"Nebius: Microsoft, Then Meta - Now What?"
2025-11-11,Wall Street Lunch: Meta's Chief AI Scientist Yann LeCun Plans To Exit
2025-11-11,These 20 Stocks Now Make Up Half Of The S&P 500—Here's Why That's Risky
2025-11-11,What Tesla Stock Looks Like in 10 Years If Musk Hits Pay Targets
2025-11-12,Dow rallies 300 points to new record with shutdown set to end Wednesday: Live updates
2025-11-12,What the Rise of Trillionaires Could Mean for the World
2025-11-12,AMD Unveils Strategy to Lead the $1 Trillion Compute Market and Accelerate Next Phase of Growth
2025-11-12,A $3 Billion Reason to Buy Nebius Stock Now
2025-11-12,Big Tech starts complying with Australia's teen social media ban
2025-11-12,Meet The World's First AI-Led Startup: HurumoAI's Agent Offers 6 Procrastination Modes That Let AI Doomscroll So You Recharge In 30 Minutes
2025-11-12,Why Meta's Post-Earnings Selloff Is An Early Gift (Rating Upgrade)
2025-11-12,Dow Hit New High as Shutdown Nears End; Nasdaq Falls as Nvidia Slides
2025-11-12,"Not a 'Zombie Company': Scale AI's CFO Says People 'Mischaracterize' Deal That Sparked Founder Joining Meta, Boasts Misunderstood Trajectory"
2025-11-12,Meta AI Pioneer Has Discussed Leaving to Launch a Startup
2025-11-12,2 Volatile Stocks to Consider Right Now and 1 We Turn Down
2025-11-12,"Nebius CEO Says 'We Sold Out Everything We Built' As NBIS Plans Expansion Across Israel, UK, More"
2025-11-12,10 High Quality ETFs & Stocks To Buy In The Next Market Downturn And Hold Until 2030
2025-11-12,"Burry's Right, Depreciation Is A Fatal Blow To The AI Bubble"
2025-11-12,3 Key Questions For Investors As We Head Into 2026
2025-11-12,Nvidia Shares Decline After SoftBank Exit as Markets Assess Investor Michael Burry's Claims
2025-11-12,Can The Trade Desk Dominate the Open Internet With its AI Advantage?
2025-11-12,Pinterest Down 16.6% in 6 Months: Should it Be in Your Portfolio?
2025-11-12,"S&P 500 May Break 7,000 Barrier Before Year-End, Wells Fargo Predicts"
2025-11-12,Innoviz Reports Third Quarter 2025 Results
2025-11-12,"Nebius' Q3 Loss Widens Y/Y, Revenues Rise on AI Demand, Stock Down"
2025-11-12,The $400 Billion AI Boom That Just Supercharged This Apple Supplier's Stock
2025-11-12,How buying the dip & selling the rip is fueling investor gains
2025-11-12,Why Meta Will Outshine The Competition
2025-11-12,"Meta Q3 Earnings: Strong Ad Growth, But Concerns On Overspending Are Persistent"
2025-11-12,"Dow holds above 48,000 threshold, while S&P 500 and Nasdaq waver"
2025-11-12,The AI Boom Is Looking More and More Fragile
2025-11-12,Prediction: This Dividend-Paying Value Stock Will Join Berkshire Hathaway in the $1 Trillion Club Before Walmart
2025-11-12,AMD Wants to Take AI Share Away From Nvidia; Buying on Government Open Continues; Fed Divided
2025-11-12,"Anthony Scaramucci Says TON Token Offers Indirect Bet On Telegram's Ecosystem, Could Hit $10 In Contrarian Play Challenging Visa, PayPal"
2025-11-12,AI Stocks: Excessive Hype And Capex Could Trigger A Correction
2025-11-12,Anthropic announces $50B investment in new US data centers to meet AI demand
2025-11-12,15 Stocks To Consider Buying For The Supreme Court Ruling On Trump's Tariffs
2025-11-12,Anthropic Will Spend $50 Billion to Build US Data Centers
2025-11-12,Nasdaq Loses Early Gains
2025-11-12,"Coinbase to Leave Delaware, Reincorporate in Texas"
2025-11-12,Arm Stock Delivered a Smashing Quarter. It Wasn't Enough.
2025-11-12,How Does Meta Make Money?
2025-11-12,The Real Reason This Analyst Still Calls Nebius His Favorite Neocloud Player
2025-11-12,Meta Stock Continues To Slide: What's Going On?
2025-11-12,Meta Keeps Throwing Money At AI - Ad Monetization Remains Robust (Upgrade)
2025-11-12,"The rise of Yann LeCun, the 65-year-old NYU professor who is planning to leave Mark Zuckerberg’s highly paid team at Meta to launch his own AI startup"
2025-11-12,Michael Burry Accuses Meta Platforms of ‘Common Fraud’ and Inflated Earnings. Should You Still Buy META Stock Now? - Yahoo Finance
2025-11-13,"“You Don’t Go After This Guy,” Says Jim Cramer About Meta (META) CEO Mark Zuckerberg"
2025-11-13,Jim Cramer Doesn’t Think Duolingo (DUOL)’s Needed Anymore
2025-11-13,"CoreWeave stock falls after The Verge labels it ""heart of AI bubble"""
2025-11-13,Meta: Why The Recent Selloff Is A Buying Opportunity (Rating Upgrade)
2025-11-13,"META: Tax Shock, AI Spending, And Why The Pullback Makes The Stock More Attractive"
2025-11-13,"Elon Musk Says Delaware Is ""Bleeding Companies"" As Coinbase Moves To Texas"
2025-11-13,Meta’s stock is now this analyst’s ‘best idea.’ Why all the AI spending could be worth it.
2025-11-13,Wisr AI Systems Joins Canadian Chamber of Commerce Future of Artificial Intelligence Council
2025-11-13,Nebius Group Stock Looks Tempting -- but There's 1 Big Thing to Watch
2025-11-13,Big Tech’s Soaring Profits Have an Ugly Underside: OpenAI’s Losses
2025-11-13,Money Moving Into Healthcare Not AI; Four Fed Presidents Do Not Want a Rate Cut; Euphoria Wearing Off
2025-11-13,Disney's YouTube Blackout — Costing $30 Million A Week — Puts Pressure On These ETFs
2025-11-13,AI Stocks Hit Turbulence: Will Electrical Grid Issues Short-Circuit AI Revolution?
2025-11-13,Binance Denied It Helped Trump's Crypto Venture—But A $2B Deal And A Presidential Pardon Have Lawmakers Asking Questions
2025-11-13,"Tencent Posts 15% Revenue Jump, Sustaining Growth Without Splashy AI Bets"
2025-11-13,Can CoreWeave Sustain its Edge Amid Surging AI Cloud Demand?
2025-11-13,Palantir CEO Alex Karp warns some AI investments 'may not create enough value' to justify cost
2025-11-13,Meta Stock Is a ‘Best Idea’ After Slump. Why It Can Gain 50%.
2025-11-13,Wall Street Lunch: Michael Burry Waves Bye
2025-11-13,Meta Platforms (NASDAQ: META) Stock Price Prediction for 2025: Where Will It Be in 1 Year (Nov 13)
2025-11-13,"Zacks Investment Ideas feature highlights: Opendoor Technologies, Carvana, Shopify and Meta Platforms"
2025-11-13,Nebius Stock Keeps Falling. Here’s Why You Should Be a Buyer
2025-11-13,Jim Cramer's top 10 things to watch in the stock market Thursday
2025-11-13,Struggling Big Tech stocks drag down S&P 500
2025-11-13,Big Tech’s Climate Strategists Feeling Strain of AI Power Needs
2025-11-13,Why I'm Loading Up On META Amid The CapEx Overreaction
2025-11-13,Articul8 Joins Exclusive AWS Startups: Building with Llama Program
2025-11-13,"Enterprises Are Adopting Data and Governance Frameworks and Talent Strategies for Agentic AI, ISG Says"
2025-11-13,Did the market overreact to Meta's earnings report?
2025-11-13,"Google's 'Crazy Tool' Could Make Blockchain Obsolete – Experts Suggest 'Wild' And 'Exciting' Times Ahead Amid 'High Risk, High Reward' Endeavor"
2025-11-13,US Equity Indexes Mixed as Weaker Magnificent-7 Stocks Coincide With Upcoming Vote to End Shutdown
2025-11-13,Tracking Cathie Wood's ARK Invest 13F Portfolio - Q3 2025 Update
2025-11-13,Heard on the Street Recap: Dow 48000
2025-11-13,Fed official forecasts huge economic shift coming soon
2025-11-13,"'Don't Bet Against Crazy People,' Says Ross Gerber. 'Shorting Palantir Is A Bad Idea'"
2025-11-13,"US Equity Markets Mixed Amid Decline in Mag-7 Stocks, Likely Resolution to Govt Shutdown"
2025-11-13,This $70 Billion Hedge Fund Was Early to AI’s Big Winners. What It Sees Next for the AI Trade.
2025-11-13,Nebius Group NV (NBIS) Q3 2025 Earnings Call Highlights: Record Revenue Growth and Strategic ...
2025-11-13,"The Dow Tops 48,000 for First Time as Big Tech Weighs on Nasdaq"
2025-11-13,"US Equity Indexes Trade Mixed as Magnificent-7 Stocks Decline, Vote to End Shutdown on Cards"
2025-11-13,Why SoftBank is the Dallas Cowboys of AI investing
2025-11-13,The Stock Market’s Biggest Risk Is Harder to See Than an AI Bubble
2025-11-13,Ghiorghiu Shares How He Scaled Atlas To $350K Per Month In Recurring Revenue: 'I Decided To Push All Of My Chips In. I Had My Back Against The Wall.'
2025-11-13,National Vision Holdings Now Looks Fairly Priced
2025-11-13,Alibaba Preps Big Revamp of Flagship AI App to Rival ChatGPT
2025-11-13,Cisco shares climb on strong AI-fueled equipment demand
2025-11-13,2 Years Of The Rise Of The 'Magnificent Seven' Tech Stocks
2025-11-13,Heard on the Street Wednesday Recap: Dow 48000
2025-11-13,Winklevoss-backed stock halted multiple times after wild 550% rally
2025-11-14,4 Winners To Consider Selling As Markets Get Volatile
2025-11-14,Oracle Stock Set to Drop for Fourth Day. How Its OpenAI Bet Went Wrong for the Shares.
2025-11-14,3 Monthly Dividend Stocks With Big Upside Potential
2025-11-14,Tech execs admit AI is a bubble—and they’re pretty happy about it: ‘We can’t deny there’s a ridiculous amount of investment going on’
2025-11-14,"Investors Heavily Search Meta Platforms, Inc. (META): Here is What You Need to Know"
2025-11-14,"Wall Street Roundup: Cisco Surges, Oracle Sinks Amid Growing AI Fears"
2025-11-14,"'You Do Want A Bubble,' Says Groq CEO Jonathan Ross On AI Frenzy — Insists The Money Will Be 'Returned With Interest' Despite Fears Of A Crash"
2025-11-14,Meta Stock Has Taken a Massive Hit. Time to Buy?
2025-11-14,"CoreWeave: This Isn't The Bubble Pop, Yet"
2025-11-14,"AI Spending Is Shifting — And Broadcom, Marvell Are Positioned To Win"
2025-11-14,"If You've Ever Pictured Dave Ramsey On 'Shark Tank,' Here's What Happened When He Put Himself In The Shoes Of A Shark"
2025-11-14,Bearish On AI? Tell That To The $600 Billion Big Tech Is About To Spend
2025-11-14,Big Tech ETF rebounds after worst day since late October
2025-11-14,Bursting AI Stock Bubble Worsens — Destroys $1.8 Trillion In Value
2025-11-14,Tech Stocks Tumble As Rate Cut Odds Fall; $870M Outflows From Bitcoin ETFs
2025-11-14,"'Big Short’ Michael Burry closes hedge fund, sparking crypto ‘nuclear winter’ warning"
2025-11-14,Micron: Picks And Shovels For AI
2025-11-14,"Meet the Best ""Magnificent Seven"" and ""Ten Titans"" Growth Stock for Value Investors to Buy in 2026"
2025-11-14,Update: Market Chatter: Amazon Joins Microsoft in Legislation to Curb Nvidia's Exports to China
2025-11-14,1 Top Growth Stock Down 8% to Buy After Its Recent Pullback
2025-11-14,Meta Platforms: Reasonably Valued With One Key Caveat
2025-11-14,"Stocks to watch next week: Nvidia, Walmart, Baidu, Babcock International and Imperial Brands"
2025-11-14,"FDLO: Leading The Low-Volatility Category, But Lagging The Benchmark"
2025-11-14,"Nvidia, Palantir, Microsoft Dragged Into AI Scare -- Here's Why Wedbush Says Relax"
2025-11-14,Longest U.S. Government Shutdown Is Over: What Happened And Key Takeaways
2025-11-14,Nvidia Reports Earnings Next Week. How Big of a Blowout Will It Be?
2025-11-14,Zalando appeals to EU’s top court over DSA platform status
2025-11-14,"Magnificent Seven Loving Congressman Buys Stocks Again, But This Time Only Three Of The Seven"
2025-11-14,How to Short the Entire AI Industry
2025-11-14,"Stocks making the biggest moves midday: Whirlpool, Topgolf Callaway, Nvidia, Stubhub & more"
2025-11-14,"Mira Murati's Thinking Machines seeks $50 billion valuation in funding talks, Bloomberg News reports"
2025-11-14,"META Stock Has Fallen 15% This Month, but Wedbush Says It Can Soar 50% from Here - Yahoo Finance"
2025-11-14,Burry’s Depreciation Gripe Shines Spotlight on Big Tech Profits
2025-11-14,Oracle hit hard in Wall Street’s tech sell-off over its huge AI bet
2025-11-14,"With Layoffs Spreading Across Industries, These Careers Are Still 'Doing Fine Right Now'—And Some Are Surprisingly Easy To Get Into"
2025-11-14,End Of An Era? YouTube Change Looms Amid Crypto Creator Uproar: 'It's TikTok Time I Guess'
2025-11-14,"Amazon, Microsoft back effort to curb Nvidia's exports to China, WSJ reports"
2025-11-14,Meta's Capex Plans Could Lead To Their iPhone Moment
2025-11-14,"Luxembourg Minister's Bitcoin Prediction Just Came True: ""As Michael Saylor Says,..."""
2025-11-14,"Amazon, Microsoft back effort to restrict Nvidia's exports to China, WSJ reports"
2025-11-14,"Bitcoin falls below $95,000 amid tech sell-off, bounces off lows on Friday"
2025-11-14,"History Says the Nasdaq Will Soar in 2026: 2 AI Stocks to Buy Now, According to Wall Street"
2025-11-14,"Wall Street’s on edge. These are the levels that stocks must not violate, says Fundstrat."
2025-11-14,"The AI Bubble Is Bursting, But Not For The Reason You'd Think"
2025-11-14,OUTFRONT And Google DeepMind Turn New York Subway Into A Citywide AI Art Studio
2025-11-14,"With the AI trade under pressure, Cramer looks at stocks outside of tech to buy"
2025-11-14,Tracking Ken Fisher's Fisher Asset Management Portfolio - Q3 2025 Update
2025-11-14,"2 ""Magnificent Seven"" Stocks to Buy Before They Soar at Least 20%, According to Select Wall Street Analysts"
2025-11-14,Meta Platforms Is Giving HubSpot Stock a Giant AI Boost. Will It Help Save HUBS?
2025-11-14,Oracle Stock Is a Bet on OpenAI—and Investors are Cashing in There Chips
2025-11-14,CEO Lisa Su Says that ‘Insatiable’ Demand Is Powering AMD. Should You Buy Its Stock Here?
2025-11-14,The ‘Big Short’ investor betting $1 billion against the AI bubble says Meta and Oracle’s accounting is hiding the brutal truth
2025-11-14,Is ARM Stock Still a Smart Bet After Its Record Q2 Results?
2025-11-14,Meta Begins Work On $1 Billion AI Data Center
2025-11-14,"David Tepper's Hedge Funds Bets On AMD, Nvidia In Q3, Takes Profits On Intel"
2025-11-14,RWE's first project in Louisiana completes construction
2025-11-14,"Kevin O'Leary's Take on Gold: 'It's Not a Debate, It's Not a Johnny-Come-Lately, It's Not a Crypto, It's Not Something Where There's Still Skeptics'"
2025-11-14,Has AI gotten too big to fail? How the U.S. government is backstopping the tech boom.
2025-11-14,Jim Cramer Says “We Are Long Meta for the Charitable Trust”
2025-11-14,"AI Spending Surge, Contrarian Take On Tech Stocks"
2025-11-15,"The Best Trillion-Dollar Stock to Buy Now, According to Wall Street (Hint: Not Nvidia) - The Motley Fool"
2025-11-15,Buy The Dip: I'm Betting Big On These Dirt-Cheap Income Machines
2025-11-15,Google plans $40 billion Texas data center investment amid AI boom
2025-11-15,"Airbnb CEO Brian Chesky Argues That AI Is 'Mostly Going To Be A Tool,' But Warns That Without Gen Z At The Bottom, There Will Be No Leaders At The Top"
2025-11-15,"Northland Capital Reduces PT on Nebius Group N.V. (NBIS) to $206, Maintains “Outperform” Rating"
2025-11-15,How the Narrative Around Meta Is Shifting Amid AI Growth and Cost Concerns
2025-11-15,"The Best Trillion-Dollar Stock to Buy Now, According to Wall Street (Hint: Not Nvidia)"
2025-11-15,AI anxiety on the rise: Startup founders react to bubble fears
2025-11-15,Meta Opens Pop-Up Stores to Build Buzz for Its AI Glasses
2025-11-15,Meta Platforms (META) Earns Bullish Target Despite Concerns Over Heavy AI Investments
2025-11-15,Future data centers are driving up forecasts for energy demand. States want proof they'll get built
2025-11-15,"More Americans Are Betting On Crypto, Private Equity And Alternatives, Skipping The Old 60/40"
2025-11-15,He’s Been Right About AI for 40 Years. Now He Thinks Everyone Is Wrong.
2025-11-15,Are These 3 Oversold Tech Giants Ready to Rebound?
2025-11-15,Databricks co-founder argues US must go open source to beat China in AI
2025-11-15,"Google to invest $40 billion in Texas data centers through 2027, Bloomberg reports"
2025-11-15,Liberty All-Star® Equity Fund October 2025 Monthly Update
2025-11-15,Philippe Laffont's Strategic Moves: CoreWeave Inc Faces a -5.03% Portfolio Impact
2025-11-15,"Best Buy Poised for Top-Line Momentum Ahead of Holiday Quarter, UBS Says"
2025-11-15,Tiger Global slashes Meta stake by 63%
2025-11-15,Chase Coleman's Strategic Moves: Meta Platforms Inc. Sees Significant Reduction
2025-11-15,The AI Narrative: Something Doesn't Compute
2025-11-15,Why Nebius (NBIS) Stock Fell Sharply This Week
2025-11-15,One Of America's Most Recognizable Restaurants Explores Sale Amid Identity Crisis As Yum! Brands Doubles Down On Gen Z Strategy
2025-11-15,"Does Meta, Google's use of debt to finance AI signal a bubble?"
2025-11-15,"Druckenmiller Opens Position In Amazon, Closes Microsoft — Here's More Of Duquesne's Biggest Q3 Moves"
2025-11-15,"META Stock Has Fallen 15% This Month, but Wedbush Says It Can Soar 50% from Here"
2025-11-15,OpenAI Keeps Eyes Locked On 2030 Despite The Mind-Boggling Amount Of Money It Lost Last Month
2025-11-15,Big Tech Earnings and Reckless Predictions
2025-11-15,"Liberty All-Star® Growth Fund, Inc. October 2025 Monthly Update"
2025-11-15,Google to invest $40 billion in new data centers in Texas
2025-11-16,"Despite AI bubble fears, Warren Buffett’s Berkshire Hathaway loads up on shares of hyperscaler Alphabet amid huge rally"
2025-11-16,Trump Bets Big on a Nuclear Comeback
2025-11-16,Where Will Nebius Stock Be in 1 Year?
2025-11-16,Trump's Bond Buying Spree Surges Past $82 Million Since August
2025-11-16,Forget the China gloom — luxury bosses say shoppers are back
2025-11-16,The Bubble In Covered Call ETFs That Nobody Is Talking About
2025-11-16,2 Top Artificial Intelligence (AI) Stocks to Buy in November
2025-11-16,Meta Platforms And Its Real Value
2025-11-16,"Meet the Newest Supercharged Growth Stock to Join Nvidia, Apple, Microsoft, Amazon, Alphabet, Meta, and Taiwan Semiconductor Manufacturing in the $1 Trillion Club. It's Still a Buy Right Now, According to Certain Wall Street Analysts."
2025-11-16,Is the Vanguard Utilities ETF the Smartest Investment You Can Make Today?
2025-11-16,AI Is Making Big Tech Weaker
2025-11-16,WhatsApp Is Breaking Through Apple’s Walled Garden
2025-11-16,Prediction: This Unstoppable AI Stock Will Split by 2030
2025-11-16,Trick week for stocks
2025-11-16,"Consumer Tech News (Nov 10-14): China Lifts Rare Earth Export Ban to U.S., Microsoft and Google Invest Billions in AI Data Centers & More"
2025-11-16,The AI Bubble Everyone Fears Doesn't Exist
2025-11-16,Nvidia Helped Spark the AI Rally. Its Earnings Could Revive It.
2025-11-16,"Meet the Unstoppable Stock That Could Join Apple, Nvidia, Microsoft, Alphabet, Amazon, Meta, and Taiwan Semiconductor in the $1 Trillion Club by 2030."
2025-11-16,Meta’s Pain May Be Your Gain: Is This a Rare Buying Window?
2025-11-16,Billionaire Philippe Laffont Sells Nvidia Stock and Buys a Mega-Cap AI Stock Down 23% From Its High
2025-11-17,Stocks waver to start the week; Alphabet rises on Berkshire stake: Live updates
2025-11-17,Tracking Christopher Davis' Davis Selected Advisers 13F Portfolio - Q3 2025 Update
2025-11-17,Oracle's AI Strategy Shake-Up Sparks Market Jitters As Shares Plunge 25%
2025-11-17,Wall Street Blows Past Bubble Worries to Supercharge AI Spending Frenzy
2025-11-18,Meta's AI spending spree has even the most bullish stock analysts wondering: How much capex is too much? - Fast Company
2025-11-18,"Meta Platforms Drops 18% in a Month: Buy, Sell or Hold the Stock? - Yahoo Finance"
2025-11-19,Meta Stock Slide Deepens. Here's Another AI Cost To Watch. - Investor's Business Daily
2025-11-29,Meta Platforms - High EVA Shows Why The Premium Is There
2025-12-01,Is Meta Platforms Stock a Buy Below $650? - Yahoo Finance
2025-12-04,Why Meta Platforms Stock Popped Today - Yahoo Finance
2025-12-04,Why I'm Rethinking My Bullish Stance on Meta Platforms Stock - Yahoo Finance
2025-12-04,ChatGPT Thinks Meta Stock Price Will Close At This Level By The End of 2025 - Yahoo Finance
2025-12-08,Meta Platforms Stock Jumps on Metaverse Spending Cuts. Here's Why the Growth Stock Is a Screaming Buy Before 2026 - The Motley Fool
2025-12-10,"Kochava Launches Partner Certification Program to Elevate Quality, Transparency, and Growth Across the Global Integrations Ecosystem"
2025-12-10,NextTrip Tackles Travel's Biggest Frustration: Why Finding a Hotel Takes Longer Than the Flight There
2025-12-10,How Big Tech's AI build-out is 'mostly' a private credit story
2025-12-10,NextEra Is Doubling Down on Data Centers for Big Tech. Should You Buy NEE Stock Here?
2025-12-10,Top Midday Stories: DeepSeek Said to Be Using Smuggled Nvidia Chips; Meta Pivoting Toward Money-Making AI Model Over Open Source
2025-12-10,Small-Cap Stocks May Be Ready to Outperform After Five Years of Lagging
2025-12-10,Will Higher Semiconductor Revenues Help AVGO Stock Beat Q4 Earnings?
2025-12-10,Meta stock edges lower after report of shift toward closed AI model
2025-12-10,Meta's Zuckerberg Directs Pivot to Money-Making AI Model
2025-12-10,'We Would Sell Bitcoin If We Needed To': Strategy CEO Says Selling Bitcoin Is Not Out Of The Question
2025-12-10,"Will Meta Platforms (META) Stock Hit $1,000 in 2027? - Yahoo Finance"
2025-12-10,"Will Meta Platforms (META) Stock Hit $1,000 in 2027? - 24/7 Wall St."
2025-12-10,Inside Meta’s Pivot From Open Source to Money-Making AI Model
2025-12-10,"Meta Faces New Reality: Pricier VR Gear, Dwindling Metaverse Dreams"
2025-12-10,Oracle Earnings Will Be A Tell On Debt-Fueled AI Trade; Global Yields At 16-Year High Ahead Of Fed Cut
2025-12-11,Meta Platforms (NASDAQ: META) Stock Price Prediction for 2025: Where Will It Be in 1 Year (Dec 11)
2025-12-11,Business leaders make their 2026 predictions for the Magnificent 7: ‘I’d rather be in Jensen’s seat than anywhere else’
2025-12-11,"Oracle Dud Earnings Report Forecasts Glum Wall Street Pre-Bell; Asia Off, Europe Steady"
2025-12-11,Intel Stock Is Falling -- CEO Faces Scrutiny Over AI Chip Deals
2025-12-11,ORCL: Oracle Stock Tumbles After Q2 Revenue Miss Despite Cloud Surge
2025-12-11,The First Crack In Nvidia's CUDA
2025-12-11,Intel Faces Conflict Questions Over CEO Tan's Dealmaking
2025-12-11,Oracle: The AI Capex Blunder Explained
2025-12-11,"Ciena Jumps On Strong Earnings, Guidance Amid Data Center Order Growth"
2025-12-11,"NextEra: The U.S. Has Been Losing 'Electron War' With China, That's Changing"
2025-12-11,Astris AI for Government™ Solutions to Accelerate Secure AI Adoption Across the Public Sector
2025-12-11,'A Modest Allocation Of 1% To 4% In Digital Assets Could Be Appropriate': Bank of America Opens Access To Bitcoin ETFs
2025-12-11,Hopes For A 'Soft Landing' Could Be Dashed In 2026
2025-12-11,Channel99 Launches Dynamic Audiences with One-Click Activation on Top-Performing Advertising and Lead-Generation Channels
2025-12-11,Meta’s stock may actually be an overlooked AI winner. Why bulls say to buy the dip.
2025-12-11,New Prediction Markets Play: Winklevoss' Gemini Space Station
2025-12-11,U.S. Tech Stocks Tumble in Premarket Trading After Oracle Report
2025-12-11,Tech Stocks Take a Hit After Oracle Earnings. Dow Rises.
2025-12-11,Dip-Buyers Step Into Oracle As Market Awaits Broadcom's Read on AI Overbuild Risk
2025-12-11,Morgan Stanley sees three key catalysts underpinning Meta’s bull case in 2026
2025-12-11,Meta In 2026: Can Zuckerberg Win Back Wall Street?
2025-12-11,"Microsoft CEO Warns That Leaders Without Emotional Intelligence Will Fall Behind In AI Race, Says 'It's Just A Waste Of IQ'"
2025-12-11,"Meta, Microsoft are two AI plays in the green"
2025-12-11,Oracle's big AI dreams are freaking out Wall Street
2025-12-11,"Intel pursued deals that boosted CEO Lip-Bu Tan's fortune, sources say"
2025-12-11,Oracle's Post-Earnings Plunge Is Dragging These Tech Stocks Down With It
2025-12-11,"Meta Platforms Could Outperform in 2026 on Revenue, Opex, Model Catalysts, Morgan Stanley Says"
2025-12-11,Avocado and AI: How Would a New Model from Meta Platforms Influence the Bull and Bear Cases for META Stock?
2025-12-11,Mark Zuckerberg eyes a big change to how Meta does AI
2025-12-11,"Oracle Q2 Earnings Beat Estimates, Cloud Growth Fuels Revenue Rise"
2025-12-11,Meta streamlines brands’ creator partnerships with AI-powered updates
2025-12-11,"S&P 500 Sector Outlook For 2026: Sell Technology, Buy Healthcare"
2025-12-11,Why Alibaba Stock Inched Higher Today
2025-12-11,Nick Clegg joins VC firm HIRO Capital to target spatial AI opportunities
2025-12-11,Sector Update: Tech Stocks Decline Wednesday Afternoon
2025-12-11,Is Google Stock a Buy Ahead of Its First AI Glasses Launch?
2025-12-11,Apollo exec says data center debt wave is 'tip of the iceberg'
2025-12-11,"Will Meta Platforms (META) Stock Hit $1,000 in 2027?"
2025-12-11,Elon Musk's SpaceX chases a $1.5 trillion IPO
2025-12-11,Sector Update: Tech Stocks Rise Late Afternoon
2025-12-11,Oracle Announces Fiscal Year 2026 Second Quarter Financial Results
2025-12-11,Why Microsoft Stock Tumbled Today
2025-12-11,"Oracle Misses Quarterly Revenue Estimates, Shares Fall After Hours"
2025-12-11,Mega AI Cloud Deals And Convertible Raise Could Be A Game Changer For Nebius Group (NBIS)
2025-12-11,Intel CEO Lip-Bu Tan Faces Scrutiny Over Multi-Billion Dollar AI Deals That Boosted His Own Venture Portfolio: Report
2025-12-11,Market Chatter: Intel Has Pursued Deals That Could Financially Benefit Chief Executive Tan
2025-12-11,"Did Apple’s Executive Overhaul Around AI, Regulation and ESG Just Shift Its (AAPL) Investment Narrative?"
2025-12-11,Oracle shares dive as revenue misses forecasts
2025-12-11,It Looked Like A Scam Email Asking To Venmo $100. Then He Realized It Was A Mandatory Contribution To A Lavish Gift For The Boss
2025-12-11,Oracle Stock Is Plunging Despite New Commitments From Nvidia and Meta. Here's Why.
2025-12-11,"Oracle Drops on Disappointing Cloud Sales, More AI Spending"
2025-12-11,Alphabet: 'Code Red' Is Why I Am Going All-In At The Top
2025-12-11,Elon Musk Calls AI 'Highest ELO Battle Ever' As Gavin Baker Warns Nvidia Blackwell Chips Could Shatter Google's Cost Advantage
2025-12-11,"The exclusive WhatsApp chats where family offices vet deals, plan meetups and sell dinosaur bones"
2025-12-11,Cloudflare (NET) Rises on Analyst Confidence and Google’s Data Visibility Edge
2025-12-11,"The Fed's hawkish cut, Oracle earnings, Coca-Cola's next CEO and more in Morning Squawk"
2025-12-11,Wall Street Breakfast Podcast: Oracle's AI Warning Shot
2025-12-11,Here's the AI chart showing why investors are on edge after Oracle's earnings
2025-12-11,Semiconductor Stocks Sell Off After Oracle's Results Spoil AI Party
2025-12-11,'Big Short' Steve Eisman is getting worried about the AI trade
2025-12-11,Meta’s AI Strategy Is Stuck in No Man’s Land. So Is the Stock.
2025-12-11,"Did Alphabet Just Say ""Checkmate"" to Nvidia?"
2025-12-12,Broadcom Shares Sink Despite Record Revenue
2025-12-12,Broadcom Turned In Strong Earnings. But Will They Revive the AI Trade?
2025-12-12,"Even Though Oracle Fell After Earnings, I'd Still Rather Buy It in December Over Every ""Magnificent Seven"" Stock (Except One)"
2025-12-12,Oracle Credit Default Swaps Surge as AI Debt Concerns Grow
2025-12-12,'Musk's X Posts Higher Sales Amid Costly Turnaround' - Bloomberg News
2025-12-12,Is 2026 the year Mag 7 internet leaders capitalize on AI investments?
2025-12-12,Over-Owned AI Stock AVGO Leading Tech Stock Selling; Marijuana Stocks Rise on Trump Push; NATO Chief Warns
2025-12-12,Google’s AI Chips Are Hot. Why Partner Broadcom Is Talking Down Their Success.
2025-12-12,Reddit Sues Australian Government Over Social-Media Ban for Under-16s
2025-12-12,Wall Street Roundup: Market Reacts To Earnings
2025-12-12,"Tech Giants Achieve 'Major Win' From Trump's AI Executive Order, Wedbush Says"
2025-12-12,Nebius: Unparalleled AI Infrastructure Moat
2025-12-12,How the Stock Market’s Rally Can Keep Going in 2026—and Where to Invest
2025-12-12,Charlie Munger Warned That BlackRock Holds Too Much Power And Didn't Want Larry Fink Becoming An 'Emperor'
2025-12-12,AI demand outpaces global infrastructure
2025-12-12,"President Trump's Federal AI Regulation Order a Major Win for Big Tech Companies, Wedbush Says"
2025-12-12,"Grant Cardone Says Escaping The Middle Class Means Quitting Savings, Skipping Homeownership, And Avoiding College Debt And Do This Instead"
2025-12-12,Reddit Sues Australian Government for Under-16 Social Media Ban
2025-12-12,"Meta vs. Amazon: Which Underperforming ""Magnificent Seven"" Stock Will Rebound More in 2026?"
2025-12-12,2 AI Nuclear Energy Stocks to Buy Now Before they Soar like GEV
2025-12-12,"Broadcom tumbles 11% despite blockbuster earnings as 'AI angst' weighs on Oracle, Nvidia"
2025-12-12,Don’t Fight the AI Bubble. Even Cisco Eventually Won.
2025-12-12,Reddit Files Lawsuit Against Australia's Under-16 Social Media Ban Citing Free Speech Violation
2025-12-12,"Chamath Palihapitiya Argues State-Level AI Laws Threaten US Dominance, Backing Trump's AI Overhaul: 'China Is Unified'"
2025-12-12,The Potential Losers In The AI Arms Race
2025-12-12,Trump signs order aimed at curbing state AI laws
2025-12-12,AI tools could drive $263 billion in holiday sales. Walmart and Target are racing to get in
2025-12-12,Investors fear Time just jinxed the AI stock-market rally with its 2025 person of the year
2025-12-12,Reddit sues to overturn Australian social media ban
2025-12-12,How the Stock Market’s Rally Can Keep Going in 2026—and What to Buy Now
2025-12-12,"Big Tech ETF falls, on pace for weekly slump"
2025-12-12,Market Chatter: Reddit Challenges Australia's Under-16 Social Media Ban in Court
2025-12-12,"Goldman’s Snider Sees AI, Strong Macro Driving 12% Earnings Jump"
2025-12-12,Jim Cramer says buy the sharp decline in Broadcom. Here's why
2025-12-12,ImmunityBio Receives Conditional Marketing Authorization Recommendation from the European Medicines Agency for ANKTIVA® with BCG for Non-Muscle Invasive Bladder Cancer Carcinoma in Situ—A First in Europe
2025-12-12,Stocks to buy for 2026 as the AI trade comes under pressure
2025-12-12,The Magnificent Seven Still Matter—But 2026 Isn't Just Their Story
2025-12-12,Market Outlook 2026: A Goldilocks Vibe Forecast Through Tech And Energy
2025-12-12,Altman and Musk launched OpenAI as a nonprofit 10 years ago. Now they’re rivals in a trillion-dollar market
2025-12-12,Oracle made a $300 billion bet on OpenAI. It's paying the price.
2025-12-12,Bullish Analyst Sentiment on Meta Platforms (META) Amid AI Wearables Acquisition and Next-Generation Hardware Plans
2025-12-12,Explainer-What are credit default swaps and why are investors watching Oracle's?
2025-12-12,Five debt hotspots in the AI data centre boom
2025-12-12,These are the key AI players on the cover of Time's 'Architects of AI' magazine
2025-12-12,Market Breadth Isn't to Blame for S&P 500's Decline
2025-12-12,"Musk, Huang, Zuckerberg Top Time's 2025 Person Of The Year List: Who Are The Architects Of AI?"
2025-12-12,Reddit files lawsuit against Australia’s social media ban for under-16s
2025-12-12,"Nebius Group N.V. (NBIS) Co-Founder Sees Huge AI Demand Ahead Backed by Mega Microsoft, Meta Deals"
2025-12-12,Oracle's Debt Balloons to $108 Billion as AI Spending Soars
2025-12-12,Meta Platforms price target lowered to $750 from $820 at Morgan Stanley
2025-12-13,MotorCity Racing Acquired; Joins META's LLama Startup AI Program
2025-12-13,Capturing The Evolving AI Landscape: WTAI's November 2025 Rebalance Through 5 Core Pillars
2025-12-13,Alphabet Running Too Hot Into 2026
2025-12-13,"Buy And Hold Portfolio For Next 10 Years: Potential $5,500 Monthly Income"
2025-12-13,"Broadcom, Oracle, Netflix, And More: 5 Stocks Investors Couldn't Stop Buzzing About This Week"
2025-12-14,1 Reason I Will Never Sell Meta Platforms Stock
2025-12-14,We Visited OpenAI and Oracle’s Project Stargate: Here’s What We Saw
2025-12-14,Corporate America is scrambling to hire energy traders as the AI boom pressures electricity costs
2025-12-14,Investor Who Reached $10K/Month in Dividend Income in 10 Years Shares His Portfolio: 'The Strategy is Be Disciplined. Everything Else Is Just Numbers'
2025-12-14,OpenAI Ends Vesting Cliff For Employee Stock Options Again As Competition For Top-Tier Talent Intensifies: Report
2025-12-14,Global week ahead: Europe under fire
2025-12-15,1 Cash-Producing Stock with Exciting Potential and 2 We Question
2025-12-15,"GLO: The Yield Is Nice, But I Still Have Concerns"
2025-12-15,"Alphabet's AI Chops Caught Up, But The Stock Needs A Reset"
2025-12-15,They made big money on risky trades in the market this year. Then they posted about it.
2025-12-15,"Zacks Investment Ideas feature highlights: GE Vernova, Constellation Energy, Nvidia, NextEra and Meta"
2025-12-15,Exclusive-Tesla board made $3 billion via stock awards that dwarfed tech peers
2025-12-15,Oaktree-backed firm unveils $1.2 billion Amsterdam 'hyperscale' data centre project
2025-12-15,"MAGS: Outlook For 2026 - Earnings, Valuation, And What Charts Reveal (Upgrade)"
2025-12-15,The Magnificent 7 isn’t that magnificent: 5 of the stocks have underperformed the market this year
2025-12-15,"OpenAI CFO on hardware device: 'No changes right now, no announcements to be made'"
2025-12-15,"Market Chatter: Tesla Directors Earn Billions From Stock Awards, Far Outpacing Peers"
2025-12-15,Oracle: Higher Capex Is The Bridge Between RPO And Future Revenue
2025-12-15,2026 Market Outlook: My Big Bet On Real Assets As AI Optimism Peaks
2025-12-15,Small Caps Outperform Mag Seven; Key Economic Data Ahead; Gold Buying On Dollar Debasement Fears
2025-12-15,Is Google Now Unstoppable?
2025-12-15,"After Outperforming Every ""Magnificent Seven"" Stock in 2025, Is Broadcom Still a Buy for 2026?"
2025-12-15,Comscore Expands Cross-Platform Campaign Measurement to Include Audio and Social
2025-12-15,Disney+ Brings A Massive Catalog Of Entertainment Content To Meta Quest Today In the US
2025-12-15,META Down 19% From 52-Week High: What Awaits the Stock in 2026?
2025-12-15,Oracle: OpenAI Is A Huge Wildcard
2025-12-15,"'I Am NOT Building A New Financial System. I Built A Casino,' Disillusioned Developer Says He Wasted 8 Years Of His Life On Crypto In Viral Exit Note"
2025-12-15,"Gene Munster's 11 Predictions For 2026: AI Trade Continues, Small‑Cap Tech Outperforms, This Magnificent Seven Stock Leads"
2025-12-15,Forget the AI Bubble and Buy Nvidia Stock for 2026: Here’s Why
2025-12-15,"If We Don't Take Them, the Chinese Are Going to Take Them"" — Kevin O'Leary Says It's 'Insane' to Deny Foreign Students U.S. College Access"
2025-12-15,"Meta Platforms Is Considering a Pivot to ‘Closed’ AI Models. What Does That Mean, and Why Don’t META Stock Investors Like It?"
2025-12-15,He Walked Away From A $300K Finance Salary To Start A Business. Losing $200 Sushi And Ski Trips Every Winter Was 'Absolutely Brutal'
2025-12-15,Does Meta Need a Decade of Efficiency?
2025-12-15,"Man Asks If He Should Tell Wife They're Secretly Rich After 5 Years Of Lies—Ramsey Says She's Not Going to Be Cool With That, 'Unless She's A Doormat'"
2025-12-15,"Piper Sandler Reiterates Overweight on META, Names It Top Large-Cap Pick"
2025-12-15,"Meta (META) Stock Pops Following Metaverse Cuts Announcement – Could it Hit $1,000 In 2026?"
2025-12-15,Grant Cardone Tells People To Stop Saving Money Because Banks Pay Them 0% While Lending Their Money To People Like Him
2025-12-16,"Liberty All-Star® Growth Fund, Inc. November 2025 Monthly Update"
2025-12-16,Amdocs Limited Files Fiscal 2025 Annual Report
2025-12-16,Broadcom’s worst three-day stock slide since 2020 marks a humbling of sorts
2025-12-16,Broadcom Stock’s Three-Day Fall Takes Away More Than $300 Billion in Market Cap
2025-12-16,Assessing Meta After Its AI Infrastructure Push and 466% Three Year Share Price Surge
2025-12-16,Microsoft: Recent Sell-Off Presents Strong Buying Opportunity
2025-12-16,"After Australia, South Korea's Media Commission Nominee Proposes Curbs On Teen Social Media Use: Report"
2025-12-16,Hong Kong Opens Its Doors to the World's Digital Visionaries as SIGGRAPH Asia 2025 Kicks Off
2025-12-16,Navigate Meta Platform's Crosscurrents With Direxion's METU And METD ETFs
2025-12-16,Instagram TV app coming to Amazon Fire streaming device
2025-12-16,AI future: Big Tech faces key House vote on reforming permit process
2025-12-16,Meta launches Instagram for TV
2025-12-16,Anemic Wage Growth But Good Retail Sales; Oil And Defense Stocks Fall
2025-12-16,Sheryl Sandberg says corporate climate 'one of the worst' she has ever seen
2025-12-16,The Nasdaq Turns Higher. Risk and Momentum Are Buoying the Market.
2025-12-16,CoreWeave collapse sparks fears of cracks in AI infrastructure boom
2025-12-16,Tesla stock closes at record as investors rally around Musk's robotaxi hype despite slow EV sales
2025-12-16,Instagram Debuts Dedicated Television App for Amazon Fire TV
2025-12-16,"AI funding fears are overstated, says Goldman Sachs' Sung Cho"
2025-12-16,Former Meta integrity chief says new report reveals ‘disappointing’ ad fraud epidemic at the social media giant
2025-12-16,Liberty All-Star® Equity Fund November 2025 Monthly Update
2025-12-16,"I'd buy PG on its pullback here, says Jim Cramer"
2025-12-16,Ticker Take and the New York Stock Exchange Partner to Highlight Stories From the Trading Floor
2025-12-16,"The Best Stocks to Buy With $1,000 Right Now"
2025-12-16,17 Reasons To Short Nvidia To $75
2025-12-16,"They Want To Spend Their Emergency Fund On A 10-Year-Old's Dance Competition Trips. Dave Ramsey Says, 'You're Broke. That's So Screwed Up'"
2025-12-17,Why Meta is My Largest Position By Far
2025-12-17,"A Dave Ramsey Caller Floats Buying A Family Compound With Her Ex, His Girlfriend, And Three Kids. 'We Give White Trash A New Meaning'"
2025-12-17,RDDT vs. META: Which Digital Advertising Stock Is a Better Buy?
2025-12-17,"Oil falls to 4-year low, CoreWeave slides on AI bubble concerns"
2025-12-17,Here Are 3 Genius Nasdaq Stocks to Load Up on Before 2026
2025-12-17,Hyperscaler AI spending could slow down if Oracle shows 'discipline' 
2025-12-17,CoreWeave Stock Slides Further Amid Wall Street's AI Infrastructure Concerns
2025-12-17,"Tesla Board Gets $3 Billion in Stock Awards, Outpaces Alphabet, Meta, Nvidia"
2025-12-17,Meta Puts Instagram Reels On Amazon's Fire TV. How Video Fits Into Zuckerberg's AI Push.
2025-12-17,US Threatens to Retaliate Against EU Firms Over Digital Tax
2025-12-17,Why the Stock Market’s Fed Fixation Is Misplaced
2025-12-17,Exclusive-Google works to erode Nvidia's software advantage with Meta's help
2025-12-17,Alphabet's $100 Billion War Chest Vs. Oracle's Debt Spiral: The AI Arms Race Hits Wall Street
2025-12-17,Is Meta Stock Primed for a Comeback in 2026?
2025-12-17,Should You Buy Meta Platforms Stock Before 2026?
2025-12-17,"Google teams with Meta’s PyTorch to chip away at Nvidia’s moat, Reuters says"
2025-12-17,These 3 Potential 2026 Economic Headwinds Should Be On Your Radar
2025-12-17,"My Surprising Top ""Magnificent Seven"" Stock Pick for 2026"
2025-12-17,Meta Platforms Inc. stock underperforms Wednesday when compared to competitors
2025-12-17,Meta Rolls Out Cross-App Age Verification System to Address Child Safety Rules
2025-12-17,The stock market is being powered by 10 stocks that are fueling AI bubble fears
2025-12-17,Predis.ai Announces 3-Step Framework to Beat Ad Fatigue in 2026
2025-12-17,Innovid’s Feature Beat: New Social Power Tools for Marketers
2025-12-17,Dave Ramsey Says He Made A Record $300M In 2025 – 'God's Been Good To Me'
2025-12-17,"Nasdaq Gains, Snapping a 3-Day Losing Streak"
2025-12-17,Sector Update: Tech Stocks Mixed Late Afternoon
2025-12-17,YouTube rolls out wild upgrades as creators sound alarm
2025-12-17,"Jim Cramer Says It's 'Time To Sell' This AI Infrastructure Stock Amid Steep Pullback, Despite New Partnerships, Bullish Analyst Ratings"
2025-12-17,2 Trillion-Dollar Tech Stocks to Double Up on Right Now
2025-12-17,"Nvidia's Depreciation Time Bomb: Jim Chanos Warns Of 'Massive Financial Risk' For CoreWeave, Oracle"
2025-12-17,GS Large Cap Value Fund Q3: Positioning For Sustained Momentum And Long-Term Growth
2025-12-17,"Meta’s stock could soar in the next 6 months, along with these under-the-radar picks"
2025-12-17,"Goldman Says 90% Of AI Spending Is Cash-Funded, Not Risky Debt: Don't Confuse CoreWeave 'Tail' Risks With Broader Market"
2025-12-17,Apple punted on AI this year. Next year will be critical
2025-12-17,"Meta AI Glasses Learn To Focus, Listen, And DJ Your Life"
2025-12-17,"OpenAI Gears Up For Bigger AI Battles, IPO Buzz In 2026"
2025-12-17,Here’s Platinum International Technology Fund’s Thoughts on the Impact of ChatGPT on Meta Platforms (META)
2025-12-17,What's Going On With Nebius Stock Wednesday?
2025-12-17,Should You Buy Meta Platforms Stock Before 2026? - Yahoo Finance
2025-12-18,Micron Q1 Preview: Record Quarter Predicted By Analyst — 'We Recommend Owning The Stock'
2025-12-18,Meta Stock Tests Key Level. Analyst Sees Chance For Facebook Parent To Shake AI Worries. - Investor's Business Daily
2025-12-18,"This Tech Play Smokes Google, Nvidia, And All Mag 7 Stocks Year To Date"
2025-12-18,Bank of America sets AI stocks to buy list for 2026
2025-12-18,Social Media Victims Law Center Lawsuit Alleges Meta Prioritized Engagement Over Child Safety in Instagram Sextortion Deaths
2025-12-18,Sector Update: Tech Stocks Fall Wednesday Afternoon
2025-12-18,IRS Takes a New Shot at Meta’s Foreign Tax Strategy
2025-12-18,Oracle stock sinks as reported AI data center snag puts rising debt in focus
2025-12-20,Is Meta Stock a Buy Headed Into 2026? - The Motley Fool
2025-12-23,Meta Stock Price Target Trimmed By Analyst. Can 'Wounded Sentiment' Recover In 2026? - Investor's Business Daily
2026-01-10,"The list of companies laying off staff this year includes Angi and Tailwind, with dozens of others like Meta warning of job cuts"
2026-01-11,"Down 15% From All-Time Highs, Is Meta Platforms Stock a Good Buy Right Now? - TIKR.com"
2026-01-12,Meta Platforms (META) Stock Sinks As Market Gains: Here's Why - Yahoo Finance
2026-01-13,The Biggest Loser: Tim Cook of Apple
2026-01-13,"Bill Gates Says 'AI Will Change Society the Most'—Job Disruption Has Already Begun, 'Less Labor' Will Be Needed, And 5-Day Work Week May Disappear"
2026-01-13,"Mark Cuban Asks Why Insurance Pays $2,500 for an MRI When a Center Down the Street Charges $350"
2026-01-13,"Meta Seeks to Increase Ray-Ban AI-Glasses Output, Cut Jobs"
2026-01-13,"Meta mulls doubling output of Ray-Ban glasses by year end, Bloomberg News reports"
2026-01-13,'Big Short' Investor Michael Burry Bets Against Oracle—Here's His Advice
2026-01-13,AI Data Center Demand Leaves No Stone Unturned With New Geothermal Deal
2026-01-13,Microsoft says it won’t drive up electricity cost near its data centers
2026-01-13,Motley Fool Survey Reveals Why AI Investors Aren't Worried About a Bubble. Here Are 2 AI Stocks to Buy in 2026.
2026-01-13,"Florida Legislators Renew Push For Bitcoin Strategic Reserve, Undeterred By 2 Failed Attempts"
2026-01-13,"Reddit Stock Coverage Initiated With Buy Call On Bullish Advertising Growth, AI Potential"
2026-01-13,"Jim Cramer reveals his favorite big-cap stock to own now, sees 20% upside ahead"
2026-01-13,Jim Cramer's top 10 things to watch in the stock market Tuesday
2026-01-13,Jim Cramer Praises Warner Bros. CEO for “Delivering Phenomenally for Its Shareholders”
2026-01-13,Meta Platforms (NASDAQ:META) Stock Price Down 1.7% After Analyst Downgrade - MarketBeat
2026-01-13,Broadcom: Buy The Dip Or Regret It Forever
2026-01-13,"Investors back energy providers over big tech for 2026 AI bets, says BlackRock"
2026-01-13,"JPMorgan, Delta Air Lines And 3 Stocks To Watch Heading Into Tuesday"
2026-01-13,"Meta: Buy The Dip, Ad Surge Is Paying For Capex Ambitions"
2026-01-13,Data center REIT CEO says real estate ‘not in an oversupply state’
2026-01-13,Alphabet: 3 Fresh Catalysts From The Landmark Apple Gemini Deal
2026-01-13,Dichotomy Between the Stock Market Momo Crowd and Gold Investors; Aggressive Buying on Lower Core CPI
2026-01-13,Binance Founder CZ Encourages Crypto Holders As Wells Fargo Reports Bitcoin ETF Holdings (CORRECTED)
2026-01-13,Peter Thiel's Massive AI Miss: Why The 'Zero To One' Timeline Collapsed
2026-01-13,Vistra price target raised to $244 from $230 at BMO Capital
2026-01-13,CoreWeave: The Devil Is In The Details Of Its GPU Defense
2026-01-13,The trillion-dollar IPOs investors are watching for in 2026
2026-01-13,Meta to Cut 10% of Reality Labs Staff Amid Metaverse Struggles
2026-01-13,Mike Novogratz Tells Scaramucci Crypto Treasuries Will Trade Below NAV Without Real Strategy: 'Not Going To Get Shareholder Value Just By...'
2026-01-13,GPIX: A Covered Call ETF That Lets Investors Cash In on Tech's Magnificent 7
2026-01-13,Nano Nuclear Eyes Asia Expansion With New South Korea Microreactor Pact
2026-01-13,AI Stocks Are Set for Strong Earnings. Trump Just Introduced This Big Risk.
2026-01-13,"Converge Bio raises $25M, backed by Bessemer and execs from Meta, OpenAI, Wiz"
2026-01-13,3 Top Growth Stocks to Buy in the First Half of 2026
2026-01-14,"USA Rail Terminals Opens Rail Terminal in Monroe, Louisiana, to Support Meta's AI Data Center Project"
2026-01-14,Heard on the Street Tuesday Recap: Powered Down
2026-01-14,Why Alibaba's Open-Source AI Strategy Is Winning Big
2026-01-14,"Generative AI Digest: New Models, U.S. Executive Order"
2026-01-14,"CoreWeave CEO Calls Nvidia Circular Financing Claims 'Ridiculous,' Says Stake Too Small To Prop Up $42 Billion Company"
2026-01-14,"Energy, Metals, And Infrastructure: Where Wall Street Will Be 'Forced' To Invest Next"
2026-01-14,Airbnb poaches former Meta GenAI leader to be new technology chief
2026-01-14,"Inflation data, bank earnings, Saks files for bankruptcy and more in Morning Squawk"
2026-01-14,"WIRobotics Concludes CES 2026, Advancing into Execution Phase of Global Collaboration Across Humanoid and Wearable Robotics"
2026-01-14,Meta Plans 10% Reality Labs Job Cuts This Week
2026-01-14,OpenAI Expands ChatGPT Health With Torch
2026-01-14,"These 2 ""Magnificent Seven"" Stocks May Announce Stock Splits in 2026"
2026-01-14,Jim Cramer Discusses Meta’s Nuclear Plans
2026-01-14,Why Innodata Stock Jumped 29% in 2025
2026-01-14,"More Skilled Are Workers Needed to Build Nuclear Plants, Oklo CEO Says"
2026-01-14,Vistra Outperforms Industry in the Past Month: How to Play the Stock?
2026-01-14,OpenAI Forges Multibillion-Dollar Computing Partnership With Cerebras
2026-01-14,META Taps Nuclear Energy to Fuel AI Expansion: Buy or Hold the Stock?
2026-01-14,Hazeltree 2025 Year-in-Review Finds Hedge Fund Crowding Diverged Sharply by Region
2026-01-14,CoreWeave CEO Defends Financing Strategy: What Investors Need To Know
2026-01-14,Airbnb Appoints Former Meta AI Executive CTO
2026-01-14,Airbnb Taps Meta GenAI Leader as CTO
2026-01-14,Alphabet Tops $4 Trillion With Apple AI Deal -- Is GOOGL Stock Still a Buy?
2026-01-14,NLR: This Is Why Uranium Prices Can Soar Like Gold And Silver
2026-01-14,AI Boom Hits Energy Reality Check
2026-01-14,Airbnb Nabs Former Meta Exec to Lead AI Efforts
2026-01-14,Meta to reportedly lay off 10% of Reality Labs staff
2026-01-14,Oracle: Meta Compute Reaffirms Bullish Thesis
2026-01-14,Big Banks Beneficiaries of AI Second Act; Jitters Over Iran and Supreme Court; Short Squeeze In Silver
2026-01-14,Warby Parker (WRBY) Soars 9.4% on Strong AI Glasses Demand
2026-01-14,Belgian cybersecurity startup Aikido hits unicorn status with new funding round
2026-01-14,"The ‘Magnificent 7’ stocks are dying, and Wall Street is pretty happy about it"
2026-01-14,Assessing EssilorLuxottica (ENXTPA:EL) Valuation As AI Smart Glasses Capacity May Double
2026-01-14,"Meta is a 'hated' name right now, but this analyst is still bullish"
2026-01-14,How Meta's Latest Job Cuts Compare to Recent Broader Tech Sector Layoffs
2026-01-14,Heard on the Street Recap: Powered Down
2026-01-14,Trump’s power play risks slowing US in AI arms race
2026-01-14,Worried About Nvidia’s China Business? CEO Jensen Huang Says This Is the Top Indicator to Watch.
2026-01-14,Billionaire Peter Thiel Made a Big Bet on Two Stocks for 2026 (Hint: It's Not Nvidia)
2026-01-14,Nasdaq Turns Lower Amid Mag 7 Struggles
2026-01-14,"Meta's VR layoffs, studio closures underscore Zuckerberg's massive pivot to AI"
2026-01-14,Microsoft announces glut of new data centers but says it won’t let your electricity bill go up
2026-01-14,"As ‘agentic commerce’ gains ground, companies shouldn’t put too much faith in ‘GEO,’ one industry insider warns"
2026-01-14,Sector Update: Tech Stocks Mixed Tuesday Afternoon
2026-01-14,Meta Begins Job Cuts as It Shifts From Metaverse to AI Devices
2026-01-14,Meta's Nuclear Data Center Deals May Require Over $14 Billion Investment
2026-01-14,Meta Rebalances Workforce Toward AI
2026-01-14,"Meta Platforms Takes Disciplined Approach to Investment, Wedbush Says"
2026-01-14,Apple Partners With Google's Gemini to Power AI Version of Siri
2026-01-14,"Big Tech Firms Face Pressure to Lower Power Costs for Consumers, Wedbush Says"
2026-01-14,Trump's $1.5 Trillion Military Budget Is Sending This Drone Stock Soaring: Momentum Score Spikes
2026-01-15,"Intuitive Surgical slips, Airbnb hires Meta's former GenAI chief"
2026-01-15,Heard on the Street Recap: AI Selloff Resumes
2026-01-15,"Elon Musk Slams Google, Apple Deal: 'Unreasonable Concentration Of Power'"
2026-01-15,PARAMOUNT APPOINTS DENNIS K. CINELLI AS CHIEF FINANCIAL OFFICER AND ADDS ANDREW CAMPION TO ITS BOARD OF DIRECTORS
2026-01-15,Meta to Announce Fourth Quarter and Full Year 2025 Results
2026-01-15,Nasdaq Drops 1%. Small Stocks Take Lead From Big Tech.
2026-01-15,Why the Nasdaq Composite Is Lagging the S&P 500 and Dow
2026-01-15,Why is Meta laying off workers again?
2026-01-15,Trump Shares Post Accusing Netflix Of Being 'Woke' — Is President Signaling He Won't Support Warner Bros. Merger?
2026-01-15,"As Mark Zuckerberg Unveils Meta Compute, Should You Buy, Sell, or Hold META Stock?"
2026-01-15,"Meta Hires Former Trump Adviser, Senator's Wife: President Says Zuckerberg Made 'A Great Choice'"
2026-01-15,JPMorgan's Q4 Results To Reveal If Dealmaking Will Replace Rate-Driven Profits For Big Banks In 2026— SpaceX's $1.5 Trillion IPO In Focus
2026-01-15,"2026’s Biggest AI Trends: The Rise of AI Factories | VRT Stock, NVT Stock, MOD Stock"
2026-01-15,HORAN Capital Advisors Winter 2025 Quarterly Investor Letter
2026-01-15,AI Bonds Could Devour Credit Markets. Let Stock Investors Take the Risk.
2026-01-15,Wedgewood Partners: Q4 2025 Top Performers And Detractors
2026-01-15,Airbnb Names Meta's Llama Architect Ahmad Al-Dahle As CTO — OpenAI CEO Sam Altman Hails Move To Bring AI Into Travel
2026-01-15,Alibaba Takes Major Step to Link Shopping to Main AI App
2026-01-15,Australia banned social media for under 16s a month ago — here's how it's going
2026-01-15,Condo Owner Says HOA Fining $500 A Month Over 'Loud' Floors Installed Before He Bought Unit—Claims 'Board Tyrant' Tried To Personally Rip Them Up
2026-01-15,"Trump Says Microsoft, Big Tech Must Bear Data Center Power Bills, So Americans Don't 'Pick Up The Tab'"
2026-01-15,SK Hynix Bets $13 Billion To Lock In AI Memory Dominance
2026-01-15,Top Analyst Says AMD's 2026 Success Depends On These 3 Factors— And It Doesn't 'Need To Beat' Nvidia
2026-01-15,Why Oklo Stock Is Falling Today
2026-01-15,The Bull Case For EssilorLuxottica (ENXTPA:EL) Could Change Following Meta Smart Glasses Capacity Talks
2026-01-15,Why Are Magnificent 7 Losing Their Grip On The Market In Early 2026?
2026-01-15,Meta Platforms (META) Announces That Commitments to Oklo and TerraPower Help Next Generation of Developers
2026-01-15,"The S&P 500 closes higher Thursday as chip, bank stocks rally: Live updates"
2026-01-15,"Meta Lays Off 1,500 People in Metaverse Division"
2026-01-15,Meta makes drastic workforce decision after $73 billion in losses
2026-01-15,Meta Stock Split Prediction 2026: Is Mark Zuckerberg Finally Ready? - MEXC
2026-01-15,TSMC’s Strong Outlook Shores Up Hopes of Sustained AI Boom
2026-01-15,Review & Preview: Not So Magnificent
2026-01-15,Chip stocks jump as Nvidia supplier TSMC dismisses bubble fears: 'AI is real'
2026-01-15,TSMC Earnings Don’t Tell What You Really Need to Know About the AI Boom
2026-01-15,Origis Energy and Meta Partner on Landmark Texas Project
2026-01-15,Unum Group Declares Quarterly Dividend of $0.460 Per Share of its Common Stock
2026-01-15,Meta Platforms (NASDAQ: META) Stock Price Prediction for 2026: Where Will It Be in 1 Year (Jan 15)
2026-01-15,ReelTime’s Reel Intelligence (“RI”) Becomes the First Multi-Modal AI Platform to Deliver Single-Image 2D-to-3D Models Ready for 3D Printing
2026-01-15,"Advanced Micro Devices Making 'Solid' Progress in AI GPU Market, RBC Says"
2026-01-15,"Wikipedia parent partners with Amazon, Meta, Perplexity on AI access"
2026-01-15,Will Oracle's RPO Expansion Strengthen Long-Term Revenue Outlook?
2026-01-15,Reddit stock falls after RBC cites challenging SMB ad checks
2026-01-15,3 Technology Stocks to Sell in 2026
2026-01-15,Chip stocks pop after TSMC's earnings beat boosts confidence in industrywide demand
2026-01-15,"Bebuzee ($BBUZ) Poised to Become the Next Global Super App, Targeting Hundreds of Millions of Users and a Trillion-Dollar Digital Economy"
2026-01-15,Meta's fresh layoffs trigger major sell-off
2026-01-15,Taiwan Semiconductor Earnings Show No AI Bubble; Iran Tension Easing Stalls Blistering Metals Rally
2026-01-15,Trump’s chips ‘proclamation’ causes retail investors to dump the Magnificent Seven stocks
2026-01-15,"Kepler raises EssilorLuxottica rating, highlighting smart glasses opportunity"
2026-01-15,Michael Burry's Grim Warning: Meta Just Crossed A Line
2026-01-15,Meta Pulls Back From The Metaverse—These ETFs Watch Closely
2026-01-15,Meta Slashes Metaverse Jobs in Major Pivot. The Facebook Parent Is Going All-In on This.
2026-01-15,"Trending tickers: TSMC, Google, Airbnb, Schroders, BP"
2026-01-15,"Mag 7 Fatigue? MAGS ETF Dips As Tesla, Meta And Nvidia Stumble In Early 2026"
2026-01-15,"IGD: Middling Performance, But Could Be A Hedge Against A Richly Valued Market"
2026-01-15,2 High-Yielding Picks For Retirees To Hedge Against Chaos
2026-01-15,"Wikipedia owner signs on Microsoft, Meta in AI content training deals"
2026-01-15,Heard on the Street Wednesday Recap: AI Selloff Resumes
2026-01-15,"Dividend Investor Making $10,000 a Month Shares His Top 8 Stocks, Says AI Stocks Helped Him Reach Goals – 'Tempted To Just Go Ahead And Retire'"
2026-01-15,Steven Cress' Top 10 Stocks For 2026
2026-01-15,ImmunityBio Reports Continued Execution and Sales Momentum With $113 Million of Preliminary Net Product Revenue—a 700% increase year-over-year
2026-01-15,Chip Stocks Soar After Taiwan Semiconductor Smashes AI Bubble Fears
2026-01-15,SiFive to adopt Nvidia technology for speedy links between chips
2026-01-15,First Ever GMA Trucking Procurement Brings Together Leading Companies to Enable Largest Known Deployment of Class 8 Battery Electric Trucks in Texas
2026-01-15,"Daily Market Alert: Chip Stocks Surge on TSMC, China Moves to Restrict Nvidia, Wells Fargo Upgrades AMD"
2026-01-16,Meta Platforms: Showcasing Operating Leverage Through This Capex Supercycle
2026-01-16,"Top Analyst Says AI Is $20 Trillion Opportunity, Not Zero-Sum Game As Google Versus OpenAI Debate Heats Up"
2026-01-16,"Congresswoman Violates STOCK Act With Over 200 Late Trade Disclosures: Purchases Include Mag7, Healthcare Stocks"
2026-01-16,"This Unstoppable Stock Has Soared 1,550% Since Its IPO. It Could Be the Most Prominent Stock-Split Stock of 2026."
2026-01-16,AI + America + SCHG = Long-Term Growth
2026-01-16,Meta Triples Down on AI. It Could Be a Wild Ride for the Stock.
2026-01-16,Why I'm Finally Bullish On Equities Again
2026-01-16,ICE Targets Meta Site Under Construction in Rural Louisiana
2026-01-16,AI Market Looks More Like Boom than Bubble After TSMC Earnings
2026-01-16,Productivity Software Stocks Q3 Highlights: Asana (NYSE:ASAN)
2026-01-16,Exclusive: Is Apple Late To Foldable iPhones? Ming-Chi Kuo Says Cupertino Isn't At 'Disadvantage' As Samsung Sees Foldables Go Mainstream
2026-01-16,UBS Raises Price Target on Vistra (VST) to $233 After Meta Nuclear Power Deal
2026-01-16,Friday's big stock stories: What’s likely to move the market in the next trading session
2026-01-16,Standard Chartered Says '2026 Will Be The Year Of Ethereum' As It Predicts 'ETH Outperformance'
2026-01-16,"Pure Storage, Inc. (PSTG): A Bull Case Theory"
2026-01-16,Cathie Wood Is Buying Up Roblox Stock. What Is the Bull Case for RBLX in 2026?
2026-01-16,"Michael Burry Bets Against Nvidia, Says'I Do Not See How That Math Works' Amid AI Chip Boom Fears"
2026-01-16,"Buffett Refused A Raise For Decades, His Successor Earns 250x More To Lead Berkshire Hathaway"
2026-01-16,Reddit Stock Slips As Analyst Warns Of 'Mixed' Ad Feedback
2026-01-16,Why Reddit (RDDT) Stock Is Nosediving
2026-01-16,"‘It Makes No Sense To Me’: Nvidia’s Jensen Huang Slams Americans Who ‘Vilified Energy,’ Praises Trump for ‘Sticking His Neck Out’"
2026-01-16,Gene Munster Says Apple's Move From OpenAI's ChatGPT To Google Gemini Significantly Raises Chances Of New Siri Succeeding: 'Nice Job'
2026-01-16,90% of Nvidia's Customers Now Buy This -- and It's Not GPUs
2026-01-16,Netflix Reportedly Prepares All-Cash Bid For Warner Bros. As Paramount Turns Up Heat On Takeover Battle
2026-01-16,"BofA Maintains Buy on META, Sees No Material 2026 Expense Impact From Energy Deals"
2026-01-16,The Weakest Links Within The AI Bubble
2026-01-16,Nebius: Why I'm Flipping To Sell As Hidden Risks Catch Up
2026-01-16,Oracle Doubles Down On Nashville World Headquarters As Cloud Hiring Hits Record High
2026-01-16,It's More Complicated Than Mag Seven
2026-01-16,Watch February Earnings From NVIDIA and Microsoft to Predict Where This Mag7 ETF Goes Next
2026-01-16,"AMD Data Center CPUs To Fuel Next Growth Cycle, Analysts Say"
2026-01-16,"This Unstoppable Stock Has Soared 1,550% Since Its IPO. It Could Be the Most Prominent Stock-Split Stock of 2026. - The Motley Fool"
2026-01-16,OpenAI to begin testing ads on ChatGPT in the U.S.
2026-01-16,"Trump pushes for emergency electricity auction, underlining the difficult politics of rising utility prices and AI"
2026-01-16,"Prediction: This Will Be the First Dividend Champion from the ""Magnificent Seven"""
2026-01-16,"BofA Securities Asserts Buy Stance as Meta Platforms, Inc. (META) Inks Nuclear deals to Support AI Infrastructure"
2026-01-16,Which social media stocks should your portfolio hit 'Like' on?
2026-01-16,CoreWeave (CRVW) Stock Soars Friday: What's Driving The Action?
2026-01-16,"At 15.93 P/S, Broadcom Is Overvalued: Buy, Sell or Hold the Stock?"
2026-01-16,Amazon vs. Oracle: Which Cloud Computing Stock is the Better Buy Now?
2026-01-16,ClickHouse valued at $15 billion as database analytics firm rides AI wave
2026-01-16,Trump's Power Move; Smart money Not Buying Semi Stocks At ATH
2026-01-16,BDT & MSD Hires Centerview Banker Adam Beshara as a Top Executive
2026-01-16,"Taiwan Semiconductor's Stock Surge Minted $6 Billion For Ken Fisher, Laffont And Sanders"
2026-01-16,"Multimillionaires Were Asked If 'The Harder You Work, The Luckier You Get' Is True. 'You Can't Sink A Long Putt If You Aren't On The Green'"
2026-01-16,"Big Tech ETF struggles for positive territory after sharp drop in Apple, Alphabet shares"
2026-01-16,3 Stocks Are Betting on Data Center Cooling. Here’s Who’s Best Positioned.
2026-01-16,Rigetti Stock: Hype or Hidden Opportunity in Quantum Tech?
2026-01-16,5 Bargain Stocks That Could Deliver Jaw-Dropping Returns in 2026
2026-01-16,"Trump to push for 'emergency' electricity auction, underlining the difficult politics of rising utility prices and AI"
2026-01-16,"Microsoft, Nebius, IREN And More: 5 Stocks Investors Couldn't Stop Buzzing About This Week"
2026-01-16,Strategy Director Buys MSTR For First Time In 3.5 Years—Here's Why That Matters
2026-01-16,Cathie Wood Is Selling Meta Platforms Stock. Should You?
2026-01-16,"As Tech Giants Get More Hands-On With Energy, Their Risks Rise"
2026-01-16,AST SpaceMobile Awarded Prime Contract Position on U.S. Missile Defense Agency SHIELD Program
2026-01-16,Elon Musk's X Goes Down Again
2026-01-16,ImmunityBio Advances First-Line BCG Naive NMIBC Program with Enrollment Exceeding Expectations and Positive Interim Analysis for ANKTIVA® Plus BCG
2026-01-16,Meta Stock: No One Is More All-In on AI Than Mark Zuckerberg - Barron's
2026-01-17,"Dan Ives Calls It 1996, Not 1999 — 3 AI Stocks Wall Street Still Isn't Pricing In"
2026-01-17,MarketBeat Week in Review – 01/12 - 01/16
2026-01-17,Verizon Outage Ends — And The Stock Is Bracing For The Damage
2026-01-17,2 Artificial Intelligence (AI) Stocks That Can Beat the Market in 2026
2026-01-17,'Ramsey Show' Caller Says His Wife Secretly Took Out $300K In 'Predatory Loans' Over 10 Years And 'Blew' It On Amazon
2026-01-17,Jim Cramer Says “Alphabet Increasingly Looks Like the Only Winner in AI for the Moment”
2026-01-17,These stocks have the most to lose from Trump’s push to lower electricity prices
2026-01-17,Why Is Meta Platforms Priced 36% Cheaper Than Its Hyperscaler Peers?
2026-01-17,Cathie Wood's ARK Invest Says Apple's Reliance On Google For AI Signals Deeper Trouble
2026-01-17,"Meta Cuts 1,000 Reality Labs Jobs to Shift Focus to AI and Mobile"
2026-01-17,Google (GOOG) vs. Microsoft (MSFT) vs. Nvidia (NVDA): Which AI Stock Do Investors Want For 2026
2026-01-17,"US FTC to scrutinize Big Tech's talent acquisition deals, Bloomberg News reports"
2026-01-17,Trump Says It's 'A Good Thing' Ford Has 5K Open Mechanic Jobs. 'You're Going To Have A Thing Called Robots'
2026-01-17,"Liberty All-Star® Growth Fund, Inc. December 2025 Monthly Update"
2026-01-17,Liberty All-Star® Equity Fund December 2025 Monthly Update
2026-01-17,"2 AI Stocks to Buy in 2026, and 1 to Avoid"
2026-01-17,"Snowflake, Databricks challenger ClickHouse hits $15B valuation"
2026-01-17,Heard on the Street: Risks Rise as Tech Giants Dive Into Energy
2026-01-17,Evergy: Ride The Wave Of Economic Development To Rising Dividends
2026-01-17,Trump’s crusade against Big Tech’s energy spending highlights a problem with no easy answers
2026-01-17,Palantir Billionaire Peter Thiel Sells Nvidia and Buys 2 Other Magnificent Artificial Intelligence (AI) Stocks Instead
2026-01-17, The founders of billion-dollar AI startups are getting younger — here’s why
2026-01-17,The Visible Alpha AI Monitor January 2026 Update: What's Next For AI?
2026-01-18,UBS Reiterates Neutral on Oklo (OKLO) After Meta Power Deal
2026-01-18,Meta (META) Stays Overweight at Piper Sandler Ahead of Q1 Results
2026-01-18,3 Top Bargain Stocks Ready for a Bull Run
2026-01-18,"Gary Black Likes Elon Musk's Tesla But Not TSLA, Draws Comparison With Amazon—Says Nvidia 'Democratizes Autonomy'"
2026-01-18,"Jamie Dimon Rules Out Fed Chair Role, But Would Consider 'Secretary of The Treasury' If The President Asks: 'I Like Being My Own Boss'"
2026-01-18,"Amazon Loses Fight To Block Saks Bankruptcy Financing, Says Report: Company Warns Of 'Drastic Remedies'"
2026-01-18,Is Meta Stock a Buy Going Into 2026?
2026-01-18,1 Reason Why Now Is a Great Time to Buy Vistra
2026-01-18,"Meta (META)’s Shares Are Down Because It’s A Lone Wolf, Says Jim Cramer - Yahoo Finance"
2026-01-20,"This ""Magnificent Seven"" Stock Looks Dirt Cheap for January 2026 - The Motley Fool"
2026-01-20,Meta (META) Slid Despite Reporting Strong Earnings - Yahoo Finance
2026-01-21,Meta Stock Carries Slump In 2026. Here's What Wall Street Is Saying Ahead Of Q4 Results. - Investor's Business Daily
2026-01-21,Meta Platforms Stock Is Down Sharply Already in 2026: Time to Buy? - Yahoo Finance
2026-01-21,Meta Platforms (META) Reports Next Week: Wall Street Expects Earnings Growth - Yahoo Finance
2026-01-22,Why Meta Platforms Rallied Over 5% Today - The Motley Fool
2026-01-22,"Meta (META) Stock Is Up, What You Need To Know - Yahoo Finance"
2026-01-23,Meta Platforms stock jumps as top analyst upgrades ahead of earnings - TradingView
2026-01-26,Meta (META) Q4 Earnings: What To Expect - Yahoo Finance
2026-01-26,Meta Platforms Stock Before Q4 Earnings: To Buy or Not to Buy? - Yahoo Finance
2026-01-26,Hyperscaler Earnings Preview: MSFT & META - Yahoo Finance
2026-01-26,Facebook (META) Stock Predictions: What Investors Should Expect in 2026 and Beyond - The Motley Fool
2026-01-27,Here's How Much Traders Expect Meta Stock To Move After Wednesday's Earnings - Investopedia
2026-01-27,How to Buy Facebook Stock (META) in 2026 - The Motley Fool
2026-01-28,Meta Platforms (META) Q4 Earnings: Taking a Look at Key Metrics Versus Estimates - Yahoo Finance
2026-01-28,Evercore Reiterates Outperform on Meta Platforms (META) Ahead of Earnings - Yahoo Finance
2026-01-28,Meta Platforms Inc (META) Q4 2025 Earnings Call Highlights: Strong Revenue Growth Amidst Rising ... - Yahoo Finance
2026-01-28,Meta shares jump 10% on stronger-than-expected revenue forecast - CNBC
2026-01-28,Microsoft & Meta earnings: What investors want to know about AI - Yahoo Finance
2026-01-29,"Meta stock climbs on Q4 earnings beat, plans to spend as much as $135 billion on AI build-out in 2026 - Yahoo Finance"
2026-01-29,Bank of America resets Meta stock price target after earnings - thestreet.com
2026-01-29,"Meta Platforms' Q4 Earnings and Revenues Surpass Estimates, Rise Y/Y - Yahoo Finance"
2026-01-29,Meta stock price surges as Mark Zuckerberg predicts most glasses will be AI-powered in 'several years' - Fast Company
2026-01-29,Meta Platforms (NASDAQ: META) Stock Price Prediction for 2026: Where Will It Be in 1 Year (Jan 29) - 24/7 Wall St.
2026-01-29,Meta Platforms (NASDAQ: META) Stock Price Prediction for 2026: Where Will It Be in 1 Year (Jan 29) - Yahoo Finance
2026-02-03,Meta Platforms (NASDAQ:META) Stock Price Down 2.1% - Should You Sell? - MarketBeat
2026-02-03,Why Needham Warns That Meta Platforms Stock Could Be Headed for 10%-15% Downside - Yahoo Finance
2026-02-04,Meta’s Federal Tax Rate Hits an All-Time Low Due to Breaks Expanded by Trump Tax Law - Institute on Taxation and Economic Policy
2026-02-09,ChatGPT Thinks Meta Platforms Stock Will Close At This Price In The Next 60 Days - Yahoo Finance
2026-02-13,Arista Networks Analysts Raise Price Targets On 'Strong Leverage To The AI Investment Cycle'
2026-02-13,"Microsoft, Alphabet, Amazon, and Meta Platforms Just Announced Fantastic News for Nvidia."
2026-02-13,"The AI Boom Is Real, And Taiwan Is Cashing The Checks"
2026-02-13,Trucking and real estate stocks struggle to gain momentum on Friday after becoming latest victims of AI fears
2026-02-13,MSCI: 13.9% Dividend Hike And Double-Digit Growth
2026-02-13,AI: The Great Disruptor or the Great Divider?
2026-02-13,Blue Owl Capital: Hyperion Turns Accounting Into A Credit Catalyst
2026-02-13,5 Best Artificial Intelligence Stocks to Buy in February
2026-02-13,"Billionaire Bill Ackman Just Sold All His Chipotle Stock To Buy This AI Stock Up 1,660% Since Its IPO"
2026-02-13,"How To Trade SPY, QQQ, AAPL, MSFT, NVDA, GOOGL, META, TSLA Using Technical Analysis"
2026-02-13,"AI Isn't A Bubble, It's A Capex Transformation"
2026-02-13,"What's Behind The Selloff In Crypto, SaaS And AI Stocks"
2026-02-13,Wall Street Sees 29% Upside for Meta While Retail Investors Turn Skeptical
2026-02-13,Meta Declares $0.525 Quarterly Dividend
2026-02-13,Nvidia Shares Go Cold Even as Big Tech Spending on AI Balloons
2026-02-13,Big Tech sees big tax break fuel AI spending under Trump tax law
2026-02-13,"Arista Networks forecasts upbeat revenue as AI speeding lifts demand, shares jump"
2026-02-13,Bloom Energy Is Up 497% Over the Past Year. Is It Too Late to Buy?
2026-02-13,High cash flow tech giant set to raise dividends through 2030
2026-02-13,"Dad Promised To Help Pay Off $100K In Student Loans She And Her Husband Accrued, But They Cut Ties Anyway. The Debt Is 'Looming' Over Their Heads"
2026-02-13,"Galaxy CEO Mike Novogratz Says Crypto's 'Age of Speculation' Is Ending, Sees Shift From Hype To Real-World Assets"
2026-02-13,Peter Lynch's Protege Calls Cramer's $60K Bitcoin Reserve Theory 'Complete Nonsense'
2026-02-13,Tracking Cathie Wood's ARK Invest 13F Portfolio - Q4 2025 Update
2026-02-13,"AI Bubble, Tech Funeral? Who Will Fail And Who Will Double Down?"
2026-02-13,"Cathie Wood Sees Opportunity in Robinhood's Crypto Weakness? Ark Buys HOOD Stock Worth 34 Million, Dumps Airbnb Ahead Of Earnings"
2026-02-13,Meta CEO Mark Zuckerberg Buys 'Billionaire Bunker' Estate As California Tax Shift Looms
2026-02-13,"Arista Earnings Top Estimates, Revenue Outlook Above Views"
2026-02-13,Pinterest forecasts downbeat revenue as it battles for digital ad dollars; shares plunge
2026-02-13,Why Have Tech Stocks Lost Their Mojo?
2026-02-13,"Stock market today: Dow, S&P 500, Nasdaq sink as tech gets hit as AI disruption fears grow; gold, bitcoin sink"
2026-02-13,Comfort Systems Is Trading At A Record High As It Constructs An AI Future
2026-02-13,A Tale of Two Tech Companies: Meta (META) vs  Microsoft (MSFT)
2026-02-13,PayPal's Ex-President David Marcus Wants US To Rotate 'Very Tiny Slice' Of Gold Reserves Into Bitcoin: 'But Do It Very Slowly'
2026-02-13,Axios Reported Rep. Josh Gottheimer  (D-N.J.) Introduced Bipartisan Bill To Create Federal Tax Credit For Companies Investing In AI Training For Employees
2026-02-13,"Micron Stock Surges, Morgan Stanley Says There's More Room To Run"
2026-02-13,AI Deals Drives Corning (GLW) Shares Up 50% In 2026: Can the Rally Continue?
2026-02-13,GLW Rides on Solid Traction in Optical Communication: Will it Sustain?
2026-02-13,"Amazon, Google And Others Are Pouring $700 Billion Into AI CapEx, Top Analyst Explains Why This Makes It 'Hard' To Bet Against Nvidia"
2026-02-13,Pinterest plunges as tariffs weigh on large customers' ad spending
2026-02-13,"Is Trending Stock Meta Platforms, Inc. (META) a Buy Now?"
2026-02-13,AI Stocks Rattled On Disruption Worries. This Week's Winners Defy The Noise.
2026-02-13,"Wall Street Roundup: Economic Data, Earnings Updates"
2026-02-13,Pinterest shares slide after its downbeat forecast turns Wall Street bearish
2026-02-13,"Apple CEO Tim Cook Says Company Doesn't Usually Look Back, But Will Celebrate 50th Anniversary: 'I Promise'"
2026-02-13,"Billionaire Investor Bill Ackman Exits Chipotle Completely, Buys Meta Stock Instead"
2026-02-13,'Just Freaking Invest' Ramsey Host Tells 21-Year-Old Investor Who Argues Index Funds Are Better Than Mutual Funds
2026-02-13,"Why the Street Is Betting on Meta Platforms, Inc. (META)’s Instagram-Led Growth"
2026-02-13,4 ETFs to Capitalize on the Great Market Rotation
2026-02-13,Meta Is Now A Bargain Mag 7 Stock
2026-02-13,Top AI Stock Comfort Systems Is Powered By An Army Of Welders
2026-02-13,Billionaire Bill Ackman Just Dumped Chipotle for Meta: Should You Follow His Lead?
2026-02-13,Edwards Lifesciences to Present at Citi’s 2026 Unplugged Medtech and Life Sciences Access Day
2026-02-13,Tame CPI Brings Buyers After Margin Shakeout; Bitcoin-To-Zero Chorus Grows Louder
2026-02-13,"Pinterest: The Market Has Lost Its Mind, 25% Net Cash, Big Buybacks"
2026-02-13,Broadcom: Why AI Vibe-Coding Is Not A Threat To Its Infrastructure Software Segment
2026-02-13,Amazon eyes longest losing streak since 2006 on Capex angst
2026-02-13,Amazon Joins Microsoft in Bear Market. Why Mag 7 Stocks Are Struggling.
2026-02-13,'Worst-Performing' Hyperscaler: How Microsoft Lost AI Returns War To Meta's 454% Surge Since ChatGPT Launch
2026-02-13,The Tech Download: Can hyperscalers justify their huge AI capex?
2026-02-13,"I'd pick Broadcom, Nvidia first if buying tech stocks, says Niles Investment's Niles"
2026-02-13,Meta’s $10b AI Data Center And Ackman Stake Reframe Valuation Debate
2026-02-13,"Arista Networks' Q4 Results Show Margin Strength Amid Cost Headwinds, Morgan Stanley Says"
2026-02-13,Billionaire Bill Ackman Is Betting Big on Meta Platforms Stock. Should You?
2026-02-13,SpaceX Reportedly Considering Dual Class Shares To Keep Elon Musk In Control After IPO
2026-02-13,"A 24-Year-Old Asks, 'Am I Missing Something?' They Calculated That $100K By 30 Could Turn Into $1M By 65 Without Adding A Penny"
2026-02-13,Nvidia's stock is down and AMD is up. The culprit may be Arista. 
2026-02-13,"Oracle Wins CMS Cloud Contract To Power Medicare, Medicaid Modernization"
2026-02-14,Wall Street’s AI Paradox: Why Has NVIDIA’s Stock Flatlined as Hyperscaler Spend Explodes?
2026-02-14,"Tom Lee Calls MrBeast's Finance Bet The Next 'Robin Hood, SoFi, Chime Combined' For GenZ—'He's The Guy'"
2026-02-14,Bernie Sanders Questions Jeff Bezos' Motives Over Amazon's $200 Billion AI Spending: 'What A Surprise'
2026-02-14,Nextech3D.ai adds corporate gifting to platform - ICYMI
2026-02-14,AppLovin Has Been Absolutely Crushed in 2026. Can It Still Turn Itself Around?
2026-02-14,Liberty All-Star® Equity Fund January 2026 Monthly Update
2026-02-14,"As Billionaire Bill Ackman Calls Meta Platforms Cheap, Should You Buy META Stock?"
2026-02-14,$10 Billion Gone In 7 Months: Coinbase's Brian Armstrong Falls Off Billionaire Leaderboard As Crypto Fortunes Evaporate
2026-02-14,"Meta, Amazon, and Goolge Lead a $700 Billion Capex Wave: What Stocks Win Beyond NVIDIA?"
2026-02-14,"I Predicted That Oracle and Netflix Would Join Nvidia, Alphabet, Apple, Microsoft, Amazon, Broadcom, Meta Platforms, and Tesla in the $1 Trillion Club by 2030. Here's Why That Forecast Is Being Tested in 2026."
2026-02-14,Nvidia stock is stuck in a rut despite AI spending blitz
2026-02-14,Nvidia Can't Break Out. Wall Street Is Questioning $600 Billion AI Payoff
2026-02-14,"Anthropic got an 11% user boost from its OpenAI-bashing Super Bowl ad, data shows"
2026-02-14,Pinterest’s Earnings Give More Proof of Meta Platform’s Dominance
2026-02-14,Nvidia Stalls as $600 Billion AI Capex Fails to Lift Shares
2026-02-14,Her Husband Borrowed $250K Against The Family Home To Buy Crypto. She Says He Lost It All After Accidentally Pressing 'Sell Short'
2026-02-14,Big Tech’s Spending Spree Could Limit Buybacks and Dividends
2026-02-14,Alphabet bonds' lack of guardrails highlights investor confidence
2026-02-14,"Dow Jones Futures: Apple, Google, Amazon, Nvidia Hit Indexes; Five Ways To Handle This Dangerous Market"
2026-02-14,"Stock Market Today, Feb. 13: Pinterest Drops on Weak Revenue Outlook"
2026-02-14,"Renaissance Loads Up on Netflix, Lam Research, ServiceNow — Smart Money Signals Shift"
2026-02-14,David Abrams Reduces Stake in Meta Platforms Inc by 17.63%
2026-02-14,The Gaming AI Boom Is Here -- And AppLovin Is Positioned To Win Big
2026-02-14,"Nvidia Stock Investors Just Got Good News From Amazon, Google, Meta Platforms, and Microsoft"
2026-02-14,"Dow Jones Futures: How To Handle This Dangerous Market; Apple, Google, Amazon, Nvidia Hit Indexes"
2026-02-14,"Microsoft Is 'Worst-Performing' Hyperscaler Stock Since ChatGPT Launch, Chamath Palihapitiya Says"
2026-02-14,"How To Retire On $500,000 With A Near-Perfect Portfolio"
2026-02-14,Top 3 AI takeaways from Web Summit in Doha
2026-02-14,Palantir Is Executing Well -- The Valuation Is The Problem
2026-02-14,The Great Commoditization: How To Invest In A Post-AI World
2026-02-14,"Benzinga Bulls And Bears: Cloudfare, Meta, Lyft — And AI Fears Spook Investors"
2026-02-14,"Emmanuel Macron Says 'Amazon, Your Package Has Been Delivered' After Ariane 6 Blasts Off With 32 Satellites To Rival Starlink"
2026-02-14,Corning Meta Fiber Pact Links AI Growth To Rich GLW Valuation
2026-02-14,Why Nebius Group Is Drawing Both Bulls and Bears After Earnings
2026-02-14,Vistra Meta Nuclear Deal Recasts Growth Story Around Long Term Data Power
2026-02-14,"Coinbase Only 22% To Beat Its Earnings As Bitcoin, Ethereum, XRP Drag Down COIN"
2026-02-14,"Liberty All-Star® Growth Fund, Inc. January 2026 Monthly Update"
2026-02-14,Alphabet vs. Meta Platforms: Which One Will Dominate the Next Decade?
2026-02-15,Baidu Embeds OpenClaw In Search App Ahead Of Lunar New Year
2026-02-15,AI Disruption Fears Slam Real Estate Brokers
2026-02-15,Oklo Meta Nuclear Deal Highlights Long Term Growth Potential And Risks
2026-02-15,"Corning (GLW) Is Still Buyable, Says Jim Cramer"
2026-02-15,"Dow Jones Futures Loom In Dangerous Market; Apple, Google, Amazon, Nvidia In Focus"
2026-02-15,Trump trade adviser Navarro says administration may force data center builders like Meta to 'internalize' costs
2026-02-15,"Scott Bessent delivers stark message amid massive economic shift, says workers need this skill in 2026 (and beyond)"
2026-02-15,"Did Google's Gemini Just Say ""Checkmate"" to OpenAI's ChatGPT?"
2026-02-15,Apple Goes Full Netflix: The 'Severance' Deal Reveals Its Next Big Bet
2026-02-15,Oracle dividend growth signals new era for cloud titan
2026-02-15,Meta Stock Falls 3.28% This Week Despite Ackman Endorsement and Bullish Analyst Targets
2026-02-15,Vistra (VST) Is Up 14.6% After Meta-Backed Nuclear Deals Raise Its Data Center Power Profile
2026-02-15,Meta’s US$10b Indiana AI Data Center Puts Valuation In Focus
2026-02-15,AI Bubble Fears Are Creating New Derivatives
2026-02-15,Coinbase CEO Brian Armstrong Was Asked Whether COIN Plans To Launch Its Own Prediction Market Business—Here's What He Said
2026-02-15,"The 590,000-Ton Secret: Why The US Built A 30-Year Copper Fortress"
2026-02-15,Jim Chanos Slams Bitcoin Play Strategy For Bragging About Stability Of Preferred Shares: 'Can You Imagine Any Other CEO With A Plunging Stock…'
2026-02-15,"Dow Jones Futures: What To With This Dangerous Market; Apple, Google, Amazon, Nvidia In Focus"
2026-02-15,They Cashed Out $200K In Crypto And Now Have $4K In Assets — 'We've Never Created A Plan'
2026-02-15,Apple CEO Tim Cook Receives Letter From FTC Chairman Over Alleged Political Bias In Apple News
2026-02-15,Global week ahead: Markets brace for more AI noise and 'scare trading'
2026-02-15,"3 Cheap ""Magnificent Seven"" Stocks to Buy Hand Over Fist"
2026-02-15,DOJ Sends Letter To Congress Listing Hundreds Of Names Mentioned In Epstein Files
2026-02-15,AI risk is dominating conference calls as investors dump stocks
2026-02-15,"Consumer Tech News (Feb 9-13): AI Energy Push, And Mixed Tech Earnings Dominate Headlines & More"
2026-02-15,Microsoft AI Chief Mustafa Suleyman Says Most Professional Tasks Will Be Fully Automated By AI Within 12-18 Months
2026-02-16,"Digital sovereignty: Fibre-optic cables, Snowden and a fractured global ecosystem"
2026-02-16,"Billionaire Bill Ackman Buys 2 Brilliant Artificial Intelligence (AI) Stocks -- They Could Soar in the Next Year, According to Wall Street"
2026-02-16,Nvidia Supplier TSMC Sees Momentum Surge As Global AI Demand Hits Fever Pitch
2026-02-16,Anthropic CEO Dario Amodei Warns One Wrong AI Bet Could Bankrupt The Company: 'No Hedge On Earth That Could Stop...'
2026-02-16,CNBC Daily Open: Rubio reassures Europe while U.S. CPI calms investors
2026-02-16,'The AI Trade Is Stalling:' Why This Wall Street Expert Is Betting Against The Nasdaq 100
2026-02-16,"The AI Stock That Could Turn the Tables on the ""Magnificent Seven"""
2026-02-16,"'I'm Worth $7.3 Million,' Physician Says — Yet A $3 Drink For His Kids Gives Him Pause As 'Ramsey Show' Host Urges Him To 'Loosen The Purse Strings'"
2026-02-16,"Barry Silbert Forecasts Up To 10% Of Bitcoin's Market Cap Will Move To Privacy Coins—Crypto Mogul Says Zcash Can Rocket 500x, BTC Won't"
2026-02-16,Marketplaces Are the Next Frontier in Publisher Deals With AI Companies
2026-02-16,Meta Is the Winner in Smart Glasses. How Big the Business Can Get.
2026-02-16,Alphabet and Anthropic CEOs Expected to Attend AI Summit. Why Nvidia’s Huang Isn’t.
2026-02-16,AI is disrupting drug discovery faster than expected
2026-02-16,Meta Weighs Facial Recognition for Smart Glasses This Year
2026-02-16,Airbnb’s AI Shift New CTO And Support Agent Reshape Investment Case
2026-02-16,Meta appoints Turner Construction for $10bn Indiana data centre project
2026-02-16,"Google DeepMind CEO Demis Hassabis Says AI Will Usher In 'New Golden Era Of Discovery' Within 15 Years, Transforming Medicine, Energy, Space"
2026-02-16,Keir Starmer Seeks Sweeping Internet Control Powers As Big Tech Grapples With Regulation Abroad: 'No Platform Gets A Free Pass'
2026-02-16,Big Tech Will Spend $700 Billion on Artificial Intelligence in 2026. Here's My Top Stock to Buy to Take Advantage.
2026-02-16,3 tools used by technical analysts that can give stock pickers a second opinion
2026-02-16,"OpenClaw creator Peter Steinberger joining OpenAI, Altman says"
2026-02-16,CNBC Daily Open: Muted U.S. CPI and cooling tensions with Iran give investors some comfort
2026-02-16,OpenClaw Creator Gets Big Offers to Acquire AI Sensation—Will It Stay Open Source?
2026-02-16,Reddit INSIDER sends major vote of confidence after earnings
2026-02-16,Meta Indiana Data Center Underscores Heavy AI Infrastructure And Capex Commitments
2026-02-16,Rampant AI Demand for Memory Is Fueling a Growing Chip Crisis
2026-02-16,Is Meta Platforms (META) Philippe Laffont’s Top Pick?
2026-02-16,Tom Lee Says AI Killed Software And Job Losses Are 'Soon To Follow'
2026-02-16,"What Does Coinbase's CEO Know That You Don't?—$545M Sold, 88 Sells, 0 Buys"
2026-02-16,"Dow Jones Futures Rise; Apple, Google, Amazon, Meta, Nvidia In Focus"
2026-02-16,Cardano Founder Wants To Get To A 'Tinder On A Blockchain'—But How?
2026-02-17,Billionaire Bill Ackman Just Loaded Up on This Powerhouse AI Stock. Should You?
2026-02-17,"Big tech approaches ‘red flag’ moment: AI capex is so great hyperscalers could go cash-flow negative, Evercore warns"
2026-02-17,"Dan Ives Calls AI-Driven Software Selloff 'Most Disconnected Trade,' Says Salesforce And ServiceNow Are Historic Buys"
2026-02-17,"How Apple's Contrarian 'Nah, We're Good' Strategy Defies Amazon, Microsoft, Alphabet"
2026-02-17,Linux Foundation Research Finds Open Source Is Key To Driving India's AI Market
2026-02-17,"Reported Earlier: 'Spain to probe X, Meta, TikTok over AI-generated child sexual abuse material' - Reuters"
2026-02-17,Entergy: The Earnings Base Continues To Move Higher
2026-02-17,Nebius: The Devil Is In The Details
2026-02-17,"Taiwan Data Center Market Investment Analysis Report 2026-2031 Featuring Key DC Investors - Acer eDC, Chief Telecom, Chunghwa Telecom, Far EasTone, NTT, Taiwan Mobile, and Vantage Data Centers"
2026-02-17,India's Adani to invest $100 billion in AI-ready data centres by 2035
2026-02-17,Elizabeth Warren Slams Elon Musk's Tesla For Paying $0 In Federal Income Taxes: 'Does That Seem Fair…'
2026-02-17,Snap to launch creator subscriptions in push to diversify revenue 
2026-02-17,"India discussing age-based restrictions with social media firms, top minister says"
2026-02-17,Alibaba Challenges US Dominance With Qwen 3.5 Launch
2026-02-17,Is Meta Platforms (META) Still Attractive After Its AI Push And Recent Share Price Surge
2026-02-17,Why Is Nvidia Stock Underperforming in 2026?
2026-02-17,Meta’s US$10b AI Bet Tests Valuation And Growth Expectations
2026-02-17,Wall Street heads lower in premarket trading as tech stocks appear poised for more losses
2026-02-17,Peter Thiel's Palantir Extends Partnership With Boeing Rival Airbus
2026-02-17,Treasuries Can Be an Antidote to the Market’s AI Fears. Here’s Why and 5 More Things to Know Today.
2026-02-17,BofA Survey Shows Investor Worry Over Capex Race at Record High
2026-02-17,Amazon has lost $450 billion in value during this historic losing streak. Here's what's dragging it down
2026-02-17,Mario Cibelli's Strategic Moves: Xometry Inc. Sees a Significant Reduction
2026-02-17,"Nine Narratives That Could Drive The Next Crypto Bull Market, According To Bitwise Investment Chief Matt Hougan"
2026-02-17,"Amazon Intern Tripled Her Big Tech Paycheck And Built A $302,000 Side Hustle That Outpays Her Day Job"
2026-02-17,"As This Hedge Fund Sells NVDA , GOOGL, and META, Here Is 1 Blue-Chip Stock It’s Loading Up On"
2026-02-17,ETY: This Option-Income Fund Could Be Riskier Than Commonly Believed
2026-02-17,"Spain to Probe Elon Musk’s X, Meta, TikTok Over AI Images"
2026-02-17,"While big tech burns cash on AI, Apple waits"
2026-02-17,"Autosana Raises $3.2M as First Agentic QA Platform for iOS, Android and Web Apps"
2026-02-17,Nvidia: Closing Out FY26 With A Robust Growth Opportunity (Earnings Preview)
2026-02-17,Why Short Interest In The Nvidia-Heavy XLK Just Tripled While QQQ Bears Flee
2026-02-17,"AI Stocks Reset In 2026 Amid Software Reckoning, Hyperscaler Capex Boom"
2026-02-17,Virtuix Joins Meta’s “Made for Meta” with AI-Powered 360-Degree Treadmill
2026-02-17,"Tech Weekly: OpenAI unhappy with DeepSeek, Amazon Leo lifts off"
2026-02-17,AI Spending by U.S. Companies Has Fund Managers Looking Overseas for Stocks
2026-02-17,Palantir moving its headquarters from Denver to Miami
2026-02-17,"XLC Holds 46% in Just Three Stocks, Creating An Unusual Risk for Sector ETF Buyers"
2026-02-17,Assessing Meta Platforms (META) Valuation After Recent Short Term Share Price Weakness
2026-02-17,Meta Shares 'Truth' About Troubled AI Chatbot That Overwhelmingly Failed To Protect Minors: 'Did Not Launch This Product'
2026-02-17,"Data Center Liquid Cooling Market to Witness 28.7% CAGR Driven by AI Adoption, Investments and Sustainability Targets"
2026-02-17,AppLovin Q4: Market Is Focused On Competition; I'm Focused On ROAS From AppDiscovery
2026-02-17,Billionaire Bill Ackman Reveals New Position in This Top Artificial Intelligence (AI) Stock
2026-02-17,"They're Complete Opposites. He Saved More Than $100K And Pays For Everything, While She's $80K In Debt. 'I Ain't Saying She's The Gold Digger'"
2026-02-17,Microsoft's Quality Rank Surges As AI Spend Efficiency Calms Investor Nerves
2026-02-17,They Asked Middle-Class Americans Who Escaped Paycheck-To-Paycheck Living What Finally Worked. One Answer Kept Coming Up Again And Again
2026-02-17,Nebius Group’s AI Deals With Microsoft And Meta Shift Growth Profile
2026-02-17,"S&P 500 is little changed to start shortened week, software shares slide: Live updates"
2026-02-17,Ackman’s $2B Bet: Why Smart Money is Backing Up the Truck on “Deeply Discounted” Meta Stock
2026-02-18,Pinterest Shares Get Pummelled. Is It Time to Buy the Dip?
2026-02-18,Stocks May Finally Have Found Their Footing. The S&P 500 Rises.
2026-02-18,Beyond Tech Stocks: This Utility is Powering the Data Center Boom.
2026-02-18,JPMorgan Flags 'AI-Resilient' Software Names After Selloff
2026-02-18,Wednesday's big stock stories: What’s likely to move the market in the next trading session
2026-02-18,"David Tepper's Appaloosa Ups Micron Stake By 250%, Trims Nvidia And Amazon"
2026-02-18,"Bill Ackman Goes Magnificent Seven Shopping In Q4: Adds META, Increases AMZN, Decreases GOOGL"
2026-02-18,"Apple Ramps Up Work on Glasses, Pendant, and Camera AirPods for AI Era"
2026-02-18,"Meta, Nvidia Shares Move Higher On Long-Term AI Infrastructure Deal"
2026-02-18,"Spain to Probe X, Meta, TikTok Over AI Images"
2026-02-18,"NVIDIA Announces A Multiyear, Multigenerational Strategic Partnership With Meta Spanning On-premises, Cloud And AI Infrastructure; Meta Expands NVIDIA CPU Deployment And Significantly Improves Performance Per Watt In Its Data Centers; Meta Scales Out AI Workloads With Nvidia Spectrum-x Ethernet, Supporting Network Efficiency And Throughput; Meta Has Adopted Nvidia Confidential Computing, Enabling Ai Capabilities While Protecting User Privacy"
2026-02-18,84-year-old Dividend King tops $1 trillion valuation milestone
2026-02-18,"Pershing Square Capital Management Takes New Stake In Meta Platforms With 2,673,569 Shares"
2026-02-18,JEPQ: Collect A 10.5% Yield While Hedging Your Bets
2026-02-18,"Analysis-Europe squares up to Big Tech, risking ire of Washington"
2026-02-18,Meta Builds AI Infrastructure With NVIDIA
2026-02-18,Meta Will Buy Millions of Nvidia Chips for AI Build-Out
2026-02-18,Nvidia and Meta expand GPU team up with millions of additional AI chips
2026-02-18,Nvidia to sell Meta millions of chips in multiyear deal
2026-02-18,"Palo Alto Networks, AMD, Nvidia, OLB Group And Meta: Why These 5 Stocks Are On Investors' Radars Today"
2026-02-18,Investor says some Magnificent Seven stocks ‘overly punished’
2026-02-18,"Nvidia, Meta stocks rise after expanded AI infrastructure pact; AMD sinks"
2026-02-18,Bank of America resets Nvidia stock forecast
2026-02-18,Bill Ackman's Strategic Move: Meta Platforms Inc. Takes Center Stage with 11.37% Portfolio Share
2026-02-18,Steve Mandel's Strategic Moves: Meta Platforms Inc. Exit Impacts Portfolio by -7.07%
2026-02-18,Nvidia Announces AI Partnership With Meta Platforms
2026-02-18,"Dow Jones Futures Fall After Market Reverses Higher; Meta Deal Lifts Nvidia, Hits AI Rivals"
2026-02-18,"Jim Cramer Says Those Building Own Chips May Have To Worry About Allocations After Meta Deal, Calls Smugness Toward Nvidia 'Tiresome'"
2026-02-23,Should You Buy Meta Platforms Stock Before Its New Smartwatch Comes Out This Year? - Yahoo Finance
2026-02-23,A Technical ‘Hold’ in Meta Platforms Stock Signals a Perfect Iron Condor Opportunity - Yahoo Finance
2026-03-09,"Meta Platforms Stock: Down About 17% in 6 Months, Is This a Good Buy-the-Dip Moment? - Yahoo Finance"
2026-03-13,Meta Platforms (NASDAQ:META) Stock Price Down 3.8% - Should You Sell? - MarketBeat
2026-03-17,Micro-Cap Crypto Exchange Gemini Has Upside Potential
2026-03-17,Nebius Falls on Bond Offering. Citi Likes the Stock but Says It’s a ‘High Risk’ Buy.
2026-03-17,Nebius stock jumps after Meta inks a stunning $27 billion AI deal
2026-03-17,"Lighthouse Guild Launches Lighthouse Guild AI, a First-of-Its-Kind Initiative Placing Blind Leadership at the Center of Adaptive Technology Development"
2026-03-17,Nvidia Makes Trillion-Dollar Forecast at Annual Product Expo
2026-03-17,Review Preview: Strait Hope
2026-03-17,"This Artificial Intelligence (AI) Stock Has a $19.4 Billion Microsoft Deal, a $3 Billion Meta Deal, and Now a $2 Billion Nvidia Investment -- Is It a Buy for 2026?"
2026-03-17,"Stock Market Today, March 16: Nasdaq Gains 1% Stocks on Easing Oil Prices and AI Optimism"
2026-03-17,"Stocks to Watch Monday Recap: Nvidia, Meta, Dollar Tree"
2026-03-17,Meta Platforms Just Announced 4 New In-House AI Chips. Does That Make META Stock a Buy Here?
2026-03-17,"S&P 500, Dow Snap 4-Day Losing Streak as Oil Prices Retreat"
2026-03-17,"AI Data Centers Are Running Hot. Buy This Stock, Analyst Says."
2026-03-17,US Equity Indexes Rise After US Proposal to Form Coalition to Address Energy Crisis
2026-03-17,"Dell workforce drops 10% in fiscal 2026, filing shows"
2026-03-17,Nebius Teams Up With NVIDIA To Fast-Track AI Startups Into Enterprise Adoption With VC-Backed Program
2026-03-17,Here’s Why Elite Hedge Funds Were Buying Advanced Micro Devices (AMD) For 2026
2026-03-17,"Nebius intends to raise $3.75 billion via convertible loan following Meta, Nvidia deals"
2026-03-17,Why Nebius Stock Popped Today
2026-03-17,Nebius (NBIS) Soars 15% on $27-Billion Meta Deal
2026-03-17,Senators tell ByteDance to 'immediately shut down' Seedance AI video app
2026-03-17,Oil Relief Opens the Door for AI to Take Back the Tape
2026-03-17,Nebius inks $27bn deal with Meta for AI cloud capacity
2026-03-17,Sell-The-News Reaction To Nvidia GTC;  AI In Space; Upcoming Micron Earnings
2026-03-17,Winklevoss Twins Sell $130M in Bitcoin – What Crypto Investors Should Know
2026-03-17,Stocks Can’t Recover While Oil Prices Surge. Why the Fed’s Unlikely to Help.
2026-03-17,China Controls the Metal Underlying America's Trillion-Dollar Tech Economy - OilPrice.com Market Commentary
2026-03-17,Nebius: Implications Of The $27 Billion Meta Deal
2026-03-17,Meta (META) Sees 17% Surge in User Engagement Across Platforms
2026-03-17,"Stock Index Futures Muted as Oil Prices Resume Advance After Iran Strikes, FOMC Meeting in Focus"
2026-03-17,"Bitcoin Is Best Asset to Hold in AI Fallout, Says Michael Saylor as Strategy Buys $1.57B"
2026-03-17,Is Meta Platforms (META) A Good Stock To Buy Now? - Yahoo Finance
2026-03-17,Meta Platforms: 16x Adjusted FY2026 P/E Is A Solid Buy
2026-03-17,Zuckerberg and Meta dust off a classic playbook
2026-03-17,"Data Center Capex Surges 57 Percent in 2025 as AI Deployments Accelerate, According to Dell'Oro Group"
2026-03-17,"Can ""Sovereign AI"" Buffer Nvidia Against a Potential Hyperscaler Slowdown?"
2026-03-17,Oklo Unveils First NRC License Ahead of Earnings. What It Means for the Nuclear Stock.
2026-03-17,What's Going On With Nebius Stock Tuesday?
2026-03-17,Nvidia’s $1 Trillion Inference Chip Opportunity: The Inflection Point Investors Were Waiting For?
2026-03-17,"Nvidia And Meta Bet Big On Nebius, You Should Too"
2026-03-17,'Greece is Preparing Social Media Ban for Children Under 15' - Bloomberg
2026-03-17,"Stock Market News for Mar 17, 2026"
2026-03-17,Should You Forget CoreWeave and Buy 3 Artificial Intelligence (AI) Stocks Right Now?
2026-03-17,Meta vs. Netflix: One of These Stocks Will Double — and One Will Disappoint
2026-03-17,Nvidia-Backed Nebius Group Tops AI Leaderboard: Futurum Says NBIS Is Capitalizing On AI Power Shortage's 'Insatiable Demand'
2026-03-17,Nebius Stock Jumps on $27B Meta AI Infrastructure Agreement
2026-03-17,Meta Platforms (META) Reportedly Considering Major Layoffs
2026-03-17,Nvidia Targets $1 Trillion AI Chip Opportunity by 2027
2026-03-17,'Meta to Discontinue Key Metaverse Product For VR Headsets'- Bloomberg
2026-03-17,Is Meta Platforms (META) A Good Stock To Buy Now?
2026-03-17,Meta’s 20% Layoff Rumor is Coming For These Companies Next
2026-03-17,The bark of Meta's potential layoffs are 'worse than the bite'
2026-03-17,"Michael Saylor Pushes Back After Boris Johnson Calls Bitcoin A 'Giant Ponzi Scheme,' Says Crypto Has 'No Issuer, No Promoter'"
2026-03-17,Billionaire Mark Cuban Bought His Mansion 50% Off Without Seeing It After Family Who Built $25M 'Dream Home' Lost Everything In Market Crash
2026-03-17,"""China Ramps Up Scrutiny Of A Meta A.I Deal; The Country Appears To Be Cracking Down On People Linked To The Acquisition Of Manus, A Singapore Company With Chinese Roots, As President Trump Prepares To Visit Beijing"" - NY Times"
2026-03-17,Nvidia’s Super Bowl Plays to the Crowd
2026-03-17,rPlus Energies Secures Financing Commitments for 400-Megawatt Blacks Creek Energy Center
2026-03-18,Why Meta Platforms Stock Is Worth Buying on This Pullback
2026-03-18,"Big Tech Is Spending $720 Billion on AI in 2026, and This One Stock Gets Paid on Every Dollar"
2026-03-18,Nvidia just forecast $1 trillion in AI demand. So why isn’t Jensen Huang a target of AI backlash?
2026-03-18,Prudent Investors Should Be Game Planning For Stagflation
2026-03-18,"Final Trade: CZR, META, GAP"
2026-03-18,"Mark Zuckerberg is poised to finish what Jack Dorsey started: a ‘cascade’ of AI-related layoffs across the tech sector, top tech analyst says"
2026-03-18,X Outage Hits Thousands Of Users Worldwide; Services Appear Mostly Resolved
2026-03-18,Nebius Weighs $3.75b Convert As AI Contracts Test Valuation
2026-03-18,"Trade Desk Reels as Publicis Report Triggers a Two-Day, 13% Selloff"
2026-03-18,Oklo (OKLO) Q4 2025 Earnings Call Transcript
2026-03-18,What NVDA Investors Need To Know About Nvidia's Biggest Challenge Yet
2026-03-18,Micron Earnings Face High Expectations as Its Stock Keeps Rising
2026-03-18,The Big Short… or The Big Mistake? Why Michael Burry Is Betting Against Nvidia (and What the Data Says)
2026-03-18,POP.STORE Launches the First Agentic AI Commerce Platform for Creators
2026-03-18,Memory Supercycle Propels Micron And Market; Hot PPI And Attack On South Pars Dampen Positive Sentiment
2026-03-18,"First AI Attacks, Now This: Should You Avoid The Trade Desk?"
2026-03-18,Nebius: Positioned To Win In Any Eventuality From The $27B Meta Deal
2026-03-18,APP's Next Growth Engine: Can E-Commerce Expansion Drive Growth?
2026-03-18,Trade Desk drops after report that Publicis advised clients against using its platform
2026-03-18,Amazon or Meta: Which Recent Bill Ackman Buy Has More Upside?
2026-03-18,"Meta Could Cut 20% of Its Jobs as AI Costs Pile Up. Should You Buy, Sell, or Hold META Stock Before Layoffs?"
2026-03-18,"Facebook launches a new monetization program to attract popular creators from TikTok, YouTube"
2026-03-18,"Kevin O'Leary Says No, Interest Rates Won't Ever Go Below 5% Again — But All That It Means Is… 'You're Gonna Buy A House 30% Smaller. That's All'"
2026-03-18,ETV: Monthly Distribution And Delivering Strong Total Returns
2026-03-18,Mag 7 Or 'Lag 7?' A Quant Review
2026-03-18,"AMD Doesn't Worry Me, Its Customers And Deals Do"
2026-03-18,PGIM Jennison Utility Fund Q4 2025 Portfolio Movers
2026-03-18,Nebius Has $46 Billion In Deals And A $28 Billion Market Cap — Do The Math
2026-03-18,This $50 Billion AI Bet Is Either Oracle's Masterstroke or Its Biggest Mistake
2026-03-18,Is Meta Platforms Inc (META) One of the Best Metaverse Stocks to Buy According to Analysts?
2026-03-18,Bitcoin ETFs Hit 6 Straight Days Of Inflows: Why Is BTC Going Up Again?
2026-03-18,"Oklo Stock Wavers After Earnings, but the Nuclear Start-Up Has Good News"
2026-03-18,EXCLUSIVE: Meta Signs 10-year Deal for New York Flagship Location
2026-03-18,Nebius Stock Surges on $27B META AI Deal  – Here’s What This Analyst Thinks Comes Next
2026-03-18,JPMorgan resets forecast on social media giant amid layoff rumors
2026-03-18,Meta's Manus launches desktop app to bring its AI agent onto personal devices amid OpenClaw craze
2026-03-18,OpenAI's Dilemma
2026-03-18,Bloom Energy: Positioned To Capture Urgent Demand For Data Centers
2026-03-18,What Is One of the Best Artificial Intelligence (AI) Stocks to Buy Right Now?
2026-03-18,"Exclusive-Meta vowed to stop illegal financial ads in Britain. It failed 1,000 times in a week"
2026-03-18,"Micron rides memory price spike into earnings with stock up 62%, drubbing its tech peers"
2026-03-18,"Samsung Elec and AMD sign MoU on AI memory, explore foundry partnership"
2026-03-18,Meta Platforms: The AI Spending Spree Is Out Of Control
2026-03-18,The best way for CEOs to keep bonuses in a downturn: Lower expectations
2026-03-18,"How the red-hot AI data center boom is igniting demand for a new, lucrative career path: trade workers "
2026-03-18,Meta Backing Fuels Hype Around Oklo -- But Cash Burn Raises Flags
2026-03-18,Meta to Open Flagship 'Meta Lab' Store on New York's Fifth Avenue
2026-03-18,"Tigress Financial Maintains Strong Buy on Meta Platforms, Raises Price Target to $945"
2026-03-18,rPlus Energies secures over $650m for Blacks Creek solar facility
2026-03-18,Have Amazon and Nvidia become value stocks? This metric says yes.
2026-03-18,Recent Filing Shows That Rep. Cleo Fields Bought Over $2K Worth of Microsoft Stock
2026-03-18,Elizabeth Warren Demands Answers On $63 Million Trump Library Fund After Nonprofit Dissolution
2026-03-18,How one Web3 company is investing in the future of the blockchain
2026-03-18,Meta is shutting down VR social platform Horizon Worlds in further pivot away from the metaverse
2026-03-18,"Meta will pay Instagram, TikTok and YouTube creators with big followings to post on Facebook"
2026-03-18,Nebius Just Scored Another Key Partnership. Should You Chase NBIS Stock Here?
2026-03-18,Meta Is Launching A Creator Fast Track Program On Facebook
2026-03-18,2 Stocks I’m Buying for the Future of AI Work
2026-03-18,3 Nasdaq 100 Stocks to Keep an Eye On
2026-03-18,Meta Establishes New York City Retail Flagship at Vornado Realty Trust’s 697 Fifth Avenue
2026-03-18,Nvidia CEO Huang says company sees more than $1 trillion in sales through 2027
2026-03-18,Is Meta Platforms Stock Going to $700 by Year-End? The Math Says It's Possible.
2026-03-18,BofA Lifts Hyperscaler Debt Forecast 25% to $175 Billion
2026-03-18,Nebius Stock Falls 12% on Bond Offering. Citi Calls It a ‘High Risk’ Buy.
2026-03-18,"Oklo Stock Falls After Earnings, but the Nuclear Start-Up Has Good News"
2026-03-18,Meta Platforms (META) Valuation After US$27b AI Cloud Deal And Major Workforce Restructuring
2026-03-18,"South Korea's Kospi lead gains in Asia as investors assess Japan trade data, await Fed rate verdict"
2026-03-18,Meta Platforms Just Delayed Its Avocado AI Rollout. Should You Sell META Stock?
2026-03-18,Nebius Lines Up $3.75B in Convertible Debt After Meta Deal
2026-03-19,Apple Made $900M From AI Last Year While Rivals Burned Through Cash
2026-03-19,Why Meta’s Latest AI Delay Might Actually Be a Good Thing for Investors
2026-03-19,Circle CEO: AI agents will replace work performed by humans 'on a massive scale'
2026-03-19,Market's Fate In Iran's Hands As Trump Calls For De-Escalation; Selling in Gold
2026-03-19,"S&P 500 Slides, Gold Crashes As $100 Oil Stokes Stagflation Fears: What's Moving Markets Thursday?"
2026-03-19,AMD: Private Credit Crunch Is Good
2026-03-19,"Move Over Meta, Microsoft — Constellation, NextEra Hit Big Tech Valuations In 2026's Weirdest Trade"
2026-03-19,"The Great Magnificent 7 Breakup: Nvidia Stands Tall While Tesla, Microsoft Stumble And Fall"
2026-03-19,"Meta Platforms Says Over Next Few Years, We Will Deploy More Advanced AI Systems Across Our Apps; As We Deploy AI Systems Across Our Apps, Will Reduce Reliance On Third-Party Vendors For Content Enforcement; Our Community Standards Aren't Changing As A Part Of Shift To Deploying More Advanced Ai Systems Across Our Apps"
2026-03-19,"Meta Platforms Introduces Meta AI Support Assistant Globally On Facebook, Instagram; To Roll Out More Advanced AI Systems Throughout Its Apps Over Next Few Years"
2026-03-19,Why Billionaire Investor Druckenmiller Sees Stablecoins Dominating Payments In The Next 10 To 15 Years
2026-03-19,Meta to cut back on third-party vendors in favor of AI for content enforcement
2026-03-19,"Update: Market Chatter: Meta Platforms Fails to Stop Unauthorized Financial Ads in UK, Regualtor Says"
2026-03-19,Crypto.com lays off 12% of workforce as latest company to cite AI in job cuts
2026-03-19,Pink Slip Pivot: Meta Eyes Massive Layoffs To Feed Its AI Ambition
2026-03-19,The AI capex spending spree just keeps getting weirder
2026-03-19,Corning’s AI Data Center Push With Meta And What It Means For Valuation
2026-03-19,"Avoid S&P + Bonds, Buy Gold + Energy - George Noble"
2026-03-19,Forget the War Headlines: This Is the Real Reason Tech Stocks Are Struggling
2026-03-19,"Tim Walz Says Tech Companies Are Causing 'Disruptions' To Middle Class Families, Wants Social Media Taxed To Offset AI Job Losses"
2026-03-19,Oklo Q4 Earnings Call Highlights
2026-03-19,"Block, Atlassian, Meta Have Cut 20,000+ Jobs—What Do Prediction Markets Say About Unemployment?"
2026-03-19,Meta Opens First Flagship Meta Lab As Hardware Story Meets Valuation
2026-03-19,Meta backtracks on decision to end Horizon Worlds VR after fans speak up
2026-03-19,Meta Platforms (META) Stock Moves -1.12%: What You Should Know
2026-03-19,Columbia Global Technology Growth Fund: Q4 2025 Significant Contributors And Detractors
2026-03-19,Stocks Sharply Lower on Iran War and Hawkish Powell
2026-03-19,Meta Wants Influencers to Come Back to Facebook. It’s Willing to Pay.
2026-03-19,Oklo Stock Dips After Earnings. Why the Nuclear Start-Up Still Has Wall Street’s Support.
2026-03-19,Meta converts New York City pop-up store into permanent retail location
2026-03-19,"Meta shuts down Horizon Worlds VR, shifting further from the metaverse"
2026-03-19,Meta to End Horizon Worlds Access on Quest Headsets June 15
2026-03-19,The Trade Desk Is Suddenly Bleeding Customers. Is It a Red Flag for the Adtech Stock?
2026-03-19,"'A Meta AI Agent Exposed Sensitive Company And User Data To Unauthorized Employees; A Meta Spokesperson Confirmed The Security Incident, While Adding That ""no User Data Was Mishandled"" As A Result Of It; Meta Security Incident Classified As Sev 1, Exposing Data For Nearly Two Hours'-The Information"
2026-03-19,Meta Fails to Block Illegal Financial Ads in UK Review
2026-03-19,Nebius Prices Larger $4 Billion AI Funding Raise
2026-03-19,The 'Magnificent Seven' stocks aren't immune to today's selloff
2026-03-19,Chamath Palihapitiya Plans Robotaxi Fleets Nationwide — Expects Positive Cash Flow In Under 2 Years
2026-03-19,As Meta Stock Dips Near $600 Levels Should You Buy or Stay on the Sidelines?
2026-03-19,'Meta backtracks on decision to end Horizon Worlds VR after fans speak up'- CNBC
2026-03-19,"Block Lays Off Thousands, Meta Could Be Next. Who Else Will Slash Jobs?"
2026-03-19,1 in 5 Americans thinks it’s ‘morally wrong’ to be a billionaire—Gen Z in particular finds it distasteful
2026-03-19,Has Ethereum Bottomed? Veteran Trader Peter Brandt Highlights Bounce At Long-Term Support
2026-03-19,What Corning (GLW)'s New AI Data Center Optics Push Means For Shareholders
2026-03-19,1 Artificial Intelligence (AI) Stock You Could Hold Forever
2026-03-19,"Meta Shares Seen Subdued Amid Job-Cut Speculation, Avocado Delay, Oppenheimer Says"
2026-03-19,Nvidia Is Giving Apple Vibes. Why That Spells Big Things for the Stock.
2026-03-19,Nebius Signed a Major $27B Deal with Meta. What Are You Really Investing in if You Buy NBIS Stock?
2026-03-19,Column: Jensen Huang doesn’t need a new chip. He needs a new moat.
2026-03-20,Trump releases AI policy to pre-empt state rules
2026-03-20,Home Improvement Stock Down 40% Gets $14 Million Trim as Growth Slowed Last Quarter
2026-03-20,"Arm Holdings eyes full-chiplet CPUs, but analysts warn near-term headwinds remain"
2026-03-20,$2 Trillion War Over The Fate Of AI
2026-03-20,Meta Reverses Plan to Drop Horizon Worlds on VR
2026-03-20,"AI boom is fueling demand for skilled trades—and demand for technicians, HVAC workers, and electricians is soaring, with six-figure salaries to match"
2026-03-20,Nebius Is a High‑Risk Swing—But Could the Payoff Justify the Volatility?
2026-03-20,META Taps AI to Boost Safety Features: Ad Revenues to Grow?
2026-03-20,"NVIDIA Is Unstoppable after a $68.1b Quarter, and A Moat That Won’t Stop Growing,"
2026-03-20,Meta Joins OCI Group As AI Links And Valuation Draw Investor Focus
2026-03-20,"OpenAI’s 2026 Scorecard: A String of Lawsuits, Losses, and Broken Promises"
2026-03-20,"Brent Hits $110, Rate-Hike Fears Hammer Stocks And Gold: What's Moving Markets Friday?"
2026-03-20,"Meta Platforms, Inc. (META) Is a Trending Stock: Facts to Know Before Betting on It"
2026-03-20,"The Now Agency Expands Leadership Team with the Addition of Kevin King, Michael Wurum, Lexi Mooney, and Erika Zoffler"
2026-03-20,"Steward Partners exec: Nvidia earnings staggering, but nervous investors hold stock back"
2026-03-20,Ripple-Backed Evernorth Files For Nasdaq IPO With $1 Billion XRP Treasury
2026-03-20,3 Reasons A Recession Is Likely - 3 Reasons It Isn't
2026-03-20,What Are the Best AI Stocks to Buy While Big Tech Is Spending $690 Billion on Infrastructure?
2026-03-20,"Alibaba, Tencent Selloff Signals AI Doubts Growing"
2026-03-20,The best AI investment might be in energy tech
2026-03-20,The Metaverse Was a $100 Billion Flop. It Should Make Us Think Twice About AI Predictions.
2026-03-20,David Tepper's Appaloosa Unloads $117 Million of Whirlpool Shares Amid Stock's Decline
2026-03-20,Nebius Bond Raise And Mega AI Deals Reframe Valuation And Risk Profile
2026-03-20,Sizing Up Stock Valuations As Middle East Conflict Drives Volatility
2026-03-20,"$6 Trillion Triple Witching, Netanyahu's Perfect Timing Saves Market But Iran Keeps Firing"
2026-03-20,"Microsoft Stock Makes No Sense, Play The Spending Versus Revenue Gap"
2026-03-20,"Nomura Core Equity Fund: Q4 2025 Buys, Sells, And Standouts"
2026-03-20,Trump administration unveils national AI policy framework to limit state power
2026-03-20,Why my $150 million startup thinks it can solve the $406 billion loneliness problem
2026-03-20,"The Dow's losing streak, fertilizer prices, Novo Nordisk's new Wegovy shot and more in Morning Squawk"
2026-03-20,Amazon Eyes Smartphone Comeback — 'Transformer' Project Reportedly Targets AI-Driven Future
2026-03-20,"Coinbase Launches 24/7 Stock Trading For Tesla, Apple, Nvidia With 10X Leverage"
2026-03-20,Meet Mark Zuckerberg’s college roommate. He’s an Olympian-turned-VC exec who now invests in your favorite celebrity businesses
2026-03-20,"Who's most optimistic about AI — and who isn't, according to Anthropic"
2026-03-20,"Amazon, Meta CapEx Drives Record $45 Billion Data Center Construction Boom, Overtaking Office Build With 29% Jump"
2026-03-20,"Alibaba, Tencent Shares Lose $66 Billion as AI Vision Falls Flat"
2026-03-20,Review & Preview: Fog of War
2026-03-20,Meta Platforms is Overvalued at 6.01X PS: Buy or Hold the Stock?
2026-03-20,"Prediction: This Neocloud Stock Will Outperform the ""Magnificent Seven"" in 2026"
2026-03-20,How The AI Accelerator Narrative Is Reframing The Advanced Micro Devices (AMD) Investment Story
2026-03-20,Stocks Finish Lower as Iran War Spurs Inflation Concerns
2026-03-20,Anthony Scaramucci Backs Michael Saylor's Preferred Stock Bet: 'This Is His iPhone Moment...Has Set The Clock On Global Adoption'
2026-03-20,213-year-old bank cuts Gemini stock target 60% ahead of earnings
2026-03-20,Meta Platforms Just Delivered Incredible News to This AI Data Center Company
2026-03-20,Sector Update: Tech Stocks Higher Late Afternoon
2026-03-20,Netflix Retreats: The Streaming Giant Faces Its Toughest Balancing Act Yet
2026-03-20,Meta Platforms Slips: Shutting Down Its VR Metaverse While Doubling Down on AI
2026-03-20,Meta is shutting down its VR metaverse
2026-03-20,Massive Meta Platforms Layoffs Could Be Coming. Why Did META Stock Gain on the News?
2026-03-20,"Vornado Announces Meta's 10-Year Lease at 697 Fifth Avenue, Manhattan"
2026-03-20,"Meta Rolls Out AI Support Assistant Worldwide, Plans Broader AI Push in Content Moderation"
2026-03-20,AMD vs. Broadcom: Which Semiconductor Stock is a Buy Right Now?
2026-03-21,Evercore and Goldman Sachs Stay Bullish on Arista Networks (ANET)
2026-03-21,Here’s Why Apple (AAPL) Could Be The Best Tech Stock to Buy Now According to Warren Buffett
2026-03-21,How The TaskUs (TASK) Story Is Shifting Toward AI Services And Away From Trust And Safety
2026-03-21,Coinbase Launches 24/7 Perpetual Futures Trading for Major U.S. Stocks and ETFs
2026-03-21,Hyper Appoints Chris Fauerbach as Vice President of Software Engineering
2026-03-21,"Meta, Alphabet, Microsoft Added to CDX IG Index Amid AI Debt Surge"
2026-03-21,The Trade Desk Just Fell to a Multi-Year Low. Contrarian Investors Are Paying Attention.
2026-03-21,Build A Passive Income Buffer As Recession Odds Rise
2026-03-21,"Elon Musk misled Twitter investors ahead of $44 billion acquisition, jury says"
2026-03-21,"Alibaba Stock Is Getting Hit Again, but Qwen and Cloud Growth Are Surging"
2026-03-21,Billionaire twins who sued Mark Zuckerberg face class-action suit
2026-03-24,Meta Offers Top Execs Stock Options for First Time Since IPO - Bloomberg.com
2026-03-25,Meta Takes a Swipe at Tesla With $9 Trillion Stock Goal in Half the Time - Barron's
2026-03-26,Meta stock tumbles as investors assess the impact of the tech giant losing a landmark trial - Business Insider
2026-03-26,Meta And Reddit Stocks Are Slumping Despite Strong Digital Ad Growth. Here's Why. - Investor's Business Daily
2026-03-27,Meta stock price falls to nearly 1-year low: 3 reasons why the Facebook parent company is sinking in 2026 - Fast Company
2026-03-29,"Is Meta Platforms, Inc. (META) Stock A Good Buy? - Yahoo Finance"
2026-04-01,Could Buying Meta Platforms Stock Today Set You Up for Life? - The Motley Fool
2026-04-03,Meta Rose 5% This Week. Here’s Where the Stock Could Go in 2026 - TIKR.com
2026-04-06,"Can Meta Stock Hit $3,727 per Share? - The Motley Fool"
2026-04-15,"Meta Stock Is the Top Pick for Tech Earnings, Morgan Stanley Says. Here’s Why. - Barron's"
2026-04-16,What's Ahead As Massive Short Squeeze Drives Market to New Highs - Semis Are a Tell
2026-04-16,Expo Raises $45M Series B and Launches Expo Agent to Close the Gap from Idea to Production-Ready Mobile Apps
2026-04-16,AMD Rips Higher As TSMC's Blowout Guide Lights Up The Stock
2026-04-16,Weekly Jobless Claims Below Expectations
2026-04-16,Why I Can’t Stop Buying Nvidia Stock
2026-04-16,AMD Gains 6% Ahead of May Earnings: Is the AI Chip Challenger Finally Ready to Rival NVIDIA?
2026-04-16,Perplexity CEO Says AI Could Let One Person Do Team-Level Work — 'Even If There Is Temporary Job Displacement'
2026-04-16,Exclusive: Eigen raises a seed round from Benchmark to build the world’s first ‘mutual friend’
2026-04-16,"Former Meta contractor Sama to lay off more than 1,000 workers in Kenya"
2026-04-16,Harvey’s 30-year-old CEO says failing is a ‘good way to learn’ and says ‘destroying your ego’ led him to an $11 billion success
2026-04-16,Crowned Skin Founder Darrell Spencer Lands $500K Investment From Fellow Chicagoan Rashaun Williams On ‘Shark Tank’
2026-04-16,"Gucci-owner Kering aims to launch luxury Google glasses next year, CEO says"
2026-04-16,UK PM Starmer tells social media firms they must act on online safety
2026-04-16,Is Meta Platforms a Hot Internet Content and Information Stock as It Invests Heavily in AI?
2026-04-16,Anthropic Amplifies London Presence Days After OpenAI's UK Expansion
2026-04-16,"Booking, Wayfair, and Coupang Shares Are Soaring, What You Need To Know"
2026-04-16,Why Airbnb (ABNB) Stock Is Up Today
2026-04-16,Why Roku (ROKU) Stock Is Up Today
2026-04-16,AMD Anchors France's AI Strategy With Exascale Supercomputer Partnership
2026-04-16,Broadcom: Why This AI Giant Could Still Double
2026-04-16,"TD Cowen Reiterates Buy on Meta Platforms, Maintains $820 Price Target"
2026-04-16,"CoreWeave's April Shockwave — Meta, Anthropic, Jane Street All Say Yes"
2026-04-16,"Stock Market Today: Futures Climb After Record Day For S&P 500, Nasdaq On Growing Hopes Of Iran Deal— Allbirds, TSMC, PepsiCo In Focus (UPDATED)"
2026-04-16,"Switch off and read, France's Macron tells teenagers"
2026-04-16,Broadcom Meta Chip Alliance Deepens AI Ties And Concentration Risks
2026-04-16,Broadcom Inc. (AVGO) Strengthens Position in AI Data Centers and Cybersecurity
2026-04-16,"Global Market for Computing and AI for Data Centers 2026-2040: AI ASICs is the Fastest-growing Processor Category, As Companies Including Google, Amazon, Microsoft, Meta Invest Heavily"
2026-04-16,'Meta Raises Prices of Quest VR Headsets on Growing Memory Costs'- Bloomberg
2026-04-16,How AI and blockchain are reshaping the workforce
2026-04-16,CoreWeave Just Signed a $21 Billion Deal With Meta. Here's Why This Stock Might Finally Be Turning the Corner.
2026-04-16,Broadcom Asserts XPU Advantage While Partner Alphabet Rejoins The $4T Club
2026-04-16,"Strong ASML, TSMC forecasts signal AI spending boom is intact"
2026-04-16,Meta Raises Prices of Quest Headsets Amid Soaring Memory Chip Prices
2026-04-16,"Broadcom Wins Big, But AI Infrastructure Is 'Real Winner' Of Meta Deal, Says Daniel Newman"
2026-04-16,"Zacks Investment Ideas feature highlights: Coherent, Bloom Energy, Nebius Group, Amazon, Alphabet and Meta Platforms"
2026-04-16,‘Guns vs. butter’: IMF flags tough trade-offs as governments ramp up defense spending
2026-04-16,CoreWeave Lands Another Big AI Deal
2026-04-16,Tesla Regains 50-Day Line. Here's When The Stock Could Become Actionable.
2026-04-16,Anthropic unveils plans for major UK expansion after OpenAI announces first permanent London office
2026-04-16,The Wait Is Over: S&P 500 and Nasdaq Hit All-Time Highs as Iran Talks and Bank Earnings Align
2026-04-16,"Broadcom (AVGO) Stock Trades Up, Here Is Why"
2026-04-16,CNBC Daily Open: Trading the truce and the Lebanon dilemma 
2026-04-16,Corning Taps Meta And Solar To Power AI Infrastructure Growth
2026-04-16,"Bumble and Upwork Stocks Trade Up, What You Need To Know"
2026-04-16,"Chewy and LendingTree Shares Are Soaring, What You Need To Know"
2026-04-16,Why Broadcom Stock Climbed Today
2026-04-16,"Teladoc and ACV Auctions Stocks Trade Up, What You Need To Know"
2026-04-16,"Chegg and LegalZoom Shares Skyrocket, What You Need To Know"
2026-04-16,"Pinterest and Duolingo Shares Skyrocket, What You Need To Know"
2026-04-16,Why Reddit (RDDT) Stock Is Trading Up Today
2026-04-16,Meta Platforms (META) Surpasses Market Returns: Some Facts Worth Knowing
2026-04-16,"Stock Market Today, April 15: Snap Jumps After Announcing 1,000 Job Cuts and $500 Million Cost Savings Plan"
2026-04-16,Jane Street Deal Expands CoreWeave AI Cloud Reach Into Trading Workloads
2026-04-16,A Young Investor Plans To Buy A Multifamily Property As A First Home. The Goal Is To Eventually Move Out And Replace Themselves As A Tenant
2026-04-16,"Inside India newsletter: Small towns are powering e-commerce's fastest-growing market, dominated by Amazon, Walmart unit"
2026-04-16,"The public sours on AI and data centers as Anthropic, OpenAI look to IPO and tech keeps spending"
2026-04-16,Zuck’s Chip Dreams are a Broadcom Goldmine
2026-04-16,"Edwards Lifesciences to Host Earnings Conference Call on April 23, 2026"
2026-04-16,Cramer says Broadcom is the real play in Meta’s chip partnership
2026-04-16,Meta to raise Quest VR headset prices in US on rising component costs
2026-04-16,"Entertainment AR and VR System on a Chip (SoC) Market Outlook, 2026-2030 & 2035 - Apple, Samsung Electronics, and Meta Platforms Lead the $3.8 Billion Industry"
2026-04-16,Oklo Rockets In Big News Week For Nuclear Energy Stocks
2026-04-16,Vance's Iran and Orbán setbacks raise questions about his standing with Trump
2026-04-16,CoreWeave Taps US Junk-Debt Market Again With AI Bond Reopening
2026-04-16,Nasdaq 100 Eyes Best 12-Day Run Since 2009 – Why 'FOMOOP' Is Driving This Rally
2026-04-16,29-year-old is scaling back her six-figure career to run a local bookstore with her husband: It's an 'intrinsic' part of the community
2026-04-16,Is CoreWeave (CRWV) The Best AI Stock in Brad Gerstner’s Portfolio?
2026-04-16,"Wall Street Hits New Records, Oil Surges On Hormuz Toll Drama: What's Moving Markets Thursday?"
2026-04-16,CoreWeave Just Locked In $21 Billion From Meta. Here’s Who Else Wins.
2026-04-16,'You're an idiot': Apollo's Marc Rowan has a word for lenders who can't meet private credit fund redemptions
2026-04-16,Jim Cramer Highlights Meta Talent Investment Paying Off
2026-04-16,"OpenAI Pushes Into Digital Ads, Setting Up New Competition with Alphabet (GOOGL) and Meta (META)"
2026-04-16,What Has Driven Marvell's 70% Rally?
2026-04-16,Meta raises Quest 3 and Quest 3S prices due to RAM shortage
2026-04-16,Nebius: Did Meta And Microsoft Buy Compute At Near-Zero Margin? (Rating Downgrade)
2026-04-16,Corning Stock Is Sliding Today: What's Behind The Drop?
2026-04-16,Meta hikes Quest headset prices in the US amid component supply strains
2026-04-16,"Jobless Claims, Philly Fed, PEP & TSM Outperform"
2026-04-16,"Want $1 Million in Retirement? This 1 AI Growth Stock Could Help Get You There From $25,000."
2026-04-17,Meta Platforms Taps AVGO for AI Expansion: Buy or Hold META Stock?
2026-04-17,Meta targets May 20 for first wave of layoffs; additional cuts later in 2026
2026-04-17,Jim Cramer Says “Broadcom Is the One That I Think You Need to Focus On”
2026-04-17,AMD Stock Is In Blue Sky Territory — Charts Say Don't Chase It
2026-04-17,"Meta plans to carry out first wave of companywide layoffs on May 20, sources say"
2026-04-17,AMD Stock Closes at All-Time High in Longest Winning Streak Since 2005
2026-04-17,European Action On WhatsApp AI Access Tests Meta’s Monetization Plans
2026-04-17,"Apple Marketing Chief for Watch, AirPods, Home and Health Retires"
2026-04-17,"Stocks making big moves yesterday: Blackstone, Microsoft, Roku, Zscaler, and Axon"
2026-04-17,China turns Taiwan's own voices against it in information war
2026-04-17,"CNBC Daily Open: A ceasefire, but no Strait talk"
2026-04-17,Reflecting On Productivity Software Stocks’ Q4 Earnings: Asana (NYSE:ASAN)
2026-04-17,"SOXX: Thesis Intact, Rally Still A Go, Maintain Buy"
2026-04-17,Why Apple's Refusal to Aggressively Build Out AI Compute Is Actually a Brilliant Move for Investors
2026-04-17,Zuckerberg Is Dangerously Close To Cracking Google's Money Machine
2026-04-17,Generate Investment Management Trims Alaska Air Group Position
2026-04-17,Economist Slams Musk's Universal High Income Plan To Combat AI Job Losses As Fiscally Reckless— 'He Is So Wrong..'
2026-04-17,"Down 90% Over the Past 5 Years (but Up More Than 30% in April Alone), Is Snap Stock Finally a Buy?"
2026-04-17,A Look At Unity Software (U) Valuation After Extended Meta VR Partnership
2026-04-17,Broadcom (AVGO) Is Up 13.1% After Expanded Meta AI Chip Partnership - What's Changed
2026-04-17,Oklo CEO Says Nuclear Powers Everything 'That's Cool In Space'
2026-04-17,The Biggest Roadblock Between the S&P and Another Record? Big Tech.
2026-04-17,Meta urges shareholders to vote against proposal regarding report on AI data usage oversight
2026-04-17,Top Bank Revamps CoreWeave Stock Price Target
2026-04-17,"Employment 'Apocalypse' Fears Are Overblown, Scale AI CEO Says"
2026-04-17,Generative AI Digest: AI Drawn Into Geopolitics
2026-04-17,"The Pre-Market Rundown: April 17, 2026"
2026-04-17,"Meta's May 20 layoffs expected to hit about 10% of total workforce, source says"
2026-04-17,Mizuho is bullish on this major AI chip stock
2026-04-17,"'Meta Plans To Carry Out First Wave Of Companywide Layoffs On May 20; Meta's May 20 Layoffs Expected To Hit About 10% Of Total Workforce; Meta Is Planning Additional Firm-Wide Cuts Later In 2026, Sources Say' - Reuters Exclusive"
2026-04-17,Goldman Sends Stark Message on Broadcom Stock After Meta Deal
2026-04-17,Truemed Partners with Meta to Enable HSA/ FSA Purchases of Rx AI Glasses
2026-04-17,"AMD: Riding The AI Wave, But Returns May Stall From Here"
2026-04-17,"Perspective: AI demand is inflated, and only Anthropic is being realistic"
2026-04-17,Qualcomm (QCOM) Makes A Strategic Bet That Could Matter More Than It Seems
2026-04-17,AI demand metrics are broken and only Anthropic is being realistic
2026-04-17,Aggressive Buying As Hormuz Strait Opens; Trump Says Inflation Is Fake
2026-04-17,Allbirds stock on track for 400% gain this week as shoemaker pivots to AI
2026-04-17,"Wall Street Roundup: Good News, Earnings News"
2026-04-17,Meta’s New AI Model Can Drive the Stock to Fresh Highs
2026-04-17,"CoreWeave Lands $6B Jane Street Deal, Strengthening Revenue Visibility"
2026-04-17,Nasdaq 100 Eyes Historic Daily Win Streak: When Could All-Time Record Be Broken?
2026-04-17,Brown Advisory Large-Cap Growth Strategy Q1 2026 Portfolio Review
2026-04-17,Microsoft: Not Like Meta In 2022
2026-04-17,"As Mark Zuckerberg Moves His Desk to the AI Lab to Double Down on Innovation, META Stock Lags the S&P 500. Should You Bet on a Turnaround?"
2026-04-17,Goldman Sachs resets Broadcom stock forecast
2026-04-17,Watch Out for Q2: Evercore Analyst Warns Ad Budget Cuts Could Mute Tech Earnings
2026-04-17,Parnassus Growth Equity Fund Q1 2026 Portfolio Activity
2026-04-17,Money secrets that can take you from debt to millionaire
2026-04-17,"I Ranked the ""Magnificent Seven"" Stocks From Best to Worst Buys Right Now"
2026-04-17,"AMD Eyes New Highs As Meta, OpenAI Fuel Massive 2026 Chip Surge"
2026-04-17,These 10 Stocks Rose Over 40% Since Trump's Ceasefire Claims: One Hasn't Done This Since 2005
2026-04-17,The AI Trade Is Back. The Same Old Problems Are Back Too.
2026-04-17,Stock futures tick higher after Trump says Iran war ‘should be ending pretty soon’
2026-04-17,"Big tech stocks are leading markets again after being oversold, says Karen Firestone"
2026-04-17,"Same AI Trade, Same Problems"
2026-04-17,"Reddit poised for strong quarterly ad momentum as advertisers boost spending, Jefferies says"
2026-04-18,Why This $59 Million MercadoLibre Buy Follows a 12% Stock Drop
2026-04-18,Jane Street Just Bought $1 Billion of CoreWeave Stock. Should You?
2026-04-18,"Sara-Bay Financial Makes Big Bet on MercadoLibre, Adds $12 Million Worth of Stock"
2026-04-18,Venture Capitalist Marc Andreessen: 'The Grand Unification Of AI And Crypto Is About To Happen'
2026-04-18,E-commerce giant shuts down office as layoffs rise
2026-04-18,Apple's Smart Glasses Could Launch in 2027. Here's Why Apple Could Succeed Where Others Have Failed.
2026-04-18,Nvidia Stock Slaughters Rivals AMD & Intel as the as Blackwell Ultra Racks ‘Lead the Market by Two Generations’
2026-04-18,What the Allbirds 'Hail Mary' says about the AI trade right now
2026-04-18,The Zuckerberg AI Clone Reveals a Brutal Truth About Your Job Security in 2026
2026-04-18,"Wall Street Bullish on Alphabet Inc. (GOOGL), But Stifel Lowered PT, Here’s Why"
2026-04-18,CoreWeave (CRWV) Price Target Raised to $156
2026-04-18,It's Morning Again In The Stock Market
2026-04-18,"Meta Plans Fresh Layoffs Starting May, AI Strategy in Focus"
2026-04-18,"Meta plans to slash roughly 8,000 jobs next month: report"
2026-04-18,'It's sad': The U.S.-UK 'special relationship' sours ahead of royal visit to Washington
2026-04-18,"This Week's Market Wrap: War Fades, Markets Rip, Fed Hopes Rise"
2026-04-18,How the SpaceX IPO could rewrite space investing
2026-04-18,Can Muse Spark Supercharge Meta Platforms (META)’s Ad Business?
2026-04-18,Allbirds stock gains 350% this week as shoemaker pivots to AI
2026-04-18,Stocks Hit Records on Iran Truce Hopes. Why the Rally May Have Further to Run.
2026-04-18,Will Broadcom-Meta Extended AI-Chip Partnership Fuel Tech ETFs?
2026-04-18,OpenAI loses multiple executives in latest leadership shakeup
2026-04-18,Meta's Earnings Report Is Coming Up. Is It Time to Buy the Growth Stock? - The Motley Fool
2026-04-18,Exclusive-Meta targets May 20 for first wave of layoffs; additional cuts later in 2026
2026-04-19,"This Is My Favorite ""Magnificent Seven"" Stock Headed Into Earnings"
2026-04-19,"Meta plans first wave of 8,000 layoffs on May 20"
2026-04-19,Option Traders Chasing Torrid Stock Rally Turn Focus to Earnings
2026-04-19,Alphabet Lost 10% in a Single Week Over Artificial Intelligence (AI) Spending Fears. Is This a Buying Opportunity or a Sign of Something Worse?
2026-04-19,The AI trade is fueling the market to record highs despite Iran war
2026-04-19,Big Tech’s $4 Trillion Boomerang Powers S&P 500 to New Heights
2026-04-19,What Does It Take To Be In The Top 5% Of Retirees? $1M Nest Egg May Already Put You Ahead Of The Pack
2026-04-19,The Trade Desk: Bottoming Signals Are Finally Flashing (Rating Upgrade)
2026-04-19,Top Wall Street analysts are bullish on these 3 stocks for the long haul
2026-04-19,SiIicon Valley's AI agent hiccups: Wasted tokens and 'chaotic' systems
2026-04-19,Meta Layoffs And AI Push Reframe Costs Margins And Valuation Story
2026-04-19,'Fix The Money': Michael Saylor Shares Endgame For Strategy's Bitcoin-Backed Credit Instruments
2026-04-19,Bank of America revamps AMD stock price target
2026-04-19,Broadcom (AVGO) Ranks Among Unrivaled Stocks of the Next 5 Years
2026-04-19,Meta Platforms (META) Expands AI Chip Deal with Broadcom
2026-04-19,Meta's Earnings Report Is Coming Up. Is It Time to Buy the Growth Stock?
2026-04-19,I Asked ChatGPT How the Stock Market Would Look If We Ignored the 7 Biggest Stocks
2026-04-19,Live near an AI data center? A new study warns one Virginia site could lead to premature deaths in the community
2026-04-19,The Trade Driving The S&P 500 Higher May Not Last
2026-04-19,"Are You a Rich Household? Here's The Income It Takes To Be Poor, Middle Class, Or Wealthy"
2026-04-20,Here’s How Apple (AAPL) Plans to Compete with Meta (META) In Smart Glasses
2026-04-20,Stock Market Today: S&P 500 Pulls Back From Records As Oil Jumps 6% On Hormuz Tensions
2026-04-20,"Exclusive: Tesla's HW3-Equipped Cars 'Legally Blind' In California By DMV Definition, Says Dan O'Dowd—Slams Elon Musk's 'Silicon Valley' Approach"
2026-04-20,$800 Billion AI Spending Drives Rally As Valuations Turn 'A Little Rich'
2026-04-20,Meta (META) Gets Analyst Approval After Record App Downloads
2026-04-20,The Nasdaq's 13-Day Run Meets Iran's Weekend Reversal
2026-04-20,How Meta’s AI Clone And SAIL Role Could Shape Future Earnings
2026-04-20,Alphabet vs. Meta: Better Mega Tech Stock To Own for 2026
2026-04-20,Meta and CBRE Announce LevelUp – a Multiyear Program to Recruit and Train Thousands of Technicians to Build Meta’s Data Centers in the U.S.
2026-04-20,"B of A Securities Maintains Buy on Meta Platforms, Lowers Price Target to $820"
2026-04-20,"Nvidia, Meta and Tesla Lead Tech Stocks Fall as U.S.-Iran Peace Hopes Collapse"
2026-04-20,Semiconductors Look Dangerously Overheated After Massive Run: Analyst
2026-04-20,Broadcom–Meta AI Deal Signals Shift To 'Contracted' Chip Growth—What It Means For ETFs
2026-04-20,CoreWeave: Hyper-Growth At Any Margin (Rating Downgrade)
2026-04-20,"The Meta-Broadcom AI Chip Deal: A Shift From Nvidia Dependence, Not Displacement"
2026-04-20,"Companies Are Spending Millions On Enterprise AI Tools, But Employees Are Boycotting Them, Study Finds"
2026-04-20,Wall Street Lunch: Jersey Mike's Eyes $1B IPO To Fuel Global Sandwich Spree
2026-04-20,"Meta layoffs to begin May 20, cutting 8,000 workers"
2026-04-20,"CBRE, Meta launch LevelUp to tackle data center trade skills gap"
2026-04-20,Marvell shares gain on report of deal talks with Google to develop two AI chips
2026-04-20,"Trade Strategy For SPY, QQQ, AAPL, MSFT, NVDA, GOOGL, META, And TSLA"
2026-04-20,Why Is Oklo Stock Sliding On Monday?
2026-04-20,"CBRE, Meta Create Training Program for Data Center Workers"
2026-04-20,Nebius's Significant Downside Exacerbated By AI Bubble Re-Inflation
2026-04-20,Jim Cramer's top 10 things to watch in the stock market Monday
2026-04-20,"Meta Platforms, CBRE Collaborate Over Multi-Year Program To Recruit, Train Fiber Technicians To Develop Meta Data Centers In U.S."
2026-04-20,AI Spending: The Biggest Gamble In U.S. History
2026-04-20,"FOMO Trumps Strait Closure, And Warsh's Logic For Rate Cuts"
2026-04-20,Ad Dollars And AI: Meta's Massive Infrastructure Bet Could Fuel 2026 Surge
2026-04-20,OpenAI loses 3 executives amid side project shutdowns
2026-04-20,This Stock Will Be More Profitable Than Amazon and Meta by 2027
2026-04-20,People Say Their Power Bills Are Spiking Even Though They Haven't Changed Their Habits. 'I'm Kicking Myself That I Didn't Get Solar Years Ago'
2026-04-20,Prediction: It's Not Too Late to Buy Broadcom Stock After Another Win for the Company
2026-04-20,"Despite the energy shock, AI arms race set to keep capex spending elevated: Strategist"
2026-04-20,"Google Teams Up With Marvell Technology To Build New AI Chips, Invests Heavily In TPU Strategy Amid Nvidia Dominance: Report"
2026-04-20,"Andrew Left Expresses Belief In The System As He Prepares To Go To Trial, Citron Founder Says Stock Manipulation Charges Are 'Bewildering'"
2026-04-20,Broadcom’s 140% Surge Shows XMAG Investors Get AI Exposure Without the Mag 7 Trap
2026-04-20,"CEOs should be 'ringing the fire alarm' on AI reorganization, Writer co-founder says"
2026-04-20,Is Broadcom (AVGO) The Best AI Chip Stock Pick of Motley Fool?
2026-04-20,Should You Buy Meta Platforms (META) Before Earnings?
2026-04-20,US Equity Indexes Decline as Fate of Iran Peace Talks Hangs in Balance
2026-04-20,BofA Trims Meta Platforms Price Target to $820 but Stays Bullish: Is Ad Spending Holding Up Better Than Feared?
2026-04-20,Truecaller Nomination Committee proposes Meta & Samsung Veteran Sandeep Bhushan as a Board member
2026-04-20,2 charts show why Magnificent 7 stocks are being loved again
2026-04-20,The Stocks Billionaires Can’t Stop Buying Right Now
2026-04-20,"Marvell–Google AI talks, Trump EO boosts psychedelic stocks"
2026-04-20,"When Will Meta Begin Layoffs? Report Outlines Details Of 8,000 Cuts Amid AI Focus"
2026-04-20,Should You Buy Meta Platforms (META) Before Earnings? - Yahoo Finance
2026-04-21,Apple names next CEO; Tim Cook to become chairman
2026-04-21,Meta Set To Surpass Google With $243 Billion In Ad Revenue
2026-04-21,Meta Platforms (META) Is Up 5.7% After AI-Focused Layoffs And Reorganization Plan - Has The Bull Case Changed?
2026-04-21,Tesla is last in the 'Magnificent 7' rally — and the first tech giant to report earnings: Chart of the Day
2026-04-21,"Meta plans large-scale job cuts beginning in May, says Reuters"
2026-04-21,Meta vs. Alphabet: One Just Handed Investors a 40% Return — The Other Is Still Stalling
2026-04-21,Marvell Gains on Report of Google AI Chip Talks
2026-04-21,"Snap Just Announced Major Layoffs: What Do 1,000 (16%) Job Cuts Mean for SNAP Stock?"
2026-04-21,"Ramit Sethi Tells Bill Ackman, 'Wealthy People Used To Build Libraries, Not Post 40,000-Word Incoherent Rants On Twitter.' Here's Why"
2026-04-21,"Tim Cook reactions: Trump, Altman, Buffett and more on the Apple CEO move"
2026-04-21,Top S&P500 movers in Monday's session
2026-04-21,The S&P’s New High Is Anything but Blah
2026-04-21,Jim Cramer talks key market drivers that are separate from the Iran war
2026-04-21,NVIDIA Mirrors Bitcoin Setup as Trump’s Tariff Refunds Hit
2026-04-21,"Memory Mania, Mag 7 Rebound, & More"
2026-04-21,Is Meta Platforms Stock a Bargain Buy?
2026-04-21,Celestica Inc. (CLS): One of the Best AI Data Center Stocks to Buy Right Now
2026-04-21,AI data center spending is booming. Jobs aren't. Here's why
2026-04-22,Meta Platforms (META) Earnings Expected to Grow: What to Know Ahead of Next Week's Release - Yahoo Finance
2026-04-22,ARM Stock Hits All-Time High: What's Really Driving Wednesday's Surge?
2026-04-22,UBS makes fresh call on Meta Platforms stock price - thestreet.com
2026-04-22,Is It Too Late To Consider Meta Platforms (META) After Its Strong Multi Year Run?
2026-04-22,Meta Platforms (META) Earnings Expected to Grow: What to Know Ahead of Next Week's Release
2026-04-22,UPDATE: Meta Introduces Live Chats on Threads
2026-04-22,Meta is introducing live chats on Threads
2026-04-22,Meta Stock in Focus -- Breaks Ground on $1 Billion AI Hub
2026-04-22,Meta Expands AI Push With New Data Center
2026-04-22,Market Cheers Ceasefire Oblivious To Iran Hardliners Winning Power Struggle
2026-04-22,Why Stifel Just Raised Its AMD Stock Price Target by 14%
2026-04-22,EXCLUSIVE: Ross Gerber Says Apple's New CEO Should Partner With This Tech Giant – 'It's A Perfect Matchup'
2026-04-22,Meta leverages employee activity to train its AI models
2026-04-22,"Google takes on Nvidia, announces 2 new AI chips"
2026-04-22,Google leans on custom chips as it pushes deeper into enterprise AI
2026-04-22,Should You Buy Meta Before April 29?
2026-04-22,"South Korea Social Commerce Market Report 2026 Featuring Facebook, TikTok, TMON, Zigbang, Wemakeprice - Insights into Evolving Consumer Behaviors and Spending Patterns"
2026-04-22,"Japan Social Commerce Market Report, Q1 2026 Update Featuring Facebook, YouTube, Line, Linktree, and Flip Fit - Shift from Live Selling to Discovery-Led Commerce"
2026-04-22,Order Flows Show Continued Strength In Technology and Semiconductor Sectors
2026-04-22,"EssilorLuxottica CFO Says April Revenue Trend Was Ballpark Aligned With First Quarter; Smartglasses Contribution To Q1 Revenue Growth Was Mid-Single-Digit At Constant Currencies; Middle East Accounts For Less Than 1% Of Revenue Base; We Don't See Inflationary Headwinds, Disruptions In Supply Chain From Middle East Situation"
2026-04-22,Meta made billions from scam Facebook and Instagram ads: lawsuit
2026-04-22,Shifting setups for growth and value
2026-04-22,Microsoft's LinkedIn names longtime exec Dan Shapero its new CEO
2026-04-22,Microsoft Higher Ahead Of Magnificent Seven Earnings; Is Microsoft A Buy Now?
2026-04-22,Google announces 2 AI chips as competition with Nvidia heats up
2026-04-22,Quantum Media Group Signs Strategic Partnership with New to The Street
2026-04-22,Netflix's next attempt at growth takes on TikTok and Instagram Reels
2026-04-22,"Benchmark Bullish on Broadcom (AVGO), Here’s What the Firm Thinks About Meta Deal"
2026-04-22,"As Blue Owl’s Strains Worsened, Its Bankers Pitched a Long Shot"
2026-04-22,"Ranking the ""Magnificent Seven"" From Most to Least Attractive, Based on Future Cash Flow"
2026-04-22,Broadcom agrees to support development of Meta’s next-generation AI chips
2026-04-22,Apple: The CEO Transition Is A Multiple Compression Catalyst
2026-04-22,"Hong Kong Life Celebrates Its 25th Anniversary Under the Theme ""Hong Kong Life 25 Years With You"" Launching a Series of Brand Campaigns and Exclusive Rewards"
2026-04-22,"Meta, Noon Energy partner on 100GWh energy storage deal"
2026-04-22,Bull of the Day: Broadcom (AVGO)
2026-04-23,4 Hot AI Stocks You May Not Have Heard Of: Should You Invest?
2026-04-23,Meta breaks ground on 28th US data center
2026-04-23,EssilorLuxottica sales slide as investors turn wary of AI glasses
2026-04-23,META Rides on AI-Optimized Data Centers: What Lies Ahead for the Stock?
2026-04-23,Amazon.com Inc. (AMZN) Gains Analyst Support on Strong AWS and AI Demand
2026-04-23,Meta slashes headcount by 10% to accelerate AI pivot
2026-04-23,Is Meta Platforms (META) Trading at an Attractive Price?
2026-04-23,Meta's latest AI move is raising questions among employees
2026-04-23,Microsoft ramps up AI push with record Australia investment
2026-04-23,'Meta Tells Staff It Will Cut 10% of Jobs in Push for Efficiency' - Bloomberg News
2026-04-23,Applied Digital signs $7.5 billion AI data center lease with US hyperscaler
2026-04-23,Meta Platforms (META) Gains Analyst Support on AI Engagement and Ad Strength
2026-04-23,Microsoft Offers Buyouts to About 7% of US Workers
2026-04-23,Taiwan Semiconductor Manufacturing Company (TSM) in Focus as Barclays Raises Target After Strong Earnings
2026-04-23,Broadcom (AVGO) and Meta Announce Multi-Year AI Infrastructure Partnership
2026-04-23,Tesla (TSLA) Gains Analyst Support as Robotaxi Opportunity Takes Shape
2026-04-23,Intel (INTC) Backed by HSBC as Server CPU Growth Drives Re-Rating
2026-04-23,Snowflake (SNOW) Seen as Long-Term Winner Despite Recent Stock Weakness
2026-04-23,"Marvell (MRVL) Gains Analyst Support on AWS Exposure, Optical Demand"
2026-04-23,Alphabet: 4 Key Themes On Why This Earnings Report Is Critical
2026-04-23,From the Manhattan Project to AI: Oklo Plans to Recycle Cold War Plutonium With Nvidia’s Help
2026-04-23,Astera Labs (ALAB) Initiated at Neutral Despite Strong AI Networking Growth Outlook
2026-04-23,"Amazon replaces Ring, Blink job titles with ‘builder’ roles"
2026-04-23,Stock Market Today: Dow Falls After Jobless Claims Surprise; Tesla Drops On Musk Comments (Live Coverage)
2026-04-23,"Oklo, Nvidia Team Up To Advance Nuclear-Powered AI Factories"
2026-04-23,Meta Tests AI Training Tool Using Employee Activity
2026-04-23,Why Oklo Stock Is Skyrocketing Today
2026-04-23,Live Chats Are Now on Threads: Will They Drive META's User Engagement?
2026-04-23,Baidu Inc. (BIDU) Gains Analyst Backing on AI Cloud Strength Despite Ad Weakness
2026-04-23,"SoundHound AI (SOUN) Expands Platform With LivePerson Deal, Analyst Maintains Buy Rating"
2026-04-23,"The $4,354 Breaking Point — Why a Single Medical Emergency Can Still Derail Most American Finances"
2026-04-23,"Trump Media has pivoted to crypto, financial services and nuclear fusion. Its stock keeps falling."
2026-04-23,SK Hynix’s Profit Surge Falls Short as ‘Supercycle’ Debate Rages
2026-04-23,Meta Faces New ESG Pressures As Board Shifts And Shares Screen Undervalued
2026-04-23,Mark Zuckerberg sends shocking message to Meta employees
2026-04-23,Microsoft bets big on AI in Australia with $18 billion investment
2026-04-23,Microsoft to invest $18 billion in Australia for AI push
2026-04-23,Allbirds Is Becoming 'NewBird AI' — Is This the Wildest Pivot Yet?
2026-04-23,Arista Networks Poised to Benefit from Google’s Virgo. The Stock Set a Record.
2026-04-23,"2 Dividend Plays, Taking Profits, And Dry Powder"
2026-04-23,This Is the Impact of AI on Meta Platforms (META) Core Advertising Business
2026-04-23,This Powerhouse AI Stock Just Became More Valuable Than Broadcom (Briefly) and Meta. Here's Why It's Still an Outstanding Buy.
2026-04-23,"Step aside Tesla, BYD: Japanese carmakers deepen their hold on India's auto market with hybrids"
2026-04-23,"Meta is tracking employee keystrokes on Google, LinkedIn, Wikipedia as part of AI training initiative"
2026-04-23,ARM Breaks Out Amid Leap from Licensing to In-House Silicon
2026-04-23,Mizuho Analysts Are Bullish on Custom Chips: Broadcom Could Have 87% Compound Annual Growth Rate Through 2028
2026-04-23,The Records Got the Headlines. Oil Is the Real Story.
2026-04-23,"The Pre-Market Rundown: April 23, 2026"
2026-04-23,Meta says DirecTV now streaming on Meta Quest
2026-04-23,"Meta Vs. Google: In The Age Of AI, The Ad Crown Is Up For Grabs"
2026-04-23,"Zacks Investment Ideas feature highlights ARM, Apple, NVIDIA and Meta"
2026-04-23,"Software stocks plunge on ServiceNow, IBM results as AI fears escalate"
2026-04-23,Why Are Unity Software Shares Sliding On Thursday?
2026-04-23,Oklo Partners With Nvidia to Fast-Track Nuclear Fuel. What It Means for the Stock.
2026-04-23,5 Downsides To The AI Revolution
2026-04-23,Apple's Leadership Change to Boost AI Integration? ETFs in Focus
2026-04-23,"Canada Social Commerce Market Report 2026 Featuring Instagram, YouTube, Facebook, Think Dirty, MILLIONS.CO, PopshopLive - TikTok and Canada Post Lead the Shift to Search-Led Social Shopping"
2026-04-23,Meta: Golden Buying Opportunity Before Earnings
2026-04-23,"Guggenheim Reiterates Buy on Meta Platforms, Maintains $850 Price Target"
2026-04-23,Focus Turns to Social Media Stress as Tech Giants Face Scrutiny
2026-04-23,"Josh Hawley Urges GOP To Stop Being 'Property Of Big Tech,' Reject Funding From Pro-AI Groups: 'There Will Be A Political Cost'"
2026-04-23,"Big Tech is spending $226,000 a day on lobbying Congress, advocacy group finds"
2026-04-23,Why Broadcom (AVGO) Stock Is Trading Up Today
2026-04-23,S&P futures decline following another record-setting day for benchmark
2026-04-23,Assessing Glacier Bancorp (GBCI) Valuation After Recent Share Price Momentum
2026-04-23,META Stock Quote Price and Forecast - CNN
2026-04-23,"Stock Market Today: SPY, QQQ Post Losses on U.S.-Iran Hormuz Standoff; AI Disruption Fears"
2026-04-23,"Barclays (DJP) launches Phoenix AutoCallable Notes linked to AAPL, META, BAC"
2026-04-23,Microsoft Targets About 7% of Its U.S. Workers With Buyout Offer
2026-04-23,"Is Arista Networks, Inc. (ANET) A Good Stock To Buy Now?"
2026-04-23,Aehr Test Systems: Small AI Stock Sees Record AI Hyperscaler Order
2026-04-23,Alibaba Group Holding Ltd Stock (BABA) Moved Down by 3.22% on Apr 23: Drivers Behind the Movement
2026-04-23,Why Arm Holdings Stock Has a Case for 190% Upside
2026-04-23,Oracle Corp Stock (ORCL) Opened Down by 4.54% on Apr 23: A Full Analysis
2026-04-23,Meta: Golden Buying Opportunity Before Earnings (NASDAQ:META) - Seeking Alpha
2026-04-24,"What Microsoft buyouts, Meta layoffs signal about Big Tech in AI age"
2026-04-24,Meta AI introduces parental supervision feature for teen accounts
2026-04-24,Zuckerberg cuts thousands of jobs to ‘offset’ AI spending spree
2026-04-24,Meta Stock Slides After Announcing 10% Job Cuts
2026-04-24,Microsoft and Meta announce sweeping layoffs as they spend big on AI
2026-04-24,Here's Why Meta Platforms (META) Fell More Than Broader Market
2026-04-24,Meta to lay off 10% of employees just days after announcing workplace tracking decision
2026-04-24,"Meta informs staff of layoffs affecting 8,000 employees amid AI push"
2026-04-24,2 of Wall Street’s Favorite Stocks to Target This Week and 1 We Brush Off
2026-04-24,Review & Preview: Earnings Storm
2026-04-24,Norway plans to ban social media use by children under 16
2026-04-24,"Oil extends gains, stocks sink as peace talk hopes fade"
2026-04-24,AMD: Agentic AI Era Needs More CPU Chips
2026-04-24,"Meta’s Biggest Layoff Since 2023 Lands in May, Hitting 8,000 Workers"
2026-04-24,"From Australia to Europe, countries move to curb children's social media access"
2026-04-24,China to curb US investment in tech companies after Meta deal - Bloomberg News
2026-04-24,Microsoft and Meta to cut thousands of jobs
2026-04-24,Singapore emerging as neutral ground as AI firms navigate Sino-US rivalry
2026-04-24,"Meta Will Lay Off 8,000 Employees as AI Focus Intensifies"
2026-04-24,"Meta axes 8,000 jobs to fund AI spending spree, Microsoft to follow suit"
2026-04-24,"Why Meta's Layoffs, as Unfortunate as They Are, May Be a Buy Signal for the Stock"
2026-04-24,Meta layoffs will hit 10% of workforce in big AI push
2026-04-24,Meta Stock Slides on Report of Memo Announcing 10% Job Cuts
2026-04-24,"Meta to cut 8,000 jobs in efficiency push amid AI spending surge"
2026-04-24,Meta To Cut 10% Of Its Workforce To Offset AI Spending. Stock Falls.
2026-04-24,Why Meta is laying off 10% of its workforce
2026-04-24,"Meta slashes 8,000 jobs, or 10% of its workforce, as Microsoft offers buyouts"
2026-04-24,Jim Cramer Spills The Beans on CoreWeave (CRWV) and Short Sellers
2026-04-24,Meta plans 10% layoffs as AI spending soars: source
2026-04-24,Jim Cramer Shares Why He’s a Fan of Meta (META) CEO Mark Zuckerberg
2026-04-24,"Meta to cut 8,000 jobs as it charges into AI"
2026-04-24,Meta plans to cut about 8K jobs amid ramped-up AI spending
2026-04-24,Meta to cut 10% of staff as it pours billions into AI
2026-04-24,Nasdaq Slides. Earnings Fail to Save the Day.
2026-04-24,Lumen Technologies to Participate in Upcoming Investor Conferences
2026-04-24,Meta set to layoff 10% of its staff as it pushes for AI
2026-04-24,"Records Undone: Oil, Iran, and an AI Identity Crisis Sink Wall Street"
2026-04-24,Meta Partners With AWS on Graviton Chips to Power Agentic AI
2026-04-24,Meta Signs Agreement With AWS to Power Agentic AI on AWS Graviton Chips
2026-04-24,Microsoft Sparks Shock Shift With 7% Workforce Buyouts as AI Spending Surges
2026-04-24,Meta Strikes a Deal With Amazon for AI Chips. What It Means for the Stocks.
2026-04-24,Is Intel The Next Nvidia As Agentic AI Increases CPU Demand; Oil Storage Crunch May Force Iran To Strike Deal
2026-04-24,"Amazon Goes Nuclear Again, Pours $1 billion in X-Energy"
2026-04-24,Meta signs Amazon Graviton CPU deal for agentic AI
2026-04-24,Amazon shares rise as Meta taps AWS Graviton for major AI expansion
2026-04-24,"Intel, Micron, AMD: 5 Dot-Com-Era Red Flags Just Reappeared In The Market"
2026-04-24,Meta to lay off 10% of workforce as AI investment increases
2026-04-24,"20,000 job cuts at Meta, Microsoft raise concern that AI-driven labor crisis is here"
2026-04-24,"Stock buybacks stay hot, while Big Tech beasts like Meta lay off workers en masse"
2026-04-24,"Risk of ‘significant upheaval’ in jobs market, Irish premier warns"
2026-04-24,TSMC Shares Hit Record High as Taiwan Unlocks Billions in Fund Flows
2026-04-24,"Nasdaq 100 Marks Fresh Records, Intel Jumps 23% On AI Chip Mania: Stock Market Today"
2026-04-24,Meta Agrees to Deploy Millions of Amazon AI Chips in Deal Worth Billions
2026-04-24,Amazon Stock Eyes Breakout On Meta AI Chip Deal
2026-04-24,"Oracle Cuts Super Micro Order, Shares Sink"
2026-04-24,Meta Goes All-In On Amazon's Beast Chips
2026-04-24,"Israel-Lebanon ceasefire, Microsoft's first-ever buyouts, Starbucks' loyalty program and more in Morning Squawk"
2026-04-24,Meta strikes deal with Amazon's cloud unit to use its CPU chips
2026-04-24,Amazon to provide Meta with hundreds of thousands of AWS AI chips in new deal
2026-04-24,Thousands of jobs to be cut at tech giants Meta and Microsoft
2026-04-24,China to Curb US Investment in Tech Companies After Meta Deal
2026-04-24,Layoffs Are Accelerating Again
2026-04-24,Nasdaq Futures Pop as Market Focuses on Big Tech Earnings Over Iran
2026-04-24,AI Did What Trump's Tariffs Didn't: Revive US Manufacturing
2026-04-24,What's Going On With Broadcom Stock Friday?
2026-04-24,Meta Layoffs Used to Boost the Stock. Why Markets Aren’t Buying It This Time.
2026-04-24,Q1 Earning Preview: Is Alphabet Overspending? A Painful Lesson From Meta And Intel
2026-04-24,These Magnificent Seven Companies Have Most Employees After Meta Cut
2026-04-24,"These Stocks Are Today’s Movers: Intel, AMD, Arm, SAP, Comfort Systems, and More"
2026-04-24,Meta to use Amazon Graviton chips to power AI services
2026-04-24,"In another wild turn for AI chips, Meta signs deal for millions of Amazon AI CPUs"
2026-04-24,"AI Chip Stock Tops Buy Point, As Deals With Silicon Valley Giants Drive Growth"
2026-04-24,Google's AI Reckoning: Can Gemini Turn Dominance Into Dollars?
2026-04-24,Oracle Corporation (ORCL): Can This Stock Join the Trillion Dollar Elite?
2026-04-24,BUZZ Investing: April Rebound Calms A March Washout
2026-04-24,Is IBM’s Q1 Beat A Classic Valuation Trap?
2026-04-24,Hoey Investments Inc. Decreases Stock Holdings in ARM Holdings PLC Sponsored ADR $ARM
2026-04-24,Broadcom's Death Cross Just Died After A 45% Stock Jump
2026-04-24,AMAZON COM INC : Receives a Buy rating from UBS
2026-04-24,"Analysts Have Conflicting Sentiments on These Communication Services Companies: Meta Platforms (META), AT&T (T) and Rogers Communication (RCI)"
2026-04-24,"Weekly news roundup: Tim Cook exits Apple, Meta layoffs intensify and Anthropic investigates Claude"
2026-04-24,"Capital One customers seek class certification over data disclosure to Meta, Google"
2026-04-24,Arm Holdings PLC Stock (ARM) Moved Up by 8.84% on Apr 24: A Full Analysis
2026-04-24,Is It Time To Reassess S&P Global (SPGI) After Recent Share Price Weakness?
2026-04-24,9 Best Performance Platforms for Ad Spend Optimization in 2026
2026-04-24,Corning Inc Stock (GLW) Moved Up by 3.64% on Apr 24: Key Drivers Unveiled
2026-04-24,Corning stock hits all-time high at 176.82 USD
2026-04-24,GLW Stock Before Q1 Earnings: Is it a Smart Buy or Risky Move?
2026-04-24,"Chicago Capital Doubles Down on PROCEPT BioRobotics, Adds $27 Million in Stock"
2026-04-24,ARM Stock Surges As AGI CPU Fuels Bold $25B AI Push
2026-04-24,Amazon.com Inc Stock (AMZN) Moved Up by 3.03% on Apr 24: Facts Behind the Movement
2026-04-24,Meta Platforms Inc Stock (META) Moved Up by 3.05% on Apr 24: What Signal Does It Send?
2026-04-24,AMD Stock Jumps as Intel’s AI CPU Boom Puts $500 Billion in Sight
2026-04-24,"Tennant (TNC): Buy, Sell, or Hold Post Q4 Earnings?"
2026-04-24,Advanced Micro Devices (AMD): Why This Stock Could Break Trillion Dollar Market Cap
2026-04-24,"Direxion Daily AI and Big Data Bull 2X (AIBU) Stock Price, Holdings, Dividend Yield"
2026-04-24,TD Cowen resets Meta stock price target ahead of earnings
2026-04-24,Palo Alto Networks Inc Stock (PANW) Moved Up by 3.06% on Apr 24: Facts Behind the Movement
2026-04-24,Morgan Stanley Upgrades Harmony Gold (HMY) to Overweight
2026-04-24,"ZipRecruiter (ZIP) 2026 proxy details director elections, auditor and executive pay vote"
2026-04-24,ARM Stock Jumps As AGI Chip Ambitions Redraw AI Roadmap
2026-04-24,META Builds Advanced Tools for Creators: Can They Drive Revenues?
2026-04-24,Amazon Expands AI Chip Reach And Deepens Healthcare Push With GLP‑1 Program
2026-04-24,"Amazon, Meta, Microsoft, Salesforce, and Stripe Join the Universal Commerce Protocol Tech Council"
2026-04-24,Does Lumentum Still Have Gas In Its Tank After A Massive Run?
2026-04-24,Amazon Stock Rallies To Record High On Meta AI Chip Deal
2026-04-24,Two Markets In One—Chips And Oil Are Fighting
2026-04-24,Billionaire Stanley Druckenmiller Sells Meta and Buys These 2 Other Magnificent AI Stocks Instead
2026-04-24,"Arista Networks, Inc. (ANET): The Next Trillion-Dollar Breakout?"
2026-04-24,Intel stock jumps after earnings and outlook top expectations on AI boom
2026-04-24,"Apple Stock, Back In Growth Mode, In Earnings Spotlight With Google, Meta, Amazon"
2026-04-24,Meta faces new pressure as states push social media restrictions
2026-04-24,Amazon agentic CPUs gain traction as Meta taps Graviton to run AI agents
2026-04-24,Amazon Gains as Meta Expands AI Partnership Using AWS Graviton
2026-04-24,Cisco Systems (CSCO): Can It Hit Trillion Dollar Milestone?
2026-04-24,Top Midday Stories: Intel Shares Soar After Q1 Beat; Meta to use AWS Graviton Cores
2026-04-24,"Meta Platforms, Inc. (META): Bill Ackman Opens New Position"
2026-04-24,Are large layoff announcements a sign of something bigger?
2026-04-24,3Fourteen Ventures' Warren Pies gives his take on another record market close
2026-04-24,Barclays (DJP) launches Trigger Autocallable notes tied to AMZN/GOOG/META
2026-04-24,Corning Incorporated Just Opened a Financing Door After Its AI Stock Surge
2026-04-24,Meta to deploy Amazon’s Graviton chips in expanded multiyear AWS agreement
2026-04-24,"Nvidia stock closes at record, pushing market cap past $5 trillion"
2026-04-24,Advanced Micro Devices (AMD): The Best Fast Growth Stock to Invest In Now
2026-04-24,"Tired Of Being Homeowners, They Want To Sell Their House 'To Move West' And Rent An Apartment Closer To Outdoor Activities. A Dumb Decision?"
2026-04-24,Nebius Q1 Preview: The Market Is Saying This Is An Outlier Among Outliers
2026-04-24,Meta Expands AWS Partnership as Agentic AI Push Drives New Compute Demand
2026-04-24,Apple Got the CEO It Wants. The Stock Gets the One It Needs.
2026-04-24,Crypto latest: Michael Saylor says crypto 'winter' is 'over'
2026-04-24,Unity Software (U) Faces AI Challenges Despite Powering Meta’s Virtual Reality
2026-04-24,Meta signs multibillion-dollar deal for Amazon Graviton AI chips
2026-04-24,Nasdaq Composite Rises on Cautious Optimism on Tech Tailwinds but Iran Tensions Loom
2026-04-25,Leonardo DRS Stock Plummets -16% With 8-Day Losing Streak
2026-04-25,Jim Cramer on Arm Holdings: “I Think Rene’s Going to Do a Great Job”
2026-04-25,LCI Industries Merger Talks With Patrick And What Valuation Signals Suggest
2026-04-25,Trump disclosures show $51M+ invested in bonds in March
2026-04-25,"Trump bought at least $51 million in bonds in March, disclosure shows"
2026-04-25,Google Bets $40 Billion on Rival Anthropic. Just Because Ad Revenue Trails Meta?
2026-04-25,Nutex Health or HCA Healthcare: Which Stock Has More Upside?
2026-04-25,Sector Update: Tech Stocks Gain Friday Afternoon
2026-04-25,How Will Ecolab Stock React To Its Upcoming Earnings?
2026-04-25,How Will Waste Management Stock React To Its Upcoming Earnings?
2026-04-25,"Nvidia Tops $5 Trillion Market Cap As AI Boom Lifts Intel, AMD And Chip Stocks: 'Own It, Don't Trade It,' Says Jim Cramer"
2026-04-25,"The Look Ahead: April 24, 2026"
2026-04-25,Mag 7 Earnings Take the Spotlight: What to Expect
2026-04-25,"Elon Musk vs. Sam Altman, Mag 7 earnings, Fed meeting: What to Watch"
2026-04-25,"Stock Market Today, April 24: S&P 500 and Nasdaq Set New Highs on Tech Surge"
2026-04-25,Meta’s loss is Thinking Machines’ gain
2026-04-25,"Dow Jones Futures: Apple, Amazon, Google Lead Earnings Wave For AI-Led Stock Market"
2026-04-25,3 Stocks Under $10 We Think Twice About
2026-04-25,Beijing Bans Its Tech Companies From Accepting American Investment
2026-04-25,"Meta Layoffs: Is the Facebook Parent Getting Ready for Another ""Year of Efficiency""?"
2026-04-25,"This market is a beast if you own any data center stocks, says Jim Cramer"
2026-04-25,Cramer looks ahead to next week's big tech earnings
2026-04-25,"Whether It's 'Disruption' or 'Renormalization,' AI Is Killing Tech Jobs—And It's Not Done Yet"
2026-04-25,"Meta, Microsoft Cuts Could Hit 23,000 Jobs"
2026-04-25,Is AppLovin Corporation (APP) A Good Stock To Buy Now?
2026-04-25,This Stock Is My Biggest Bet Right Now
2026-04-25,"The Week Ahead: April 24, 2026"
2026-04-25,"Meta Platforms May Disclose More Job Cuts as AI Integration Ramps Up, Wedbush Says"
2026-04-25,Meta Platforms Signs Multiyear AI Chip Deal With Amazon
2026-04-25,"Stock Market Today: Nasdaq, S&P 500 Rise As Intel Surges; Nvidia Soars (Live Coverage)"
2026-04-25,"'We Will Have More Agents Than Human Employees,' Coinbase CEO Brian Armstrong Says As The Company Tests Al Agents In Work Communication Channels"
2026-04-25,Here's How Much You Would Have Made Owning Meta Platforms Stock In The Last 5 Years
2026-04-25,Did Vistra’s (VST) Meta Nuclear Deal and Pelosi Options Move Just Shift Its Investment Narrative?
2026-04-25,Meta’s AWS Graviton5 Bet Rewrites AI Costs And Supplier Balance
2026-04-25,Microsoft And Meta Earnings Previews
2026-04-25,Gary Vaynerchuk Says 'Every Brand On Earth' Should Be Doing This— Or Risk Wasting 93 Cents Of Every Marketing Dollar Spent
2026-04-25,Dave Ramsey Says Most People Will Not Save Money Even After They Get A Raise Or Pay Off Their Car. Here's Why
2026-04-25,Chicago Capital Slashes Its Alkami Technology Position by 1.6 Million Shares
2026-04-25,"Meta Platforms Will Close 6,000 Open Positions in Addition to Major Layoffs as META Stock Investors Worry That AI Spend Is Just Too Much"
2026-04-25,"Shashi Tripathi, IIT Summit Chairman: Fortt Knox Innovation Lab"
2026-04-25,"Tech Heavyweights To Report Next Week, Fed Rate Decision Also In Focus"
2026-04-25,"Stock Market Week Ahead: Hyperscaler Blitz, Federal Reserve Transition"
2026-04-25,AI talent war: Software industry is a new target as top executives jump ship to OpenAI
2026-04-25,Wall Street is getting bullish on neoclouds. These stocks hold more risk than other AI plays
2026-04-25,"Meet the Biggest Threat to Nvidia in AI Chips. It's Not AMD, Intel, or Broadcom."
2026-04-26,How to Sell a Business Without a Broker: New Course Helps Owners Keep More of Their Money
2026-04-26,The $720 Billion Capex Trap: 2 Artificial Intelligence (AI) Hyperscalers Spending on Growth While the Rest Spend on Maintenance
2026-04-26,"Ex-Stepdad Gets $135K 401(k) But Pushes For 27-Year-Old's $419K Inheritance Too — Dave Ramsey Says, 'You Do Not Owe This Guy A Dime'"
2026-04-26,Why Amazon (AMZN) Stock Is Trading Up Today
2026-04-26,Why Meta (META) Stock Is Up Today
2026-04-26,"Dow Jones Futures: Iran Talks Shelved; Apple, Amazon, Google Lead Earnings Wave"
2026-04-26,"Dow Jones Futures: Iran Talks Off; Apple, Amazon, Google Lead Earnings Wave"
