title,date,stock
Algerian Gov't.-Owned Sonatrach CEO Amine Mazouzi Says Sees Signing Shale Gas Development Deal With ExxonMobil By End Of 2018,2018-06-27,XOM
Caution Remains On Wall Street Even As Concern Eases On Foreign Investment,2018-06-27,XOM
Energy ETFs: A Credible Value Destination,2018-06-29,XOM
ExxonMobil Hires Crude Trader Michael Huang in Singapore for China Oil Sales,2018-07-02,XOM
"Energy Sector Outlook: Economic Growth, OPEC And Geopolitical Tensions",2018-07-09,XOM
Rising Prices Are Heating Up The Summer Energy Trade,2018-07-09,XOM
ExxonMobil Announces Rovuma LNG Phase 1 Development Plan Submitted to Government of Mozambique,2018-07-09,XOM
Investor Movement Index June Summary,2018-07-10,XOM
TD Ameritrade Traders Adopt Some Old And New Approaches To The Trade War Market In June's IMX,2018-07-10,XOM
"Barclays Maintains Underweight on Exxon Mobil, Raises Price Target to $87",2018-07-11,XOM
PreMarket Prep Opening NYSE Imbalance Update: ExxonMobil 55k Shares To Sell; Pfizer 50k To Sell; Merck 26k To Sell; Coca-Cola 54k To Sell; Johnson & Johnson 54k To Sell; Ford 103k To Sell; Kroger 90k To Sell,2018-07-16,XOM
Earnings Preview: Legacy Tech Giant IBM To Report After Wednesday's Close,2018-07-17,XOM
"Upcoming Earnings: GE Reports Friday Morning, Turnaround And Restructuring Rolls On",2018-07-19,XOM
Energetic Trades For Energy Earnings,2018-07-20,XOM
Upcoming Earnings: Alphabet's $5 Billion Fine to Weigh on Results,2018-07-23,XOM
"The Week Ahead: FANG Earnings Continue, Fox Vote On Disney Deal, More IPOs",2018-07-23,XOM
ExxonMobil Increases Estimate for Guyana's Stabroek Block to 4B Barrels,2018-07-23,XOM
"Earnings Preview: Boeing, GM And Ford To Report Q2 Earnings This Week",2018-07-24,XOM
Food And Beverage Earnings: Reports Coming Up From Coca-Cola And McDonald's,2018-07-24,XOM
"ExxonMobil Starts Up New Ethane Cracker in Baytown, Texas To SUpply Co.'s Expanded Plastics Plant In Mont Belvieu With $1.5M Ton/Year Cracker",2018-07-26,XOM
"Intel Earnings Preview: High Expectations, Still No CEO",2018-07-26,XOM
Upcoming Earnings: Oil Supermajors Chevron And ExxonMobil To Report Friday Morning,2018-07-26,XOM
Exxon Mobil's Q2 Earnings Outlook,2018-07-26,XOM
"Earnings Scheduled For July 27, 2018",2018-07-27,XOM
"12 Stocks To Watch For July 27, 2018",2018-07-27,XOM
ExxonMobil Q2 EPS $0.92 vs $1.09 In Q1,2018-07-27,XOM
Exxon Mobil Q2 Sales $73.501B Beat $72.58B Estimate,2018-07-27,XOM
Economic Growth Hits Best Level Since 2014 As Earnings Season Keeps Rolling,2018-07-27,XOM
ExxonMobil Shares Volatile Amid Report SEC's Accounting Probe Has Ended With No Action,2018-08-03,XOM
Investor Movement Index July Summary,2018-08-07,XOM
The Highs And Lows Of Earnings Season Dominate July's IMX Results,2018-08-07,XOM
ExxonMobil Joins Apache and Subsidiaries of Kinder Morgan and Blackstone In Permian Highway Pipeline Project,2018-08-09,XOM
"Stocks Which Will Trade Ex Dividend On Fri., Aug. 10, 2018",2018-08-09,XOM
"Stocks Trading Ex Dividend For Fri., Aug. 10, 2018",2018-08-10,XOM
"Barron's Picks And Pans: AT&T, Starbucks, State Street, Verizon And More",2018-08-19,XOM
"ExxonMobil Reports On Small Leak At Its Rotterdam Oil Refinery, Says Operations Have Been Disrupted",2018-08-24,XOM
UPDATE: Exxon Says 'There is potential for additional production from significant undrilled targets and plans for rapid exploration and appraisal drilling.',2018-08-30,XOM
ExxonMobil Reports Made Its Ninth Discovery Offshore Guyana At Hammerhead-1 Well,2018-08-30,XOM
"UPDATE: Exxon Says Hammerhead-1 Encountered ~197 Feet Of High-Quality, Oil-Bearing Sandstone Reservoir",2018-08-30,XOM
PreMarket Prep Opening NYSE Imbalance Update: Ford 433k Shares To Sell; General Electric 167k To Sell; Bank Of America 143 To Sell; ExxonMobil 119k To Sell; Salesforce 81k To Sell; Square 22k To Buy; Wells Fargo 58k To Sell,2018-08-30,XOM
Exxon Mobil Has Evacuated Offshore Personnel and is Performing a Controlled Shut-Down of Mobile Bay Facilities Due To Tropical Storm Gordon,2018-09-04,XOM
ExxonMobil Signs Framework Agreement for Proposed Chemical Complex in China,2018-09-06,XOM
"Chinese Officials, Exxon Mobil Discussed $10B Investment In China's Guangdong Province -Chinese State TV",2018-09-07,XOM
"Berenberg Initiates Coverage On Exxon Mobil with Hold Rating, Announces $84 Price Target",2018-09-11,XOM
Plains All American's Partial Divesture Of BridgeTex Turns BofA Bullish,2018-09-11,XOM
5 Stocks In Bullish Trends Right Now,2018-09-20,XOM
ExxonMobil Starts New Unit To Increase Ultra-Low Sulfur Fuels Production,2018-09-26,XOM
ExxonMobil Wins Additional Acreage In Brazil's 5th Pre-Salt Bid Round,2018-09-28,XOM
Exxon Mobil Is Exploring Sale Of US Gulf Of Mexico Assets,2018-10-02,XOM
The 'New NAFTA' Creates Certainty For Oil & Gas Investors,2018-10-04,XOM
5 Stocks To Have On Your Radar Next Week,2018-10-05,XOM
"Costco, Kohl's, Exxon And XLE: 'Halftime Report' Final Trades For October 4",2018-10-05,XOM
Macro News Motivates Investor Moves In September's IMX Report,2018-10-09,XOM
Investor Movement Index September Summary,2018-10-09,XOM
"This Week In The Oil Market: Stocks Drag Down Oil, Hurricane Michael Triggers Shutdowns",2018-10-12,XOM
Russia in Talks with Exxon Regarding New Projects,2018-10-19,XOM
TechnipFMC Awarded Subsea Contract for ExxonMobil Liza Phase 2 Project; Financial Terms Not Disclosed,2018-10-23,XOM
"Interfax Says Exxon, Other Members Of Sakhalin 1 Oil Field Project Will Pay Tax Of 35% Of Profit",2018-10-23,XOM
NY Attorney General Underwood Files Lawsuit Against Exxon Mobil For 'Defrauding' Investors Regarding Financial Risk The Company Faces From Climate Change Regulations,2018-10-24,XOM
New York AG Accuses Exxon Mobil Of Defrauding Investors Over Climate Change Policies,2018-10-24,XOM
"Correction And Bounce: SPX Off 10% From Highs Intraday As Weak Earnings, Outlooks Crush Stocks",2018-10-29,XOM
"These Are The Biggest Stocks Reporting Earnings This Week, And Their Recent Track Records",2018-10-29,XOM
"Benzinga's Week Ahead: Can Facebook, Apple Earnings Rescue The Stock Market?",2018-10-29,XOM
How The Market's Volatility Is Shaking Out In Leveraged ETFs,2018-10-30,XOM
Global Shipping Industry Loses Latest Pitch To Hold Off Switch To Low-Sulfur Fuel,2018-10-31,XOM
ExxonMobil Starts New Unit At Antwerp Refinery To Produce High-Value Transportation Fuels,2018-10-31,XOM
"After Q2 Earnings Misses, ExxonMobil And Chevron Look To Avoid the Same In Q3",2018-11-01,XOM
"12 Stocks To Watch For November 2, 2018",2018-11-02,XOM
Exxon Mobil Capital Spending Of $6.2B In Q3 Puts Co. On Pace To Reach $24B This Year,2018-11-02,XOM
Exxon Mobil Corporation Q3 EPS $1.46 Beats $1.26 Estimate,2018-11-02,XOM
"Earnings Scheduled For November 2, 2018",2018-11-02,XOM
"Tug-of-War: Solid Jobs Report, China Trade Talks Lift Market, But AAPL Disappoints",2018-11-02,XOM
Why Apple Will Likely Remain Sole Member Of $1 Trillion Club For A While,2018-11-04,XOM
"Chief Executives From Abu Dhabi's ADNOC And Exxon Mobil Met To 'Explore The Horizon' Of Long-Term Partnership Between Companies, According To ADNOC Tweet",2018-11-05,XOM
Long Wait Is Over: Election Day Dawns With Markets Under Light Pressure,2018-11-06,XOM
Investor Movement Index October Summary,2018-11-06,XOM
"IMX Dips In October, But Investors Remain Bullish",2018-11-06,XOM
"Stocks That Will Trade Ex Dividend Fri., Nov. 9th, 2018",2018-11-08,XOM
"The Election's Impact On Energy, Fracking",2018-11-08,XOM
"Stocks Trading Ex Dividend For Fri. Nov. 9, 2018",2018-11-09,XOM
"Barron's Picks And Pans: Apple, Amgen, TreeHouse Foods And More",2018-11-17,XOM
"Consortium of 17 U.S. Shale Companies Pledges $100M to Offset Impact of Issues Related to Shale Boom on Texas, New Mexico",2018-11-18,XOM
"After A Drubbing, Energy Stocks Remain Inexpensive",2018-11-19,XOM
"Exxon Mobil Is The Wrong Play For An Oil Rally, Raymond James Says In Downgrade",2018-11-20,XOM
Raymond James Downgrades Exxon Mobil to Underperform,2018-11-20,XOM
Wolfe Research Upgrades Exxon Mobil to Outperform,2018-11-26,XOM
This Day In Market History: Exxon-Mobil Merger Creates Largest Company In The World,2018-11-30,XOM
TransAlaska Pipeline Has Been Shutdown As A Precaution Following Earthquake In Alaska,2018-11-30,XOM
ExxonMobil Raises Estimate For Resources In Stabroek Block To 5B+ Oil-Equivalent Barrels,2018-12-03,XOM
Exxon Seeks Sale of 6.8% Stake in Azeri Oil Field,2018-12-04,XOM
Cushing Enters ETF Space With MLP-Related Sector Funds,2018-12-07,XOM
Raymond James: Higher Oil Prices Are Bad News For Exxon Investors,2018-12-11,XOM
"Bulls & Bears Of The Week: Apple, AT&T, Exxon, Starbucks And More",2018-12-16,XOM
"In Letter To US Environmental Protection Agency, Exxon Mobil Says Opposes Weakening Obama-Era Methane Rules, Wants EPA To Maintain 'Key Elements' Of Underlying Regulation",2018-12-18,XOM
ExxonMobil Secured A US Hardship Waiver From Biofuel Laws,2018-12-19,XOM
"Societe Generale Maintains Buy on Exxon Mobil, Lowers Price Target to $84",2018-12-19,XOM
"Day After: Still Digesting Big Sell-Off After Rate Decision, Awaiting Nike Earnings",2018-12-20,XOM
"Iraq's Oil Minister Says ExxonMobil, CNPC Meeting With Oil Ministry Team To Discuss Proposals Made By Iraqi Oil Ministry Over Energy Project In South",2018-12-26,XOM
Bank of America's Favorite Stock Ideas For 2019,2018-12-27,XOM
Mike Khouw Sees Unusual Options Activity In Exxon Mobil,2018-12-28,XOM
Hearing Venezuelan President Maduro Says Country's Armed Forces Will Defend Its Territory 'At Any Cost' And Won't Accept Exxon Mobil Corp Sending Oil Exploration Vessels Into Venezuelan Seas,2018-12-28,XOM
Robert Kricheff Discusses Changing Valuation Models In New Book 'That Doesn't Work Anymore',2019-01-04,XOM
"Barron's Picks And Pans: Apple, Exxon, Morgan Stanley And More",2019-01-06,XOM
"Jim Cramer Gives His Opinion On Barrick Gold, Exxon, Nike And More",2019-01-16,XOM
How To Approach Q4 Earnings: The Corporate Perspective,2019-01-16,XOM
"ExxonMobil, Renewable Energy Group Partner with Clariant to Advance Cellulosic Biofuel Research",2019-01-23,XOM
ExxonMobil Reports Will Proceed With New Crude Unit As Part Of Beaumont Refinery Expansion,2019-01-29,XOM
"ExxonMobil And Joint Venture Partners, PetroVietnam And PetroVietnam Exploration Production Corporation, Announce Expansion OF Vietnam Plans",2019-01-30,XOM
"ExxonMobil, Plains All American, Lotus Midstream Report Will Proceed With Wink To Webster Pipeline",2019-01-30,XOM
Exxon Mobil Q4 Earnings Preview,2019-01-31,XOM
How To Approach Q4 Earnings: The Analyst Perspective,2019-01-31,XOM
TechnipFMC Awarded a Large Contract for ExxonMobil Refinery Expansion Project in the USA,2019-01-31,XOM
ConocoPhillips To Sell Its Stake In The Texas Golden Pass Liquefied Nat Gas Facility,2019-02-01,XOM
"Earnings Scheduled For February 1, 2019",2019-02-01,XOM
"12 Stocks To Watch For February 1, 2019",2019-02-01,XOM
"Qatar, ExxonMobil To Proceed With $10B Golden Pass Liquefied Nat Gas Export Project In Texas",2019-02-01,XOM
Exxon Mobil Q4 EPS $1.41 Beats $1.17 Estimate,2019-02-01,XOM
Exxon Mobile shares are trading higher after the company reported Q4 EPS of $1.41 versus the $1.17 analyst estimate.,2019-02-01,XOM
Exxon Mobil CEO Darren Woods Says Anticipates An Economic Growth Slowdown,2019-02-01,XOM
35 Stocks Moving In Friday's Pre-Market Session,2019-02-01,XOM
Mid-Morning Market Update: Markets Rise; Exxon Mobil Earnings Top Estimates,2019-02-01,XOM
"Jobs Report Beats Expectations, Adding To Week Of Market-Boosting Economic News",2019-02-01,XOM
Mixed Signals From Payrolls Data Helps Put The Brakes On Market Momentum,2019-02-01,XOM
Mid-Afternoon Market Update: Crude Oil Up Over 2%; Celestica Shares Fall On Earnings Miss,2019-02-01,XOM
Mid-Day Market Update: Digi International Jumps Following Upbeat Earnings; Vedanta Shares Plunge,2019-02-01,XOM
The FreightWaves Oil Report: Sorting Out What The Venezuela Sanctions Mean For The Market,2019-02-04,XOM
Best Sector ETFs For February: Let's Get Cyclical,2019-02-04,XOM
"ConocoPhillips 'Exhibiting Capital Discipline,' Goldman Sachs Says In Upgrade",2019-02-04,XOM
"Highlight Reel Looks Light: Alphabet Reporting Later, But Early Action A Bit Slow",2019-02-04,XOM
"Port Report: Refiner Inaction Seen Ahead Of IMO 2020, But Some Planning For New Fuel Rules",2019-02-04,XOM
ExxonMobil Highlights 2 New Discoveries Offshore Guyana,2019-02-06,XOM
Exxon Beaumont Is Said To Shut Larger Crude Unit After Leak,2019-02-07,XOM
"Hearing CalPERS Reduced Holdings In Apple, Amazon, Microsoft, Exxon Mobil, JP Morgan, Facebook And NVIDIA In Q4",2019-02-08,XOM
Inexpensive Stocks Found In This Sector,2019-02-11,XOM
"Macquarie Upgrades Exxon Mobil to Outperform, Announces $83 Target",2019-02-14,XOM
"Benzinga's Top Upgrades, Downgrades For February 14, 2019",2019-02-14,XOM
ExxonMobil Announces Partnership With Microsoft For Its Permian Basin Operations,2019-02-22,XOM
"New York State Comptroller Disclosed A Resolution Asking ExxonMobil To Disclose Short-, Medium-, Long-Range Targets For Greehouse Gas Emissions",2019-02-25,XOM
"Exxonmobil Adds 4.5 Billion Barrels To Reserves; Exxonmobil Proved Reserves Totaled 24.3B Oil-Equivalent Barrels At Year-End 2018, Reserves Life At Current Production Rates Is 17 Years",2019-02-26,XOM
Exxon Adds Veteran Oil Traders In Houston As It Bulks Up Trading,2019-02-27,XOM
ExxonMobil Reports Will Expand Polypropylene Capacity Production Unit In Baton Rouge To 450K Tons/Year,2019-03-01,XOM
Best Sector ETFs For March: Last Year's Laggards Have Their Day,2019-03-03,XOM
"ExxonMobil to Increase, Accelerate Permian Output To 1M Barrels/Day By 2024",2019-03-05,XOM
Exxon Mobil Sees Total Earnings Potential Of $25.1B In 2020,2019-03-06,XOM
Exxonmobil Sees Earnings Growth By More Than $4B From 2019 To 2020,2019-03-06,XOM
"ExxonMobil Updates Growth Plans, Announces Guidance; Co. Expects $60B Annual Cash Flow From Operations In 2025",2019-03-06,XOM
"As Oil Gains On Sanctions, OPEC Cuts, Stocks Continue Looking For A Catalyst",2019-03-07,XOM
Going Gaga For Gushers: Oil Producers Set To Boost Permian Basin Production,2019-03-07,XOM
"Benzinga's Top Upgrades, Downgrades For March 8, 2019",2019-03-08,XOM
Cowen & Co. Downgrades Exxon Mobil to Market Perform,2019-03-08,XOM
Shares of several oil and gas companies are trading lower after the Norwegian government announced that its $1 trillion sovereign wealth fund would start to divest its 134 oil and gas positions.,2019-03-08,XOM
"Boeing Dragging Down DJIA, But Signs Of Positive Action Elsewhere On Data, China",2019-03-11,XOM
"Exxon Mobil Expresses Interest In Bidding In Israel'S Coming Auction Of Offshore Natural Gas Blocks; Co. Met With Israeli Energy Minister At Ceraweek Conference In Houston, Visited Auction Data Center In Jerusalem In Recent Weeks",2019-03-13,XOM
Fire Reported At Petrochemicals Plant Near Deer Park,2019-03-18,XOM
PreMarket Prep Opening NYSE Imbalance Update: Walmart 113k Shares To Sell; ExxonMobil 60k To Sell; Chevron 41k To Sell; P&G 40k To Sell; Coca-Cola 52; Morgan Stanley 40k To Sell; Alibaba 49k To Sell; Disney 100k To Buy; General Electric 83k To Sell,2019-03-20,XOM
Anadarko Says Mozambique Liquefied Nat-gas Project Will Need ~16 LNG Tankers,2019-03-21,XOM
Supply Chain Business Accelerator Plays To Win,2019-03-26,XOM
Best Sector ETFs For April: Trying Avoid April Showers,2019-04-01,XOM
Morgan Stanley Initiates Coverage On Exxon Mobil with Equal-Weight Rating,2019-04-01,XOM
"Benzinga's Top Upgrades, Downgrades For April 1, 2019",2019-04-01,XOM
Shares of several oil stocks are trading higher on strength in the underlying commodity amid declining Iranian oil supply and US sanctions on Venezuela.,2019-04-01,XOM
"ExxonMobil Invests in Singapore Integrated Complex to Upgrade Product Slate to Higher-Value Lube Base Stocks, Distillates",2019-04-02,XOM
Exxon Consiiders Sale of Nigerian Oil and Gas Fields for up to $3B,2019-04-02,XOM
The Bearish Case On A Big Energy ETF,2019-04-03,XOM
"Wells Fargo Maintains Market Perform on Exxon Mobil, Raises Price Target to $80",2019-04-03,XOM
Port Report: Shipowners To Rely On Oil Majors More Than Ever To Meet IMO 2020 Goals,2019-04-04,XOM
ExxonMobil Singapore Plant Upgrade Will Produce More Sulfur-Free Fuel,2019-04-05,XOM
Shares of several companies in the oil and oil services sector are trading higher as oil prices continue to rise due to OPEC cuts and geopolitical risks stemming from Libya and Venezuela.,2019-04-05,XOM
Tudor Pickering Initiates Coverage On Exxon Mobil with Hold Rating,2019-04-08,XOM
"Benzinga's Top Upgrades, Downgrades For April 8, 2019",2019-04-08,XOM
PreMarket Prep Opening NYSE Imbalance Update: GE 652k Shares To Sell; ExxonMobil 66k Shares To Sell; BofA 123 To Sell; Citi 52k To Sell; P&G 40k sell; J&J 41k To sell; Pfizer 96k To Sell,2019-04-09,XOM
"These Are The Best Energy Stocks To Own Right Now, According To This AI Model",2019-04-12,XOM
Winter Is Over: Is It Time To Buy Natural Gas?,2019-04-12,XOM
FreightWaves Oil Report: The Numbers Don't Lie; The Market Is Getting Tighter,2019-04-15,XOM
This ETF Could Benefit From Energy M&A,2019-04-15,XOM
ExxonMobil Wins Three Blocks In Argentina Offshore Bid Round; Co. Adding ~2.6M Net Acres To Upstream Holdings In Country,2019-04-16,XOM
Losing Energy: Sector Could See Earnings Fall In Q1 In Challenging Environment,2019-04-17,XOM
ExxonMobil Announces 13th Discovery Offshore Guyana,2019-04-18,XOM
ExxonMobil Reports Signing Of 20-Year Liquefied Natural-Gas Deal With Zhejiang Energy; Zheijiang Will Receive 1M Metric Tons Of LNG/Year Over 20 Years,2019-04-22,XOM
Shares of several oil stocks are trading higher on an increase in the price of crude oil due to an expected announcement from the US that buyers of Iranian oil need to end imports or face sanctions.,2019-04-22,XOM
"As Earnings Season Rolls On, Many Companies Have Beaten Expectations",2019-04-22,XOM
"UPDATE: ExxonMobil Raises Exploration Acreage In Namibia By 7M Net Acres For NAMCOR Blocks 1710, 1810, 1711, 1811A",2019-04-24,XOM
"ExxonMobil Reports Purchase Of More Exploration Acreage Offshore Namibia, No Terms Disclosed",2019-04-24,XOM
Exxon Mobil Raises Quarterly Dividend From $0.82 To $0.87/Share,2019-04-24,XOM
"ExxonMobil Reports Final Decision To Expand Fawley, UK Refinery, Will Increase Production Of Ultra-Low Sulfur Diesel By ~45%, Or 38K Barrels/Day",2019-04-24,XOM
Shares of several companies in the oil sector are trading lower amid a drop in oil prices after the Energy Information Administration reported a rise in crude inventories.,2019-04-24,XOM
"Intel Guidance Disappoints, But Earnings Season Overall Has Surprised To Upside",2019-04-26,XOM
"10 Stocks To Watch For April 26, 2019",2019-04-26,XOM
Exxon Mobil shares are trading lower after the company reported worse-than-expected Q1 EPS and sales.,2019-04-26,XOM
"Earnings Scheduled For April 26, 2019",2019-04-26,XOM
"Shares of several oil and gas companies are trading lower amid concerns OPEC members will raise output to counter the supply decrease caused by Iran sanctions. Additionally, Exxon Mobil reported worse-than-expected Q1 EPS and sales.",2019-04-26,XOM
"Exxon Mobil Q1 EPS $0.55 Misses $0.78 Estimate, Sales $63.63B Miss $64.29B Estimate",2019-04-26,XOM
Exxon Says Refining Margins Are 'Improving' On Stronger Gasoline Demand;  Says It Is Running 46 Drilling Rigs In The Permian Basin And Will Reach 55 Rigs By Year End,2019-04-26,XOM
Headline Edge: Is The Surge In Oil Price Revving Up or Running On Empty?,2019-04-30,XOM
"Jim Cramer Weighs In On Exxon, Delta Air Lines And More",2019-05-02,XOM
Exxon Mobil Anticipates An Investment Level Of Approximately $30B In 2019,2019-05-02,XOM
New York State Comptroller Thomas Dinapoli Says New York State Common Retire Fund Has Urged ExxonMobil Shareholders To Vote For Proposal On Independent Chair,2019-05-03,XOM
ExxonMobil to Proceed With Liza Phase 2 Development Offshore Guyana,2019-05-03,XOM
"Iraq's Mahdi Says Nation Close To Signing A Deal With ExxonMobil, PetroChina For Energy Megaproject In South Iraq",2019-05-07,XOM
"UPDATE: Iraq's Mahdi Says Deal With ExxonMobil, PetroChina ~$53B, Will Last For 30 Years",2019-05-07,XOM
"Shares of several companies in the oil sector are trading lower as renewed US-China trade tensions have caused concern over the future of oil demand, driving oil prices down.",2019-05-07,XOM
Q2 Earnings Estimates Perk Up In This Sector,2019-05-07,XOM
ExxonMobil Reports $100M Investment On Lower-Emissions R&D With US National Labs,2019-05-08,XOM
"Shares of several oil companies are trading lower as oil prices fall. US-China trade concerns have caused concern over global oil demand outlook, outweighing the positive effect of falling US crude stockpiles.",2019-05-09,XOM
"Benzinga's Top Upgrades, Downgrades For May 13, 2019",2019-05-13,XOM
HSBC Downgrades Exxon Mobil Corporation Common Stock to Hold,2019-05-13,XOM
"Shares of several oil and oil services companies are trading higher as oil prices rise. Armed attacks on Saudi pumping stations have caused supply uncertainty, while renewed US-China trade optimism has boosted demand outlook.",2019-05-14,XOM
"Morgan Stanley Maintains Equal-Weight on Exxon Mobil Corporation Common Stock, Lowers Price Target to $85",2019-05-16,XOM
"Jim Cramer Weighs In On Nektar, L Brands And More",2019-05-22,XOM
Shares of many oil and gas companies are trading lower after companies in the industry struggle to secure new investment funds following a couple of fund managers reorienting their priorities towards alternative forms of energy.,2019-05-22,XOM
Shares of several oil and gas companies are trading lower on continued US-China trade tension after the Trump administration said it would add up to 5 more Chinese surveillance companies to the blacklist.,2019-05-23,XOM
Refiners Poised for Boost from Clean-Fuel Rules,2019-05-26,XOM
"Top 10 Most Oversold Stocks Via Benzinga Pro's Radar Tool For Tue., May 28, 2019",2019-05-28,XOM
"Shares of several companies in the oil sector are trading lower as US-China trade tensions raise concerns of economic slowdown, offsetting the positive effects of tight supply.",2019-05-29,XOM
"ExxonMobil Says Plans On Track To More Than Double Earnings, Cash Flow Potential By 2025",2019-05-29,XOM
"UPDATE: ExxonMobil Says Work Continues On Lower-Emissions Technologies, Including Biofuels, Carbon Capture",2019-05-29,XOM
Exxon Mobil Remains On Track To More Than Double Earnings By 2025,2019-05-29,XOM
UPDATE: ExxonMobil Says Key Projects Are Progressing On Schedule,2019-05-29,XOM
Shares of several oil and gas companies are trading lower after oil prices fell following a report from the USA EIA showing smaller-than-expected crude oil and gas inventory draws.,2019-05-30,XOM
Shares of several oil companies are trading higher as oil prices rise after Saudi Arabia indicated OPEC producers will continue to limit oil output in order to avoid a surplus.,2019-06-03,XOM
Shares of several oil and gas companies are trading lower after EIA reported a large build in US crude oil inventories.,2019-06-05,XOM
"May Job Flowers Didn't Sprout, Pressuring Market As Fed Impact Mulled",2019-06-07,XOM
This Day In Market History: Compaq Buys Digital Equipment,2019-06-11,XOM
'Fast Money' Traders Share Their Catch-Up Picks,2019-06-12,XOM
"With Concerns Mounting, FuelCell Wins Deal With Exxon Mobil",2019-06-12,XOM
"FuelCell Energy Reports License Deal With ExxonMobil Research And Engineering Co., Effective Jun. 11, 2019",2019-06-12,XOM
"Shares of several oil and gas companies are trading higher after reports of two oil tankers being attacked in the Gulf of Oman, causing fear of the Gulf being shut down, which would cause an oil shortage.",2019-06-13,XOM
"As Oil Prices Jump, Energy Shares Help Fuel Market Rally",2019-06-13,XOM
A Better Way To Think About Energy ETFs,2019-06-19,XOM
Shares of several oil and gas companies are trading higher after a massive explosion was reported at an oil refinery in Philadelphia; which could lead to supply decrease that would raise the price of oil.,2019-06-21,XOM
Shares of several oil companies are trading higher after IEA reported a much larger-than-expected draw in crude oil inventories.,2019-06-26,XOM
Iraqi Oil Minister Says Exxon has Completed Staff Evacuation from Iraq,2019-06-27,XOM
"W&T Offshore Reports Purchase, Sale Deal With ExxonMobil To Buy Interests In, Operatorship Of Oil, Gas Producing Properties In Eastern Region Of Gulf Of Mexico For $200M",2019-06-27,XOM
Exxon Mobil Says Changes in Liquids Prices to Positively Impact Q2 Earnings by $400M-$600M,2019-07-01,XOM
"What The OPEC, OPEC+ Deal Means For Oil Investors",2019-07-02,XOM
"Shares of several Oil and Gas companies are trading lower as concerns that the global economy could be slowing outweigh news of an agreement by OPEC and allies, including Russia, to extend supply cuts until next March.",2019-07-02,XOM
Gasping For Energy: Sector Tries To Mount Q2 Earnings Recovery,2019-07-09,XOM
"New Orleans May Face Daunting Tropical Storm, More Flooding This Week",2019-07-10,XOM
Exxon Mobil Removed Non-Essential Personnel From Three Gulf Of Mexico Platforms,2019-07-10,XOM
Tropical Storm Barry Already Impacting Gulf Oil Production,2019-07-11,XOM
"Morgan Stanley Maintains Equal-Weight on Exxon Mobil, Lowers Price Target to $83",2019-07-12,XOM
Talking Technicals On This Energy ETF,2019-07-16,XOM
10 Biggest Price Target Changes For Thursday,2019-07-18,XOM
"Exxonmobil  Signs Collaboration Agreement To Accelerate Development Of Open Process Automation Systems; Companies Currently Included In Collaboration Are Aramco Services Company, BASF, ConocoPhillips Company, Dow Chemical Co.",2019-07-18,XOM
"Benzinga's Top Upgrades, Downgrades For July 18, 2019",2019-07-18,XOM
"RBC Capital Downgrades Exxon Mobil to Sector Perform, Lowers Price Target to $90",2019-07-18,XOM
ExxonMobil Begins Production On Beaumont High-Performance Polyethylene Line,2019-07-24,XOM
Shares of several oil and gas companies are trading lower on seemingly no sector-specific news. The weakness in price action can potentially be attributed to weakness in the overall market.,2019-07-25,XOM
Carter Worth's Long And Short Picks Ahead Of Earnings,2019-07-29,XOM
An Eventful Energy Week Looms For These ETFs,2019-07-29,XOM
"ExxonMobil Reports Its Chemical Synthetics Unit Raised Synthetic Base Stock Production Capacity: Low-Viscosity PAO Annual Global Capacity 209K Tons, High-Viscosity PAO 92K Tons, Esters, Alkylated Naphthalenes 67K Tons",2019-07-30,XOM
'Fire at Exxon facility in Baytown; no shelter in place at this time' -KIII 3 News,2019-07-31,XOM
"ExxonMobil Spokesperson Says 37 Workers Were Treated For 'Minor' Burns At Baytown Plant, Co. Working To Shut down Units To Isolate Source Of Fire At Baytown Olefins Plant",2019-07-31,XOM
"LyondellBasell Shares Up ~1% Over Last Couple Hours Amid Incident/Fire At ExxonMobil Baytown, Texas Plant; Fire Is In Unit Which Contains Polypropylene Material, A Material LyondellBasell Also Produces",2019-07-31,XOM
"Seeing Reports Of Explosion And Fire At ExxonMobil Oil Refinery In Baytown, TX",2019-07-31,XOM
ExxonMobil Reports 6 Non-Life Threatening Injuries At Baytown Complex,2019-07-31,XOM
"ExxonMobil Shares Unaffected As Hearing Harris County, Texas Has Filed Suit Against Co. Related To Baytown Olefins Plant Fire",2019-08-01,XOM
Q2 Earnings Preview For Exxon Mobil,2019-08-01,XOM
"Chevron, IBM And More 'Fast Money Halftime Report' Picks From August 1",2019-08-01,XOM
Exxon Mobil Trades Higher On Q2 Earnings Beat,2019-08-02,XOM
"Earnings Scheduled For August 2, 2019",2019-08-02,XOM
Mid-Morning Market Update: Markets Open Lower; Exxon Mobil Earnings Beat Estimates,2019-08-02,XOM
"10 Stocks To Watch For August 2, 2019",2019-08-02,XOM
Exxon Mobil Q2 EPS $0.73 Beats $0.69 Estimate,2019-08-02,XOM
ExxonMobil Surprises With Earnings Beat After Massive Miss Last Quarter,2019-08-02,XOM
"Shares of several oil & gas companies are trading lower on continued momentum from renewed US-China trade tensions. While stocks in the sector are trading lower, crude oil futures are rebounding, but are still trading lower since Trump's tweet.",2019-08-02,XOM
Mid-Afternoon Market Update: Crude Oil Up Over 3%; Natural Grocers Shares Spike Higher,2019-08-02,XOM
Mid-Day Market Update: BlackLine Surges Following Upbeat Q2 Results; Glu Mobile Shares Slide,2019-08-02,XOM
Exxon Earnings Surprise To The Upside A Day After Oil Prices Tank,2019-08-02,XOM
Shares of oil & gas companies are trading lower after the US added an additional tariff on $300 billion worth of Chinese goods. China allowed its currency to further devalue against the dollar and said that it would not purchase any agricultural products.,2019-08-05,XOM
2 Analysts Weigh In On Exxon Mobil's Q2 Earnings,2019-08-05,XOM
DZ Bank Upgrades Exxon Mobil to Hold,2019-08-06,XOM
"Shares of several oil & gas companies are trading lower in sympathy with the overall market. Crude oil inventories showed a 2.39 million build, compared to the 3.313 million draw estimate.",2019-08-07,XOM
ExxonMobil Has Hired Jefferies In Order To Aid In Accelerating Norwegian Asset Sales,2019-08-08,XOM
"Stocks Unaffected Amid Report Iraq Is Close To A Pipeline Deal With BP, Eni Instead Of ExxonMobil",2019-08-08,XOM
"Shares of several oil & gas companies are trading lower in sympathy with the overall market as the Treasury yield continued to decline along with ongoing tensions with China. While stocks in the sector are trading lower, crude oil futures are trading higher.",2019-08-12,XOM
"Shares of several oil & gas companies are trading lower with the overall market following US and UK yield curve inversions, which have raised concerns of a recession.",2019-08-14,XOM
7 Energy Stocks Moving In Thursday's Pre-Market Session,2019-08-15,XOM
A Surprising Sector ETF For Avoiding International Revenue Exposure,2019-08-16,XOM
"Shares of several oil and gas companies are trading higher after OPEC delivered a bearish 2019 oil market outlook, which may prompt further supply cuts.",2019-08-16,XOM
Barclays Likes Chevron Better Than Exxon Right Now For Big Oil Investors,2019-08-19,XOM
"Barclays Initiates Coverage On Exxon Mobil with Equal-Weight Rating, Announces $73 Price Target",2019-08-19,XOM
This Day In Market History: Long Term Capital Management Loses $533M,2019-08-21,XOM
"Benzinga's Top Upgrades, Downgrades For August 21, 2019",2019-08-21,XOM
"BMO Initiates Bullish Coverage Of Oil Majors, BP Is Top Pick",2019-08-21,XOM
Shares of several oil and gas companies are trading higher following API and EIA data showing bigger-than-expected crude inventory withdrawals.,2019-08-21,XOM
"BMO Capital Initiates Coverage On Exxon Mobil with Market Perform Rating, Announces $86 Price Target",2019-08-21,XOM
This Energy ETF Could Finally Be Perking Up,2019-08-22,XOM
"UBS Maintains Neutral on Exxon Mobil, Lowers Price Target to $75",2019-08-23,XOM
22 Energy Stocks Moving In Monday's Pre-Market Session,2019-08-26,XOM
Exxon Beaumont Texas Refinery Attempting To Restart Gasoline Unit After Power Outage,2019-08-26,XOM
Exxon Baton Rouge Louisiana Refinery Shuts Portion Of Alky Unit After Malfunction,2019-08-27,XOM
Shares of several oil stocks are trading higher due to an oil price increase after industry data showed a decline in US oil reserves.,2019-08-28,XOM
Shares of several oil & gas companies are trading higher amid easing trade tensions. China's Ministry of Commerce said the country is willing to calmly resolve the trade dispute with the USA and is against any further escalation in tensions.,2019-08-29,XOM
FreightWaves Oil Report: U.S. Output May Have Hit A New Record Even As Companies Stress Discipline,2019-09-03,XOM
Exxon Mobil CEO Woods Expects Consolidation Of Permian Basin Companies Over 'Some Period Of Time'; Co. Could Increase $15B Divestment Program If It Captures 'More Attractive Opportunities',2019-09-04,XOM
Shares of several oil & gas companies are trading higher after the EIA reported a crude inventory draw of 4.771 million compared to the 2.488 million draw estimate. A larger-than-expected draw is seen as a sign of oil demand increasing.,2019-09-05,XOM
Exxon Agrees To Sell Its Norwegian Oil And Gas Assets For Up To $4B,2019-09-05,XOM
The Energy Sector Isn't The Big Fish It Used To Be,2019-09-06,XOM
Exxon Beaumont Texas Refinery Restarts FCCU,2019-09-09,XOM
Repsol in Advanced Talks to Buy Exxon Assets in Gulf of Mexico,2019-09-10,XOM
9 Energy Stocks Moving In Wednesday's Pre-Market Session,2019-09-11,XOM
"Oil Prices, Stocks Pump Higher After Drone Strike Cripples Saudi Oil Supply",2019-09-16,XOM
Shares of several oil & gas companies are trading higher on heightened tensions following an attack on a Saudi Arabian oil field. NOTE: The strike on the oil field has disrupted about half of Saudi Arabia's oil production equivalent to 5% of the daily global oil supply.,2019-09-16,XOM
ExxonMobil Announces Oil Discovery Offshore Guyana at Tripletail,2019-09-16,XOM
Bad Timing Roasts Traders In This Leveraged Energy ETF,2019-09-17,XOM
Exxon Says Beaumont Texas Refinery Continues To Operate,2019-09-19,XOM
Exxon May Shut Beaumont Texas Refinery Due To Flooding From Storm Imelda,2019-09-19,XOM
Chinese Firms May Replace Exxon Mobil in Iraq Megaproject,2019-09-20,XOM
Remnants Of Tropical Storm Imelda Still Affecting Freight Businesses In The Houston Area,2019-09-23,XOM
Exxonmobil To Sell Norway Upstream Operations For $4.5B; Agreement Includes Exxonmobil's Upstream Portfolio In Norway; Part Of Exxonmobil's Previously Announced Plans To Divest $15B By 2021,2019-09-26,XOM
"Shares of oil and gas companies are trading lower following worse-than-expected US PMI data. Weak economic indicators can weigh on oil and gas, as they are used as industrial inputs.",2019-10-01,XOM
No Zip: Energy Sector Q3 Seen Weak Despite Attack On Oil Supplies,2019-10-02,XOM
9 Energy Stocks Moving In Wednesday's Pre-Market Session,2019-10-02,XOM
"Exxon Mobil Down On Preview Of Weaker Q3, But Sell-Side Says Warning 'Relatively Benign'",2019-10-02,XOM
"Shares of oil companies are trading lower following a larger-than-expected build in US crude inventories. Additionally, overall market weakness and recession fears are weighing on oil demand outlook.",2019-10-02,XOM
Exxon Mobil Bans Use Of Vessels Linked To Oil Flows From Venezuela In The Last Year,2019-10-04,XOM
"Morgan Stanley Maintains Equal-Weight on Exxon Mobil, Lowers Price Target to $82",2019-10-04,XOM
"Berenberg Maintains Hold on Exxon Mobil, Lowers Price Target to $63",2019-10-07,XOM
Best And Worst Short Ideas Of The Week,2019-10-07,XOM
"Shares of several oil and gas companies are trading lower as optimism around the upcoming U.S.-China trade talks waned. A report says China is toning down its expectations of the meeting. The U.S. expanded its trade blacklist, and scheduled an increase in tariffs on $250 billion worth of Chinese goods from 25% to 30% on Oct. 15, which will go into effect if no progress is made.",2019-10-08,XOM
Exxon Mobil Says Making Initial Investment Of More Than $500M In Mozambique LNG Project,2019-10-08,XOM
Shares of several oil and gas companies are trading higher after OPEC cut its 2019 global oil demand growth forecast to 980K barrels per day.,2019-10-10,XOM
23 Energy Stocks Moving In Friday's Pre-Market Session,2019-10-11,XOM
Shares of oil and gas companies are trading higher in sympathy with the overall market after President Trump made positive remarks on US-China trade talks. NOTE: The price of oil has continued to trade higher after the price per barrel broke the $54 resistance level.,2019-10-11,XOM
'Exxon loses bid to delay climate change lawsuit by Massachusetts' -Reuters,2019-10-24,XOM
From Massachusetts Court Hearing: Judge Has Cleared Way For State To Sue ExxonMobil ASAP Related To Climate Change,2019-10-24,XOM
WeTrader Competition: Round Three Wrap-up,2019-10-25,XOM
Might Stories Be The Revenue Story Behind Facebook's Earnings?,2019-10-28,XOM
"Another Bonanza Earnings Week As Apple Looms, With Fed, Payrolls Also On Weekly Agenda",2019-10-28,XOM
More Earnings And A Fed Decision In Week Four Of The WeTrader Competition,2019-10-28,XOM
Mike Khouw Sees Unusual Options Activity In Exxon Mobil,2019-10-31,XOM
Thursday's Market Minute: Tricks Or Treats?,2019-10-31,XOM
ExxonMobil Working With Guyanan Gov't To Start Up Payara Project In 2023,2019-11-01,XOM
"Battered Oil Majors Give Guidance On Permian Production, IMO 2020 Impacts",2019-11-01,XOM
Exxon Mobil shares are trading higher after the company reported better-than-expected Q3 EPS and sales results.,2019-11-01,XOM
"A Peek Into The Markets: US Stock Futures Up Ahead Of Jobs Report, Fed Speakers",2019-11-01,XOM
8 Energy Stocks Moving In Friday's Pre-Market Session,2019-11-01,XOM
"9 Stocks To Watch For November 1, 2019",2019-11-01,XOM
"Earnings Scheduled For November 1, 2019",2019-11-01,XOM
"Exxon Mobil Q3 Adj. EPS $0.75 Beats $0.67 Estimate, Sales $65.05B Beat $64.79B Estimate",2019-11-01,XOM
"Morgan Stanley Maintains Equal-Weight on Exxon Mobil, Lowers Price Target to $81",2019-11-04,XOM
"Shares of several oil & gas companies are trading higher in sympathy with the overall market after National Security Adviser Robert O'Brien said: ""we're relatively close to an agreement"" and that Trump invited President Xi to the U.S. to sign if both sides agree on the ""phase one"" deal.",2019-11-04,XOM
Exxon Mobil Shares Higher; Sell-Side Has Mixed Reaction To Q3 Report,2019-11-04,XOM
"Uber Shares Hit The Curb After Earnings, But Trade Optimism Continues To Lift Market",2019-11-05,XOM
Shares of several oil & gas companies are trading higher on optimism around U.S.-China trade talks. It was earlier reported that Trump administration officials are considering tariff cuts of 15% on approximately $112 billion in Chinese imports that was imposed on September 1.,2019-11-05,XOM
"ExxonMobil, FuelCell Energy Expand Agreement for Carbon Capture Technology",2019-11-06,XOM
Shares of oil and gas companies are trading higher after the US and China agreed to phase out tariffs.,2019-11-07,XOM
Exxon Mobil shares are trading lower. Not seeing any news to justify the price action.,2019-11-08,XOM
"After Slow Start, Week Might Gain Pace As Retail Sales, Inflation Data, Walmart Loom",2019-11-11,XOM
Shares of several oil & gas companies are trading lower on concerns of slower economic growth and oil demand after Trump gave mixed messages about U.S.-China trade talks and did not mention any specifics about progress in negotiations.,2019-11-12,XOM
"Exxon Mobil Reports All Clear After Process Upset At Baytown, Texas Facility",2019-11-12,XOM
Shares of several oil and companies are trading lower after U.S.-China trade talks complicate over farm purchases.,2019-11-13,XOM
Shares of several oil & gas companies are trading lower after Saudi Arabia's crude exports fell from 6.88M to 6.67M barrels per day in September indicating a lower demand for oil and gas.,2019-11-18,XOM
Shares of several oil companies are trading lower on reports that Russia is unlikely to advocate for further output cuts.,2019-11-19,XOM
FreightWaves NOW: Things To Know For Thanksgiving Week,2019-11-25,XOM
Shares of several oil and gas companies are trading lower on global macro concerns after Trump implied a US-China trade deal may not occur until 2020.,2019-12-03,XOM
Shares of oil and gas companies are trading higher after OPEC and OPEC+ agreed to further oil production cuts.,2019-12-06,XOM
Option Trader Bets $1.3M On Exxon Mobil Upside Through 2022,2019-12-06,XOM
Exxon Mobil Gets Trial Win In Case Over Records On Cost Of Climate Change,2019-12-10,XOM
ExxonMobil Offers Statement Related To Verdict From New York Supreme Court,2019-12-10,XOM
New York State Court Ruling Shows ExxonMobil Did Not Violate State Law Related To Statements About Climate Change Risks,2019-12-10,XOM
There's A New Trading Tool That Allows Traders To Trade Cannabis With Leverage,2019-12-11,XOM
"Shares of oil & gas companies are trading higher following multiple positive US-China trade developments, including a tweet from President Trump suggesting the US is 'very close' to a deal.",2019-12-12,XOM
Today's Pickup: Saudi Arabia's Aramco Becomes World's Most Valuable Publicly-Traded Company,2019-12-12,XOM
Shares of oil & gas companies are trading higher on preliminary Phase One US-China trade agreement.,2019-12-16,XOM
How The Dow Jones Industrial Average Changed Over The Past Decade,2019-12-22,XOM
How This Industrial Robotics Company Props Up The Economy,2019-12-22,XOM
An ETF For A Sector Analysts Are Bullish On Heading Into 2020,2019-12-31,XOM
Here's How Much Investing $100 In Exxon Mobil Stock Back In 2010 Would Be Worth Today,2020-01-02,XOM
12 Stocks That Have Been The World's Most Valuable Company,2020-01-02,XOM
Exxon Mobil Says Q4 Earnings Will Benefit From Var Energi Sale,2020-01-03,XOM
"Goldman Sachs Maintains Neutral on Exxon Mobil, Lowers Price Target to $72",2020-01-03,XOM
20 Energy Stocks Moving In Friday's Pre-Market Session,2020-01-03,XOM
Exxon Mobil 8-K Shows Estimated Effects Of Market Factors Impacting Q4 Earnings,2020-01-03,XOM
Flaring Tensions With Iran Could Spark This Geared Oil ETN,2020-01-05,XOM
"Best Sector ETFs For January: Energy, Health Care In Focus",2020-01-06,XOM
ExxonMobil Wins Rare Challenge Against OFAC Penalty,2020-01-09,XOM
"Back To The Grind: Iran Fears Ease, So Focus Turns To Jobs, Fed Speakers, Earnings",2020-01-09,XOM
Energy Lag: Sector Earnings Seen Sagging Despite Crude Prices Rising In Q4,2020-01-10,XOM
This Day In Market History: Rockefeller Founds Standard Oil,2020-01-10,XOM
Amazon Alexa To Enable Fuel Payments At Gas Stations,2020-01-13,XOM
"Citigroup Maintains Neutral on Exxon Mobil, Lowers Price Target to $68",2020-01-14,XOM
"RBC Capital Maintains Sector Perform on Exxon Mobil, Lowers Price Target to $70",2020-01-16,XOM
Exxon Mobil Says First Crude Cargo From Guyana Will Be Processed In Its Own Refining System; First Cargo Of Crude For Exports Will Begin Loading This Weekend,2020-01-17,XOM
Scotiabank Downgrades Exxon Mobil to Sector Underperform,2020-01-23,XOM
"Intel, American Express Report Strong Quarters, Helping Set Positive Early Tone",2020-01-24,XOM
"ExxonMobil Ups Guyana Recoverable Resources to More Than 8 Billion Oil-Equivalent Barrels, Makes Discovery at Uaru",2020-01-27,XOM
"ExxonMobil Restores Operations At Joliet, Illinois Refinery",2020-01-27,XOM
Stocks That Hit 52-Week Lows On Monday,2020-01-27,XOM
"Going Viral: Stocks On Their Back As Virus Spreads Heading Into Key Earnings, Fed Week",2020-01-27,XOM
Stocks That Hit 52-Week Lows On Wednesday,2020-01-29,XOM
Exxon Mobil's Q4 Earnings Preview,2020-01-30,XOM
Stocks That Hit 52-Week Lows On Thursday,2020-01-30,XOM
Exxon Mobil Q4 EPS $1.33 Down From $1.41 YoY,2020-01-31,XOM
"Earnings Scheduled For January 31, 2020",2020-01-31,XOM
"12 Stocks To Watch For January 31, 2020",2020-01-31,XOM
Stocks That Hit 52-Week Lows On Friday,2020-01-31,XOM
"CFRA Maintains Hold on Exxon Mobil, Lowers Price Target to $69",2020-01-31,XOM
3 Energy ETFs For Friday's Earnings Bonanza,2020-01-31,XOM
Exxon Mobil shares are trading lower after the company reported Q4 EPS results down from last year.,2020-01-31,XOM
"A Peek Into The Markets: US Stock Futures Drop Ahead Of Earnings, Economic Data",2020-01-31,XOM
"Position Scrimmage: Coronavirus, End-Of-Month Profit Taking Influencing Markets",2020-01-31,XOM
"Goldman Sachs Downgrades Exxon Mobil to Sell, Lowers Price Target to $59",2020-02-03,XOM
"Credit Suisse Maintains Neutral on Exxon Mobil, Lowers Price Target to $65",2020-02-03,XOM
"UPDATE: Goldman Sachs Downgrades Exxon Mobil to Sell, Lowers Price Target to $59 Notes 6 Reasons:",2020-02-03,XOM
Exxon Mobil shares are trading lower after Goldman Sachs analysts downgraded the company's stock from Neutral to Sell.,2020-02-03,XOM
Stocks That Hit 52-Week Lows On Monday,2020-02-03,XOM
"Shares of several oil companies are trading lower despite today's market rebound. Fears of the coronavirus outbreak have clouded the outlook for oil demand, as the outbreak has raised concerns of economic disruption.",2020-02-03,XOM
"IMO 2020's Impact On Oil, Diesel Markets A Feature Of 4Q2019 Review",2020-02-03,XOM
"Benzinga's Top Upgrades, Downgrades For February 3, 2020",2020-02-03,XOM
"PreMarket Prep Recap, Feb. 4, 2020: TSLA Continues Its Unbelievable Move",2020-02-04,XOM
Shares of several oil & gas companies are trading higher as markets gain momentum amid optimism regarding a potential coronavirus treatment.,2020-02-05,XOM
"Under Armour Gets Torn Up As Earnings Disappoint, But Coronavirus Fears Retreat Slightly",2020-02-11,XOM
Canada Holds A Bright Future For Oil – Just Ask AOC,2020-02-11,XOM
"Most Units Shut At Exxon Baton Rouge Refinery As Pipe Fire Continues To Burn, Refinery Eyes Large Crude Unit Restart Late This Week",2020-02-12,XOM
"One Crude Unit, One Gasoline Unit In Production At Exxon Baton Rouge Louisiana Refinery",2020-02-13,XOM
No Timeline Set For Restarting Exxon Baton Rouge Louisiana Refinery,2020-02-13,XOM
"ExxonMobil Is Restarting Its Units At Baton Rouge Refinery, Chemical Plant",2020-02-14,XOM
Unfazed FAANGs: Pullback In Apple Didn't Carry Over To Other Big Tech Names,2020-02-19,XOM
Stocks That Hit 52-Week Lows On Friday,2020-02-21,XOM
"Shares of several oil and gas companies are trading lower amid continued coronavirus concerns, which have negatively impacted demand outlook.",2020-02-21,XOM
Shares of several oil stocks are trading lower after the price of crude oil fell ~4% due to demand concerns related to the spread of Coronavirus.,2020-02-24,XOM
3 Leveraged ETFs For Sinking Energy Stocks,2020-02-25,XOM
Stocks That Hit 52-Week Lows On Tuesday,2020-02-25,XOM
"Shares of several oil and basic materials companies are trading lower as markets fall amid the continued spread of the coronavirus, which has weighed on global economic outlook, pressuring oil and commodity prices.",2020-02-25,XOM
Shares of several oil and gas companies are trading lower as growing coronavirus fears continued to hamper oil demand outlook.,2020-02-27,XOM
Stocks That Hit 52-Week Lows On Thursday,2020-02-27,XOM
"B of A Securities Maintains Buy on Exxon Mobil, Lowers Price Target to $99",2020-02-28,XOM
"The Bears Have Energy, But How High Can Coronavirus Fuel These Inverse ETFs?",2020-02-28,XOM
Stocks That Hit 52-Week Lows On Friday,2020-02-28,XOM
"Morgan Stanley Maintains Equal-Weight on Exxon Mobil, Lowers Price Target to $73",2020-03-02,XOM
Shares of several oil & gas companies are trading lower in sympathy with the overall market. The Fed cut rates to combat the coronavirus outbreak which caused an initial spike but then continued to trade lower.,2020-03-03,XOM
10 Energy Stocks Moving In Wednesday's Pre-Market Session,2020-03-04,XOM
"JP Morgan Maintains Neutral on Exxon Mobil, Lowers Price Target to $64",2020-03-04,XOM
"Shares of several oil companies are trading higher amid expectations of production cuts by major producers to sustain prices. Additionally, US Super Tuesday results showed Joe Biden becoming the Democratic frontrunner. Biden's policies have been seen as more favorable for economic growth and less harmful to the energy sector.",2020-03-04,XOM
ExxonMobil Sees Annual CapEx Through 2025 $30B-$35B,2020-03-05,XOM
Shares of several oil companies are trading lower as the coronavirus outbreak continues to pressure oil prices.,2020-03-05,XOM
"Citigroup Maintains Neutral on Exxon Mobil, Lowers Price Target to $52",2020-03-06,XOM
Shares of several oil companies are trading lower following reports indicating Russia will not agree to further oil output cuts by OPEC and allies. The production cuts have been proposed in order to sustain oil prices amid the coronavirus outbreak.,2020-03-06,XOM
Stocks That Hit 52-Week Lows On Friday,2020-03-06,XOM
"B of A Securities Maintains Buy on Exxon Mobil, Lowers Price Target to $98",2020-03-06,XOM
4 Bearish ETFs Just Right For A Wild Market With Coronavirus Volatility,2020-03-06,XOM
20 Energy Stocks Moving In Friday's Pre-Market Session,2020-03-06,XOM
Investor Movement Index Summary: February 2020,2020-03-09,XOM
Morning Market Stats In 5 Minutes,2020-03-09,XOM
"CFRA Downgrades Exxon Mobil to Sell, Lowers Price Target to $41",2020-03-09,XOM
3 Bearish Oil ETFs To Buy Amid Crude's Violent Tumble,2020-03-09,XOM
"Benzinga Pro's Top 5 Stocks To Watch For Mon., Mar. 9, 2020: XOM, GLD, BA, TSLA, SPEX",2020-03-09,XOM
PreMarket Prep Stock Of The Day: Exxon Mobil,2020-03-10,XOM
Exxon Mobil Stocks Tank In Market Blood Bath After OPEC Talks Fail,2020-03-10,XOM
"Sanctions, Stimuli And COVID-19: Today's Oil News",2020-03-10,XOM
123 Biggest Movers From Yesterday,2020-03-10,XOM
Shares of several oil companies are trading lower as oil prices fall after Saudi Arabia directed producer Saudi Aramco to raise its production capacity.,2020-03-11,XOM
"JP Morgan Maintains Neutral on Exxon Mobil, Lowers Price Target to $50",2020-03-11,XOM
Shares of several oil & gas companies are trading lower as oil prices fall after Trump announced travel restrictions in an attempt to halt the spread of the coronavirus. Oil has also been hit by Saudi Arabia's recent actions to raise oil production capacity.,2020-03-12,XOM
Stocks That Hit 52-Week Lows On Thursday,2020-03-12,XOM
The End Of The Oil Era?,2020-03-13,XOM
"Exxon Mobil shares are trading lower, reversing from earlier strength. Not currently seeing company-specific news.",2020-03-13,XOM
Stocks That Hit 52-Week Lows On Monday,2020-03-16,XOM
"Morgan Stanley Maintains Equal-Weight on Exxon Mobil, Lowers Price Target to $44",2020-03-16,XOM
"UBS Maintains Neutral on Exxon Mobil, Lowers Price Target to $46",2020-03-16,XOM
Oil War Vs The Coronavirus – Which One Is the Lesser Of Two Evils?,2020-03-16,XOM
Exxon Mobile shares are trading lower amid a decline in the price of oil and analysts at RBC Capital downgrading the stock to an Underperform rating.,2020-03-16,XOM
"RBC Capital Downgrades Exxon Mobil to Underperform, Lowers Price Target to $40",2020-03-16,XOM
10 Biggest Price Target Changes For Monday,2020-03-16,XOM
"Exxon, Verizon To Sell New Bonds Amid Credit Market Slump",2020-03-17,XOM
Oil Falls Deeper Into Turmoil Due To An Epic Collapse In Demand,2020-03-17,XOM
"Oil Giants Persist In Paradoxical Behavior, But They Can Afford It",2020-03-18,XOM
"Wells Fargo Maintains Equal-Weight on Exxon Mobil, Lowers Price Target to $44",2020-03-20,XOM
ExxonMobil And Other Big Energy Companies Eyeing Rebound As Crude Oil Recovers,2020-03-20,XOM
"Notable Insider Buys In The Past Week: AutoZone, Exxon, Dell And More",2020-03-21,XOM
Stocks That Hit 52-Week Lows On Monday,2020-03-23,XOM
"Shares of some oil companies are trading lower amid volatility in oil prices. Oil prices have been pressured by demand concerns and recent OPEC disagreements. NOTE: Sector is mixed, as some oil stocks are up for the session.",2020-03-23,XOM
Shares of several oil companies are trading higher as oil prices rise on hopes of a US economic stimulus agreement. Oil prices have recently been negatively impacted by global economic disruption and OPEC disagreements.,2020-03-24,XOM
3 Energy ETFs With Relatively Safe Dividends,2020-03-24,XOM
Shares of several oil and gas companies are trading higher despite downward move in crude futures. Movement potentially related to market strength  after the White House and Senate reached a $2 trillion stimulus deal aimed at supporting the economy.,2020-03-25,XOM
"Shares of several oil companies are trading higher amid renewed economic optimism following US Senate passage of an economic stimulus plan. NOTE: The sector is mixed, with some names down for the session amid falling crude futures.",2020-03-26,XOM
Leverage Bullish Oil ETN Gets An Upsizing As Crude Prices Falter,2020-03-27,XOM
ExxonMobil To Increase Production On Largest Crude Unit At Baton Rouge Refinery,2020-03-30,XOM
Shares of several oil and gas stocks are trading lower following a significant decline in the price of oil due to increased speculation oil demand will fall as a result of coronavirus.,2020-03-30,XOM
Shares of several oil and energy companies are trading higher after US President Trump and Russian President Putin agreed to talks with the aim of stabilizing energy markets. Oil has been hurt this year by lower demand as well as a price conflict between Russia and Saudi Arabia.,2020-03-31,XOM
"Trump To Meet With Oil CEOs About Helping Industry; CEOs Of Exxon, Occidental And Chevron To Attend, As Well As Harold Hamm",2020-04-01,XOM
"Exxon Mobil Says Free Market Best Way Of Resolving Oil Imbalances, The Company Also Said It Is Seeking State Intervention In Energy Markets",2020-04-02,XOM
Shares of several oil and gas companies are trading higher after President Trump said he expects Russia and Saudi Arabia to end their oil price war within a few days.,2020-04-02,XOM
Credit Suisse Compiles List Of Corporations With Most And Least Cash,2020-04-02,XOM
Shares of several oil and gas companies are trading higher after President Trump said he expects Russia and Saudi Arabia to announce a 10 million barrel supply cut.,2020-04-02,XOM
"Analysts Share Stocks They Would Buy In This Environment: Exxon Mobil, P&G And More",2020-04-03,XOM
Shares of several oil and gas companies are trading higher on expectations of an oil output cut by major producers. OPEC countries have scheduled an urgent meeting next week to try and resolve their oil cut dispute.,2020-04-03,XOM
"Wells Fargo Maintains Equal-Weight on Exxon Mobil, Lowers Price Target to $42",2020-04-03,XOM
PreMarket Prep Stock Of The Day: Exxon Mobil,2020-04-03,XOM
"Energy Stocks In Focus As Crude Oil Extends Rally, But Weak Employment Data Could Set the Tone",2020-04-03,XOM
Investor Movement Index Summary: March 2020,2020-04-06,XOM
TD Ameritrade Index Reflects A Direct Response To The COVID-19 Pandemic,2020-04-06,XOM
Shares of several energy companies are trading higher amid anticipated progress on Saudi-Russian supply cut talks. UPDATE: Sector is now mixed.,2020-04-06,XOM
"Exxon's CEO On How Oil Giant Plans To Maintain Dividend, Focus On Balance Sheet",2020-04-07,XOM
Oil And Shale Are In A Tough Spot,2020-04-07,XOM
"CFRA Upgrades Exxon Mobil to Hold, Maintains $41 Price Target",2020-04-07,XOM
"Exxon Mobil Cuts 2020 Capital Spending As It Faces Weak Oil Demand, Pandemic",2020-04-07,XOM
"Exxon CEO Says Expects a 100,000 to 150,000 Barrel/Day Reduction in Permian Basin Output Next Yea",2020-04-07,XOM
Exxon Chief Woods Expects 25%-30% Oil Demand Reduction This Year,2020-04-07,XOM
"Exxon Mobil Reduces 2020 Capex By 30%, Cash Opex By 15%; Maintains Long-Term Outlook",2020-04-07,XOM
"Shares of several energy companies are trading higher amid hopes of production cuts by key producers to sustain prices, as well as positive economic sentiment on a potential leveling off of coronavirus cases in some regions.",2020-04-07,XOM
"Semiconductors Continue To Lead Rally Efforts, While Consumer Staples Keep Lagging",2020-04-07,XOM
The State of Oil Is Falling in Love With Solar Energy,2020-04-08,XOM
"Mizuho Maintains Neutral on Exxon Mobil, Lowers Price Target to $50",2020-04-08,XOM
Shares of several energy companies are trading higher amid hopes of output cuts by major oil producers Russia and Saudi Arabia to support prices.,2020-04-08,XOM
"Oil Prices Rise, Fall As Russia, Saudi Arabia Agree On Output Cuts",2020-04-09,XOM
Shares of several oil companies are trading higher ahead of Thursday's OPEC+ meeting in which producers are expected to agree on output cuts.,2020-04-09,XOM
Exxon Mobil Is Conducting Field Trials Of Eight Emerging Methane Detection Technologies,2020-04-09,XOM
"RBC Capital Maintains Underperform on Exxon Mobil, Raises Price Target to $42",2020-04-09,XOM
"Cramer Gives His Opinion On Exxon, Polaris And More",2020-04-10,XOM
"BofA Downgrades Caterpillar, Says Energy Problem Is Here To Stay",2020-04-13,XOM
Every Member Of Trump's 'Great American Economic Revival' Industry Groups,2020-04-15,XOM
Shares of several oil stocks are trading lower amid a decline in the price of oil after the International Energy Agency said demand for the commodity is expected to reach a 25-year low.,2020-04-15,XOM
"ExxonMobil Has Increased Production Of Raw Materials Used For Medical Masks, Gowns, Hand Sanitizer",2020-04-15,XOM
Shares of several energy companies are trading lower after OPEC further cut global oil demand forecasts.,2020-04-16,XOM
Bleak Picture: Steep Crude Demand Plunge Dogs Energy Industry as Q1 Earnings Results Loom,2020-04-17,XOM
A Look Into Exxon Mobil's Price Over Earnings,2020-04-17,XOM
PreMarket Prep Stock Of The Day: Chevron Corporation,2020-04-20,XOM
Exxon Mobil Option Trader Makes Big Bearish Bet On More Downside After Oil Prices Drop Below $0,2020-04-20,XOM
Shares of several oil stocks are trading lower after the price of oil fell significantly as storage for the commodity runs out and global demand remains depressed.,2020-04-20,XOM
"B of A Securities Maintains Buy on Exxon Mobil, Raises Price Target to $70",2020-04-20,XOM
"CORRECTION: B of A Securities Maintains Buy on Exxon Mobil, Raises Price Target to $70; A Prior Headline Indicated Firm Lowered PT, This Was Incorrect",2020-04-20,XOM
"Shares of several oil stocks are trading lower after the price of oil fell significantly as storage for the commodity runs out and global demand remains depressed. UPDATE: Shares of several names in the space have reversed, sector now mixed.",2020-04-20,XOM
Pro On How To Play Oil: Buy The 'Biggest Players',2020-04-21,XOM
3 Dividend ETFs With Way Too Much Energy Exposure,2020-04-22,XOM
'ExxonMobil on Wednesday started construction of its solely-funded chemical complex in south China's Huizhou' -Tweet From China's National Business Daily; BZ NOTE: Exxon Had Announce Framework Deal For The Site In Sep. 2018,2020-04-22,XOM
Shares of several energy companies are trading higher as oil prices potentially stabilize following recent crash.,2020-04-22,XOM
Shares of several energy companies are trading higher as oil prices rise amid hopes of output cuts by some producers as well as renewed US-Iran tensions in the gulf.,2020-04-23,XOM
Slatestone Wealth Analyst Is A Buyer Of Oil Stocks With Safe Dividend,2020-04-23,XOM
"ExxonMobil Reports Is Modifying Facilities To Produce Medical-Grade Sanitzier For Coronavirus Response, Targeting 160K Gallons Of Sanitzer",2020-04-24,XOM
"Nordic Tanker CEO Says Oil Glut Is Creating Revenue, Stock Trades Higher",2020-04-27,XOM
"Apple And Amazon Earnings, Fed Meeting Among Highlights In Busy Week Ahead",2020-04-27,XOM
Should The Oil Industry Get Bailed Out?,2020-04-27,XOM
"Earnings Feast: Bring a Plate With Healthcare and Caterpillar in Morning, GOOGL And AMD Later",2020-04-28,XOM
Blue Chip Stocks Resisting COVID-19,2020-04-28,XOM
Shares of several oil companies are trading higher as oil prices gain after EIA reported a smaller-than-expected build in crude inventories. Positive sentiment also potentially being driven by some US states reopening and positive trial data from Gilead's coronavirus treatment candidate.,2020-04-29,XOM
"Benzinga's Top Upgrades, Downgrades For April 30, 2020",2020-04-30,XOM
"CFRA Downgrades Exxon Mobil to Sell, Raises Price Target to $43",2020-04-30,XOM
"Amazon, Exxon Mobil Earnings Weigh On Market To Start New Month As Caution Steers The Wheel",2020-05-01,XOM
ExxonMobil Q1 GAAP EPS $(0.14) vs $0.55 In Same Qtr. Last Year,2020-05-01,XOM
"Disappointment From Amazon, Apple Weighs On Market As Investors Also Consider Energy Earnings",2020-05-01,XOM
Exxon Mobil Q1 Adj. EPS $0.530 Down From $0.550 YoY,2020-05-01,XOM
"Earnings Scheduled For May 1, 2020",2020-05-01,XOM
Exxon Mobil shares are trading lower after the company reported Q1 EPS results down from last year.,2020-05-01,XOM
"8 Stocks To Watch For May 1, 2020",2020-05-01,XOM
A Peek Into The Markets: US Stock Futures Point To A Lower Open,2020-05-01,XOM
"Barron's Picks And Pans: Berkshire Hathaway, Carvana, Madison Square Garden And More",2020-05-02,XOM
Exxon Mobil Has Indefinitely Postponed Sale Of $2B In Oil And Gas Assets In The North Sea,2020-05-04,XOM
"Credit Suisse Maintains Neutral on Exxon Mobil, Raises Price Target to $45",2020-05-04,XOM
Investor Movement Index Summary: April 2020,2020-05-04,XOM
"Wells Fargo Maintains Equal-Weight on Exxon Mobil, Raises Price Target to $45",2020-05-04,XOM
"Disney, Beyond Meat And Video Game Makers All Set To Report As Firm Tone Continues",2020-05-05,XOM
"UBS Maintains Neutral on Exxon Mobil, Raises Price Target to $48",2020-05-05,XOM
How the Mighty Have Fallen In Oil,2020-05-06,XOM
"Shares of several oil companies are trading higher as oil prices gain. Strength in oil prices is being driven by production cuts, price raises from Saudi Arabia and a rebound in gasoline demand as some states and countries reopen economies.",2020-05-07,XOM
Democrats Offer Bill To Prevent Fossil Fuel Industry Bailout,2020-05-07,XOM
How Artificial Intelligence Helped iFlip Save Investor Returns During The 2020 Market Crash,2020-05-08,XOM
Exxon Beaumont Coker May Restart In Two Weeks,2020-05-08,XOM
"Barron's Picks And Pans: Boyd Gaming, Domino's Pizza, Exxon And More",2020-05-09,XOM
"Caution Ahead: Biggest Blue-Chips Seek Change, Innovation Post-COVID-19",2020-05-12,XOM
"Shares of several energy companies are trading lower. Despite EIA reporting a draw in crude inventories, OPEC cut its 2020 oil demand forecast by 2.2 million barrels per day.",2020-05-13,XOM
Hearing Redburn Upgrades Exxon Mobile From Sell To Neutral,2020-05-13,XOM
"The Oil Crisis Can Harm US Economy, But Not Like COVID-19",2020-05-15,XOM
Shares of several oil stocks are trading higher amid an increase in the price of oil driven by greater-than-expected production cuts.,2020-05-18,XOM
Shares of several energy companies are trading higher after API and EIA data showed a draw in US crude inventories.,2020-05-20,XOM
Is There Any Hope For Oil?,2020-05-21,XOM
Oil Volatility Has Driven Demand In The Only 3X US Oil Exchange Traded Products,2020-05-26,XOM
Shares of several energy companies are trading higher in sympathy with the overall market as equities rally on coronavirus vaccine hopes as well as a pickup in economic activity as some US states reopen businesses.,2020-05-26,XOM
"Leveraged Oil ETN Is A Robinhood Hit, Too",2020-05-28,XOM
Is a Beat in the Cards for ProPetro (PUMP) in Q1 Earnings?,2020-05-29,XOM
This Trio of Graham-Style Stocks Appears to Be Reasonably Priced,2020-05-30,XOM
Steve Greenlee to Retire as President of ExxonMobil Upstream Business Development Company; ...,2020-06-01,XOM
China Approves $20B Mega Petrochemical Complex in Shandong Oil Hub,2020-06-02,XOM
Shares of several oil and gas companies are trading higher as oil prices gain ahead of the OPEC+ output cut meeting expected this week.,2020-06-02,XOM
Zoom Stock Rises Then Falls After Blockbuster Earnings,2020-06-03,XOM
"Shares of several oil and energy companies are trading higher amid multiple positive catalysts. Economic recoveries in the US and China have lead to a positive demand outlook, while investors also watch for developments concerning OPEC+ production cut talks.",2020-06-03,XOM
Low Margins Have Put Oil Giants Are Under Pressure,2020-06-04,XOM
Williams to Build 1-40 MW Solar Stations Across 9 US States (Revised),2020-06-04,XOM
"Shares of several energy companies are trading higher amid a gain in oil prices following positive US jobs data and as investors await the OPEC+ conference, hoping for output cuts.",2020-06-05,XOM
Morning Market Stats in 5 Minutes,2020-06-05,XOM
Afternoon Market Stats in 5 Minutes,2020-06-05,XOM
Morning Market Stats in 5 Minutes,2020-06-08,XOM
"Oil Analyst Expects Deeper Deficit In Q3, Says Demand Will Not Fully Recover Until 2022",2020-06-08,XOM
Afternoon Market Stats in 5 Minutes,2020-06-08,XOM
Investor Movement Index Summary: May 2020,2020-06-08,XOM
The IMX Rebounds In May In Tandem With The Market,2020-06-08,XOM
Shares of several energy companies are trading higher after OPEC+ agreed to extend production cuts into July.,2020-06-08,XOM
Afternoon Market Stats in 5 Minutes,2020-06-09,XOM
Shares of several energy companies are trading lower as equities sell off following the recent rally. Stocks have rallied over the past week amid optimism towards the US economy reopening and investors have potentially taken some profits following the run up.,2020-06-09,XOM
Morning Market Stats in 5 Minutes,2020-06-09,XOM
Afternoon Market Stats in 5 Minutes,2020-06-10,XOM
Why The Energy Sector Is Trading Lower Today,2020-06-10,XOM
Shares of several energy companies are trading lower after API reported an 8.42 million barrel build in crude oil inventories.,2020-06-10,XOM
Morning Market Stats in 5 Minutes,2020-06-10,XOM
"Shares of several energy companies are trading lower as oil prices dip. Concerns of a second wave of the coronavirus have caused economic uncertainty and clouded demand outlook, while a recent build in US crude inventories has led to continued oversupply concerns.",2020-06-11,XOM
Morning Market Stats in 5 Minutes,2020-06-11,XOM
"Exxon earnings beat as production in Guyana, Permian soar to records despite low oil prices",2025-10-31,XOM
ExxonMobil Earnings: Results Remain Robust in the Face of Falling Oil Prices,2025-10-31,XOM
ExxonMobil Announces Third-Quarter 2025 Results,2025-10-31,XOM
"If You Invested $10K In Exxon Mobil Stock 10 Years Ago, How Much Would You Have Now?",2025-11-29,XOM
"Exxon boosts forecast, aims for $25 billion earnings growth by 2030",2025-12-09,XOM
Applovin and Exxon Mobil among market cap stock movers on Tuesday,2025-12-09,XOM
"Exxon Mobil Sees Higher Earnings, Greater Returns in New 2030 Plan",2025-12-09,XOM
Exxon Mobil (XOM) Laps the Stock Market: Here's Why,2026-01-02,XOM
Exxon Mobil's Quarterly Earnings Preview: What You Need to Know,2026-01-02,XOM
Assessing Exxon Mobil (XOM) Valuation After Recent Share Price Momentum And Cash Flow Narrative,2026-01-04,XOM
Exxon signals lower oil prices could hit fourth-quarter upstream profit,2026-01-07,XOM
Top ExxonMobil Shareholders,2026-01-09,XOM
Exxon Mobil (XOM) Forecasts Lower Q4 Earnings Due to Decline in Crude Prices,2026-01-13,XOM
"Exxon Mobil, LyondellBasell among market cap stock movers on Wednesday",2026-01-14,XOM
Jim Cramer Calls Exxon Mobil One of the “Real Leaders in This Market”,2026-01-18,XOM
Exxon Mobil (XOM) Laps the Stock Market: Here's Why,2026-01-21,XOM
Exxon Mobil (XOM) Price Target Raised by $9 at JPMorgan,2026-01-21,XOM
Exxon Mobil (XOM) Expected to Beat Earnings Estimates: Should You Buy?,2026-01-23,XOM
ExxonMobil stock remains TD Cowen’s top pick with $135 price target,2026-01-26,XOM
Are Wall Street Analysts Bullish on Exxon Mobil Stock?,2026-01-26,XOM
ExxonMobil's Q4 Earnings on Deck: Should You Stay Invested or Exit?,2026-01-28,XOM
Why the Smart Money is Pensive Ahead of Exxon Mobil’s (XOM) Q4 Earnings Report,2026-01-29,XOM
Exxon Mobil Q4 Earnings Beat Estimates on Higher Production,2026-01-30,XOM
Exxon earnings beat estimates despite low oil prices,2026-01-30,XOM
Exxon Mobil (XOM) Q4 Earnings Top Estimates,2026-01-30,XOM
Chevron And Exxon Top Earnings But Only One Supermajor Saw Profit Growth; U.S. Oil Prices And Venezuela In Focus,2026-01-30,XOM
ExxonMobil Announces 2025 Results,2026-01-30,XOM
Chevron & Exxon earnings: How Venezuela & oil prices come into play,2026-01-30,XOM
Exxon Earnings Beat Wall Street Expectations. Why The Stock Is Falling.,2026-01-30,XOM
ExxonMobil stock price target raised to $140 by JPMorgan on strong results,2026-02-02,XOM
"ExxonMobil (XOM) Earnings Dip in 2025, Yet Cash Flow, Dividends, and Low Carbon Strategy Remain Robust",2026-02-03,XOM
Why Exxon Mobil Stock Jumped 40%?,2026-02-05,XOM
"Exxon Mobil Stock Surged 40%, Here’s Why",2026-02-05,XOM
Why ExxonMobil Stock Rocketed 17.5% in January,2026-02-06,XOM
Here’s Why Analysts Flag Overvaluation for Exxon Mobil Stock in 2026,2026-02-06,XOM
BMO and UBS Raise Exxon Mobil (XOM) Price Targets,2026-02-08,XOM
Is Exxon Mobil (XOM) Still Attractively Priced After A 41% One Year Rally?,2026-02-10,XOM
"I Predicted That ExxonMobil Would Join the $1 Trillion Club by 2030, But the Stock Is Already Up 24% in 2026. Is the High-Yield Dividend Stock Still a Buy Now?",2026-02-11,XOM
ExxonMobil Stock: Buy at a Premium or Wait for a Better Entry?,2026-02-11,XOM
How Exxon Mobil Stock Gained 50%,2026-02-20,XOM
Why Is The US Stock Market Up Today?,2026-02-20,XOM
ExxonMobil Stock Surged 17% in January -- Here's What Drove the Rally (and What You Really Need to Focus On),2026-02-22,XOM
Is Exxon Mobil (XOM) Still Attractive After A 40% One Year Share Price Gain,2026-02-24,XOM
Does Exxon Mobil Stock Still Have Room to Run?,2026-02-25,XOM
"Wells Fargo Increases Exxon Mobil (XOM) Price Forecast, Maintains Bullish View",2026-02-25,XOM
Why ExxonMobil Group Stock Bumped Higher Today,2026-03-02,XOM
A Look At Exxon Mobil (XOM) Valuation After Its Recent Share Price Momentum,2026-03-03,XOM
Exxon Is Down Since the Iran Conflict. These Energy Stocks Are Bigger Winners.,2026-03-03,XOM
How The Exxon Mobil (XOM) Investment Story Is Shifting As Analyst Views Diverge,2026-03-05,XOM
ExxonMobil Is Up 44% and Retail Investors Are Still Missing the Point,2026-03-05,XOM
Why Exxon Mobil Stock Jumped 40%?,2026-03-07,XOM
Exxon Mobil Corporation (XOM) Price Target Raised to $151,2026-03-09,XOM
What Fueled The 40% Rally In XOM Stock?,2026-03-10,XOM
Exxon Mobil (XOM) Declines More Than Market: Some Information for Investors,2026-03-10,XOM
ExxonMobil seeks Texas legal home as board urges shift from New Jersey,2026-03-10,XOM
Exxon Mobil Corporation (XOM) Targets 13% Earnings Growth Through 2030,2026-03-11,XOM
Is Exxon Mobil (XOM) Still Attractive After Strong Five-Year Share Price Gains?,2026-03-11,XOM
Exxon Mobil Is Up 28% Year to Date. Here’s Where the Stock Could Go Next,2026-03-12,XOM
"Exxon Mobil (NYSE:XOM) Stock Price Expected to Rise, Piper Sandler Analyst Says",2026-03-12,XOM
Does Exxon Mobil Stock Have More Upside?,2026-03-12,XOM
What's Next For XOM Stock?,2026-03-13,XOM
What Comes Next After This Energy Stock Popped More Than 25% On A 'Tremendous Run',2026-03-13,XOM
Exxon Mobil (XOM) – Among the Best Large Cap Energy Stocks to Buy Now,2026-03-14,XOM
Barclays Lifts PT on Exxon Mobil Corporation (XOM) to $163 From $145 – Here’s Why,2026-03-15,XOM
A Look At Exxon Mobil (XOM) Valuation As Iran Conflict Lifts Crude Prices And Investor Optimism,2026-03-17,XOM
"Exxon Mobil (NYSE: XOM) VP sells 1,080 shares via trust",2026-03-17,XOM
Exxon Mobil (XOM) Beats Stock Market Upswing: What Investors Need to Know,2026-03-17,XOM
Mizuho Lifts Exxon Mobil (XOM) Price Target on Higher Oil Price Forecast,2026-03-19,XOM
ExxonMobil Stock Hits an All-Time High. Is It Still a Good Buy?,2026-03-23,XOM
Is Trending Stock Exxon Mobil Corporation (XOM) a Buy Now?,2026-03-23,XOM
Why Shares of ExxonMobil Gushed Higher Today,2026-03-24,XOM
Exxon Mobil: Iran War Creates Earnings Upside (NYSE:XOM),2026-03-24,XOM
Exxon Mobil Corp Stock (XOM) Moved Up by 3.13% on Mar 24: Facts Behind the Movement,2026-03-24,XOM
Should You Pay Attention To Exxon Mobil Stock’s Momentum?,2026-03-24,XOM
How Exxon Mobil Stock Gained 50%,2026-03-25,XOM
"Bernstein Analyst Sees “Right Tail Risk,” Raises Exxon Mobil (XOM) Price Target",2026-03-26,XOM
Exxon Mobil Corp Stock (XOM) Moved Up by 3.00% on Mar 27: Key Drivers Unveiled,2026-03-27,XOM
"Exxon Mobil Is Now More Expensive Than Nvidia Stock. What Gives, and How Should You Play XOM Here?",2026-03-27,XOM
Exxon Mobil Stock To $120?,2026-03-28,XOM
Exxon Mobil Rose 7% This Week. Here’s Where the Stock Could Go in 2026,2026-03-28,XOM
Exxon stock jumps as today’s oil rally meets a bullish chart,2026-03-28,XOM
The 1 Number That Tells You Everything About ExxonMobil Right Now,2026-03-28,XOM
"ExxonMobil Upgraded, Microsoft Downgraded: Updated Rankings on Top Blue-Chip Stocks",2026-03-30,XOM
Exxon Mobil Corp Stock (XOM) Opened Up by 4.56% on Mar 30: What Signal Does It Send?,2026-03-30,XOM
"Trending tickers: Exxon Mobil, Eli Lilly, Rio Tinto and Boohoo",2026-03-30,XOM
ExxonMobil (XOM) Valuation Check As Middle East Tensions Lift Oil Prices And Support Operational Momentum,2026-03-31,XOM
Why Holding Chevron & Exxon Stock is Still Worthwhile,2026-03-31,XOM
"ExxonMobil stock slips as oil falls, but rally may not be over yet",2026-04-01,XOM
Exxon Mobil and Chevron Fall 5%: What Iran’s President Just Did to U.S. Oil Stocks,2026-04-01,XOM
"Can Exxon (XOM) Keep the Earnings Surprise Streak Alive? - April 1, 2026",2026-04-01,XOM
Why is Exxon Mobil stock falling today?,2026-04-01,XOM
Exxon Mobil Corp Stock (XOM) Moved Down by 3.53% on Apr 1: What Signal Does It Send?,2026-04-01,XOM
"Exxon leads energy stock rout, on pace for biggest drop in a year (XOM:NYSE)",2026-04-01,XOM
Exxon Mobil: How Things Have Changed (NYSE:XOM),2026-04-02,XOM
"Stocks making the biggest moves premarket: Exxon Mobil, Carnival, Delta, General Motors and more",2026-04-02,XOM
How The ExxonMobil (XOM) Investment Story Is Shifting With Oil Prices And Cash Return Debates,2026-04-02,XOM
Here is What to Know Beyond Why Exxon Mobil Corporation (XOM) is a Trending Stock,2026-04-03,XOM
Why ExxonMobil Stock Soared More Than 11% in March,2026-04-04,XOM
Exxon Mobil Stock Is Trading on an Iran War Thesis. How Should You Play XOM Here?,2026-04-06,XOM
UBS reiterates Buy on ExxonMobil stock amid helium supply concerns,2026-04-06,XOM
1 Stock To Buy And 1 To Sell If The War In Iran Ends,2026-04-06,XOM
"Oil, Geopolitics, and ExxonMobil: Here's Where the Stock Could Be in 12 Months",2026-04-07,XOM
Exxon Mobil Soars to New Heights: Is Now the Time to Invest?,2026-04-07,XOM
ExxonMobil Rose 11% in March. Here’s Where XOM Could Go in 2026,2026-04-07,XOM
Exxon Mobil Stock Is Falling. Why Energy Is Going From Record Gains to a Major Slump.,2026-04-08,XOM
What Makes ExxonMobil (XOM) an Investment Bet?,2026-04-08,XOM
Exxon Mobil Stock Threatens to Break Below Its 50-Day MA. Should You Buy the Dip?,2026-04-08,XOM
$XOM stock is down 6% today. Here's what we see in our data.,2026-04-08,XOM
Exxon Mobil Signals $2.9B Q1 Earnings Bump On Higher Oil Prices,2026-04-08,XOM
Wolfe Research lowers ExxonMobil stock price target on hedge timing,2026-04-08,XOM
Exxon Mobil Corp Stock (XOM) Moved Down by 6.02% on Apr 8: What Signal Does It Send?,2026-04-08,XOM
Exxon Mobil Stock: War Effect On Earnings (NYSE:XOM),2026-04-08,XOM
Why ExxonMobil (XOM) Shares Are Falling Today,2026-04-08,XOM
Exxon Mobil Stock On A Winning Streak: Time To Get In Or Book Profits?,2026-04-09,XOM
Exxon Mobil And Energy Stocks Tumble As Oil Prices Sink Below $100,2026-04-09,XOM
"Exxon Mobil Stock Surged 40%, Here’s Why",2026-04-10,XOM
TD Cowen lowers ExxonMobil stock price target to $172 on weaker Q1,2026-04-10,XOM
2 Reasons to Like XOM (and 1 Not So Much),2026-04-10,XOM
Earnings Preview: What To Expect From Exxon Mobil's Report,2026-04-10,XOM
Strong Oil Prices May Have Aided XOM's Q1: Buy the Stock Now or Wait?,2026-04-13,XOM
Exxon Mobil (XOM) Expects Decline in Q1 Production Amid Middle East Disruptions,2026-04-13,XOM
Exxon Mobil Stock Is Up 53% in the Past Year. Here’s What a $163 Fair Value Says After the Rally,2026-04-14,XOM
Exxon Mobil (XOM) Stock Declines While Market Improves: Some Information for Investors,2026-04-14,XOM
Exxon Mobil Corp Stock (XOM) Moved Down by 3.24% on Apr 14: What Investors Need To Know,2026-04-14,XOM
Exxon Mobil (XOM) Could Be a Great Choice,2026-04-14,XOM
ExxonMobil Stock (XOM) Opinions on Q1 Earnings Preview,2026-04-15,XOM
ExxonMobil will post Q1 results before market open on May 1,2026-04-16,XOM
ExxonMobil Price Prediction: How High Will The Oil Stock Go In 2026,2026-04-16,XOM
ExxonMobil to Release First Quarter 2026 Financial Results,2026-04-16,XOM
Exxon Mobil Stock On A Winning Streak: Time To Get In Or Book Profits?,2026-04-17,XOM
Why ExxonMobil Stock Dropped on Friday,2026-04-17,XOM
Exxon Mobil Corp Stock (XOM) Opened Down by 5.05% on Apr 17: Drivers Behind the Movement,2026-04-17,XOM
Exxon and Chevron Stocks Are Dropping. They’re in Better Shape Than They Look.,2026-04-17,XOM
Exxon Mobil (XOM) Price Target Reduced Amid War Impact,2026-04-19,XOM
Diversified Upstream E&P Stocks Q4 Recap: Benchmarking ExxonMobil (NYSE:XOM),2026-04-20,XOM
ExxonMobil Is One of 2026's Hottest Stocks. Should You Still Own It?,2026-04-20,XOM
Wolfe Research cuts ExxonMobil stock rating on valuation,2026-04-21,XOM
ExxonMobil Has Pulled Back 16% From Its All-Time High. Is It Finally a Buy?,2026-04-21,XOM
Turn Exxon Mobil Stock into an Income Machine with This Options Play,2026-04-22,XOM
Analysts Estimate Exxon Mobil (XOM) to Report a Decline in Earnings: What to Look Out for,2026-04-24,XOM
Exxon Stock and Chevron Stock Are Up 20%+ YTD – Why the Long Oil Trade Is Stalling Out,2026-04-24,XOM
XOM Q1'26 Earnings: revenue estimate is 81.13B USD,2026-04-24,XOM
Exxon Mobil (XOM) Stock Sinks As Market Gains: What You Should Know,2026-04-24,XOM
Exxon Mobil's Earnings Might Change The Game (Preview),2026-04-27,XOM
U.S. Energy Corp Stock Jumps as $285 Helium Deal Gives Big Sky a Buyer,2026-04-27,XOM
Michigan wins key legal battle over Line 5 pipeline,2026-04-27,XOM
Eni-Repsol joint venture seeking to increase gas output at Venezuela's Cardon IV,2026-04-27,XOM
NOV Inc. Reports Q1 2026 Financial Results with Revenues of $2.05 Billion and $100 Million Returned to Shareholders,2026-04-27,XOM
Eni signs agreement to relaunch heavy oil project in Venezuela,2026-04-28,XOM
Financial Markets Drift From Energy Market Reality,2026-04-28,XOM
Morning Commentary for April 28,2026-04-28,XOM
Ecopetrol S.A. stock (US2686481027): Why oil market volatility now tests its strategic resilience?,2026-04-28,XOM
Valero Energy Corp stock (US91913Y1001): Why refining margins now matter more for investors?,2026-04-28,XOM
Why These 3 Forever Stocks Belong on Your Watchlist,2026-04-28,XOM
Equinor ASA stock (NO0010096985): Is its energy transition strategy strong enough to unlock new upsi,2026-04-28,XOM
Ecopetrol move could mark Brazil production debut,2026-04-28,XOM
"Natural Gas Services Group (NYSE: NGS) sets 2026 vote on directors, pay and Texas move",2026-04-28,XOM
Deployable Specialized Forces and AECOM to be honored at annual DC Salute,2026-04-28,XOM
"Accountant, Data Analyst Accuse Exxon Mobil and Empire Petroleum of Defrauding Taxpayers in Orphan Well Scheme",2026-04-28,XOM
"BP Earnings: Improved Earnings, but Full Impact of Higher Prices Yet to Be Seen",2026-04-28,XOM
Hess Corporation stock (US42809H1077): Is Guyana's growth now the key to long-term value?,2026-04-28,XOM
Gasoline Tops $4.2 Amid Iran War: UGA ETF Surges As Oil Crosses $100,2026-04-28,XOM
Brent Crude Swings Over $50 Per Barrel in 12 Months as XCF Global Highlights Stability of U.S. Waste Based Feedstock Model,2026-04-28,XOM
iShares S&P 500 Value ETF Trade Ideas — LSX:676758,2026-04-28,XOM
Eni signs deal to restart Venezuela oil operations at Junin-5,2026-04-28,XOM
Calamos Advisors LLC Lowers Position in ExxonMobil Corporation $XOM,2026-04-28,XOM
ExxonMobil Corporation $XOM Shares Bought by Concurrent Investment Advisors LLC,2026-04-28,XOM
First quarter 2026 results | News and insights | Home,2026-04-28,XOM
Petroleo Brasileiro S.A.- Petrobras $PBR is ARGA Investment Management LP's 5th Largest Position,2026-04-28,XOM
Morgan Stanley sees dollar risks skewed to downside as energy shock sensitivity fades,2026-04-28,XOM
"Best Dividend Stocks for $1,000 Investment in 2026 | Realty Income, ExxonMobil, JPMorgan ETF - News and Statistics",2026-04-28,XOM
Exxon Mobil Corp (WAR:EXXN) Stock Holders - Institutional & Insider Ownership,2026-04-28,XOM
Eli Lilly’s Oncology Push Sparks S&P 500 Futures Buzz,2026-04-28,XOM
Goldman Backs ConocoPhillips Dividend Story After Marathon Oil Deal,2026-04-28,XOM
CMS Energy Earnings Spark S&P 500 Index Attention,2026-04-28,XOM
Did BHP’s Streaming Windfall and Asset Sale Just Recast BHP Group’s (ASX:BHP) Risk‑Reward Profile?,2026-04-28,XOM
A £2 million legacy for Fife's future generations,2026-04-29,XOM
Halliburton stock hits 52-week high at $41.32 amid strong performance,2026-04-29,XOM
Archer Daniels Midland stock hits 52-week high at 74.21 USD,2026-04-29,XOM
Is ConocoPhillips Set to Gain From Current Elevation in Crude Prices?,2026-04-29,XOM
BP profit doubles as US gas prices hit highest levels since Iran war began,2026-04-29,XOM
CrossAmerica Joins Mako Networks’ ‘All-In’ Program,2026-04-29,XOM
Silver price at risk as SLV ETF outflows jump ahead of FOMC decision,2026-04-29,XOM
Exxon Mobil Corp. stock outperforms competitors on strong trading day,2026-04-29,XOM
Equinor ASA Stock (EQNR) Moved Up by 4.31% on Apr 29: What Signal Does It Send?,2026-04-29,XOM
Turn Exxon Mobil Stock into an Income Machine with This Options Play,2026-04-29,XOM
Public Policy Holding Co. (NASDAQ Uplisting)'s Earnings Preview,2026-04-29,XOM
Waters Parkerson Bets $3 Million on a CBIZ Rebound,2026-04-29,XOM
Powell Industries Inc (POWL) Stock Price Today & Analysis,2026-04-29,XOM
"APA Corporation and Occidental Petroleum Stocks Trade Up, What You Need To Know",2026-04-29,XOM
Traders Purchase Large Volume of Call Options on Devon Energy (NYSE:DVN),2026-04-29,XOM
"SM Energy, ProFrac, and Murphy Oil Shares Are Soaring, What You Need To Know",2026-04-29,XOM
ConocoPhillips Stock (COP) Closed Up by 3.01% on Apr 29: Drivers Behind the Movement,2026-04-29,XOM
Brazil seeks to reduce fertilizer dependence,2026-04-29,XOM
Material weaknesses and drilling delays at Indonesia Energy (INDO),2026-04-29,XOM
[SCHEDULE 13G] EXXON MOBIL CORP Passive Investment Disclosure (>5%),2026-04-29,XOM
"Trump met with Chevron, other energy companies, on Tuesday",2026-04-29,XOM
Refiner Phillips 66 posts surprise profit on higher refining margins,2026-04-29,XOM
United States Natural Gas Fund releases March monthly account statement,2026-04-29,XOM
ExxonMobil Corporation $XOM Shares Purchased by Sanctuary Advisors LLC,2026-04-29,XOM
Utah oil sands site with 180M barrels seeks backers to speed development,2026-04-29,XOM
Is Phillips 66 (PSX) Fairly Priced After Strong 1 Year Share Price Performance?,2026-04-29,XOM
Tennessee bill gives data centers ability to self-power with limited regulation,2026-04-29,XOM
What To Expect From ExxonMobil’s (XOM) Q1 Earnings,2026-04-29,XOM
Three Oil and Gas Stocks to Buy as Energy Prices Rise,2026-04-29,XOM
bp inks offshore gas exploration deal with Venezuela,2026-04-29,XOM
Advisors Capital Management LLC Trims Position in ExxonMobil Corporation $XOM,2026-04-29,XOM
POSCO Holdings Inc stock (KR7005490008): Is its green steel pivot strong enough to unlock new upside,2026-04-29,XOM
Upcoming Earnings Reports for Exxon Mobil Corporation (XOM) and Others,2026-04-30,XOM
Exxon Mobil vs. Chevron: Tracking Revenue Scale and Stability Over Two Years,2026-04-30,XOM
Pictet Asset Management Holding SA Grows Stake in ExxonMobil Corporation $XOM,2026-04-30,XOM
Full Transcript: Westwood Holdings Gr Q1 2026 Earnings Call,2026-04-30,XOM
Chevron Corp. Stock (US1667641005): Declares Quarterly Dividend of $1.71 Per Share,2026-04-30,XOM
Earnings call transcript: Tetra Technologies Q1 2026 beats expectations with strong performance,2026-04-30,XOM
Diamondback Energy Stock (US25278X1090): Shares Dip 1.8% Amid Oil Price Volatility,2026-04-30,XOM
Assessing Suncor Energy (TSX:SU) Valuation After Its Strong Multi Year Shareholder Returns,2026-04-30,XOM
"Following UAE’s OPEC Exit Shock, Diamondback Energy Could Be the Smartest Bet Now",2026-04-30,XOM
Exxon Mobil Corporation Stock (US30231G1022): Trading Up 2.7% on NYSE Amid Positive Analyst Sentimen,2026-04-30,XOM
ProPetro Reports Financial Results for the First Quarter of 2026,2026-04-30,XOM
Mitsubishi UFJ Trust & Banking Corp Lowers Stock Holdings in Devon Energy Corporation $DVN,2026-04-30,XOM
Exxon Mobil Corp. Stock (US30231G1022): Q1 2026 Earnings Set for Release Today,2026-04-30,XOM
Enterprise Products Partners (NYSE:EPD) Stock Forecast & Analyst Predictions,2026-04-30,XOM
"D.A. Davidson & CO. Sells 11,479 Shares of ExxonMobil Corporation $XOM",2026-04-30,XOM
1834 Investment Advisors Co. Trims Stake in ExxonMobil Corporation $XOM,2026-04-30,XOM
"Exxon Mobil Earnings Preview: Short-Term Setbacks Won’t Change Long-Term Upside, Wall Street Collectively Raises Target Prices.",2026-04-30,XOM
Anchyra Partners LLC Makes New Investment in ExxonMobil Corporation $XOM,2026-04-30,XOM
Exxon Mobil earnings carry a hidden risk | XOM,2026-04-30,XOM
Why Exxon Mobil (XOM) Could Benefit From The Next Oil Debate,2026-04-30,XOM
"[10-Q] CVR PARTNERS, LP Quarterly Earnings Report",2026-04-30,XOM
Shell and BP rise as Brent oil price surges above $126 on fears of US escalation of Iran war,2026-04-30,XOM
SEACOR Marine Announces First Quarter 2026 Results,2026-04-30,XOM
Exxon Mobil earnings carry a hidden risk,2026-04-30,XOM
ExxonMobil's Q1 Earnings on Deck: Should You Bet on the Stock?,2026-04-30,XOM
Subsea7 and SLB alliance secures Angola contract with ExxonMobil,2026-05-01,XOM
"Pearson posts solid Q1 performance, sales grow 4pc",2026-05-01,XOM
Comerica Bank Trims Stake in ExxonMobil Corporation $XOM,2026-05-01,XOM
BP PLC - GBP (BP.) Stock Price Quote Today & Current Price Chart,2026-05-01,XOM
"Exxon, Chevron Beat Profit Estimates",2026-05-01,XOM
Strategic Blueprint LLC Lowers Holdings in ExxonMobil Corporation $XOM,2026-05-01,XOM
ExxonMobil Announces First-Quarter 2026 Results,2026-05-01,XOM
Liquid Carbon Dioxide Market Size Forecast to Hit USD 7.2 Billion,2026-05-01,XOM
Exxon Mobil Corp. Reports Fall In Q1 Income,2026-05-01,XOM
Exxon: Q1 Earnings Snapshot,2026-05-01,XOM
Exxon Profit Surprises Analysts Despite Iran War’s Tumult,2026-05-01,XOM
"Chevron beats profit forecasts as higher prices, Hess assets offset war-related outages",2026-05-01,XOM
Chevron profit beats estimates on war-driven surge in oil prices,2026-05-01,XOM
"Earnings Flash (XOM) Exxon Mobil Corporation Reports Q1 Revenue $83.14B, vs. FactSet Est of $81.13B",2026-05-01,XOM
ExxonMobil Corporation (NYSE:XOM) Short Interest Down 19.2% in April,2026-05-01,XOM
Exxon Mobil Corporation (XOM): Our Calculation of Intrinsic Value,2026-05-01,XOM
A Look At Woodside Energy Group’s Valuation As Quarterly Results Beat Revenue Forecasts Despite Cyclone Disruptions,2026-05-01,XOM
Enterprise Products CEO: Strait of Hormuz Blockage Could Affect Up to 15 Million Barrels Per Day - News and Statistics,2026-05-01,XOM
ExxonMobil (NYSE:XOM) Posts Record Upstream Earnings as Q1 Revenue Beats but Derivative Timing Hits EPS,2026-05-01,XOM
ExxonMobil (XOM) Q1 2026 Earnings Transcript,2026-05-01,XOM
Exxon Mobil Corporation 2026 Q1 - Results - Earnings Call Presentation (NYSE:XOM) 2026-05-01,2026-05-01,XOM
"ExxonMobil's Golden Pass hits first LNG, lifting U.S. exports 5%",2026-05-01,XOM
"Earnings call transcript: ExxonMobil beats Q1 2026 forecasts, stock dips",2026-05-01,XOM
EXXON MOBIL ($XOM) Releases Q1 2026 Earnings,2026-05-01,XOM
Exxon Mobil Corp (XOM) Q1 2026 Earnings Call Highlights: Record,2026-05-01,XOM
ExxonMobil’s (NYSE:XOM) Q1 CY2026 Sales Beat Estimates,2026-05-01,XOM
Top Wall Street Forecasters Revamp Exxon Mobil Expectations Ahead Of Q1 Earnings - Exxon Mobil (NYSE:XOM),2026-05-01,XOM
Exxon Mobil shares climb after Q1 earnings and revenue beat,2026-05-01,XOM
Exxon Mobil (XOM) Surpasses Q1 Earnings and Revenue Estimates,2026-05-01,XOM
Wealthfront Advisers LLC Grows Stock Holdings in ExxonMobil Corporation $XOM,2026-05-01,XOM
ConocoPhillips (COP) Margin Drop To 13.2% Tests Bullish Profitability Narratives,2026-05-01,XOM
Imperial Oil (TSX: IMO) Q1 2026 profit at $940M as cash flow eases,2026-05-01,XOM
Diamondback Energy’s Endeavor Deal Reshapes Exposure To Post OPEC Oil Volatility,2026-05-01,XOM
"Chevron, Exxon Show Earnings Resilience But Stocks Fail Key Test",2026-05-01,XOM
Exxon Stock Slips. CEO Warns ‘Full Impact’ of War is Coming.,2026-05-01,XOM
"Exxon, Chevron earnings take center stage",2026-05-01,XOM
Exxon Mobil and Chevron earnings fall as Iran war disrupts oil shipments,2026-05-01,XOM
Oil Prices Up 9% for the Week,2026-05-01,XOM
DT Midstream (DTM) Margin Strength In Q1 2026 Tests Premium P/E Narrative,2026-05-01,XOM
ExxonMobil Corporation (NYSE:XOM) to Issue Quarterly Dividend of $1.03,2026-05-01,XOM
Oil Near $100 Raises Fresh Concerns Over Inflation,2026-05-01,XOM
Is DoubleVerify a Buy? One Fund Just Opened a $3.5 Million Position,2026-05-01,XOM
Barclays lifts 2026 Brent forecast to $100 on prolonged Hormuz disruption,2026-05-01,XOM
Marathon Petroleum Stock Is Trending Overnight: Here's Why,2026-05-01,XOM
"Imperial Oil churning out more diesel, jet fuel as Mideast war drives up prices",2026-05-01,XOM
ROI-Trader or driller? Iran war exposes Big Oil's transatlantic divide: Bousso,2026-05-01,XOM
ExxonMobil Q1 2026 earnings beat estimates despite Iran war hit,2026-05-01,XOM
Imperial Oil Ltd Stock (IMO) Moved Down by 5.34% on May 1: Drivers Behind the Movement,2026-05-01,XOM
Nasdaq Jumps Over 1%; Exxon Mobil Posts Upbeat Revenue,2026-05-01,XOM
Central Securities Corp stock hits all-time high at 53.9 USD,2026-05-01,XOM
bp considers exit from UK North Sea as CEO reviews upstream portfolio,2026-05-01,XOM
Exxon Mobil shares slip after net income falls sharply despite earnings beat,2026-05-01,XOM
"Exxon Mobil Beats On Revenue Despite Middle East Turbulence, Profit Slides",2026-05-01,XOM
"U.S. oil prices will exceed Iran wartime high to above $125 as conflict drags on, Kalshi traders say",2026-05-01,XOM
"CrossAmerica Partners, PMG join Mako Networks' cloud-managed connectivity platform",2026-05-01,XOM
Ituran Location and Control Ltd stock hits all-time high at 58.46 USD,2026-05-01,XOM
Imperial Oil (NYSEAMERICAN:IMO) Shares Gap Down - Should You Sell?,2026-05-01,XOM
"Exxon, Chevron Beat Profit Estimates on War-Driven Oil Rally",2026-05-01,XOM
Horizon Kinetics buys $437 in Texas Pacific Land stock By Investing.com,2026-05-01,XOM
Petrobras brings forward start-up of Búzios 8 (P-79),2026-05-02,XOM
Exxon Mobil (XOM) Q1 2026 Earnings Call Transcript,2026-05-02,XOM
Is Exxon Mobil Corporation (XOM) A Good Stock To Buy Now?,2026-05-02,XOM
"While Oil Prices Skyrocketed in the First Quarter, ExxonMobil's Profits Fell. Here's What Happened.",2026-05-02,XOM
Brookstone Value Stock ETF's Exxon Mobil Corp(XOM) Holding History,2026-05-02,XOM
Exxon and Chevron quarterly earnings fall despite soaring oil prices,2026-05-02,XOM
US Bancorp DE Reduces Stock Holdings in ExxonMobil Corporation $XOM,2026-05-02,XOM
USCF Midstream Energy Income Fund Offers Stability Amid Oil Volatility,2026-05-02,XOM
Exxon Mobil Corporation (NYSE:XOM) Q1 2026 Earnings Call Transcript,2026-05-02,XOM
Imperial Oil cuts 130 jobs as it continues a painful restructuring,2026-05-02,XOM
Narwhal Capital Management Has $14.52 Million Stake in ExxonMobil Corporation $XOM,2026-05-02,XOM
Is DoubleVerify a Buy? One Fund Just Opened a $3.5 Million Position,2026-05-02,XOM
Analysts Offer Insights on Energy Companies: Conocophillips (COP) and DT Midstream (DTM),2026-05-02,XOM
bp considers exit from UK North Sea as CEO reviews upstream portfolio,2026-05-02,XOM
Tetra Technologies Q1 2026 Earnings Call: Complete Transcript,2026-05-02,XOM
Phillips 66 (NYSE:PSX) Rating Increased to Strong-Buy at Wall Street Zen,2026-05-02,XOM
Imperial Oil Ltd (IMO) Q1 2026 Earnings Call Highlights: Navigat,2026-05-02,XOM
Petroleo Brasileiro SA.- Petrobras (PBR) is attracting investor attention: Here is what you should know,2026-05-02,XOM
Should Invesco Large Cap Value ETF (PWV) Be on Your Investing Radar?,2026-05-02,XOM
Cenovus Energy Inc $CVE Shares Bought by Vanguard Group Inc.,2026-05-02,XOM
Buy This ETF Before the Empty Oil Tankers Reach U.S. Shores,2026-05-03,XOM
ExxonMobil Corporation $XOM Shares Bought by Sigma Planning Corp,2026-05-03,XOM
Exxon Mobil Earnings Call Signals Resilient Growth,2026-05-03,XOM
Earnings Beat And Lower Output Guidance Could Be A Game Changer For ConocoPhillips (COP),2026-05-03,XOM
Laguna Texas builds an E&P company with former EOG assets,2026-05-03,XOM
Imperial Oil cuts 130 jobs as it continues a painful restructuring,2026-05-03,XOM
Greenfire Resources Reports First Quarter 2026 Results and Provides an Operational Update,2026-05-03,XOM
"New York State Teachers Retirement System Sells 53,104 Shares of Coterra Energy Inc. $CTRA",2026-05-03,XOM
Vanguard Group Inc. Decreases Stock Position in Imperial Oil Limited $IMO,2026-05-03,XOM
"Citizens Financial Group Inc. RI Sells 17,690 Shares of ExxonMobil Corporation $XOM",2026-05-03,XOM
"ExxonMobil, Zefiro Methane, BP – A billion-dollar market explodes amid oil and climate concerns",2026-05-04,XOM
APA Corporation (APA) Reports Earnings Tomorrow: What To Expect,2026-05-04,XOM
How The Exxon Mobil (XOM) Narrative Is Shifting With New Oil And Valuation Assumptions,2026-05-04,XOM
Should You Pay Attention To Exxon Mobil Stock’s Momentum?,2026-05-04,XOM
Exxon Mobil: A Rising Oil Bet (NYSE:XOM),2026-05-04,XOM
Exxon (XOM) Q1 Earnings: Taking a Look at Key Metrics Versus Estimates,2026-05-04,XOM
ExxonMobil Crushes Q1 2026 EPS Estimates by 15% — Here's What Investors Need to Know,2026-05-04,XOM
Earnings drop to $4.2B at ExxonMobil (NYSE: XOM) as refining turns loss,2026-05-04,XOM
Exxon Mobil Reports Q1 2026 Results: Full Earnings Call Transcript,2026-05-04,XOM
ExxonMobil (NYSE: XOM) appoints Susan Buchanan as chief accounting officer,2026-05-04,XOM
Chevron CEO says physical shortages in oil supply to begin appearing,2026-05-04,XOM
"Goldman says global oil stocks approaching eight-year low, depletion speed a concern",2026-05-04,XOM
RIG Stock Is Up Over 60% This Year: Can Earnings Keep The Rally Alive?,2026-05-04,XOM
"Composition Wealth LLC Buys 19,987 Shares of ExxonMobil Corporation $XOM",2026-05-04,XOM
Does Frontdoor Stock Qualify as a Tier-1 Capital Compounder?,2026-05-04,XOM
Hussman Strategic Advisors Inc. Takes Position in Marathon Petroleum Corporation $MPC,2026-05-04,XOM
Top 3 Energy Stocks That May Jump In Q2,2026-05-04,XOM
Pittenger & Anderson Inc. Increases Position in ExxonMobil Corporation $XOM,2026-05-04,XOM
EDGAR Filing Documents for 0001072613-26-000353,2026-05-04,XOM
Chevron CEO voices concern over Strait of Hormuz ship safety,2026-05-04,XOM
Occidental Petroleum Is Up 48% in the Past Year. Here’s What the CEO Succession Means for Investors,2026-05-04,XOM
Cash flow,2026-05-04,XOM
"Viper Energy, Inc., a Subsidiary of Diamondback Energy, Inc., Reports First Quarter 2026 Financial and Operating Results",2026-05-04,XOM
"Chevron Q1 2026 Earnings: Adjusted EPS Beats by 46%, But Margin Pressure Persists",2026-05-04,XOM
"EXXON MOBIL CORP 1Q 2026: Revenue $85.14B, EPS $1— 10-Q Summary",2026-05-04,XOM
ConocoPhillips Gains Strength Amid NYSE Composite Momentum,2026-05-04,XOM
Carnival Stock Is Down 22% From Its 52-Week High. Here’s the Path to $40 by 2027,2026-05-04,XOM
S&P 500 Settles At New High As Apple Shares Gain: Fear Index Remains In 'Greed' Zone,2026-05-04,XOM
"Analysts Are Bullish on These Energy Stocks: Exxon Mobil (XOM), Clean Energy Fuels (CLNE)",2026-05-05,XOM
ExxonMobil Post Q1 Earnings: Is the Stock Worth Buying Now?,2026-05-05,XOM
Marathon Petroleum (NYSE:MPC) Reaches New 1-Year High Following Earnings Beat,2026-05-05,XOM
Earnings call transcript: Oil States Q1 2026 revenue miss dents stock,2026-05-05,XOM
Why Columbia Sportswear (COLM) Stock Is Down Today,2026-05-05,XOM
Astera Labs Inc options imply 11.1% move in share price post-earnings,2026-05-05,XOM
Patterson-UTI Energy (NASDAQ:PTEN) Sets New 1-Year High - Here's What Happened,2026-05-05,XOM
"US Gasoline Supplies on Way to Seasonal Low, Morgan Stanley Says",2026-05-05,XOM
"Patrick Industries Ends LCI Merger Talks, Refocuses Strategy",2026-05-05,XOM
Tidewater Reports Revenue Decline In First Quarter,2026-05-05,XOM
Valero has strong start to 2026 as political conflicts hit oil markets,2026-05-05,XOM
"AlphaStar Capital Management LLC Acquires 6,704 Shares of ExxonMobil Corporation $XOM",2026-05-05,XOM
"Valaris Limited (VAL) Reports Q1 Loss, Beats Revenue Estimates",2026-05-05,XOM
"FSA Advisors Inc. Acquires 19,648 Shares of ExxonMobil Corporation $XOM",2026-05-05,XOM
"Exxon using AI for faster analysis of Guyana's oil fields, VP of exploration says",2026-05-05,XOM
Oil slides as traders assess Middle East developments with Iran attacks keeping markets jittery,2026-05-05,XOM
"TVA interim President talks revenues, plans for the future in Quarterly Report",2026-05-05,XOM
Helmerich Payne earnings up next: Can losses narrow?,2026-05-05,XOM
"Danske Bank A S Buys 23,500 Shares of ExxonMobil Corporation $XOM",2026-05-05,XOM
"XCF Global on Hormuz Risk, Oil Spike, and U.S.-Made SAF",2026-05-05,XOM
"Truist Financial Corp Sells 30,772 Shares of ExxonMobil Corporation $XOM",2026-05-05,XOM
Morgan Stanley sees US gasoline inventories falling to historic lows,2026-05-05,XOM
Should Vanguard Mega Cap Value Index Fund ETF Shares (MGV) Be on Your Investing Radar?,2026-05-05,XOM
Strong Fundamentals Poised to Offset Oil Price Headwinds - Raymond James - Commentaries,2026-05-05,XOM
RNC Capital Management LLC Lowers Stake in SLB Limited $SLB,2026-05-05,XOM
"Valaris (NYSE: VAL) Q1 2026 results and Transocean merger, $4.9B backlog",2026-05-05,XOM
Chevron expands Mediterranean activities with exploration offshore Malta,2026-05-05,XOM
Chevron to explore for oil and gas south of Malta,2026-05-05,XOM
ExxonMobil Earnings: Core Operational Strength Obscured By Transitory Headwinds,2026-05-05,XOM
NYC Comptroller urges XOM (NYSE: XOM) shareholders to oppose Texas redomicile and support retail voting choice,2026-05-05,XOM
ExxonMobil's (XOM) Sector Perform Rating Reiterated at Royal Bank Of Canada,2026-05-05,XOM
"Chevron: Growth, Rising Oil Prices, Favorable Setup (NYSE:CVX)",2026-05-05,XOM
Higher oil output lifts Sabine Royalty Trust (NYSE: SBR) May cash distribution,2026-05-05,XOM
Christine Messmer PC Takes $1.93 Million Position in ExxonMobil Corporation $XOM,2026-05-06,XOM
YPF Sociedad Anónima (NYSE:YPF) - Stock Analysis,2026-05-06,XOM
Cenovus CEO says oilsands dialogue ‘myopically focused on the climate agenda’,2026-05-06,XOM
Dimensional US Large Cap Value ETF,2026-05-06,XOM
"Exxon’s Earnings Beat, Buybacks, and Governance Fight Might Change The Case For Investing In Exxon Mobil (XOM)",2026-05-06,XOM
How BHP’s Shifting Commodity Mix After March Quarter Results Will Impact BHP Group (ASX:BHP) Investors,2026-05-06,XOM
Diversified Upstream E&P Q1 Earnings: ExxonMobil (NYSE:XOM) is the Best in the Biz,2026-05-06,XOM
"Exxon, Chevron Stocks Drop Along With Oil Prices as Trump Gives Hope on Iran",2026-05-06,XOM
Exxon Mobil’s Next Big Milestone Could Be $197,2026-05-06,XOM
Exxon Mobil (XOM) Margin Decline Puts Premium P/E And Bullish Narratives Under Scrutiny,2026-05-06,XOM
Exxon Mobil Stock Up 55% Over the Past Year: Can the Rally Continue Through 2028 and Beyond?,2026-05-06,XOM
3 Oil Stocks To Watch In May 2026,2026-05-06,XOM
"C3.ai executive chairman Siebel sells $252,236 in stock By Investing.com",2026-05-06,XOM
Growing Low Carbon Solutions,2026-05-06,XOM
Middle East supply shock hits fertilizer trade as CF earns $615M,2026-05-06,XOM
Cenovus Energy Stock On Fire: Up 16% With 7-Day Winning Streak,2026-05-06,XOM
Does SM Energy’s (SM) 2026 Debt Redemption Clarify Its Long-Term Drilling Strategy Or Cloud It?,2026-05-06,XOM
"SANDRIDGE ENERGY, INC. ANNOUNCES FINANCIAL AND OPERATING RESULTS FOR THE THREE-MONTH PERIOD ENDED MARCH 31, 2026, AN 8% INCREASE TO ITS ON-GOING QUARTERLY DIVIDEND TO $0.13 PER SHARE, AND A ONE-TIME D",2026-05-06,XOM
Why Halliburton (HAL) Shares Are Trading Lower Today,2026-05-06,XOM
EOG Resources Q1 2026 Earnings Call: Complete Transcript,2026-05-06,XOM
Chevron Corp Stock (CVX) Moved Down by 3.82% on May 6: What Signal Does It Send?,2026-05-06,XOM
Buying Petrobras Stock Ahead of Q1 Earnings: Worth the Risk?,2026-05-06,XOM
"Uber, Exxon Mobil, Illumina, Diamondback Energy: CNBC's 'Final Trades'",2026-05-06,XOM
Positioned for growth in a lower-emission future,2026-05-06,XOM
WEX: High Fuel Prices Begin New Year,2026-05-06,XOM
Varma Mutual Pension Insurance Co Increases Holdings in ExxonMobil Corporation $XOM,2026-05-06,XOM
Chevron LNG Output at Full Capacity as Natural Gas Demand Builds in Tight Global Market,2026-05-06,XOM
Emerson Electric Co. (NYSE:EMR) Q2 2026 Earnings Call Transcript,2026-05-06,XOM
Transocean Ltd. (NYSE:RIG) Q1 2026 Earnings Call Transcript,2026-05-06,XOM
"Exxon Mobil, Chevron slip premarket; AMD surges",2026-05-06,XOM
Principal Financial Group Inc. Boosts Stake in ExxonMobil Corporation $XOM,2026-05-06,XOM
Investors Piled Into Dividend Stocks in Q1. Here’s Why They Might Be Disappointed,2026-05-06,XOM
"Equitable Trust Co. Boosts Holdings in Diamondback Energy, Inc. $FANG",2026-05-06,XOM
Cenovus CEO says oilsands dialogue 'myopically focused on the climate agenda',2026-05-06,XOM
Supporting a just transition,2026-05-06,XOM
"Kimberly Clark VP Andrew Scribner sells $401,310 in stock",2026-05-06,XOM
SM Energy Reports First Quarter 2026 Results,2026-05-06,XOM
CrossAmerica Partners LP Reports First Quarter 2026 Results,2026-05-06,XOM
Occidental scraps new oil hedges as Iran war fuels price volatility,2026-05-06,XOM
Trump met with Chevron and ExxonMobil on Tuesday to discuss Venezuela,2026-05-06,XOM
Polyvinyl Butyral (PVB) Market Size Accelerating at 7.2% CAGR |,2026-05-07,XOM
Results: Exxon Mobil Corporation Beat Earnings Expectations And Analysts Now Have New Forecasts,2026-05-07,XOM
"Sprucegrove Investment Management Ltd. Sells 69,831 Shares of ExxonMobil Corporation $XOM",2026-05-07,XOM
Is Imperial Oil (IMO) Stock Outpacing Its Oils-Energy Peers This Year?,2026-05-07,XOM
Gear Up for Evolution Petroleum (EPM) Q3 Earnings: Wall Street Estimates for Key Metrics,2026-05-07,XOM
"Market volatility favors long-term LNG carrier charters, NextDecade VP says",2026-05-07,XOM
Gateway Investment Advisers LLC Decreases Position in Chevron Corporation $CVX,2026-05-07,XOM
Texas Pacific Land Recasts Growth Story With Record Results And Data Center Deal,2026-05-07,XOM
ExxonMobil Corporation $XOM Stock Holdings Reduced by Bokf Na,2026-05-07,XOM
Australia to force gas giants to reserve fuel for domestic use,2026-05-07,XOM
"Canadian Natural moves ahead steam-driven oilsands projects, but mine remains on ice",2026-05-07,XOM
Indivisible Partners Makes New Investment in ExxonMobil Corporation $XOM,2026-05-07,XOM
"12,486 Shares in ConocoPhillips $COP Acquired by Mach 1 Financial Group LLC",2026-05-07,XOM
Devon Energy Q1 Earnings: $816 Million Free Cash Flow Achieved,2026-05-07,XOM
Murphy Oil Avoids Gambling on Current Volatility,2026-05-07,XOM
Cheniere Sags on Surprise $3.5 Billion Loss,2026-05-07,XOM
Texas Pacific Land Corp. stock underperforms Wednesday when compared to competitors,2026-05-07,XOM
Hedge losses push Granite Ridge (NYSE: GRNT) Q1 2026 into loss despite growth,2026-05-07,XOM
"YPF (NYSE: YPF) boosts EBITDA, free cash flow and cuts net debt in 1Q26",2026-05-07,XOM
"Argus Hikes Exxon Mobil Price Target to $169 as Permian, Guyana Production Power 2026",2026-05-07,XOM
Helmerich & Payne (HP) Q2 2026 Earnings Transcript,2026-05-07,XOM
Sempra Targets June for ECA First LNG as Startup Begins,2026-05-07,XOM
"Trump administration plans to invite CEOs from Nvidia, Apple, Exxon on Trump's China trip, report says",2026-05-07,XOM
"Texas Pacific Land (TPL) Stock Trades Down, Here Is Why",2026-05-07,XOM
The 5 Most Interesting Analyst Questions From ExxonMobil’s Q1 Earnings Call,2026-05-07,XOM
NY City Official Rallies Investors to Block ExxonMobil Move to Texas,2026-05-08,XOM
Exxon Mobil Corp. stock underperforms Friday when compared to competitors,2026-05-08,XOM
Earnings call transcript: Gran Tierra’s Q1 2026 shows strategic shifts,2026-05-08,XOM
Pembina Pipeline increases outlook on rising commodity prices,2026-05-08,XOM
Cboe Global Markets stock hits all-time high at 346.58 USD,2026-05-08,XOM
VAALCO lifts 2026 outlook as two new wells flow and Côte d’Ivoire nears restart,2026-05-08,XOM
New Forecasts: Here's What Analysts Think The Future Holds For Vermilion Energy Inc. (TSE:VET),2026-05-08,XOM
"Iran’s Impact on Oil Prices Lessened by Reserves, Alternatives",2026-05-08,XOM
"Occidental Petroleum Corp Today's Market Trends | OXY Stock Real-Time Quotes, Trading Strategies & Related Analysis | TradingKey",2026-05-08,XOM
"Rising profit, dividend and buybacks at Tenaris (NYSE: TS)",2026-05-08,XOM
CF Industries Balances Yazoo Disruption With Low Carbon Deals And Tight Supply,2026-05-08,XOM
Exxon Mobil Corp. Stock (US30231G1022): Analyst Upgrade and Earnings Outlook,2026-05-08,XOM
Texas Pacific Land Recasts Growth Story With Record Results And Data Center Deal,2026-05-08,XOM
Valero Energy Corp stock (US91913Y1001): Refining giant navigates volatile fuel markets,2026-05-08,XOM
Sabine Royalty Trust (SBR) Q1 2026 royalty income and cash distributions,2026-05-08,XOM
Why Clean Energy Fuels (CLNE) Stock Is Falling Today,2026-05-08,XOM
"TD Cowen Maintains Exxon Mobil(XOM.US) With Buy Rating, Maintains Target Price $172",2026-05-08,XOM
Exxon Mobil Corporation stock (US30231G1022): Q1 earnings beat but shares slip on valuation concerns,2026-05-08,XOM
Plains All American Reports First-Quarter 2026 Results & Raises 2026 Guidance,2026-05-08,XOM
"Analysts Conflicted on These Energy Names: LandBridge Company LLC Class A (LB), Exxon Mobil (XOM) and Archrock (AROC)",2026-05-08,XOM
MGO One Seven LLC Increases Stake in ExxonMobil Corporation $XOM,2026-05-08,XOM
Market Pulse: Global Fixed Income Update,2026-05-08,XOM
Texas Pacific Land Stock Plummets -10% With 5-Day Losing Streak,2026-05-08,XOM
YieldMax XOM option income strategy ETF announces weekly distribution of $0.0856,2026-05-08,XOM
Generali Asset Management SPA SGR Lowers Holdings in ExxonMobil Corporation $XOM,2026-05-08,XOM
"Equinor's U.S, Global Oil & Gas Output Hits Records",2026-05-08,XOM
"Risk of $5 Gas ‘Can No Longer Be Dismissed,’ JPMorgan Says",2026-05-08,XOM
Violich Capital Management Inc. Has $6.06 Million Stock Holdings in ExxonMobil Corporation $XOM,2026-05-08,XOM
Goodyear CEO braces for customers to drive less with gas prices rising,2026-05-08,XOM
"TD Cowen reiterates Buy on ExxonMobil stock, $172 target",2026-05-08,XOM
Imperial Oil (TSX:IMO) - Stock Analysis,2026-05-08,XOM
Jim Cramer on CVS: “I Would Argue That It’s Cheaper”,2026-05-09,XOM
"SLB, Baker Hughes CEOs warn Iran war will reshape global energy markets",2026-05-09,XOM
Talos Energy (TALO) Beats Forecasts in Q1 Report,2026-05-09,XOM
Jim Cramer on Extreme Networks: “I Don’t Recommend Stocks Like This”,2026-05-09,XOM
Exxon Mobil Corporation stock (US30231G1022): Earnings beat and analyst views in focus,2026-05-09,XOM
"Earnings call transcript: Tetra Technologies’ Q1 2026 beats forecasts, stock dips",2026-05-09,XOM
This is Why Spire Inc. (SR) is a High Growth Utility Stock to Buy,2026-05-09,XOM
Microsoft Deal Strengthens Black Hills Corporation (BKH) Prospects as a High Growth Utility Stock to Buy,2026-05-09,XOM
"Exxon Mobil Corp. stock (US30231G1022): Earnings drop on refining losses, cash returns stay strong",2026-05-09,XOM
"Jim Cramer on Becton, Dickinson: “The Company Showed Excellent Execution Across the Board”",2026-05-09,XOM
Jim Cramer on Goldman Sachs: “I Think That It’s Going Higher”,2026-05-09,XOM
Calpine Acquisition Strengthens Constellation Energy Corporation (CEG) as a High-Growth Utility Stock,2026-05-09,XOM
PPL Corporation (PPL) A High Growth Utility Stock to Buy on Nuclear Energy Push,2026-05-09,XOM
BP - BP plc ADR Stock Price and Quote,2026-05-09,XOM
Here is Why EMCOR (EME) is Among the 10 Best Construction Stocks for Data Center Infrastructure,2026-05-09,XOM
Hess Corporation stock (US42809H1077): Q1 2026 earnings beat and dividend hike in focus,2026-05-09,XOM
BREAKINGVIEWS-Shell subtly flags its unsated M&A appetite,2026-05-09,XOM
Cenovus Warns Oil Sands Growth Is Drying Up as Policy Uncertainty Mounts,2026-05-09,XOM
"Analysts Conflicted on These Energy Names: LandBridge Company LLC Class A (LB), Exxon Mobil (XOM) and Archrock (AROC)",2026-05-09,XOM
Information Services Group Q1 Earnings Call Highlights,2026-05-09,XOM
Oppenheimer Raises its Price Target on Everus Construction (ECG) to $180,2026-05-09,XOM
Barclays Raises its Price Target on Pinnacle West (PNW) to $102,2026-05-09,XOM
TransAlta (TAC) Reports Q1 adjusted EPS of C$0.60,2026-05-09,XOM
Origin Energy Limited (OGFGF) Gets a Buy from UBS,2026-05-09,XOM
Mizuho Raises its Price Target on Duke Energy (DUK) to $139,2026-05-09,XOM
Suncor Energy (NYSE:SU) Raised to Buy at Wall Street Zen,2026-05-09,XOM
"Cheniere Energy, Inc. $LNG Shares Purchased by Denali Advisors LLC",2026-05-09,XOM
Transocean (RIG) – Among the 10 Best Energy Stocks to Buy Under $20 According to Billionaires,2026-05-09,XOM
"[10-Q] United States 12 Month Oil Fund, LP Quarterly Earnings Report",2026-05-09,XOM
Raymond James Raises its Price Target on Monolithic Power (MPWR),2026-05-09,XOM
Why Aeva Technologies (AEVA) Is Building Momentum Across Automotive and Physical AI,2026-05-09,XOM
Genesis Energy Q1 Earnings Call Highlights,2026-05-10,XOM
Canadian Natural CEO: West Coast Pipeline Needed to Unlock Oil Sands Growth - News and Statistics,2026-05-10,XOM
Devon Announces $8 Billion Stock Repurchase Following Landmark Coterra Merger,2026-05-10,XOM
Here is why Sunrun (RUN) is One of the Best Solar Energy Stocks to Buy,2026-05-10,XOM
"Crossmark Global Holdings Inc. Acquires 5,210 Shares of Marathon Petroleum Corporation $MPC",2026-05-10,XOM
A Look At Ligand Pharmaceuticals (LGND) Valuation After Earnings Miss XOMA Deal And Viking TR-Beta Termination,2026-05-10,XOM
"Structure Therapeutics Stock Is Up 47%, but One Fund Just Fully Exited a $2.6 Million Position",2026-05-10,XOM
Ultrapar Participações S.A. stock (BRUGPAACNOR8): Q1 profit jumps on LNG stake and fuel demand,2026-05-10,XOM
Oxbow Advisors LLC Invests $5.04 Million in Antero Resources Corporation $AR,2026-05-10,XOM
FlexShares Morningstar Global Upstream Natural Resources Index Fund,2026-05-10,XOM
SVB Wealth LLC Decreases Stock Position in ExxonMobil Corporation $XOM,2026-05-11,XOM
Exxon Mobil Corporation (NYSE:XOM) Goes Ex-Dividend Soon,2026-05-11,XOM
Who Owns Marathon Gas Stations?,2026-05-11,XOM
Sempra Gears Up for First Mexico LNG Production,2026-05-11,XOM
Exxon Mobil stock (US30231G1022): Q1 earnings beat lifts energy giant,2026-05-11,XOM
32.6M Crescent Energy (NYSE: CRGY) shares sold by Liberty affiliate,2026-05-11,XOM
PHINIA introduces certified hydrogen-combustion light commercial vehicle during ACT Expo debut,2026-05-11,XOM
Exxon Mobil Corp Stock (XOM) Moved Up by 3.17% on May 11: Key Drivers Unveiled,2026-05-11,XOM
"HighPeak Energy and Nabors Industries Stocks Trade Up, What You Need To Know",2026-05-11,XOM
Coca-Cola chairman James Quincey sells $15.78m in stock. By Investing.com,2026-05-11,XOM
Income Investors Should Know That Exxon Mobil Corporation (NYSE:XOM) Goes Ex-Dividend Soon,2026-05-11,XOM
Exxon Mobil Corp. stock (US30231G1022): Q1 earnings beat estimates,2026-05-11,XOM
Exxon Mobil Corp. stock (US30231G1022): Q1 earnings beat amid production records,2026-05-11,XOM
"Hydrogen Energy Storage Market Set to Witness Significant Growth by 2026-2033 | ITM Power, Linde plc, Air Liquide, Nel Hydrogen",2026-05-11,XOM
Hess Corporation stock (US42809H1077): GuruFocus flags 2.4% undervaluation,2026-05-11,XOM
"Structure Therapeutics Stock Is Up 47%, but One Fund Just Fully Exited a $2.6 Million Position",2026-05-11,XOM
Jennison Associates LLC Cuts Stock Holdings in JPMorgan Chase & Co. $JPM,2026-05-11,XOM
"NewEdge Wealth LLC Buys 21,519 Shares of ExxonMobil Corporation $XOM",2026-05-11,XOM
"Peak Wealth Management LLC Purchases Shares of 7,005 ExxonMobil Corporation $XOM",2026-05-11,XOM
Exxon Mobil Corp. stock outperforms competitors on strong trading day,2026-05-11,XOM
Exxon Mobil Corp stock (US30231G1022): Q1 earnings beat with $1.16 EPS,2026-05-12,XOM
Keyera closes Plains deal despite challenge by federal competition regulator,2026-05-12,XOM
"Vanguard Group Inc. Purchases 1,628,307 Shares of Hawaiian Electric Industries, Inc. $HE",2026-05-12,XOM
Exxon Mobil Corporation Shs -CAD hedged- Canadian Depositary Receipt Repr Shs Reg S Trade Ideas — TSX:XOM,2026-05-12,XOM
Hess Corp stock (US40412C1018): Acquired by Chevron in major 2025 energy deal,2026-05-12,XOM
PN Bakken: SM Energy feels winter’s wrath with flat first quarter ND output,2026-05-12,XOM
First Eagle Investment Management LLC Reduces Stock Holdings in ExxonMobil Corporation $XOM,2026-05-12,XOM
Exxon Mobil Corp (XOM) Stock Up 4.2% but GF Value Says Overvalued -- GF Score: 65/100,2026-05-12,XOM
"KLCM Advisors Inc. Purchases 7,793 Shares of ExxonMobil Corporation $XOM",2026-05-12,XOM
Does Exxon Mobil Stock Still Have Room to Run?,2026-05-12,XOM
ExxonMobil Stock Pulled Back 15%. Is It Time to Buy the Dip?,2026-05-12,XOM
UPDATED: TC Energy CEO warns Canada has 'fallen behind’ as billions in investment leaves country,2026-05-12,XOM
"Ananym urges BWX Technologies to commercialize reactor design, says shares could double",2026-05-12,XOM
Petrobras Misses Estimates,2026-05-12,XOM
Gran Tierra Energy stock (CA36116K1066): Oil producer focuses on Colombia and Ecuador assets,2026-05-12,XOM
ONEOK Inc stock (US6826801036): Shares surge 3.1% to $87.79,2026-05-12,XOM
Inflation is moving in the wrong direction for the Fed,2026-05-12,XOM
US releases another wave of emergency oil as gas prices bite,2026-05-12,XOM
"Earnings call transcript: Diamondback Energy beats Q1 2026 forecasts, stock dips",2026-05-12,XOM
A Look At BHP Group’s Valuation As Copper And Potash Ambitions Draw Fresh Investor Attention,2026-05-12,XOM
"State Street (XOM) discloses 214M-share stake, 5.1% ownership",2026-05-12,XOM
Sabine Royalty Trust (NYSE:SBR) - Stock Analysis,2026-05-12,XOM
"Why did TotalEnergies, Shell, and BP exceed expectations? The answer lies in their trading divisions.",2026-05-12,XOM
"Zacks Market Edge Highlights: Exxon, The AES and American Express,",2026-05-12,XOM
Meridian Wealth Management LLC Lowers Holdings in ExxonMobil Corporation $XOM,2026-05-12,XOM
Trek Financial LLC Raises Position in ExxonMobil Corporation $XOM,2026-05-12,XOM
SM Energy redeems $400 million in senior notes due 2026,2026-05-12,XOM
ICF International Inc (ICFI) Stock Price Today & Analysis,2026-05-12,XOM
Exxon Mobil Corp stock (US30231G1022): Q1 earnings beat lifts energy giant,2026-05-12,XOM
Chevron Corporation stock (US1667641005): Q1 earnings beat with $48.6B revenue,2026-05-12,XOM
Update from the Board of Directors of Ecopetrol S.A.,2026-05-12,XOM
"If You Buy ExxonMobil (XOM) Stock Today, Here's Where It Could Be in 5 Years",2026-05-13,XOM
"Schwartz Investment Counsel Inc. Sells 16,657 Shares of ExxonMobil Corporation $XOM",2026-05-13,XOM
A Look At Cheniere Energy Partners (CQP) Valuation After Earnings And Reaffirmed Distribution Guidance,2026-05-13,XOM
Emerson Electric stock (US2910111044): Industrial automation leader navigates market shifts,2026-05-13,XOM
Valero Energy Corp stock (US91913Y1001): Refining leader navigates energy transition,2026-05-13,XOM
Phillips 66 stock (US7185461040): CFO sells $5M shares amid Moderate Buy consensus,2026-05-13,XOM
"Exxon Mobil Corporation stock (US30231G1022): Virginia Retirement Systems buys 54,500 shares",2026-05-13,XOM
What's Going On With BP Stock Wednesday?,2026-05-13,XOM
CVX's Strong Q1 Output Growth Sparks Optimism: Is It a Buy Now?,2026-05-13,XOM
"Exxon shareholders should vote against moving legal home to Texas, ISS says (XOM:NYSE)",2026-05-13,XOM
Equinor to launch talks with European consumers on buying oil from costlier wells - Bloomberg,2026-05-13,XOM
"TotalEnergies, QatarEnergy and ConocoPhillips Sign MoU with SPC for Offshore Syria Block",2026-05-13,XOM
Gran Tierra Energy (NYSEAM:GTE) Stock Forecast & Analyst Predictions,2026-05-13,XOM
Hess Corporation stock (US42809H1077): Exploring the energy major's business and market position,2026-05-13,XOM
Imperial Oil stock (CA4530384086): Shares gain 2.41% on recent trading day,2026-05-13,XOM
SM Energy redeems $400 million in senior notes due 2026,2026-05-13,XOM
Permian Resources (NYSE:PR) Stock Forecast & Analyst Predictions,2026-05-13,XOM
Sasol Ltd stock (ZAE000006896): shares gain amid oil recovery,2026-05-13,XOM
Industry Analysts Just Upgraded Their Canadian Natural Resources Limited (TSE:CNQ) Revenue Forecasts By 11%,2026-05-13,XOM
ExxonMobil Insists Move to Texas Won't Erode Shareholder Rights,2026-05-13,XOM
The Top 5 Analyst Questions From Helmerich & Payne’s Q1 Earnings Call,2026-05-13,XOM
Chevron Corp. stock (US1667641005): Q1 2026 buybacks and steady dividend amid softer earnings,2026-05-13,XOM
"VIRGINIA RETIREMENT SYSTEMS ET Al Buys 54,500 Shares of ExxonMobil Corporation $XOM",2026-05-13,XOM
"Apple, ServiceNow, Netflix And An Energy Stock On CNBC's 'Final Trades'",2026-05-13,XOM
EOG Resources stock (US26875P1012): Independent oil producer with strong US shale focus,2026-05-13,XOM
Should You Pay Attention To Caterpillar Stock’s Momentum?,2026-05-13,XOM
SCHD Has the Scale. HDV Has the Energy Tilt. Which Dividend ETF Fits Your Portfolio?,2026-05-13,XOM
It Might Not Be A Great Idea To Buy Eni S.p.A. (BIT:ENI) For Its Next Dividend,2026-05-13,XOM
U.S. Crude Oil Inventories Post Third Straight Weekly Drop,2026-05-13,XOM
North American households still spending as fuel costs rise,2026-05-14,XOM
Kosmos Energy rating upgraded by S&P Global on oil prices,2026-05-14,XOM
Gas Prices Increasing Earlier in 2013,2026-05-14,XOM
Halliburton stock (US4062161017): Q1 2026 EPS beat fuels momentum,2026-05-14,XOM
SCHD Has the Scale. HDV Has the Energy Tilt. Which Dividend ETF Fits Your Portfolio?,2026-05-14,XOM
Dow Inc. stock (US2605571031): Latest company overview for US investors,2026-05-14,XOM
"Mideast conflict puts Argentina's Vaca Muerta shale in focus, analysts say",2026-05-14,XOM
Petrobras (NYSE: PBR) sets 2050 net-zero goal with $13B transition push,2026-05-14,XOM
Core Laboratories Inc. Common Stock (NY: CLB),2026-05-14,XOM
"MARINE PETROLEUM TRUST Q3 2026: Revenue $228.17K, Distributable income $134.15K — 10-Q Summary",2026-05-14,XOM
How to watch ExxonMobil's Bernstein fireside chat on May 28,2026-05-14,XOM
Toyota is About to Run Out of Motor Oil,2026-05-14,XOM
"18,980 Shares in ExxonMobil Corporation $XOM Bought by Rayburn West Financial Services LLC",2026-05-14,XOM
"Valero Energy Corp stock (US91913Y1001): BMO raises target to $290, dividend declared",2026-05-14,XOM
ExxonMobil to Speak at Bernstein 42nd Annual Strategic Decisions Conference,2026-05-14,XOM
Should You Invest in the First Trust NASDAQ Oil & Gas ETF (FTXN)?,2026-05-14,XOM
Is Vanguard High Dividend Yield Index Fund ETF Shares (VYM) a Strong ETF Right Now?,2026-05-14,XOM
Oil Routes Drive Uneven Economic Risk,2026-05-14,XOM
"Freemont Management S.A. Boosts Stock Holdings in Cheniere Energy, Inc. $LNG",2026-05-14,XOM
Is BHP (ASX:BHP) Quietly Recasting Its Core Identity Around Copper And Electrification?,2026-05-14,XOM
"Plancorp LLC Sells 12,234 Shares of ExxonMobil Corporation $XOM",2026-05-14,XOM
BP Trades at a Discount: Is Now the Right Time to Buy the Stock?,2026-05-14,XOM
Pipeline company Enbridge unfazed by rival oil shipping projects,2026-05-14,XOM
Exxon Mobil stock (US30231G1022): Q1 earnings miss amid oil headwinds,2026-05-14,XOM
Making AI Value Real Today,2026-05-15,XOM
"Earnings call transcript: Kolibri Global Energy’s Q1 2026 shows strong revenue, EPS miss",2026-05-15,XOM
Phillips 66 Poised for Refining Boom Amid Strong Margins and Operational Gains,2026-05-15,XOM
Exxon's once-hefty dividend is now tiny. Here's how to fix that,2026-05-15,XOM
"This 1 Exxon Income ETF Is Paying Up Big, But There Is A Catch",2026-05-15,XOM
Chevron Corp. stock (US1667641005): asset sale to ENEOS and dividend keep focus on cash returns,2026-05-15,XOM
Exxon Mobil stock (US30231G1022): oil major in focus after recent price strength and solid 2025 earnings,2026-05-15,XOM
YPF Sociedad Anónima Q1 Earnings Call Highlights,2026-05-15,XOM
Permianville Royalty Trust (PVL) resumes Q1 2026 payouts as net profits recover,2026-05-15,XOM
Exxon Mobil Corp Stock (XOM) Closed Up by 3.84% on May 15: What Signal Does It Send?,2026-05-15,XOM
Guidewire Rally Puts Russell 1000 Software Story In Focus,2026-05-15,XOM
How Will High Oil Prices Aid ExxonMobil's Energy Business?,2026-05-15,XOM
INPEX to Acquire PetroChina Stake in Australian Browse Gas Project,2026-05-15,XOM
"If You Invested $1,000 in Cross Timbers (CRT)",2026-05-15,XOM
"Bedminster LLC Makes New $805,000 Investment in ExxonMobil Corporation $XOM",2026-05-15,XOM
"Global Diethyl Ketone Market Outlook 2026-2036: Pharmaceutical Demand Accelerates Growth for Dow Inc., Arkema S.A., and Mitsui Chemicals",2026-05-15,XOM
Exxon Mobil stock (US30231G1022): A closer look at the company’s latest catalysts,2026-05-15,XOM
"Tejara Capital Ltd Purchases 34,700 Shares of SLB Limited $SLB",2026-05-15,XOM
Thrivent Financial for Lutherans Has $310.46 Million Position in ExxonMobil Corporation $XOM,2026-05-15,XOM
"If You Invested $1,000 in National Energy Services Reuni (NESR)",2026-05-15,XOM
Why is Toyota planning a new $2 billion assembly line in Texas?,2026-05-15,XOM
Is Invesco RAFI US 1000 ETF (PRF) a Strong ETF Right Now?,2026-05-15,XOM
Exxon Mobil (XOM) Price Target Trimmed by $13 at Bernstein,2026-05-15,XOM
ExxonMobil Corporation $XOM Shares Bought by Cornerstone Wealth Management LLC,2026-05-15,XOM
Scorpio Tankers Inc. Common Shares (NY: STNG) Stock Quote,2026-05-15,XOM
Valaris stock hits all-time high at $105.4 USD By Investing.com,2026-05-16,XOM
"Qsemble Capital Management LP Buys Shares of 66,702 ExxonMobil Corporation $XOM",2026-05-16,XOM
ExxonMobil Corporation $XOM is S&CO Inc.'s 3rd Largest Position,2026-05-16,XOM
Years of Rewards: $71 Bil From Home Depot Stock,2026-05-16,XOM
YPF seeks incentive programme for US$25-billion oil project,2026-05-16,XOM
Evolution Petroleum Reports Q3 2026 Results: Full Earnings Call Transcript,2026-05-16,XOM
PermRock Royalty Trust (NYSE:PRT) - Stock Analysis,2026-05-16,XOM
"Exxon Mobil Corporation stock (US30231G1022): jury verdict, dividend and earnings beat fuel momentum",2026-05-16,XOM
Nomura Growth And Income Fund Q1 2026 Commentary (FGIPX),2026-05-16,XOM
"Lockheed Martin Investment Management Co. Purchases 21,180 Shares of ExxonMobil Corporation $XOM",2026-05-16,XOM
Southern Copper (SCCO) Valuation Check After Recent Share Price Pullback And Large Growth Investment Plans,2026-05-16,XOM
Is It Too Late To Consider Canadian Natural Resources (TSX:CNQ) After A 62% One-Year Rally?,2026-05-16,XOM
"HYPE Falls 6% As CME, ICE Target Hyperliquid Over Oil Risks",2026-05-16,XOM
Berkshire Hathaway sells $8 billion in Chevron stock as oil prices soar,2026-05-16,XOM
YieldMax XOMO ETF Offers Weekly Income but Limits Upside Gains,2026-05-16,XOM
AustralianSuper Pty Ltd Has $27.46 Million Stock Position in ExxonMobil Corporation $XOM,2026-05-16,XOM
FDVV vs. HDV: Which Dividend Stock ETF is a Better Buy?,2026-05-16,XOM
DNB Asset Management AS Increases Position in ExxonMobil Corporation $XOM,2026-05-16,XOM
BP PLC Trade Ideas — BMV:BP1/N,2026-05-16,XOM
YPF seeks incentive programme for US$25-billion oil project,2026-05-17,XOM
ExxonMobil Corporation $XOM Holdings Lifted by May Hill Capital LLC,2026-05-17,XOM
"The $40,000 Tax Move That Comes After Your 401(k) Hits Its Limit",2026-05-17,XOM
Exxon to Be Watched Monday After Oil Rally and Court Ruling,2026-05-17,XOM
Ambev Slides After Initial Earnings Jump; Eyes on Next Week’s Test,2026-05-17,XOM
"Vale Shares Stand Out as Brazil Market Slips, Iron Ore Prices Stay Firm",2026-05-17,XOM
"iA Global Asset Management Inc. Purchases 50,673 Shares of ExxonMobil Corporation $XOM",2026-05-17,XOM
"Rigetti Stock Struggles, Demand for Answers Grows",2026-05-17,XOM
"WealthPlan Investment Management LLC Buys 62,544 Shares of ExxonMobil Corporation $XOM",2026-05-17,XOM
Plug Power Shares Surge 21% as Cash Questions Wait,2026-05-17,XOM
"Coeur Mining Falls 9%, With Dividend Date Ahead",2026-05-17,XOM
"ProFrac (ACDC) Stock Is Up, What You Need To Know",2026-05-17,XOM
"Dow Closes Above 50,000; Honeywell Swap Cost Index Even Higher Gains - News and Statistics",2026-05-17,XOM
Cambridge Investment Research Advisors Inc. Grows Position in ExxonMobil Corporation $XOM,2026-05-17,XOM
"Canada Post Corp Registered Pension Plan Purchases 30,789 Shares of ExxonMobil Corporation $XOM",2026-05-17,XOM
ExxonMobil Corporation $XOM Shares Sold by Barr E S & Co.,2026-05-17,XOM
"Exxon Mobil Corp stock (US30231G1022): Q1 earnings beat, climate lawsuit verdict and capital returns",2026-05-17,XOM
"Iraq in talks with Chevron, ExxonMobil, Halliburton to boost projects",2026-05-17,XOM
Evolution Petroleum Reports Q3 2026 Results: Full Earnings Call Transcript,2026-05-17,XOM
Alaska LNG secures gas supply from ConocoPhillips,2026-05-18,XOM
Alaska LNG Phase One Gas Sales Deal Signed by Glenfarne and ConocoPhillips - News and Statistics,2026-05-18,XOM
Alaska LNG secures supply deal with ConocoPhillips for pipeline project,2026-05-18,XOM
What's Going On With ConocoPhillips Stock Monday? - ConocoPhillips (NYSE:COP),2026-05-18,XOM
Exxon Mobil Corp. stock underperforms Monday when compared to competitors despite daily gains,2026-05-18,XOM
"Exxon Stock on the Move as Oil Jumps, Next Challenge in Focus",2026-05-18,XOM
Bank of America warns gas will stay near $4 through summer as lower-income households feel squeeze,2026-05-18,XOM
"Oil prices fall after Trump delays planned Iran strike, easing supply disruption fears",2026-05-18,XOM
"Helix Energy Solutions and Atlas Energy Solutions Shares Skyrocket, What You Need To Know",2026-05-18,XOM
"Seadrill, ProPetro, NOV, and Calumet Shares Are Soaring, What You Need To Know",2026-05-18,XOM
"Transocean, Nabors Industries, and Valaris Shares Skyrocket, What You Need To Know",2026-05-18,XOM
"HighPeak Energy and Expro Stocks Trade Up, What You Need To Know",2026-05-18,XOM
"Borr Drilling and Core Laboratories Shares Are Soaring, What You Need To Know",2026-05-18,XOM
BP PLC Stock (BP) Closed Up by 3.02% on May 18: What Signal Does It Send?,2026-05-18,XOM
Dorian LPG stock hits 52-week high at 41.82 USD By Investing.com,2026-05-18,XOM
"California, Exxon Face-Off Over Plastic Pollution Case’s Venue",2026-05-18,XOM
Chevron Corp. stock (US1667641005): HSBC lifts price target after mixed quarter,2026-05-18,XOM
"Halliburton EVP, Secretary and CLO Beckwith sells $8.19m common stock",2026-05-18,XOM
A Look At WD 40 (WDFC) Valuation After Earnings Beat Guidance Raise And Dividend Declaration,2026-05-18,XOM
ExxonMobil Stock Analysis: Buy or Sell?,2026-05-18,XOM
Exxon Mobil Corp. stock (US30231G1022): dividend milestone and Q1 beat keep focus on cash flows,2026-05-18,XOM
Chevron stock (US1667641005): Q1 earnings beat meets cautious outlook,2026-05-18,XOM
Why G7 Government Bond Yields Are at Their Highest Levels Since 2004,2026-05-18,XOM
"DNB Asset Management AS Sells 718,641 Shares of SLB Limited $SLB",2026-05-18,XOM
GLOBALT Investments LLC GA Has $8.97 Million Stake in ExxonMobil Corporation $XOM,2026-05-18,XOM
"6,774 Shares in ExxonMobil Corporation $XOM Purchased by Leuthold Group LLC",2026-05-18,XOM
How Austin-tied investor funds became part of a $300M Ponzi case,2026-05-18,XOM
"Integrated Investment Consultants LLC Acquires 9,324 Shares of ExxonMobil Corporation $XOM",2026-05-18,XOM
Exxon Mobil Corp. stock (US30231G1022): dividend milestone and Q1 earnings keep focus on cash flows,2026-05-18,XOM
"Glenfarne, ConocoPhillips Sign North Slope Gas Sales Precedent Agreement for Alaska LNG",2026-05-18,XOM
"Ring Energy to Participate in Water Tower Research Fireside Chat on May 20, 2026",2026-05-18,XOM
Imperial Oil stock (CA4530384086): earnings momentum and dividend growth draw attention,2026-05-18,XOM
ExxonMobil Corporation $XOM Shares Purchased by Pacific Heights Asset Management LLC,2026-05-18,XOM
Exxon Mobil Corporation (XOM) is Attracting Investor Attention: Here is What You Should Know,2026-05-18,XOM
"North Dakota State Investment Board Buys Shares of 148,678 ExxonMobil Corporation $XOM",2026-05-18,XOM
"Texas Pacific Land (NYSE: TPL) details high-margin water, desalination and data center strategy",2026-05-18,XOM
Oil Supply Disruptions Threaten a Fresh Inflation Surge,2026-05-18,XOM
Texas Pacific Land Stock Outlook: Is Wall Street Bullish or Bearish?,2026-05-18,XOM
Iran’s Building a Bitcoin Empire for the Strait of Hormuz,2026-05-18,XOM
"Seadrill, ProPetro, NOV, and Calumet Shares Are Soaring, What You Need To Know",2026-05-19,XOM
Northwestern Mutual Wealth Management Co. Cuts Stake in ExxonMobil Corporation $XOM,2026-05-19,XOM
ExxonMobil Corporation $XOM Stock Position Decreased by Resona Asset Management Co. Ltd.,2026-05-19,XOM
"Glenfarne, ConocoPhillips Ink Alaska LNG Gas Supply Deal",2026-05-19,XOM
"Chevron at $196, ExxonMobil at $160: Buy, Sell or Hold?",2026-05-19,XOM
Exxon Mobil Corp. stock (US30231G1022): Q1 2026 earnings beat and fresh dividend in focus,2026-05-19,XOM
"Envestnet Portfolio Solutions Inc. Buys 56,393 Shares of ExxonMobil Corporation $XOM",2026-05-19,XOM
This Is When Global Oil Inventories Could Recover Amid Iran War - United States Oil Fund (ARCA:USO),2026-05-19,XOM
ExxonMobil vs Chevron: The Better Dividend Stock in an Uncertain Oil Market,2026-05-19,XOM
Halliburton Introduces Advanced Solution for Complex Reservoirs,2026-05-19,XOM
Alaska LNG secures supply deal with ConocoPhillips for pipeline project,2026-05-19,XOM
Enbridge Stock Hits a 52-Week High Even as Line 5 Fight Throws Up a Fresh Risk,2026-05-19,XOM
Are High Oil Prices a Key Driver of SM's Energy Operations?,2026-05-19,XOM
ExxonMobil Corporation $XOM Shares Acquired by Larson Financial Group LLC,2026-05-19,XOM
Eni S.p.A. stock (IT0003128367): focus on strategy and latest earnings after energy market volatilit,2026-05-19,XOM
War-driven energy price spike increases risk of central bank policy errors,2026-05-19,XOM
bp approves subsea pump installation at Thunder Horse to boost production,2026-05-19,XOM
Argus Research Releases a Buy Rating on National Fuel Gas Company (NFG),2026-05-19,XOM
"Exxon Mobil (XOM) Stock Climbs for Seven Sessions, Up 33% This Y",2026-05-19,XOM
"HighPeak Energy Inc stock (US43114K1034): rising oil price, high short interest put HPK in focus",2026-05-19,XOM
"Imperial Oil Ltd stock (CA45075E1043): earnings strength, dividends and oil sands exposure in focus",2026-05-19,XOM
Market Pulse | Fixed Income and Bond Market Trends,2026-05-19,XOM
VALUE EQUITY FUND's Chevron Corp(CVX) Holding History,2026-05-19,XOM
Japan’s Energy Dependence Is Weakening the Yen,2026-05-19,XOM
ConocoPhillips Joins Alaska LNG Push,2026-05-19,XOM
What does the war in Iran mean for energy in the medium term?,2026-05-19,XOM
Exxon Mobil Corp. stock underperforms Tuesday when compared to competitors despite daily gains,2026-05-19,XOM
Canada Energy Regulator says it will hold Imperial Oil accountable for proper cleanup of Norman Wells oilfield,2026-05-19,XOM
Exxon Mobil Corporation stock (US30231G1022): price uptick and earnings beat keep energy major in fo,2026-05-20,XOM
Oil Remains Above $100: Are Permian Stocks a Smart Bet Now?,2026-05-20,XOM
"Exxon Mobil Corporation (XOM): Graham Stephan Might Have Moved On, But Core Thesis Remains Intact",2026-05-20,XOM
Exxon Mobil Corp. stock underperforms Wednesday when compared to competitors,2026-05-20,XOM
Bond Markets Are Quietly Repricing the Inflation Outlook,2026-05-20,XOM
BP plc stock (GB0007980591): Energy major’s recent moves keep investors focused,2026-05-20,XOM
Exxon Mobil Corp Stock (XOM) Moved Down by 3.22% on May 20: Drivers Behind the Movement,2026-05-20,XOM
"4 Low-Beta Stocks for a Steadier Portfolio: LQDA, XOM, VLO & FANG",2026-05-20,XOM
What does the war in Iran mean for energy in the medium term?,2026-05-20,XOM
Is ExxonMobil Positioned to Capitalize on Rising LNG & Power Demand?,2026-05-20,XOM
"Transocean, Nabors Industries, and Valaris Shares Skyrocket, What You Need To Know",2026-05-20,XOM
"Seadrill, ProPetro, NOV, and Calumet Shares Are Soaring, What You Need To Know",2026-05-20,XOM
Stocks Finish Sharply Higher on Iran Hopes,2026-05-20,XOM
"CNBC Daily Open: Nvidia posts strong quarter, as AI leaders race to IPO",2026-05-20,XOM
"Exxon and Pioneer units sell 16.6M ProPetro (PUMP) shares, cut stake to 0%",2026-05-20,XOM
ConocoPhillips Inks Alaska LNG Deal to Supply Domestic Consumers,2026-05-20,XOM
GeoPark says Venezuela now 'emerging priority',2026-05-20,XOM
"Nvidia, Analog Devices rise premarket; Chevron, Exxon Mobil drop",2026-05-20,XOM
The energy shock isn’t likely to trigger a US recession in 2026,2026-05-20,XOM
Valero Energy stock (US91913Y1001): latest earnings and dividend take center stage,2026-05-20,XOM
A Look At Air Products And Chemicals (APD) Valuation After Recent Share Price Moves,2026-05-20,XOM
Cosan S.A. stock (BRCSANACNOR6): earnings update and growth plans draw investor focus,2026-05-20,XOM
BP p.l.c. stock (GB0007980591): Shares climb after stronger quarterly profit sparks fresh debate,2026-05-20,XOM
Exxon Mobil Corp. stock (US30231G1022): energy giant navigates oil price volatility and transition b,2026-05-20,XOM
Energy Stocks Are Secretly Better Than Treasuries. Here's Why Bob Brackett Is Loading Up on Exxon and Chevron.,2026-05-20,XOM
"Adell Harriman & Carpenter Inc. Sells 58,767 Shares of ExxonMobil Corporation $XOM",2026-05-20,XOM
Chevron stock (US1667641005): Q1 earnings and oil rally keep momentum in focus,2026-05-20,XOM
"World Underestimating Iran War Impact on LNG, Says Woodside CEO",2026-05-20,XOM
Cullen Frost Bankers Inc. Reduces Position in ExxonMobil Corporation $XOM,2026-05-20,XOM
Infinity Natural Resources Production Reset Raises Scale And Profitability Questions,2026-05-20,XOM
North Dakota State Investment Board Purchases New Position in Marathon Petroleum Corporation $MPC,2026-05-20,XOM
Murphy Oil Corp (NYSE:MUR) Scores Perfect Technical Rating Ahead of Potential Breakout,2026-05-20,XOM
FDVV vs. HDV: Which Dividend Stock ETF is a Better Buy?,2026-05-20,XOM
Why Is AutoNation Stock Trending Right Now,2026-05-20,XOM
"PNC Financial Services Group Inc. Sells 262,161 Shares of ExxonMobil Corporation $XOM",2026-05-20,XOM
Little House Capital LLC Grows Stock Holdings in ExxonMobil Corporation $XOM,2026-05-20,XOM
Three S&P 500 Value ETFs Beating Some Growth Rivals in 2026 and Most Investors Are Still Looking the Other Way,2026-05-21,XOM
Sector Update: Energy Stocks Decline Thursday Afternoon,2026-05-21,XOM
Sector Update: Energy Stocks Decline Late Afternoon,2026-05-21,XOM
Chevron Corp. stock (US1667641005): Q1 2026 earnings in focus as oil major prepares for Bernstein appearance,2026-05-21,XOM
CNBC Daily Open: Dow at all-time high as Iran reviews peace deal,2026-05-21,XOM
EC vs. XOM: Which Stock Is the Better Value Option?,2026-05-21,XOM
Can Refining Strength Drive Petrobras' Earnings Growth?,2026-05-21,XOM
Exxon Mobil in talks to return to Venezuela oil fields,2026-05-21,XOM
Hess Corporation stock (US42809H1077): Chevron takeover plans keep spotlight on oil producer,2026-05-21,XOM
How ExxonMobil’s Governance Clash With ISS and Fraud-Case Shift Will Impact Exxon Mobil (XOM) Investors,2026-05-21,XOM
"Zacks.com featured highlights include Liquidia, Exxon Mobil, Valero Energy and Diamondback Energy",2026-05-21,XOM
AI Data Centers Are About to Break the Grid. One Company Just Spent $67 Billion to Fix It,2026-05-21,XOM
3 Soaring Dividend Aristocrats That Wall Street Says to Buy Now,2026-05-21,XOM
Now is the best time to open a gas credit card: Earn up to 15 cents off per gallon or 3X rewards on fuel,2026-05-21,XOM
"An AI trade involving energy and infrastructure that's doubled your money, topping Nvidia",2026-05-21,XOM
Weatherford Awarded Deepwater Integrated Completions Contract with ExxonMobil in Nigeria,2026-05-21,XOM
CORRECTION: 'Exxon Blasts Proxy Advisers for Conflict of Interest in Fight Over Texas Move' - WSJ Exclusive,2026-05-21,XOM
"QatarEnergy Signs MoU With Egypt, ExxonMobil Over Potential Development, Commercialization Of Gas Discoveries In Cyprus",2026-05-21,XOM
ExxonMobil Corporation $XOM Shares Acquired by Mach 1 Financial Group LLC,2026-05-21,XOM
Glenfarne has precedent agreement with ConocoPhillips for gas sales,2026-05-21,XOM
"'Exxon May Return to Venezuela, Ending a Long Fight With Its Leaders' - The New York Times",2026-05-21,XOM
"Exxon, Massachusetts Clash Over Climate Damages, Public Records",2026-05-21,XOM
Oil Volatility Starts Threatening the S&P 500 Rally,2026-05-21,XOM
"Exxon may acquire rights to produce oil in Venezuela, New York Times reports",2026-05-21,XOM
"Exxon, QatarEnergy sign MoU with Egypt to study Cyprus gas development (XOM:NYSE)",2026-05-21,XOM
ExxonMobil's Resilience: What Sets it Apart in Uncertain Times,2026-05-21,XOM
Exclusive | Exxon Blasts Proxy Advisers for Conflict of Interest in Fight Over Texas Move,2026-05-21,XOM
Can ConocoPhillips Sustain Long-Term Growth in the Lower 48?,2026-05-21,XOM
Crown Castle Names Kris Hinson as Chief Commercial Officer and Mark Lennon as Chief Information Officer,2026-05-21,XOM
Precision Trading with Exxon Mobil Corporation (XOM) Risk Zones,2026-05-21,XOM
"QatarEnergy, ExxonMobil sign deal with Egypt to study Cyprus gas development",2026-05-21,XOM
"Indonesia, Malaysia have approved asset transfers to new Eni-Petronas JV, Petronas exec says",2026-05-21,XOM
Devon Energy Enhances Permian Inventory in Federal Lease Sale,2026-05-21,XOM
ExxonMobil Corporation $XOM Shares Bought by Rathbones Group PLC,2026-05-21,XOM
Trump's Record Oil Reserve Drawdown Is Becoming A One-Way Bet,2026-05-21,XOM
"Barnwell weighs sale of Canadian oil assets as it cuts costs, raises cash",2026-05-21,XOM
Rathbones Group PLC Increases Position in Chevron Corporation $CVX,2026-05-21,XOM
"Chevron stock (US1667641005): Oil price swings, Q1 beat and a 3% drop",2026-05-21,XOM
Years of Rewards: $58 Bil From Verizon Communications Stock,2026-05-21,XOM
"Hess Corp stock (US40412C1018): Exxon deal, Guyana JV and oil price swings keep investors on edge",2026-05-21,XOM
Exxon Mobil Earnings Call Highlights Resilient Growth,2026-05-21,XOM
Hess Corporation stock (US42809H1077): Chevron deal and Guyana assets keep focus on future strategy,2026-05-21,XOM
Exxon Mobil stock (US30231G1022): quarterly earnings beat meets share price pressure,2026-05-21,XOM
TravelCenters of America to Offer Synthetic Blend Diesel Engine Oil,2026-05-21,XOM
Dorian LPG Fiscal 2026 Results: Revenue Surge Amid Middle East Conflict - News and Statistics,2026-05-21,XOM
YieldMax Innovation Option Income Strategy ETF announces weekly distribution of $0.2399,2026-05-21,XOM
"SM Energy, Transocean, and Valaris Shares Are Falling, What You Need To Know",2026-05-21,XOM
"Newsom's office warns Californians to avoid Chevron this holiday weekend, citing high gas prices",2026-05-21,XOM
Credo Technology and Birkenstock have been highlighted as Zacks Bull and Bear of the Day,2026-05-21,XOM
Devon Energy Strengthens Market Position In NYSE Composite,2026-05-21,XOM
"Exxon Is Nearing a Deal to Pump Oil in Venezuela, Marking a Victory for Trump",2026-05-21,XOM
Lockheed Martin Corporation Trade Ideas — BVL:LMTUS,2026-05-21,XOM
EC Stock Price and Chart — NYSE:EC,2026-05-22,XOM
Glenfarne and ConocoPhillips Secure Gas Supply for Alaska LNG Phase One,2026-05-22,XOM
"Chicago Rivet & Machine director Cooney buys $8,865 in stock By Investing.com",2026-05-22,XOM
Axxcess Wealth Management LLC Has $98.16 Million Stock Holdings in ExxonMobil Corporation $XOM,2026-05-22,XOM
"HighTower Advisors LLC Acquires 6,058 Shares of Phillips 66 $PSX",2026-05-22,XOM
Profit surge and strategic review reshape outlook at Golar LNG (NASDAQ: GLNG),2026-05-22,XOM
Borr Drilling’s First Quarter Profit Takes Hit as Odin Rig Start-Up Lags,2026-05-22,XOM
Imperial Oil stock (CA4530384086): regulator presses for Norman Wells cleanup clarity,2026-05-22,XOM
Meiji Yasuda Asset Management Co Ltd. Reduces Stock Position in ExxonMobil Corporation $XOM,2026-05-22,XOM
"Keudell Morrison Wealth Management Acquires Shares of 38,301 ExxonMobil Corporation $XOM",2026-05-22,XOM
"Playboy director Tracey E Edmonds sells $68,463 in PLBY stock By Investing.com",2026-05-22,XOM
"ExxonMobil, QatarEnergy Eye Egypt Facilities for Potential Cyprus Gas",2026-05-22,XOM
Woodside Energy Group Ltd stock (AU000000WDS3): LNG growth meets volatile energy markets,2026-05-22,XOM
How High Can Gasoline Rise During the 2026 Driving Season?,2026-05-22,XOM
WEX: Fuel Prices Continue to Climb in March,2026-05-22,XOM
WTI|W&T Offshore Inc|Price:4.430|Chg%:0.04,2026-05-22,XOM
Permian Basin Royalty Trust stock hits all-time high at 32.14 USD,2026-05-22,XOM
EQT News | EQT CORP (NYSE:EQT),2026-05-22,XOM
Axia Energia SA,2026-05-22,XOM
ConocoPhillips plans 10 wells at Kuparuk,2026-05-22,XOM
Suncor Energy stock (CA8672241079): oil sands giant in focus as shares rally in 2026,2026-05-22,XOM
ConocoPhillips (COP) and Glenfarne’s Alaska LNG Sign 30-Year Natural Gas Supply Agreement,2026-05-22,XOM
"Trump Says 'I Want Kevin To Be Totally Independent,' But Prediction Markets Don't Believe In Cuts",2026-05-22,XOM
More Gas Per Barrel of Oil: A Growth Lever for Permian Operators,2026-05-22,XOM
Egypt to ship Cypriot gas to Europe in QatarEnergy deal,2026-05-22,XOM
Prediction: Alphabet Will Join the $5 Trillion Club and the Dow Jones Industrial Average in June,2026-05-22,XOM
"The Dividend Stocks That Can Replace a $65,000 Income and What They’ll Cost You",2026-05-22,XOM
ConocoPhillips CEO sounds alarm on a growing oil problem,2026-05-23,XOM
ExxonMobil Corporation $XOM Shares Purchased by EverSource Wealth Advisors LLC,2026-05-23,XOM
PSX News | PHILLIPS 66 (NYSE:PSX),2026-05-23,XOM
Crown Castle Names Kris Hinson as Chief Commercial Officer and Mark Lennon as Chief Information Officer,2026-05-23,XOM
After Combing Through the Energy Sector These 3 Oil and Gas ETFs Are Up Over 29 Percent As the Hormuz Crisis Keeps Crude Above $100,2026-05-23,XOM
"Brent Crude Is Up 85% Since January. OXY, XOM, and CVX Are Playing It Very Differently.",2026-05-23,XOM
Chevron director John B Hess sells $73.4m in common stock,2026-05-23,XOM
Ryder Introduces New Transportation Solutions for Oil and Gas Industry,2026-05-23,XOM
Is Exxon Mobil (XOM) One of the Best Low Risk Stocks to Buy in 2026?,2026-05-23,XOM
Here Are My Top 3 Oil Stocks Right Now,2026-05-23,XOM
Don't Expect Oil Prices to Drop Until 2027. Here Are 2 Stocks to Buy for This Exact Scenario.,2026-05-23,XOM
EOG Resources Doubles Buybacks To Deepen Cash Returns And Per Share Focus,2026-05-23,XOM
"Glenfarne, ConocoPhillips Sign North Slope Gas Sales Precedent Agreement for Alaska LNG",2026-05-23,XOM
WEYS News | WEYCO GROUP INC (NASDAQ:WEYS),2026-05-23,XOM
"HDV: This May Not Be The ETF You Want, But It Could Be The One You Need Right Now",2026-05-23,XOM
Exxon Mobil Weighs Venezuela Return And What It Means For XOM Valuation,2026-05-23,XOM
"A Massive Energy Crisis Is Brewing, And It Could Change Everything For Markets",2026-05-23,XOM
BGR: Oil Prices Could Go Much Higher And This Fund Would Benefit,2026-05-23,XOM
"Principle Wealth Partners LLC Buys 14,623 Shares of ExxonMobil Corporation $XOM",2026-05-23,XOM
"Markel Group Inc. Buys 35,000 Shares of ExxonMobil Corporation $XOM",2026-05-23,XOM
ExxonMobil Corporation $XOM Shares Bought by Mizuho Markets Cayman LP,2026-05-23,XOM
New Polls Show Economic Anxiety Dragging On Trump's Approval,2026-05-23,XOM
St. Louis Trust Co Has $5.42 Million Stake in ExxonMobil Corporation $XOM,2026-05-24,XOM
Alaska LNG locks in ConocoPhillips gas for mammoth 807-mile pipeline,2026-05-24,XOM
"How Direct Indexing May Produce $19,000 in Annual Income on a $700,000 Portfolio",2026-05-24,XOM
Why Exxon Mobil’s (XOM) Board Proposals Are Drawing Investor Attention,2026-05-24,XOM
Alaska's oil revival sparks a new energy rush into the Arctic,2026-05-24,XOM
Alaska’s Oil Revival Sparks a New Energy Rush Into the Arctic,2026-05-24,XOM
Why Retirees Love This $5.85 Billion Value ETF (and What Could Wreck It),2026-05-24,XOM
ExxonMobil Plant Closure In Scotland And What It Could Mean For XOM,2026-05-24,XOM
Future Dividend Kings - Part Two,2026-05-24,XOM
"Scottish Government will be ‘bold, innovative and ambitious’ on industry – Flynn",2026-05-24,XOM
"It took over a decade, but NextDecade’s longshot bet to lead LNG in Texas is finally paying off",2026-05-24,XOM
Hess Corporation stock (US42809H1077): Chevron deal progress keeps focus on future cash flows,2026-05-24,XOM
LSV Asset Management Trims ExxonMobil (NYSE: XOM) Stock Position by 2.3%,2026-05-24,XOM
ExxonMobil Corporation $XOM Shares Sold by Prospera Financial Services Inc,2026-05-24,XOM
"7,968 Shares in ExxonMobil Corporation $XOM Bought by Carroll Advisory Group LLC",2026-05-24,XOM
Catalyst Funds Management Pty Ltd Has $3.25 Million Position in ExxonMobil Corporation $XOM,2026-05-24,XOM
Oil Above $90: Is ExxonMobil a Better Buy Than ConocoPhillips?,2026-05-25,XOM
Tenaris Invests Over CAD 300M in Ontario Pipe Production with Government Support - News and Statistics,2026-05-25,XOM
"Legal & General Group Plc Sells 504,316 Shares of ExxonMobil Corporation $XOM",2026-05-25,XOM
Chevron Corporation stock (US1667641005): dividend strength and energy cycle in focus after recent updates,2026-05-25,XOM
Glenview Trust Co Raises Holdings in ExxonMobil Corporation $XOM,2026-05-25,XOM
APA Corporation $APA Position Boosted by HighTower Advisors LLC,2026-05-25,XOM
Hantz Financial Services Inc. Reduces Holdings in ExxonMobil Corporation $XOM,2026-05-25,XOM
Clearstead Advisors LLC Raises Stock Holdings in ExxonMobil Corporation $XOM,2026-05-25,XOM
MTDR Strengthens Delaware Basin Footprint With Lease Acquisition,2026-05-25,XOM
VIG Investors: Watch the 10-Year Treasury Yield This Week—4.75% Is the Danger Line,2026-05-25,XOM
Tsakos Energy Navigation Q1 Earnings Call Highlights,2026-05-25,XOM
Should iShares MSCI USA Min Vol Factor ETF (USMV) Be on Your Investing Radar?,2026-05-25,XOM
Chevron stock (US1667641005): Q1 earnings beat as revenue missed,2026-05-25,XOM
Eni S.p.A. stock (IT0003128367): Venezuela oil deal and energy transition in focus,2026-05-25,XOM
"6,699 Shares in ExxonMobil Corporation $XOM Bought by Redstone Wealth Management LLC",2026-05-25,XOM
ConocoPhillips Stock (COP) Moved Down by 3.43% on May 26: What Investors Need To Know,2026-05-26,XOM
Is Exxon Mobil (XOM) Still Attractive After A 49% One Year Share Price Surge?,2026-05-26,XOM
Alaska’s Oil Revival Gains Momentum,2026-05-26,XOM
Stocks Finish Mostly Higher on Iran Peace Progress,2026-05-26,XOM
5 High-Yield Stocks and ETFs to Buy and Hold for the Next Decade,2026-05-26,XOM
S&P 500 and Nasdaq 100 Climb to Record Highs on Tech Stock Strength,2026-05-26,XOM
"Stocks making the biggest moves midday: Micron Technology, AutoZone, Qualcomm, Oklo & more",2026-05-26,XOM
'Occidental Petroleum To Acquire 10% Stake In Exxon Deepwater Block Offshore Trinidad' - Reuters Exclusive,2026-05-26,XOM
Progress on Potential Middle East Peace Agreement Drives US Equity Futures Higher Pre-Bell,2026-05-26,XOM
Exxon Mobil (XOM) in Talks to Re-Enter Venezuela After Nearly Two Decades,2026-05-26,XOM
"Intel, Exxon, and 10 More Stocks That Explain Today’s Market",2026-05-26,XOM
Exxon Mobil Corp stock (US30231G1022): earnings momentum and capital returns in focus for US investo,2026-05-26,XOM
"Stocks making the biggest moves premarket: Ferrari, Lear, Intuitive Machines, Micron Technology and more",2026-05-26,XOM
3 Blue Chip Dividend Stocks to Buy in June as the Dow Jones Industrial Average Turns 130,2026-05-26,XOM
"USO, UCO, BATL, XOM Slip: Oil Dips Below $100 After Trump Says Iran Talks ‘Proceeding Nicely’",2026-05-26,XOM
My Dividend Stock Portfolio: New April Dividend Record - 100 Holdings With 5 Buys,2026-05-26,XOM
ConocoPhillips Weighs Syria Offshore Entry And Added Geopolitical Risk,2026-05-26,XOM
GPRE - Analysts Revise Green Plains Price Target Amid Mixed Sentiment and Industry Developments,2026-05-26,XOM
"Exxon, ConocoPhillips Push for Safeguards Before Returning to Venezuela, Bloomberg Reports",2026-05-26,XOM
Was World Sugar’s Price Weak Considering the Action in Crude Oil?,2026-05-26,XOM
Chevron Corp Stock (CVX) Moved Down by 3.05% on May 26: What Investors Need To Know,2026-05-26,XOM
"Exxon, ConocoPhillips seek safeguards to return to Venezuela",2026-05-26,XOM
5 Top-Ranked High-Yielding Energy Stocks to Buy for a Stable Portfolio,2026-05-26,XOM
Northern Oil & Gas Reaches First Deal for Canadian Energy Assets,2026-05-26,XOM
Here's How CVE Targets Higher Output Through Its Broad Asset Portfolio,2026-05-26,XOM
Price to earnings ratio of Exxon Mobil Corp Shs Cert Deposito Arg Repr 0.1 Shs – BCBA:XOM.CI,2026-05-26,XOM
Bleakley Financial Group LLC Increases Stock Holdings in ExxonMobil Corporation $XOM,2026-05-26,XOM
‘I need Chevron’: The oil company at the center of the California governor’s race,2026-05-26,XOM
"Gas Prices Hit Highest Memorial Day Level Since 2022, Ross Gerber Says Lower Costs Are 'Critical For The Economy'",2026-05-26,XOM
Exxon Mobil Corporation stock (US30231G1022): Q1 2026 earnings beat and Guyana boost draw investor focus,2026-05-26,XOM
Oil Prices Dip Below $100 Amid U.S.-Iran Negotiation Hopes,2026-05-26,XOM
Occidental Petroleum to Acquire 10% Stake in Exxon Mobil's Trinidad Exploration Block,2026-05-26,XOM
"Exxon, ConocoPhillips seek safeguards to return to Venezuela - Bloomberg (XOM:NYSE)",2026-05-26,XOM
Exxon Mobil Corp Stock (XOM) Moved Down by 3.31% on May 26: Drivers Behind the Movement,2026-05-26,XOM
"Allstate Corp Acquires 171,004 Shares of ExxonMobil Corporation $XOM",2026-05-26,XOM
SLB slides as oil prices pull back on hopes for Strait of Hormuz reopening,2026-05-27,XOM
Exxon shareholders approve legal shift to Texas from New Jersey,2026-05-27,XOM
Director Jeffrey Ubben (NYSE: XOM) files Form 4 with no trades,2026-05-27,XOM
Exxon Shareholders Strike Down Changes to Retail Voting Program,2026-05-27,XOM
Exxon Mobil Corp. stock underperforms Wednesday when compared to competitors,2026-05-27,XOM
YieldMax XOM Option Income Strategy ETF announces weekly distribution of $0.0788,2026-05-27,XOM
"Data Storage Corp chairman & CEO Piluso sells $333,309 in shares",2026-05-27,XOM
Former bp chair disputes ouster after governance allegations,2026-05-27,XOM
Exxon Goes All-In on Texas. It’s a Corporate Power Play.,2026-05-27,XOM
"ExxonMobil, ConocoPhillips negotiate possible Venezuela comeback",2026-05-27,XOM
Exxon wins approval to move from New Jersey to Texas,2026-05-27,XOM
Why HighPeak Energy (HPK) Shares Are Trading Lower Today,2026-05-27,XOM
ExxonMobil shareholders approve moving company's legal home from New Jersey to Texas,2026-05-27,XOM
This Combination of 3 Dividend Aristocrats Provides Monthly Payouts,2026-05-27,XOM
10 Safe Stocks to Buy for the Long Term in 2026,2026-05-27,XOM
ExxonMobil shareholders approve move to Texas,2026-05-27,XOM
Knights of Columbus Asset Advisors LLC Raises Position in ExxonMobil Corporation $XOM,2026-05-27,XOM
Hewlett Packard Rally Tests S&P 500 Valuation View,2026-05-27,XOM
Wells Fargo Stock On Fire: Up 5.6% With 6-Day Winning Streak,2026-05-27,XOM
Lockheed Martin and Raytheon Secure New Defense Contracts,2026-05-27,XOM
Argentina's YPF to Invest US$25 Billion in Vaca Muerta,2026-05-27,XOM
"GS Investments Inc. Has $704,000 Holdings in ExxonMobil Corporation $XOM",2026-05-27,XOM
Devon Energy Falls as Oil Prices Slide and Investors Weigh a $2.6B Delaware Basin Lease Purchase,2026-05-27,XOM
"Mizuho Adjusts Price Target on EOG Resources to $157 From $149, Maintains Neutral Rating",2026-05-27,XOM
"Exxon wins shareholder backing for Texas move, defeats retail voting proposal",2026-05-27,XOM
"Mizuho Securities Adjusts PT on Occidental Petroleum to $75 From $72, Maintains Outperform Rating",2026-05-27,XOM
"Floods, fuel shortages, yet Indonesia Energy readies new oil well",2026-05-27,XOM
ICE's Total Futures and Options at Record Open Interest as Global Natural Gas and Power Markets Reach Record Levels of Liquidity,2026-05-27,XOM
"Update: Market Chatter: Exxon, ConocoPhillips Push for Safeguards Before Returning to Venezuela",2026-05-27,XOM
Exxon shareholders approve redomicile to Texas from New Jersey (XOM:NYSE),2026-05-27,XOM
Ituran Location and Control stock hits all-time high at 62.96 USD,2026-05-27,XOM
Eni Advances Baleine Phase 3 Expansion With Investment Approval,2026-05-27,XOM
ExxonMobil Corporation $XOM Shares Acquired by King Luther Capital Management Corp,2026-05-27,XOM
"Flputnam Investment Management Co. Buys 7,254 Shares of ExxonMobil Corporation $XOM",2026-05-27,XOM
Exxon Mobil Corporation stock (US30231G1022): Guyana expansion and earnings shape the next chapter,2026-05-27,XOM
西方石油插旗加勒比深水油田，攜手艾克森美孚押注下一個圭亞那奇蹟,2026-05-27,XOM
Why Is the US Stock Market Down Today?,2026-05-27,XOM
ExxonMobil (NYSE:XOM) Shares Down 1.3% - What's Next?,2026-05-27,XOM
M3 Wealth Management LLC Acquires New Position in ExxonMobil Corporation $XOM,2026-05-27,XOM
"Employees Retirement System of Texas Acquires 47,838 Shares of ExxonMobil Corporation $XOM",2026-05-27,XOM
Why analyst sees ExxonMobil stock outperforming the S&P 500 in 2026,2026-05-27,XOM
"Seadrill, Kosmos Energy, and Tidewater Stocks Trade Down, What You Need To Know",2026-05-27,XOM
Stocks Settle Mixed on Conflicting US-Iran Signals,2026-05-27,XOM
Exxon Goes All In on Texas. It’s a Corporate Power Play.,2026-05-27,XOM
ExxonMobil Seeks Guyana EPA Clearance for Ninth Stabroek Development,2026-05-27,XOM
CNBC Daily Open: Oil falls on Iran peace hopes — then U.S. launches airstrikes,2026-05-27,XOM
Stocks Mixed Awaiting Fresh Iran News,2026-05-27,XOM
"S&P 500, Nasdaq Rally, Middle East Peace Optimism Drive US Equity Futures Higher Pre-Bell",2026-05-27,XOM
Energy Stocks Are Secretly Better Than Treasuries. Here’s Why Bob Brackett Is Loading Up on Exxon and Chevron.,2026-05-27,XOM
"UPDATE: Exxon Mobil, Annual General Meeting, Investors Approve Board's Proposal To Redomicile In Texas; Exxon Mobil Investors Reject Proposal To Modify Company's Retail Voting Program",2026-05-27,XOM
"Mizuho Maintains Neutral on Exxon Mobil, Raises Price Target to $175",2026-05-27,XOM
Best Dividend Aristocrats: May 2026,2026-05-27,XOM
ExxonMobil Texas move ignites battle over shareholder rights,2026-05-27,XOM
BP’s Ousted Chairman Manifold Disputes Wrongdoing Claims,2026-05-27,XOM
Montera Infrastructure Promotes Tricia Arneson to Chief Operating Officer,2026-05-27,XOM
"7,035 Shares in ExxonMobil Corporation $XOM Acquired by Connecticut Capital Management Group LLC",2026-05-28,XOM
Exxon Mobil Corporation (XOM) Stock Analysis And Prediction 2025 - Xom Stock News Día De La Madre (BZ82ZQw9H0),2026-05-28,XOM
ExxonMobil (NYSE:XOM) Stock Rating Lowered by Zacks Research,2026-05-28,XOM
Sasol Share Price Risks Falling Below R200 After Analyst Downgrades amid Crude Oil Reversal,2026-05-28,XOM
Occidental Petroleum Corporation $OXY Shares Purchased by Bleakley Financial Group LLC,2026-05-28,XOM
Depogrid: Next Generation Unstructured Grids for Accurate Reservoir Modeling and Simulation,2026-05-28,XOM
"Exxon shareholders OK moving legal HQ to Texas, going against proxy advisers' recommendations",2026-05-28,XOM
Tamboran's Big Bet: Dominance in Australia's Contested Beetaloo Basin,2026-05-28,XOM
"BP set to take over offshore natural gas project in Azerbaijan, sources say",2026-05-28,XOM
2 Monster Energy Stocks to Hold for the Next 10 Years,2026-05-28,XOM
ExxonMobil shareholders approve moving company’s legal home from New Jersey to Texas,2026-05-28,XOM
Do Higher Oil Prices Send World Sugar Futures Higher?,2026-05-28,XOM
IXC climbed 52% in a year but income investors face a reckoning,2026-05-28,XOM
Occidental Petroleum vs Exxon Mobil: The Better Oil Titan For 2026,2026-05-28,XOM
ExxonMobil Corporation $XOM Shares Bought by Kingsview Wealth Management LLC,2026-05-28,XOM
Inside Exxon’s Dilemma Over Returning to Venezuela,2026-05-28,XOM
"Costco gas demand hits records, as shoppers try to stay ahead of future price spikes",2026-05-28,XOM
Exxon won the vote. NYC pension funds aren’t done fighting.,2026-05-28,XOM
Alberta's proposed pipeline to B.C. will cost sector $100 billion: Imperial CEO,2026-05-28,XOM
"NextEra Energy, Inc. (NEE) Sets Sights on Growing Data Center Opportunity on Dominion Energy Acquisition",2026-05-28,XOM
Huntington National Bank Increases Holdings in ExxonMobil Corporation $XOM,2026-05-28,XOM
Ted Cruz Slams Gavin Newsom And California's 'Stupid Energy Policies' As He Fills His Gas Tank In Texas: 'The Problem Isn't Chevron',2026-05-28,XOM
Composure in the Crosswinds: At the Table with BNY Experts,2026-05-28,XOM
"US, Iran Reportedly Agree To Extend Ceasefire 60 Days, Open Nuclear Talks—But Prediction Markets Are Skeptical",2026-05-28,XOM
Prediction: ExxonMobil Will Outperform the S&P 500 in 2026,2026-05-28,XOM
Exxon Mobil’s Haimara Project In Guyana And What It Means For XOM,2026-05-28,XOM
"Building A $100,000 All-Weather Dividend Portfolio For May 2026",2026-05-28,XOM
Exxon Mobil Executive Says It Could Take Four To Six Weeks For Global Oil Supply Chains To Normalize After Any Reopening Of The Strait Of Hormuz;  It Will Take Time To Understand Whether Venezuela Can Compete For Capital In Exxon Mobil's Portfolio; Co Has Teams In Venezuela Now To Assess Technically The State Of The Assets,2026-05-28,XOM
AI Has Caused a Software Winter for Markets. Snowflake’s Success Won’t End It.,2026-05-28,XOM
Kinaxis Convenes Global Supply Chain Leaders at Kinexions North America to Advance Agentic AI and Decision Orchestration,2026-05-28,XOM
"Mizuho Increases 2026 and 2027 Oil Price Outlooks, Lifts Exxon Mobil (XOM) Target",2026-05-28,XOM
Texas Stock Exchange CEO: exchanges can build on Exxon’s retail model to rein in proxy advisors,2026-05-28,XOM
Here's How BP is Balancing Fossil Fuels & Renewables for Cleaner Air,2026-05-28,XOM
"Exxon warns oil inventories will hit dangerously low levels in weeks, forcing prices to shoot higher",2026-05-28,XOM
Exxon Mobil Corporation (XOM) Presents at Bernstein 42nd Annual Strategic Decisions Conference Transcript,2026-05-28,XOM
CNBC Daily Open: Tech earnings defy Iran strikes and inflation concerns,2026-05-28,XOM
Top Big Oil Stocks to Buy Now,2026-05-28,XOM
Is Exxon Mobil Stock Underperforming the Dow?,2026-05-28,XOM
"Geode Capital Management LLC Purchases 45,340 Shares of Phillips 66 $PSX",2026-05-29,XOM
2 ETFs That Have Held Up Best During Every Recent Market Pullback,2026-05-29,XOM
Fideuram Asset Management Ireland dac Takes Position in ExxonMobil Corporation $XOM,2026-05-29,XOM
Gold Safe Haven Appeal Weakens,2026-05-29,XOM
庫存臨界點逼近，艾克森美孚示警油價恐數週內直線飆升,2026-05-29,XOM
Oil Markets Are Running Out of Economic Escape Routes,2026-05-29,XOM
Exxon Mobil Corporation (XOM.US) Warns Oil Inventories to Fall to Historic Lows in Coming Weeks,2026-05-29,XOM
EQIN ETF | Columbia U.S. Equity Income ETF,2026-05-29,XOM
"Ship attacks continue in Strait of Hormuz despite peace talks, Chevron says",2026-05-29,XOM
Chevron CEO Mike Wirth on Strait of Hormuz Dangers and Shipowner Decisions - News and Statistics,2026-05-29,XOM
Why ExxonMobil's Strong Balance Sheet Matters for Investors,2026-05-29,XOM
Seoul plans to impose cap on LNG prices to shield households from power cost surge,2026-05-29,XOM
Chevron CEO: Multiple Ships Attacked In Strait of Hormuz,2026-05-29,XOM
Cenovus Ramps Up Christina Lake North Asset to Drive Future Output,2026-05-29,XOM
"ExxonMobil (XOM) investors back board, redomiciliation and pay, reject chair change",2026-05-29,XOM
3 Energy Growth Stocks Riding Supply Risks and Strong Demand,2026-05-29,XOM
Canadian Natural Resources vs. Enbridge: Which Dividend Stock Looks Better Today?,2026-05-29,XOM
ExxonMobil Corporation $XOM Shares Bought by Linscomb Wealth Inc.,2026-05-29,XOM
Has The Share Price Rally In Exxon Mobil (XOM) Left Further Upside On The Table?,2026-05-29,XOM
"Valpey Financial Services LLC Purchases 472,475 Shares of ExxonMobil Corporation $XOM",2026-05-29,XOM
National Pension Service Has $1.12 Billion Position in ExxonMobil Corporation $XOM,2026-05-29,XOM
"Intech Investment Management LLC Increases Position in Cheniere Energy, Inc. $LNG",2026-05-29,XOM
ExxonMobil Corporation $XOM Shares Sold by Intech Investment Management LLC,2026-05-29,XOM
Unpacking Q1 Earnings: ConocoPhillips (NYSE:COP) In The Context Of Other Diversified Upstream E&P Stocks,2026-05-29,XOM
"Kingsoft Cloud (NASDAQ: KC) outlines AGM, mandates and Xiaomi caps",2026-05-29,XOM
Exxon widens losses to seventh straight session (XOM:NYSE),2026-05-29,XOM
Phillips 66 Rose 7% Over the Last 30 Days. Here’s What Could Drive the Stock in 2026,2026-05-29,XOM
SBI Okasan Asset Management Co.Ltd. Invests $1.99 Million in ExxonMobil Corporation $XOM,2026-05-29,XOM
CNBC Daily Open: The 'outwaiting' game hampers Iran peace talks,2026-05-29,XOM
Sector Update: Energy Stocks Fall Late Afternoon,2026-05-29,XOM
Three Energy ETFs Are Yielding Over 2.5 Percent While Delivering 24 to 31 Percent Returns in 2026,2026-05-29,XOM
Why Occidental Petroleum Is a Buy Despite Falling Oil Prices,2026-05-29,XOM
Sector Update: Energy Stocks Retreat Friday Afternoon,2026-05-29,XOM
Here's Why SM Energy's 2026 Production Outlook Looks Strong,2026-05-29,XOM
VYM Climbs 26% In a Year While Its Core Dividend Payers Extend Their Streaks,2026-05-29,XOM
"Exxon warns oil inventories near record lows, price spike ahead",2026-05-29,XOM
Oil Prices Slip Amid Trump Demands; Exxon Warns Of Nasty Surprise,2026-05-29,XOM
"Iran peace deal, Dell shares surge, Trump Accounts and more in Morning Squawk",2026-05-29,XOM
Here is What to Know Beyond Why Exxon Mobil Corporation (XOM) is a Trending Stock,2026-05-29,XOM
Update: Market Chatter: Chevron's Tengiz Oilfield Output Drops After Accident,2026-05-29,XOM
Occidental Petroleum is Making a High Upside Bet With ExxonMobil. Here's What it Could Mean for Investors.,2026-05-29,XOM
Chevron Expands Mediterranean Push With 70% Greek Offshore Stake,2026-05-29,XOM
Trump Holds the Line on Iran: No Sanctions Relief as Oil Slides Below $89,2026-05-29,XOM
"Stocks making the biggest moves midday: Nextpower,  AST SpaceMobile, Dell, NetApp & more",2026-05-29,XOM
Is Chevron Stock Outperforming the Dow?,2026-05-29,XOM
Is Borr Drilling's Q4 2025 Report a Mixed Bag or a Bullish Signal,2026-05-30,XOM
"Norges Bank Buys Shares of 63,362,667 ExxonMobil Corporation $XOM",2026-05-30,XOM
"WASHINGTON TRUST Co Purchases 11,867 Shares of ExxonMobil Corporation $XOM",2026-05-30,XOM
XOM Stock Alert: Exxon Hits $176 Record High! (Buy Or Sell Now?) Karim Lopez (8l1J16INiw),2026-05-30,XOM
Sempra Energy taps Indonesia LNG for U.S.,2026-05-30,XOM
ExxonMobil Warns of Sharp Energy Price Surge Amid Inventory Depletion | 2026 - News and Statistics,2026-05-30,XOM
Exxon Mobil Corp (XOM) Stock Down 1.2% but Still Overvalued -- G,2026-05-30,XOM
Exxon chief warns of skyrocketing energy prices as shareholders approved plan to exit blue state,2026-05-30,XOM
"Northwestern Mutual Wealth Management Co. Acquires 49,349 Shares of ExxonMobil Corporation $XOM",2026-05-30,XOM
National Pension Service Has $144 Million Stock Position in Marathon Petroleum Corporation $MPC,2026-05-30,XOM
Inspire 500 ETF(PTL)外資、投信、法人籌碼變化與自營買賣超總表-股市爆料同學會,2026-05-30,XOM
Ideal Power Inc. Common Stock (IPWR) Stock Price Today & Analysis,2026-05-30,XOM
"Eurizon SLJ Capital Ltd Purchases Shares of 11,079 ExxonMobil Corporation $XOM",2026-05-30,XOM
"Oil bosses warn prices will soar in a matter of weeks as inventories near unprecedented lows — ‘I mean really, really low levels’",2026-05-30,XOM
Exxon Mobil Warns On Oil Supply Tightness And Investor Valuation Risks,2026-05-30,XOM
Devon Energy: Stone Ridge Expresses Interest In The Marcellus Business (Rating Upgrade),2026-05-31,XOM
The 2 Signals That Will Determine XLE’s Performance Through Year-End,2026-05-31,XOM
This Is the First Energy Stock I Plan to Buy in June (Hint: It's Not ExxonMobil),2026-05-31,XOM
Nomura Asset Management Co. Ltd. Reduces Position in ExxonMobil Corporation $XOM,2026-05-31,XOM
"21,093,188 Shares in SLB Limited $SLB Bought by Norges Bank",2026-05-31,XOM
Savant Capital LLC Lowers Holdings in Marathon Petroleum Corporation $MPC,2026-05-31,XOM
This is why Exxon Mobil Corporation (XOM) is the Best Oil Stock to Buy amid the US-Iran War,2026-05-31,XOM
"Geode Capital Management LLC Acquires 167,518 Shares of Occidental Petroleum Corporation $OXY",2026-05-31,XOM
Opinion | Exxon says goodbye to New Jersey,2026-05-31,XOM
Exxon Mobil: Sell If The Iran War Ends,2026-05-31,XOM
Barclays Raises its Price Target on Exxon Mobil (XOM),2026-05-31,XOM
"S&P 500 rises to start June, but it's all tech as oil spike hits rest of the market: Live updates",2026-05-31,XOM
Exxon and Chevron Are Warning That Oil Prices Could Skyrocket in the Coming Weeks. Here's What That Could Mean for Investors.,2026-05-31,XOM
Essex Financial Services Inc. Increases Stock Holdings in ExxonMobil Corporation $XOM,2026-05-31,XOM
Analysts Get Bullish on Exxon Mobil (XOM),2026-06-01,XOM
"BATL, USO, UCO Edge Higher As Oil Gains: Exxon Executive Warns Shrinking Inventories Could Send Crude To $160",2026-06-01,XOM
"Kevin Hassett Shrugs Off Inflation Fears, Urges Americans To Focus On Rising Real Wages: 'They Have A Lot More Money...'",2026-06-01,XOM
Oil Prices Jump As Iran Pulls Out Of Talks Until This Happens; S&P 500 Stalls,2026-06-01,XOM
Assume oil prices and interest rates will remain higher amid Iran war: Morgan Stanley's Simonetti,2026-06-01,XOM
Alaskan frontier oil boom bodes well for energy industry,2026-06-01,XOM
Exxon’s Stock Is on Track to Snap a 7-Day Losing Streak. What’s Lifting the Oil Sector.,2026-06-01,XOM
"Oil: Trump says peace talks are still on, but Iran says otherwise",2026-06-01,XOM
Guyana Emerges as an Oil Winner in the Iran War,2026-06-01,XOM
"Oil Prices Rise As Iran Vows Escalation For Next U.S. Strike, But S&P 500 Futures Gain",2026-06-01,XOM
LVHI ETF Portfolios Face Dividend Risks from Collapsing Oil Prices,2026-06-01,XOM
Hess Corporation stock (US42809H1077): trading focus stays on Chevron all-stock takeover review,2026-06-01,XOM
Occidental Petroleum Corporation $OXY Shares Bought by National Pension Service,2026-06-01,XOM
Civeo Corp stock (CA1787811027): shares trade steady as investors look beyond latest quarterly updat,2026-06-01,XOM
Inspire 500 ETF(PTL) - 股價行情、配息與走勢圖-股市爆料同學會,2026-06-01,XOM
Pioneer exit ends board nomination rights at ProPetro (PUMP),2026-06-01,XOM
BP starts commercial gas production at Azerbaijan's ACG field,2026-06-01,XOM
Dear Darren Woods and Exxon: Your Insecurity is Showing,2026-06-01,XOM
Rising Dragon Acquisition shareholders approve extension of business combination deadline,2026-06-01,XOM
Weatherford Announces Definitive Agreement to Acquire NCS,2026-06-01,XOM
Aditxt names Jeffrey Busch as interim CEO By Investing.com,2026-06-01,XOM
Otis Worldwide Corp stock hits 52-week low at $69.71 By Investing.com,2026-06-01,XOM
Chubb Ltd stock hits 52-week low at 309.85 USD By Investing.com,2026-06-01,XOM
Euronet Worldwide Inc stock hits 52-week high at 73.61 USD,2026-06-01,XOM
Climate Change on Trial: Why Suncor Energy v. Boulder County Matters,2026-06-01,XOM
Peapack Gladstone Financial Corp Has $85.30 Million Position in ExxonMobil Corporation $XOM,2026-06-01,XOM
Obsidian Energy Announces Strategic Belly River Acquisition,2026-06-02,XOM
"BNP Paribas Acquires 30,302 Shares of ExxonMobil Corporation $XOM",2026-06-02,XOM
GW Henssler & Associates Ltd. Has $18.50 Million Holdings in ExxonMobil Corporation $XOM,2026-06-02,XOM
How Investors Are Reacting To Exxon Mobil (XOM) Texas Redomiciling Amid Tight Oil Inventories,2026-06-02,XOM
Is Exxon Mobil (XOM) Still Undervalued After Strong Multi‑Year Total Returns,2026-06-02,XOM
CNBC Daily Open: Nvidia stars at Computex as markets hit records,2026-06-02,XOM
BP Surges 45% in a Year: Should Investors Bet on the Momentum?,2026-06-02,XOM
"Stock Market News for Jun 2, 2026",2026-06-02,XOM
'Venezuela Wants Oil Firms to Supply Their Own Power for Projects' - Bloomberg News,2026-06-02,XOM
"Natixis Advisors LLC Acquires 221,871 Shares of ExxonMobil Corporation $XOM",2026-06-02,XOM
BP starts NAG production at ACG field offshore Azerbaijan,2026-06-02,XOM
Exxon Mobil: Buy As Iran Fades Into The Past (Hopefully Soon),2026-06-02,XOM
Who will become the next chair of BP?,2026-06-02,XOM
Exxon Mobil Weighs Venezuela Return And Valuation Upside For Investors,2026-06-02,XOM
"BP held talks to sell North Sea assets to Ithaca for £2 billion, FT reports",2026-06-02,XOM
In Our View: Texas hustle,2026-06-02,XOM
Pantheon Resources advocates alongside Alaska's major North Slope producers,2026-06-02,XOM
"Insider Selling: Patterson-UTI Energy (NASDAQ:PTEN) COO Sells 150,000 Shares of Stock",2026-06-02,XOM
Oil climbs as U.S.-Iran trade strikes while Trump says negotiations with Tehran underway,2026-06-02,XOM
ExxonMobil Corporation $XOM Shares Purchased by One Capital Management LLC,2026-06-02,XOM
Marathon Petroleum stock hits all-time high at $264.22 USD By Investing.com,2026-06-02,XOM
Here's How the Permian Basin Is Fueling ExxonMobil's Growth Strategy,2026-06-02,XOM
Barnwell Industries Inc stock (US0682362092): Shares steady as investors look beyond last reported q,2026-06-02,XOM
"Weatherford Announces Definitive Agreement to Acquire NCS Multistage, Expanding Completions Portfolio and Unconventional Resource Exposure",2026-06-02,XOM
Perspective: Morning Commentary for June 2,2026-06-02,XOM
"Vantus Wealth LLC Purchases Shares of 7,184 ExxonMobil Corporation $XOM",2026-06-02,XOM
European stocks close higher as oil prices slip; Abivax shares collapse,2026-06-02,XOM
ExxonMobil Corporation $XOM Stock Holdings Trimmed by Mutual of America Capital Management LLC,2026-06-02,XOM
"Here's How Much the Iran War Is Costing US Households, According to Moody's",2026-06-02,XOM
COFG Advisors LLC Purchases New Position in ExxonMobil Corporation $XOM,2026-06-02,XOM
Is APA's Suriname Portfolio the Market's Overlooked Gem?,2026-06-02,XOM
Exxon (XOM) roars back as one Iran headline reignites oil,2026-06-03,XOM
US Strategic Petroleum Reserve on pace to hit lowest level since the early 1980s later this month,2026-06-03,XOM
Amazon Ends Walmart's 13‑Year Hold On The S&P 500 Revenue Crown — But There's A Catch,2026-06-03,XOM
CNBC Daily Open: Fresh Iran war worries halt stock rally,2026-06-03,XOM
"ExxonMobil's Permian Advantage: Low Breakeven, Rising Production",2026-06-03,XOM
Bank of New York Mellon Corp Increases Stock Position in ExxonMobil Corporation $XOM,2026-06-03,XOM
Rational Advisors Inc. Grows Stake in ExxonMobil Corporation $XOM,2026-06-03,XOM
CIBC Asset Management Inc Increases Holdings in ExxonMobil Corporation $XOM,2026-06-03,XOM
Wall Street ends lower as Middle East tensions escalate,2026-06-03,XOM
Exxon Mobil Texas Move And What It Means For XOM Valuation,2026-06-03,XOM
A Free Peek Inside The Quant Growth & Income Portfolio: 3 Top Stocks,2026-06-03,XOM
Texas is the new capital of the Fortune 500—taking California’s crown,2026-06-03,XOM
Exxon SVP Warns Oil Could Spike to $150-160 Per Barrel in ‘Coming Weeks’,2026-06-03,XOM
Should Vanguard Value Index Fund ETF Shares (VTV) Be on Your Investing Radar?,2026-06-03,XOM
"Sky Quarry Pushes to Expand Drilling in Nevada, Home to an Estimated 1.4 Billion Barrels of Oil",2026-06-03,XOM
"54,782 Shares in ExxonMobil Corporation $XOM Bought by Marble Wealth LLC",2026-06-03,XOM
"Wall Street's Biggest Bull Turns Cautious Even As S&P 500 Tops 7,600: Yardeni Warns Oil, Fed And Mega IPOs Could Shake Up Record Rally",2026-06-03,XOM
Subsea7 bags EPCI contract from Murphy Oil in US Gulf,2026-06-03,XOM
Parabolic tech mania continues: Investors' next move,2026-06-03,XOM
One of Wall Street’s biggest bulls is turning cautious on stocks,2026-06-03,XOM
The Expanding Frontier of Chemical Engineering: ChemE Show 2026 Opens June 9-10 in Houston,2026-06-03,XOM
Oil Prices Rise As Iran Lets Missiles Do The Talking; S&P 500 Futures Slip,2026-06-03,XOM
High Oil Prices Are Doing What Policy Never Could: It Is Making For Winning Comeback Stories,2026-06-03,XOM
"Amazon takes top spot on Fortune 500 list, ending Walmart's 13-year reign",2026-06-03,XOM
Generative vs. agentic AI in the energy industry’s path to autonomy,2026-06-03,XOM
Hess Corporation stock (US42809H1077): Chevron takeover terms frame trading ahead of next catalysts,2026-06-03,XOM
Perspective: Mid-Day Commentary for June 3,2026-06-03,XOM
ExxonMobil weighs return to Venezuela as oil opportunity meets financial risks,2026-06-03,XOM
Exxon Mobil Corp. stock outperforms competitors on strong trading day,2026-06-03,XOM
Exxon Mobil Corp Stock (XOM) Moved Up by 3.06% on Jun 3: What Signal Does It Send?,2026-06-03,XOM
Walmart CEO Points to High Fuel Prices as 'Stress Point',2026-06-03,XOM
Halliburton (HAL) Rises As Market Takes a Dip: Key Facts,2026-06-03,XOM
Vista Energy ( VIST ): Riding the Vaca Muerta Boom to New Highs,2026-06-03,XOM
Higher Yield or Broader Dividend Diversification? VYM vs. HDV,2026-06-03,XOM
Analysts Offer Insights on Energy Companies: Exxon Mobil (XOM) and Hallador Energy Company (HNRG),2026-06-03,XOM
"Stocks making the biggest moves midday: Exxon Mobil, GameStop, Palo Alto Networks, Blackstone & more",2026-06-03,XOM
UMass Law professor quoted by Bloomberg Law on Exxon's legal strategy in MA climate litigation,2026-06-03,XOM
Sound Shore Management Inc. CT Purchases New Stake in BP p.l.c. $BP,2026-06-04,XOM
ENI S.p.A. (0N9S) Gets a Hold from RBC Capital,2026-06-04,XOM
"Natural gas prices supported into Q3, but 2027 outlook softens: Morgan Stanley",2026-06-04,XOM
Matador Resources signs gas supply deal with Energy Transfer By Investing.com,2026-06-04,XOM
ExxonMobil Corporation $XOM Stock Holdings Lessened by State of Wyoming,2026-06-04,XOM
ExxonMobil Shareholders Chose Fiduciary Duty over Political Theater,2026-06-04,XOM
"Marble Wealth LLC Purchases New Shares in Diamondback Energy, Inc. $FANG",2026-06-04,XOM
Natixis Advisors LLC Grows Position in Sempra Energy $SRE,2026-06-04,XOM
"Bank of New York Mellon Corp Increases Holdings in Diamondback Energy, Inc. $FANG",2026-06-04,XOM
Higher Yield or Broader Dividend Diversification? VYM vs. HDV,2026-06-04,XOM
Decoupling Exxon’s Production Growth From Market Reality,2026-06-04,XOM
"Brazil, Guyana, Venezuela Fuel South America’s Oil Export Boom",2026-06-04,XOM
Jim Cramer Says He Is a “Huge Believer” in Bloom Energy,2026-06-04,XOM
Chevron (CVX)’s CEO Say’s Venezuela Needs to Lower Taxes For the Company Invests Fresh Capital,2026-06-04,XOM
"TD Asset Management Inc Purchases 98,683 Shares of ExxonMobil Corporation $XOM",2026-06-04,XOM
XOM Stock | Exxon Mobil Corporation Q3 2021 Earnings Call Pamela Anderson (QLF7SIK39M),2026-06-04,XOM
XOM Stock Price Prediction 2025-2026 | Exxon Mobil Corp Forecast,2026-06-04,XOM
ExxonMobil Corporation $XOM Shares Purchased by Cibc World Market Inc.,2026-06-04,XOM
CNBC Daily Open: Chips are down — but not for the Dow,2026-06-04,XOM
Kosmos Energy Ltd stock (US5006721065): shares ease after Q1 2026 earnings and oil price volatility,2026-06-04,XOM
BHP Weighs Biofuel Shipping Push And Canadian Rail Deals Against Valuation,2026-06-04,XOM
Exxon Mobil Corporation (XOM) Among the Best Low Cost Stocks to Buy Now,2026-06-04,XOM
WCG Wealth Advisors LLC Raises Position in ExxonMobil Corporation $XOM,2026-06-04,XOM
How Recent Shifts In Oil And Analyst Views Are Rewriting The Story For Exxon Mobil (XOM),2026-06-04,XOM
"The Iranian regime fears its people more than the bombs or sanctions, says Richard Goldberg",2026-06-04,XOM
"Can Pure Dividend Stocks Replace a $110,000 Dual-Income Household Income? Here’s What It Would Take",2026-06-04,XOM
"Chevron sees Venezuela output reaching 250,000 bpd by 2028, ExxonMobil and ConocoPhillips still mulling returning",2026-06-04,XOM
Is $150 Oil Really Possible in Two or Three Weeks?,2026-06-04,XOM
California loses Fortune 500 crown to Texas as billionaire tax threat looms,2026-06-04,XOM
Decoupling Exxon's Production Growth From Market Reality,2026-06-04,XOM
ProPetro Holding (NYSE:PUMP) - Stock Analysis,2026-06-04,XOM
Southern Copper (SCCO) Valuation Check After Strong Multi Year Shareholder Returns And Major Growth Projects,2026-06-04,XOM
ExxonMobil Corporation $XOM Stock Holdings Raised by Argent Advisors Inc.,2026-06-05,XOM
"CVX, XOM and SHEL Forecasts – Oil Stocks in Focus as Conflict Continues",2026-06-05,XOM
Randolph Co Inc Increases Position in ExxonMobil Corporation $XOM,2026-06-05,XOM
Regency Capital Management Inc. DE Decreases Stake in ExxonMobil Corporation $XOM,2026-06-05,XOM
ExxonMobil Corporation $XOM Shares Acquired by Vise Technologies Inc.,2026-06-05,XOM
ExxonMobil Corporation $XOM Shares Sold by J.W. Cole Advisors Inc.,2026-06-05,XOM
"8,438 Shares in ExxonMobil Corporation $XOM Purchased by Greenspring Advisors LLC",2026-06-05,XOM
Cibc World Market Inc. Has $34.78 Million Position in Marathon Petroleum Corporation $MPC,2026-06-05,XOM
Will BP's Exploration-Led Upstream Strategy Drive Long-Term Growth?,2026-06-05,XOM
Monthly Asset Allocation Update – May 2026,2026-06-05,XOM
SBM Offshore to Sell 45% Stake in Woodside Energy-leased Vessel Chalchi,2026-06-05,XOM
"U.S. oil exports surge, draining domestic crude inventories toward rock bottom",2026-06-05,XOM
Parallel Advisors LLC Has $9.32 Million Holdings in ExxonMobil Corporation $XOM,2026-06-05,XOM
Q3 EPS Forecast for Black Stone Minerals Lowered by Analyst,2026-06-05,XOM
XOM Stock Price Prediction 2025-2026 | Exxon Mobil Corp Forecast,2026-06-05,XOM
China's Inventory Build Could be Over,2026-06-05,XOM
Here's How ExxonMobil's Advantaged Assets Drive Growth and Resilience,2026-06-05,XOM
"Solaris Energy Infrastructure, Liberty Energy, and Gevo Stocks Trade Down, What You Need To Know",2026-06-05,XOM
"Atlas Energy Solutions and Kosmos Energy Shares Plummet, What You Need To Know",2026-06-05,XOM
VanEck Oil Services ETF surges 51% YTD amid Middle East tensions and strong oil services demand,2026-06-05,XOM
First LNG produced at Sempra project targeting faster Asian supply,2026-06-05,XOM
"STXV ETF Analysis: Dividends, Returns NYSE:STXV",2026-06-05,XOM
"Copper at Record High: Investors Benefit from Ivanhoe Mines, Power Metallic Mines, and Southern Copper",2026-06-05,XOM
Hassett Says Fed Can Watch Inflation Numbers And Wait Before Rate Action: 'This Is About The Strongest Market Of My Lifetime',2026-06-05,XOM
CVX Stock Outpaces Industry in a Month: Should Investors Stay Bullish?,2026-06-05,XOM
"Dividend Champion, Contender, And Challenger Highlights: Week Of June 7",2026-06-05,XOM
Oil Has Until July,2026-06-05,XOM
Exxon Mobil (XOM) is a Top-Ranked Momentum Stock: Should You Buy?,2026-06-05,XOM
Congressman Discloses First Stock Purchases Over A Year Later: Investors See Red Flags,2026-06-05,XOM
Mexco Energy declares $0.10 annual dividend,2026-06-05,XOM
Saudi Arabia awards Jafurah expansion contract to Kepco,2026-06-05,XOM
A Post-Iran War View on Energy Investing,2026-06-05,XOM
"111 Capital Buys Shares of 12,111 ExxonMobil Corporation $XOM",2026-06-06,XOM
Highest Number of S&P 500 Earnings Calls Citing “Oil” Since 2020,2026-06-06,XOM
VanEck Dividend ETF: Exxon Overshoot Forces a Reshuffle as a €0.81 Payout Lands This Week,2026-06-06,XOM
"United States Oil Fund (USO) News, Articles, Events & Latest Updates",2026-06-06,XOM
Exxon Mobil Stock (XOM) | What’s Next? Today’s Signals Explained (ypdbzcFsO1),2026-06-06,XOM
Exxon Mobil Stock SHOCKS Everyone With Earnings Beat! Alaves Barcellona (4fk9Diy2S7),2026-06-06,XOM
Is Exxon Mobil (XOM) Still Attractive After Strong Gains And Guyana Project Headlines,2026-06-06,XOM
U.S. Crude Oil Storage Levels Are Falling Toward This Critical Level. Here’s What Investors Need to Know,2026-06-06,XOM
3 Unstoppable Energy Stocks on Washington's Short List as Trump Rewrites U.S. Oil and Gas Strategy,2026-06-06,XOM
Exxon Stock Analysis June 2021 | Are Board Changes Making XOM A Buy? (jaSJ2O3b6d),2026-06-06,XOM
BI Asset Management Fondsmaeglerselskab A S Grows Stake in ExxonMobil Corporation $XOM,2026-06-06,XOM
Dearborn Partners LLC Has $35.49 Million Stake in ExxonMobil Corporation $XOM,2026-06-07,XOM
"Calendar Clash: VanEck's Dividend Heavyweight Navigates Rebalancing, Rate Decisions, and a Cash Payo",2026-06-07,XOM
Havemeyer Place LP Acquires New Stake in ExxonMobil Corporation $XOM,2026-06-07,XOM
Clearbridge Investments LLC Trims Stake in ExxonMobil Corporation $XOM,2026-06-07,XOM
"Capital International Inc. CA Acquires 21,829 Shares of ExxonMobil Corporation $XOM",2026-06-07,XOM
ExxonMobil Corporation $XOM Shares Sold by Capital Research Global Investors,2026-06-07,XOM
Prudential PLC Has $5.98 Million Stock Position in ExxonMobil Corporation $XOM,2026-06-07,XOM
Exxon’s Move to Texas and Shareholder Votes Might Change The Case For Investing In Exxon Mobil (XOM),2026-06-07,XOM
XOM Stock 2026: Why Exxon’s Pioneer Deal Changes Everything Marcus Smart (QcSFkKVRgA),2026-06-07,XOM
3 Growth & Income Stocks To Buy + Steve Answers Your Questions,2026-06-07,XOM
Why Short-Term Oil Volatility Is Giving Long-Term Investors a Once-in-a-Generation Gift to Buy ExxonMobil for Good,2026-06-07,XOM
"Here's How I Would Invest $10,000 Right Now",2026-06-07,XOM
"BP plc - ADR (BP) News, Articles, Events & Latest Updates",2026-06-07,XOM
Can Exxon Mobil Stock Reach the $185 Street High Target Before Year End?,2026-06-07,XOM
"Exxon Mobil Stock Price: XOM Stock Chart, Market Cap & News Today",2026-06-07,XOM
Exxon Got Kicked Out of the Dow in 2020. It Has Since Beaten the S&P 500 by Nearly Double,2026-06-07,XOM
"XOM Stock (Exxon Mobil Corporation) XOM Stock Analysis | April 15, 2026 Sabrina Knaflitz (PaADTfdy5D)",2026-06-08,XOM
"O Shaughnessy Asset Management LLC Acquires 198,772 Shares of ExxonMobil Corporation $XOM",2026-06-08,XOM
Exxon Mobil (XOM) Valuation Check As Higher Oil Prices And Output Growth Lift Investor Confidence,2026-06-08,XOM
"Capital World Investors Purchases 16,680 Shares of ExxonMobil Corporation $XOM",2026-06-08,XOM
"El RIGI aprobó 11.675 millones de dólares en proyectos energéticos, ¿y ahora qué?",2026-06-08,XOM
TechnipFMC (FTI) vs. Valaris (VAL): Offshore Energy Sector Analysis - News and Statistics,2026-06-08,XOM
JPMorgan Shops 15% Yield Debt for Trump-Boosted Oil Driller,2026-06-08,XOM
Chevron Corp. stock (US1667641005): earnings surprise and investor interest keep momentum in focus,2026-06-08,XOM
Engineered Mineral Hydrogen Emerges as Next Major Energy Disruption Opportunity Amid Explosive Global Demand,2026-06-08,XOM
Proposed Exxon gas project seen providing $11B annual boost to Mozambique's economy (XOM:NYSE),2026-06-08,XOM
Exxon Mobil Corp. stock outperforms competitors on strong trading day,2026-06-08,XOM
"TETRA Technologies and Core Laboratories Shares Skyrocket, What You Need To Know",2026-06-08,XOM
SLB OneSubsea wins BP Thunder Horse subsea boosting contract,2026-06-08,XOM
"Weatherford, ProFrac, and Helmerich & Payne Shares Skyrocket, What You Need To Know",2026-06-08,XOM
Vermilion Energy Inc stock (US92276F1003): earnings recovery and energy price swings in focus,2026-06-08,XOM
Perspective: Morning Commentary for June 8,2026-06-08,XOM
FuelCell Energy Q2 Loss Widens Amid Capacity Expansion,2026-06-08,XOM
State Street Energy Select Sector SPDR vs Alerian MLP ETF: Key Differences for Investors - News and Statistics,2026-06-08,XOM
WINTON GROUP Ltd Reduces Stock Holdings in ExxonMobil Corporation $XOM,2026-06-08,XOM
Eni Gets Exploration Block offshore Gambia,2026-06-08,XOM
FuelCell Energy Reports Second Fiscal Quarter 2026 Results; Advances Data Center Power Strategy,2026-06-08,XOM
Chevron Corporation $CVX Shares Sold by Franklin Resources Inc.,2026-06-08,XOM
Standard Bank Sees Exxon Mozambique Gas Project Boosting Growth,2026-06-08,XOM
Moody’s reviews Congo debt outlook to positive,2026-06-08,XOM
"Holowesko Partners Ltd. Buys 127,400 Shares of ExxonMobil Corporation $XOM",2026-06-08,XOM
ExxonMobil Corporation $XOM Shares Sold by Los Angeles Capital Management LLC,2026-06-08,XOM
Hilton Head Capital Partners LLC Takes Position in Chevron Corporation $CVX,2026-06-08,XOM
Franklin Resources Inc. Has $804.06 Million Stake in SLB Limited $SLB,2026-06-08,XOM
"Exxon Mobil Corporation stock (US30231G1022): Investors watch Permian growth, Guyana output and energy transition bets",2026-06-08,XOM
Eni stock (IT0003128367): Recent dividend and strategy updates shape investor focus,2026-06-08,XOM
Exxon Mobil (XOM) News Flow,2026-06-08,XOM
"WINTON GROUP Ltd Sells 126,010 Shares of Halliburton Company $HAL",2026-06-08,XOM
Should You Buy Exxon Mobil Corporation (XOM)?,2026-06-08,XOM
Is the Countdown to $150 Oil On as the Iran War Drags?,2026-06-08,XOM
Broader Market Settles Higher as Chipmakers Rally,2026-06-08,XOM
ExxonMobil Corporation $XOM Stock Holdings Increased by Brandywine Global Investment Management LLC,2026-06-08,XOM
A Critical Week For The Markets Ahead,2026-06-08,XOM
"Why Are BATL, INDO, XOM, CVX, USO, UCO Rising Overnight?",2026-06-08,XOM
FuelCell Energy Says Data Centers Account For Nearly 90% Of Its Pipeline,2026-06-08,XOM
"Final Trades: Nvidia, Exxon and Old Dominion",2026-06-08,XOM
Iran Escalates: Is Oil About To Soar?,2026-06-08,XOM
Global Economy Is One Oil Price Spike Away From Trouble,2026-06-08,XOM
"Exxon CEO delivers blunt message on oil prices, economy",2026-06-08,XOM
Stocks Rally as Buyers Return After AI-Led Selloff,2026-06-08,XOM
Is XOM Worth Betting on at its Premium Price or Should Investors Wait?,2026-06-08,XOM
"Shell: Shrinking Reserves, Lackluster Growth, And An Overpriced Stock",2026-06-08,XOM
"Activism in 2026: Seward & Kissel Partners Randall Adams & Mark Garibyan, Live at NYSE",2026-06-08,XOM
BP awards SLB OneSubsea boosting contract for Thunder Horse,2026-06-09,XOM
Imperial Oil ponders major oil sands step,2026-06-09,XOM
"Nvidia, Old Dominion Freight Line And An Energy Stock On CNBC's 'Final Trades'",2026-06-09,XOM
Cenovus Energy stock (CA15135U1093): Q1 earnings and dividend in focus for oil sands player,2026-06-09,XOM
Which Energy ETF Should You Buy: State Street Energy or iShares Clean Energy?,2026-06-09,XOM
Morgan Stanley Sees Asian LNG Prices Soaring to 3.5-Year High,2026-06-09,XOM
Investors Heavily Search Exxon Mobil Corporation (XOM): Here is What You Need to Know,2026-06-09,XOM
Cerity Partners LLC Boosts Holdings in ExxonMobil Corporation $XOM,2026-06-09,XOM
Focus Partners Advisor Solutions LLC Has $19.65 Million Stake in ExxonMobil Corporation $XOM,2026-06-09,XOM
"BP investors push for clarity over ousting of chair, FT reports",2026-06-09,XOM
ConocoPhillips says Mackenzie gasline first; Alaska Highway second,2026-06-09,XOM
Energy ETFs Compared: SPDR vs iShares Clean Energy Fund,2026-06-09,XOM
Gran Tierra Energy stock (CA36116K1066): oil producer in focus after recent share price volatility,2026-06-09,XOM
Exxon Mobil Corp. stock underperforms Tuesday when compared to competitors,2026-06-09,XOM
BSIN - Montana Industrial Gas Project Will Unlock Future Opportunities,2026-06-09,XOM
Woodside’s Scarborough LNG Nears Completion And Reshapes Long Term Outlook,2026-06-09,XOM
Suncor Energy stock (CA8672241079): Analyst downgrade after strong run raises questions on next move,2026-06-09,XOM
Helmerich & Payne vs. Noble: Which Energy Services Stock Is a Better Buy in 2026?,2026-06-09,XOM
PN Bakken: Northern Oil near 2013 well guidance,2026-06-09,XOM
Exxon 2025 profit in Guyana totaled $4.67 billion,2026-06-09,XOM
A Look At BHP Group’s Valuation As Potash Rail Deals Meet Softer Iron Ore And Copper Markets,2026-06-09,XOM
gammaqc-terminal added to PyPI,2026-06-09,XOM
Exxon Mobil Guyana Profit Totaled $4.67B In 2025 Vs $4.73B In 2024; Hess Guyana Profit Totaled $2.89B In 2025 Vs $3.15B In 2024,2026-06-09,XOM
Stocks Climb on an AI-Led Rebound,2026-06-09,XOM
Stocks Erase Early Gains as Chipmakers Turn Lower,2026-06-09,XOM
Exxon Mobil Coral Norte LNG Win And What It Means For Valuation,2026-06-09,XOM
Broader Market Settles Lower as Chip Stocks Sink,2026-06-09,XOM
Prepare For AI Volatility: 3 Dividend Stocks Powering The Grid,2026-06-09,XOM
Technip and partners win EPCIC contract for Coral Norte FLNG project,2026-06-09,XOM
Trump Has Predicted An Iran Deal 38 Times Since March: Prediction Markets Say It Won't Happen Soon,2026-06-09,XOM
FuelCell Energy's Manufacturing Footprint Isn't Its Greatest Risk,2026-06-09,XOM
ConocoPhillips Stock (COP) Moved Up by 3.46% on Jun 10: What Investors Need To Know,2026-06-10,XOM
"Lee Raymond, Exxon CEO Who Doubted Climate Change, Dies at 87",2026-06-10,XOM
"Lee Raymond, former Exxon CEO who denied climate change, dies at 87, WSJ reports",2026-06-10,XOM
GeoPark Ltd Stock (BMG3870W1039): In focus after a quiet Wednesday session,2026-06-10,XOM
Sidebar: Alaska profits bring ConocoPhillips more than half a billion in quarter,2026-06-10,XOM
Exxon Mobil Corp. stock underperforms Wednesday when compared to competitors despite daily gains,2026-06-10,XOM
"Riley Exploration Permian and Chord Energy Shares Skyrocket, What You Need To Know",2026-06-10,XOM
County OKs EIR Contract for Freeport-McMoRan Oil Facilities Decommissioning,2026-06-10,XOM
Texas back on top for Fortune 500 companies; here's where Valero Energy and USAA rank,2026-06-10,XOM
"Ross Gerber Says 'Future Is Electric,' Urges End To Oil Economy - United States Oil Fund (ARCA:USO)",2026-06-10,XOM
Erste Asset Management GmbH Increases Stock Position in ExxonMobil Corporation $XOM,2026-06-10,XOM
Deutsche Bank AG Has $1.24 Billion Position in ExxonMobil Corporation $XOM,2026-06-10,XOM
"Norges Bank Acquires New Stake in Archrock, Inc. $AROC",2026-06-10,XOM
"Stock Market Live June 10, 2026: S&P 500 (SPY) Sinks on Fear of War",2026-06-10,XOM
Woodside Energy Edges Around A$31 With Oil Risk Back in Play,2026-06-10,XOM
Retirees: Here's Why HDV Makes More Sense Than JEPI for Your Income Portfolio,2026-06-10,XOM
Likely Sector ETF & Stock Winners From May Jobs Report,2026-06-10,XOM
Carpenter Technology Corp stock hits all-time high at 525.08 USD,2026-06-10,XOM
Helmerich & Payne vs. Noble: Which Energy Services Stock Is a Better Buy in 2026?,2026-06-10,XOM
Diamondback Energy Stock’s Gross Margin Held at 74% in Q1 2026 But Operating Income Collapsed. Here’s What Investors Need to Know,2026-06-10,XOM
Battalion Oil Shares Surge 50% on Heavy BATL Trading Ahead of Annual Meeting,2026-06-10,XOM
"Eni, Petronas Launch Southeast Asian Gas JV",2026-06-10,XOM
Horizon Kinetics Asset Management LLC Lowers Holdings in ExxonMobil Corporation $XOM,2026-06-10,XOM
Is ProPetro (PUMP) Using Its ESOP Shelf To Quietly Redraw Its Capital Allocation Priorities?,2026-06-10,XOM
CNBC Daily Open: Trump expresses 'love' for inflation print and anger at Iran,2026-06-10,XOM
Stocks Settle Sharply Lower on Escalating Middle East Tensions,2026-06-10,XOM
ExxonMobil and Chevron Reported a Combined $7.6 Billion Profit in Guyana Last Year. What Energy Investors Need to Know.,2026-06-10,XOM
Iran: Sleepwalking Into A Crisis,2026-06-10,XOM
Stocks Resume Decline as Chipmakers and AI Companies Fall,2026-06-10,XOM
It's Time To Sell The Energy Sector,2026-06-10,XOM
Wall Street CIO: The AI Trade is “Technically Unsustainable.” Buy These Two Industries Instead.,2026-06-10,XOM
3 Elite Dividend Machines That Could Pay Your Bills For Decades,2026-06-10,XOM
Inflation Is Back Above 4%: The ETF Strategy Wall Street May Revisit As Fed Risks Drift Higher,2026-06-10,XOM
PEO: Strong Performance Not Likely To Last Much Longer,2026-06-10,XOM
Inside The New Quant Growth & Income Portfolio: The #1 Energy Giant Built For Volatility,2026-06-10,XOM
Shell: Turnaround Efforts Showed In The First Quarter Report,2026-06-10,XOM
The Strait Of Hormuz Will Be A Positive For Oil Prices For A Long Time To Come,2026-06-10,XOM
"RM Financial Services LLC Acquires Shares of 7,574 ExxonMobil Corporation $XOM",2026-06-11,XOM
Why is United States Natural Gas Fund stock sliding today? By Investing.com,2026-06-11,XOM
"Wellspring Financial Advisors LLC Acquires 13,125 Shares of ExxonMobil Corporation $XOM",2026-06-11,XOM
"Lee Raymond, architect of Exxon-Mobil merger and Irving headquarters move, dies at 87",2026-06-11,XOM
Woodside Energy Shares Gain With ASX Energy Stocks Amid Oil Swings,2026-06-11,XOM
"Exxon plans work at Beaumont, Texas complex, says online notice",2026-06-11,XOM
Halliburton Faces Oilfield Service Test As Energy Markets Shift,2026-06-11,XOM
Exxon Mobil Corp. stock underperforms Thursday when compared to competitors,2026-06-11,XOM
This Analyst Just Upgraded Devon Energy Stock. Here's Why.,2026-06-11,XOM
VDE vs. NLR: Comparing Vanguard Energy ETF and VanEck Uranium and Nuclear ETF,2026-06-11,XOM
Vanguard Energy ETF or VanEck Uranium and Nuclear ETF: Which is a Smarter Bet Right now?,2026-06-11,XOM
APA Expands Alaska Footprint With $70M Savant Acquisition Deal,2026-06-11,XOM
SLB Lands Major Deal to Help Rebuild Venezuela's Oil Industry,2026-06-11,XOM
Perspective: Morning Commentary for June 11,2026-06-11,XOM
"A Drug Stock, a Rebalance, and a Record Quarter: The Story Behind VanEck’s Dividend ETF",2026-06-11,XOM
"Exclusive: Exxon's head of global trading is retiring, sources say",2026-06-11,XOM
Robin Energy (RBNE) Stock Is Trending — Here's Why It Spiked Nearly 18% Overnight,2026-06-11,XOM
The Hidden Engine That Could Power Exxon Mobil Stock Higher,2026-06-11,XOM
"Lee Raymond, Exxon CEO Who Doubted Climate Change, Dies at 87",2026-06-11,XOM
How Investment in TCO Is Powering Chevron's Next Wave of Cash Growth,2026-06-11,XOM
How XOM Navigates Business Uncertainty Better Than Many Peers,2026-06-11,XOM
How Elevated Oil Prices are Boosting BP's Energy Business,2026-06-11,XOM
Energy Stocks Are Back From the Dead: IYE Up 27% YTD,2026-06-11,XOM
Is CVE Positioned to Maintain Its Consistent Shareholders Returns?,2026-06-11,XOM
Why's Gold Going Down? This Strategist Called The Drop Before It Happened,2026-06-11,XOM
Is It Too Late To Consider Exxon Mobil (XOM) After Strong 1-Year Share Price Gains?,2026-06-11,XOM
Dhaliwal agrees with Imperial that Arctic gas could flow by 2007,2026-06-11,XOM
Oil markets on edge as President Trump says U.S. will be hitting Iran 'very hard',2026-06-11,XOM
Market Rotation Alert: The AI Bubble Is Showing Cracks,2026-06-11,XOM
ベトナム中間所得層の高まる住宅需要を受け、ホーチミン市ニャーベー郡で新分譲住宅プロジェクト「TT Genesis」を始動。,2026-06-11,XOM
Stocks Settle Sharply Higher on Middle East Peace Hopes,2026-06-11,XOM
Concentra Group Holdings stock hits all-time high at 26.69 USD,2026-06-11,XOM
"Lee Raymond, former Exxon chief who led historic Mobil merger, dies at 87",2026-06-11,XOM
"Korea, US host energy business forum to expand bilateral cooperation",2026-06-11,XOM
"BP, ExxonMobil Awards Thunder Horse EPC Contract to SLB OneSubsea",2026-06-11,XOM
"Trump Says Iran Will Get Hit 'Very Hard' Tonight, But What Do Prediction Markets Say About The Ceasefire?",2026-06-11,XOM
Shell’s Long-Term Oil Bull Case Makes Enbridge a Must-Have Long-Term Energy Pick,2026-06-12,XOM
"First Financial Bankshares Inc Sells 14,025 Shares of ExxonMobil Corporation $XOM",2026-06-12,XOM
