Date,Open,High,Low,Close,Volume,RSI,MACD,Signal_Line,BB_High,BB_Low,ATR,K_Line
2009-01-02,2.57085445537539,2.7253215904352266,2.5493012548526237,2.716639518737793,746015200,50.41904956719659,0.0,0.0,2.9196218457194942,2.3954133305576666,0.1474018608950448,53.55820245931727
2009-01-05,2.7890850831291867,2.879190623265788,2.7753142654625136,2.831293821334839,1181608400,50.41904956719659,0.009146212172983947,0.0018292424345967896,2.9196218457194942,2.3954133305576666,0.1474018608950448,53.55820245931727
2009-01-06,2.8723036539085944,2.9088245020354337,2.7657335209089315,2.784592866897583,1289310400,50.41904956719659,0.012482385320093492,0.00395987101169613,2.9196218457194942,2.3954133305576666,0.1474018608950448,53.55820245931727
2009-01-07,2.748371820643841,2.769026538339621,2.7019712479402958,2.7244229316711426,753048800,50.41904956719659,0.010154065912214794,0.005198709991799864,2.9196218457194942,2.3954133305576666,0.1474018608950448,53.55820245931727
2009-01-08,2.707061178177618,2.78848561390028,2.6953858932737527,2.775014162063598,673500800,50.41904956719659,0.0122499358557282,0.0066089551645855315,2.9196218457194942,2.3954133305576666,0.1474018608950448,53.55820245931727
2009-01-09,2.7902807928766675,2.7953695310367594,2.698378949092876,2.711550235748291,546845600,50.41904956719659,0.008689749400498936,0.007025114011768213,2.9196218457194942,2.3954133305576666,0.1474018608950448,53.55820245931727
2009-01-12,2.7079593178872514,2.7238254617984268,2.62084760506582,2.654076099395752,617716400,50.41904956719659,0.001216569655025701,0.005863405140419711,2.9196218457194942,2.3954133305576666,0.1474018608950448,53.55820245931727
2009-01-13,2.6415019994796585,2.6864047622825167,2.5849241546383364,2.625635862350464,798397600,50.41904956719659,-0.006921086601080706,0.0033065067921196284,2.9196218457194942,2.3954133305576666,0.1474018608950448,53.55820245931727
2009-01-14,2.581631457718636,2.6118659352856626,2.536129361348073,2.5543901920318604,1021664000,50.41904956719659,-0.018901285726282246,-0.0011350517115607467,2.9196218457194942,2.3954133305576666,0.1474018608950448,53.55820245931727
2009-01-15,2.4118970830227844,2.518168068945754,2.396330906271732,2.4960155487060547,1831634000,50.41904956719659,-0.03272874905861256,-0.007453791180971109,2.9196218457194942,2.3954133305576666,0.1474018608950448,53.55820245931727
2009-01-16,2.5235568674687894,2.52595155713828,2.406809201302123,2.4645841121673584,1047625600,50.41904956719659,-0.045696605592059125,-0.015102354063188713,2.9196218457194942,2.3954133305576666,0.1474018608950448,53.55820245931727
2009-01-20,2.452610651715214,2.454706180879911,2.340951681137085,2.340951681137085,919914800,50.41904956719659,-0.06519826426208031,-0.02512153610296703,2.9196218457194942,2.3954133305576666,0.1474018608950448,53.55820245931727
2009-01-21,2.376573483425202,2.481048320816313,2.3741787941967005,2.479551315307617,1089270000,50.41904956719659,-0.06867796033168849,-0.033832820948711324,2.9196218457194942,2.3954133305576666,0.1474018608950448,53.55820245931727
2009-01-22,2.635515199760476,2.6941887813789283,2.5690584287111142,2.645094156265259,1409528400,50.41904956719659,-0.05741586640291807,-0.038549430039552676,2.9196218457194942,2.3954133305576666,0.1474018608950448,53.55820245931727
2009-01-23,2.5989935420909145,2.6902968869026664,2.5894147854266696,2.645094156265259,763770000,50.41904956719659,-0.04793797667065691,-0.04042713936577352,2.9196218457194942,2.3954133305576666,0.14407902093654137,53.55820245931727
2009-01-26,2.6600621427512934,2.72322654877125,2.6432981174667205,2.683412313461304,692238400,53.26952702150913,-0.036909258765974506,-0.03972356324581373,2.9196218457194942,2.3954133305576666,0.13949683596282628,60.305867743848374
2009-01-27,2.6998750764863857,2.740587778352728,2.686404429172324,2.7160403728485107,618038400,55.60977266067508,-0.025245098875110283,-0.03682787037167304,2.9196218457194942,2.3954133305576666,0.1336167380291547,82.54268440252449
2009-01-28,2.757651991952082,2.843866011867354,2.7390919988002347,2.819917917251587,861406000,62.114759603955726,-0.0075322908729043014,-0.03096875447191929,2.9196218457194942,2.3954133305576666,0.13320308809984674,95.23813636787946
2009-01-29,2.7866887633516475,2.824108301767538,2.7720204689612093,2.7839949131011963,592729200,58.90027015978985,0.0035654505740678744,-0.024061913462721858,2.9196218457194942,2.3954133305576666,0.12740914129316686,88.09516947365162
2009-01-30,2.772019761312597,2.8025533870317205,2.6944870538636447,2.6980795860290527,651478800,51.972781295620756,0.005365986008829093,-0.01817633356841167,2.9196218457194942,2.3954133305576666,0.12602751214137464,71.01167794789053
2009-02-02,2.667246349250566,2.7540586668968494,2.661259127475915,2.7393903732299805,558247200,54.729852398846,0.010010958493587019,-0.012538875156011934,2.9220341529033855,2.3952761088229937,0.12365408551848606,79.22595713554888
2009-02-03,2.751663816197341,2.7953697332198204,2.7025701992565883,2.783395290374756,599309200,57.52688218897657,0.017046460714064793,-0.006621807981996589,2.9138366397465822,2.398683768883789,0.12145018897882508,87.97593987731666
2009-02-04,2.790580514537206,2.881284526163297,2.7869879816387826,2.8004584312438965,808421600,58.5951468984745,0.023725506902415816,-0.0005523450051141071,2.9163858098585473,2.3977211552064555,0.11976726375094765,85.04142480631924
2009-02-05,2.7771085579185586,2.9112191034427672,2.7726183422577457,2.887570381164551,749246400,63.62516159744927,0.035637103118840496,0.006685544619676814,2.9430678835011026,2.387353826513241,0.12111251356766721,95.85304694723733
2009-02-06,2.9043347326553874,2.993542738271086,2.903736410159636,2.9851608276367188,687209600,68.27496292766605,0.05234842234465864,0.01581812016467318,2.9851572893564278,2.3662790872152275,0.1200310738204435,98.71559523491197
2009-02-09,2.9935428110624613,3.083348341995583,2.9785743565980307,3.068680047988892,715010800,71.61868139547643,0.071507274958853,0.026955951123509146,3.049452437169889,2.337696920625827,0.118941281790237,97.93162381940704
2009-02-10,3.033357141020029,3.06868035495871,2.9055329379909414,2.9285831451416016,849060800,60.16382185119526,0.07452705299117213,0.036470171497041744,3.0776437648252424,2.3369562975450577,0.1220988628743464,69.9070129791995
2009-02-11,2.8848781153328007,2.94295218929384,2.8669164434667493,2.898348569869995,674973600,58.0075285619202,0.07363178985532626,0.04390249516869865,3.098628296142606,2.343243036979647,0.11880864022811387,62.545615768509386
2009-02-12,2.8687121037501533,2.9860590746121214,2.8687121037501533,2.9716899394989014,817188400,61.602573774613624,0.0779418577408828,0.050710367683135485,3.1267897960751205,2.3568115117938366,0.11870423527338918,74.62598670044355
2009-02-13,2.9633078400991057,2.991746947224806,2.9372644213432406,2.968397378921509,608977600,61.34864766654897,0.08016781085027747,0.05660185631656389,3.1448396811327375,2.3859998097577653,0.11411697031683035,72.76619275740394
2009-02-17,2.8998456369532466,2.904934377741613,2.822312883658998,2.829796314239502,678238400,51.6896967557689,0.06994170273228972,0.05926982559970906,3.136348630521873,2.4310120805758446,0.11640036495580752,39.929280580026216
2009-02-18,2.845362123373018,2.8693100106221414,2.7756127901471244,2.8250057697296143,684779200,51.3885388757522,0.06075058652245291,0.05956597778425783,3.0924934216997415,2.523272698257229,0.11477871177860821,38.79432039978582
2009-02-19,2.79507151939087,2.8214143052599483,2.697481768552719,2.713347911834717,922804400,44.83209462460973,0.04395007562543851,0.05644279735249397,3.0637327350936054,2.5754130445160746,0.11568908959277158,12.340704895309438
2009-02-20,2.676226884876782,2.766033216535892,2.6642524408682062,2.730110883712769,750316000,45.94707622705448,0.031623643754797204,0.05147896663295462,3.0579473429285553,2.589700109425876,0.1146956385981226,16.312133517840874
2009-02-23,2.743582281094324,2.754059522774946,2.589714430638083,2.6028857231140137,786982000,39.43306611812463,0.011456783822572536,0.04347453007087821,3.0632636205458317,2.580162988493475,0.11824202813660405,2.668230883836488
2009-02-24,2.617852727252516,2.720830549916609,2.604382076966627,2.701671838760376,807105600,45.852233223409115,0.0034063496956382444,0.03546089399583022,3.0621047737995455,2.583147787769668,0.11822079946988914,22.680250595914032
2009-02-25,2.6899965841370945,2.7815984518419405,2.671735763051159,2.728912115097046,833053200,47.5044457169376,-0.0007667757922900087,0.028215360038206173,3.061608751321403,2.5849309844726642,0.11762379156423859,28.19856603371667
2009-02-26,2.754058741619661,2.7815993630087457,2.663055566102547,2.66994047164917,629868400,44.34950953355275,-0.008731871013234471,0.020825913827918045,3.063794664857961,2.5677473263758652,0.11768950623152145,16.252133243938687
2009-02-27,2.6322216936194134,2.733103982138297,2.624438305335345,2.673532724380493,706658400,44.59091419095767,-0.014586260258902861,0.013743479010553866,3.066048663522376,2.554447108839379,0.11704494698662365,16.979849198753154
2009-03-02,2.6379096136207525,2.730110832346849,2.624438364364561,2.632520914077759,770929600,42.333123384052115,-0.0222784046748572,0.006539102273471654,3.0703895422720784,2.543550362894548,0.11623262705774255,8.937271163996344
2009-03-03,2.6621576751484155,2.716341050593368,2.630725549991261,2.645393848419189,724340400,43.303514387053646,-0.027024227849010707,-0.0001735637510248177,3.0739897967689784,2.530550455916569,0.1140456894537686,13.849481194662387
2009-03-04,2.699576807454877,2.7771095440782814,2.677724243617267,2.729212760925293,741403600,49.28742559632401,-0.02374808799523631,-0.004888468599867117,3.073147061973941,2.5259749377666596,0.11530783275414887,34.69827054576533
2009-03-05,2.707959196581484,2.7501679256749965,2.647789595302638,2.659463882446289,706899200,45.02853298402048,-0.026474691373137293,-0.009205713154521154,3.073174681003171,2.5118478638576685,0.11438429686973528,17.349206576717393
2009-03-06,2.6444959408089,2.646292307612897,2.4645838801159505,2.553492546081543,1011147200,39.45086171684305,-0.0367627671043147,-0.014717123944479863,3.0719865848674877,2.4796281764850514,0.12013399011692123,20.190431586879413
2009-03-09,2.519965082428964,2.6223436093323933,2.471769131044223,2.48793363571167,698297600,36.44332390244661,-0.0496340470131833,-0.021700508558220553,3.0564605165563044,2.44543152560373,0.12230831070058187,5.769273055464903
2009-03-10,2.5406198895450127,2.6693428043388225,2.525353068236712,2.653177499771118,844258800,47.34040984316205,-0.04597090625313127,-0.026554588097202698,2.999021238076783,2.4613205492614734,0.12652980055247978,52.852449333338456
2009-03-11,2.688500613300961,2.8160256500667185,2.6816157073616846,2.7744152545928955,846372800,53.62313184590692,-0.03290565135559076,-0.027824800748880312,2.9757500064837643,2.4691749917996217,0.1291239683912741,88.16008823320803
2009-03-12,2.7810015297635897,2.891164242457811,2.754059424051676,2.8842785358428955,768457200,58.45972044408735,-0.013530324924690085,-0.02496590558404227,2.973059944345575,2.4704580505351013,0.1296940291066213,98.38583600587847
2009-03-13,2.8827820556123678,2.9097241587644747,2.844164867899204,2.8717052936553955,601168400,57.717851340711206,0.0008009721891171218,-0.019812530029410393,2.9504898648149127,2.483029665481413,0.12511297637509625,91.45912717121286
2009-03-16,2.889666643584695,2.9154108996466754,2.8193179818759875,2.856438159942627,797244000,56.77568444602028,0.010802177526960666,-0.013689588518136182,2.9239395135331785,2.4983840948652594,0.12304011504620994,86.91898729463145
2009-03-17,2.851050437796442,2.98426274260276,2.845960898934187,2.983365058898926,786646000,62.287380144302915,0.028640000685295597,-0.005223670677449827,2.9589693630486917,2.478711119815688,0.12413023851923588,99.82726184021831
2009-03-18,2.9908475346142733,3.097717032421516,2.9851604739707143,3.039043664932251,796037200,64.4300707983387,0.04673071958767139,0.005167207375574415,3.0059335361929027,2.453150736191741,0.12343179101947548,90.73285496493038
2009-03-19,3.0489235859314125,3.0893361423705064,3.001026800858722,3.042038679122925,500180800,64.54675819178902,0.06061073445132248,0.01625591279072403,3.0554253979304944,2.4365279511829696,0.12092304462606898,91.20590146072158
2009-03-20,3.0561060606694306,3.0866404825440026,3.010604788055469,3.0411384105682373,695587200,64.47828630359611,0.07072285305578818,0.02714930084373686,3.097724971531627,2.4253311302673843,0.11771680533053074,91.06370885061908
2009-03-23,3.074667615398023,3.237815833740429,3.0459301460278247,3.2228481769561768,666397200,71.13425800800272,0.09233486064230467,0.04018641280345042,3.17786702153167,2.407185325651557,0.12335684946207795,98.06427337694824
2009-03-24,3.183931178959619,3.276132189696768,3.154894354394446,3.188122034072876,640612000,68.49290700298565,0.10544491945424284,0.053238114133608905,3.237806448016861,2.3958909186976163,0.1232054913078097,89.15527830138032
2009-03-25,3.2204525340881465,3.243801895897448,3.109092824890094,3.1878225803375244,646618000,68.46929672777749,0.11449079350232338,0.06548865000735181,3.2896093007184226,2.3899791125201024,0.12402717557206287,89.11837923673853
2009-03-26,3.2279371540823214,3.292298606562267,3.220453924197689,3.289006233215332,616252000,71.98355574775668,0.1283449088008748,0.0780599017660564,3.355214368775699,2.3862806206194422,0.12263066490439713,99.59875014302733
2009-03-27,3.239912055336835,3.248892492011659,3.1851303524493115,3.198601007461548,492872800,65.01153899321858,0.1305248397148122,0.08855288935580757,3.3932336953712663,2.400768122331981,0.12129103746594165,87.78301790433704
2009-03-30,3.128550859537705,3.143518312845785,3.071673657668835,3.127952337265014,502796000,60.111726420819096,0.12510950887997074,0.09586421326064021,3.4118400215166167,2.431704938505356,0.12169363120356816,73.08811667849369
2009-03-31,3.156690796006811,3.21656202701984,3.14322014372992,3.146812677383423,570080000,60.95769585748111,0.12094550747887167,0.1008804721042865,3.428611290372804,2.465075552545592,0.11933049252865799,72.97002263933447
2009-04-01,3.115979036254219,3.2629619715858014,3.109991812929527,3.253682374954224,589372000,65.4315250307895,0.1248300348770619,0.10567038465884157,3.46199913250581,2.4841346718154793,0.12173332582348771,91.83555740075901
2009-04-02,3.297087756486083,3.4350902402362005,3.286310955613183,3.3740217685699463,812366800,69.64902020397929,0.13605062723100536,0.11174643317327435,3.505605307876979,2.511984285056676,0.12599579292766547,90.08262050829018
2009-04-03,3.418325895688391,3.4764007471956995,3.398269502334584,3.4722096920013428,636241200,72.58771541618074,0.15112390997883862,0.1196219285343872,3.5441232776857214,2.5653380298399133,0.12430887762038602,99.33521727633273
2009-04-06,3.4407783412736435,3.5548321423305063,3.3910851894419287,3.545851707458496,658064400,74.57599761554029,0.1670858289205457,0.1291147086116189,3.566832030004198,2.6484210846961194,0.12712588299668542,98.42357705836649
2009-04-07,3.4883757162106117,3.492566772036445,3.418326410736347,3.4425742626190186,536580800,67.21306241817493,0.16944883729029447,0.13718153434735403,3.5765733284970254,2.717619462488082,0.12715441254850426,79.72972246653437
2009-04-08,3.455445592641672,3.496157497922445,3.4300007018013123,3.482088327407837,455630000,68.49470339825513,0.17252127537179485,0.1442494825522422,3.599089894049596,2.765870204217006,0.12279743994654914,86.63356144242859
2009-04-09,3.5449539870897278,3.592251449856804,3.531182974569323,3.5793793201446533,530756800,71.4535549358303,0.18072350661839431,0.15154428736547265,3.6449276753088466,2.7895425013879307,0.12189498869672184,97.64385360374304
2009-04-13,3.5925500768481418,3.6215877058855512,3.562315802689635,3.598836660385132,389236400,72.019520843555,0.18664238152743895,0.15856390619786592,3.681233274226734,2.825950039143017,0.11742191116095001,95.86279972766701
2009-04-14,3.579379010951196,3.5973406783204567,3.5099288291810065,3.54166030883789,454622000,67.76766612016044,0.184591621500529,0.16376944925839854,3.6905917041829372,2.88511382407634,0.11538519116403397,85.46547459428379
2009-04-15,3.508431771487347,3.5398642910248648,3.4653253667118995,3.521604061126709,412882400,66.28927485893425,0.17928136386715154,0.16687183218014914,3.7035239959383537,2.926005432543702,0.11259588766131659,81.81831413780512
2009-04-16,3.5680033027566327,3.686547097146968,3.556028859136576,3.63565731048584,593446000,70.26226434362651,0.18217607804780211,0.16993268135367975,3.7358250423500916,2.9533657506873228,0.11633496968695532,91.72353473190839
2009-04-17,3.627576025500958,3.719477918980704,3.5997362322074107,3.694631338119507,497495600,72.09369099320934,0.18707241668378627,0.17336062841970107,3.771053406245354,2.9833966526917184,0.11657830662169374,96.16449252573915
2009-04-20,3.644040564829072,3.681759278846543,3.5671063307076247,3.607219934463501,466466000,65.64089255967924,0.1818037105749326,0.17504924485074738,3.7784689993726377,3.0325892119539613,0.11736021382099292,81.58153509937813
2009-04-21,3.5590237927850885,3.6563145955587766,3.550342716640284,3.6449384689331055,470685600,67.01293005231335,0.17861285571144103,0.17576196702288613,3.8037937262337915,3.0494735142905003,0.11654676132795717,87.77011496939036
2009-04-22,3.670981680795686,3.7524063111311214,3.6281734379931327,3.637454032897949,938767200,66.44593214192471,0.17348037502970204,0.17530564862424933,3.8199169003135474,3.078283540093252,0.117095769314388,75.33717577909911
2009-04-23,3.7904231324380393,3.807785674793564,3.697323438517916,3.753901481628418,945156800,70.61218587297171,0.1767714715449613,0.1755988132083917,3.8506585124208703,3.104149818115018,0.1208983316416185,87.06884319568871
2009-04-24,3.731152197364352,3.746119855006096,3.6811600849493527,3.7089998722076416,540764000,67.14990305602981,0.17375358149292408,0.17522976686529818,3.874278236722504,3.1225294577126155,0.11745855057286471,76.29333152742515
2009-04-27,3.679065164307529,3.741929416717445,3.671880095925263,3.733846664428711,480690000,68.08252267449947,0.1713911202163083,0.17446203753550021,3.88712413171298,3.163208128418856,0.11407217701710165,81.01495658503825
2009-04-28,3.6925350091525098,3.778150698314783,3.6898411585155007,3.7089998722076416,455856800,66.06271962632897,0.16560493356638117,0.1726906167416764,3.8725859911710163,3.2358510224550825,0.11223198864440027,73.85131499448269
2009-04-29,3.737438426464907,3.797308651664416,3.706903992107507,3.746119499206543,458110800,67.60875349508419,0.1621454705834,0.17058158751002112,3.8494891772303976,3.318878518578013,0.11067289370957947,81.99319041308695
2009-04-30,3.77844989413645,3.801799665327245,3.7395345414077568,3.766775608062744,498489600,68.46955238252916,0.15923503424528107,0.16831227685707312,3.837079699934771,3.3825973191844914,0.10721519586743009,88.02487010522675
2009-05-01,3.765876836118166,3.830238282619832,3.765876836118166,3.808984041213989,397516000,70.21158708239173,0.1585071880865092,0.16635125910296034,3.8467355076908163,3.416437738692851,0.10415421376987552,94.17553052268349
2009-05-04,3.83891842797219,3.958959419153621,3.822154607750168,3.953571319580078,609358400,75.25504951278883,0.16766461642908004,0.16661393056818427,3.901273424741845,3.4100359843996957,0.10742715406771527,98.90848300539825
2009-05-05,3.9439930792685294,3.9772213697126926,3.925133725275743,3.972731351852417,398255200,75.8388308504356,0.17445696751772966,0.16818253795809335,3.954555785744671,3.399441587836262,0.10347433195123204,98.94817465620282
2009-05-06,3.991291307911133,3.996380048063389,3.898191583801336,3.966444730758667,473538800,75.21184807382207,0.17728899967921885,0.17000383030231847,3.9864188884144363,3.4199655319804614,0.10309676997343355,93.28860720935354
2009-05-07,3.9613552841008057,3.963151451142928,3.8287414816065626,3.86346697807312,531776000,65.63908504610114,0.16927269133305733,0.16985760250846627,3.99392696257076,3.450595322890666,0.10556866134333862,70.20135745898152
2009-05-08,3.862868581665509,3.9284278916556863,3.779648557834876,3.867359399795532,467964000,65.81619079751911,0.16137358092764664,0.16816079819230234,4.006963162485295,3.466357130941218,0.10865513794887231,71.0740247108442
2009-05-11,3.812875946941369,3.920343793855222,3.805391519079136,3.878733396530152,404658800,66.36179617013445,0.15425313142158048,0.16537926483815796,4.019893698722853,3.4814162683181626,0.10910493343653044,68.04873994228689
2009-05-12,3.878434420033943,3.882924837387959,3.689541926500632,3.724565982818604,609481600,53.82219417992991,0.13461830599771218,0.15922707307006884,4.010967728660295,3.5086328057787926,0.1151247889687302,16.236023009000228
2009-05-13,3.688343954267009,3.71259220713768,3.5736910332244083,3.576984405517578,595971600,45.04701687553833,0.10592789465872832,0.14856723738780073,4.003700413900075,3.521438154978098,0.11767837187054916,0.7791478315149534
2009-05-14,3.585665502837883,3.697923935132775,3.5832710133307137,3.68056058883667,447826400,51.075812515145664,0.09050498422020681,0.13695478675428197,4.001770146804669,3.5278587499085874,0.11791131170945258,25.28325834371933
2009-05-15,3.661700537058372,3.7305523890325984,3.640446698932478,3.6646945476531982,367567200,50.167870090013324,0.07612444444638511,0.12478871829270259,4.0025077025207105,3.5241275151459157,0.11592519588021458,21.52966157955556
2009-05-18,3.703910399498256,3.792818244316962,3.639249603701437,3.791321039199829,458841600,56.772438501212356,0.0740913833287764,0.11464925129991735,4.000317390080773,3.544727938059486,0.11861401336130818,51.48702671119211
2009-05-19,3.79641012365478,3.870949027059725,3.7640795297796856,3.815269470214844,372422400,57.908664885298066,0.07356459907738833,0.10643232085541154,4.001363619346972,3.5607148089214604,0.11777511935550328,57.152759714482485
2009-05-20,3.820657624000453,3.867955871442016,3.750908096741965,3.7679712772369385,388584000,54.842646846887156,0.06854045814057219,0.09885394831244368,3.9974677284390685,3.577662424263263,0.11772316616582812,45.9629271620743
2009-05-21,3.746419108043247,3.7952133747832737,3.678765089620663,3.717381477355957,407946000,51.690236333426384,0.05978742398999026,0.09104064344795301,3.99750192778356,3.573976224491526,0.11763210323702686,33.99436443511223
2009-05-22,3.713490922775756,3.717382618762323,3.644639438661345,3.667091131210327,297998400,48.69380441742108,0.04823653003145001,0.08247982076465242,3.99939557395197,3.567891704223384,0.11442575158445192,22.096646637835786
2009-05-26,3.734743215984037,3.9164513905322345,3.728456633449402,3.91495418548584,636927200,60.765661529092235,0.058409531629711964,0.07766576293766433,4.014761114961393,3.5706369153196738,0.12406393070855588,80.7362245719663
2009-05-27,3.9448909013731694,4.040683661769022,3.918846483997517,3.982908964157105,646422000,63.31422174493076,0.07113509036418098,0.07635962842296767,4.040197335635796,3.572591603840218,0.12418289824960063,87.62834912577259
2009-05-28,3.994882250980888,4.052957509352705,3.9523741706518223,4.0433783531188965,487552800,65.46403353361208,0.08511837008341905,0.07811137675505794,4.075800595858299,3.5667142290089493,0.1224972154246922,98.00128807022081
2009-05-29,4.052958483336074,4.068225104882057,4.006857658779174,4.065531253814697,456534400,66.24445205800703,0.09687110416301703,0.08186332223664977,4.11149476317825,3.560895626264194,0.11813080333027721,99.45527493013174
2009-06-01,4.085288575544902,4.190660904826127,4.071218601194604,4.171502590179443,452499600,69.76426061369054,0.11342869639506947,0.08817639706833372,4.167243314119927,3.5413989302190614,0.11863072102178812,96.89477306291361
2009-06-02,4.160725777426817,4.231073247527444,4.141566264707503,4.175693035125732,456223600,69.89792837572168,0.1254428147333324,0.09562968060133345,4.207582549228703,3.5232718666648517,0.11655045400737048,91.5756448536676
2009-06-03,4.190959119303236,4.2241873992087,4.163119338738444,4.219398021697998,565199600,71.32193329401383,0.13691247544020513,0.1038862395691078,4.252438720213029,3.5030823626650838,0.11258742589757652,98.19771757287572
2009-06-04,4.194850927407537,4.316089368104337,4.192157077344913,4.30291748046875,550634000,73.86618076169816,0.15100094164593214,0.11330917998447267,4.31361956133705,3.4755487965120713,0.11339777338770851,98.05391344771134
2009-06-05,4.34991640486248,4.382545564079178,4.287052175746656,4.330758094787598,632716000,74.67280703848355,0.16253900899897733,0.1231551457873736,4.3796200580246,3.4562774114959693,0.11211888874090949,93.03272558278637
2009-06-08,4.305312834302782,4.317585839515148,4.173896114797566,4.306210517883301,931652400,72.54662143548327,0.16776829769633128,0.13207777616916516,4.43214184029871,3.4476407410306353,0.11531482383013249,89.65518193081084
2009-06-09,4.3050128476277845,4.327464528307164,4.207423536414006,4.272383689880371,676964400,69.60545694506,0.16725499290118906,0.13911321951556993,4.4725708294376005,3.446576781226767,0.11565240726320576,85.07101778882388
2009-06-10,4.259214450672563,4.261309979279005,4.140071479103375,4.1984453201293945,688623600,63.541541363803624,0.1590485736895193,0.14310029035035982,4.494332932250158,3.4722026121452885,0.11684239322847653,75.05099393970491
2009-06-11,4.177487989247467,4.237657557003677,4.147551886679845,4.1894612312316895,524823600,62.82534258436348,0.15008984415361315,0.1444982011110105,4.494972472218893,3.532810754747964,0.11493262730671623,73.83348285147294
2009-06-12,4.155337299887028,4.164018374184418,4.072415854058061,4.100256443023682,563085600,56.06780882490586,0.13424441945613985,0.14244744478003638,4.490687157858359,3.5790656545272004,0.11508353801149566,56.84239438455253
2009-06-15,4.071516701204651,4.099057119699631,4.037989061436417,4.073911190032959,539750400,54.21317947920446,0.1181984463696164,0.1375976450979524,4.476611630521085,3.634062846102449,0.11131095540976485,33.44080518946333
2009-06-16,4.090975907411523,4.145159081240837,4.074212081231486,4.081696510314941,514805200,54.690153720652894,0.10490087538278736,0.1310582911549194,4.472418044064087,3.6672939796709607,0.10844930796677292,30.062979928245287
2009-06-17,4.091273930051346,4.114624094147121,4.027212657732101,4.058644771575928,571412800,52.93189112159231,0.09144821382266866,0.12313627568846927,4.466490697468177,3.697558856402978,0.10694660285593344,13.784610062279997
2009-06-18,4.0745123388459,4.131090414531764,4.058946353626685,4.067627429962158,427680400,53.55845753017649,0.08058279972150384,0.1146255804950762,4.452181286086362,3.7418338830573155,0.10448224857735508,11.373776959058551
2009-06-19,4.133183193437857,4.1759914270157,4.09815954676827,4.175393104553223,721856800,60.37373778043417,0.0797483803820267,0.1076501404724663,4.4279561039667215,3.811860227896682,0.10475951632565414,41.701864413419614
2009-06-22,4.211017405592629,4.237659349101814,4.081097463272845,4.112229824066162,634914000,55.25548870019416,0.07314715333495503,0.10074954304496404,4.364995007294633,3.919335193854353,0.10845968557589093,23.926060552078162
2009-06-23,4.083191812452579,4.099655472031062,3.977818715680149,4.011645317077637,706532400,48.24177930150904,0.05911783069403498,0.09242320057477824,4.352603107880052,3.9413962064281143,0.1103133586337568,8.357884220257437
2009-06-24,4.053855447393793,4.116120554064133,4.03709162647758,4.077803134918213,485525600,52.511464750049775,0.05273003539633336,0.08448456753908927,4.3454385674332565,3.958050163951021,0.10989634994466675,24.704172612607845
2009-06-25,4.063735765513275,4.196948721453819,4.047571057684067,4.186770439147949,589447600,58.57320833902145,0.05581698887205899,0.07875105180568322,4.346229311550652,3.9715986284365306,0.11271644378931572,59.76096836334761
2009-06-26,4.184674628004228,4.297531411397293,4.1831778218838,4.264003753662109,439384400,62.25115637885887,0.06376051325021415,0.07575294409458941,4.35635174373398,3.981323446237943,0.11283338276961415,81.84998293894866
2009-06-29,4.294534933179095,4.309203225054275,4.237059209887037,4.249931335449219,567616000,61.18524828658856,0.06813487063206924,0.07422932940208538,4.363755824753247,3.9817622397456534,0.10992699936944442,82.11386231752329
2009-06-30,4.268192808833212,4.304713661998194,4.244843443668799,4.263702392578125,434224000,61.87324351575291,0.07188415381466484,0.07376029428460128,4.372448076936267,3.9818709233078744,0.10635151500944086,86.26947512963545
2009-07-01,4.2957339231412,4.33045941477606,4.266397331564036,4.275676727294922,414178800,62.495741563930935,0.0749576513418031,0.07399976569604164,4.379402579036688,3.9805442917671456,0.10352333695147616,84.46501279586042
2009-07-02,4.228380343661146,4.275677815839644,4.184674406619257,4.191559314727783,370479200,55.625088158901846,0.06980122303045189,0.07316005716292369,4.365422684321817,3.98338836990792,0.10262905639925551,60.611438099917436
2009-07-06,4.152043062949605,4.160725334482939,4.078701589563471,4.149349212646484,498688400,52.50570115876763,0.06159864315575181,0.07084777436148931,4.341762863074309,3.9889073029413167,0.10335967559675958,48.64171872563201
2009-07-07,4.145457252209851,4.181379783664905,4.046670490548966,4.053256034851074,461596800,46.15941464602237,0.04680458897786899,0.06603913728476525,4.322745332785972,3.98262938492643,0.10559893399098672,21.392119334021576
2009-07-08,4.0688245694000855,4.132287143289089,4.023920790570768,4.1077399253845215,575929200,49.85989966798273,0.03902671342261854,0.06063665251233591,4.30583496165533,3.983075379607486,0.10579660675722484,36.84237526679715
2009-07-09,4.123903325730601,4.130788229908531,4.069121454939713,4.081993579864502,343025200,48.1748923340005,0.030434347878617096,0.05459619158559215,4.300213450909649,3.9770517163266796,0.10264447591519582,29.54136163279881
2009-07-10,4.081395963988894,4.160125532352984,4.080796442448511,4.146655082702637,445275600,52.515194292450055,0.028513789939450973,0.04937971125636392,4.2963632636261,3.9766212887573236,0.10097909120014417,47.87773148571478
2009-07-13,4.1771891473920935,4.261008262634277,4.1170195606433175,4.261008262634277,483501200,59.047250743626094,0.03580632681995688,0.04666503436908252,4.312679623645388,3.9763801106990937,0.10405120625663102,80.30540651721729
2009-07-14,4.251728220058432,4.286153544594406,4.22568460593025,4.258912086486816,347247600,58.88733861539727,0.040944587226595,0.04552094494058502,4.325880339108009,3.981679484881859,0.10093818714288277,76.65960416090087
2009-07-15,4.341833717579089,4.400507292024587,4.320280518516768,4.396914958953857,485587200,65.50983881894766,0.055512460992966695,0.04751924815106136,4.369350557889364,3.9697311109643967,0.10384225988537475,99.04608023472396
2009-07-16,4.363388310980485,4.431042733524999,4.357700848669703,4.416074275970459,393570800,66.32095440298747,0.06782179523298204,0.0515797575674455,4.408286960960125,3.966537658333087,0.10166366166894054,96.32334787805273
2009-07-17,4.462772415466796,4.550782561831839,4.449301168818354,4.542699813842773,602154000,71.14998091285347,0.086794145077703,0.058622635069497,4.475672524045151,3.946659333636124,0.1040239919684005,98.46586933614128
2009-07-20,4.588203835127112,4.641189562007269,4.516957476960081,4.577426433563232,735526400,72.3220666065088,0.10343962934881379,0.06758603392536036,4.541484253803136,3.92105093677914,0.1054674271883139,89.67011917747794
2009-07-21,4.588800697348961,4.592991352256859,4.482828886863992,4.535514831542969,874781600,68.69468830203766,0.11195878832486272,0.07646058480526084,4.585377601385382,3.9194860899445736,0.10580278706006771,82.88027268601728
2009-07-22,4.723509267931714,4.751649204091028,4.673217815115331,4.692077159881592,874104000,73.95069447088031,0.1298467619960748,0.08713782024342365,4.6531489625942255,3.9197579130161264,0.11368361459492425,91.81397302858262
2009-07-23,4.688784037855293,4.742966378247521,4.656752811838696,4.724407196044922,526962800,74.88829457016756,0.14496085522733537,0.09870242724020599,4.720379232783934,3.9171880489390887,0.1117214682959172,96.25656940968847
2009-07-24,4.698364463214253,4.789667590843531,4.684893614791835,4.789368629455566,438362400,76.70280404367466,0.16033251435321905,0.11102844466280862,4.796583978849029,3.901243121904755,0.11122521884990141,99.96095819298777
2009-07-27,4.794757194731089,4.8160114347827285,4.707645506025704,4.792661666870117,433311200,76.79434230570735,0.17081137831279936,0.12298503139280677,4.86258800881446,3.8881048832601257,0.11102098384326733,97.05213436325312
2009-07-28,4.756140912881729,4.792661771642398,4.717823087981656,4.789668560028076,363554800,76.500122854858,0.1768359796918757,0.13375522105262055,4.9192143722708535,3.885452242261617,0.10843653383022982,96.47299127507519
2009-07-29,4.756740307855447,4.803140090452963,4.737282231364582,4.790566921234131,382158000,76.52918875045978,0.17961254827947748,0.14292668649799195,4.968981742747049,3.8883713246510223,0.10539519992009777,96.53917373640404
2009-07-30,4.840558533675678,4.930963192614018,4.83457131135616,4.873188495635986,469604800,79.09063959630973,0.1863319507060428,0.15160773933960212,5.028500798064153,3.8886034461680246,0.10789527645293989,92.90187984662411
2009-07-31,4.879175551518824,4.939345944592077,4.8767806622803525,4.891149997711182,422536800,79.61156517430454,0.19090582512936738,0.15946735649755517,5.080115252740819,3.9069480597896993,0.1049140030603078,93.24666417109458
2009-08-03,4.94563136046981,4.988439599272753,4.935453482469353,4.982153415679932,394240000,82.05142384604785,0.19957331193569683,0.1674885475851835,5.13692247512037,3.933421257713493,0.1043694029532552,99.05917860373779
2009-08-04,4.93724960433674,4.956408315411812,4.915696404098201,4.955809593200684,395810800,79.10044903348795,0.20198823670657706,0.17438848540946222,5.165009298477272,3.995589790191551,0.10166137499814631,94.826700271567
2009-08-05,4.961795272140909,5.010888879460641,4.915694875264853,4.942636966705322,423183600,77.59763196500413,0.20052760372451406,0.17961630907247259,5.183448513819135,4.060640278981769,0.101199419940835,87.84661568230206
2009-08-06,4.956707175101519,4.984547757347588,4.882168659432156,4.9067158699035645,341616800,73.49692949058799,0.19423251769769134,0.18253955079751635,5.176772967693312,4.149788054111498,0.10128368265330624,80.27250482566906
2009-08-07,4.954012502166526,4.9872407793218,4.933356989417875,4.954610824584961,387354800,75.36617563699596,0.19090767440114398,0.18421317551824187,5.171098042794045,4.236258553198996,0.09980091313651547,89.34248841709412
2009-08-10,4.959101065192097,4.987239799291944,4.89922966637828,4.9309611320495605,300294400,72.64173755969907,0.18424056900186692,0.1842186542149669,5.165402312680591,4.308949570253979,0.09895871454916899,77.43021546836442
2009-08-11,4.900131609642349,4.920787535970344,4.845949221593969,4.874387741088867,355342400,66.4532035679334,0.17240446869500659,0.18185581711097484,5.135643795450902,4.400255652943874,0.0979625142567706,61.455171937614026
2009-08-12,4.866002163426483,4.990533957192851,4.863308313764487,4.948624610900879,445071200,70.05795364343271,0.16708847694449247,0.17890234907767838,5.127023829550872,4.464046584038606,0.10005273776902728,80.90025368220635
2009-08-13,4.988738888340932,5.049208632297055,4.98424847178158,5.04172420501709,439980800,73.85255519944837,0.16844613220399296,0.17681110570294128,5.123819879906645,4.529815526587496,0.10009068659953789,97.80877187720225
2009-08-14,5.027355170033531,5.036036242191663,4.95521114384425,4.992630481719971,305816000,68.89427886754171,0.16367389976874325,0.17418366451610168,5.122943995563467,4.5756844777183945,0.09912085621191663,82.92678979284763
2009-08-17,4.895939549289188,4.8971373936318106,4.772306185757763,4.777395725250244,524381200,52.31219056226092,0.14090001743278524,0.1675269350994384,5.104217762330221,4.61440764012034,0.10777824476550882,12.859922650261959
2009-08-18,4.83846254402029,4.916593789426856,4.83187699977849,4.909409523010254,431152400,58.85370631560728,0.13198254912840035,0.16041805790523078,5.070264167478559,4.685750704118732,0.1100225175805876,49.51322711879184
2009-08-19,4.871989401056451,4.94832446763299,4.863008969563136,4.927369594573975,413271600,59.66435639668625,0.12492456628955395,0.15331935958209544,5.061862009768989,4.7176821052975395,0.10825773047267802,55.999291719587
2009-08-20,4.938744513443944,4.990832526448858,4.9276689561530445,4.979157447814941,342031200,61.989807979262494,0.12210239063401485,0.14707596579247934,5.060170329468336,4.744848810775195,0.10505810200140697,74.70185426036913
2009-08-21,5.018675246881291,5.0701645681467005,4.993229947415026,5.065673351287842,416074400,65.561807426591,0.12540135766943372,0.14274104416787023,5.08052922213803,4.752120390288728,0.10405446045357498,98.49216368435314
2009-08-24,5.092615483317784,5.110277792230451,5.037235265960221,5.06088399887085,406929600,65.19654798411872,0.12617488654802766,0.13942781264390172,5.095222322746808,4.764249522880024,0.10183932229762178,85.38522396153033
2009-08-25,5.07285777794721,5.117162025938558,5.062978860703011,5.071061611175537,324354800,65.6346996523301,0.12615492654789318,0.13677323542470002,5.106982771459179,4.7806283792823985,0.09858494406691372,86.6319750482252
2009-08-26,5.0566922766945765,5.075551628114911,4.992031871642619,5.011490345001221,303998800,60.809151000374285,0.11994950159316531,0.13340848865839308,5.103626441808024,4.806077051310262,0.09750885923872644,69.35772324982578
2009-08-27,5.051603048883062,5.076149460011775,4.934256295584991,5.0725579261779785,449181600,63.75129711797171,0.11859224348497843,0.13044523962371016,5.117228618132945,4.812411818039541,0.10067916675215918,87.06587084701954
2009-08-28,5.1569744693805735,5.1635600122465455,5.04501624384963,5.090517520904541,453700800,64.59315217945007,0.11761006029025634,0.12787820375701942,5.132882278678675,4.816694909813146,0.10195520972678465,81.33117521239151
2009-08-31,5.033940378852621,5.054595893549576,4.984248038638372,5.03543758392334,311337600,59.99147663065872,0.11110641682819544,0.12452384637125463,5.1378482096326925,4.817057395683469,0.10226337205102642,67.25337373106072
2009-09-01,5.028852658386053,5.089023048191795,4.937549509533053,4.948326110839844,469028000,53.49991460536671,0.09779573629908622,0.11917822435682096,5.137721348678052,4.816435908402027,0.10577838395157753,44.98867823523438
2009-09-02,4.927971698383304,5.017478305164042,4.912704276148302,4.944735527038574,364249200,53.244170215758146,0.08596623078017718,0.1125358256414922,5.13773426979768,4.816632843315722,0.10570664431330341,44.07096611124254
2009-09-03,4.982451427598645,5.002208457617891,4.939344235583436,4.985743999481201,293955200,55.84055943705905,0.07898975866500013,0.10582661224619379,5.138236230267553,4.824033695803615,0.10264647129338568,54.552262309837744
2009-09-04,5.00759740927711,5.109976491796728,5.001909549243471,5.098301410675049,374628800,62.066957634081746,0.08160263230344444,0.10098181625764392,5.153260270288345,4.82337871439183,0.10418832993782436,80.32500938594748
2009-09-08,5.178228868581304,5.183018245821428,5.148892284301481,5.176732063293457,315047600,65.69647210169849,0.0889763872740259,0.09858073046092032,5.183229351983206,4.81798672582136,0.10279750888129255,98.0356249039178
2009-09-09,5.172243504167282,5.222834342014691,5.080042263742364,5.123149871826172,811087200,61.37583680957842,0.08946520695131888,0.09675762575900004,5.193341745590351,4.8327505452879445,0.10565426383779503,67.85720535993906
2009-09-10,5.150688436625979,5.186311603017785,5.113269103893646,5.165656089782715,491134000,63.43050276962238,0.0922194482226395,0.09584999025172794,5.213739991404788,4.834055447361692,0.10332485207253386,81.56313801042113
2009-09-11,5.176134392939,5.184217143135739,5.1150663235101215,5.153682708740234,348961200,62.42316081891292,0.09237125417002723,0.0951542430353878,5.227958179129707,4.831033110009087,0.10088384975489699,77.70237687814225
2009-09-14,5.113867606422989,5.20576945567821,5.096505463881753,5.200381755828857,322011200,64.77296035238794,0.095162806698041,0.09515595576791845,5.2515308981098014,4.8282355184398815,0.10148243132929413,92.76026781759796
2009-09-15,5.209962091927593,5.258158039347677,5.19649163917272,5.243489742279053,426470800,66.83467799680861,0.09970425780635228,0.09606561617560522,5.254839345589996,4.871536472662568,0.09863842910398433,95.7539043914949
2009-09-16,5.328207115050603,5.470699822566474,5.324914142456881,5.444356441497803,754023200,74.36376307659262,0.1181496982669934,0.10048243259388287,5.333506079062773,4.846364431038546,0.10782211847422986,95.27892628574327
2009-09-17,5.447648981620237,5.591637673503417,5.447349620521082,5.524582386016846,810572000,76.64432557433138,0.13765460932152784,0.10791686793941187,5.419430557627068,4.8201612316185365,0.11064062658361447,90.12343659219077
2009-09-18,5.562901227516941,5.584454431247863,5.530869584031288,5.538653373718262,601582800,77.03028157820145,0.15248999324845247,0.11683149300121999,5.493106546988711,4.802434834847226,0.10701429934414326,92.19595029622
2009-09-21,5.516798854711712,5.542842066847751,5.436871453291504,5.508716106414795,437715600,74.22007009745805,0.1599872215174356,0.12546263870446311,5.548339844459211,4.7915058128894215,0.10693975035929351,87.78649460880033
2009-09-22,5.54374228143081,5.549429743439137,5.473692973351728,5.522487640380859,356753600,74.67772185965408,0.1651364860158706,0.1333974081667446,5.598739745117997,4.787266276381637,0.1047109660541589,89.81490181629866
2009-09-23,5.550030125903676,5.6548041511549565,5.538953361469571,5.553023338317871,593563600,75.70748218059319,0.16972480890829988,0.14066288831505566,5.648765315948971,4.785436878264896,0.10668279067701163,85.77407194702428
2009-09-24,5.603911147720652,5.618878803181212,5.471297776295431,5.502729892730713,550880400,70.61402599918432,0.1673734501713886,0.14600500068632227,5.67992007732712,4.803406071659696,0.10960409326335227,76.70768635871482
2009-09-25,5.448546330156532,5.553020949250322,5.431483148235103,5.459322929382324,445239200,66.45822082213138,0.1601611640543199,0.1488362333599218,5.701964052614078,4.8200385966931725,0.11045650095991415,65.989181597856
2009-09-28,5.504226912351459,5.588345387114147,5.488061811850772,5.572479248046875,337444800,71.21426254068152,0.16171202896656034,0.15141139248124952,5.739311978796298,4.830886843225187,0.11178264072933622,85.67669413873566
2009-09-29,5.589843249014379,5.609899246997151,5.517399049844045,5.549429893493652,345385600,69.06599448119741,0.15924552699365346,0.15297821938373032,5.763695712939422,4.857902340039094,0.1104053233310341,81.12582743549615
2009-09-30,5.571880899746753,5.581460455365736,5.466508585705343,5.548531532287598,539585200,68.9786544961444,0.15542665444580805,0.15346790639614588,5.771577520299951,4.91004107482334,0.11073007664027402,80.96491693605678
2009-10-01,5.548531082402653,5.574574298086958,5.409330574187278,5.414121150970459,524711600,57.302743718003,0.13994122069845627,0.15076256925660797,5.753312482335994,4.975244675180487,0.11462390858737445,56.88992188750762
2009-10-02,5.430586096997615,5.566193085235537,5.428789930304006,5.535059928894043,553308000,63.31909917964493,0.13586152445499522,0.14778236029628544,5.744087057843381,5.0394016926143825,0.11729876756435328,73.87280095343445
2009-10-05,5.573976202660948,5.593733235965903,5.51620030952699,5.568587303161621,423133200,64.79989810343226,0.13379145013795846,0.14498417826462004,5.74733243944507,5.083184900261352,0.11445835034110755,73.86497143893698
2009-10-06,5.620078676952657,5.6880316734313965,5.606907583033422,5.6880316734313965,605085600,69.5206636303845,0.1401732339835906,0.14402198940841415,5.7743014962335275,5.107345804486687,0.11481449462172667,100.0
2009-10-07,5.680547405080606,5.7041961370639696,5.658694040672651,5.695215702056885,465668000,69.78314879824978,0.14414887621472428,0.1440473667696762,5.785878059145163,5.152975824598124,0.1098636090338404,96.95439680392917
2009-10-08,5.70748821095427,5.731136937557315,5.6545016980299545,5.665877819061279,438211200,67.2366090177834,0.14328062944784747,0.14389401930531046,5.788045839919593,5.200830216751549,0.10749015406909182,79.72099811432392
2009-10-09,5.656897778756947,5.7086852521991975,5.646420539624919,5.701800346374512,293272000,68.74079199010208,0.14383316616034847,0.14388184867631806,5.781940914079377,5.261746906355193,0.10425976539089088,90.88377530028218
2009-10-12,5.718266450682566,5.7329347485291375,5.676955408028024,5.711979866027832,288024800,69.17270111709597,0.14343898234721308,0.14379327541049708,5.772703421132866,5.322144210321601,0.10081116361304962,93.52453269679751
2009-10-13,5.706589445931572,5.722754544212456,5.678749665470328,5.688329219818115,348020400,66.86122633990517,0.13960885536181866,0.1429563914007614,5.752423081497594,5.38690849771078,0.09675357183655522,86.21602184157847
2009-10-14,5.755086828214056,5.757181956806557,5.6946178678658566,5.726349353790283,375510800,68.67349146278485,0.1380500046746107,0.1419751140555313,5.76930725243761,5.398223618000012,0.09476065506168996,91.13627124776455
2009-10-15,5.676654693134382,5.715271076332567,5.673661481788968,5.704494476318359,373556400,66.42477445481664,0.13351205445553838,0.1402825021355327,5.783591269183051,5.401930810284722,0.0917554562716632,84.85345089288792
2009-10-16,5.668272047752338,5.698506716906408,5.623069324877435,5.6293559074401855,431426800,59.242259821696535,0.12244121554768661,0.1367142448179635,5.787020085273726,5.4075722475662396,0.09101757735518184,63.25268325689651
2009-10-19,5.623371696698257,5.687732354602559,5.554520221230688,5.683541297912598,942230800,62.39974414395754,0.11669462116414753,0.1327103200872003,5.794683928536893,5.417390923452853,0.09403147421351679,78.82985016777745
2009-10-20,6.005047047199158,6.039472377360716,5.922723937274432,5.949965000152588,1141039200,73.33712648022795,0.13211562322280823,0.1325913807143219,5.866360486473517,5.388462101493402,0.11273858887313118,85.79567697979047
2009-10-21,5.9727165203957,6.247823819232849,5.9640354468049805,6.134367942810059,1193726800,78.0880972375823,0.1574022199967393,0.13755354857080537,5.982792161580757,5.330164886835381,0.12596146245935474,86.14759682640587
2009-10-22,6.127781177022787,6.222077927391206,6.062223092947297,6.142748832702637,791392000,78.27754577929204,0.1760884597398622,0.14526053080461673,6.071850052198951,5.305108890214378,0.1283824176011086,85.63810687651952
2009-10-23,6.157717695328332,6.160710906917584,6.083776695994428,6.105030536651611,420786800,75.12931043202191,0.1857131030474708,0.15335104525318755,6.1307139921941785,5.31081571094608,0.12470754569554056,79.4039316985064
2009-10-26,6.096947284384756,6.1891480877029545,5.9900777899341024,6.061324119567871,484338400,71.53885296326112,0.1876508375747008,0.1602110037174902,6.175707524733022,5.314706665559337,0.13001917084363424,73.09985117596395
2009-10-27,6.036778435486725,6.0712037651268185,5.880814090262923,5.908355712890625,756551600,60.61956285370127,0.17482792662805213,0.16313438829960258,6.189192133055961,5.337114639176095,0.1343313497022243,51.03615395615386
2009-10-28,5.918531695209198,5.927812287859143,5.720658828397975,5.759575366973877,818386800,52.26386943367496,0.15092062776050508,0.1606916361917831,6.187644577442128,5.359766578258555,0.13953292897072025,29.576529868600183
2009-10-29,5.837409363107607,5.891592935901535,5.7517940662830505,5.877821922302246,570270400,57.301330021480084,0.1399027185000392,0.15653385265343434,6.176552359476749,5.4172288733571135,0.13955192473127487,46.63205297119348
2009-10-30,5.86913830955664,5.891290227351433,5.632947642751696,5.642826557159424,717525200,46.744164469362325,0.11093005142132917,0.1474130924070133,6.169137354202353,5.435420541458048,0.14803697186473647,12.737037018587705
2009-11-02,5.681742017350008,5.773942815919139,5.555115499911267,5.667073726654053,678983200,47.812567221153124,0.08890075539146824,0.1357106250039043,6.1633412869913045,5.451065251018338,0.1530934250178176,16.234374918535156
2009-11-03,5.62336969453772,5.673360997420251,5.565593804387699,5.65031099319458,522541600,47.108944837842046,0.06929102329277015,0.12242670466167747,6.164499066043375,5.446135403942587,0.14985583701887006,13.81656928363343
2009-11-04,5.709585376316692,5.8029832648476125,5.694617717296086,5.711979866027832,487530400,50.02284690335815,0.05805708602501625,0.10955278093434523,6.164332261294475,5.447978625088582,0.15005701092131024,22.711499731269697
2009-11-05,5.759577822446135,5.837409733736925,5.742214873359969,5.808372497558594,384801200,54.264263279275404,0.056283389700596764,0.09889890268759553,6.165324544446962,5.461235809785826,0.1482979292632947,36.61487940628204
2009-11-06,5.7628711954763965,5.843097607746711,5.759578621598161,5.817652702331543,295097600,54.663186024002165,0.054992636668189654,0.09011764948371437,6.167184286914963,5.470961302913529,0.1436708618979558,37.90010818368649
2009-11-09,5.895481521121178,6.043961416921795,5.8751261670575285,6.030790328979492,528855600,62.70830532513316,0.0703570979660757,0.08616553918018664,6.1915717401879,5.478454895935757,0.14957356566169125,68.6688488935844
2009-11-10,6.017620831073114,6.136164658560248,6.017321469899033,6.076294422149658,401195200,64.1701508842772,0.08522294717923451,0.08597702077999622,6.219481308056836,5.489341848299975,0.1473785387330858,78.1421712475801
2009-11-11,6.123590487254732,6.136762375899302,6.04186650416148,6.084375381469727,443870000,64.43676782327294,0.0965434132928058,0.08809029928255814,6.245953530775012,5.498672228349744,0.14362977680485264,83.47518593671226
2009-11-12,6.081082413538719,6.132870685793203,6.029893263176818,6.046657085418701,363731200,62.113482927709136,0.10130364759090416,0.09073296894422735,6.262040180704923,5.516801839329868,0.14072603721996213,77.5262336624456
2009-11-13,6.073000126665247,6.131673708825412,6.049052035740302,6.120298385620117,343240800,64.78324250974218,0.1097532380389179,0.09453702276316546,6.279058821829944,5.548877446022839,0.13674679337615844,97.16941825721705
2009-11-16,6.151132184498407,6.226569600010222,6.137063008983258,6.185558319091797,485206400,67.0023596065204,0.12032845900260813,0.099695310011054,6.306477232555198,5.571660737415505,0.13456996630572607,93.89216911291754
2009-11-17,6.169093864500783,6.20980538463611,6.136763657709633,6.196634292602539,396513600,67.37807620908706,0.12812617748496002,0.1053814835058352,6.3364863842358226,5.566318514979876,0.13017509206435116,95.541719470732
2009-11-18,6.182863508739541,6.196633320950135,6.1068269830115725,6.165500164031982,374320800,65.13306503759874,0.13029173951553208,0.11036353470777459,6.3413941865196675,5.564523934818223,0.12729167903053798,90.90489789708039
2009-11-19,6.125084985640169,6.125084985640169,5.981095545551621,6.002349376678467,542326400,54.824230135419604,0.11748872115213338,0.11178857199664635,6.324891221661909,5.566986954073565,0.1313711747055254,66.60676831093724
2009-11-20,5.961640658374304,5.998760639416523,5.920030260347683,5.9846906661987305,406666400,53.83112322022014,0.10471029144280042,0.11037291588587717,6.311997335783661,5.567846852906524,0.12786745625018675,63.405780451660185
2009-11-23,6.076891956120272,6.166698298283387,6.07539475076304,6.1631059646606445,474896800,61.43265323639295,0.10773798096159215,0.10984592890102017,6.326737057150359,5.563285316049104,0.13173461166693456,88.06966618375853
2009-11-24,6.146642309621651,6.163107175293449,6.073899937558704,6.12000036239624,318438400,58.90905579970172,0.1054436955781668,0.1089654822364495,6.344703728474924,5.566483109675101,0.1286969421003496,77.99768810949696
2009-11-25,6.148735510737391,6.156219937436586,6.099641892222199,6.112514019012451,286454000,58.4598973615659,0.10184733980181182,0.10754185374952197,6.356894573605246,5.589586129748636,0.12354559232278084,75.57649156615369
2009-11-27,5.96373484494262,6.075693092974517,5.938289952077605,6.004746913909912,295257200,52.28034390435623,0.0892722225921938,0.10388792751805634,6.3607862750410495,5.598386927473599,0.12716548336649977,36.88239264093212
2009-11-30,6.020313826039775,6.037377010855374,5.95026531966934,5.984391689300537,424858000,51.179887759859746,0.0767787969167637,0.09846610139779782,6.3433848520463805,5.649944863682379,0.12430449821075222,20.99614001377705
2009-12-01,6.054140204417493,6.0700063427367255,5.89218984593159,5.89638090133667,465763200,46.61141265212268,0.05909472480451683,0.09059182607914164,6.322628163167908,5.693632270029114,0.12812678382463677,1.2533819269735356
2009-12-02,5.955951096669674,6.029592320409617,5.859858592272233,5.874227523803711,715260000,45.510204435989316,0.042799017394234085,0.08103326434216013,6.293554513472892,5.745097572785043,0.13109870841840443,3.918325664700068
2009-12-03,5.909851581844859,5.956551515640696,5.875426253004424,5.881712436676025,448719600,45.974619709611815,0.03014107424044621,0.07085482632181735,6.270708070883006,5.784917272439748,0.12761480009116016,5.959418709188751
2009-12-04,5.978102543784341,5.983490242480794,5.696110473948137,5.78711462020874,826884800,41.19577380539811,0.012334129723814868,0.05915068700221685,6.273838212066985,5.779661343520783,0.13902658355126712,17.15573204219928
2009-12-07,5.7871175405718125,5.800588392834414,5.648216762742179,5.656299114227295,714758800,35.673549958546744,-0.012193164944132029,0.044881916612947076,6.302346338874754,5.735017857902589,0.13997980116133626,1.4391943087910615
2009-12-08,5.668571828055974,5.758079197202205,5.648814795045322,5.683838844299316,690398800,37.57084103315617,-0.02907385135977858,0.03009076301840195,6.321914684175477,5.680754364133849,0.13778584408958963,6.495442382983161
2009-12-09,5.726050259259756,5.932005965858698,5.697012622939503,5.921229362487793,684782000,50.98980973470855,-0.023030999079398207,0.019466410598841917,6.314028615471434,5.673133926871705,0.14567022105171765,52.65618561722444
2009-12-10,5.972117508039208,5.978104730293805,5.870935850022858,5.880215644836426,489669600,49.0290013501957,-0.021305858682863388,0.011311956742500857,6.3046487071204504,5.662097861559359,0.14292012528166265,44.74583301256403
2009-12-11,5.920627856181224,5.9272141999643,5.790408977066459,5.827528953552246,429774800,46.55243137017264,-0.023914378090777788,0.004266689775845129,6.299498638374779,5.645335117118385,0.14248334653996114,34.584103486519545
2009-12-14,5.8484839399930495,5.910150728105513,5.764365468975475,5.896679878234863,495790400,50.11412760965603,-0.02016924827226063,-0.0006204978337760224,6.282265107317005,5.640206797437634,0.1427191974392523,48.25553349528399
2009-12-15,5.862254175404002,5.912545638134708,5.785619337139485,5.81256103515625,419459600,46.09047830071156,-0.0237155158307214,-0.005239501433165099,6.251867435189773,5.633304741171312,0.14159113340753596,32.35103255268694
2009-12-16,5.840402431992684,5.882312195701872,5.82393796761003,5.838306903839111,352984800,47.480368708912664,-0.024169866805461737,-0.009025574507624427,6.212775968287196,5.636563469197545,0.13645970677454214,44.46799217950056
2009-12-17,5.815256618412907,5.837408943878738,5.717667281392775,5.743411540985107,388838800,43.07242051442741,-0.03182040016940313,-0.013584539639980167,6.178949052626706,5.628181522553348,0.13532970075109885,22.569257932867615
2009-12-18,5.782627143688453,5.85237628966145,5.765563159331095,5.85028076171875,608770400,48.833459192375706,-0.028926602146225555,-0.016652952141229246,6.168241410155579,5.623682303528502,0.13344648988861627,47.906351545996806
2009-12-21,5.868840947546118,5.979601765747036,5.857464825143961,5.9340996742248535,611906400,52.86264542018035,-0.019643324610243873,-0.017251026635032172,6.163169198952118,5.623695415534576,0.1331518123271641,74.96099467705429
2009-12-22,5.970320014781481,6.012528723254612,5.946970252857833,5.997860431671143,349515600,55.71920213242552,-0.00705991768906955,-0.015212804845839648,6.129006258382074,5.641333802805669,0.12924304352020657,95.97370024227652
2009-12-23,6.02300849385861,6.058332712490435,6.01133420750728,6.04995059967041,345525600,57.96061064980666,0.0070346728467098885,-0.01076330930732974,6.112992561543752,5.650342523371409,0.12433084618442698,97.95616024561595
2009-12-24,6.093355209457754,6.266981036298968,6.087367987941537,6.257700443267822,500889200,65.4681136446224,0.03456991309366231,-0.001696664827131331,6.156954826872482,5.620898900468216,0.13095224550186488,98.50014077609902
2009-12-28,6.33792910664156,6.404684239985083,6.274764708103589,6.3346357345581055,644565600,67.76399731300546,0.061886436089858776,0.011019955356266691,6.236618806561491,5.574223802844026,0.1320973563029646,90.73272429572015
2009-12-29,6.3651681817604695,6.367862431066336,6.248419776591958,6.259495735168457,445205600,63.33501713806883,0.0765889377898139,0.024133751842976135,6.285203324748598,5.553149689243711,0.13119344902949412,79.4836331824688
2009-12-30,6.251416078855882,6.346311974835647,6.235850096752483,6.335534572601318,412084400,65.77295739933766,0.09330095962585006,0.03796719339955092,6.351416724930965,5.530851656187808,0.12971262253332771,89.93479469190227
2009-12-31,6.380135449516716,6.386721391867733,6.303201267139913,6.308290004730225,352410800,64.12765374315552,0.10315780938657948,0.05100531659695663,6.403048323460361,5.522626305751064,0.12641315840436285,85.96916218016374
2010-01-04,6.389119670152611,6.421150518497731,6.357687544194546,6.406482219696045,493729600,67.30231581862667,0.11753782210936325,0.06431181769943796,6.469635262423028,5.5085163450904,0.1254451123588731,97.91490428939709
2010-01-05,6.424143661736987,6.453779616527876,6.383730305754763,6.417557716369629,601904800,67.65007756042965,0.12834826688767897,0.07711910753708617,6.527370641569958,5.513825275559559,0.12148826938846168,95.07929721737389
2010-01-06,6.417558570419472,6.443003872134875,6.308892855483477,6.315478801727295,552160000,61.190470288117254,0.12721228294608533,0.08713774261888602,6.546112746628272,5.561001139251245,0.1223898941929571,81.21199602297139
2010-01-07,6.338824948104499,6.346308974116652,6.257999065897093,6.303800106048584,477131200,60.47895364011597,0.12394092056794648,0.09449837820869811,6.556753863271052,5.612356148783391,0.11995560948057152,79.62545887078964
2010-01-08,6.295419291486841,6.346309876241631,6.258300115913936,6.345710754394531,447610800,62.17858137911567,0.12330875480562842,0.10026045352808419,6.585172047088123,5.626386104156995,0.11767376311250888,84.29725691630118
2010-01-11,6.3702596411774906,6.376246864415073,6.240040733209064,6.28973388671875,462229600,58.55641219008905,0.11694284911109332,0.10359693264468602,6.600032406448515,5.6524775689848346,0.11899750369061605,72.49007870014225
2010-01-12,6.262192703861367,6.2795560521617855,6.1792720542321335,6.218187808990479,594459600,54.209644756024694,0.1049152546984633,0.10386059705544148,6.5994960757118335,5.692079785265339,0.11838781289033037,53.51470899602837
2010-01-13,6.222677643233084,6.314279347134146,6.109820900374932,6.305897235870361,605892000,58.296674169570146,0.10129307370236518,0.10334709238482623,6.60944291305478,5.723054683685943,0.12453571530953637,66.57612947439789
2010-01-14,6.289732355137283,6.300209593570668,6.257102396119142,6.269375801086426,432894000,56.05320333371245,0.09438745477733335,0.10155516486332766,6.601554787249142,5.776624286084599,0.11912565276965661,49.6730449978068
2010-01-15,6.314278261404369,6.334335452765338,6.162805159598235,6.1646013259887695,594067600,50.09686272063284,0.07954335128380663,0.09715280214742347,6.583859242492998,5.826949273055708,0.12286884136947426,15.926453682156156
2010-01-19,6.236447518431264,6.441804450302262,6.203818355438351,6.437314033508301,730007600,61.54970599729692,0.08876173859062053,0.09547458943606289,6.563438433287551,5.9167603315134745,0.13389271872261838,95.2129188049843
2010-01-20,6.433421778847572,6.452580489152744,6.271471424055767,6.33822774887085,612152800,56.477961850983434,0.08706827302128417,0.09379332615310716,6.532969872568138,5.996023590948097,0.1372653148922154,66.40530905876356
2010-01-21,6.34870573560425,6.3855259554048365,6.202919663640564,6.228663921356201,608154400,51.43137423993556,0.07600911833734436,0.0902364845899546,6.499345987245694,6.0591039009836765,0.14050395609736233,34.5515363909036
2010-01-22,6.19004825838281,6.2116014614229424,5.902069631974785,5.919731140136719,881767600,40.45472996282107,0.04183412721034063,0.08055601311403181,6.518073563679776,6.032563395396151,0.153796122760509,3.2012304755078804
2010-01-25,6.062223298689935,6.127781384990366,5.992773118182527,6.078987121582031,1065699600,46.762496163867866,0.027286287927439368,0.06990206807671333,6.5141378028653385,6.039402808401752,0.1576714171957332,32.067117609001926
2010-01-26,6.165201094514336,6.397500124597752,6.06431879654292,6.1649017333984375,1867110000,49.84898029973341,0.02243104056661771,0.06040786257469421,6.514639685989573,6.029621054290578,0.1702078393999545,47.74330932744686
2010-01-27,6.192143837798432,6.3038027550547255,5.973016260251572,6.222977638244629,1722568400,51.87987204513441,0.023004283156933703,0.05292714669114211,6.508137306191607,6.024957624457198,0.1816777433573259,58.292766089099366
2010-01-28,6.134666779271022,6.151729561622486,5.948168821563473,5.965830326080322,1173502400,43.48332963385483,0.0026780718723431463,0.04287733172738232,6.528424246618863,5.975304143121127,0.18832996288045661,11.582095661543963
2010-01-29,6.019416967616833,6.052944619581789,5.695216011989892,5.749399185180664,1245952400,37.92047399340149,-0.03054270401353243,0.028193324579199368,6.575469689769278,5.869645161228647,0.2004298660741309,7.154174089831428
2010-02-01,5.758679462577553,5.867345179202963,5.726648613801519,5.82932710647583,749876400,40.92609443265791,-0.049846295911814664,0.012585400480996564,6.5899385404055835,5.8072800207669015,0.19616320174036755,17.70760294809824
2010-02-02,5.86465114009971,5.876924549124834,5.788914358270936,5.86315393447876,698342400,42.201504145049626,-0.061703707320071466,-0.002272421079217043,6.577182515724287,5.76570321692647,0.18843798667704836,22.173989875783004
2010-02-03,5.842497214550557,5.99307266377811,5.820045529737175,5.964035034179688,615328000,45.94940206884053,-0.06224303072851711,-0.014266543009077056,6.547218604224267,5.750314860207495,0.18733721148875457,35.49400985861046
2010-02-04,5.8891957744849535,5.93829019507585,5.734729445101834,5.749098777770996,757652000,39.998301097900736,-0.07910216746313736,-0.027233667899889118,6.548424794119824,5.692470667916308,0.19033495274511883,7.114509249622217
2010-02-05,5.766460430357409,5.867342713450583,5.713174958948208,5.851177215576172,850306800,43.725947135510815,-0.08326643433955727,-0.038440221187822754,6.532782013814766,5.662851159174125,0.18775158144206566,20.592621952711983
2010-02-08,5.858066018098688,5.923624528759895,5.807474769578719,5.8110671043396,478270800,42.60587713641405,-0.08877979835175509,-0.048508136620609224,6.507615572346263,5.634553235637136,0.18263716556628784,15.296610264016477
2010-02-09,5.879915567609839,5.912245764485061,5.829923466915652,5.873030662536621,632886800,44.951812952067456,-0.08714468803959186,-0.05623544690440575,6.482597311343369,5.617901174221817,0.17681870089337162,25.319475032182158
2010-02-10,5.864052001072067,5.88530704648544,5.815257722975023,5.841001987457275,370361600,43.95178412339813,-0.08742551087212291,-0.062473459697949194,6.46579472135287,5.5969851820589955,0.16919231679458913,20.75883148289119
2010-02-11,5.833814872013237,5.979600511489625,5.809267664655637,5.947269916534424,550345600,48.07899205734312,-0.07817201292710063,-0.06561317034377948,6.429366444218001,5.59755072726027,0.16927378322597478,35.89058901084287
2010-02-12,5.930506997428003,6.036179469761823,5.852375746929862,5.99846076965332,655468800,49.98942262761068,-0.06594767140596502,-0.0656800705562166,6.39799070613137,5.60183496220359,0.1703116360549738,43.179783255719705
2010-02-16,6.045159361819439,6.097546351793125,6.032586596136439,6.088865280151367,543737600,53.26024521910236,-0.04840689961713007,-0.06222543636839929,6.389014633624747,5.603237430126473,0.16522406077531884,64.68252433154615
2010-02-17,6.112515836173976,6.116108170210651,6.012830565061937,6.063422203063965,436396800,52.22501273069568,-0.03614213129248345,-0.05700877535321613,6.313385406624832,5.641477474081956,0.16079931394484706,80.65613635573543
2010-02-18,6.035880600927846,6.10353542620495,6.014626757151199,6.0747971534729,422825200,52.667962512999935,-0.025213702728671628,-0.05064976082830723,6.2587515840699455,5.669768237097046,0.15566426788119736,90.18489274963339
2010-02-19,6.042767119739771,6.082880320344815,6.020315030384248,6.037078857421875,415469600,50.980082077200535,-0.019373074875297824,-0.044394423637705356,6.224379619621911,5.684981695151648,0.1490143408868666,80.38649816400925
2010-02-22,6.0571336809219725,6.061923058424361,5.962836941028927,5.999657154083252,390563600,49.29224722836186,-0.01756151571376563,-0.03902784205291741,6.2285639818979375,5.688789934270276,0.14544803920890712,71.09917652046045
2010-02-23,5.987086168457738,6.026900403768394,5.858663426999395,5.899075984954834,575094800,44.98160319835564,-0.023965640794448184,-0.03601540180122356,6.214632088387501,5.684730714117992,0.14707582046319942,46.13693307240014
2010-02-24,5.934099537585516,6.030192457848223,5.922424454009027,6.006843090057373,460566400,50.024445473773625,-0.020113198888860317,-0.032834961218750916,6.1885014789033095,5.695055459268077,0.14593586706535583,72.8825827459256
2010-02-25,5.9086548944784765,6.072700796983845,5.893986598782746,6.046956539154053,665126000,51.79554553640521,-0.013665760443563713,-0.029001121063713477,6.147984605832342,5.717970222429987,0.14827717643219465,82.83794208972331
2010-02-26,6.058331896963292,6.141851654342907,6.046956573634227,6.125387191772461,507460800,55.14286752638739,-0.002202037117221778,-0.02364130427441514,6.172314048421515,5.709596466410027,0.14446417205767034,95.07607633163482
2010-03-01,6.159212743216973,6.271470743015719,6.150232311067188,6.256204128265381,550093600,60.11744419836595,0.017240146030968795,-0.015465014213338353,6.219318610475313,5.713272398664702,0.14457984199949805,96.69698981570939
2010-03-02,6.28434396132374,6.311286061818238,6.218785476287457,6.25201416015625,566546400,59.8883582478296,0.03194191433459537,-0.00598362850375161,6.261978243703837,5.71288147080422,0.1408598951088754,88.19328096400622
2010-03-03,6.254706981606017,6.282546761179052,6.224771674586259,6.26638126373291,372052800,60.44495797031143,0.044242477087601983,0.004061592614519108,6.30220234889612,5.712980098537351,0.1349252659291552,91.05514890706623
2010-03-04,6.264886439965663,6.313980064971763,6.245427567464629,6.3076934814453125,366041200,62.0746160845291,0.056671043881543426,0.014583482867923972,6.3474402807359,5.7021080114241345,0.13018435389901084,98.63810123069953
2010-03-05,6.43432034116325,6.576813025994735,6.425040147149231,6.554361343383789,899620400,70.01754371669992,0.08543990948577473,0.028754768191494126,6.4396478411412,5.690426707580114,0.14010829608832595,96.873676091673
2010-03-08,6.586092593151582,6.588487082165762,6.5334062409001685,6.558252811431885,429889600,70.1238504632974,0.10731637532214933,0.044467089617625175,6.520694143009621,5.680087965297265,0.13403490645813076,95.85731833712828
2010-03-09,6.535202603794772,6.735470380776662,6.522629837448182,6.676198482513428,920259200,73.22278398878329,0.13264184937912216,0.062102041569924576,6.613705400569789,5.673589845554479,0.13966388052029854,93.24002871921896
2010-03-10,6.700446194673718,6.749839575444052,6.681586845698715,6.730680465698242,596218000,74.53667210301326,0.15531829808945208,0.08074529287383007,6.706475222103335,5.666585004337095,0.1349479671210361,97.85013212267319
2010-03-11,6.702842266911844,6.750438690185547,6.685179959496295,6.750438690185547,405700400,75.01546091639113,0.17289089207414587,0.09917441271389324,6.782863148538553,5.681140748174704,0.12997016451876583,100.0
2010-03-12,6.806418197016759,6.817195198424328,6.757923289407135,6.7833685874938965,416323600,75.83112694905134,0.18731521373262883,0.11680257291764037,6.859488326717628,5.688125437091577,0.1254549033559098,96.4709974213848
2010-03-15,6.746847431901077,6.750438966397475,6.593278356893689,6.700747013092041,493502800,69.68413398949642,0.18989077931069342,0.131420214196251,6.909124700089218,5.7087176880638575,0.13007171244478824,87.38657922191192
2010-03-16,6.710924664002881,6.734872756215469,6.660932551883809,6.719007015228272,446908000,70.25795710884898,0.19120131343188884,0.14337643404337858,6.957902256609981,5.722954305050785,0.12606231900813625,89.36446397551153
2010-03-17,6.732476313846722,6.77887608152495,6.683682057244536,6.709126949310303,450956800,69.4915076907373,0.18926099942590024,0.15255334711988291,6.996692538739274,5.748734497546127,0.12385744081329891,85.96951053402762
2010-03-18,6.708528444414186,6.735470945302969,6.663925236111478,6.724993705749512,342109600,70.05645020970837,0.18684971404398443,0.15941262050470323,7.031594856266779,5.778851835246281,0.12012088855459833,86.17591856719828
2010-03-19,6.729185259595339,6.74265611135589,6.622614691040233,6.653149127960205,559445600,64.25445598504783,0.17709999747901772,0.16295009589956613,7.0465625565677925,5.825491161999102,0.12011521225181684,72.58632933329886
2010-03-22,6.5998648631325,6.765407988696297,6.590285305942255,6.727988243103027,456419600,67.29315156030066,0.17341316892835312,0.16504271050532354,7.059833779790138,5.885053047678735,0.12404431728769005,84.94203019769273
2010-03-23,6.754630635979178,6.848628448425087,6.708529813302439,6.836055278778076,602431200,71.11199699669461,0.17716914178235754,0.16746799676073035,7.061887937858802,5.976696818992395,0.12519105427590133,97.9155916306039
2010-03-24,6.814501809019723,6.89113666993644,6.81060971412243,6.866290092468262,597780400,72.0937311460057,0.18050472796767547,0.17007534300211938,7.06891895574507,6.055610501347215,0.12200076152862338,94.66922058984728
2010-03-25,6.912687856690876,6.91418506178727,6.772889028661852,6.784863471984863,542284400,65.62540145893075,0.1745654741658429,0.17097336923486411,7.052475404420525,6.145844745954841,0.12337899521410875,66.97232426902468
2010-03-26,6.853717504682825,6.943523454881764,6.841743058244735,6.9120917320251465,640875200,70.13428864542192,0.1780721254164428,0.17239312047117988,7.053635232133088,6.223355372267546,0.12589906576287963,92.53214552212171
2010-03-29,6.974956989791204,7.001000215531885,6.933645942944108,6.956695556640625,540744400,71.5435317795188,0.1823483296371906,0.17438416230438203,7.07066520429334,6.27637454294482,0.12325688131601241,89.21279509050997
2010-03-30,7.082721037585127,7.109064813202672,7.012372381285892,7.060269355773926,527310000,74.54694736631689,0.19188288581351465,0.17788390700620857,7.09463426746827,6.333230999331657,0.1253363366907292,90.5941817774517
2010-03-31,7.049492987071783,7.083020628601271,7.018659195575779,7.034823894500732,430659600,72.52183864824039,0.19513644276389996,0.18133441415774687,7.096196529795922,6.408513000080788,0.12098098642892653,85.68931161255904
2010-04-01,7.106968085497615,7.14648214574959,6.967469032318442,7.063860893249512,603145200,73.40954698123589,0.19777809049970152,0.18462314942613783,7.0918433285844875,6.488482942472641,0.12512613835765668,85.14532147850785
2010-04-05,7.034226914358289,7.139898591776365,7.027939931167599,7.1392998695373535,684507600,75.61377234259528,0.20361180019031622,0.18842087957897352,7.137790264730907,6.501029858941577,0.12418560423273595,98.70868086652122
2010-04-06,7.130619855237072,7.191687933957061,7.094697314926092,7.170733451843262,447017200,76.48834565715717,0.2083695303006401,0.19241060972330684,7.180251460150989,6.519816727562634,0.12224310528975257,96.51573153529961
2010-04-07,7.17103111004126,7.241978493958324,7.144388370973537,7.202463626861572,628502000,77.37058847463106,0.21225369713724707,0.1963792272060949,7.231192513338367,6.52150218881007,0.12048217798225498,93.93658429712218
2010-04-08,7.197674104991655,7.230603028849244,7.125829034872889,7.183005809783936,572989200,75.49966384156643,0.21132581170517906,0.19936854410591173,7.2719141107101395,6.526013125846867,0.11936016483897642,90.95085152663385
2010-04-09,7.227310975537951,7.241081588055709,7.198273344475081,7.238087177276611,334182800,77.18178524596439,0.21258451982243098,0.20201173924921562,7.3185122070774815,6.528179878188632,0.11498270865560475,99.40289130632797
2010-04-12,7.250360445767822,7.276404464915791,7.238685761146231,7.253055095672607,333026400,77.63122234928437,0.212342093520558,0.2040778101034841,7.362275978932504,6.531384757151479,0.10950660715443152,95.888288167671
2010-04-13,7.240182203036988,7.268321347488385,7.217729720526027,7.25724458694458,306210800,77.7632434253023,0.21006650989810183,0.20527555006240766,7.395216777714881,6.554093715754356,0.10529839428356914,96.19477843345649
2010-04-14,7.342561627274827,7.358427366828353,7.30634013108433,7.354835033416748,404076400,80.63098061013689,0.2136747177768843,0.206955383605303,7.441516828276974,6.5713764670111114,0.10500442182644086,99.38649048619874
2010-04-15,7.357527437597688,7.454817783299947,7.349445088691308,7.451525211334228,376784800,82.97383112932064,0.22177979833884276,0.20992026655201096,7.498075424818909,6.589057696671569,0.10503072702516932,99.46294116668686
2010-04-16,7.441049944408425,7.5179845661125375,7.320709951427536,7.4060258865356445,750545600,78.1814854179681,0.22197295180557308,0.2123308036027234,7.533675603396699,6.621560736172392,0.11161957614372878,80.84010278666416
2010-04-19,7.394950759987028,7.420695024178116,7.237489964074674,7.396148204803467,566924400,77.1398386208767,0.21880671336576718,0.21362598555533216,7.545588602152992,6.683947645100425,0.11673282499799398,77.86867875109951
2010-04-20,7.440152386770179,7.461406630535424,7.273112847763515,7.321907520294189,738326400,69.63071830829347,0.20791018461742006,0.21248282536774976,7.543753166433644,6.74517500853889,0.12184432198184508,64.3830130519649
2010-04-21,7.747288778333816,7.790695743580354,7.65538690754767,7.759861946105957,982391200,81.23520271503399,0.23194020677828675,0.2163743016498572,7.649079297064441,6.732229544640882,0.14662602921786796,96.25451931374623
2010-04-22,7.730524746617514,7.985275059340152,7.669455878741725,7.976892948150635,793424800,84.413639545098,0.26543696838619724,0.2261868349971252,7.798598474623137,6.6937706526504215,0.15871125431647937,99.12443292397326
2010-04-23,8.022395368656035,8.147824895283595,7.992759813247972,8.107412338256836,796955600,85.95444099808356,0.2990677504135597,0.24076301808041212,7.943260285418447,6.68136372848231,0.159584160946228,96.16261526328651
2010-04-26,8.138845659994544,8.156207809391315,8.028383380950292,8.067599296569824,479068800,83.25094252269795,0.31883250508203353,0.2563769154807364,8.055956400261412,6.684218370093813,0.15731560862442767,91.40039420329633
2010-04-27,8.000845455840178,8.017908649074085,7.798781788227492,7.844283103942871,709343600,69.95919323486062,0.31286989573715385,0.2676755115320199,8.10256951586789,6.72636400921756,0.1652800300328494,69.72718060945792
2010-04-28,7.880500520913336,7.902951403856163,7.675742329374108,7.831107139587402,758402400,69.25660470058698,0.3035817927321869,0.2748567677720533,8.143924063154234,6.762093240312563,0.16970353320779263,66.0623266297929
2010-04-29,7.873615205822686,8.082564463008644,7.84338093296152,8.041852951049805,558840800,73.79054217476519,0.309656799067378,0.28181677403111827,8.212493488774271,6.794226720347434,0.17554308965161045,87.81486113546066
2010-04-30,8.061909163614377,8.099627864872698,7.813146870767117,7.815840721130371,542463600,63.05126242340961,0.2928581013698395,0.2840250394988625,8.23147288480152,6.85044530710827,0.1834672256840369,63.73201545147623
2010-05-03,7.898162817301182,8.019102306841736,7.869424150934402,7.973300457000732,454342000,66.68864524658272,0.2889202048800046,0.2850040725750909,8.271770713434913,6.893547537221214,0.18488110854313178,80.09101996625061
2010-05-04,7.869722826458964,7.881696468548926,7.68591914698225,7.743693828582764,723819600,57.759454933071446,0.2642262221166769,0.2808485024834081,8.275502810423058,6.94711147790702,0.19220255150565685,55.09894763539981
2010-05-05,7.574559953320608,7.7275298601541405,7.445837093669065,7.663168430328369,883103200,54.979156588658704,0.23544428109244642,0.27176765820521576,8.27018655097626,6.998498217700497,0.19974927889194555,46.33397167843001
2010-05-06,7.598509818729902,7.7308242427822575,5.964633916327227,7.371599674224853,1285860800,46.29049426895206,0.18695215551714295,0.2548045576676012,8.25661106492768,7.0309330901931695,0.3116379251464516,64.19887380253995
2010-05-07,7.295561896940916,7.381176764017634,6.741755913416297,7.060567855834961,1676018400,39.17767153680582,0.12201758551659037,0.22824716323739902,8.276921932664955,6.992870290311729,0.335050991250372,50.00670718775011
2010-05-10,7.491338919896291,7.62305458632602,7.439849617924293,7.603296756744385,984306400,52.80495730630402,0.11304702179364323,0.2052071349486479,8.26919084555855,7.035625543525312,0.3512964011961354,74.77105132540646
2010-05-11,7.538935198232076,7.779915621329202,7.498822420633816,7.679033756256103,848906800,54.342298264481464,0.11077221517068914,0.18632015099305616,8.261564659917521,7.085430646097493,0.34628188687465333,78.22687819719988
2010-05-12,7.760458418235639,7.876907880521498,7.744294518560449,7.845775127410889,654379600,57.615696343945125,0.12102890380413278,0.1732619015552715,8.270893655206242,7.1251956602081865,0.3356813324025634,85.8351715649248
2010-05-13,7.87960302053499,7.932888502397519,7.675443525723478,7.73411750793457,599712400,54.78324654309885,0.11877836367206296,0.16236519397862978,8.273240432248578,7.1511081128258835,0.3300930212790976,80.74031166402466
2010-05-14,7.638323928916098,7.677838800763313,7.468889517359461,7.598210334777832,759362800,51.46669762632892,0.10481992253418237,0.15085613968974032,8.2671354471154,7.1764315427832805,0.32545980480024134,76.51433483282369
2010-05-17,7.624552571057563,7.6688572122582785,7.415303569215228,7.610183238983154,762834800,51.743859213871,0.0936443963652227,0.1394137910248368,8.259006560441806,7.205963932874845,0.3203236503890135,77.07512818839639
2010-05-18,7.692805060321621,7.739803550142888,7.491638414349516,7.554503440856934,782678400,50.30510024657303,0.07937977633827398,0.12740698808752424,8.241945220150562,7.246284865222362,0.31516947077503915,74.46716772255272
2010-05-19,7.468888180871965,7.571267276235431,7.329688870240753,7.4341630935668945,1025726800,47.24733040135551,0.05769937936709191,0.11346546634343778,8.244445393196564,7.211214806922454,0.30991296614787045,68.83060152188388
2010-05-20,7.240778214548518,7.2997519368668575,7.071044909650086,7.117445468902588,1282915200,40.30374431563553,0.014790546959273954,0.09373048246660501,8.254500007646849,7.115215444547366,0.3137133388456518,56.11240152916919
2010-05-21,6.969564145452375,7.319210660190616,6.925559269818605,7.253951549530029,1223891200,44.11580658066654,-0.008106663417986937,0.07336305328968662,8.206388182846723,7.077981190474811,0.31942319966896315,65.50563338338169
2010-05-24,7.402431916418661,7.510798238001907,7.371897883166689,7.386865139007568,754238800,47.62296873138654,-0.015350896166431482,0.055620263398463,8.145801175690792,7.0704947818745145,0.31495344886917137,72.25849911620881
2010-05-25,7.165044562353284,7.386865969548181,7.099486471598485,7.340765953063965,1048006400,46.53220903634782,-0.02452906604556926,0.03959039750965655,8.121223468311678,7.044720774165739,0.31298388094635166,69.91636379134503
2010-05-26,7.486249633863219,7.547617446454587,7.296757697506597,7.307534694671631,850654000,45.71928445531852,-0.03409133296171163,0.024854051415382918,8.0951599009989,7.018427096986941,0.3085464429464687,47.49922775089594
2010-05-27,7.50181798912828,7.600305801628927,7.457214380192791,7.584140300750732,666282400,53.06877667073505,-0.01912922783315718,0.016057395565674898,8.022023998122792,7.04579173483314,0.3074196332329564,65.3789257406996
2010-05-28,7.764953028957144,7.765251990472923,7.584142063448017,7.689814567565918,815614800,55.54519186061132,0.001241072145504063,0.013094130881640732,8.003498869862065,7.051714247737422,0.29839763726790175,75.86946482141738
2010-06-01,7.77392951617646,7.961025782355893,7.752076558457556,7.808055877685547,876472800,58.202814393117464,0.026618920831827708,0.01579908887167813,7.967590635887252,7.071098023780717,0.2964557499480499,85.22695781870226
2010-06-02,7.919116506943738,7.926899894976369,7.793088290797847,7.901455402374268,688548000,60.22554883353549,0.053649175523268866,0.023369106201996274,7.997131458195025,7.057333358852095,0.2848383109645122,94.2470008194031
2010-06-03,7.938271949293794,7.949348704866488,7.795480363708049,7.876605987548828,650106800,59.401888287604,0.07223304937780206,0.03314189483715743,8.029973990763393,7.045834582005773,0.27548331312122126,91.84717286508818
2010-06-04,7.729625747360184,7.840087193248711,7.622457673185789,7.662271499633789,758304400,52.706274547428904,0.0688719879842532,0.040287913466576585,8.04098358107043,7.063892174239627,0.273959384638494,71.14785663226887
2010-06-07,7.732023465258274,7.757767729392984,7.500322689958811,7.511998176574707,886942000,48.572426954302024,0.053466196301013014,0.04292357003346387,8.006219460921645,7.143799326462387,0.2727797885524711,56.63523635536054
2010-06-08,7.580844444780422,7.597608660652813,7.353634643361751,7.463797092437744,1000770400,47.29118274249283,0.036941729480699514,0.041727201922911,8.00182312283513,7.134245698118238,0.2707222334623704,51.98022496162152
2010-06-09,7.527862315457455,7.540735244142183,7.259042406976741,7.2802958488464355,854630000,42.67596350359551,0.008935945679941604,0.03516895067431712,7.996801638050888,7.099393392161515,0.2715058480125898,34.25862398568456
2010-06-10,7.329390356097138,7.513193301649381,7.250360613102456,7.499124526977539,776356000,49.06033504738849,0.004348676904281312,0.02900489592030996,7.957286080511663,7.104243889657404,0.27088633662218525,55.39196586410896
2010-06-11,7.430870200876391,7.59940689125353,7.405125947439948,7.588929653167725,545759200,51.45007962697544,0.007869047025082843,0.024777726141264538,7.940284738055376,7.1067264466370075,0.26541452285014216,56.81031329132892
2010-06-14,7.662272787941646,7.757766195190199,7.603898563855888,7.61198091506958,602960400,52.07161585743253,0.012376343117310284,0.02229744953647369,7.941538020992982,7.106850221728576,0.2585160956481659,59.485903553320604
2010-06-15,7.652692101861033,7.778720327222682,7.648501046460071,7.773930549621582,585074000,56.304039825856165,0.02868571867386205,0.023575103363951362,7.963040508521778,7.101722465263623,0.2519606182556613,73.67322322397523
2010-06-16,7.816140629097973,8.01521139887717,7.802071054621555,8.000244140625,783678000,61.429855559325894,0.05919032252415324,0.03069814719599174,8.033579789272528,7.0757572544896785,0.25119777761279893,98.04311396019422
2010-06-17,8.1005275224224,8.169379789731495,8.067598594246176,8.138545989990234,872855200,64.1941111528102,0.09344803349554809,0.04324812445590301,8.131041324409548,7.048734008994994,0.24533619700520584,96.64492313921464
2010-06-18,8.149918897427005,8.232241996853276,8.125072327024554,8.204401016235352,784621600,65.46337652162413,0.12447657799131573,0.059493815162985554,8.203629099704614,7.084841788433203,0.23546715934974266,97.16452709271556
2010-06-21,8.31276807454766,8.352282941985157,8.044546912986617,8.087654113769531,776490400,61.313857724663215,0.13805501148227872,0.0752060544268442,8.247107583864398,7.1247335606973685,0.24062922146751398,75.9848020791132
2010-06-22,8.147225070556493,8.261278846630049,8.127468038229596,8.197815895080566,717262000,63.6549314621218,0.1559079432224344,0.09134643218596224,8.313277898553245,7.139658321615822,0.23584318656701422,85.9820385833171
2010-06-23,8.219669187617598,8.222064076404168,8.019699970749368,8.111601829528809,768457200,60.56591779370481,0.16124107889253114,0.10532536152727602,8.346386607178498,7.183633200637053,0.23345182364471317,78.15806920798238
2010-06-24,8.112497369232642,8.178355994096624,8.025685071747807,8.052627563476562,714277200,58.47551055695704,0.15887745651145924,0.11603578052411267,8.354994960293592,7.249534134402452,0.22768175926643486,72.80612520009178
2010-06-25,8.084364634332198,8.090650820410747,7.957138111409773,7.983780860900879,549942400,56.043673484815834,0.14972300165972108,0.12277322475123437,8.370653104529392,7.273840046181668,0.22095539853318774,66.55825266215247
2010-06-28,7.990663263237606,8.075082303314737,7.918519228647031,8.031675338745117,584948000,57.37181477427527,0.14466510504653485,0.12715160081029447,8.391662918700568,7.287016309128412,0.21635594682851048,70.90470037347175
2010-06-29,7.906544208763655,7.914627358441947,7.612578792012071,7.668558120727539,1133344800,46.018945577817135,0.11008714466675062,0.12373870958158571,8.38985054308694,7.2748789090462385,0.23083741825026302,37.951632040083666
2010-06-30,7.684723387685406,7.722442091090076,7.484157024063595,7.529658317565918,739452000,42.55037962475023,0.07066126953389329,0.11312322157204724,8.386156887511621,7.241392856140723,0.23136939316285002,13.148017788304053
2010-07-01,7.612580610961791,7.627548670088696,7.280896414332608,7.438356399536133,1022896000,40.395093819891486,0.03168345060367894,0.09683526737837359,8.387210801978098,7.196513982872977,0.2396038833480813,14.696842002346838
2010-07-02,7.498523946149649,7.511696633937693,7.28029489967309,7.39225435256958,693842800,39.312277906103795,-0.002893447753264944,0.07688952435204588,8.39784111880322,7.158881951341434,0.23901801555640428,10.44409531425512
2010-07-06,7.513791447168592,7.5676748442931645,7.368903878001473,7.442844867706299,615235600,41.17572126164807,-0.025914925910867304,0.05632863429946325,8.401375849252819,7.148431890004992,0.23614322632321053,15.163412427868158
2010-07-07,7.498526788804091,7.746393077884988,7.476375657687216,7.743398666381836,654556000,50.83434023305307,-0.01968056815241148,0.041126793809088305,8.398372987123247,7.179394909528976,0.24095786802717326,43.200460119864964
2010-07-08,7.857448474912193,7.870021638197633,7.630238648534779,7.72603178024292,738144400,50.3201957691858,-0.01595721247065729,0.02970999255313919,8.373097830265058,7.249243659526812,0.2408739481440076,41.580396699991454
2010-07-09,7.690114249627012,7.780219979946144,7.638325956745536,7.771838665008545,433322400,51.7075914007209,-0.009204094419939857,0.021927175158523382,8.36776622628433,7.281846677310642,0.23380395350519328,45.853474659595236
2010-07-12,7.739208346904528,7.838593871096543,7.629345579984756,7.702088356018066,562878400,49.44332173192431,-0.009372427212264611,0.01566725468436578,8.365373503996778,7.295555269883227,0.23204997761994997,42.99697845753665
2010-07-13,7.673049056760513,7.675443146323815,7.376986908570624,7.537740230560303,1190924000,44.49878818983254,-0.02250789536570519,0.00803222467435159,8.369025093755335,7.284479611673743,0.2386965111790566,27.336351331949142
2010-07-14,7.4652993929912705,7.657483689182469,7.453922867950329,7.565581798553467,812047600,45.49323534698756,-0.03032173655352466,0.00036143242877634,8.370749381505343,7.261920448816922,0.23618681903999117,31.766981183335037
2010-07-15,7.4308703396768,7.692505532759063,7.403030158485956,7.527262210845947,824866000,44.31629484402981,-0.039154978252233796,-0.007541849707425687,8.354372748181053,7.230998889163308,0.23999314441378516,30.47639991919176
2010-07-16,7.579053072954873,7.632637526399327,7.436261383846515,7.480865001678467,1039858400,42.87012871252813,-0.04933060050529736,-0.01589959986700002,8.313178719282975,7.206424819230209,0.23687764428085853,25.235692096575985
2010-07-19,7.480262458424344,7.480262458424344,7.172526509553411,7.351539611816406,1024478000,39.045395148011245,-0.06705733735347152,-0.026131147364294324,8.257570744934279,7.17674665313701,0.24198199055544403,24.122476416932773
2010-07-20,7.27131596192785,7.570669913376793,7.184802589223522,7.540434837341309,1074950800,46.546790490201396,-0.06511305521426003,-0.033927528934287465,8.206101730948335,7.173493739480131,0.2522595143838603,52.74708204816151
2010-07-21,7.935583823454752,7.937379990570459,7.603600661539132,7.610784530639648,1185671200,49.06105735009732,-0.057235786776955955,-0.03858918050282116,8.118620339953923,7.202271994030453,0.2625942028728096,57.29960469075365
2010-07-22,7.7137588135557715,7.783208977856974,7.642811444335988,7.753872394561768,645318800,53.819069422229944,-0.03899746154280859,-0.03867083671081865,8.051904610001547,7.233214780486124,0.25615350604027504,76.00748371247832
2010-07-23,7.69609811846287,7.794585920139221,7.671850269491615,7.781414031982422,533388800,54.69623493768114,-0.022066706177167994,-0.035350010604088516,7.997030056453886,7.260967980884372,0.246623659226513,79.60838742857716
2010-07-26,7.783207090981,7.786200700730481,7.714655426122253,7.761653900146484,420551600,53.90513065206388,-0.010126703730291453,-0.030305349229329107,7.952755613636018,7.283029727626799,0.23411806032520693,77.02486884281328
2010-07-27,7.809254902702695,7.926901025437195,7.792191718494164,7.90534782409668,584771600,58.59501551831154,0.010806166236710268,-0.02208304613612123,7.917052314153732,7.306100275644241,0.22919870782274296,95.81198657405787
2010-07-28,7.893072995830915,7.962523164636599,7.790693909024019,7.811947345733643,519985200,54.69930414097435,0.019632665330197696,-0.013739903842857447,7.936342885315401,7.301148626983183,0.2251008898077313,80.93968905639224
2010-07-29,7.804461995534078,7.862536430973408,7.666460171275006,7.726629734039307,643806800,51.34140155596837,0.019518316218934295,-0.0070882598304991,7.946775074078416,7.3104135798675065,0.2230277019427792,70.13994564667463
2010-07-30,7.6601785426526,7.774231554630199,7.630541386274121,7.700890064239502,448210000,50.33741892523378,0.01715298851275815,-0.0022400101618476496,7.948306690006264,7.3351353304099955,0.21736073525801483,66.88174580061398
2010-08-02,7.796382381909653,7.860743021253078,7.771835570595513,7.8385910987854,428055600,55.365976554291755,0.026089033794911565,0.0034257986295041934,7.958920016483887,7.369155678553955,0.2132530368119835,84.31233030497476
2010-08-03,7.813444878206211,7.880799122685107,7.765847665611251,7.840985298156738,417653600,55.45043933257443,0.03298388821032461,0.009337416545668277,7.969564000910188,7.398325737172698,0.20623149540211724,84.6153947997334
2010-08-04,7.868228777947559,7.911335185742678,7.79249240378748,7.872419834136963,420375200,56.611371052155846,0.04051755322127448,0.01557344388078952,7.987275348526662,7.393516506331736,0.19998944444162303,88.59446683478073
2010-08-05,7.834998883753681,7.878405845069812,7.79967507209739,7.83410120010376,289097200,54.73876719911358,0.04290150168907125,0.02103905544244587,7.999270526712124,7.392328270132358,0.19132811076525155,83.74398629329438
2010-08-06,7.776625243223034,7.827815597205386,7.712263798771325,7.785905838012695,444897600,52.391394188292175,0.04043571731111584,0.024918387816179863,8.000780072838376,7.392225441306523,0.1863644886629075,77.29038780668813
2010-08-09,7.827514841885354,7.847572436946218,7.770338865402076,7.835597991943359,303128000,54.555296385216835,0.04200707553583527,0.028336125360110945,8.01376420375652,7.392592273980908,0.17856942315442428,64.6371649595979
2010-08-10,7.778719639619059,7.796681304035455,7.709867392051561,7.765547752380371,451920000,51.03388107710004,0.03717143024207736,0.03010318633650423,8.016188000698156,7.412949229221277,0.17479522149280813,40.66680007926277
2010-08-11,7.645508250482929,7.654189322721664,7.478168992331092,7.489543914794922,620054400,40.06156284574696,0.010941813065028505,0.02627091168220909,8.022055269274004,7.399478172269575,0.18283690281827034,2.348472071518572
2010-08-12,7.384772618321974,7.576658757282339,7.367709429047085,7.5374436378479,534920400,42.377026807287706,-0.005912089300968759,0.019834311485573523,8.021331632550757,7.401219951693017,0.18470207606234065,28.5356908633917
2010-08-13,7.533251912389617,7.540136819921826,7.456617048217689,7.456916809082031,354869200,39.60692330822812,-0.0254731320328494,0.01077282278188894,8.0240412193737,7.3961155456104315,0.17747476860818326,14.99753194948232
2010-08-16,7.411414701737975,7.484158270142244,7.38267602817838,7.413210868835449,318430000,38.14932800685752,-0.04399495696173794,-0.00018073316683643592,8.013200627890543,7.413123262795493,0.17204673099073195,7.649695537590201
2010-08-17,7.486249097345224,7.622455559541775,7.459905328385346,7.542827129364014,422640400,44.65440734923183,-0.047665232553753434,-0.009677633044219838,8.01303207442015,7.413531045468155,0.1747037281132744,32.21291452071268
2010-08-18,7.554504064432832,7.623654480192091,7.531153898611063,7.5757575035095215,339696000,46.2024833044183,-0.047370686632143055,-0.017216243761804483,8.014197349836726,7.408863067338567,0.1688320747895425,38.27045939233055
2010-08-19,7.568873157848122,7.588032269683421,7.444342128367245,7.480264663696289,426706000,42.49086252895067,-0.05421774258598688,-0.024616543526640965,8.016756828579883,7.3789428155088626,0.16703622239858776,20.704544121192257
2010-08-20,7.465599387850235,7.601206434026277,7.453923899672361,7.473083019256592,384230000,42.21619008671262,-0.05953727381469065,-0.0316006895842509,8.01389469638137,7.350971846434793,0.16562524468111117,19.383480070925287
2010-08-23,7.537444236778488,7.5437304230016755,7.341666786215873,7.35813045501709,414041600,37.98369730872385,-0.07219651538546223,-0.03971985474449317,8.021385154989858,7.3031290433133655,0.16822798697430344,2.8900442458968234
2010-08-24,7.264432177533382,7.274309897824465,7.144091376453719,7.182408809661865,602565600,32.602707838445895,-0.09530965339220554,-0.05083781447403564,8.025491459900124,7.2267288369596185,0.17150020780209396,5.218123140125501
2010-08-25,7.12583003128878,7.303946325572144,7.100684493039713,7.271016597747803,596867600,37.41720750848345,-0.10526365986479558,-0.06172298355218764,8.01822981695523,7.179897405105927,0.17376889528283232,22.805576940657048
2010-08-26,7.347651036832151,7.35663187118038,7.192884922027588,7.192884922027588,466505200,35.04027861072177,-0.11809552328550499,-0.07299749149885111,8.02404935398342,7.120703386876565,0.17305304198782948,12.34461337073292
2010-08-27,7.236888557236615,7.262632809034584,7.051587658225899,7.232996463775635,548391200,37.244344571895546,-0.12360337849521308,-0.08311866889812351,8.020654420350295,7.077308960463303,0.17576676404646202,24.347114831805083
2010-08-30,7.207252255088278,7.356630643722235,7.204857366328339,7.259340286254883,383289200,38.71505890999096,-0.12440856265267808,-0.09137664764903443,7.987937043658764,7.052101255901782,0.17405294357127873,34.47594659447604
2010-08-31,7.239881577593147,7.321007228153264,7.194979016020217,7.27730131149292,420786800,39.75176770056587,-0.12218885520546241,-0.09753908916032003,7.946056015796428,7.037613885097738,0.17062260561140502,39.45581960010262
2010-09-01,7.40812010481279,7.527562399288306,7.372497328976521,7.493735790252685,697037600,50.596948365038195,-0.1017918740827275,-0.09838964614480153,7.890410500103124,7.055390996402613,0.17631106862454654,77.28959538452588
2010-09-02,7.521574267066004,7.548815727233887,7.441048130313397,7.548815727233887,415427600,52.91960112574189,-0.08025747083327772,-0.09476321108249677,7.842308838617678,7.074964110601073,0.17141510635997106,86.91783021064157
2010-09-03,7.6362287930287165,7.746690257850847,7.618566885141253,7.746391296386719,520788800,60.15593563190251,-0.046710158260027335,-0.08515260051800289,7.833584815010714,7.079736680045438,0.17330506523547032,99.95699031131664
2010-09-07,7.6826274715655645,7.769140831745289,7.670952788254176,7.717652320861816,342557600,58.74161744670485,-0.02218690961049319,-0.07255946233650094,7.805778195219485,7.095748732728513,0.16793956368230192,92.82443269940035
2010-09-08,7.7766234294086365,7.914626081551902,7.756266877144225,7.870621204376221,526551200,63.641553934533654,0.009481950091692504,-0.05615117985086226,7.833071588759941,7.078962684387642,0.17001343489714366,94.90116824624167
2010-09-09,7.934084512896617,7.97838835347514,7.8706215634304995,7.8751115798950195,438575200,63.777548121362585,0.03454388494143856,-0.0380121668924021,7.896419522303112,7.05417151735448,0.1655672716258419,88.85663615602422
2010-09-10,7.878704678391109,7.917920583525034,7.825120239557308,7.885290622711182,387542400,64.10530682965492,0.054597644892341535,-0.01949020453545337,7.951651115050325,7.033724623093596,0.16036963393597645,89.95493516122993
2010-09-13,7.957432459387523,8.031073672326485,7.955637092611286,7.993953704833984,388780000,67.48741615487876,0.07835536485350225,7.890934233775564e-05,8.029677348229919,7.009402079489198,0.1593277350559284,96.21026058992926
2010-09-14,7.96910880100948,8.057717284210678,7.9484532857958206,8.024489402770996,408150400,68.38879823193612,0.09851192061458836,0.019765511596787876,8.104725791925558,6.995481489187113,0.1557517538672805,96.69745522032915
2010-09-15,8.02778434632186,8.093941960113264,8.017905028887164,8.089151382446289,429368800,70.26854532115311,0.11833967156259018,0.03948034358994834,8.182089964610219,6.972749741810679,0.15005783796433908,99.54040793439415
2010-09-16,8.089749284157332,8.282233265382041,8.067596563933739,8.279239654541016,652103200,74.97892019666074,0.14768937083068856,0.06112214903809639,8.29385087118386,6.931337050340188,0.15467061392747933,99.75674468558469
2010-09-17,8.312766974802162,8.320850123441046,8.19272678185309,8.243317604064941,634477200,72.63691850620705,0.16613550303032998,0.08212481983654311,8.384262427917287,6.917230787643627,0.152774380188942,93.1135527979115
2010-09-20,8.264574051462215,8.495077365084562,8.257689143967637,8.478612899780273,658677600,77.57741420856298,0.19746431392152441,0.10519271865353938,8.516525485819205,6.885520717794076,0.15984476453399044,98.73359847613547
2010-09-21,8.497468513875017,8.601942722478631,8.465437281230384,8.494773864746094,668074400,77.87292158399781,0.2210485667945603,0.12836388828174355,8.629251810400191,6.88645873418599,0.15817767001358016,91.28315431503114
2010-09-22,8.463044449809637,8.620804164254862,8.454063616133647,8.613919258117676,585289600,79.96887934964143,0.246511661630203,0.15199344295143546,8.736255498920277,6.922606090511484,0.1587893041641255,99.41641272101113
2010-09-23,8.57140852806089,8.763893282829999,8.561530013291511,8.648941040039062,786116800,80.55202691177479,0.2664458904822826,0.17488393245760492,8.835389537703556,6.961264495957333,0.16190173026229424,89.96336389147159
2010-09-24,8.74413964632024,8.78694709317294,8.697739865546195,8.750724792480469,649488000,82.17608384551622,0.2871469572650529,0.19733653741909452,8.925290519370272,7.0271475013359055,0.160194896181693,96.75425756808794
2010-09-27,8.800419776610394,8.822870669246326,8.711511491965412,8.716001510620117,482834800,79.72997638750428,0.29732346337363325,0.21733392261000228,8.986591532676975,7.114146992713651,0.15670663054592307,89.98042577594937
2010-09-28,8.734255291770882,8.734255291770882,8.232239305863434,8.587272644042969,1035042400,71.26115782780401,0.2916392384796307,0.23219498578392797,9.003842788344935,7.229688972824499,0.18137158450031773,76.38707855262071
2010-09-29,8.5983527750122,8.675586348553608,8.56153255471946,8.602543830871582,469644000,71.64592516914534,0.2850804761760184,0.24277208386234606,9.00140469357083,7.3646513195364705,0.17656317088130566,77.91764034184219
2010-09-30,8.651336864376592,8.681272169882387,8.419337247504245,8.494175910949707,673391600,64.99584112618638,0.26804833003353856,0.24782733309658458,8.994338690942822,7.4717613342341815,0.1826611531310797,62.40985546289474
2010-10-01,8.56602076984931,8.578892896171052,8.422330653778324,8.457355499267578,448142800,62.86088613542671,0.24871213334859377,0.24800429314698644,8.97338726639085,7.583566735989523,0.18079694522119738,58.19900462907059
2010-10-04,8.42981792005571,8.468733273519634,8.315164590090754,8.341209411621094,435302000,56.5507052426074,0.22146315022649965,0.24269606456288909,8.956601491079255,7.659834322824555,0.17885206937888895,40.16374942285451
2010-10-05,8.441790055463605,8.664808071339705,8.43640075650471,8.649541854858398,501967200,66.23949560831184,0.2221867555004664,0.23859420275040455,8.956777492546124,7.752847274757344,0.18919111154601195,77.05087289915872
2010-10-06,8.668996916692317,8.740841960944786,8.539376396089287,8.657022476196289,670868800,66.43505375572818,0.2208183846337981,0.23503903912708327,8.964854604270439,7.823410290215034,0.19006785821097538,73.68090108179682
2010-10-07,8.69145325779583,8.695644314218853,8.588775173199746,8.657925605773926,408399600,66.46031315795523,0.21730189489392693,0.231491610280452,8.959781455517886,7.906764841555476,0.1841250926972705,72.07309437012232
2010-10-08,8.73246155503041,8.815981295368132,8.681272810335036,8.803109169006348,658403200,70.3263040279646,0.2236520302570817,0.22992369427577797,8.962818264296383,7.995509887406498,0.18226299247562308,96.65417357337874
2010-10-11,8.82316846552511,8.898006349592304,8.818977409724505,8.841727256774902,427753200,71.27477333743137,0.22915911162847458,0.2297707777463173,8.97373191746286,8.069373589434111,0.17602257734064689,91.54672894257574
2010-10-12,8.84322498662993,8.965661697090201,8.755813130613976,8.936923027038574,558544000,73.52153028011091,0.23845624125241294,0.23150787044753646,8.991450217964827,8.142898651358903,0.17843871942175962,96.08156631220965
2010-10-13,8.986617486719886,9.039303457429591,8.974643039121169,8.984821319580078,630092400,74.59810887723921,0.24684381353940843,0.23457505906591086,9.012183885234045,8.211731977803066,0.1730059844909923,93.24934235478216
2010-10-14,9.031220453203572,9.054569824973637,8.992603262165852,9.04978084564209,435296400,76.02198926644998,0.2557841948912678,0.23881688623098227,9.063983449689216,8.236986532458,0.16563045026974704,99.41763327272241
2010-10-15,9.20335086100526,9.429663160552495,9.127614466266344,9.421879768371582,922194000,82.18289797635171,0.2895569525226698,0.24896489948931977,9.206133674177863,8.212692524400019,0.18093415488693693,99.34998854829608
2010-10-18,9.533535973416749,9.549400914084606,9.408405420574258,9.519466400146484,1093010800,83.38837863321145,0.3205019845119619,0.2632723164938482,9.363333998200659,8.159577550413843,0.17808139336003767,97.57465297721455
2010-10-19,9.082407731795625,9.392837591444408,8.981226080399777,9.264714241027832,1232784000,70.06185073084791,0.32077211386719107,0.2747722759685168,9.427937383474262,8.171968202768415,0.2038070309590855,76.93418452184592
2010-10-20,9.250043993205448,9.407204936777775,9.186282092240122,9.29584503173828,721624400,70.67852281733953,0.31981159893018685,0.2837801405608508,9.492800942330911,8.175297221273825,0.2050295890718404,79.45645599492262
2010-10-21,9.350629715907615,9.42187606374822,9.184188929986902,9.265613555908203,551460000,69.18808274722147,0.31300285440984865,0.2896246833306504,9.544549843449067,8.185215571742583,0.2073622708353745,77.00704859681181
2010-10-22,9.252141746978468,9.281179375440846,9.169221515923905,9.204245567321776,372778000,66.13911616611267,0.29920593178548316,0.29154093302161693,9.581305445178366,8.193812047497417,0.20054767002691504,68.98874232746427
2010-10-25,9.252741805612,9.327878652040706,9.233282932334266,9.245257377624512,392462000,67.18002187309013,0.2882582202174877,0.29088439046079106,9.620474820041759,8.207568259334463,0.19505377107634472,69.88750955632707
2010-10-26,9.18628435107337,9.272198989377484,9.14976229644431,9.22160816192627,392929600,65.9215799058122,0.27450941223566616,0.2876093948157661,9.647366158034336,8.244110473130215,0.18986683692326115,65.8771633730742
2010-10-27,9.209634540426858,9.276988796329276,9.148266707767416,9.215023040771484,399002800,65.55334949718497,0.2600839329300335,0.2821043024386196,9.668318010735447,8.284406541419095,0.18549935489744676,61.48288808196677
2010-10-28,9.218616263259658,9.220113468866222,9.007572622994392,9.137492179870604,551051200,61.21760298684604,0.2396332017448657,0.27361008229986883,9.66500663337259,8.35204954567404,0.18743088996704557,48.09537863441081
2010-10-29,9.107256274535516,9.156649666554372,9.006672524187845,9.009965896606444,430511200,54.79753273743,0.2107066495673795,0.261029395753371,9.63931195526096,8.43300526351956,0.18475562228129427,32.025791133146065
2010-11-01,9.047080743702216,9.148262359550444,9.046482021726275,9.105753898620604,423889200,58.33228694437717,0.19328338919506827,0.24748019444171046,9.581323804966928,8.56744786251354,0.18143711090005896,22.811494232728073
2010-11-02,9.190176421509667,9.285669823825128,9.190176421509667,9.260823249816896,433930000,63.33137962633429,0.18980023157207704,0.23594420186778378,9.576513319599513,8.633386487376804,0.1813284547789493,49.20970673829848
2010-11-03,9.320999409976867,9.366202568736062,9.23598319483895,9.363807678222656,508348400,66.22914891898176,0.19312357836053984,0.22738007716633502,9.575008277876154,8.7055700493028,0.1776778061445324,67.33518894909388
2010-11-04,9.443130550647895,9.584725566354644,9.430557383278089,9.527548789978027,642488000,70.25415386267451,0.20658847061847396,0.22322175585676282,9.588256105972208,8.779284539627158,0.18076638342935064,90.52579534742264
2010-11-05,9.519167567640071,9.566465031534811,9.482047583680904,9.493422508239746,361253200,68.42374884442292,0.2120612785950744,0.22098966040442516,9.603348252223888,8.833223727298815,0.17388431660253323,84.8710628194759
2010-11-08,9.495516426575485,9.572450228934374,9.482344538506933,9.53802490234375,281758400,69.54073674053689,0.21749046410532102,0.22028982114460435,9.620306956624297,8.885894787455292,0.16790012901859805,91.9210417376511
2010-11-09,9.610772153012892,9.618256583512805,9.414695741419004,9.461993217468262,383544000,65.30017517452097,0.21320037003803805,0.2188719309232911,9.625878205518,8.93283055760456,0.17044732280968394,74.44940500623578
2010-11-10,9.478754910977727,9.542517642830322,9.38625430540752,9.520365715026855,384227200,66.96568695833601,0.21206604691264097,0.2175107541211611,9.639336283486118,8.972926919181118,0.16943418099633523,83.99388162700035
2010-11-11,9.429660261630024,9.53144145244227,9.407208575383924,9.47905445098877,361284000,64.60241305629306,0.2054651396756011,0.21510163123204912,9.646258037361246,9.00893252584066,0.16620551642933595,77.23908424335312
2010-11-12,9.459594873994186,9.474562130804724,9.089294356946684,9.221009254455566,795846800,52.208350550940786,0.17736720363053493,0.2075547457117463,9.636364302754442,8.998739209055861,0.1821737005445323,35.04616037643247
2010-11-15,9.233883263894318,9.29614878614077,9.168324369223091,9.19137477874756,403606000,50.99829107355171,0.1509678687395386,0.19623737031730476,9.609816898015664,8.992477451654745,0.17829160885689996,30.200632561218434
2010-11-16,9.151858283864248,9.208136572970288,8.960271173167552,9.02822494506836,657650000,44.83692970302805,0.11554939605293058,0.18009977546442996,9.621121179631544,8.957524240442918,0.18326116535303108,10.327549947521064
2010-11-17,9.016549454478186,9.100069197025205,8.913571641497894,8.99559497833252,479449600,43.69978677453806,0.08388011787164018,0.160855843945872,9.6310954150444,8.917524999689485,0.1834923360797653,11.639717545275701
2010-11-18,9.13629288954352,9.270104526183776,9.121026669896,9.23298454284668,494491200,53.03247110549769,0.07704916583475985,0.14409450832364956,9.629929500784293,8.915428012643442,0.18999356549201465,45.3270507576742
2010-11-19,9.219210726497788,9.232082850712333,9.137487166217207,9.182090759277344,384843200,51.077614348455576,0.06675932420107777,0.12862747149913523,9.629851115279466,8.913290917343824,0.1832438377161188,38.10484682866516
2010-11-22,9.18059828257164,9.38056755065918,9.15635122644019,9.38056755065918,393075200,57.63603608574874,0.07376959888092038,0.11765589697549227,9.639622061266975,8.917050988659783,0.1861704438948953,66.27017001754015
2010-11-23,9.293452698473192,9.332369643060147,9.17700402359194,9.241963386535645,519447600,52.35740779297344,0.06736455770135841,0.10759762912066549,9.640081202964359,8.918627369423335,0.18741280697863424,46.601215019406766
2010-11-24,9.339850321666,9.441631477660907,9.332367494626634,9.423669815063477,413725200,57.81235950692291,0.07607377548937677,0.10129285839440776,9.654723635827295,8.9248496139896,0.18828818441767917,72.38669980758424
2010-11-26,9.391941140122071,9.51048575047389,9.36799304889064,9.429659843444824,237585600,57.98314945031981,0.08250813612876406,0.09753591394127901,9.667046987494919,8.941743028679399,0.1850170785009343,73.23672909361102
2010-11-29,9.444629394073068,9.503901313960457,9.32129577501651,9.485641479492188,445785200,59.62811743225561,0.09107480974882876,0.09624369310278898,9.671399322441378,8.984958252021514,0.18484482567543514,81.18093688202985
2010-11-30,9.385952651223665,9.41050026077041,9.306025238055875,9.314407348632812,501858000,52.816739588986906,0.08308899875868647,0.09361275423396849,9.6656690285705,9.01155389089361,0.18447135537264064,63.73133882491406
2010-12-01,9.43773880412541,9.51197873957285,9.429656456134484,9.471566200256348,461750800,57.60355333529759,0.08842231450835847,0.09257466628884649,9.679219391116177,9.019077823391878,0.18540707219888328,90.30940642747925
2010-12-02,9.50539495739264,9.54939983900909,9.426365227585336,9.523955345153809,462837200,59.093391855432614,0.09577236758600982,0.09321420654827917,9.696367793616233,9.017944187584938,0.18095189642923123,95.9982124173041
2010-12-03,9.489832488287918,9.538926126952797,9.469775687328228,9.502704620361328,342092800,58.199984083346145,0.09874431867381972,0.09432022897338728,9.692671358709923,9.01915620552958,0.17296607808604103,92.65600065701074
2010-12-06,9.538625790540287,9.64908806033904,9.532039845010493,9.583828926086426,448481600,60.64601240699899,0.10641893358764953,0.09673996989623974,9.707240558266012,9.01362764775816,0.17106731822116034,91.12744017931867
2010-12-07,9.693088419862145,9.698775080208431,9.523055357039595,9.525749206542969,391454000,58.02794729559109,0.10658591711965926,0.09870915934092366,9.705344470623434,9.014296165820657,0.17139963286028004,77.96419817651257
2010-12-08,9.568261369703578,9.609872171425796,9.492824755174189,9.609572410583496,321935600,60.6670662363439,0.1121888416665513,0.1014050958060492,9.727881610737663,9.006516945017951,0.16751733167394622,84.5602916368568
2010-12-09,9.643102406306433,9.654177572001752,9.550002269301526,9.572154998779297,294151200,58.88709472176141,0.11231522728823684,0.10358712210248673,9.735805300058031,9.003772184072828,0.16299290103296618,77.4411530565908
2010-12-10,9.568860294302588,9.61077005839079,9.537427771395867,9.596101760864258,262511200,59.70198925813762,0.11304458476740997,0.10547861463547138,9.752593472869377,8.998688742249032,0.15658928574453448,81.07138566438447
2010-12-13,9.710156397511788,9.730811918452702,9.609273682154708,9.629329681396484,439815600,60.861224354668956,0.11497842164092908,0.10737857603656292,9.781872127137241,9.010242130675259,0.1550264908762423,81.67555247984832
2010-12-14,9.63112945350608,9.655377315532096,9.549405029758676,9.588022232055664,351008000,58.6042484985659,0.11188805945321079,0.10828047271989251,9.798165796618438,9.033613206524873,0.1515226190831836,66.38555468273003
2010-12-15,9.579337745551443,9.669144499047308,9.555090689495351,9.590115547180176,417312000,58.68785785086299,0.10835874601745843,0.1082961273794057,9.786859455271117,9.101108608083376,0.1488462755452388,66.87834676428875
2010-12-16,9.611968567347215,9.657470670483685,9.58233300752638,9.616758346557615,322030800,59.8007347554423,0.1064841084210677,0.1079337235877381,9.753357778531381,9.19672662164562,0.14358137464610066,73.1503888519904
2010-12-17,9.628134026173385,9.632923805360898,9.586224257644986,9.597599983215332,386929200,58.57873081333033,0.10227357865960052,0.1068016946021106,9.75189856840063,9.234647375813235,0.13666124415108719,68.64027489917387
2010-12-20,9.62723002336036,9.676624193231495,9.526348154829693,9.645490646362305,385610400,60.73851302256168,0.10162955748886837,0.10576726717946215,9.738069999551728,9.294815933370634,0.1376337294547097,71.97497143184003
2010-12-21,9.669145090857953,9.71075509755678,9.64070697662432,9.70506763458252,256354000,63.30205636194497,0.10471939115912221,0.10555769197539418,9.75985451358474,9.305481427729957,0.13280618598883462,91.54391075927387
2010-12-22,9.709853754731178,9.750566062192524,9.685605906965916,9.73380184173584,265921600,64.50580714304097,0.10823900510492379,0.10609395460130011,9.756741126239758,9.357778660594958,0.12796004093438984,94.02963137009725
2010-12-23,9.729012066153606,9.733502082298216,9.674230192124346,9.68710231781006,223157200,61.00355114500413,0.1060377263150496,0.10608270894405,9.767546784134607,9.37331625297477,0.12307515583989724,75.37696028756889
2010-12-27,9.664653646441524,9.742186185423453,9.624839013410153,9.71943473815918,249816000,62.52077654438246,0.10568389496832431,0.10600294614890488,9.781064867896283,9.388775658684526,0.12266601413799745,87.92148437769436
2010-12-28,9.756250269232826,9.778701943032765,9.730805784997209,9.74307918548584,175924000,63.63502980598007,0.10608846854360365,0.10602005062784464,9.80019331991767,9.395390977262506,0.11813752776196798,87.53913951170269
2010-12-29,9.765536036756249,9.772421743185529,9.732008385866616,9.737696647644045,163139200,63.174584202783535,0.10476708050787131,0.10576945660384998,9.781111344527046,9.456801882554254,0.11258580130174978,83.75086988758717
2010-12-30,9.743383074716276,9.74428075842865,9.670640318251564,9.6889009475708,157494400,59.006279527669435,0.09864534365912903,0.1043446340149058,9.778999192767635,9.48064750904511,0.10980398979284516,64.41464338561862
2010-12-31,9.667648120589243,9.683513863179224,9.618553687263535,9.655973434448242,193508000,56.30644448933235,0.09009825142131689,0.10149535749618803,9.777329714126436,9.49551879661575,0.10698565197244661,51.366488508679964
2011-01-03,9.74817285060714,9.88647449571974,9.724224759482508,9.865818977355955,445138400,66.74831230296806,0.09911486632254807,0.10101925926146005,9.815142504298016,9.494017442143633,0.11580818120809316,94.26436891210584
2011-01-04,9.951734140191675,9.95353030707143,9.823311006057027,9.917308807373049,309080800,68.72340149311177,0.10915710242803911,0.10264682789477586,9.866414812363919,9.476093122206395,0.11683754690854387,91.52083028087647
2011-01-05,9.8652209968786,10.00861139232036,9.863723791429514,9.998433113098145,255519600,71.58695328762218,0.12225245023316766,0.10656795236245423,9.926868149352599,9.462908175873233,0.11884112219299396,97.88947644544191
2011-01-06,10.01998340643413,10.035849142019517,9.965501295375423,9.990347862243652,300428800,70.890327257691,0.13047417052248989,0.11134919599446136,9.976861008185201,9.450992862206645,0.11537731679664393,91.06944227393379
2011-01-07,9.998132653366198,10.06878027630323,9.935567380683937,10.061895370483398,311931200,73.36076162594136,0.14113629766832148,0.11730661632923339,10.034841284159072,9.441986623403185,0.11665128671254742,98.73073412372263
2011-01-10,10.143021261857946,10.274736965619017,10.093328911489523,10.251387596130373,448560000,78.55232138605845,0.16299761417129766,0.12644481589764625,10.137898486434707,9.40445800465416,0.12352202302848105,96.44163905743504
2011-01-11,10.324130073800577,10.326524163300828,10.162179311613148,10.227139472961426,444108000,76.49786565455497,0.17633358036190572,0.13642256879049813,10.213687723392967,9.388449746852393,0.126437939361281,85.96202896825784
2011-01-12,10.275337649675452,10.310660669362418,10.237917902734218,10.3103609085083,302590400,78.56949444143817,0.191411234425388,0.14742030191747613,10.295238662262731,9.379132675627895,0.1233724577212604,97.71695920386433
2011-01-13,10.332511795187372,10.376816441535754,10.293296687554376,10.348077774047852,296780400,79.45344645790334,0.20405163945348725,0.15874656942467835,10.370929967896066,9.379237592681326,0.1205258360255545,96.20993285955534
2011-01-14,10.354364632735344,10.431897163391112,10.310958469948968,10.431897163391112,308840000,81.29949528926088,0.21831616289088096,0.1706604881179189,10.454442790377435,9.377238651883307,0.12055532584102514,100.0
2011-01-18,9.864321745832283,10.320537716686507,9.758949026056603,10.197503089904783,1880998000,63.9862752744117,0.20830603535840808,0.17818959756601674,10.476575228408192,9.415096524521497,0.16001195523341677,71.18141592500307
2011-01-19,10.428009808820008,10.435494239804456,10.0846516452976,10.143324851989746,1135612800,60.76515077404469,0.19376757417754042,0.1813051928883215,10.488699934509421,9.452755238983011,0.1736427151815196,64.23615073263548
2011-01-20,10.071176201026136,10.127155535073909,9.882283718478313,9.958918571472168,764789200,51.29915312515243,0.16545839190990286,0.17813583269263777,10.486200854806523,9.480639412374874,0.17988545934794203,41.66336010007091
2011-01-21,9.9915447565515,10.024773433446798,9.7778057628542,9.780500411987305,754401200,44.135310611501666,0.127160479782221,0.16794076211055442,10.484068689553807,9.487441434652736,0.18467704586541747,7.9120015777035455
2011-01-24,9.784992526891136,10.101709365844728,9.78050171086022,10.101709365844728,574683200,56.03803121233538,0.12132937708639879,0.1586184851057233,10.486652102088241,9.526318726921767,0.19442932500770366,50.66333082002578
2011-01-25,10.06818373783062,10.22115368829774,10.015496974811056,10.219955444335938,546868000,59.46218291106921,0.12481091397545185,0.151856970879669,10.500733772012913,9.562289127614774,0.19523128132763087,68.14125780677693
2011-01-26,10.266652171256744,10.34568189445054,10.222947054071655,10.293294906616213,506875600,61.466866558355406,0.1319667086547529,0.1478789184346858,10.521511173205603,9.596533298535121,0.19026665052670022,78.98154767801809
2011-01-27,10.29120163621517,10.31844310074298,10.262763526468952,10.27413845062256,285026000,60.623553152835335,0.13454105604611044,0.14521134595697074,10.531795100574229,9.639893551464347,0.1806532879372237,76.1500361094813
2011-01-28,10.302874542869128,10.309759447804002,9.984361558375443,10.061294555664062,592057200,52.07474118755565,0.11804576330993122,0.13977822942756285,10.509887044447764,9.699040968400135,0.1909921880437476,44.68962657093646
2011-01-31,10.05231637646985,10.179243095576195,10.007413806375943,10.157689094543455,377246800,55.158765905180054,0.11146644289094176,0.13411587212023862,10.475914496983341,9.783185081874082,0.1896234095549265,58.93768226929795
2011-02-01,10.216960119611782,10.347178590663033,10.207380565170933,10.328619003295898,426633200,60.06609795985771,0.11867686613391193,0.1310280709229733,10.486476940997068,9.818902640454347,0.1896138443095444,84.20279467849586
2011-02-02,10.31125846543329,10.335205756539365,10.284315964374134,10.307366371154783,258955200,59.198619271264434,0.12127824854795755,0.12907810644797016,10.493417048623307,9.850968289206282,0.17970498344209343,81.06144777229545
2011-02-03,10.291800026390426,10.304971916352097,10.134639027386651,10.281023025512695,393797600,58.078946763862945,0.11983281690035774,0.1272290485384477,10.500140095463134,9.87250423360791,0.17920658060823907,77.16764361748457
2011-02-04,10.287009669740176,10.378612573325311,10.283118374878688,10.372625350952148,321840400,60.851708204894784,0.12464204807304391,0.12671164844536695,10.515541009859687,9.895331068082209,0.17337679255140884,90.70736329593807
2011-02-07,10.414237799766555,10.574691400340583,10.406754169718909,10.53368091583252,485021600,65.20886186922007,0.13983727940309265,0.1293367746369121,10.563939566769882,9.894111065706923,0.175426025182625,94.85365495638455
2011-02-08,10.587559175452997,10.642640008710297,10.541758134859382,10.633060455322266,381040800,67.6048054142945,0.15807650049672262,0.1350847198088742,10.628761169772762,9.867456748623233,0.17067838716085015,98.89232492423467
2011-02-09,10.632762861518197,10.746817435308982,10.623184106260103,10.721671104431152,482745200,69.61414364021306,0.17763370270130707,0.1435945163873608,10.70808496957295,9.83758611197002,0.1673180258671379,97.4049506736976
2011-02-10,10.698623726250988,10.776754986473213,10.417528807731983,10.613306999206545,928550000,64.35697072316756,0.18228755127443286,0.15133312336477522,10.749051090998975,9.826914599613819,0.18102575107243016,83.59373150707096
2011-02-11,10.619592736045094,10.710895076528477,10.583370441534864,10.682456970214844,367572800,66.11549034505398,0.18937261492327728,0.15894102167647564,10.798064406166587,9.811339204062905,0.17720424278108604,88.09959637288483
2011-02-14,10.68066054378374,10.761185882383892,10.67826565496984,10.752205848693848,310416400,67.83906909909058,0.1983295113368122,0.16681871960854297,10.850887607968104,9.790546870791662,0.1704696702548693,96.90190038068613
2011-02-15,10.752502746432894,10.775852907886945,10.703409133894402,10.773756980895996,284174800,68.37435628411816,0.20480603603776792,0.17441618289438796,10.91308870070221,9.785971167156676,0.163467820521846,99.62165188769752
2011-02-16,10.800702134881975,10.923437804263145,10.791722100039207,10.870452880859377,481157600,70.72846434632407,0.2152598974269022,0.1825849258008908,10.986061260651532,9.785711410094319,0.1624830350107962,94.35776129618935
2011-02-17,10.694433640129818,10.784838315780773,10.672579874942532,10.725865364074709,530583200,63.15799542812176,0.2094630935019275,0.18796055934109815,11.007305597775252,9.841161752230851,0.16501089007551398,78.43152137453446
2011-02-18,10.738135852576113,10.761784978998518,10.463029006157925,10.494162559509276,816057200,53.31048670152288,0.18405097959535155,0.18717864339194884,10.958314841592262,9.961518723166037,0.17456411027301966,45.57861176538271
2011-02-22,10.242403101316036,10.33969343835074,10.109789761214808,10.136431694030762,872555600,42.33532874455982,0.1335068215438202,0.17644427902232312,10.95501360549937,9.968292192077534,0.18955044513169453,3.2743804945612354
2011-02-23,10.1412261126852,10.316945909272984,10.13643553499408,10.256477355957031,671854400,46.32848861399745,0.10196154457398876,0.16154773213265627,10.953330827883494,9.973627160855518,0.1889050001395894,18.02838413924743
2011-02-24,10.29838650695092,10.332213115351877,10.129251066859675,10.264259338378906,499900800,46.58670553671045,0.07670541398371,0.14457926850286704,10.954169489713445,9.969884942201839,0.18990907502191887,18.984815177011587
2011-02-25,10.33550533319313,10.430400809049798,10.321735521148156,10.422318458557127,380018800,51.67239827245384,0.06865241625359353,0.12939389805301235,10.954072990861208,9.984799441847533,0.18821138899684553,38.41079690567789
2011-02-28,10.514519110037078,10.628572896160202,10.510926776686196,10.573492050170898,403074000,55.98864757208916,0.07362015563931834,0.11823914957027357,10.94150030937553,10.048591872783893,0.18950017818300477,56.99052470142095
2011-03-01,10.641144711803664,10.648628338986764,10.40794763057117,10.456742286682127,456136800,52.117334991938655,0.06735991156761223,0.10806330196974132,10.928004618347568,10.091992883025721,0.19315593034247544,42.6415977315523
2011-03-02,10.476203577523428,10.60762033189126,10.429504034896675,10.540863990783691,602590800,54.55557050896554,0.068398090909076,0.10013025975760827,10.929914375950027,10.111307624172042,0.19208167081762612,52.980429714285506
2011-03-03,10.692636589951878,10.770468089979078,10.654618124015846,10.763583183288574,500788400,60.317067766276374,0.08619878704982753,0.09734396521605213,10.953535939110795,10.133307742224654,0.1947618442731804,80.3533453634726
2011-03-04,10.778850461342207,10.785436406725632,10.709400272386912,10.776755332946776,453266800,60.63493762156885,0.10021364881887607,0.09791790193661692,10.971412291042625,10.165004621036232,0.18628143642071895,81.97224554651143
2011-03-07,10.818665850154774,10.82674900214964,10.516617996522228,10.637856483459473,546123200,55.579199697349424,0.09897166763816045,0.09812865507692563,10.974917407319163,10.188022618010427,0.195127834221197,64.90112361928136
2011-03-08,10.624382660302407,10.698922384041122,10.54475419693838,10.64982795715332,356316800,55.920340369582306,0.09782571256174499,0.09806806657388951,10.981183191774424,10.193371537687245,0.1922021451413074,66.37245680764576
2011-03-09,10.61779955534254,10.619895483533938,10.49536441523439,10.551342964172363,453306000,52.357985525924505,0.08795670885881535,0.09604579503087468,10.976792906273474,10.189590074073205,0.18950653062542336,61.58693238709373
2011-03-10,10.451056593656748,10.47051546796408,10.324729386609173,10.377715110778809,507539200,46.70863447280053,0.0653715728224622,0.0899109505891922,10.96414957314468,10.167837807836767,0.19215703397812103,37.36967658226387
2011-03-11,10.337600431021748,10.546849455080908,10.327722713214898,10.536970138549805,471080400,51.841362634054626,0.05963579526206608,0.08385591952376698,10.959886331300618,10.164467363615154,0.19408344168439878,59.58224023697678
2011-03-14,10.572590536171417,10.671378076275763,10.516612022573533,10.583966255187988,435957200,53.27165659279134,0.058211320207115946,0.07872699966043678,10.951111332334916,10.16339329107817,0.19127505682852963,65.19233467541066
2011-03-15,10.240907154581269,10.4127363979066,10.181036544198864,10.34059238433838,721081200,45.70189828239869,0.03701746178908216,0.07038509208616585,10.930654477805273,10.142688799172266,0.20639324641142923,30.299920155440525
2011-03-16,10.23791361443558,10.267848919832366,9.766729717238466,9.878987312316896,1162011200,35.4210573781144,-0.016832461084755224,0.052941581451981634,10.967353267177359,10.016513042942272,0.2326410621748925,10.59014648849878
2011-03-17,10.083148600613944,10.16636938179083,9.898447211497611,10.017590522766112,659422400,39.800084940884815,-0.04777408231947966,0.03279844869768937,10.934648371232505,9.963931703077797,0.236551134124824,23.665683171855406
2011-03-18,10.09213187431884,10.124163120352938,9.878692552463718,9.898749351501465,753214000,37.454917222551984,-0.08095186666615106,0.010048385624921288,10.933364481155893,9.882503991897087,0.23718823653656654,12.454455889834296
2011-03-21,10.058006342863475,10.170263186812392,10.036152577318912,10.157092094421388,409402000,45.03678280073812,-0.08541479095934612,-0.009044249691932193,10.92639588969445,9.855765536849738,0.2396400650204494,36.82596937051327
2011-03-22,10.25468139358524,10.2564775604944,10.152301478487376,10.21396827697754,325922800,46.572346600314944,-0.08340086476338904,-0.023915572706223562,10.923588983430005,9.866326101408863,0.22996406623377616,42.19154935247731
2011-03-23,10.156489092079129,10.184628231422735,10.056803860814307,10.15379524230957,372996400,45.13562911229607,-0.08567269327553184,-0.03626699682008522,10.926057579262368,9.853589294211753,0.2247640912287374,36.514951244829405
2011-03-24,10.233426863346896,10.357658939964686,10.143919879966225,10.326825141906738,404712000,49.91986588751274,-0.0726733339564909,-0.04354826424736635,10.926826388433664,9.85907706539324,0.2239765889980034,52.83822970401963
2011-03-25,10.41962601844208,10.539068331904742,10.38819349411515,10.523502349853516,448910000,54.74999213611726,-0.04597111466568471,-0.04403283433103003,10.934966155080906,9.861055687875636,0.223138489069432,81.18199805311893
2011-03-28,10.571696690692264,10.60672154385662,10.490571022033691,10.490571022033691,309355200,53.81409327771313,-0.027153685649505377,-0.0406570045947251,10.926377154997201,9.861352585145621,0.2154964914089675,80.01355416877317
2011-03-29,10.407351070854366,10.50613784790039,10.359454887696272,10.50613784790039,352900800,54.21253696088332,-0.010859443922113243,-0.03469749246020273,10.930530352570857,9.862138943693791,0.21058123918004978,81.73431403211553
2011-03-30,10.496557446676322,10.503742912742526,10.400764288708157,10.436387062072754,329406000,52.04594038384167,-0.0035337110231168367,-0.02846473617278555,10.9213845510766,9.860837052316956,0.2030664048952058,74.02404902905252
2011-03-31,10.36843598001964,10.47141382348414,10.359455944362896,10.4327974319458,274019200,51.93091608746737,0.0019597412497081024,-0.02237984068828682,10.875766890156237,9.873376138103039,0.19655865305420853,73.62725063870633
2011-04-01,10.510630284805044,10.524998822222452,10.276833597444464,10.314552307128906,418661600,48.15548366996702,-0.0031912646900220665,-0.01854212548863387,10.815846348939832,9.887076376737657,0.20024483674876425,65.21760956841678
2011-04-04,10.307069824083124,10.315750898999047,10.130150956148784,10.21367073059082,460084800,45.14026950760469,-0.015238118586694327,-0.01788132410824596,10.778011676655645,9.882492473734981,0.19919877289887136,53.207781217557724
2011-04-05,10.08794128334364,10.245401259322664,10.058304927689711,10.144818305969238,482731200,43.15423015444814,-0.029995384218155507,-0.02030413613022787,10.73342006473658,9.876583120535637,0.1983343128084486,36.55427965806067
2011-04-06,10.21456665094979,10.294793032458305,10.09242971293647,10.11937141418457,402539200,42.41153955360944,-0.0432454682117438,-0.024892402546531057,10.702994510759966,9.86381151951347,0.1986220990022619,33.05896668488062
2011-04-07,10.12116715197429,10.19091629108182,10.059200602239992,10.120569229125977,373447200,42.461736924155005,-0.05303821011211518,-0.030521564059647885,10.693712909727543,9.847378532380612,0.19384306970508805,14.795170567953658
2011-04-08,10.175650064502523,10.182534970234927,9.996935881349229,10.030163764953612,377535200,39.652395234868884,-0.06731799409781125,-0.037880850067280564,10.661844488905482,9.828566315843053,0.19325421393227452,5.449108702843581
2011-04-11,10.00022406204343,10.048419983580857,9.87928621590604,9.90263557434082,398946800,36.030974242194176,-0.08791189141072664,-0.047887058335969776,10.622536539145885,9.799741197517934,0.1915313249138847,3.2098191464748913
2011-04-12,9.89335536021124,9.99034672833348,9.884674290637433,9.950532913208008,425639200,38.309822859951375,-0.09922399598943876,-0.05815444586666357,10.614029609430757,9.769242180120026,0.1853985472554677,9.79423112466816
2011-04-13,10.028965191319346,10.062492831934655,9.954126522236844,10.062193870544434,346220000,43.37429308144611,-0.09804857140188261,-0.06613327097370739,10.602058968405048,9.799533476968486,0.18015293093198054,25.144180879103466
2011-04-14,10.022382951607767,10.058305494068364,9.940360385865723,9.951136589050291,301800800,39.8685593889375,-0.10486956238379541,-0.073880529255725,10.606155825889493,9.78879122611246,0.1759872561996041,9.877217999114324
2011-04-15,9.97748006946037,9.987658350149273,9.782900087758376,9.802657127380373,453605600,35.71259385851073,-0.1208630643702584,-0.08327703627863167,10.61805616278205,9.767281666807794,0.1780423280704107,2.6623195411139755
2011-04-18,9.761945164294584,9.945449173145343,9.584128618244767,9.934073448181152,609898800,41.52284898922393,-0.12153287578443006,-0.09092820417979136,10.622247524907992,9.740788440057829,0.19113362998685113,37.193741331900554
2011-04-19,9.971490467506442,10.117574688150892,9.92987967410095,10.113983154296877,419378400,48.398608607421785,-0.10632089534146516,-0.09400674241212613,10.617966129333057,9.735071323364698,0.19088801456278615,56.31536994285309
2011-04-20,10.283118705939364,10.350173999953345,10.222949117557269,10.250189781188965,700666400,52.91266440742993,-0.08232555700482713,-0.09167050533066634,10.62384484761955,9.738832058966144,0.1941239310694777,70.79203487668264
2011-04-21,10.627077008724523,10.630969103351676,10.43309577989495,10.4983549118042,753810400,59.810940315986954,-0.04279095891986806,-0.08189459604850668,10.650570882159771,9.729259001415668,0.2074564590047087,87.331958074402
2011-04-25,10.487574624361889,10.589654738237488,10.48637638086766,10.56750202178955,266546000,61.50324488080479,-0.00581290368159415,-0.06667825757512419,10.659844750403423,9.72438510036562,0.20001516603078862,93.93727292122796
2011-04-26,10.585764308440368,10.6267755773735,10.457939924997053,10.489971160888672,338800000,58.52736818267607,0.017039953013638254,-0.049934615457371705,10.659734244518853,9.724435620135688,0.1977880579126214,86.53109576206306
2011-04-27,10.544453082922532,10.547746454423685,10.3905854874095,10.481887817382812,356213200,58.21112294640473,0.03410560019588793,-0.03312657232671978,10.65520726946294,9.726537592139843,0.19488612284844742,85.75893002899687
2011-04-28,10.3633446121948,10.469913963283611,10.343287818752284,10.380108833312988,360959200,54.2372462434761,0.03896833244768594,-0.01870759137183864,10.646776899037429,9.729340139689379,0.19086568540431037,76.03643787113673
2011-04-29,10.381008735959997,10.59564548851864,10.377715363569614,10.481292724609377,1006345200,57.35414827895162,0.05040573129598158,-0.004884926838274595,10.655123200131944,9.725843367861218,0.19279885965750437,85.70208347196149
2011-05-02,10.469614860587896,10.491467820283887,10.34268895699698,10.36603832244873,442713600,52.93174782785907,0.049598148668062336,0.006011688262992793,10.661149479463214,9.724965690061934,0.1896545742024617,74.692344758152
2011-05-03,10.417228182807284,10.474105192392384,10.346280802012023,10.423514366149902,313348000,54.80334984915409,0.05298518971160249,0.015406388552714732,10.682859865633251,9.724239667447804,0.1852381325008831,80.18277472516863
2011-05-04,10.425311223585515,10.53218114366442,10.384000188911724,10.464527130126951,389250400,56.143448497983876,0.05830670800073001,0.02398645244231779,10.71174941570002,9.727320999796806,0.1825911912331555,84.10054104778659
2011-05-05,10.429501414988216,10.505837294251158,10.359153556915253,10.380108833312988,335969200,52.68097426252572,0.055077301695080294,0.03020462229287029,10.727420769990509,9.737723387419159,0.18002637309763767,76.03643787113673
2011-05-06,10.468119120198288,10.477398914815144,10.363943853262905,10.37741470336914,280134400,52.56954779992318,0.05170456215302366,0.03450461026490097,10.741354416122242,9.749474288711742,0.17527127941582346,75.77907966019856
2011-05-09,10.413337361517875,10.453451753333209,10.37352352987875,10.40555477142334,204747200,53.67177591808486,0.05071766837193792,0.03774722188630836,10.754202122649243,9.774165682831715,0.16846106113286888,67.84799163649593
2011-05-10,10.444174225306538,10.468123122974792,10.377418671462287,10.460938453674316,282091600,55.846579028821424,0.05378455338544619,0.04095468818613593,10.758432983877125,9.825765109537183,0.16290701758855713,58.32786245842515
2011-05-11,10.448061169320342,10.477397755136804,10.334905081717984,10.394475936889648,336000000,52.65231089196257,0.050272600950126645,0.04281827073893407,10.753656786694464,9.874935609088006,0.16144885014786164,20.120936965913653
2011-05-12,10.361250522006408,10.391185834782254,10.24599928804265,10.374720573425291,322000000,51.70562584285153,0.04537223770079457,0.043329064131306175,10.753476687386426,9.90636837868413,0.1605222643406571,33.804963436364865
2011-05-13,10.347478402548417,10.365139507092971,10.188521267389186,10.193011283874512,326116000,43.88898117290325,0.02652053128543308,0.03996735756213156,10.732557540832207,9.951474994720773,0.16235633874747485,1.024523064128304
2011-05-16,10.154094017592747,10.214563345112287,9.95651894117604,9.977474212646484,449775200,36.78525966285801,-0.005745392884797695,0.030824807472745706,10.69562517774697,10.00588906633262,0.16919120054667294,3.2787358869028638
2011-05-17,9.938561032176375,10.062493324279783,9.900542573951476,10.062493324279783,452334400,40.85202906683486,-0.024177337185486536,0.01982437854109926,10.67293369589602,10.041422535793433,0.16867402553107538,23.298816180213088
2011-05-18,10.072373889796754,10.209478097574348,10.058304315579075,10.174154281616213,334776400,45.785120381547394,-0.029435367181291028,0.009972429396621203,10.667211595399113,10.053161749022273,0.16742400813566086,39.362762251559936
2011-05-19,10.24031228658121,10.250190805120702,10.138232130040493,10.193912506103516,261170000,46.633286681092514,-0.03164330591199338,0.0016492823348982855,10.669629405748895,10.045116211163949,0.16346219863170008,46.44585467372027
2011-05-20,10.164871667936026,10.206482456122746,10.02896494242036,10.034952163696287,337968400,41.06682527095525,-0.045693162079222915,-0.007819206547925955,10.670274994244982,9.998130347857069,0.1644661497081776,21.279509547033374
2011-05-23,9.877792173297788,10.057703793833486,9.861327712851551,10.010405540466309,383600000,40.26749647811335,-0.05813829953822669,-0.017883025145986102,10.653178626510558,9.959517067459169,0.16674543051344598,22.222116004403613
2011-05-24,10.043334717555748,10.055309160637067,9.9188029075961,9.94424819946289,321927200,38.11425503117678,-0.07250372731933652,-0.028807165580656185,10.6500895760108,9.90803382181635,0.16458548926541175,12.865671667947975
2011-05-25,9.981367721730315,10.134937161826718,9.964005578020071,10.08165168762207,294224000,44.72528346576287,-0.0719714767839239,-0.03744002782130973,10.627179113664369,9.890920671186706,0.16645002305815573,35.762745291174866
2011-05-26,10.057403711993906,10.08494413014027,10.0113029081354,10.028366088867188,222560800,42.815112384896366,-0.07498498664364561,-0.044949019585776906,10.618735360513604,9.864190149892892,0.15982082298292105,27.11353653815453
2011-05-27,10.022378408909056,10.107095586570436,10.007710117327676,10.100509643554688,203599200,46.16736815619514,-0.07073642748011011,-0.050106501164643553,10.586953295739406,9.857893906561621,0.15550401200148098,38.82382104085334
2011-05-31,10.210974506105838,10.412439346313477,10.207980095509496,10.412439346313477,417754400,57.710680548136985,-0.0417183899953848,-0.048428878930791806,10.59368585552285,9.855801449164652,0.166677275627003,89.45600266775334
2011-06-01,10.443568852934764,10.541157343874394,10.31724170529222,10.342985153198242,554682800,54.88845162579899,-0.024048542527992822,-0.04355281165023201,10.582208013378283,9.859226370014051,0.17076573012380092,70.84972739743775
2011-06-02,10.372626415885383,10.416931066633314,10.30676856174338,10.360651969909668,338783200,55.484784889776336,-0.008521268762850198,-0.03654650307275565,10.565051874179359,9.865994993191245,0.1664369283213818,73.44843976671842
2011-06-03,10.273240435352069,10.337601081077514,10.238215582180532,10.281023025512695,313250000,52.13926551672006,-0.002611083813135906,-0.029759419220831702,10.5530120893803,9.868126197210277,0.16329403256479283,61.73536626076277
2011-06-06,10.348677234316634,10.389089786188784,10.112486508154133,10.11937141418457,461941200,46.06672101721773,-0.010846126322432426,-0.02597676064115185,10.533012623526176,9.862321334145943,0.17138755009835413,37.95711301150223
2011-06-07,10.123264032086349,10.124760438072151,9.935568198588278,9.939759254455566,529785200,40.43201157414345,-0.031502515659123986,-0.027081911644746277,10.513608569001745,9.835145836973597,0.1726593136258912,11.536940731166771
2011-06-08,9.931972799701487,10.022377428717538,9.898146203835392,9.9457426071167,333723600,40.69226061972337,-0.046849988965226075,-0.03103552710884224,10.474195506565778,9.823039314753803,0.16920016442990946,12.417066043170385
2011-06-09,9.97598289625575,9.98855606555195,9.901144201550554,9.923296928405762,275088800,39.9864920062486,-0.06013099810261657,-0.036854621307597105,10.443848155121827,9.806268765349365,0.16335814297072992,9.115403731516407
2011-06-10,9.89515404988868,9.928382730657276,9.744279260430485,9.75595474243164,433955200,35.09883615914096,-0.08320032781101183,-0.04612376260828005,10.430506680866534,9.757733656505293,0.1648399520604486,1.465152856343749
2011-06-13,9.794872605903524,9.828101295224942,9.731110676763729,9.776911735534668,329473200,36.15139633207746,-0.09865465416907604,-0.056629940920439256,10.434504819896478,9.712125562641365,0.1599935710890746,5.654125944904611
2011-06-14,9.878692018839097,9.975982397023335,9.858036498567294,9.95173454284668,334569200,44.27091302321678,-0.09569249612649777,-0.06444245196165097,10.434835532761833,9.70922088279603,0.16278479183190267,27.23594516719494
2011-06-15,9.871203726631554,9.887668182903608,9.725417708959826,9.781397819519045,399196000,39.0590252229115,-0.10586931893834617,-0.07272782535699002,10.443409033272228,9.67253783180956,0.16732279483582774,6.862497316938801
2011-06-16,9.785889870221366,9.839174543663198,9.529343420233396,9.73380184173584,510591200,37.72265889772378,-0.11643295533559517,-0.08146885135271105,10.443142972480167,9.628768648613583,0.17750196116396877,20.2071168151851
2011-06-17,9.848457135821082,9.856240525470106,9.560178352883298,9.587120056152344,615020000,33.875974639800106,-0.13508354845308368,-0.09219179077278558,10.451804711077882,9.55942766502075,0.1859705476941716,5.71020368162555
2011-06-20,9.50030949459253,9.510487775261772,9.294952510204803,9.439241409301758,640645600,30.499307962176104,-0.15995301006366525,-0.10574403463096152,10.488373571003313,9.463287729655866,0.19355604756941225,11.578265081196939
2011-06-21,9.479954089162398,9.752964316062004,9.4356494298276,9.737997055053713,493382400,42.885507022170955,-0.15378244545284225,-0.11535171679533768,10.485255004890353,9.439165447227568,0.2023959646169116,39.48779077019188
2011-06-22,9.733801005080904,9.845760440497818,9.650580230833832,9.657465934753418,390583200,40.775977487522155,-0.15361958596173153,-0.12300529062861645,10.488420441302248,9.407321784344726,0.20188055354884551,33.132352996802794
2011-06-23,9.547600258866732,9.929277122578544,9.523054256747262,9.915507316589355,559759200,49.369945917565374,-0.1311568412457529,-0.12463560075204375,10.47655148875297,9.402576299790733,0.21647643299759098,56.716357262069735
2011-06-24,9.91970048802711,9.972985156167166,9.731705745564026,9.769424438476562,439807200,45.357241858834,-0.12371649487903014,-0.12445177957744104,10.467064682497053,9.386168941007586,0.21824807425513015,57.178524371438364
2011-06-27,9.806547147232244,9.995439625901652,9.7963688686974,9.939759254455566,339813600,50.41770109948634,-0.10288932656627559,-0.12013928897520795,10.452884645991126,9.384273938603599,0.21880286805298435,88.64237776856889
2011-06-28,9.987957837168793,10.079261008570114,9.981671651387842,10.03615379333496,294299600,53.066644111613535,-0.07770962377169965,-0.1116533559345063,10.385105258114173,9.414424771182702,0.21313850277166746,94.50379342758609
2011-06-29,10.059500598081012,10.069379115102556,9.93496877349214,9.999629974365234,352545200,51.934477973439044,-0.06000993763938567,-0.10132467227548218,10.324249953667671,9.440944557745905,0.207515062688721,89.8469754731907
2011-06-30,10.01938693845235,10.062195177517008,9.963707370696133,10.048423767089844,322954800,53.36589206961909,-0.0415664059207721,-0.08937301900454017,10.256481890069912,9.477489801061681,0.19972740155530347,96.06822550762325
2011-07-01,10.056803383877336,10.28281577010083,10.004416401644326,10.27563190460205,435313200,59.42530899298658,-0.008517788551417382,-0.07320197291391561,10.255011460269452,9.478421118771076,0.20534682776253213,99.27278746053013
2011-07-05,10.267849064340776,10.472308266229732,10.252881811112708,10.460333824157717,355054000,63.56936926348018,0.03220612791108124,-0.05212035274891624,10.342345014283888,9.425183805753955,0.2063525154307101,98.98293765408309
2011-07-06,10.445966139580262,10.600134307782016,10.378910852135366,10.530084609985352,444626000,65.02223434149481,0.06930947411824917,-0.02783438737548316,10.455416218703615,9.371145136887204,0.20741472544613435,94.63295474035141
2011-07-07,10.617198622223968,10.716883081036803,10.597141026774452,10.6929349899292,399663600,68.20991387260162,0.11058010930037376,-0.00015148804031177646,10.595452670156602,9.305827923715468,0.20594213584651416,98.31580447042562
2011-07-08,10.577384430187925,10.776754954806664,10.543258059215304,10.768073081970217,489633200,69.58711169426402,0.14764840222069253,0.029408490011889086,10.733680320211151,9.252077889017363,0.207910332971146,99.41410051872465
2011-07-11,10.667190972711524,10.769869844511904,10.561817450991414,10.59714126586914,442674400,62.91023498003453,0.1613723227146373,0.055801256552438734,10.813649303779357,9.256227557792908,0.20792048015324197,86.60704280221888
2011-07-12,10.58306818028108,10.707301012766129,10.43608550760992,10.589654922485352,451609200,62.62681114840924,0.16968848006571946,0.07857870125509489,10.881926760721383,9.269224419545951,0.21244155336773957,85.0761802549106
2011-07-13,10.726758699316296,10.77675159497817,10.66838449361757,10.717479705810549,391638800,65.48598489622216,0.18446706492153275,0.09975637398838247,10.966826289833664,9.260899406730056,0.2106312047338167,95.27197766676946
2011-07-14,10.80698873871676,10.824950406495446,10.667190688302382,10.70999813079834,430533600,65.17171542310805,0.19334671869737718,0.11847444293018142,11.037798402322139,9.282787325369512,0.20685466998090582,89.48521956657261
2011-07-15,10.811778401350365,10.926430915012563,10.75190777478499,10.924036026000977,484467200,69.65794186025678,0.21517457903709492,0.13781447015156412,11.136107443339261,9.303501702778904,0.20753882099757137,99.7880745557825
2011-07-18,10.939305000503207,11.215309613560878,10.93481498248442,11.189865112304688,572653200,74.11714971647083,0.251029786141876,0.1604575333496265,11.262442973263362,9.337440678470038,0.21351987575202352,98.01267752617932
2011-07-19,11.315591406611489,11.335049479840375,11.17549359910835,11.281166076660156,819145600,75.45157383834484,0.28354400212820075,0.18507482710534134,11.360248745122815,9.423827373346422,0.20966530467916653,96.1514073484549
2011-07-20,11.85802133989524,11.862511356877183,11.555074290595048,11.582015991210938,941340400,79.24819210711188,0.32978625567563036,0.21401711281939914,11.537660422177725,9.430817589907237,0.23621387436044228,85.22778719090488
2011-07-21,11.583518311973869,11.67661686080031,11.492215131243386,11.59369659423828,526534400,79.3815227344868,0.36318947957194503,0.24385158616990832,11.669840519260738,9.49226055877271,0.2325130068744767,85.53277582064067
2011-07-22,11.62452574093784,11.825991394093313,11.607462555433337,11.773604393005373,516728800,81.367253103353,0.39957280441148235,0.2749958298182231,11.83811878131634,9.509792004358708,0.2324974206588022,94.47655741001044
2011-07-25,11.685292036221872,11.974169494686867,11.663439875556492,11.929266929626465,589806000,82.90164668539784,0.43594224640184365,0.30718511313494723,11.992597425873777,9.571297608916263,0.23808543483534317,97.1852485946364
2011-07-26,11.974171829803968,12.108881949341566,11.96459307235735,12.076251983642578,476582400,84.22282907335283,0.4711941241060984,0.33998691532917746,12.16194974731225,9.615594560396492,0.23390897661246873,98.04937618917879
2011-07-27,11.991829274362724,12.053197088283532,11.73917415310908,11.75234603881836,659324400,71.17174648753888,0.4676047321322194,0.36551047868978587,12.237093600046551,9.71206993221053,0.24127818046397087,78.68623452151013
2011-07-28,11.723312168691532,11.884064690534888,11.61883713823478,11.72929859161377,594034000,70.33655435441479,0.4576251587901261,0.3839334147098539,12.278541053044894,9.84358934093704,0.24298884988083788,77.30845497645493
2011-07-29,11.604168036402994,11.82898302169396,11.49520299649111,11.689184188842772,632584400,68.82273898682885,0.44139129388464404,0.39542499054481195,12.292488545766586,9.99371789039064,0.2494739338324101,74.91041049415843
2011-08-01,11.907715553312876,11.959204073733751,11.745764764061349,11.876882553100586,612836000,71.87314618383968,0.43861544253043583,0.40406308094193677,12.340765335184974,10.105566165822106,0.25094150176516505,83.9078308573673
2011-08-02,11.903820225273243,11.911303852002437,11.6254208377105,11.642184257507324,639539600,63.506146540708386,0.4127197924759045,0.4057944232487304,12.354070548497461,10.21044599584458,0.2534373240885059,67.62845801688209
2011-08-03,11.704151026226112,11.78108562544002,11.442516634194227,11.751749038696287,732508000,65.5238949477311,0.3964680287676181,0.40392914435250793,12.373082958599461,10.313600028613674,0.25951815745688356,73.68167225717616
2011-08-04,11.657156710543974,11.714332695494956,11.29613513386236,11.296733856201172,871407600,52.53347923085521,0.3429195038539081,0.391727216252788,12.357365029047386,10.389697844792945,0.27352499655524376,30.826084366002615
2011-08-05,11.388632343946712,11.480235235770609,10.853686483701336,11.18447208404541,1204590800,49.90469213674569,0.28810226172556774,0.37100222534734395,12.341163741425405,10.447539032622448,0.29874097909196007,26.353313838283515
2011-08-08,10.827343878736356,11.009351438370503,10.567803789350942,10.573492050170898,1143833600,38.58735873993716,0.1931319153418567,0.33542816334624653,12.344222953480871,10.442114898997156,0.3214500730635678,0.3691091709450667
2011-08-09,10.815668367049438,11.214109584080555,10.627074877376169,11.196147918701172,1082583600,50.826243969453216,0.16619456890869344,0.30158144445873597,12.302629959510611,10.544357192588997,0.34424774883828846,40.77302148997123
2011-08-10,11.110534388408473,11.21530839190733,10.851593790497413,10.887216567993164,878656800,45.934928114906555,0.11855175875319901,0.2649755073176286,12.285318215261595,10.578642623056277,0.3456382383076905,20.726578763802987
2011-08-11,11.091673435195224,11.239255661792145,10.918047991577165,11.18686866760254,741969200,50.8734190014402,0.10377762473977548,0.23273593080205798,12.248730881976329,10.662917010021964,0.34609544227135414,40.170894268942575
2011-08-12,11.317687835087868,11.364686337549976,11.202736348599888,11.285358428955078,528976000,52.412044625964015,0.0988765306235937,0.20596405076636515,12.23145737773319,10.716322754560512,0.3340756013910743,46.56185897855448
2011-08-15,11.364385820102196,11.524241458116148,11.318285007739195,11.47754192352295,460544000,55.350649857619615,0.1092407210607913,0.18661938482525037,12.233966006889144,10.742581806526385,0.32727613194607397,61.24560645491998
2011-08-16,11.420965102293255,11.476345715509876,11.257517113288442,11.38983154296875,498750000,53.72022197820711,0.10911906530714077,0.17111932092162846,12.234613623556625,10.752800736489762,0.31961532325239067,59.07917102248109
2011-08-17,11.444612099427117,11.510768902251357,11.315590266742433,11.388632774353027,442061200,53.69694120133934,0.10768460059283136,0.15843237685586906,12.225139408933183,10.742936629427414,0.31072698841357166,58.99301546903053
2011-08-18,11.101255970988436,11.15543994571254,10.817766924427952,10.95786476135254,851435200,45.98492522777027,0.07097029699505342,0.14093996088370594,12.227314196413934,10.677178658658088,0.3293083356643934,28.033699315694804
2011-08-19,10.841716028388024,10.986304685552051,10.657014570443652,10.657912254333496,775888400,41.51391375277412,0.01746891558792285,0.11624575182454933,12.232357194250609,10.560566446954224,0.32930703419610813,6.70699373133775
2011-08-22,10.9117633855876,10.92284014772494,10.629771579572434,10.670184135437012,535315200,41.76339029167446,-0.023668243609836992,0.08826295273767207,12.189847336470716,10.477168025315173,0.32671857233585083,8.438298756378432
2011-08-23,10.78573176791562,11.185070620790167,10.686945018226002,11.183873176574709,656835200,51.15556360147906,-0.014650444900688342,0.06768027320999999,12.072156257654717,10.505621223424386,0.3401591375513726,53.733436978551254
2011-08-24,11.17998463346964,11.344330307101812,11.09406998213249,11.261110305786133,626267600,52.39864574529749,-0.0012568949219478043,0.053892839583610436,12.016597392778511,10.512056514997369,0.33373779379551183,72.488416033454
2011-08-25,10.92882051417528,11.239251057467069,10.926425626322883,11.18746280670166,871346000,51.06414939291553,0.0033759365580436906,0.04378945897849709,11.957338451850578,10.517131877434089,0.33380542848606454,64.78822798256364
2011-08-26,11.111133049116669,11.489217782867732,11.10005708640584,11.482632637023926,641477200,55.91066405956881,0.030513486870830775,0.041134264556963826,11.925317112062729,10.528498062040054,0.3377593761986236,95.36219672182807
2011-08-29,11.620330483076271,11.71971674809187,11.614942783801707,11.673914909362791,405269200,58.76101170306749,0.06668635300764159,0.04624468224709938,11.880436941097715,10.553081468631289,0.3305682858321465,95.79778505818832
2011-08-30,11.622429592892908,11.72989824300477,11.561361519479297,11.674517631530762,417922400,58.77005661075813,0.09431503960677468,0.05585875371903444,11.886559221060457,10.550192526070889,0.3189946028102413,94.96597861729629
2011-08-31,11.691879326808555,11.737081654757445,11.431141798778834,11.520050048828123,522586400,55.415520859190245,0.10256443089070899,0.06519988915336936,11.843321625613688,10.570260222530843,0.31806212089369623,80.40010555371678
2011-09-01,11.54968598957675,11.59518727733898,11.39701502841945,11.406294822692873,343725200,53.01559065620592,0.09878431279308053,0.0719167738813116,11.853924024959948,10.570613919833754,0.30949855860982717,70.1269915737646
2011-09-02,11.218002361336312,11.315592497693435,11.130891064292008,11.197347640991213,438939200,48.83224522010317,0.07802878340371855,0.07313917578579299,11.854476205842937,10.571349294645342,0.3070632157377584,51.25719291626126
2011-09-06,10.997376554745598,11.385339748166412,10.970733816471446,11.36767864227295,509698000,52.1471409972274,0.07446577007095279,0.07340449464282495,11.821771852646854,10.68347230705163,0.31474483830613037,66.6396052232456
2011-09-07,11.541904370033953,11.543101814598694,11.435333402496212,11.493109703063965,350576800,54.485541916164635,0.08083151923150389,0.07488989956056075,11.845836307768733,10.689104030366034,0.3047932907361029,77.96715146362985
2011-09-08,11.447307333620476,11.633206996811309,11.444613483151985,11.499395370483398,416158400,54.60525665830617,0.0853991933909608,0.07699175832664076,11.856152573134167,10.74000564524962,0.29649330665919016,78.53480343034597
2011-09-09,11.493106565785109,11.555072306690258,11.226381057651055,11.300023078918455,564813200,50.10366745900078,0.07210030295354919,0.07601346725202245,11.859352046603096,10.748121612912286,0.2987931596863339,60.52970295913137
2011-09-12,11.165912130462836,11.401802242162866,11.132982415075126,11.373663902282717,467832400,51.68792441206601,0.0667337701105204,0.07415752782372204,11.864555292275309,10.751748914572836,0.2966522073578629,65.39328885095547
2011-09-13,11.439518885552635,11.561356012892915,11.382940856474592,11.51375961303711,440560400,54.638682096879144,0.07294444899612884,0.0739149120582034,11.86891734372061,10.75100863207895,0.2888693433044583,72.4516892631284
2011-09-14,11.585608311361666,11.740973130595233,11.547889610797483,11.653861045837402,534724400,57.43830288005723,0.08815527240343712,0.07676298412725015,11.902173357753156,10.74415556833327,0.2844653557511487,89.30546293482917
2011-09-15,11.717623822254422,11.784380151194249,11.671822771156796,11.76342487335205,417818800,59.54128201754411,0.10780810008949615,0.08297200731969935,11.953194910813984,10.730613225172345,0.27346919500869854,97.42452255385172
2011-09-16,11.840656649897198,11.9891357421875,11.82538963517474,11.9891357421875,698513200,63.53819051007977,0.13998245775531082,0.09437409740682165,12.041250882965501,10.745684351104321,0.27005788599632363,100.0
2011-09-19,11.884362790750178,12.370215052529224,11.830480192181998,12.322318077087402,823860800,68.48715049070034,0.19017369394982708,0.11353401671542274,12.15358783183289,10.799787984512324,0.28932052702138805,96.57751928302069
2011-09-20,12.430683933039344,12.658493319502158,12.309146531434488,12.376800537109377,775754000,69.22278892640173,0.23167626961452115,0.13716246729524242,12.241112022956171,10.882925433556279,0.29360811709612256,83.30966100993979
2011-09-21,12.562100665011066,12.62047487691292,12.333394394073988,12.33758544921875,605976000,67.99246716920976,0.2584240780714868,0.16141478945049131,12.357054315040664,10.882354368736191,0.29314185750632327,80.9861612565562
2011-09-22,12.005004814611397,12.26813725264598,11.87538424309842,12.028653144836426,968480800,59.083441498528735,0.25179116209050356,0.1794900639784938,12.396742720777734,10.91942024690415,0.3052175252644666,62.68187656270177
2011-09-23,11.982555886515655,12.175939224164775,11.969683754646027,12.102896690368652,546277200,60.42548045961265,0.24964758012973398,0.19352156720874183,12.433117360600331,10.974588995448254,0.2981488069969153,67.08081760844361
2011-09-26,11.969977624056472,12.09331198743078,11.713730941743693,12.069064140319824,812876400,59.46826000495114,0.2424242560240426,0.203302104971802,12.472081499212077,10.994268007166095,0.3046500171132042,61.36185080868247
2011-09-27,12.235506924863422,12.251072903796668,11.9160962026273,11.952018737792969,632497600,56.15406997193684,0.22466533173938963,0.20757475032531952,12.491735848939916,11.002424040281275,0.30681620883150174,53.68931289451944
2011-09-28,11.979861058924753,12.0861322845415,11.869698537461584,11.88466739654541,429637600,54.279487773311224,0.2028185993742344,0.20662352013510252,12.5038611016935,11.011313764029156,0.30036031870638846,49.274310612195194
2011-09-29,12.03165045769948,12.04033153288176,11.561364001091196,11.691883087158203,651086800,49.21504936887466,0.16801208524102584,0.19890123315628722,12.50485607697985,11.027502092575814,0.3131179767838296,36.636950313573465
2011-09-30,11.588605434607397,11.64159196754801,11.41078887787484,11.414979934692385,547640800,43.00799375924545,0.11673821630473213,0.18246862978597622,12.504409198423097,11.028817482332517,0.31083056481951055,2.51178051444051
2011-10-03,11.386541437624093,11.454494429622985,11.171006176126726,11.213812828063965,669099200,39.145374380986475,0.05918851314719298,0.15781260645821957,12.502589913280294,11.032283286182595,0.3088775425821354,2.877782986419726
2011-10-04,11.212914132748312,11.429347058615544,10.604327674116565,11.15094757080078,1233677200,37.996905144049286,0.008410309089413204,0.1279321469844583,12.522318567187488,10.990881525128186,0.3457448170047671,26.61031246005514
2011-10-05,11.01204404350748,11.370071074688903,10.785731880592932,11.323073387145996,786469600,42.93363250994986,-0.017738193744150976,0.09879807883873644,12.529745026301317,10.96645143442256,0.36278727251128173,34.989666711834886
2011-10-06,11.17579434184773,11.518555286876682,11.129993281971933,11.296733856201172,812582400,42.37758906104429,-0.040123926994033,0.07101367767218256,12.538220211474894,10.937710097820762,0.3646283248251008,33.70741710338718
2011-10-07,11.24913379518075,11.307806970877666,11.03090475351916,11.070119857788086,535458000,37.837196304238425,-0.07528282412026499,0.041754377313693046,12.559159996588107,10.89377999059451,0.35836217429177264,22.6754928317422
2011-10-10,11.348218920586152,11.639190673828123,11.32187514756149,11.639190673828123,442514800,51.802389505890375,-0.05657508213767848,0.022088485423418742,12.557077079296706,10.922415585040453,0.3734127915595058,51.328742180939166
2011-10-11,11.751753593253763,12.069369030530126,11.719723144032796,11.982854843139648,605687600,57.94664945844624,-0.013858483520913012,0.014899091634552393,12.58014914943302,10.946253037914392,0.37746747478396986,82.85366227074597
2011-10-12,12.193892629522166,12.251068585084743,11.978357494507977,12.039725303649902,622286000,58.880819001170124,0.024303543396410277,0.016779981986923972,12.606762457741214,10.958226155387448,0.3699848759120268,87.16573782406995
2011-10-13,12.123249769212345,12.22652816772461,12.05948784217053,12.22652816772461,426185200,61.87652410738273,0.06882725685159663,0.027189436959858506,12.653347856381979,10.957951086183938,0.35690044649507535,98.50950009572355
2011-10-14,12.477981585530188,12.632747650146484,12.431281262063598,12.632747650146484,573367200,67.43294343729292,0.13533112488744337,0.048817774545375475,12.760415335190649,10.915244798171168,0.36042323477556104,100.0
2011-10-17,12.624967334603433,12.773447253021295,12.451341082046898,12.572580337524414,686044800,65.90087469837476,0.18109338829738952,0.0752728972957783,12.806764663784811,10.893921695620705,0.35768630164690646,90.73970299054206
2011-10-18,12.625566158650082,12.71687010793684,12.452839176170222,12.639935493469238,881602400,66.8099685351921,0.22025633203243267,0.10426958424310917,12.856937493147647,10.870062361893858,0.350996632369743,93.84488707536022
2011-10-19,12.014583961747125,12.226227077582466,11.90831276262817,11.932860374450684,1104059600,51.33695315695467,0.19202465358937815,0.12182059811236298,12.81222677722428,10.874300570340418,0.37818421083198045,61.24755468783074
2011-10-20,11.97417311713039,11.98465035883534,11.800847388978712,11.833775520324709,549270400,49.60326741621125,0.15981329717420678,0.12941913792473175,12.798544691046864,10.86849489406666,0.36429983647659825,56.679579040494296
2011-10-21,11.917292847782274,11.948425602922736,11.69726683504902,11.760729789733888,621244400,48.308080888059514,0.12692823546648135,0.12892095743308168,12.773427376765426,10.859395518284622,0.35621833157639243,53.31205005310192
2011-10-24,11.859815890675833,12.16874852137746,11.836466526571662,12.146896362304688,502138000,54.99796655423425,0.1305224209949465,0.12924125014545465,12.782265042212293,10.858341075036241,0.35991836015261947,68.47884262467822
2011-10-25,12.124748729235382,12.170250831612728,11.89574340977621,11.90741729736328,430427200,50.62256658638862,0.11274720024847795,0.12594244016605932,12.7789554736294,10.857190499576165,0.35381757884432646,50.300784290457734
2011-10-26,12.026857434234197,12.050507364080593,11.769113486763011,11.992133140563965,456304800,52.07506097469621,0.1042938358705463,0.12161271930695672,12.787094676419978,10.859797871187444,0.34864445730670185,55.162407075835404
2011-10-27,12.200482402309454,12.243590404905037,12.03074903858124,12.114567756652832,494664800,54.173179170528066,0.10624915981093075,0.11854000740775153,12.814599105858996,10.874561908697888,0.34170251495201404,54.60924787062132
2011-10-28,12.063971728383526,12.16425566504193,12.049303439055228,12.12234592437744,322842800,54.31002986912492,0.10719077274725741,0.11627016047565271,12.835489439666075,10.924408173859314,0.3255060657402061,39.49886861250908
2011-10-31,12.04661615810426,12.253470325530516,12.00560407839775,12.117263793945312,385501200,54.196149489153036,0.10630154429826,0.11427643724017417,12.832262046170342,11.017980663943185,0.3199603644111032,39.026630840175066
2011-11-01,11.896637208588224,11.95920167964272,11.771207706338226,11.869694709777832,531790000,48.82523214041305,0.08464434100094564,0.10835001799232846,12.79288514902489,11.12923227498634,0.32182434463938775,16.02220890189574
2011-11-02,11.976865096850547,11.987342336219282,11.827785659314127,11.89663791656494,327350800,49.41280027435951,0.06886115444617147,0.10045224528309707,12.766690266610645,11.21278361034248,0.31023379694408537,18.52580461290799
2011-11-03,11.946328525856083,12.07594907234144,11.835268365845668,12.066070556640623,441386400,53.062481672624166,0.06922666157372426,0.09420712854122251,12.733573829904937,11.322833717092134,0.3052657190549202,34.26969264935137
2011-11-04,12.034940110257006,12.077148830477588,11.949025464487107,11.981355667114258,302229200,51.07822668826802,0.0619662368074696,0.08775895019447194,12.617843784690693,11.529687343238995,0.2926126938360317,27.862683420053592
2011-11-07,11.971478548980947,11.974172399780551,11.85832242687694,11.966089248657228,270275600,50.71021007117311,0.05435386793354624,0.0810779337422868,12.59763202320185,11.582588962210746,0.2804998757218379,48.33166605543837
2011-11-08,12.040322733182483,12.213649145442844,12.0208646689424,12.160662651062012,400442000,55.14593326613679,0.06329186894571315,0.07752072078297208,12.604838186977545,11.593163579227287,0.27814702008353626,83.31407909933063
2011-11-09,11.883468954766707,12.000816142944544,11.801446386944091,11.832878112792969,558684000,47.40610357290503,0.043425247096795516,0.07070162604573677,12.607880105302216,11.569436941816923,0.2839376803717066,24.381594158381287
2011-11-10,11.88526004281652,11.8906485419239,11.43982117497892,11.531723022460938,744752400,41.62560965247854,0.0033415874781752564,0.057229618332224466,12.624714367066344,11.48312216552643,0.2958583722697975,11.295021621999377
2011-11-11,11.57333045270683,11.635895701691837,11.38324061715084,11.51375961303711,653786000,41.30210087067659,-0.029534048444618932,0.03987688497685579,12.548893465229211,11.447044263652623,0.2927724231463118,14.998223414975051
2011-11-14,11.480836195151952,11.532625276047124,11.321580055162071,11.353311538696287,432905200,38.42922096521696,-0.06775401928944369,0.018350704123595893,12.49004182803672,11.383969020962304,0.28693476584193617,3.4050665129994497
2011-11-15,11.399411596899034,11.659849393293705,11.358999042121116,11.639793395996094,430810800,45.692790732232496,-0.07407306174179062,-0.00013404904948140922,12.345139667510159,11.428856971741551,0.2883349864673277,34.14708265042935
2011-11-16,11.6523658274996,11.70894388411194,11.504783582736971,11.518255233764648,349210400,43.35597409122292,-0.08787509299509466,-0.01768225783860406,12.35234091043693,11.380195214746177,0.28232250896073063,21.104971782226773
2011-11-17,11.494604829481636,11.51256649720234,11.240752987259604,11.297929763793944,479900400,39.42018074233216,-0.11526304564995904,-0.03719841540087506,12.388132217272199,11.290819332257831,0.28197820449961014,5.645877124209343
2011-11-18,11.343132825492749,11.375163269280335,11.22219331980662,11.223989486694336,371938000,38.167953170110636,-0.14130567401542216,-0.058019867123784485,12.42618435171575,11.199093167510323,0.27276332914061774,0.18116459062248713
2011-11-21,11.088081746935648,11.12639997050056,10.953672200466489,11.046472549438477,447980400,35.27109643808457,-0.17426001688608928,-0.08126789707624545,12.438610235721509,11.076624902217944,0.27258861178970556,7.365241827796243
2011-11-22,11.106640916430658,11.31349503224254,11.104246027720926,11.270986557006836,409021200,41.335547520938576,-0.1801831280256181,-0.10105094326611998,12.43616063612875,11.01543142777506,0.272191031147874,25.184139900774287
2011-11-23,11.211114954186542,11.250929578649815,10.982707643106744,10.986001014709473,428271200,36.64262011397687,-0.20550426259995902,-0.12194160713288779,12.446364663840992,10.904614187477367,0.27334016563017527,2.5658258567255396
2011-11-25,11.02880870130412,11.11053228063151,10.876137742548718,10.883622169494627,254760800,35.10088321070039,-0.23116780283802285,-0.1437868462739148,12.43230812088709,10.79557617171545,0.2705583350910765,0.5595785523558642
2011-11-28,11.146455337320766,11.2772733423074,11.085985992895528,11.25931167602539,346413200,44.35351000068386,-0.21867064093276412,-0.15876360520568467,12.366995986278218,10.774584881489117,0.27935068064262625,28.648274149106754
2011-11-29,11.250932403796735,11.340439391920857,11.082096706953214,11.171902656555176,375855200,42.8237516343651,-0.2133602433757531,-0.16968293283969835,12.294990359710196,10.752054394318124,0.27785010952298456,26.297732214148056
2011-11-30,11.41408260920853,11.443718170019704,11.32457480626656,11.441323280334473,405938400,48.69722461544474,-0.18527597623187297,-0.1728015415181333,12.25670650100357,10.747501110080414,0.2774190669473805,55.71015489769472
2011-12-01,11.451495320707211,11.644877761226626,11.397910892245944,11.612847328186035,387181200,52.072745026816236,-0.14747839586338962,-0.16773691238718455,12.221664547871834,10.754164004374259,0.27524390994975917,88.4611134416556
2011-12-02,11.669724767288535,11.783479571533634,11.632305833985766,11.665833473205566,379055600,53.09934390714538,-0.11195742650346396,-0.15658101521044043,12.155649470153262,10.780155373749325,0.2677716480496049,87.03398272074772
2011-12-05,11.779290521621004,11.866702366934732,11.686490975694442,11.764921188354492,357210000,55.03887854362575,-0.07494730597878352,-0.14025427336410906,12.117060718352434,10.797100677674177,0.2629928798838592,89.72493302561386
2011-12-06,11.749955192142853,11.8134189548462,11.656257952521315,11.703255653381348,283598000,53.55457550814134,-0.05001586042620687,-0.12220659077652862,12.070883665937012,10.816994370562012,0.25543346005821826,83.49964156506257
2011-12-07,11.672718046254994,11.70295311265038,11.57782259172713,11.64757251739502,304746400,52.18598737448963,-0.03435465483917888,-0.10463620358905869,11.957610371541856,10.878958651590468,0.24614771731507532,77.87828838774288
2011-12-08,11.71822730856042,11.839465810455613,11.681706037406869,11.694578170776367,376356400,53.27158364525008,-0.017943234752378245,-0.0872976098217226,11.93151884699579,10.891220181934873,0.242272401296898,82.62362778551143
2011-12-09,11.760129681692243,11.795752447047228,11.705646770798584,11.78317928314209,296993200,55.33031557035526,0.002187091769329186,-0.06940066950351226,11.967949648129558,10.879935006869221,0.2321939637950382,91.56813379597398
2011-12-12,11.72510676789645,11.79156333217498,11.658351242204349,11.729896545410156,301067200,53.79536073665037,0.013683316184994965,-0.05278387236581082,11.994624895904963,10.874873452331123,0.22512382995043778,86.18910688342295
2011-12-13,11.764620158985483,11.83646601332714,11.588001132107244,11.639190673828123,338928800,51.19180745377853,0.015298598365253824,-0.0391673782195979,12.014731683388705,10.883354578360562,0.2267910478982562,77.03212011557268
2011-12-14,11.57602898226516,11.596385538179137,11.306011650185626,11.381149291992188,406887600,44.58158874729542,-0.004194707860660785,-0.03217284414781048,11.995225993146608,10.876995858202267,0.23439018902284484,50.98219106668517
2011-12-15,11.475143806609172,11.487417209194591,11.324867766551472,11.343727111816406,256200000,43.7002881276825,-0.022404683432187156,-0.030219212004685816,11.986549302209356,10.868219736944697,0.2292587071385787,33.345464888611076
2011-12-16,11.386236431452817,11.499691472887982,11.36258730792282,11.405993461608888,421478400,45.62633197773058,-0.03144931805968376,-0.03046523321568541,11.988764817320094,10.876810591615454,0.22402339670522134,41.281470575078984
2011-12-19,11.44940326236866,11.520649612051466,11.3898307976253,11.441619873046877,235530400,46.74884752525425,-0.03533518053848361,-0.03143922268024505,11.990889620984758,10.896448826586044,0.21736592654243161,24.18592261479012
2011-12-20,11.607763220596938,11.857425654835644,11.592795960582,11.852934837341309,337215200,57.62550363506436,-0.005165529425298132,-0.026184484029255668,12.026811945322429,10.941172731038655,0.2315402019171699,97.54454119139918
2011-12-21,11.875082807784358,11.893344233819066,11.734985016158388,11.86789894104004,262948000,57.96191464151109,0.019724245723963918,-0.017002738078611752,12.07274665818537,10.954929256579035,0.2263129887559919,95.6676517720825
2011-12-22,11.884362675418968,11.948126187826816,11.857421776077356,11.930763244628906,202358800,59.419458292228725,0.0440148203212285,-0.004799226398643702,12.091098117823828,11.03105401993252,0.2166266618269539,97.29597413232656
2011-12-23,11.96489035476294,12.081638788900364,11.95890313259762,12.07385540008545,269399200,62.59828301587028,0.07395906273076136,0.01095243142723731,12.094663477922683,11.146511982892747,0.21193015343013272,98.99650380622165
2011-12-27,12.066969165733598,12.24628205335146,12.064573477769123,12.169647216796877,265076000,64.59758718425978,0.10421832563565658,0.029605610268921168,12.168113630994794,11.164095383897783,0.20977146929814725,91.84970235194498
2011-12-28,12.1804254400958,12.221136951706562,12.014283623725971,12.053199768066406,228662000,60.37270849555403,0.1174487969514697,0.047174247605430875,12.183419169545722,11.23691955649798,0.2095630306326075,79.46523844258454
2011-12-29,12.07595288430651,12.143307947764878,11.989440304905497,12.12744140625,215978000,62.07571985312236,0.13239851288646598,0.0642191006616379,12.23483182912169,11.254118709513564,0.20558478864880567,87.36101373590725
2011-12-30,12.079245454631486,12.162167298737518,12.078647531660538,12.123849868774414,179662000,61.937047083273754,0.1423159339157003,0.07983846731245038,12.284178431476459,11.255872361217634,0.19686585853653243,86.97904515926234
2012-01-03,12.255566461637851,12.348366025786364,12.243592014897812,12.310347557067873,302220800,66.16398931997823,0.1633414675897562,0.09653906736791154,12.367191813234681,11.23731038784564,0.19884087985620508,96.35263499550432
2012-01-04,12.273522321160703,12.413620901855223,12.251969123787234,12.376500129699709,260022000,67.54093804682732,0.18323015113305452,0.11387728412094014,12.452790577277373,11.21286951793747,0.19618451544276114,96.64856788623253
2012-01-05,12.421708490840125,12.529475322529098,12.35345493841487,12.513909339904783,271269600,70.24920219329125,0.2076857786419346,0.13263898302513905,12.560061782838428,11.186663681028758,0.1947442203478659,98.70779636512557
2012-01-06,12.56599486657994,12.655202085824577,12.54953040400192,12.64472484588623,318292800,72.59361892875174,0.23491480604323023,0.15309414762875728,12.68191613892856,11.164524557787747,0.19092625788871787,99.18945380190117
2012-01-09,12.73752334593129,12.804877592428314,12.613290492628003,12.624666213989258,394024400,71.66112378761949,0.25197087902917836,0.1728694939088415,12.781569635382148,11.157879865655449,0.19097346088240305,87.26463470318357
2012-01-10,12.749798760079983,12.75249341015068,12.617783288758169,12.66987133026123,258196400,72.51790308213887,0.26606854230733923,0.19150930358854107,12.878172215694406,11.149946490055108,0.18695465091883942,88.86161966158716
2012-01-11,12.653103177662995,12.658192715388914,12.55222129771575,12.649211883544922,215084800,71.45465973731254,0.2724335529176187,0.20769415345435663,12.957647199448637,11.162403040114352,0.18200432103502806,85.45034218051077
2012-01-12,12.6411322959684,12.659691886471602,12.535459816592004,12.614489555358888,212587200,69.6074426048147,0.2715458563847051,0.22046449404042634,13.016066430278213,11.201513697437852,0.17787773166678308,79.9053387204178
2012-01-13,12.563897443806374,12.58634832556172,12.532763891765956,12.56718921661377,226021600,67.06402820942478,0.2639825815785706,0.2291681115480552,13.028972708248492,11.307211411929732,0.17100972680436516,71.9035990918552
2012-01-17,12.698607307671816,12.752192546635523,12.66148732942526,12.71357536315918,242897200,70.63958769798822,0.2667261177759208,0.23667971279362834,13.037169631502742,11.43599931380976,0.1720092698913215,88.80328007240172
2012-01-18,12.781228204101248,12.856365837357725,12.761471172030362,12.845589637756348,276791200,73.43991377734706,0.27636705131406636,0.24461718049771594,13.051507622740598,11.565620940186648,0.16992221305612318,98.75696363782308
2012-01-19,12.876722341947536,12.913242795127143,12.76775730648497,12.804877281188965,261738400,71.18502498480169,0.27752329784924257,0.2511984039680213,13.02943701536222,11.724017288379237,0.16817673274084102,88.26962309744604
2012-01-20,12.79709293231645,12.797391893694169,12.565392269052438,12.581856727600098,413974400,60.26845167796312,0.2574757169526283,0.25245386656494273,13.022710894457934,11.803635598309402,0.1732701812691043,60.29379963761258
2012-01-23,12.65280759268138,12.8258351349334,12.641731630132496,12.79470157623291,306062400,65.67813142008771,0.25581380284248034,0.2531258538204503,13.034443731485828,11.884583024800792,0.17832076884511838,82.29805409117317
2012-01-24,12.725549228680876,12.725549228680876,12.559407417458196,12.58515167236328,547638000,57.39292338105164,0.23488024472279534,0.2494767320009193,13.012331048292907,11.972134550767151,0.18239029669723233,50.38497115739279
2012-01-25,13.603853755659308,13.6041527170712,13.283245619076698,13.370956420898438,958314000,71.77295654594562,0.27848789001390806,0.2552789636035171,13.172311797167556,11.9418639039738,0.24214820726942435,81.35470453755073
2012-01-26,13.421848146501947,13.43471947554705,13.265585639542987,13.310189247131348,323985200,69.81077282233082,0.3046322490723732,0.2651496206972883,13.286876278166131,11.941353626008672,0.23693289503618425,72.56239163628567
2012-01-27,13.301506267705449,13.425439362291666,13.284443884424082,13.389516830444336,299709200,70.92812912364475,0.3279722549913249,0.27771414755609564,13.383890282005458,11.977971328407138,0.23008022238128423,79.96657408054325
2012-01-30,13.342520609055274,13.587692205128803,13.33294185122375,13.561049461364746,379341200,73.23495528745588,0.3562045235768476,0.29341222276024603,13.508321937217335,11.996900478706738,0.23184237463298207,95.97688022421053
2012-01-31,13.638282830345194,13.717611543365988,13.562845412920783,13.664925575256348,391683600,74.55185195471365,0.38255092515996836,0.31123996324019054,13.62847329272371,12.030856693848557,0.2264652108735721,95.55335506311778
2012-02-01,13.72269590850829,13.740058049749043,13.63708104776014,13.656238555908203,270046000,74.22295357347942,0.3981401564789735,0.32862000188794716,13.737249210985851,12.056669875470448,0.21764462452466726,93.05724348232832
2012-02-02,13.647560678942533,13.685578341495107,13.59008494360075,13.624211311340332,186796400,72.94523936530447,0.40326185203142195,0.3435483719166421,13.821910421968754,12.096779782651607,0.20891953690821652,90.40443145999765
2012-02-03,13.689472790281627,13.770297902408084,13.637384749728737,13.76071834564209,286599600,74.92645341262556,0.4135684498355445,0.3575523875004226,13.927822447399233,12.115548657794857,0.20443146934818332,99.20888330653699
2012-02-06,13.721796939058413,13.919370425496812,13.716409239803683,13.889135360717772,249412800,76.65816261464545,0.4271744812284517,0.37147680624602847,14.049971485442363,12.117840671234884,0.20432644908710798,97.77677300041813
2012-02-07,13.92745902033499,14.062169140352164,13.907401423513974,14.034627914428713,316223600,78.47225968416504,0.44457263567871586,0.38609597213256597,14.183114384753083,12.125693941968109,0.20209125841191403,98.16729255850264
2012-02-08,14.084616880976249,14.2729098072488,14.060667994219386,14.269618034362791,407890000,81.03586956018557,0.47188296413815145,0.4032533705336831,14.349609943435773,12.119173053695576,0.20467630372678353,99.80789213335088
2012-02-09,14.391758209608088,14.870425926983446,14.385770986233902,14.763257026672363,884214800,85.0605590059219,0.5272809705611134,0.4280588905391692,14.611575951866696,12.068611559577397,0.2329714172192029,95.3626983137795
2012-02-10,14.697099111431587,14.89646803939724,14.624953474830765,14.770739555358888,631302000,85.1121359317044,0.5652719639722044,0.45550150522577626,14.821870430317801,12.07394208112629,0.23572449917257948,94.6202300933882
2012-02-13,14.953638177549674,15.082361015241036,14.880595688995314,15.045540809631348,517216000,86.90077136970794,0.6105166091340006,0.48650452600742117,15.054112656652798,12.089535014093052,0.24114571065183432,97.97332096734628
2012-02-14,15.107215815660894,15.253898803163027,15.027588136548973,15.250905990600586,460398400,88.05567036025917,0.655389646313763,0.5202815500686896,15.301150962817417,12.096229770672572,0.2400860646491358,99.84947981951736
2012-02-15,15.394593162540373,15.754715414175037,14.874614463392872,14.89796543121338,1506120000,75.70275648256344,0.654922953938657,0.5472098308426832,15.436275586197727,12.166342726637968,0.28580141365863787,65.31757854781127
2012-02-16,14.71326159778748,15.1140969197732,14.567475539218403,15.033869743347168,944552000,77.0385163261071,0.6579351719467414,0.5693548990634948,15.565520810638688,12.259996748412824,0.3044314112940778,70.23480304453352
2012-02-17,15.06081211839266,15.20031199977017,14.976693643559017,15.031176567077637,535805200,76.94823742192177,0.6525824948210683,0.5860004182150095,15.63488300910838,12.435566533890887,0.29865905021672606,66.9898832191978
2012-02-21,15.173661217969986,15.412246704101562,15.091039192819856,15.412246704101562,605595200,80.44086878381545,0.6713507217379497,0.6030704789195975,15.76672823735714,12.565475818428991,0.30454555641724035,84.17888342934508
2012-02-22,15.359263049208826,15.43140705453052,15.239221282077134,15.358065605163574,483302400,78.61700383703761,0.6740823136038383,0.6172728458564457,15.806076315479304,12.803419133586859,0.2965198575626794,81.67586503084615
2012-02-23,15.419139840774154,15.501462952880322,15.252100326234531,15.458354949951172,568027600,79.54165534614681,0.6765408895661107,0.6291264545983788,15.927248260879159,12.890987041092275,0.2931514839257588,86.0031090466748
2012-02-24,15.556551056366793,15.65324194914533,15.525718044493,15.63857364654541,415072000,81.12147434729208,0.6851336768481584,0.6403278990483348,16.04594348685691,13.005130255055933,0.286132592159216,94.3020450465227
2012-02-27,15.605635947450065,15.820872184036151,15.45506170911816,15.738849639892578,547582000,81.95638904911104,0.6920573509475627,0.6506737894281804,16.15686163099183,13.129145391865837,0.2918238694991285,95.713415337416
2012-02-28,15.804710170608264,16.027729034423828,15.741546166174585,16.027729034423828,600387200,84.13340691777871,0.7126396985840895,0.6630669712593622,16.31066532758867,13.222009652574904,0.29161354985856575,100.0
2012-02-29,16.21182844632298,16.392938310434257,16.036406842658966,16.238170623779297,952011200,85.50537848195532,0.7374315826515012,0.67793989353779,16.481164285270847,13.308835199745022,0.2968703874408417,92.28924839554078
2012-03-01,16.40970379152168,16.41090283482652,16.128310710016873,16.29894256591797,683270000,85.88495549506914,0.7532995489415732,0.6930118246185467,16.61908457485938,13.435185311157468,0.29585051153861347,93.9265156171176
2012-03-02,16.29205510190435,16.36868834181437,16.240564995554326,16.320194244384766,431712400,86.02279954433492,0.7588423966084505,0.7061779390165275,16.709654565306522,13.614213614014766,0.2838699997330013,95.07935080174505
2012-03-05,16.32737891281381,16.389044897923515,15.746031679136207,15.960371017456056,809124400,73.02021925773172,0.7258334597650133,0.7101090431662247,16.70905613769022,13.834777308812464,0.3095230868083089,75.56009838609666
2012-03-06,15.675986397398242,15.976238024076828,15.453266507488811,15.873559951782228,810238800,70.26091036027947,0.6847750514747784,0.7050422448279355,16.674049614270288,14.068226291338842,0.3247694032211452,70.85087736714725
2012-03-07,16.06933886802257,16.0986754614382,15.66521010743454,15.886433601379396,798520800,70.43930553414751,0.6458300363836305,0.6931998031390746,16.621885629980138,14.305570844324063,0.33253339970561074,71.54923143990285
2012-03-08,16.006173214340112,16.254637348352375,15.929239404921798,16.224702835083008,516457200,74.72897464527546,0.6349421140135476,0.6815482653139692,16.621112594337824,14.501852360038399,0.33508128165327994,87.01723563917795
2012-03-09,16.2911675514463,16.39684008640553,16.258238609533453,16.31990623474121,418919200,75.79364039397724,0.6267704561292238,0.67059270347702,16.680595608373224,14.598034266809883,0.32344242234394005,93.10560597404131
2012-03-12,16.43395437525569,16.52436065673828,16.37468165803758,16.52436065673828,407282400,77.94280390179507,0.6295352312665816,0.6623812090349324,16.75557541158138,14.698416573739665,0.31494327946202083,100.0
2012-03-13,16.690197895357496,17.008710120183746,16.636611857422626,17.006315231323242,690855200,81.9998533613754,0.6629736937340649,0.6624997059747588,16.94944603866872,14.700623388821512,0.32704372117512404,99.8636641518934
2012-03-14,17.304173273374165,17.803195841934293,17.224842980764734,17.649328231811523,1418844000,85.76249061751547,0.7329111479143862,0.6765819943626843,17.299576030348618,14.59033562126271,0.36060349899197597,93.45224522851116
2012-03-15,17.949584158443955,17.961558605454737,17.319144711209624,17.52899169921875,1159718000,82.29548350455377,0.7697536903512319,0.6952163335603938,17.511637525278395,14.641376753133471,0.38073281293862865,82.75452422041386
2012-03-16,17.5038420428629,17.637952626515556,17.30267616738391,17.529287338256836,825487600,82.2973769113911,0.7898703920657457,0.7141471452614642,17.687723332814226,14.714832705088606,0.3774859305238441,82.76631068811933
2012-03-19,17.912462808791123,18.014242398645383,17.63346462202273,17.994186401367188,901236000,85.01187082087525,0.833715933861523,0.738060902981476,17.9323392295567,14.766517791775088,0.38516229694275145,99.21686114471238
2012-03-20,17.946581350262136,18.167803140354287,17.70620045562387,18.13966560363769,816662000,85.74832234136035,0.8701719963172714,0.7644831216486351,18.193757827606866,14.777841083678533,0.3906223246418706,98.96344973296995
2012-03-21,18.04328314880574,18.25013733521134,18.003470108824455,18.03609848022461,644042000,82.63539814077109,0.8805561835950328,0.7876977340379148,18.374656727914427,14.864745470877073,0.38033981762365715,92.34720270721193
2012-03-22,17.89479556951026,18.09596300660285,17.82744132867174,17.941495895385742,623870800,79.78611248805284,0.8711104696107483,0.8043802811524816,18.504210750817922,14.98350554251704,0.37235280764561823,88.96475887386902
2012-03-23,17.975924998687926,18.01514010718417,17.793617669928025,17.8430118560791,430488800,76.81668343592818,0.8459265199677084,0.812689528915527,18.599027879719962,15.109132234568373,0.36157920976065583,85.44353657320111
2012-03-26,17.95496792128975,18.175294500503952,17.81936253449648,18.170204162597656,595742000,79.54096896370106,0.8426561278047799,0.8186828486933777,18.73219183808948,15.219103728469358,0.3611758352068569,96.90772058281773
2012-03-27,18.14626349085941,18.4486111275646,18.142671156234066,18.39472770690918,607129600,81.1756760156106,0.8484016459948052,0.8246266081536633,18.89989315409124,15.288102279716131,0.3572304163585482,97.86123579259286
2012-03-28,18.51146787849678,18.603370540320903,18.26988945768686,18.488718032836918,655460400,81.83017877056275,0.8507325293117702,0.8298477923852847,19.067511449030103,15.345538725683031,0.3555340353782265,95.11104232649772
2012-03-29,18.343830071821863,18.456986171084647,18.177689055538952,18.25641822814941,608238400,74.89883374022943,0.8243327237951554,0.8287447786672589,19.17029883154477,15.438498909391512,0.35235510265820785,84.43244748383027
2012-03-30,18.223788166010863,18.277372604302908,17.89958768601775,17.947784423828125,731038000,66.80270513837986,0.7696346499112643,0.8169227529160601,19.212501150571267,15.559055608309347,0.3541715180601329,66.66667231758777
2012-04-02,18.016043409832854,18.523149302936545,17.972636434594804,18.51895904541016,598351600,72.68685970207787,0.763573055855943,0.8062528135040368,19.277396799343748,15.750018762332273,0.3699710438492963,93.87669152309729
2012-04-03,18.77849240739048,18.92547751987956,18.63510282582938,18.83896255493164,834559600,75.32561015255624,0.7756496019470092,0.8001321711926314,19.341694661343745,15.982261160647221,0.37258157460787517,94.6687889546757
2012-04-04,18.6901756391688,18.73537795030964,18.47014970463286,18.68897819519043,572980800,71.82319732347054,0.7643074073444502,0.7929672184229952,19.317731736483015,16.286478544889054,0.37231238001436845,85.42647722560578
2012-04-05,18.76891635309924,18.99882092291765,18.66174745818454,18.969484329223636,641298000,74.23598594844715,0.7690875743183767,0.7881912896020715,19.346784875714153,16.53190355507198,0.3697953146371356,97.85135984835729
2012-04-09,18.743467008517317,19.15388186888807,18.718621237172464,19.04581451416016,597536800,74.86667621351812,0.7701572062237254,0.7845844729264023,19.343824582671587,16.807454676056437,0.3744714087141693,92.53514248799789
2012-04-10,19.15657186977711,19.278409010756107,18.739571948600155,18.81261444091797,889725200,69.28625787376427,0.7436156617744274,0.7763907106960073,19.267500792167546,17.11260384497845,0.3862118125314395,68.62895431634452
2012-04-11,19.044924023740823,19.06498002439474,18.65995272828746,18.745569229125977,696614800,67.72332528442965,0.708998415903114,0.7629122517374287,19.225184177885588,17.328845859040683,0.3875557756439994,64.11349076611931
2012-04-12,18.709641538835765,18.899133530635165,18.5749314329442,18.642885208129883,614336800,65.29399714820104,0.6656055701307046,0.7434509154160839,19.23985741761684,17.413528316941267,0.38303051293306833,57.197770141103675
2012-04-13,18.68299593576236,18.700658638813817,18.06632651168325,18.117815017700195,859644800,54.52360226452804,0.5821371365125714,0.7111881596353814,19.19603970002031,17.516228366385942,0.40098062823288966,20.455310235820562
2012-04-16,18.262398447870623,18.268983590273745,17.310153922673962,17.366432189941406,1050786800,43.47258166759874,0.4501682277710195,0.658984173262509,19.22402966176627,17.47195288980844,0.44082698818766775,2.859297435998584
2012-04-17,17.330818291332246,18.260610817989573,17.120371804747315,18.25163078308105,1025528000,55.035167300421236,0.41225779413255736,0.6096388974365187,19.222459202972473,17.499267786773622,0.49078498997728137,52.42073561956594
2012-04-18,18.37197071686267,18.56744993667597,18.04238090890769,18.210918426513672,954531200,54.48318077667405,0.37461008355992576,0.5626331346612001,19.222753787628164,17.506098484405527,0.49323384981949575,50.534189991250514
2012-04-19,17.96783692001447,18.102845953155136,17.49785047241878,17.585262298583984,834719200,46.72696470104461,0.29093506269455816,0.5082935202678718,19.258236910317677,17.42553174355195,0.508936285839167,21.542283540906464
2012-04-20,17.70321854737428,17.800209983906207,17.075771818928075,17.152406692504883,1030985200,42.2460602187158,0.1875324189368115,0.44414130000165974,19.349932945975258,17.254926787606284,0.5243292772062359,3.4792327061909893
2012-04-23,17.081455877239623,17.262864735050847,16.662658826313354,17.114084243774414,966529200,41.86330028833681,0.10132476858472472,0.3755779937182727,19.425523455506074,17.106443516844998,0.5297490366013258,17.25797135161932
2012-04-24,16.84196975193965,16.994041998682253,16.61416114261742,16.772220611572266,1076149200,38.51123809252128,0.005357291026829358,0.30153385317998405,19.534659152767937,16.8575094644806,0.5276186126410164,5.932611257573068
2012-04-25,18.42944514010474,18.50009276267833,18.14086742766649,18.260608673095703,905777600,55.29481323957333,0.04883985578502603,0.25099505370099245,19.525103841785565,16.853652872081625,0.6133510082456628,61.7978360860446
2012-04-26,18.38843417288623,18.401008139505937,18.02501855990159,18.19175910949707,536068400,54.553029515923825,0.0768585398437196,0.2161677509295379,19.50282685897224,16.84623396256096,0.5963966204855689,59.21363345152272
2012-04-27,18.113027868436088,18.146255750503475,17.97622184821523,18.05105972290039,406722400,52.9886173409785,0.08671073680115882,0.1902763481038621,19.493068455130324,16.835456515877976,0.5691923805424455,53.932616310464596
2012-04-30,17.895399662666883,17.913361331053743,17.452354768137283,17.481691360473633,506144800,47.10210039911014,0.04802183955939299,0.1618254463949683,19.501714096578002,16.78020156809485,0.571300421558207,35.39756545481996
2012-05-01,17.509226780698025,17.864260181794002,17.3993640765876,17.426305770874023,610999200,46.560250182433194,0.012744544378445966,0.13200926599166385,19.47071344268554,16.7019368945337,0.5637001132473639,35.54286399763255
2012-05-02,17.369737503734463,17.584075343016533,17.328426454363633,17.541566848754883,427389200,47.903383349927516,-0.005844983175997243,0.10443841615813163,19.37867068674079,16.664240079860775,0.5416964543477593,44.44796640437323
2012-05-03,17.67686906259775,17.703810761908667,17.371527139200456,17.417028427124023,390549600,46.54222953362628,-0.030277507251302183,0.07749523147624487,19.302516801740357,16.613198988054567,0.5267383949449344,41.10335793400029
2012-05-04,17.27513612774071,17.31345275126671,16.9186046380869,16.92099952697754,529992400,41.48595739331948,-0.08864401236755626,0.04426738270748465,19.187656468302634,16.523210841267677,0.5247159230943764,15.708807898424979
2012-05-07,16.808743804451236,17.146116221044146,16.800660653852287,17.04762840270996,460118400,43.18292132247106,-0.12326111874075352,0.010761682417837013,19.009258902346836,16.501789796078455,0.5119116119584823,22.191662667141074
2012-05-08,17.050617907318273,17.108093637304968,16.72581952118642,17.008708953857422,497252000,42.772344735952124,-0.15208278354285554,-0.0218072107743015,18.856867583955534,16.473790565763707,0.5026517908270585,20.9205788292186
2012-05-09,16.87459969835201,17.182336524891678,16.789283780308438,17.038644790649414,480704000,43.21953313046647,-0.1705426788597535,-0.0515543043913919,18.687280553397898,16.472685152473687,0.4948232875239286,22.50790238186285
2012-05-10,17.20030221422787,17.23921837192951,17.01650002793906,17.078763961791992,333200000,43.85275838896775,-0.1798616637734689,-0.0772157762678073,18.50944728128757,16.494106299950225,0.4753872201286802,24.635189008579587
2012-05-11,16.913516866974202,17.19700586041414,16.89405879330507,16.964706420898438,399546000,42.40488077769447,-0.19421176446064692,-0.10061497390637524,18.435198143335768,16.45304457822185,0.4630700663415652,18.587380080604202
2012-05-14,16.840771494639807,16.988651879333947,16.69199262697614,16.710552215576172,352626400,39.29177043705986,-0.22351589089982937,-0.12519515730506608,18.455225603106115,16.36742912101498,0.4511835796284396,1.0264690673684917
2012-05-15,16.80723997813384,16.86022487901955,16.516865391115225,16.55937385559082,476336000,37.52695611376238,-0.2559875868735233,-0.15135364321875752,18.358087138762578,16.295341892609493,0.44348185879100294,2.2561169800909697
2012-05-16,16.585723060831157,16.670740017647326,16.19626264864723,16.347137451171875,560896000,35.14067062475175,-0.2954416762439003,-0.18017124982378607,18.265313466303144,16.201737467534745,0.4456958238059381,7.737196730646012
2012-05-17,16.32408729646616,16.38964618175333,15.86936855316162,15.86936855316162,717220000,30.447059587376685,-0.3610987617600401,-0.2163567522110369,18.330659925434592,15.96480163386106,0.4510230955763505,0.0
2012-05-18,15.984323253252075,16.26721277012508,15.631684580744134,15.877154350280762,732292400,30.609713914305843,-0.407803323442554,-0.25464606645734034,18.39624265649986,15.771693668573379,0.4642020308481074,10.994914099267053
2012-05-21,16.000485498659863,16.80993872898361,15.987013050106524,16.802154541015625,631106000,46.59032788253647,-0.365958696172882,-0.2769085924004487,18.38654046960992,15.750202885187441,0.4976721985520175,56.486423023413
2012-05-22,17.049713860953453,17.17933517093844,16.541711451492446,16.673128128051758,694870400,45.032420766533775,-0.3392966798741277,-0.2893862098951845,18.387006560752447,15.739827545692869,0.5076687357587302,50.25965873962047
2012-05-23,16.68899394278028,17.14700750963446,16.56117118394413,17.079952239990234,584897600,50.63719784719223,-0.2820878014241792,-0.28792652820098347,18.2025215387993,15.806246924335465,0.5132521350395588,86.11577294842492
2012-05-24,17.238912143335416,17.257772291181738,16.80065711164796,16.923093795776367,496230000,48.580367687115945,-0.24656427908388423,-0.2796540783775636,18.000747891161716,15.881154040600984,0.5092423525034315,79.41817693737421
2012-05-25,16.901238255828112,16.938956947037433,16.718032499072613,16.832386016845703,328507200,47.38180250224737,-0.223158558429013,-0.2683549743878535,17.80228472085456,15.957749840302668,0.4886482164649592,73.8398936536113
2012-05-29,17.090133100556006,17.182932636897355,16.92279465399898,17.13114356994629,380508800,51.61591540201235,-0.17844511426769927,-0.25037300236382265,17.749252231044945,15.975727551059544,0.47878381672115156,92.21267583398863
2012-05-30,17.039243668966186,17.362246700896357,16.960213937542374,17.33769989013672,529429600,54.350948005259575,-0.12490222376409932,-0.22527884664387798,17.733778131828807,15.982341062201955,0.4733015986234967,98.58157008790423
2012-05-31,17.384697906387906,17.407449350336897,17.106898794947522,17.294593811035156,491674400,53.669128782627865,-0.08496794009257869,-0.19721666533361815,17.687141330752436,16.004280559506352,0.460962238392488,93.64467967637279
2012-06-01,17.038045095904145,17.142520114144943,16.77940351835902,16.793472290039062,520987600,46.384256629036464,-0.09268760624030747,-0.176310853514956,17.61188511032611,16.01718116622418,0.46483567084131994,65.42464008683774
2012-06-04,16.8087425496451,16.988354427126765,16.419582682406013,16.892261505126953,556995600,47.88602432801003,-0.08979888755997578,-0.15900846032395996,17.609743634351993,16.01644884001324,0.47225967611842223,70.98783273371889
2012-06-05,16.801855877466917,16.9575204548963,16.713846110526163,16.848554611206055,388214400,47.25537672485709,-0.08999888711112902,-0.14520654568139377,17.59239189772339,16.013893197491452,0.4559321524221162,68.52653297885767
2012-06-06,16.99643700927297,17.178443769655868,16.92848323572055,17.10689926147461,401455600,51.335076675367674,-0.0685212635231025,-0.12986948924973551,17.6038796793585,16.012224446618063,0.44692908142409454,83.07489291325378
2012-06-07,17.281425632518964,17.28232251698215,17.07816379535501,17.11468505859375,379766800,51.45693788652739,-0.050292107226418636,-0.11395401284507214,17.613028774197794,16.0106793785732,0.4295883414385977,83.51334046286509
2012-06-08,17.11109101469536,17.379911721933773,17.033258717293712,17.372127532958984,347516400,55.43107970922748,-0.014900153685903916,-0.09414324101323851,17.658425160201702,15.994619349685992,0.4236643888101308,97.51331211598972
2012-06-11,17.59364722785185,17.616996593675488,17.08205071216127,17.098217010498047,591264800,50.67726189582114,-0.008852024883967857,-0.07708499778738438,17.671884543656944,15.994511025190711,0.4316130668604228,56.674999488903474
2012-06-12,17.196698235863067,17.261357009589958,16.964398913371753,17.247587203979492,435380400,53.04228849512269,0.007902986334116235,-0.060087400963084264,17.716404705742807,16.003694361945183,0.42199485467169295,69.14939886539693
2012-06-13,17.19850101601184,17.31704481681689,17.074567915924074,17.127853393554688,293580000,50.93398069973465,0.011388654276402121,-0.04579218991518699,17.740534720751064,16.03641230073331,0.40917214368748733,59.15003195493026
2012-06-14,17.100312457714992,17.16796726959866,16.981170732066175,17.108993530273438,345573200,50.59286051669759,0.01248531494634264,-0.03413668894288106,17.744149732873986,16.108982896520544,0.39328817181927284,57.57498233309523
2012-06-15,17.093132465447518,17.20149881943377,17.04972549206067,17.186830520629883,335255200,52.021040048132065,0.019411457836451262,-0.0234270595870146,17.64752279307111,16.337356033070243,0.37603711150168906,64.07540709214317
2012-06-18,17.091932761058835,17.598737957892226,17.074270054944076,17.535573959350586,440412000,57.8938188380405,0.05243669928264438,-0.008254307813082805,17.523045480015906,16.627675307032437,0.38663931089072195,93.20012624217978
2012-06-19,17.464325955821852,17.661899475047548,17.455345922665803,17.584367752075195,361404400,58.6563280140261,0.0816059893021901,0.009717751609971775,17.596977312995953,16.631964795158346,0.37377604242579504,93.75910207190414
2012-06-20,17.608317451850297,17.639451008843984,17.386496054124247,17.534378051757812,358943200,57.50732018105506,0.09954165650811575,0.027682532589600573,17.62776509766045,16.68730200286445,0.36514596473250516,89.73519282319391
2012-06-21,17.525397407317246,17.60861740665866,17.285913290028553,17.29279899597168,326351200,52.18704324861879,0.09318817586306238,0.04078366124429293,17.640643499387483,16.695708276735562,0.3621144041537624,70.28934316414973
2012-06-22,17.33380912335426,17.42810507465763,17.22544280028627,17.425411224365234,284471600,54.666406888347375,0.09772715738493076,0.0521723604724205,17.66430644339516,16.722277075586778,0.3507249663121622,75.0553861699861
2012-06-25,17.281724132671552,17.356563623526625,17.074272044043745,17.086246490478516,304382400,47.83442118919072,0.07311376348221899,0.0563606410743802,17.64889238472671,16.763077181618502,0.35075455302711417,21.510739236253382
2012-06-26,17.103012040184524,17.197608584464135,16.98327075281839,17.12396812438965,276536400,48.60376805771514,0.05600569331793537,0.05628965152309123,17.648800416973,16.76245160481655,0.3410105014998734,22.87728781673227
2012-06-27,17.212868027439008,17.26495605845503,17.120668007896175,17.197900772094727,202997200,50.15539310689171,0.04786145419341281,0.05460401205715555,17.637427664212808,16.759844445772544,0.32695889786122934,33.47694203456538
2012-06-28,17.113187528515308,17.182936677873382,16.93177866891115,17.03475570678711,282836400,46.79797860318167,0.0279207892229536,0.04926736749031517,17.627846520240197,16.74344177932035,0.3226134125271113,14.104109485783049
2012-06-29,17.302678675586993,17.48229217529297,17.190421037633005,17.48229217529297,421500800,55.58186676841221,0.04768049034658972,0.04894999206157009,17.640437525001566,16.79973276308437,0.3315364879541647,75.4003312540821
2012-07-02,17.50414834915094,17.765782858373832,17.470320931333582,17.73734474182129,400092000,59.66869931563813,0.08296444393749525,0.05575288243675512,17.712763073423428,16.81191553833194,0.3289597336031708,96.59017101930091
2012-07-03,17.807981307153025,17.961250957315727,17.781639135193803,17.943588256835938,241712800,62.66048513339326,0.12611557750489766,0.06982542145038363,17.819006243040477,16.815175733277883,0.32145591088111847,98.28429568442662
2012-07-05,17.97801872652658,18.3905295517328,17.950778063991212,18.258813858032227,484383200,66.72352804707131,0.18363243293085674,0.09258682374647825,18.019166259033337,16.730207176940784,0.3304191525965288,90.9706519974269
2012-07-06,18.17349608013349,18.21390862765173,18.00855251843746,18.13727378845215,418930400,63.83914787143127,0.2169073148743692,0.11745092197205645,18.141738043200853,16.70989426575911,0.32469359452497426,82.63886135302407
2012-07-09,18.119916596256274,18.377360805358386,18.084293816374057,18.37706184387207,379405600,66.88103442043557,0.25963389272828863,0.1458875161233029,18.30781130885537,16.6443144311959,0.32243455127207105,99.07676437290787
2012-07-10,18.499190094152837,18.556067892288752,18.12020781117469,18.20702171325684,511957600,62.84387516819328,0.2765858861234136,0.17202719012332504,18.40402358051944,16.658982629807706,0.3305363748322132,78.510835754602
2012-07-11,18.144460192878693,18.190561005121896,17.87803599539272,18.093870162963867,469322000,60.23809433090504,0.2776890520235895,0.19315956250337796,18.470122608859693,16.677511897365893,0.3304256136202064,71.5446163975788
2012-07-12,17.96843923987639,18.06513007442572,17.74212705143171,17.928325653076172,428041600,56.544060421163586,0.2621829783415315,0.20696424567100868,18.49769966413742,16.729982068040314,0.3319482920424887,61.352804034048106
2012-07-13,18.04956639535733,18.176490712209045,17.961256065291522,18.110034942626957,311427200,59.481254699043085,0.2615418328472039,0.21787976310624774,18.54072501141357,16.787060861999514,0.3259637754060876,72.53980736667702
2012-07-16,18.11452925749389,18.309108424693434,18.11153484639722,18.168113708496094,301260400,60.402501955319316,0.26269204111503086,0.2268422187080044,18.587204804884607,16.8387093873151,0.3169001830246869,76.11544925564839
2012-07-17,18.28425484578252,18.305509879709867,18.05554780302125,18.169004440307617,293624800,60.41736607439119,0.2606706154737637,0.23360789806115625,18.637515211843578,16.85174202845183,0.31211888971496776,76.17028750727891
2012-07-18,18.158541089955957,18.210928116283306,18.06783581878565,18.148662567138672,252700000,59.86468979072915,0.2544935586020465,0.2377850301693343,18.67995667295635,16.865730048845407,0.3000455616994455,74.91793214616621
2012-07-19,18.298926548954903,18.420763719512724,18.14086708479228,18.389930725097656,436861600,64.0636066762228,0.26600023537902473,0.2434280712112724,18.755485683245293,16.87575630589045,0.29860635262951685,87.83454400200881
2012-07-20,18.35131269945937,18.393522213155418,18.07201559913746,18.089977264404297,397471200,56.19263096137129,0.2480561848740095,0.24435369394381984,18.769239708035702,16.9417201079433,0.30024208558583415,57.071892011153444
2012-07-23,17.79361712272711,18.137875213074693,17.593349731274937,18.075908660888672,487975600,55.84606051414153,0.23004832297425892,0.24149261974990766,18.783433878314376,16.99257568131697,0.31769089960111424,50.1246313984109
2012-07-24,18.18217405225475,18.251026290851883,17.91664680977486,17.988792419433594,565132400,53.63992031950165,0.20636852219058,0.23446780023804215,18.745552808677452,17.1207113438494,0.3188829411351076,41.07564437573563
2012-07-25,17.196701254763845,17.386490552383833,17.063188633375784,17.21196746826172,877312800,38.88759774048474,0.123495251714548,0.21227329053334332,18.732261427026035,17.14280265988803,0.36222014434387206,9.965898715363439
2012-07-26,17.355363454897276,17.3745225679507,17.07397197554706,17.209280014038086,406632800,38.84779241192605,0.05694431409053635,0.18120749524478194,18.73061404960176,17.14558796150664,0.3578151763481411,9.78588052517238
2012-07-27,17.213171489332783,17.53707305352212,17.110792375968728,17.51701545715332,403936400,45.701688956860586,0.028703024359089113,0.1507066010676434,18.663043123175985,17.261384862969035,0.3627055692913734,30.39943257755405
2012-07-30,17.6894424915884,17.94449176611261,17.59664134550385,17.812477111816406,379142400,51.34066052549348,0.02981914845305056,0.12652911054472482,18.646738691724337,17.310707788073024,0.3673320506962245,55.19315182578717
2012-07-31,18.05795146849359,18.311506000971622,18.04268524678441,18.28336524963379,462327600,58.70181393143294,0.06791751139013158,0.11480679071380619,18.677126785253122,17.334921745325488,0.3767389677290096,89.87912556130428
2012-08-01,18.43753611344725,18.452204414243045,18.051068354006325,18.165122985839844,384501600,56.39475829588236,0.08756023610781227,0.1093574797926074,18.691170899622964,17.34303110385604,0.3784816171938461,79.33202542710089
2012-08-02,18.046271038970254,18.281262694316272,17.96873771759274,18.19445037841797,332158400,56.8477553088348,0.10429150489732208,0.10834428481355035,18.68369492128174,17.344070734235835,0.3737704285888236,81.44340479241046
2012-08-03,18.36927163751089,18.49949089359514,18.30730510058331,18.43123817443848,344920800,60.42273036362312,0.13510059659561335,0.11369554716996295,18.72226966918136,17.334892424934846,0.3688611490594199,95.24802536018868
2012-08-06,18.47883948137999,18.70575122539765,18.41807196860909,18.63630104064941,302103200,63.261337904371835,0.1740574572353708,0.12576792918304452,18.771394184662288,17.311691829131657,0.363062442468644,95.77183937552418
2012-08-07,18.642886568476747,18.70964290405375,18.501292345537568,18.587207794189453,290446800,62.11276180446412,0.198679383007768,0.14035021994798924,18.827416439172655,17.29368818271455,0.35201159361489687,92.56371026849821
2012-08-08,18.54170050401435,18.67611162640317,18.4731488172038,18.55577087402344,244706000,61.34469090950251,0.21319812457679888,0.15491980087375118,18.881914751982812,17.285379941010355,0.34136525187093064,90.65433928104484
2012-08-09,18.57501174153912,18.691660937893776,18.573508910952377,18.661596298217773,221642400,63.003205419759766,0.23058551292614027,0.17005294328422899,18.955064219068284,17.285557538439043,0.32668845272803093,97.08181352548627
2012-08-10,18.60086729268096,18.69256082696969,18.60056704769484,18.690757751464844,194938800,63.468345004874614,0.2439066252773685,0.1848236796828569,19.022128959976442,17.27656507841467,0.30992454748137505,98.85298043649088
2012-08-13,18.74157027817564,18.94029235839844,18.737360425188676,18.94029235839844,278832400,67.26137238754934,0.2714697261024952,0.20215288896678457,19.129816802888328,17.246095100493022,0.30561098029939093,100.0
2012-08-14,18.996508934453832,19.199140589503667,18.946602435975866,18.99109649658203,340169200,67.99008147669085,0.2940238277880809,0.22052707673104385,19.236884438132602,17.221236670876184,0.30227078392837914,90.21046652226326
2012-08-15,18.979365533166764,19.06053762119032,18.87263891248669,18.965234756469727,257342400,67.1704561833309,0.3062806765893349,0.23767779670270206,19.32886252670952,17.210915801232375,0.2941013499837543,88.79948125901815
2012-08-16,18.976665731059494,19.143520052101504,18.95531943725696,19.13089370727539,254534000,69.69094102522725,0.32560820176467686,0.255263877715097,19.43329467521272,17.18057995094695,0.28653701175952495,95.74122218878973
2012-08-17,19.240924968405025,19.487148288898567,19.205149259735958,19.484743118286133,442761200,74.24028299420199,0.36526751835858207,0.27726460584379403,19.613745196808416,17.139606014739435,0.2915168381783572,99.84159945551713
2012-08-20,19.54187154317408,19.997039794921875,19.53856403109746,19.997039794921875,613384800,79.12546442391451,0.43304401105285706,0.30842048688560664,19.895827578936743,17.049636746014432,0.307286826639599,100.0
2012-08-21,20.16749541575841,20.289555416831327,19.551484334339275,19.723751068115234,812719600,71.35174162133748,0.459409467167184,0.3386182829419221,20.067357601620834,17.0516025881985,0.33805713062905995,75.62047424484388
2012-08-22,19.6744549955929,20.11278709188427,19.48475149732541,20.10887908935547,565322800,75.06898370418646,0.5055531912626208,0.3720052646060618,20.223694752113968,17.184956599814743,0.3587698780526173,90.88529203426536
2012-08-23,20.02589399001411,20.13983613986929,19.8767766207718,19.92127227783203,420128800,70.28475509616902,0.5209786061872279,0.40179993292229504,20.27946788822155,17.400382690086555,0.35193342384153664,80.32132534492165
2012-08-24,19.82748121972658,20.127218924402246,19.708428429642822,19.93901824951172,437340400,70.47642599637894,0.5285426001660056,0.4271484663710372,20.33812793878207,17.583922918761875,0.35670892890710004,80.70161342777055
2012-08-27,20.44318808708128,20.469644972822834,20.24927635861517,20.31361389160156,427008400,74.25188628854144,0.558327802223026,0.45338433354143504,20.478203091196512,17.69396144432595,0.36913162850738684,92.184754236459
2012-08-28,20.292569799512925,20.326242202801154,20.162993985924807,20.287158966064453,267416800,73.53667644908424,0.5731907123134796,0.47734560929584396,20.622859503780163,17.749684403385366,0.3544256705337412,90.3759012642602
2012-08-29,20.30068948822398,20.373443529229316,20.22102017666472,20.247175216674805,202806800,72.4015724729151,0.5751137677058225,0.49689924097783966,20.717111471073554,17.86363765917547,0.3399969335359452,88.0973525417462
2012-08-30,20.16208922031569,20.18944683832713,19.92789009177297,19.958555221557617,302699600,64.64461226031078,0.547042614710918,0.5069279157244554,20.73650459521727,18.020655019345718,0.33851751863350876,70.49620098711668
2012-08-31,20.0601704242885,20.10075648204157,19.759530461869325,19.99974250793457,338321200,65.21731351585811,0.5221010377482749,0.5099625401292194,20.76481036559466,18.14919968231794,0.3387109830291329,70.57603746416862
2012-09-04,20.01537643733855,20.29737552557961,19.97749579505068,20.29226493835449,367892000,69.05165381448685,0.5199451694748802,0.5119590659983515,20.83848097799298,18.241125459690124,0.3373658935648328,88.89296422387964
2012-09-05,20.310306192219794,20.33375581066212,20.13082388840646,20.14976501464844,336375200,65.27658313420798,0.500963282532279,0.509759909305137,20.862178028272687,18.373684131456315,0.3277634670427489,78.87640730730593
2012-09-06,20.23815804007658,20.392085840021533,20.166906825117184,20.331356048583984,391196400,67.69994732542159,0.49486834495635534,0.5067815964353808,20.883402443692674,18.530018233492385,0.32166042120920196,89.06370952407104
2012-09-07,20.384857844751775,20.518042971719343,20.316313689101182,20.45671272277832,329666400,69.29314377886662,0.49445354627896876,0.5043159864040985,20.909639768400368,18.683292551240747,0.3130939113098419,94.06457418251757
2012-09-10,20.457021617205157,20.542402004316514,19.905347782842263,19.92458915710449,487998000,56.54348918482389,0.4460451597824857,0.49266182107977596,20.8426368565799,18.87367860362518,0.3362339334644425,41.586294987969865
2012-09-11,19.9958304094426,20.145848509339523,19.736979143350855,19.859941482543945,503983200,55.21430590580985,0.39787814606921756,0.4737050860776643,20.78897553588835,19.019304836731276,0.34142217864474433,35.47390964581572
2012-09-12,20.048148000660728,20.13984315672695,19.72195504668473,20.13653564453125,712233200,59.59108147407632,0.377670724930244,0.4544982138481803,20.73922174128788,19.183602546126668,0.3468840308874212,51.33342684819874
2012-09-13,20.36441822998885,20.608838523686988,20.286251775203688,20.533077239990234,598360000,64.88882315371208,0.3891677077220166,0.44143211262294757,20.702369776180383,19.37723875958622,0.35584252004944383,91.5859135522933
2012-09-14,20.742928122438425,20.953976303726197,20.68069390797092,20.782611846923828,600474000,67.75378603985897,0.4136462502604452,0.4358749401504471,20.716121117364427,19.528659232367016,0.3604894160270523,86.09078732830653
2012-09-17,21.025224498234635,21.038753184702006,20.882722120033232,21.03815269470215,398031200,70.41601001831813,0.44849570306620024,0.4383990927335978,20.846642957764857,19.55347834960819,0.3530359818664185,99.95439771803125
2012-09-18,21.041167605867823,21.114823998524795,20.93714631516336,21.102197647094727,373503200,71.06086297423774,0.4757973423149444,0.44587874264986715,21.008891258202006,19.501745834388323,0.34051038911606246,99.09350040336616
2012-09-19,21.05257758213585,21.16471504293563,21.03183338819047,21.107894897460938,326874800,71.1211673274401,0.49221980509101115,0.455146955138096,21.125304430669125,19.523747044855774,0.3256797652324265,96.06170495284438
2012-09-20,21.019518556874328,21.04657754407592,20.85296441349512,21.00568962097168,336568400,68.36875524025899,0.4913239370037026,0.4623823515112173,21.21828982406022,19.520442704626305,0.3206262451419545,88.97769397701717
2012-09-21,21.11721653285809,21.1971860533712,21.025521403328035,21.047468185424805,571589200,68.89861290121158,0.4883556758431986,0.4675770163776136,21.29851852843797,19.55283359100783,0.31140268708892355,89.85122551872882
2012-09-24,20.64972145881398,20.898049713633583,20.533674381106696,20.767871856689453,639766400,61.4766959804267,0.4581608276178386,0.46569377862565864,21.32117637480409,19.613061105359485,0.3258591954624368,70.89851048846687
2012-09-25,20.691815486557186,20.827706059098247,20.23303949848868,20.24927520751953,518789600,50.59088452818834,0.3879131559676843,0.4501376540940638,21.320873671673844,19.60692994008153,0.3450597215443747,35.744921198424336
2012-09-26,20.104965051099786,20.22371755572645,19.8782833110075,19.99793815612793,576503200,46.310874703587096,0.30840546432487415,0.42179121614022586,21.32844802321055,19.57043350755117,0.34691201975635017,18.70778936941459
2012-09-27,19.971181233197687,20.50872409560045,19.852728972340252,20.483169555664062,594090000,54.34184336217903,0.28130643904834685,0.3936942607218501,21.335136413681887,19.587344550978756,0.3689893842923393,51.59968205176915
2012-09-28,20.40591258993093,20.47686355217875,20.04514484921419,20.055667877197266,535110800,47.58797708726106,0.22276653960587112,0.35950871649865435,21.329244829834096,19.602947400390512,0.37392047873216316,22.621055888873343
2012-10-01,20.177727925619955,20.345786508016868,19.736990596415907,19.823875427246094,543594800,44.368129214551686,0.155872730193515,0.3187815192376265,21.343725181014523,19.570880341141237,0.3906972953656487,6.908774293613025
2012-10-02,19.896621405520133,20.03311245173142,19.56110807811644,19.881589889526367,627992400,45.359470201214215,0.1062907257339063,0.27628336053688246,21.3576453057115,19.51589271156145,0.39650494381202944,19.58841914976719
2012-10-03,19.988321448137647,20.198769129140796,19.921278499468464,20.18644142150879,424281200,50.38835236758782,0.09055177634980183,0.23913704369946634,21.35721595232479,19.519989705634192,0.3908388220836294,38.22148778055492
2012-10-04,20.1804320961209,20.27062443425091,20.00906922261575,20.04664802551269,370725600,48.1977368438608,0.06603715163777935,0.20451706528712896,21.358668359561683,19.490066496090172,0.3816042784801672,29.67706641981082
2012-10-05,19.998544928138596,20.022595039352044,19.580054689314835,19.61943817138672,594006000,42.164841820023646,0.011998558139534765,0.16601336385761012,21.38336386226403,19.381643538248664,0.38767492546000215,3.5652391971840802
2012-10-08,19.44777008626209,19.46821404199927,19.1239807287043,19.1859130859375,637994000,37.091119263379326,-0.06505930464438237,0.11979883015721161,21.46506567662347,19.226074116772526,0.39537367669017476,2.9872756208143825
2012-10-09,19.20034838317302,19.255665728939416,18.746382642618165,19.11616897583008,838597200,36.33365300417962,-0.13025449019995605,0.06978816608577809,21.539638061590708,19.0771244811339,0.40351006309239446,15.088371902432412
2012-10-10,19.23311433447665,19.390649855533116,19.15073961951592,19.26828956604004,510356000,39.24785798588974,-0.1677139817700528,0.02228773651461191,21.58010637230025,18.94983156257524,0.3942936928502973,21.295340178325937
2012-10-11,19.43634539168426,19.45738983643196,18.883167266845703,18.883167266845703,546081200,34.893268996352376,-0.2258733226023537,-0.027344475308781216,21.627386077166754,18.737560860394282,0.4071457554742945,6.357146329473087
2012-10-12,18.927061862906005,19.102034059405373,18.798990506326465,18.93157196044922,460014800,35.856558791175715,-0.26500435968946334,-0.07487645218491765,21.6082439695295,18.571598979384074,0.399709883874624,8.89767137412234
2012-10-15,19.0109393255696,19.09451661170338,18.755395519449667,19.083393096923828,432502000,38.909605475292345,-0.2805314991165524,-0.1160074615712446,21.505151499164622,18.47921548997112,0.3953821130445589,19.122880741150592
2012-10-16,19.10173188210954,19.55058689152313,18.97035142132757,19.535253524780277,549771600,46.995865321084544,-0.25345385058664505,-0.1434967393743247,21.34484482153137,18.482827755372927,0.4085859242696302,44.76265827074328
2012-10-17,19.50759719019271,19.625447368937035,19.36118520177968,19.37952423095703,389037600,44.79518583989104,-0.24177365537006423,-0.1631521225734726,21.160189375179765,18.494646135074138,0.39827708447589627,36.58760896123597
2012-10-18,19.228609663271996,19.302866537831928,18.94029569523261,19.019664764404297,476624400,40.119937425676476,-0.25857398801233344,-0.18223649566124478,20.985034754912256,18.471198269684912,0.4012021881365052,17.086498769840546
2012-10-19,18.97186195112311,18.99350689179901,18.327590602177352,18.334205627441406,744086000,33.04513654754177,-0.3234704306320957,-0.21048328265541497,20.835409581115513,18.349497187683312,0.42197875771439375,0.3404482801513863
2012-10-22,18.41176697526451,19.102035114268595,18.361860471285446,19.06144905090332,546730800,44.27311688027417,-0.3126152287545203,-0.23090967187523603,20.639733217707615,18.3745312705126,0.4466823812224506,37.768691240070325
2012-10-23,18.97035077253661,19.05753741676639,18.390118533361427,18.44002342224121,707145600,38.35438603564299,-0.35012028907129533,-0.2547517953144479,20.588038987951887,18.245300321740498,0.4627286766738393,5.78645714798868
2012-10-24,18.68294567519008,18.83657159390455,18.358253935490307,18.54434967041016,558527200,39.809200849767514,-0.36719229899180306,-0.27723989604991894,20.543545161571743,18.14443529954886,0.46384217536958255,12.788112141706904
2012-10-25,18.63965477032277,18.699784066635395,18.205230639393356,18.32518577575684,656325600,37.791486816932505,-0.3938664374033891,-0.30056520432061296,20.391610103523195,18.08057197960669,0.46603583621761513,8.446255692398811
2012-10-26,18.32187313482413,18.459266531456613,17.767795873288907,18.158626556396484,1018432800,36.28625744870544,-0.4235632478183824,-0.32516481302016687,20.32459732546399,17.957880625585823,0.4821383234997645,21.038966890354082
2012-10-31,17.88444421115965,18.09729705265209,17.668585708361682,17.897672653198242,510003200,34.001270845420464,-0.46281988360869164,-0.35269582713787184,20.305384267649355,17.784473405995673,0.48270278953798146,11.706854370543706
2012-11-01,17.98486178485192,18.128566787455576,17.863103573759048,17.934354782104492,361298000,34.62447748631874,-0.48537599670990517,-0.3792318610522785,20.236413099607244,17.65872106329559,0.46718567697787766,13.581393058958948
2012-11-02,17.914819600815306,17.94668733616215,17.27926797060125,17.340898513793945,599373600,29.732864171696193,-0.5448580554811002,-0.41235709993804287,20.145522265635535,17.46505760649582,0.4814880833052364,2.626847002254462
2012-11-05,17.54292227371402,17.67069341710544,17.3649427659929,17.575992584228516,529135600,33.72717633194047,-0.5664976565294957,-0.4431852112563335,19.995414410761633,17.368099917241302,0.4706528561628263,12.647140872421831
2012-11-06,17.74464291038943,17.759974669363018,17.439794750264,17.522769927978516,374917200,33.26614359755831,-0.5812416281454205,-0.4707964946341509,19.91000548619446,17.243842017467653,0.45990478922969724,10.378658918835825
2012-11-07,17.33069603157995,17.351836597221453,16.784354266216766,16.85230827331543,793648800,28.062169714881975,-0.639653457240474,-0.5045678871554156,19.966189815788884,16.954297206611027,0.4797984229819867,2.39182612613431
2012-11-08,16.93173891344499,16.98006205626478,16.166439687639343,16.240734100341797,1056146000,24.32423496588622,-0.7269147564297604,-0.5490372610102846,20.08490731255265,16.54803622229843,0.5036429905279476,2.3687596188602886
2012-11-09,16.321360303738786,16.75806990640528,16.11901132217035,16.521896362304688,929913600,29.006152477059175,-0.7645690439407993,-0.5921436175963876,20.059375514930807,16.298928699546735,0.513315532935589,13.505927817322197
2012-11-12,16.736037539241504,16.746608631552682,16.26791750680854,16.3941593170166,515802000,28.153934760204265,-0.7955470785785153,-0.6328243097928131,20.063796514349633,16.045606905145,0.5108423609219142,9.22379484786853
2012-11-13,16.275760168553116,16.62518825095877,16.198746408225272,16.396263122558594,532949200,28.191355345388033,-0.8105837300197756,-0.6683761938382056,20.022205227188003,15.83366730851757,0.5048137524798846,9.435063411487468
2012-11-14,16.474789858113688,16.533682460754008,16.193314088810418,16.214454650878906,477170400,26.88801015256719,-0.8276304007699125,-0.700227035224547,19.937710684023717,15.631268007077363,0.49306765387014934,3.5120961143448057
2012-11-15,16.23408926190039,16.29358511090015,15.78378889561145,15.874391555786133,789910800,24.59734407005756,-0.8586819093619518,-0.731918010052028,19.750420198918402,15.452472295283261,0.49426255111433154,3.1070922570447363
2012-11-16,15.861709054500825,16.00667526014457,15.274294143933018,15.93660831451416,1266893600,25.842125097160277,-0.8682613053191552,-0.7591866691054534,19.529594340051354,15.329006562506024,0.5112710200498471,20.794973707640523
2012-11-19,16.330129658231346,17.13922129710882,16.305063238572682,17.085765838623047,823317600,44.1737715056902,-0.7742011286579178,-0.7621895610159464,19.298371600201264,15.36683940977799,0.560652588803048,63.46526491787513
2012-11-20,17.272412176121385,17.273620254800814,16.749023781944008,16.940196990966797,642754000,42.732723877958755,-0.7032967828969596,-0.7504110053921491,19.177323564114108,15.348486582217687,0.5580771519497452,58.36523188541057
2012-11-21,17.041062152869937,17.13528901646076,16.810020851120473,16.964048385620117,373002000,43.06048514861585,-0.6378274915404205,-0.7278943026218034,18.877480584262184,15.438589495541288,0.5414479386204981,63.230000981914614
2012-11-23,17.12925605309475,17.275128720642005,16.99123670286602,17.260026931762695,272826400,47.10612855949358,-0.5556543736452575,-0.6934463168264943,18.71087497512766,15.487195455627962,0.5249931097920261,79.88688681085289
2012-11-26,17.392912422997323,17.81874960546837,17.326771335557204,17.804555892944336,630579600,53.63330579266255,-0.4415032744178049,-0.6430577083447564,18.5644710050778,15.559620047931233,0.5274023643572866,99.4421709187447
2012-11-27,17.8051582031919,17.83143431214058,17.519756530480475,17.66109848022461,533330000,51.81905939316363,-0.35848117234068866,-0.5861424011439429,18.440326498746614,15.617355824709193,0.5119934655932022,93.33881521108137
2012-11-28,17.434289367348732,17.691906896159075,17.282981146277628,17.605531692504883,520864400,51.0980465811282,-0.293782788567416,-0.5276704786286375,18.33923234668831,15.66314049037834,0.5046314858995056,91.16581005436068
2012-11-29,17.825390075349766,17.947099514764453,17.675289992637694,17.799415588378906,514698800,53.527776697049696,-0.224278698036386,-0.4669921225101872,18.32111654060814,15.671430589976577,0.4929840813537959,94.47457237263758
2012-11-30,17.721802710946328,17.77042746511471,17.597675473367453,17.676198959350586,391319600,51.76742022738309,-0.17709729041420275,-0.4090131560909903,18.274323172417503,15.692408375891825,0.4721809409007715,89.86456109486201
2012-12-03,17.928988411912705,17.95737745567908,17.682846805582898,17.703685760498047,364280000,52.14550027313906,-0.1359209180783445,-0.35439470848846116,18.3234385501413,15.679571722838437,0.4585379091456088,90.5447701131599
2012-12-04,17.571102386141586,17.571102386141586,17.27905700641961,17.39140510559082,557068400,47.58206288250244,-0.12702254848497674,-0.3089202764877643,18.299820290896324,15.684731234219646,0.4561158266408109,78.90589727085504
2012-12-05,17.181806522976164,17.192074384474456,16.271539471874227,16.272144317626953,1044638000,35.56767547409024,-0.2078891018492861,-0.2887140415600687,18.250024142376418,15.609464821704394,0.5035265271462239,37.19042824073053
2012-12-06,15.974665490105012,16.710669390727553,15.66328921216866,16.5273494720459,1177212400,39.32933885083161,-0.24851873559304138,-0.2806749803666633,18.245732713439764,15.581260370514094,0.5423732165328431,46.70206559100223
2012-12-07,16.713383294300407,16.767745212282428,16.00667352176859,16.104827880859375,787040800,35.62141006554201,-0.31122437345738163,-0.286784858984807,18.254679440588156,15.558723021417459,0.5579945361029142,19.246804038151176
2012-12-10,15.855668724629316,16.26368799765999,15.7523804236662,16.001239776611328,630484400,34.756256126198366,-0.36506944422036725,-0.302441776031919,18.279103350140954,15.482233453295324,0.5546597530951196,14.731367260987971
2012-12-11,16.30173777361864,16.59740889202525,16.22925468782009,16.350664138793945,592345600,40.04593039733836,-0.37522110958169463,-0.31699764274187414,18.280245575684937,15.47674170992908,0.5576247075464627,29.962880833801858
2012-12-12,16.543344809962495,16.55029166257387,16.196031211979697,16.278480529785156,487144000,39.33642606908294,-0.38465690612951775,-0.33052949541940285,18.283844439092707,15.461364587243962,0.5430986891927275,26.816375497183525
2012-12-13,16.0414094777898,16.237416639578385,15.879831756317358,15.997315406799316,625259600,36.615194237140436,-0.4100951963566857,-0.34644263560685945,18.297435789839803,15.42605931208891,0.5327808380695183,14.560302794609528
2012-12-14,15.546102624061112,15.648182827945504,15.26915750993756,15.3963041305542,1009579200,31.58527350402609,-0.47329595066411656,-0.37181329861831086,18.35628612141127,15.319400237994248,0.5467363422689638,4.729770003308512
2012-12-17,15.370331769765928,15.7046598118333,15.137782318647728,15.669323921203612,757607200,35.89349563276254,-0.49563916859489154,-0.396578472613627,18.380558278961452,15.268399641113014,0.5481749959058644,18.851699507310258
2012-12-18,15.855668382739749,16.154660571777182,15.712211874632484,16.124460220336914,625685200,42.404784023185684,-0.4711890599933284,-0.4115005900895673,18.35769354054401,15.195133817701839,0.5436865426678434,34.99360205054201
2012-12-19,16.05107015231721,16.11841932103751,15.87076805981392,15.895231246948242,449369200,40.19065638564714,-0.4649493880545279,-0.4221903496825595,18.351056410552093,15.097274373291897,0.5229726582289257,26.863747860552923
2012-12-20,16.006674513658623,16.01271490635558,15.670836744317452,15.75691032409668,481689600,38.871717774762786,-0.4657963353606682,-0.4309115468181812,18.341987811580708,14.98562916611094,0.5100373370724401,21.95804629244781
2012-12-21,15.477245823666973,15.69469512250042,15.409896654629764,15.68442726135254,596268400,38.164916792408576,-0.4669338023822682,-0.43811599793099865,18.293024756860895,14.877032253789741,0.4983927893863313,22.4649831317841
2012-12-24,15.715229295953048,15.833012897817438,15.665698085687335,15.709792137145996,175753200,38.58575331951366,-0.4604803884198567,-0.4425888760287703,18.129298508692074,14.831282126378726,0.4747443624394579,27.844619955150762
2012-12-26,15.674458735377907,15.68835244448201,15.436473724395638,15.49325180053711,302436400,36.313595560609905,-0.46745052811133014,-0.4475612064452823,17.978548125568764,14.76524784153329,0.46035679460452217,21.80844013551191
2012-12-27,15.509556817824508,15.591402908802506,15.241369900528362,15.555463790893556,455120400,37.453154729318115,-0.46262161236411714,-0.4505732876290493,17.804654961897906,14.734134215043008,0.45247652415235234,25.62521354792493
2012-12-28,15.411405735328527,15.53794912172514,15.345867887114837,15.390263557434082,354278400,35.62998527416973,-0.46674459885108455,-0.4538075498734564,17.551008567173316,14.746865406673122,0.4351279084113786,17.2976597844558
2012-12-31,15.418645207584,16.169751846917826,15.37243824830579,16.072200775146484,659492400,47.08153557027945,-0.410256282020784,-0.44509729630292194,17.27244111606318,14.865033039362846,0.46099831485428266,64.01763804125234
2013-01-02,16.726066390497785,16.761703896777707,16.357913773009457,16.581401824951172,560518000,53.704454814829454,-0.32070374170469407,-0.4202185853832764,16.97606878992325,15.04917697194809,0.4773200867669213,88.89711952505974
2013-01-03,16.546675621444205,16.600735935878475,16.33889091496705,16.372112274169922,352965200,50.88555475711373,-0.2635822142634723,-0.3888913111593156,16.699411214689295,15.223905264039955,0.46192901063438596,76.00920956685493
2013-01-04,16.217178644132208,16.267313102271196,15.880735994062151,15.916071891784668,594333600,45.30524521135288,-0.2522043846435231,-0.36155392585615714,16.667102341742495,15.220606894402525,0.464032387025342,47.92654913996379
2013-01-07,15.765063898037305,15.985532589794463,15.559695381804367,15.822446823120115,484156400,44.23278402597864,-0.24788467307243245,-0.3388200752994122,16.578895167431767,15.238323803820672,0.46130415995139584,42.16118029916261
2013-01-08,15.982812651824169,16.063752291381817,15.742411502863408,15.86502742767334,458707200,44.871944818744964,-0.23827864372249152,-0.3187117889840281,16.56067657475291,15.232562351180926,0.45130677627761107,41.02108672722819
2013-01-09,15.780160698221348,15.855966401880956,15.583550390363834,15.617074966430664,407604400,41.8630738745205,-0.24781680973010012,-0.3045327931332425,16.55088405426048,15.20393839065529,0.4391760806370321,24.712008468478924
2013-01-10,15.962878150439591,15.968012079740976,15.569355937156203,15.810665130615234,601146000,44.9659178863216,-0.23702251860760626,-0.29103073822811526,16.486243695122656,15.214578848975243,0.4362817993475851,37.44540551558542
2013-01-11,15.734862796313644,15.865332048597516,15.67506371696608,15.713722229003906,350506800,43.707904471173194,-0.233597678470856,-0.2795441262766634,16.427385219306345,15.21696149471343,0.41870940879643165,31.06898416011447
2013-01-14,15.181571101548268,15.327142112488126,15.055632572023544,15.153485298156738,734207600,37.22617848228345,-0.2729435824943067,-0.2782240175201921,16.448161336067464,15.111802367088055,0.4358079979524267,5.735558924964302
2013-01-15,15.049294078996216,15.070133030616429,14.59869046033594,14.675402641296388,876772400,32.76131715378186,-0.33879732513977956,-0.2903386790441096,16.560554300407613,14.927319253822125,0.4443070579430247,3.546542044909493
2013-01-16,14.93875062154544,15.385729804402429,14.874120867871708,15.284554481506348,690804800,42.263384353223216,-0.3379378903849872,-0.29985852131228513,16.566459302722397,14.882937307537613,0.46330849402609725,31.708726798233783
2013-01-17,15.412013306783829,15.425302172568829,15.161947465972949,15.1815767288208,453678400,41.2033166369616,-0.34162814951913667,-0.30821244695365546,16.53058433116053,14.824523929947867,0.44902608063822463,26.947880150191278
2013-01-18,15.055937576562073,15.167682421370912,14.991911027298467,15.10063648223877,472922800,40.346706474150146,-0.34708295170748826,-0.31598654790442204,16.521628263021267,14.754020521616185,0.43050033927280384,23.205867030051774
2013-01-22,15.238347934955955,15.338615185968804,14.998851706629832,15.24468994140625,461546400,42.632620592520475,-0.33590985181654176,-0.31997120868684603,16.51104581353773,14.713380932830677,0.4240191349918158,29.86571743784459
2013-01-23,15.366708098690998,15.553352189526066,15.244695399375416,15.523755073547363,861509600,46.87935763410683,-0.30106636014352617,-0.3161902389781821,16.503166689257675,14.705192838330216,0.41577935735810156,46.205974065636035
2013-01-24,13.892582257834412,14.065635839672597,13.59811923013162,13.605670928955078,1460852400,30.284895012794692,-0.42334593392680553,-0.3376213779679068,16.76391475666637,14.23403265010243,0.5236262492193617,0.2829205814640081
2013-01-25,13.641611527819412,13.77872439303604,13.1375517058726,13.284934043884276,1208026400,28.470065070323614,-0.5399104120939793,-0.3780791847931213,16.995022772973932,13.782092858129584,0.5320224233582245,5.036645086516802
2013-01-28,13.223021242623604,13.6875160658981,13.163524595095057,13.58543586730957,785517600,32.54841875863558,-0.6011113773124634,-0.4226856232969898,17.08407023947503,13.496042599270087,0.5314487838899973,15.30599657641138
2013-01-29,13.847276975551193,13.89861948349575,13.654592569086606,13.840330123901367,571158000,35.887576035652074,-0.6218771344100791,-0.46252392551960764,17.118746722329988,13.306372773061861,0.5158584147682961,24.829120538730017
2013-01-30,13.801981274041788,13.971109044866964,13.726478784197454,13.796847343444824,417155200,35.56413218692032,-0.6345283951422385,-0.4969248194441338,17.05976680523613,13.137817346985551,0.49648497518981133,23.292876440137842
2013-01-31,13.801377741846611,13.87083983744598,13.740975428697013,13.756377220153809,319334400,35.245739341900105,-0.6404376446377444,-0.525627384482856,16.875360976096964,13.039720715644979,0.4702977918726082,22.686046401486756
2013-02-01,13.865704808316412,13.87687913052377,13.540739776409712,13.699899673461914,539484400,34.77781104752225,-0.6422742951793001,-0.5489567666221449,16.698652636278815,12.949207795392326,0.460715046318426,23.277914355694787
2013-02-04,13.708653748868356,13.769962500990388,13.34895697276779,13.35862159729004,477117200,32.01211587412402,-0.6636183631309329,-0.5718890859239025,16.605678938669033,12.786436463552647,0.4578786521687241,9.150999551217593
2013-02-05,13.410871120908382,13.88472970920433,13.355602753520396,13.827346801757812,573347600,39.16749086699186,-0.6353871366610679,-0.5845886960713357,16.466202106548746,12.7264032935367,0.4629678167055248,28.553479501006677
2013-02-06,13.785975675710276,14.08889373298492,13.668492044249106,13.81255340576172,593706400,39.02788292477019,-0.6072078752993413,-0.5891125319169368,16.294407275354306,12.692950722539981,0.4599273789934025,27.941119494615773
2013-02-07,14.072278331996994,14.277323623814494,13.794932632907251,14.22325325012207,704580800,44.89978747974316,-0.5454479778128398,-0.5803796210961174,16.14790210582627,12.70007372043716,0.46153192270153404,44.9416891666294
2013-02-08,14.398833562290712,14.544947999657946,14.224163011821403,14.428603172302246,633158400,47.616221862981895,-0.47446347199778316,-0.5591963912764506,15.950805504132106,12.758964126300022,0.4515435531897013,53.44197400263625
2013-02-11,14.47477063754008,14.731155832013751,14.376045887328097,14.578964233398438,517490400,49.57644247147135,-0.40144722499543306,-0.5276465580202471,15.76622565979864,12.830068171072941,0.4446554382965551,59.66604184737802
2013-02-12,14.566209368280576,14.653392941996245,14.208669110668954,14.213529586791992,609053200,45.153988958241236,-0.3688173482984336,-0.4958807160758844,15.663041678688183,12.839256581046923,0.44466032351303625,67.51851750816118
2013-02-13,14.192573285200732,14.387899264383318,14.071367965964605,14.186497688293455,475207600,44.83537832389717,-0.34120597414769094,-0.46494576769024576,15.624527760062925,12.82888000437189,0.4355082502920132,65.82224312890278
2013-02-14,14.110855375096968,14.32714170959976,14.09566719739075,14.173736572265623,355275200,44.67511776846674,-0.31670272474807426,-0.43529715910181144,15.477273475604626,12.865052497906117,0.42093441185751296,64.44193974829307
2013-02-15,14.24239039742324,14.282185959504954,13.971121912478957,13.978412628173828,391745200,42.1893521731968,-0.30947727161611915,-0.41013318160467305,15.329025477343935,12.892984086102109,0.41308652865526185,45.54016603294181
2013-02-19,14.006963670744224,14.056478552569908,13.786728627577803,13.973243713378906,435783600,42.12255812334155,-0.3007018326318054,-0.3882469118100995,15.18069347191658,12.928576814643478,0.4028481998221793,45.166202853885096
2013-02-20,13.903375750914597,13.903375750914597,13.633320849915926,13.634840965270996,476302400,37.89284139352521,-0.3173947782039068,-0.374076485088861,14.96392746646688,12.984357922479655,0.3983535329393794,20.683275101179476
2013-02-21,13.54826715748848,13.64456412847767,13.45166762346868,13.550089836120604,447182400,36.89365945559555,-0.33361703614043847,-0.3659845952991765,14.561747016707148,13.18917184849671,0.38367803094435166,14.55165890257929
2013-02-22,13.646994644463469,13.71838005327825,13.566494219980626,13.694382667541504,330654800,39.80396914151114,-0.3310143395826035,-0.3589905441558619,14.559959265409185,13.199830773653316,0.3682931871024441,24.99102733756823
2013-02-25,13.786731177631932,13.825309995744174,13.444074861427143,13.451062202453612,372579200,36.72799948231741,-0.344613126222848,-0.3561150605692591,14.5411871437835,13.235215711135929,0.36921761190348595,6.93971395402442
2013-02-26,13.482045023291054,13.716558144391987,13.294921547447114,13.63848876953125,501499600,40.53970979486047,-0.3363888240661588,-0.3521698132686391,14.53907476903291,13.242633376108687,0.37296182512072795,23.921391222588902
2013-02-27,13.622082281601012,13.74389593036254,13.385748131375829,13.504826545715332,587350400,38.747005414635204,-0.3367743051986132,-0.34909071165463396,14.544779907657242,13.20337787966575,0.37190368039686955,14.61495527044558
2013-02-28,13.489035589667049,13.60507624769866,13.408535957336426,13.408535957336426,322515200,37.46178861297565,-0.34091973700841294,-0.3474565167253898,14.556535334718006,13.152791313994147,0.35937772396582424,7.910576366974375
2013-03-01,13.305251510532203,13.310720358614022,13.06162657701965,13.07651138305664,552448400,33.35358598500184,-0.36676874806110504,-0.35131896299253285,14.603742916460213,13.037597148542222,0.3584871279908922,0.8915570657096975
2013-03-04,12.995403487277455,13.007554680529818,12.728083725014292,12.759980201721191,582755600,29.97836478296685,-0.4080914720629245,-0.36267346480661117,14.68892725130829,12.858420866520074,0.35776859442313913,1.656693710577007
2013-03-05,12.803417860300025,13.219889816146647,12.781242341036457,13.096861839294434,638433600,37.25580704842402,-0.408942461693119,-0.37192726418391275,14.70775917869321,12.813412963335592,0.3650643815661617,22.218017938326543
2013-03-06,13.199235143988428,13.221714851252026,12.8930315667676,12.93039608001709,460250000,35.3032937252859,-0.41822819833499025,-0.38118745101412826,14.732019955928596,12.699457113926133,0.3624657317746091,12.651971157584033
2013-03-07,12.895155209753693,13.123289342119335,12.790657408549029,13.079849243164062,468473600,38.423476771764804,-0.4088150251585212,-0.3867129658430069,14.732825746489091,12.625380907105875,0.3603347461885875,22.634644641963174
2013-03-08,13.056154026597438,13.227177549775933,13.02000464503221,13.11447811126709,391482000,39.15568695085171,-0.3940187544147946,-0.38817412355736447,14.673507198050924,12.573821941658544,0.34939461465681154,29.087314873380187
2013-03-11,13.054634684503892,13.33592902990504,12.914595071249382,13.301298141479492,474236000,43.08754426390885,-0.36303297003265556,-0.38314589285242273,14.554347918695699,12.580250717931493,0.35453313922815777,48.77208419976327
2013-03-12,13.232343432044432,13.331980757202224,12.98841356377226,13.014537811279297,465911600,38.92908657009601,-0.3574946984098233,-0.3780156539639029,14.382028911687707,12.596127082727572,0.35374985738542963,26.107111532651672
2013-03-13,13.015148365659964,13.19892987388087,12.921282434459757,13.012109756469728,405549200,38.89485736404568,-0.3492752740358913,-0.37226757797830057,14.277282589142168,12.580731422240888,0.3483139703879784,25.88582127791202
2013-03-14,13.148196617612872,13.203179531626402,13.075898664687925,13.13817310333252,303875600,41.75819441430091,-0.3287988737192755,-0.3635738371264956,14.154416012366514,12.59876554052045,0.337082242157171,37.3750965737845
2013-03-15,13.30312214721306,13.494499336014371,13.282465123985771,13.477184295654297,643960800,48.717611174153596,-0.2819654863490282,-0.34725216697100214,14.026057012449773,12.657469312776058,0.33845681290893387,73.7440017648925
2013-03-18,13.410050092971504,13.89638971283317,13.40245600477158,13.843534469604492,606197200,54.97836118430132,-0.21283486428971088,-0.3203687064347439,13.995125807969947,12.67491270139895,0.3495623054198379,95.47590752938335
2013-03-19,13.958357878733375,14.003013903644057,13.624208294672734,13.806169509887695,526775200,54.25088671504422,-0.15922790801791464,-0.28814054675137807,13.956289418339724,12.697041670680052,0.35165111281637257,84.56037851673412
2013-03-20,13.895181484530733,13.901560456144392,13.65732631053143,13.732965469360352,308660800,52.77745627230286,-0.12125323145937017,-0.2547630836929765,13.972730371476638,12.690413167952071,0.34397847230184325,78.81857070997091
2013-03-21,13.676461592133425,13.912188223052343,13.67281623460445,13.752707481384276,383255600,53.147029895107785,-0.08854432742487361,-0.22151933243935593,14.003471115494975,12.679934188460102,0.33650658059798966,80.36704860741483
2013-03-22,13.808906075950487,14.037341987481286,13.764251663808526,14.031571388244627,395105200,58.13155717749582,-0.039663087221809334,-0.1851480833958466,14.07322858954171,12.64389558648368,0.3328014324193483,99.54059383322085
2013-03-25,14.116019478980157,14.275805211246576,14.02762240125067,14.082301139831545,501135600,58.98636834780476,0.0031329995279438805,-0.1474918668110885,14.174359875361072,12.60588819440211,0.3267572451033882,86.97071961029333
2013-03-26,14.138803795364604,14.150954988437652,13.98965236177891,14.008182525634766,294294000,57.15045446243099,0.03071439742127957,-0.11185061396461489,14.233848769039987,12.58336867633355,0.3149390580716278,81.98006386127267
2013-03-27,13.866018617356987,13.876346321653164,13.69195640413906,13.732965469360352,331237200,50.824753376541324,0.030019096154322966,-0.08347667194082732,14.257077881009508,12.582953456728529,0.3150309911733477,60.12079796236728
2013-03-28,13.664313185961047,13.725067534840576,13.41521938216159,13.44681167602539,442839600,45.2203229434697,0.006305163258570445,-0.06552030490094776,14.259056174621712,12.584802734985221,0.3152249266037344,39.098783438177
2013-04-01,13.423719086094298,13.478398627341006,12.993577525579187,13.029118537902832,389732000,38.53982994100113,-0.04566623294313388,-0.06154949050938499,14.261060340358513,12.578059284733039,0.32733893911502615,7.96118790256762
2013-04-02,12.989325245215287,13.309500990601869,12.952871675158883,13.055850982666016,529519200,39.15932083654011,-0.08373164767340846,-0.06598592194218969,14.236514482661288,12.632192220524747,0.3294311088527375,9.934757134574037
2013-04-03,13.103843462963145,13.2833736028232,13.071643628186752,13.12267780303955,363216000,40.76664799733681,-0.10726985704569714,-0.07424270896289119,14.23559869907177,12.635689600488776,0.3221519310887695,12.835575125174806
2013-04-04,13.176451167935532,13.21411823939524,12.91793984041576,12.992971420288086,358447600,38.63327409123251,-0.13483597347372367,-0.08636136186505769,14.230857751990275,12.646688081597372,0.3202966787952488,5.525700963006146
2013-04-05,12.895155908160246,12.908826403321,12.748737304410655,12.855666160583496,383695200,36.45822999992947,-0.1658498919795388,-0.10225906788795391,14.246910963297152,12.608216562032437,0.31486363858683325,7.002233214002722
2013-04-08,12.905788353878464,12.98628796810488,12.83409875889946,12.947101593017578,300829200,38.92419977044967,-0.180964524210383,-0.11800015915243973,14.255255529309972,12.583134344194667,0.30324403648816095,12.989879999372988
2013-04-09,12.951658827484527,13.016665267931272,12.841996353103736,12.970492362976074,306614000,39.570290669389365,-0.18887826839215727,-0.13217578100038324,14.261319457836583,12.543989837817714,0.2940600992266877,14.521623928623764
2013-04-10,13.004513347548368,13.276694324293915,12.941024596802874,13.235076904296877,375928000,46.46853001553074,-0.17181957727944308,-0.14010454025619523,14.256885481487991,12.570477723468063,0.2970322155312844,31.84793536090452
2013-04-11,13.17523562071152,13.304946755135564,13.098684734090051,13.193766593933104,328364400,45.59340824763976,-0.15979185740784985,-0.14404200368652617,14.251545212218872,12.593983676483521,0.2905486302108721,29.142730819649515
2013-04-12,13.188298636354832,13.188298636354832,13.034590104305984,13.056158065795898,238613200,42.70810521884302,-0.15952475881389816,-0.14713855471200057,14.254157885686773,12.583169499261956,0.2811649058834612,20.131440128436594
2013-04-15,12.971100675105545,12.998136671933546,12.744789994906766,12.75390338897705,317520000,37.14739681788576,-0.18160903175502519,-0.1540326501206055,14.268420510226976,12.496578784054028,0.2833222748124377,0.6481027555238184
2013-04-16,12.806150987065386,12.959251940814472,12.77577382014026,12.948013305664062,305771200,42.33965666609737,-0.18135735444606027,-0.15949759098569646,14.216022459068459,12.459424718818504,0.2777527231713651,17.95962834140404
2013-04-17,12.76666009116444,12.77668522924984,12.093499526527838,12.235968589782717,945056000,31.92204647873946,-0.23589470876779295,-0.17477701454211575,14.236356343561814,12.28207074231465,0.31894994145456934,8.732033389292248
2013-04-18,12.30249443894213,12.326796006617652,11.839240481884463,11.909412384033203,666299200,28.463139171268537,-0.3019852140794477,-0.20021865444958215,14.288805665387128,12.047266111956622,0.33099319740304217,4.280972055273864
2013-04-19,11.785475189203112,12.138763390562696,11.698291603347291,11.863241195678713,609274400,28.001160397061966,-0.35400726928831716,-0.23097637741732918,14.300345909281859,11.846779239491333,0.33881309667535375,10.237626073696564
2013-04-22,11.927336077743949,12.217743873121522,11.885720275238324,12.11051082611084,429920400,34.16408055792205,-0.37100580619198276,-0.2589822631722599,14.189198364630258,11.765820727929558,0.33993378101588634,25.656981979283582
2013-04-23,12.272120565276808,12.405477074630262,12.114765854385528,12.337128639221191,664238400,39.2928027487522,-0.36201798754995984,-0.2795894080477999,14.015197086281406,11.765304756217374,0.33672181440899607,39.76192620817531
2013-04-24,11.954677743541811,12.61416791890215,11.923084642080674,12.316774368286133,969651200,38.99893951204835,-0.3524743907107162,-0.2941664045803832,13.826227797881675,11.785133228882241,0.36203334743845883,38.49505379237386
2013-04-25,12.492049871574537,12.57437216347797,12.363553864594104,12.405474662780762,384837600,41.06737614763101,-0.3339046045583398,-0.3021140445759745,13.675074764865377,11.80353718124058,0.35457366513512867,44.01585857714064
2013-04-26,12.448914787914068,12.721094997834504,12.401525950552168,12.673402786254885,764097600,46.92197951046097,-0.29417726248594,-0.3005266881579676,13.575220686823169,11.826050370305737,0.3520733352885006,60.69200237663039
2013-04-29,12.772130803555818,13.172200331081449,12.758461116492276,13.065879821777344,640326400,54.11330735483888,-0.2283906952082102,-0.2860994895680162,13.580114681391315,11.824832504125041,0.36255363596979084,85.12020870862493
2013-04-30,13.217158423972036,13.525488070170685,13.12511515931951,13.45045566558838,691538400,59.85313026890125,-0.14356735501186435,-0.25759306265678583,13.64962491345612,11.794782740352472,0.36948610828575873,95.89357762316885
2013-05-01,13.501487142626113,13.515764386804053,13.195588608086537,13.344436645507812,506909200,57.70999662663065,-0.08393158460791383,-0.22286076704701147,13.685834882209708,11.780748655845713,0.3659639418880271,90.0912995427562
2013-05-02,13.420075577117377,13.626944332998177,13.385142119454835,13.533687591552734,421828400,60.43350621500175,-0.02115497580798298,-0.18251960879920576,13.77271803370829,11.747937121473594,0.3600027808596226,95.16466909715142
2013-05-03,13.709569149892726,13.767894860095184,13.643954348236674,13.66916847229004,361300800,62.30504591044607,0.03907765092665372,-0.13820015685403386,13.89184993465911,11.710155451693428,0.35101738712268177,95.22969499186627
2013-05-06,13.843230826711402,14.040380254303054,13.800703279704765,13.995119094848633,496641600,66.42038542592377,0.11182488505759025,-0.08819514847170903,14.067522582046678,11.639284554488967,0.35245984390056256,98.06748734997922
2013-05-07,14.124522802122836,14.148216809807904,13.782170753800392,13.932842254638672,483753200,64.96111638350534,0.16257827058436547,-0.038040464660494135,14.207948564356732,11.595093561345172,0.35343028762248757,91.2089334563653
2013-05-08,13.944384635224615,14.136673547288028,13.846266624968766,14.090195655822754,472598000,66.93764029643754,0.21304198332134483,0.012176024935873657,14.348946076565744,11.539607924288747,0.34892861867225716,97.63171733438456
2013-05-09,14.06023144127083,14.157775756952484,13.930884912273063,13.967272758483888,398487600,63.90495275235375,0.24034543615295867,0.05780990717929066,14.457405780165553,11.508498837144016,0.340211634815626,91.61538967680183
2013-05-10,14.003969085985355,14.057175824227096,13.774937275476493,13.85107707977295,334852000,61.08753192749132,0.2497288799711228,0.0961937017376571,14.547458717624103,11.497937801083172,0.3360707000966959,86.2755673417922
2013-05-13,13.806434410024783,14.001830104510775,13.806129027702436,13.90520191192627,316948800,61.92950270950153,0.25855231823438274,0.12866542503700223,14.648603660201099,11.5119227108011,0.32604429843324184,88.6975947885888
2013-05-14,13.877985649928734,13.919266145695506,13.520218087162982,13.572507858276367,447118000,54.17052588396857,0.23597910668812005,0.1501281613672258,14.693548619706139,11.52942720655729,0.33125885272604766,67.38040589244942
2013-05-15,13.428789288724728,13.485053110622722,12.91507265313659,13.113525390625,741613600,45.66954089841019,0.17899033547383603,0.15590059618854785,14.682924255485968,11.62780725086169,0.3545571636127426,40.54089785394347
2013-05-16,12.94198186572642,13.388731619095662,12.80927204311442,13.288740158081056,603204000,48.96227597468831,0.14627848380131958,0.1539761737111022,14.63512347068372,11.813540813068723,0.3706216216390639,37.89562591972753
2013-05-17,13.42542685645633,13.457228257558018,13.179576966628916,13.248377799987791,427904400,48.237031388450895,0.11576275966525351,0.14633349090193248,14.550666391560373,12.036511552622976,0.36398088373120946,32.56244327452414
2013-05-20,13.207094564379847,13.631828166025416,13.151747710337524,13.544068336486816,451578400,53.653155931960534,0.11412304412649021,0.13989140154684404,14.495378061398839,12.23515563382211,0.3722737102995439,54.489749329725235
2013-05-21,13.397906251164333,13.622045415362464,13.277121842581357,13.444079399108888,456022000,51.68380480519185,0.1035614937098277,0.13262541997944077,14.441897910571718,12.399330860637999,0.37032012904822703,47.07494310028275
2013-05-22,13.57832083886302,13.70980834664891,13.400048594294333,13.49575901031494,443038400,52.65116704348812,0.09822917682762977,0.12574617134907856,14.358801190981923,12.600326044430675,0.36599438785582344,50.907310091617354
2013-05-23,13.33063569786354,13.642840947424595,13.325743048459922,13.519915580749512,353021200,53.12361205230447,0.09485903472578627,0.11956874402442011,14.254626172035447,12.815945155174024,0.3625017815064556,52.69867115252378
2013-05-24,13.480468019979249,13.627549598652733,13.465484691446196,13.61195468902588,276166800,54.96731780235179,0.09847974644894286,0.11535094450932466,14.176374889253452,12.98805162823312,0.34818486191360426,59.523947741077656
2013-05-28,13.75720235717119,13.79420097206439,13.480468035875974,13.49850845336914,386145200,52.2399566571927,0.09114436792952318,0.11050962919336438,14.148277007846541,13.059412372799212,0.3457240100760908,51.111198521881704
2013-05-29,13.454476130444444,13.68381413971203,13.43612869776856,13.605838775634766,330576400,54.5382289478898,0.09292055727105897,0.1069918148089033,14.151243288401593,13.071984403248797,0.33872125520947516,59.07041444129102
2013-05-30,13.62724360024631,13.897862930787134,13.592384293917148,13.808573722839355,353519600,58.591597665427166,0.10942582325842842,0.10747861649880833,14.165924429892838,13.103716969490707,0.3363467824709403,80.07842390171473
2013-05-31,13.836703972901583,13.977365984867532,13.744970079222396,13.75200366973877,384302800,57.06274692955593,0.1165975707418383,0.10930240734741434,14.177062335938201,13.114410671263949,0.3289217198405257,79.05121412038537
2013-06-03,13.78258344323283,13.832426083772454,13.530312334685942,13.782278060913086,372352400,57.6988903234743,0.12330276512317973,0.11210247890256743,14.186164687583302,13.116619278481151,0.32700686478666763,83.298610070552
2013-06-04,13.858725633748024,13.895725892597095,13.680454183114657,13.739164352416992,292728800,56.41698692475532,0.12371169263453474,0.1144243216489609,14.150493451902612,13.126695039918676,0.319025782264937,79.6076647659828
2013-06-05,13.627242042561496,13.782274976543215,13.567920315431564,13.610730171203612,290589600,52.66339856027536,0.11237679582858107,0.11401481648488494,14.115321589310241,13.129655694167543,0.3115492736111309,68.61247194607805
2013-06-06,13.62173857907572,13.668523303122296,13.27253397589797,13.407383918762209,416934000,47.29780271901463,0.08599417795590014,0.108410688779088,14.037419398395318,13.13927671137641,0.31758070601207344,30.96300267459659
2013-06-07,13.347453626875769,13.55355158158186,13.233395780219078,13.509824752807615,404535600,50.05834028643475,0.07251596350137035,0.10123174372354447,13.978431147041134,13.152520162162967,0.31776464139426697,43.37077478983012
2013-06-10,13.59911270026914,13.732127925661617,13.3566268989025,13.42053508758545,450153200,47.71244108026831,0.0540068938283742,0.09178677374451043,13.938703484310848,13.149193625674505,0.3218886689203277,25.15414007134858
2013-06-11,13.324212711087544,13.53887195907816,13.250212215344447,13.38108730316162,286112400,46.67181736437174,0.03574319098149381,0.08057805719190711,13.879750210593041,13.155735438515844,0.3195151742641409,19.8518061637064
2013-06-12,13.439186570933591,13.49269868806322,13.194559049886632,13.215658187866213,265227200,42.48686267713656,0.007830067690640874,0.06602845929165387,13.884983581601006,13.114817100466865,0.31798835025788713,2.695318224294457
2013-06-13,13.225136191543603,13.367018892124753,13.110466802455518,13.330936431884766,285832400,46.112967891372634,-0.004932434711715672,0.05183628049097996,13.860589810925218,13.16095197526863,0.3136000459301263,25.431980315845358
2013-06-14,13.313815130380853,13.341030079326504,13.10282374701584,13.15022087097168,271866000,41.676868175854736,-0.029291392339546363,0.03561074592487469,13.876887144231143,13.130802713251766,0.3082147806715933,5.4196494925471255
2013-06-17,13.19272304533344,13.322986530529269,13.159698488290411,13.209846496582031,259414400,43.60458871766258,-0.043285780548107056,0.019831440630278342,13.880866975619753,13.122969751522582,0.2985398434491644,12.237573548087493
2013-06-18,13.196392909836684,13.298524488855977,13.15511241648124,13.202814102172852,195025600,43.42229530733179,-0.05431774829345848,0.005001602845530978,13.88590001390413,13.083811289806807,0.2874592883724196,11.433450647579596
2013-06-19,13.191500283988164,13.199450837126848,12.934642791748049,12.934642791748049,310940000,37.05969810787252,-0.08373460535526078,-0.012745638794627376,13.930009152938407,12.988758490036446,0.28608157566187553,0.0
2013-06-20,12.821504465129316,13.02576683423663,12.695215827430962,12.746281623840332,357310800,33.36195382648309,-0.12085372208457912,-0.03436725545261773,13.989670972062017,12.854148932265376,0.2892579636007179,4.253674991246587
2013-06-21,12.796733664871017,12.842907624173243,12.47902507818232,12.644147872924805,481118400,31.525182076666383,-0.1567058224773401,-0.05883496885756221,14.041150506271844,12.715092627273076,0.2945882909143041,11.65544574142818
2013-06-24,12.4576204745305,12.496149262464938,12.171712470138427,12.309009552001951,480746000,26.390725011684182,-0.20974393445437656,-0.08901676197692508,14.119731861576307,12.506216758266222,0.3072916560480236,8.524790644109085
2013-06-25,12.40563461731606,12.469542776933336,12.195561079296768,12.311758995056152,314162800,26.496492042426027,-0.24868843773172777,-0.12095109712788563,14.170056043938574,12.337217630072656,0.3049123733043482,8.97495115304207
2013-06-26,12.350598450825494,12.37781340295541,12.098632739958376,12.172327041625977,367724000,24.56852699007571,-0.28748923359038514,-0.15425872442038555,14.200897914511337,12.163024586099013,0.3030743939966829,4.511448966155015
2013-06-27,12.20841281283055,12.273849562107282,12.033810026686432,12.04114818572998,337246000,22.881646702245064,-0.32507689709994914,-0.18842235895629827,14.187518023908783,11.99966192299063,0.2985719040984091,0.4320839489460072
2013-06-28,11.967142692692644,12.239595069980638,11.891002087936076,12.125232696533203,578516400,26.371352488854768,-0.34411374488980684,-0.219560636143,14.141397472248915,11.883105377329944,0.30214483823742,14.214144739158883
2013-07-01,12.313597334121004,12.606538124295298,12.26864653529313,12.513273239135742,391053600,39.88975437578165,-0.3241523288492978,-0.24047897468425955,14.0376567713296,11.859945596071524,0.3149420232034682,38.8507505822432
2013-07-02,12.535900550393167,12.89274948504549,12.52091722437998,12.796732902526855,469865200,47.47612623432356,-0.28220683226386,-0.24882454620017966,13.926186969343117,11.877172253068991,0.31955161053963105,61.36317771047553
2013-07-03,12.869208210061176,12.93403499965238,12.764936475051964,12.8673734664917,240928800,49.19689860285535,-0.2404923744830434,-0.2471581118567524,13.833120985972203,11.895902565968717,0.30880496154397274,67.33465728612472
2013-07-05,12.854837596603527,12.943514421742783,12.700722399055744,12.764019012451172,274024800,46.781966783600524,-0.21331425290320993,-0.24038934006604393,13.767185005540831,11.897502055768982,0.3040897516256204,60.96553136667756
2013-07-08,12.84627498334407,12.873489121163493,12.55700279980162,12.691547393798828,298138400,45.10986717869666,-0.19537113289237773,-0.2313856986313107,13.67144456975685,11.911414755652086,0.3049752208924956,56.87620355736771
2013-07-09,12.64720575392676,12.949930993587389,12.548743664653466,12.914766311645508,352584400,50.92777861999505,-0.16128004390589723,-0.21736456768622803,13.597775355841003,11.93450709197394,0.3118475143240261,78.24259256180973
2013-07-10,12.830678404260214,12.989686235009511,12.789397901983484,12.86523151397705,281405600,49.6696416343685,-0.13668404586547211,-0.20122846332207686,13.522185361861629,11.958511507034855,0.303879001374169,85.85298664036391
2013-07-11,12.93311373864072,13.09517944420313,12.878684660456486,13.065823554992676,326292400,54.56466651344378,-0.09985437978850342,-0.1809536466153622,13.4982145250864,11.96749888052273,0.2985982105778769,97.56216232952123
2013-07-12,13.076834329443464,13.142271877671057,12.94718239525535,13.041975021362305,279563200,53.89355547291286,-0.07176373378089629,-0.15911566404846902,13.446217119132639,11.990600145424247,0.29120472999486474,91.98439400267188
2013-07-15,12.9961083841353,13.193337997029582,12.989686373812576,13.070412635803224,241917200,54.61044943890807,-0.046669044916049174,-0.13662634022198508,13.433075771732204,11.995760669307836,0.2849509366535891,90.56116318623818
2013-07-16,13.04227970859536,13.170403091386609,12.970420970560388,13.15480899810791,216538000,56.759276635105884,-0.01974364958263486,-0.11324980209411505,13.422717400768743,12.000615290423884,0.2788817355230628,97.04154675820233
2013-07-17,13.139517750057877,13.21657532562578,13.09426157104449,13.158169746398926,198990400,56.84688683749566,0.0018448383580143002,-0.09023087400368919,13.414246029068726,12.004622226546507,0.2676983083129361,95.59393796085935
2013-07-18,13.252050142149503,13.297611719740438,13.167348998253726,13.202513694763184,218878800,58.05450629074331,0.0222752810487421,-0.06772964299320293,13.455297166162925,11.990358179753823,0.258537141529263,93.2392027733192
2013-07-19,13.24348637097769,13.270395124032436,12.97592575192206,12.99427318572998,268721600,50.856968157239045,0.021416410287560694,-0.04990043233705021,13.477696458723598,11.992758043382116,0.26110372942791393,70.52003910381181
2013-07-22,13.132183015865031,13.141050535264185,13.010175420684543,13.035861015319824,207796400,52.13331043117914,0.023816991848930158,-0.03515694749985414,13.507758106208074,12.00186771013714,0.2529375594355061,66.29940008791525
2013-07-23,13.0263779609985,13.055733034033436,12.803461982059648,12.812024116516112,369395600,45.31198999973039,0.0075704357106882725,-0.026611470857745657,13.503228463167021,12.05669880962961,0.25288995175966905,35.15712148144287
2013-07-24,13.421757700386625,13.594831075648912,13.309535422104206,13.47007179260254,591936800,61.330759518611764,0.04724921135046145,-0.011839334416104236,13.588280053408962,12.087478499142307,0.29074116657203564,88.07372292840694
2013-07-25,13.475878664846457,13.49728318198485,13.326349977503709,13.408605575561523,229493600,59.57539321011853,0.07289483066210778,0.005107498599538168,13.622419153946899,12.176967251997924,0.28218345499411457,82.19790257200606
2013-07-26,13.310760520829914,13.486280246120677,13.281405439167784,13.48475170135498,200152400,61.06220758445129,0.09823117684521598,0.023732234248673732,13.617844723301186,12.325902034206138,0.2766614087054558,89.47703861676518
2013-07-29,13.478940095758196,13.759955514338332,13.460593477518676,13.692683219909668,248057600,64.86267362559775,0.13354927659594296,0.04569564271812758,13.641764284855554,12.458727524989417,0.2782828821421844,93.06869643055583
2013-07-30,13.759037123213544,13.97889604918969,13.736714820166911,13.861781120300291,309422400,67.62970897872297,0.17318751459025528,0.07119401709255313,13.75696738510927,12.478375212852157,0.2788493069377442,90.03645273142816
2013-07-31,13.912842466424951,13.98470036855688,13.74282623232076,13.837618827819824,322957600,66.81998504794656,0.2003419909453008,0.09702361186310267,13.865942021171684,12.473489169319038,0.2762082233161995,87.54853021893393
2013-08-01,13.936089689666076,13.968195663951024,13.859948232339743,13.964526176452637,206250800,68.92449492925267,0.22945742910933475,0.1235103753123491,13.989955730987873,12.459190730498943,0.2658059813744138,98.29211509422193
2013-08-02,14.00519354228886,14.153192913462226,13.963913039739726,14.143712997436523,274783600,71.6579367334555,0.2639478757367453,0.15159787539722835,14.129604921067111,12.457510938918242,0.2603398308278485,99.29764401147338
2013-08-05,14.209453207609824,14.39231184203356,14.13178487101803,14.355006217956545,318855600,74.50567066063675,0.304817652073357,0.1822418307324541,14.288182025644492,12.46527971675663,0.2603531979841115,97.65203591498391
2013-08-06,14.311282564815704,14.429620655369382,14.132398759047884,14.226580619812012,334857600,69.90792368377629,0.32311964961246886,0.21041739450845706,14.401358464767732,12.483284708450043,0.2629866764367819,87.51413137660661
2013-08-07,14.18224123791847,14.280092584362604,14.12016697884058,14.218323707580566,298858000,69.61049611400897,0.33311787520313985,0.23495749064739363,14.488312501670373,12.531639890907753,0.25562517137144214,87.00637574568532
2013-08-08,14.27773281684148,14.285120248800991,14.095820181564374,14.190009117126465,255777200,68.53369312063779,0.3348963139607086,0.25494525531005663,14.566017849428329,12.566353099363175,0.25088766393324036,85.26518093371334
2013-08-09,14.117054124764502,14.173074643961344,13.963461671606929,13.98808479309082,266865200,61.25630768240222,0.31636527216438637,0.26722925868092257,14.598307691570849,12.628674234393507,0.24914907690369006,72.84792255974011
2013-08-12,14.062266302855456,14.425164324991968,14.055186271956378,14.385458946228027,364434000,68.37362486975323,0.32994071007092884,0.27977154895892387,14.686729687458689,12.671756869548146,0.2625726808320799,96.15388225846323
2013-08-13,14.495653372042549,15.225761269757214,14.40669681287446,15.069089889526367,881941200,76.40434003739124,0.3913513909722628,0.3020875173615917,14.92614031426632,12.623774331882363,0.30383908388187325,91.94224751632255
2013-08-14,15.324871669882842,15.52094100988656,15.18697627977132,15.343955039978027,756372400,78.74165338931073,0.45693189210224716,0.3330563923097228,15.193103049641241,12.57539012586535,0.3144113722017532,92.0972021064292
2013-08-15,15.279929798502868,15.46399576888514,15.054001736350662,15.325791358947754,490294000,78.19045565335043,0.5016564709440967,0.3667764080365976,15.406492989200775,12.574327952724275,0.3212387050826621,90.52831389496086
2013-08-16,15.394747526955946,15.480625191430349,15.355042134595111,15.461849212646484,362306000,79.35618387301349,0.5418338304919477,0.4017878925276676,15.593015383969965,12.634563160646733,0.3093526427540859,96.68809943601599
2013-08-19,15.523715696224302,15.81305018626334,15.513250990248038,15.628369331359863,510518400,80.71481718074251,0.5804207304283207,0.43751446010779826,15.778237869037426,12.708591507183279,0.31234180924428373,91.07918471565523
2013-08-20,15.689010703151506,15.715481516157576,15.41537321481913,15.423068046569824,358688400,74.2285766881192,0.5876608403618473,0.4675437361586081,15.8387331488355,12.909200620390573,0.3114679872510096,80.0326788414666
2013-08-21,15.500629811968151,15.61020674771209,15.42706454653644,15.462770462036133,335879600,74.65278576896355,0.5898034457844368,0.49199567808377387,15.950528961305125,12.996674674864309,0.3025873239575279,81.0617485212771
2013-08-22,15.543410302133037,15.562186273164492,15.33471954304035,15.481233596801758,244207600,74.86002860603463,0.58623356111638,0.5108432546902951,16.03018346239818,13.124282975895277,0.2972215672551432,82.05997783657185
2013-08-23,15.490785859075126,15.493248336952744,15.3701277307593,15.421530723571776,222731600,72.78759261816481,0.5719932962200254,0.5230732629962412,16.077775745555734,13.270368594959402,0.2847857843221647,78.83207753567314
2013-08-26,15.413208741896218,15.70408339662101,15.40551391483535,15.481541633605955,330965600,73.57935385341332,0.5591051465037271,0.5302796396977384,16.131433574652554,13.395596607232212,0.2857703341409859,82.07663217897053
2013-08-27,15.328572864292967,15.46739382048101,14.968444519152024,15.038930892944336,424188800,59.76706584177279,0.5073280453740345,0.5256893208329977,16.126749847947774,13.517995311201396,0.3020079613061962,58.1464046091999
2013-08-28,14.95919999728402,15.260846736280138,14.95919999728402,15.11002254486084,307608000,61.03237015282661,0.46665155324155627,0.5138817673147094,16.109766245210714,13.662219285642555,0.30198215971261916,61.99005152596886
2013-08-29,15.133111593548676,15.282395533417096,15.117105496223386,15.134650230407717,239657600,61.48426886631565,0.4314291419763556,0.4973912422470387,16.09230902135131,13.79668891489747,0.292724361772879,61.40770907609863
2013-08-30,15.14388061733372,15.173121287083356,14.974589501178672,14.99675178527832,272297200,57.465744515323095,0.38791621853060754,0.4754962375037525,16.0713009300778,13.903000884955159,0.28599632063943653,41.95638049219518
2013-09-03,15.177744748867608,15.408596211321491,15.000758737242505,15.038618087768556,331928800,58.35565946285434,0.352743961117568,0.4509457822265156,16.063872601236454,13.978790400777703,0.29498547102541756,9.301173848713576
2013-09-04,15.376585679959142,15.459077014735598,15.2756257678798,15.34980583190918,345032800,64.3295918806789,0.3459915685331847,0.4299549394878494,16.05899766638744,14.095987856836436,0.3039478607355336,45.74641309057788
2013-09-05,15.3978182992445,15.411054518924306,15.194359915020716,15.244531631469728,236367600,61.13455956990512,0.32836036668947166,0.40963602492817386,16.024758608584808,14.232847707027986,0.29771548524753766,33.41706049474433
2013-09-06,15.342119812360872,15.371051464551163,15.08079466395207,15.335347175598145,359525600,62.84875657987819,0.31804929336131593,0.3913186786148023,15.968607502042143,14.403532619417817,0.2971827220583631,44.05306494852045
2013-09-09,15.54403047495066,15.633909248120665,15.497245052403448,15.58004379272461,340687200,67.06398101689336,0.32586628179679167,0.3782281992512002,15.828005790961729,14.70333023046161,0.29728124709151715,82.0916259285703
2013-09-10,15.580961109367138,15.61943688821093,15.066931542399129,15.225141525268556,743195600,56.96809302861902,0.29996583508396846,0.3625757264177539,15.689802291430937,14.925501987896457,0.31551153985725167,35.702437216515584
2013-09-11,14.37468606605837,14.580297934685133,14.30696960206564,14.396233558654783,898696400,41.32166442480722,0.21013133579181087,0.3320868482925653,15.825527630946734,14.7224910152935,0.35855871009622764,6.389168651616601
2013-09-12,14.420543576448804,14.632926349897536,14.343899432051035,14.54951286315918,404051200,44.36462583492053,0.14958093088472424,0.29558566481099713,15.872255190203127,14.596319238355221,0.35359215350696144,17.360308232496433
2013-09-13,14.446403275682805,14.523045804613728,14.303584565232237,14.309739112854004,298835600,40.80024403549585,0.08130927823078515,0.25273038749495474,15.941329605147665,14.425639598801311,0.3459018781083887,0.4394539633898885
2013-09-16,14.189698108628656,14.208472438612135,13.76554553932757,13.85480785369873,543706800,35.04683757831492,-0.009397322478912784,0.20030484550018127,16.053127429351857,14.153137638702342,0.360065570638249,4.7775662710137246
2013-09-17,13.788324822258096,14.149993335932956,13.774166400938174,14.014867782592772,399380800,38.341254097182585,-0.06758834212625864,0.1467262079748933,16.055093943703977,13.989820969473511,0.3611913823780014,13.34441694043906
2013-09-18,14.25679646086794,14.354370033597602,14.179230097965132,14.302967071533203,456862000,43.86063020623486,-0.08942707985897513,0.09949555040811961,16.028679690845443,13.904225124828386,0.35964215870848926,28.76428875578998
2013-09-19,14.488266793896315,14.646169421752598,14.4436348123757,14.537514686584473,404541200,47.94592633714754,-0.08680773893483007,0.062234892539529685,15.971945379078608,13.868433859050054,0.35846788667355395,41.31792667689797
2013-09-20,14.712962659059023,14.72989095505912,14.343599339021944,14.38700008392334,699302800,45.65014525937255,-0.09577314966028005,0.030633284099567736,15.908152312059293,13.822803574781528,0.3604552959138127,33.26196830258547
2013-09-23,15.27008014287506,15.295012301682863,14.85454635453495,15.102020263671877,762106800,56.344252460734644,-0.044667253130077356,0.01557317665363872,15.865760775847525,13.833244065003305,0.39956650461707777,71.53182852216864
2013-09-24,15.232536343199284,15.25069588071447,15.015228471214124,15.05462646484375,364344400,55.563836264799214,-0.007898694180964227,0.010878802486718131,15.805715322724899,13.85059800124971,0.3878451406801684,68.99518115500575
2013-09-25,15.057699670470711,15.071241646870796,14.818536991853527,14.821614265441896,316957200,51.76741047236519,0.0024107271993152324,0.009185187429237553,15.789803056789662,13.844778604434705,0.3781922488471041,56.52372293168304
2013-09-26,14.959200959104187,15.037996909626024,14.894561780933792,14.965971946716309,237221600,53.87026659345642,0.021976148984112598,0.011743379740212563,15.775580466643891,13.844596134766022,0.3666344199426058,64.25014582220594
2013-09-27,14.890871207475689,14.91826584995112,14.796683938953954,14.85916805267334,228040400,52.061761601040565,0.028534773946162773,0.015101658581402605,15.750099524187533,13.84252885944894,0.3525382476440164,58.990647645261596
2013-09-30,14.689875816692783,14.825616136968822,14.60245954358786,14.67448616027832,260156400,48.99855843400764,0.01861565651516095,0.015804458168154276,15.730611322736229,13.829790498400245,0.34569326631840663,59.428595855919895
2013-10-01,14.72681146722725,15.055852910986555,14.724656389278104,15.019532203674316,353883600,54.39721530789794,0.03815716447955353,0.020274999430434128,15.728602252320595,13.829890980406457,0.3482413723462516,81.98848743961436
2013-10-02,14.947817322322564,15.13773051860805,14.889950756619788,15.068782806396484,289184000,55.12735196681358,0.05696144627018107,0.027612288798383518,15.686910831198125,13.843480098977656,0.3410655430349666,85.20860336069033
2013-10-03,15.098022286037075,15.154659252573424,14.797300936288812,14.879483222961426,322753200,51.700981110189126,0.055944190917362135,0.033278669222179244,15.642786286442982,13.85109980288197,0.3422293125527984,72.83176797634057
2013-10-04,14.893339101828577,14.91611619779117,14.73143530863775,14.867792129516602,258868400,51.48813556813336,0.05357703250667889,0.037338341879079175,15.578211600822058,13.868918983894737,0.3309758537385572,71.90904272700662
2013-10-07,14.97644009424771,15.16389077457702,14.939195548293757,15.013068199157717,312292400,54.02120443856405,0.06270083095963308,0.04241083969518996,15.463492769186628,13.926940256173479,0.3284846245472615,74.73126013430553
2013-10-08,15.080476712530082,15.102024205307195,14.791143923111427,14.80345630645752,290917200,49.96714520092969,0.05241339009102397,0.04441134977435676,15.403325655119703,13.944938848359302,0.32722717152215486,48.33410784623366
2013-10-09,14.917339100105998,15.014296225054862,14.721577171112234,14.977360725402832,301725200,53.11109294366737,0.05762884288657055,0.04705484839679952,15.432069327660281,13.974307892493526,0.3247623059807601,66.61264994838615
2013-10-10,15.122954339374337,15.155579687497504,14.99121348940774,15.071242332458496,278602800,54.763670956745884,0.06854741594864322,0.051353361907168264,15.472207531079409,13.98634263600433,0.314294924274611,67.68910864785394
2013-10-11,14.989674559091428,15.200518764482664,14.933346642685793,15.168815612792969,267738800,56.48043831489658,0.08410430990203466,0.05790355150614154,15.512362719646191,14.032095097431444,0.3109290098119153,87.36876302176356
2013-10-14,15.077094580139136,15.315640883248408,15.062319717634598,15.26823902130127,261898000,58.22036581081962,0.10326551798126005,0.06697594480116525,15.476439571175725,14.209361362662165,0.30681416379776494,93.35346295379794
2013-10-15,15.31348543325914,15.451689901446189,15.252234194004224,15.349498748779297,320073600,59.640608762182396,0.12358330293637465,0.07829741642820714,15.450286148474696,14.368977881981849,0.2991457026294935,87.96661568663094
2013-10-16,15.414440751882672,15.467998789273114,15.366424108066497,15.424290657043455,251101200,60.95617964061722,0.144059744766313,0.09144988209582831,15.472996626457654,14.458399762549913,0.2862424410483738,94.95018481859194
2013-10-17,15.389515965038854,15.537261325564684,15.380282496447276,15.528642654418944,253593200,62.77917864882246,0.1667852104377694,0.10651694776421652,15.539783290943875,14.49072589484714,0.2770093259104477,99.07802153227455
2013-10-18,15.57450168150815,15.675152544203137,15.565883012689293,15.663763999938965,290542000,65.05445337673419,0.19346828705446484,0.1239072156222662,15.592332981717792,14.565852595674787,0.2676879376157152,98.80570067290463
2013-10-21,15.752410840552477,16.13808762335857,15.74471601182882,16.04759407043457,398106800,70.55983947801437,0.24278798761073261,0.1476833700199595,15.79820904980953,14.454533908259316,0.2824476294588501,93.61151534176881
2013-10-22,16.203033314579265,16.26582482307769,15.637291653188583,16.00172996520996,534063600,69.1578142906199,0.27500328891056824,0.17314735379808124,15.949713910782988,14.39773939732248,0.30716802520386843,82.89815383357717
2013-10-23,15.974952157019416,16.180258289843028,15.974952157019416,16.158403396606445,313723200,71.25874204200025,0.309607422189524,0.20043936747636978,16.11313002188078,14.368002199341143,0.2998921757481358,93.04376947994561
2013-10-24,16.1596339861485,16.389563234657672,16.081145415598307,16.372325897216797,384764800,73.87547917833369,0.3502556756939246,0.23040262911988074,16.30804648181709,14.313721134454884,0.30050115027036645,98.96657784992307
2013-10-25,16.354167133082367,16.412957541931927,16.16302268753327,16.189186096191406,337792000,68.15462822363332,0.36350163746664066,0.2570224307892327,16.42388303431131,14.330886386312471,0.29688927199381576,86.76989223706819
2013-10-28,16.283987055161653,16.34431774094494,16.104538566487044,16.309843063354492,550440800,69.81319087379299,0.37936211615096127,0.28149036786157844,16.529685784491733,14.388619326439663,0.2928099793126787,93.90353108287151
2013-10-29,16.506520905960226,16.598245662984944,15.837666127881732,15.903534889221191,635807200,58.722084735474034,0.3550531540365789,0.29620292509657853,16.570452368515706,14.436253010970377,0.32622209044057393,58.27309853068891
2013-10-30,15.99373327739279,16.237204567410792,15.914011803957305,16.15656089782715,354163600,62.696566169681056,0.3521458920518672,0.30739151848763624,16.642322533213754,14.473160655415397,0.32675406099407583,73.47077752028271
2013-10-31,16.15962821536776,16.236270722886612,16.04481733143161,16.08883285522461,275696400,61.00338020279706,0.34045225727444617,0.3140036662449982,16.67813929153658,14.558278860318886,0.3170897274555706,66.83350461638716
2013-11-01,16.129475567763738,16.153483903500632,15.877692975513629,16.006662368774414,274890000,58.924225500795544,0.32085586920181264,0.3153741068363611,16.686594122010906,14.663711053770346,0.31413981320781587,56.04916393034066
2013-11-04,16.039588462475507,16.21565223970424,15.969102129402442,16.213497161865234,244627600,62.398253713662235,0.3183457381754913,0.3159684331041871,16.723391362249632,14.746956709802367,0.30931197728595755,68.76588986582706
2013-11-05,16.146706600514648,16.279369658484743,16.09807350670097,16.173484802246094,265213200,61.31784100095983,0.3095593704994908,0.31468662058324787,16.706174161150916,14.901176760479945,0.3001679897500872,65.12531147010566
2013-11-06,16.22766848158481,16.24965097729856,16.043456986288486,16.127668380737305,223375600,60.03598114159826,0.29549285085520616,0.3108478666376396,16.685161784512385,15.037219902651925,0.29345556126865774,54.417444091679045
2013-11-07,16.086179019426794,16.19794333172131,15.86326712815363,15.866671562194824,262620400,53.211663119903555,0.2602843744313077,0.30073516819637325,16.636422710055207,15.165501900082731,0.2963998928614449,23.870019446076256
2013-11-08,15.931381114340438,16.134169008441123,15.869770605151556,16.11652183532715,279316800,58.11948666160985,0.24966425800226943,0.2905209861575525,16.602854954025954,15.293840278365405,0.2943354323889345,49.87025156803504
2013-11-11,16.098874931446595,16.15088721795743,15.926118478780689,16.069772720336914,227452400,56.916481137105556,0.2347692031027826,0.2793706295465985,16.560563013456385,15.416285588838536,0.2893663828737778,30.51707043678011
2013-11-12,16.027040178119602,16.220540606618655,16.006297773454772,16.0994873046875,204276800,57.51838594237585,0.22279424997470798,0.26805535363222044,16.51385444914782,15.53799300873792,0.2840004150373568,34.423905025296044
2013-11-13,16.03725944943332,16.168840225646466,16.0050603537312,16.118684768676758,197220800,57.927340911736906,0.2124046200076979,0.2569252069073159,16.45890173204791,15.662385137001163,0.27541323338577894,36.94796241880095
2013-11-14,16.18617946220257,16.38649047939096,16.157077254873247,16.351816177368164,282419200,62.631882482906974,0.2204414083906059,0.24962844720397392,16.433074599415644,15.770529621928352,0.27486983890923783,67.59977435057611
2013-11-15,16.302892135334574,16.380600501480814,16.23818642018144,16.253665924072266,317920400,59.60977337243178,0.21639623482779413,0.24298200472873796,16.396888091671347,15.865706322085982,0.2654087133656762,54.69510774229308
2013-11-18,16.253673095376254,16.321784926675427,16.04345465989107,16.056766510009766,244944000,53.98241390535359,0.19505380957755136,0.23339636569850067,16.39676918063481,15.866742477080034,0.26633168146701064,36.98217623478453
2013-11-19,16.06915320846923,16.203829271037026,16.036335714855255,16.08525276184082,208938800,54.64944391470521,0.17838210835003743,0.22239351422880801,16.39488100699703,15.876982930380901,0.2592718153752078,42.42655324198227
2013-11-20,16.075343432990508,16.112187050647226,15.923640254782743,15.944382667541504,193916800,50.73309751600739,0.1520498892293869,0.2083247892289238,16.39761042646627,15.852851438005164,0.2542200282672989,15.50304266735222
2013-11-21,16.024875510508842,16.13664146088981,15.903203799302792,16.13447380065918,262026800,55.379894328677494,0.14485043598778802,0.19562991858069667,16.359832108720653,15.866844546095024,0.2527355735044216,51.833824286357554
2013-11-22,16.08431426056753,16.166048754072957,16.053664445542953,16.09298324584961,223725600,54.1787384285128,0.1342493336514412,0.1833538015948456,16.352531990283023,15.864524379498475,0.24271048314910604,43.904026292546206
2013-11-25,16.130758268508856,16.280913793383952,16.13013988184707,16.214969635009766,229311600,57.12326692145522,0.13414482772375713,0.1735120068206279,16.33464417675078,15.872924850196242,0.23879763060519438,67.21842708748017
2013-11-26,16.226741008061744,16.598880973988155,16.223027379575182,16.514049530029297,401382800,63.34293165341964,0.15639245911845023,0.17008809728019236,16.410654020766728,15.857966470261104,0.24916289548899404,88.46793811192875
2013-11-27,16.604142874659278,16.90414484508113,16.514048533433666,16.90290641784668,363448400,69.5314221781366,0.20306061198441938,0.1766826002210378,16.612948825378457,15.730306217651329,0.25922956807174197,99.88027280778613
2013-11-29,17.011879880991454,17.285874775121627,16.96017680372819,17.215906143188477,318127600,73.42101575713015,0.2622785376248018,0.1938017877017906,16.867928472558766,15.588033899267408,0.26806805301482806,94.93960362538787
2013-12-02,17.2756651829659,17.47164092406666,17.053373275831024,17.06606674194336,472544800,68.88726403409082,0.2937324184388821,0.21378791384920892,17.012578001181264,15.5493248079618,0.27879659553059993,74.14150840223449
2013-12-03,17.284944416599263,17.535101646064533,17.265749629746676,17.53324317932129,450968000,74.23028160836982,0.35229603039529067,0.2414895371584253,17.26679752205232,15.427079888836355,0.29238504614421235,99.88611623289219
2013-12-04,17.50785774298155,17.622100547288724,17.36296511577453,17.49237823486328,377809600,73.04856121197915,0.3909045509696689,0.27137253992067406,17.46060146054343,15.365165293606966,0.29001007367063975,92.45316435804295
2013-12-05,17.729228924111105,17.806318954982064,17.536039230026645,17.582168579101562,447580000,74.02696848584256,0.42386140166125585,0.30187031226879046,17.645847869052808,15.325368904934011,0.2917194055597928,88.22192260875057
2013-12-06,17.5168389905481,17.546561238641424,17.32426937848551,17.338199615478516,344352400,66.91853697063414,0.4253900550860301,0.3265742608322384,17.740602192960925,15.377767386354261,0.28930367663523987,75.40246904625882
2013-12-09,17.36544470859778,17.634176750021734,17.36544470859778,17.536653518676758,320493600,69.48539210869843,0.43757104870717,0.34877361840722476,17.868905015522454,15.391477732127695,0.28978035220009546,85.83031428757364
2013-12-10,17.44842228725518,17.58155074298744,17.374736688992623,17.50941276550293,278269600,68.69743725109429,0.4399549460351402,0.36700988393280787,17.970723113674616,15.43362363849213,0.28385418804257545,84.39893725857273
2013-12-11,17.55430125889228,17.67721307408181,17.32798492091951,17.37968635559082,359718800,64.92178285758955,0.42646039476309383,0.37889998609886505,18.035881629368,15.496485027889081,0.2885237569796987,77.58240755331659
2013-12-12,17.403840452110927,17.502911329480096,17.33851465195107,17.35430335998535,262290000,64.17852317468095,0.4090029387636136,0.3849205766318148,18.08518998860722,15.570738527780719,0.27965753701893636,74.2096578326
2013-12-13,17.425813661279562,17.42674289471001,17.141602160225062,17.165130615234375,332822000,58.77766422209042,0.3755737393107914,0.3830512091676101,18.11356233423907,15.623697625935492,0.2800491939807943,61.74702631572286
2013-12-16,17.1834022549298,17.419316826607528,17.183093061519997,17.260181427001953,282592800,60.57301230404663,0.3526851294040192,0.37697799321489195,18.140369669555994,15.697541840911532,0.27820183808024845,65.50619377610457
2013-12-17,17.20785151558399,17.320235824480342,17.13261834743491,17.182464599609375,229902400,58.33585982647004,0.324533621116359,0.3664891187951854,18.131368823253144,15.819112496174347,0.27173152657776156,51.72416353651529
2013-12-18,17.018695975680874,17.072875924215396,16.6812320127903,17.051822662353516,565863200,54.679939907635244,0.28835762821967137,0.3508628206800826,18.101195888881236,15.945942420597525,0.2881244594521411,32.93884549413344
2013-12-19,17.012500968632967,17.0279804789044,16.833861599989948,16.856462478637695,320308800,49.667266015579116,0.24114419886494076,0.32891909631705424,18.024795150957047,16.113551139631333,0.2831127882315287,15.574837754852226
2013-12-20,16.886498468415287,17.07783135157816,16.867612865557593,16.997644424438477,436413600,53.01915796942352,0.2126679157151159,0.3056688601966666,17.962342704382777,16.262320648583533,0.27870250856788115,28.123374272905394
2013-12-23,17.58526169717196,17.669473088047873,17.4230327044724,17.64996910095215,501306400,64.71231911860733,0.2399711676049172,0.29252932167831674,17.92441692448231,16.455945013994253,0.30678294821370367,86.10330916068291
2013-12-24,17.643776763647697,17.70538727219746,17.52427102787262,17.57504653930664,167554800,62.77962403149032,0.2526511615456606,0.2845536896517855,17.85029619830417,16.666073430602076,0.2978067550787849,79.4440405445569
2013-12-26,17.588359796941134,17.631704749191986,17.44222869337714,17.458328247070312,204008000,59.784098315626586,0.25039555329752616,0.27772206238093367,17.788168705117695,16.82262879549266,0.29006884798850363,75.87679964948293
2013-12-27,17.45585144886175,17.47411701014563,17.322104616938777,17.340370178222656,225884400,56.83271151045392,0.2363650678013407,0.2694506634650151,17.771349132901104,16.883194743746845,0.2802076726469572,64.35920329246797
2013-12-30,17.25894271235066,17.34036639017535,17.099807330642108,17.167919158935547,253629600,52.733942146577064,0.20892212671104105,0.2573449561142203,17.77199142777585,16.87775375044681,0.27737589942792795,47.520836482055444
2013-12-31,17.157090107162126,17.37721437171445,17.151825550760275,17.369165420532227,223084400,56.66194056831423,0.20109420083648288,0.24609480505867284,17.770446025238023,16.90960902084352,0.27366253667980284,67.17081237664517
2014-01-02,17.203835954895617,17.24563162992739,17.090522354085525,17.124887466430664,234684800,51.10972173766592,0.17318297823337048,0.23151243969361238,17.7501786751186,16.889040799673882,0.27401828880600987,43.319159821253834
2014-01-03,17.11652855299282,17.14253386778468,16.731695198347467,16.74872398376465,392467600,43.9653689116247,0.1193342726965092,0.20907680629419176,17.774257366973224,16.790596682709392,0.28379117313681024,6.5900136092077215
2014-01-06,16.639431468734855,16.92890588081759,16.52023495544879,16.840051651000977,412610800,45.94114021954722,0.08307057916145055,0.18387556086764353,17.75363630057565,16.737006056296906,0.2927111554390954,26.98528206311643
2014-01-07,16.852130045802337,16.90290390141492,16.65398667811166,16.719621658325195,317209200,43.750456288295084,0.04410522920786519,0.15592149453568788,17.771816223571403,16.656968337585827,0.2895830174293928,16.82371962309461
2014-01-08,16.68153922852724,16.890519241447546,16.677825600903287,16.825504302978516,258529600,46.180383986194194,0.021520676205661005,0.1290413308696825,17.740415632039884,16.617254007547515,0.2840909190804547,25.757815532707074
2014-01-09,16.928908959333334,16.9307674266006,16.5744179021868,16.610641479492188,279148800,42.19679104271146,-0.013559078318692741,0.10052124903200746,17.727049150274482,16.540743360711843,0.2892522480328366,7.628262018794225
2014-01-10,16.713117210071836,16.743148650041576,16.44314675060042,16.49980354309082,304976000,40.267134669476775,-0.049730469772139685,0.07047090527117802,17.734579969992968,16.44522425974336,0.290020080276288,4.488589260208199
2014-01-13,16.40598900459235,16.795774220528415,16.40505977139947,16.5861759185791,378492800,42.474783202703144,-0.07061304600273033,0.04225411501639636,17.72089867775529,16.38209280784041,0.29721253519433505,13.9285024017784
2014-01-14,16.66327632553013,16.92674551594376,16.645938344465797,16.91621971130371,332561600,50.06877607691637,-0.05984105193752498,0.021835081625612093,17.70881296202248,16.36928743318016,0.30030946820650106,39.310092233729705
2014-01-15,17.13695844851925,17.343770766881416,17.079372428180925,17.255844116210938,391638800,56.44113821702004,-0.023626961017054526,0.012742673097078772,17.70829736038525,16.369369303738285,0.3093981530187299,69.35864575441781
2014-01-16,17.179687091401213,17.24005917187927,17.079994537506877,17.159563064575195,229278000,54.32448142520987,-0.0026653843749002704,0.009661061602682965,17.70619553324089,16.369180977379227,0.29985896913911064,70.57651038971893
2014-01-17,17.07380409982511,17.09206965934562,16.715286897291293,16.739126205444336,426739600,46.18016238660225,-0.019751244607299157,0.0037786003606865405,17.703666838948795,16.340440025980403,0.31017448329231007,34.36350904852256
2014-01-21,16.74902832901031,17.030144576199053,16.73138116189225,16.99918556213379,328526800,51.066892655601855,-0.01216704118329659,0.0005894720518899144,17.70647815175867,16.35190102152014,0.30935940693620234,61.11433207658749
2014-01-22,17.056153516773982,17.253676811346512,16.960177916526565,17.074729919433594,379985200,52.418432823194074,-6.001522680776361e-05,0.0004595745961503788,17.71045390872068,16.35563381405764,0.3082265132136127,71.33933140841788
2014-01-23,17.02611925782344,17.22921626625948,16.867294761642924,17.219308853149414,403239200,54.98119214873928,0.020959592587967535,0.00455957819451381,17.63127740124027,16.39174429675778,0.31206186974239447,86.7411893190724
2014-01-24,17.151822185901402,17.201977657812392,16.865442939975136,16.90631103515625,429354800,48.8473692140183,0.012220603627572046,0.006091783281125458,17.53921190645545,16.41693624112756,0.3150478728446719,53.397825972990965
2014-01-27,17.030147089686725,17.176587348360275,16.8964002932038,17.043458938598633,554878800,51.405578356923165,0.016175124760817283,0.008108451577063823,17.47250757374477,16.442153642991066,0.3125578144383721,68.00806321347082
2014-01-28,15.751188682729175,15.94437828681617,15.5440655382442,15.681220054626465,1065523200,33.48996855226207,-0.08957956452300664,-0.011429151642950268,17.61489703883171,16.133849165544508,0.39733178486094795,7.620943374494862
2014-01-29,15.602272062466623,15.708155067908642,15.43725542064264,15.503199577331545,502810000,31.924147850217494,-0.18561601654356963,-0.046266524623074144,17.73817322669269,15.844101019523128,0.3883009178898804,3.458884126949293
2014-01-30,15.558623919108369,15.68122655932181,15.37781850697108,15.473174095153809,678501600,31.655317266974848,-0.2611381639522783,-0.08924085248891497,17.770761587336715,15.621913526341267,0.38223714177994117,4.850351156903363
2014-01-31,15.33075060680567,15.527346280904307,15.280285963369831,15.498553276062012,464797200,32.17521756279534,-0.3153074540268008,-0.13445417279649213,17.793969732472465,15.436071962168649,0.37258165433383655,10.5776069841047
2014-02-03,15.560786996830249,15.71930232596418,15.4583100690211,15.527349472045898,401464000,32.79985462327737,-0.3518574012257645,-0.1779348184823466,17.826553018990435,15.2813512244788,0.36461098309163964,11.973119853154286
2014-02-04,15.661093373571155,15.772859308799672,15.56542698434122,15.752115249633787,376681200,37.62829326128758,-0.35855359524956043,-0.21405857383578936,17.81301566555848,15.186094937774035,0.35610375835322067,22.865653551749414
2014-02-05,15.683077002773611,15.95304741082636,15.673478782445422,15.869765281677246,328344800,40.056174856052614,-0.35032863250975765,-0.24131258557058302,17.79530088348157,15.118824082186155,0.35063696335520045,29.871392122437808
2014-02-06,15.885964167730322,15.99310473661654,15.815886088650862,15.96226978302002,257765200,41.96891539368627,-0.3325129478343065,-0.2595526580233277,17.757775855178025,15.070025658493847,0.33824994082737747,34.55898360679167
2014-02-07,16.238528571849777,16.28680362092123,16.11394790736459,16.18558120727539,370280400,46.4141481592569,-0.2969514522324914,-0.2670324168651605,17.736866586838325,15.04842889961187,0.3372702191897941,45.87511109792362
2014-02-10,16.15381476250234,16.56898222270501,16.13325923354115,16.47554588317871,345559200,51.59868340128507,-0.24257473421334197,-0.2621408803347968,17.735290329996108,15.047579390462875,0.3443025599022274,60.56883870898563
2014-02-11,16.526006340187063,16.74838302946858,16.491433853320014,16.69263458251953,282256800,55.10113288835852,-0.1798898909835316,-0.24569068246454379,17.744698230791446,15.04881735606158,0.3391978875013448,72.46788748964659
2014-02-12,16.72346607175887,16.804755069714137,16.607917298254,16.69138526916504,308100800,55.07643275159438,-0.12882746739890294,-0.22231803945141565,17.718886821416273,15.052145321222886,0.32902930778411554,73.43005695846209
2014-02-13,16.652139406725034,16.96951092412663,16.637813077720505,16.956430435180664,307398000,59.24993214658918,-0.06620997166156073,-0.1910964258934447,17.669039111735227,15.072051662800908,0.3292199176856877,88.39019393635465
2014-02-14,16.895378263807505,17.004699442565002,16.856136810925044,16.942718505859375,272924400,58.94483703249899,-0.01748997965751542,-0.15637513664625885,17.633850170488817,15.085556148175735,0.31631582582527845,96.40568010785006
2014-02-18,17.00532546369716,17.166968617016114,16.99317810880224,17.005014419555664,260251600,59.95375277139208,0.02584974485313296,-0.11993016034638049,17.669171723883725,15.07682341619196,0.30973970334895423,91.41592799682289
2014-02-19,16.96639145512673,17.033043050730974,16.642481433665004,16.736539840698242,313768000,53.81577883929477,0.03809400996141932,-0.08832532628482054,17.63446926940652,15.085261298525612,0.31551269718588393,77.18594722403333
2014-02-20,16.600123128681496,16.725016487519166,16.475853521402893,16.542816162109375,305858000,49.84991914107764,0.03179923464644574,-0.06430041409856728,17.566597634000217,15.09994155819949,0.31159652733656,66.91799473003712
2014-02-21,16.593901087791025,16.649340150275346,16.33882152018765,16.359066009521484,278784800,46.3601086364437,0.011846914353952798,-0.04907094840806327,17.451365340061308,15.129149567775604,0.31151953467592686,52.7171412660157
2014-02-24,16.293660957627477,16.50451401357144,16.27092478895554,16.43069839477539,288909600,47.891589590417205,0.0017940113603920338,-0.03889795645437221,17.39343883118093,15.139514812617898,0.3059530839573536,54.027406642498256
2014-02-25,16.487694060214654,16.49361055318722,16.226696380902993,16.25971031188965,231952000,44.61694160728769,-0.019742714250639892,-0.03506690801362575,17.293353226879308,15.16122555424862,0.30316459026641607,39.252461976933425
2014-02-26,16.307982092011887,16.351273779293553,16.058508067911795,16.113012313842773,276217200,41.96573696927035,-0.0480936334282589,-0.03767225309655238,17.28546071305998,15.21229729398958,0.3024218132032262,21.991715454378717
2014-02-27,16.106470830000458,16.46900188171948,16.072522112539044,16.434431076049805,301882000,49.102072671024644,-0.044117573309556235,-0.03896131713915315,17.272968604963104,15.31791255195828,0.30914023863016965,33.91397271123188
2014-02-28,16.478347704008655,16.59265227374235,16.261576539261796,16.389896392822266,371968800,48.21735238782773,-0.04405228642776038,-0.03997951099687459,17.239191903862793,15.443361482825441,0.3107070597623399,29.896266960357398
2014-03-03,16.302067534695183,16.52724856308716,16.283068888625312,16.437238693237305,238781200,49.26389981502542,-0.039722521613441586,-0.03992811312018799,17.194066524834042,15.582355403571716,0.30595510366944756,34.16726248232646
2014-03-04,16.53814468227884,16.589222447389997,16.43754437253259,16.545618057250977,259140000,51.671898904260715,-0.027231930152545658,-0.03738887652665953,17.13747072068468,15.740778066241594,0.2949571501325364,43.944729447772076
2014-03-05,16.535656794290585,16.654941400486564,16.479905038280926,16.58050537109375,200062800,52.45417000509233,-0.014352485252395297,-0.03278159827180668,17.101275483699812,15.859812315372455,0.28639137956632943,47.092095754219685
2014-03-06,16.59389352476443,16.645283998627303,16.44782255655852,16.530357360839844,185488800,51.17195624718065,-0.00809860205740165,-0.02784499902892568,17.063754973870033,15.963392033118497,0.2800392411736475,42.56798253301141
2014-03-07,16.54094493127066,16.568664445020676,16.383972476928225,16.520700454711914,220729600,50.91385779187521,-0.0038768957460924014,-0.023051378372359026,17.026717959175624,16.05627211498209,0.2732287216678478,41.69678272930772
2014-03-10,16.455925780529558,16.610717668694633,16.45530202881765,16.53565788269043,178584000,51.32337993948776,0.000668075199762086,-0.018307487657934805,17.014509650386074,16.103488091313146,0.26481350153992905,48.96179441381508
2014-03-11,16.67673685720661,16.779203408475592,16.58766016905656,16.69666862487793,279224400,55.6160459309355,0.017065498249788646,-0.011232890476390115,17.027765932675525,16.112344083193616,0.2632943604145886,88.54789549033359
2014-03-12,16.64746744857473,16.735918759120853,16.5692922385336,16.712871551513672,199326400,56.03621593624763,0.031010544664489714,-0.0027842034482141497,17.030006587950542,16.112127124818013,0.25638951471263616,90.79613073257434
2014-03-13,16.73872130376807,16.807862918977804,16.480837450272183,16.527244567871094,257742800,50.17583326937295,0.02677490376247249,0.0031276179939231786,17.018599527909675,16.107120114729486,0.26143493999784934,62.55200714220888
2014-03-14,16.469319682449026,16.534725464696976,16.288988878257694,16.341625213623047,237199200,45.096919019064345,0.008344012645519427,0.004170896924242429,16.95804675473646,16.10619236574694,0.26031362902938027,37.781452313079456
2014-03-17,16.435364323642332,16.506062812180648,16.377744656282655,16.40546417236328,199544800,47.08089318619331,-0.0010986661664915687,0.0031169843060956295,16.887696206078434,16.122817481055353,0.2534653411385389,46.30064167302275
2014-03-18,16.37930126308291,16.568352850567365,16.357499901479162,16.550600051879883,209647200,51.382271474741685,0.003093535023896976,0.003112294449655899,16.785749829357517,16.179322421008695,0.2504215988492292,65.01447154227168
2014-03-19,16.577387753119005,16.701344646378598,16.475852648047482,16.546241760253906,224756000,51.2475631195583,0.005995099188382369,0.003688855397401193,16.753786328780567,16.19225611354121,0.24864091309793537,52.10915584973874
2014-03-20,16.50357899409172,16.590164058411897,16.424470634489992,16.466516494750977,208398400,48.730762502704174,0.0018402339872345408,0.003319131115367863,16.748045132078765,16.19036734350717,0.2427160924425046,34.956115259628035
2014-03-21,16.56710955202298,16.623794431556895,16.392696969104243,16.596385955810547,374046400,52.797415520276054,0.008923983398641866,0.004440101572022664,16.76037423560415,16.201770234610695,0.24188619030037228,59.24310206890237
2014-03-24,16.76924424030296,16.834026250473787,16.664595354126934,16.79322624206543,355700800,58.20823015982869,0.030074590719667782,0.009566999401551687,16.81001314782775,16.188384107116097,0.24158291204057714,92.51427324286648
2014-03-25,16.86517163373829,16.99753837314869,16.80568236602931,16.973867416381836,282293200,62.46095726495168,0.06071297115061469,0.01979619375136429,16.89071000659082,16.17910295880225,0.23892071340076876,96.6592373662626
2014-03-26,17.02152343689885,17.0987638569097,16.782950888238172,16.811603546142578,299768000,56.863390660248534,0.07108138815121023,0.030053232631333478,16.886229134557652,16.25344295406539,0.24441301734868004,64.53825836343535
2014-03-27,16.81907381333131,16.86516988224799,16.66646260836955,16.739341735839844,222031600,54.52013721333771,0.07263027257879529,0.038568640620825836,16.90338164737608,16.26678150722597,0.24114832138652006,55.614568176931265
2014-03-28,16.76612967475564,16.78543936214901,16.639368371752692,16.720657348632812,200564000,53.90163232779863,0.0715255981784324,0.04516003213234715,16.91147844945966,16.29176080072344,0.23435708345864847,53.30721271404276
2014-03-31,16.79447422295311,16.843684072626644,16.691693251818176,16.716922760009766,168669200,53.77032847241375,0.06954709010362592,0.050037443726602904,16.91941190348956,16.311795753370788,0.2284737789836356,52.846024270153855
2014-04-01,16.748686683267227,16.87669548012874,16.71785339453658,16.869842529296875,200760000,58.254579800160094,0.0794031455425177,0.05591058408978587,16.95394779001344,16.309682314051503,0.22356656049330256,71.73025424990304
2014-04-02,16.8925804280899,16.926840195760104,16.82655257270143,16.89787483215332,180420800,59.03894815520078,0.08845644224766502,0.0624197557213617,16.989820488634155,16.30554656153674,0.21476092210511474,75.19199406595779
2014-04-03,16.86174920050705,16.896320016569177,16.74495459930255,16.780771255493164,162344000,54.437393191227194,0.08519983449393465,0.0669757714758763,17.002590779721512,16.31781765991472,0.2103437300155188,57.10129986937783
2014-04-04,16.81254028354557,16.818456776981975,16.525068895401944,16.563688278198242,275251200,47.10751890167991,0.0643602623158408,0.0664526696438692,17.001577887609834,16.323129334375032,0.2162754551272697,27.815783461280386
2014-04-07,16.445338440080423,16.535037280011434,16.254418816401724,16.303627014160156,289850400,40.13544650403581,0.026553883993035043,0.058472912513702374,17.022529680571804,16.278974454560032,0.22291788417507316,5.827972617548316
2014-04-08,16.35719476133207,16.386160127014318,16.155060953257912,16.302690505981445,243888400,40.11242301478176,-0.0034438134535399456,0.04608956732025392,17.033104716782724,16.229001606459462,0.22350226200231116,15.643647185174528
2014-04-09,16.27777150327485,16.52226217716427,16.25846181654408,16.5169677734375,206169600,47.52912095585159,-0.009813693952754221,0.03490891506565229,17.024460472225673,16.218055473208896,0.22638069761787377,38.3496563144121
2014-04-10,16.52818249191608,16.576770259126942,16.29428223471987,16.303937911987305,239652000,41.964846339254834,-0.03168633920083863,0.021589864212354103,17.035985737868778,16.184199541977414,0.23038836381710226,15.77582925233066
2014-04-11,16.164402708065484,16.283690637849315,16.106473644389574,16.18340301513672,271717600,39.170592156686595,-0.05807724859752739,0.005656441650377807,17.05415171657514,16.15021134342242,0.22803664265857573,7.752708812048731
2014-04-14,16.254718869704288,16.262815994660848,16.108647933090683,16.247867584228516,205674000,41.417280179524326,-0.07294956527880458,-0.010064759735458673,17.065786433731827,16.122816967452255,0.22276031543797495,14.249252693911263
2014-04-15,16.203961251156244,16.246629198144728,15.925521792635344,16.132015228271484,266490000,38.65419493787834,-0.09301211454670621,-0.026654230697708184,17.088195492917954,16.05854942590529,0.22987356373477472,20.622155249693577
2014-04-16,16.134808943564817,16.229491081029792,16.013031044820494,16.164709091186523,214765600,39.87325870903011,-0.10506261149503615,-0.04233590685717378,17.10066073293799,16.007930918978516,0.22891545462581211,23.88723684741645
2014-04-17,16.19555010461449,16.43723808995613,16.17063330303147,16.349407196044922,284334400,46.35846289137545,-0.09857283736049638,-0.053583292957838306,17.101238566383834,15.995642155662061,0.2320307077789402,42.33272873910855
2014-04-21,16.361863514870905,16.573651311363978,16.318882869278212,16.543441772460938,182548800,52.19231089566746,-0.07688637759955697,-0.05824390988618204,17.098131504829553,15.99345479888139,0.23365483165799916,61.71063848395121
2014-04-22,16.4543642866566,16.563996531249135,16.397992112034977,16.559947967529297,202563200,52.66393777902762,-0.05770263000249187,-0.05813565390944401,17.074182871682815,15.994075604574512,0.22882265934058194,63.359084674178945
2014-04-23,16.4777231114015,16.54219407254145,16.33414215586586,16.343486785888672,394940000,46.22394287476897,-0.05928260714418698,-0.05836504455639261,17.00700792896082,15.998212484247185,0.22860717022078594,43.05374515001329
2014-04-24,17.697069112081646,17.75281922051539,17.464101955497515,17.683364868164062,759911600,70.3739078600771,0.04703996555758749,-0.037284042533596594,17.267189891431755,15.8252066539784,0.3129446891069241,96.19906692300734
2014-04-25,17.582451888467812,17.814795272402645,17.564700744154877,17.81324005126953,390275200,71.70054220629643,0.14016547198981044,-0.0017941396289151874,17.515214809775703,15.684571567177423,0.30845539190269866,99.91768152415366
2014-04-28,17.840018498228492,18.55480286913981,17.832230751940465,18.503101348876957,669485600,77.47130469906118,0.26656139425166003,0.05187696714719986,17.939562799001894,15.438467977975645,0.33939163661466865,98.03362520938278
2014-04-29,18.492203409669308,18.561968788931416,18.3604587356008,18.448287963867188,337377600,76.14270872097238,0.3581792240657009,0.11313741853090008,18.253331353297096,15.297835944066184,0.3295429520943791,95.68810504349459
2014-04-30,18.457940098445015,18.66941683156997,18.3694871354584,18.37851905822754,456640800,74.39387225863442,0.4203121498340465,0.17457236479152938,18.4938307726543,15.208204177602049,0.3274277195241784,89.39836366862718
2014-05-01,18.438004402320647,18.52521151481441,18.26234600101572,18.421810150146484,244048000,74.780926048926,0.4676553309186282,0.23318895801694914,18.714216661626647,15.140211820429018,0.32281613340092896,90.97608771800459
2014-05-02,18.44860038416196,18.50653111375002,18.366687649887982,18.456073760986328,191514400,75.10171260912446,0.502151440827749,0.2869814545791091,18.92184457694088,15.100114155664098,0.309746657005294,92.22480934742768
2014-05-05,18.38007158726097,18.7183094991964,18.375710317694395,18.71706199645996,287067200,77.45418950829323,0.5442753583632474,0.33844023533593676,19.161503407258767,15.075792697172385,0.31209326589791636,99.95533127228005
2014-05-06,18.743237626077885,18.824526624111428,18.51307487487793,18.51307487487793,374564400,71.74817036197047,0.5548033825356455,0.3817128647758785,19.324682642726575,15.133558247776353,0.31204744327902934,88.92220384312157
2014-05-07,18.53923262391857,18.602768802948543,18.30501968520368,18.448287963867188,282864400,69.98472987058707,0.5515611022193099,0.4156825122645648,19.45185607195636,15.220944564335145,0.31102613431230325,85.82314303081571
2014-05-08,18.42354762808404,18.616475268665457,18.365607783187556,18.4154052734375,230297200,69.05699810455192,0.5401121368976547,0.4405684371911828,19.56227482030653,15.300369565984974,0.30672908796698883,83.67200645004858
2014-05-09,18.307350770000728,18.360906648138734,18.17549582670153,18.33867073059082,291597600,66.8306003824308,0.5188657516818331,0.4562279000893129,19.631420846396452,15.4346968217554,0.3019562564504876,80.49072744728109
2014-05-12,18.399741691526,18.59298039439048,18.39692164086357,18.56698608398437,213208800,69.93634488004994,0.5145199139437757,0.4678863028602055,19.6979367463401,15.606539228696523,0.29855292840399994,89.65860318312662
2014-05-13,18.540993648862443,18.62054384765817,18.50028020502546,18.596115112304688,159737200,70.31819591490756,0.5075752636851689,0.4758240950251982,19.74428587622715,15.795014851617086,0.2858179794203362,83.21027859341447
2014-05-14,18.55445690570752,18.710113321953344,18.53284655445516,18.59955596923828,166404000,70.36607729241581,0.4966244492073386,0.4799841658616263,19.741132392945126,16.044922408995795,0.2780643214258969,82.14271841431726
2014-05-15,18.625556661239933,18.685062083112683,18.41696988532181,18.44139862060547,230846000,65.16272730377142,0.46976867274024414,0.4779410672373499,19.678800452577867,16.334923302304944,0.27735202688053817,61.38974128071856
2014-05-16,18.435445777569065,18.714187574621,18.334285231236947,18.71356201171875,276256400,69.36141367559975,0.4650853728307247,0.4753699283560249,19.629509084021706,16.62063015242849,0.2846770494879321,82.90302820212744
2014-05-19,18.72421414756569,19.02112075194456,18.70792776430153,18.935306549072266,317755200,72.29155975605649,0.4738050254787538,0.47505694778057067,19.59176441543575,16.89756129867558,0.28671390221329635,89.85197806845241
2014-05-20,18.932796219184254,18.99198885277448,18.814409279375784,18.93906021118164,234836000,72.33978373608707,0.475536612132192,0.475152880650895,19.485708348726167,17.2415285897504,0.2789185930122534,90.29587015314897
2014-05-21,18.91149634841284,19.001381695554038,18.85606211675699,18.989168167114254,196859600,73.01494948217474,0.47547126354893976,0.475216557230504,19.13515472833761,17.85665034826151,0.2693758062825958,96.22142348498963
2014-05-22,18.998250587386305,19.100038354464232,18.919953205664427,19.01923370361328,200760000,73.43396349673087,0.47239997895458785,0.4746532415753208,19.118144918963296,18.007247041180747,0.2629979021766822,91.26003959531323
2014-05-23,19.01861445232288,19.25288278504929,18.99418571464282,19.23409080505371,232209600,76.26974728054077,0.4817498241428133,0.4760725580888193,19.147472570650763,18.1200044648717,0.26269069990738125,98.2557817458271
2014-05-27,19.28889967137454,19.60146541470946,19.2810700977941,19.594263076782227,348866000,80.10382704080006,0.5123168661330979,0.48332141969767506,19.35314995228882,18.02344325602417,0.2701681220322646,99.49491644227182
2014-05-28,19.6064729120165,19.72579987280838,19.53631787190641,19.54352188110352,315481600,78.18723474237723,0.5263793037507369,0.4919329965082875,19.498873877527387,17.987242722509237,0.26440482766581513,88.24243591683833
2014-05-29,19.663780543160385,19.94628064213926,19.66127494712336,19.899614334106445,376474000,81.52755176878779,0.5598044941038154,0.5055072960273931,19.71383655517597,17.924389572448543,0.27428725147795274,97.3646539305071
2014-05-30,19.98105200902628,20.17491797520499,19.69667344292699,19.825082778930664,564020800,78.80732175984673,0.5736672457441543,0.5191392859707453,19.868877565368233,17.909675825134695,0.2888556286779562,80.9937535110806
2014-06-02,19.85514498933844,19.882392095168232,19.496225839100227,19.688838958740234,369350800,73.94995965420345,0.5671224045839942,0.5287359096933951,19.97008225061379,17.931747659664534,0.29580638777724544,73.59174348833622
2014-06-03,19.68289135027826,20.0048538495792,19.676314576814576,19.967269897460938,292709200,77.06155585137985,0.5777427616973831,0.5385372800941928,20.121669438778927,17.90518126159949,0.29814445099062953,88.71865784065076
2014-06-04,19.964137014302985,20.29142346040972,19.922481889124924,20.19527244567871,335482000,79.2475595876039,0.5976678286759878,0.5503633898105518,20.29743839018233,17.89763206727617,0.30320138815449865,95.08716281263126
2014-06-05,20.23849273413967,20.33777490625336,20.126057016504777,20.27450942993164,303805600,79.96223547809292,0.6127885057799602,0.5628484130044334,20.456740378823522,17.920952225241418,0.2966668525540762,96.84223596903723
2014-06-06,20.35437285059496,20.396967989233676,20.18431009531526,20.218759536743164,349938400,77.92876197484222,0.6132045603987528,0.5729196424832973,20.57156710022695,17.986460930168555,0.290666212651529,89.44912916460166
2014-06-09,20.32305693141372,20.58175395590837,20.11478462613441,20.54229164123535,301660000,80.95553824283898,0.6323512718071704,0.584805968348072,20.719380772365636,18.059009349094328,0.3032592924459883,97.76714099988467
2014-06-10,20.768103798715035,20.8382588355794,20.513790744689228,20.66287040710449,251108000,81.94909079366904,0.6497647931587984,0.5977977333102172,20.880480976867947,18.107497576904027,0.3047742066205728,91.15181521543906
2014-06-11,20.636568063257556,20.774687037269025,20.491873986469983,20.577375411987305,182724000,78.80962370754052,0.6491830248846711,0.608074791625108,20.992487083462553,18.19361750027768,0.3032055526333206,86.4003201823654
2014-06-12,20.6168263726218,20.634365545785226,20.147664362579604,20.2331657409668,218996000,67.5837280954614,0.6138708050456465,0.6092339943092158,21.019646042064632,18.329819518848456,0.31631238338848494,67.18714199872504
2014-06-13,20.21343329238676,20.266050810678017,19.924043632295135,20.011737823486328,218100000,61.51348519129459,0.5615450917540024,0.5996962137981732,20.9724748158453,18.534024665355876,0.31814772588808476,46.92223286506781
2014-06-16,20.062163447061646,20.334013946856384,20.049008230571754,20.21343421936035,142244000,64.62986965769612,0.5302395292533006,0.5858048768891987,20.959545332487277,18.696941369478058,0.3184426114225113,53.44193340564078
2014-06-17,20.23754727835112,20.3230486465158,20.12573882621417,20.187124252319336,118904000,63.90297682728968,0.4975709626383278,0.5681580940390245,20.95036410353382,18.831304368756218,0.3097902691995912,51.48147735798474
2014-06-18,20.22878335805562,20.23316898836417,20.027087852187176,20.20905303955078,134056000,64.26374246704185,0.4680549124184168,0.548137457714903,20.92192580302238,18.986741952104577,0.30238247398369145,53.115474978682265
2014-06-19,20.233167917247368,20.23536073228556,20.024893976941843,20.138896942138672,142112000,62.124537302049475,0.433999344932122,0.5253098351583468,20.86819418952239,19.155446443107003,0.29581706550940756,47.88787643258361
2014-06-20,20.13670923513993,20.29017454681448,19.92843691463017,19.93062973022461,403592000,56.14910379778527,0.3857578623906619,0.49739944060480984,20.77753171082422,19.337248524466304,0.3005256774147579,21.887035586403844
2014-06-23,20.0205142952219,20.086285379391843,19.86266503131656,19.913089752197266,174776000,55.66351384280596,0.34216652753815424,0.46635285799147874,20.704067780166568,19.478612349838315,0.29503243960479536,5.168618400442472
2014-06-24,19.89554007249108,20.112581859491712,19.77276923097594,19.792499542236328,156144000,52.31377742093255,0.29449470681593937,0.43198122775637093,20.685892613297735,19.51661116325256,0.29823102452700806,1.8517600899289874
2014-06-25,19.777163515105386,19.88458805753053,19.654392609476645,19.81004905700684,147476000,52.759324764587866,0.25518888598318057,0.39662275940173286,20.656263178547572,19.572893315593053,0.2933713404932135,13.148144959131928
2014-06-26,19.81224404214697,19.961323732148266,19.68728030733914,19.928438186645508,130516000,55.762125978640995,0.23092973885195534,0.3634841552917774,20.655444919882033,19.576593959512497,0.2919907750872072,23.148356725321182
2014-06-27,19.910895756942963,20.169592774653424,19.899933352688127,20.16520881652832,256116000,61.08912015936805,0.22817929218592425,0.33642318267060684,20.65499477662105,19.61105670653325,0.29039567843564223,43.14813581034948
2014-06-30,20.191512758387297,20.54886634071977,20.189319943353045,20.373477935791016,197929200,65.07320389832722,0.24003811081115245,0.31714616829871595,20.655266379426436,19.679249001432936,0.2970572388467713,64.18717334258096
2014-07-01,20.50282859802246,20.62340835319096,20.417327198040446,20.50282859802246,152892000,67.31180544996892,0.25691230232446927,0.30509939510386663,20.694455626561332,19.693615624354198,0.2936910373148552,86.57749179704433
2014-07-02,20.579561915648984,20.62121537131152,20.40855744443784,20.494060516357425,113860000,66.9983306410106,0.26650559910578764,0.29738063590425085,20.72707795171174,19.69087210627166,0.2879029579976285,86.65162690363168
2014-07-03,20.535707053517605,20.629978009774977,20.432666511488907,20.61463165283203,91567200,69.12748372043004,0.2806028242901988,0.2940250735814405,20.774572429945334,19.6773898503281,0.28143213944680284,98.4269591428641
2014-07-07,20.638753352163985,21.04433718960624,20.629983763946623,21.039953231811523,225872000,75.2046370542999,0.3223786927801626,0.2996957974211849,20.92531678297025,19.608764866810027,0.29202309639876034,99.68459477756252
2014-07-08,21.105725383578267,21.221921188122145,20.59052413525455,20.904029846191406,260888000,70.43301646516508,0.34059235165838686,0.3078751082686253,20.993239182001066,19.577016288274816,0.3162640932893913,79.72022033528545
2014-07-09,20.9237641486196,21.03557266187564,20.774684458316543,20.91280174255371,145744000,70.56282445176028,0.35168067041343676,0.31663622069758757,21.04171194535278,19.55353665846802,0.31230867259437034,80.27982074588112
2014-07-10,20.55544703636468,20.947877371004665,20.502829501266906,20.83606719970703,158744000,67.7602850936386,0.3502390686364514,0.32335679028536035,21.08355436331744,19.537563419275337,0.3217900438188982,75.38456435999845
2014-07-11,20.906217239358025,21.022411341137133,20.79659990973581,20.875524520874023,136072000,68.45409441999047,0.348265872708982,0.3283386067700847,21.154535610034284,19.53081805054921,0.3149344286462142,77.90173193860089
2014-07-14,21.01583970025496,21.24165118679092,20.96980061128795,21.145187377929688,171240000,72.7674517741246,0.3642626465741401,0.33552341473089575,21.270049193452174,19.52864942257566,0.31859101702269166,93.92261536715361
2014-07-15,21.22191755363286,21.23287828398413,20.83387123591054,20.897449493408203,181911600,64.09657100801361,0.3528820239531143,0.3389951365753395,21.326941882929667,19.54015826050295,0.32433501924061314,78.31470572582286
2014-07-16,21.25918479416489,21.28768469721075,20.770290776841343,20.77906036376953,213585200,60.393031644003834,0.33049998706856343,0.3372961066739843,21.361371989042343,19.564921765535292,0.33812494074981275,68.21901160355962
2014-07-17,20.83387180781916,20.888680478963643,20.294554684472832,20.40855598449707,229192000,50.549228857299155,0.27964191666641014,0.32576526867246947,21.36386578059198,19.582378268480284,0.3564107160170269,36.65084770527866
2014-07-18,20.52475765485206,20.770299501471268,20.39321546830219,20.70233726501465,199952000,56.59108598749334,0.26004459138787794,0.3126211332155512,21.383125395354746,19.619462686005114,0.35788738152788757,46.70737292504798
2014-07-21,20.825107043872407,20.82729985956197,20.546679665916816,20.594911575317383,156316000,53.993285164821536,0.2331575197962188,0.2967284105316847,21.374905160033496,19.694111105835642,0.35236829667912073,30.24346127819757
2014-07-22,20.75714151355816,20.803180599955144,20.63437061649953,20.76591110229492,220788000,57.34952606153494,0.2230760724699543,0.28199794291933866,21.369984265592347,19.78431413528656,0.3420754915333094,47.461703077789764
2014-07-23,20.91937250772748,21.45868961320087,20.864563838399352,21.307418823242188,371672000,65.84645706560701,0.2558325222759912,0.27676485879066914,21.41911073907737,19.88667958990212,0.3671257072027839,87.00573393807834
2014-07-24,21.274537404766736,21.335922858674817,21.138611276378715,21.2723445892334,182916000,64.94396118153098,0.2757829925190478,0.2765684855363449,21.43014398557001,20.021875896632142,0.3549961268523067,83.99283284360538
2014-07-25,21.232878689068134,21.44992055664722,21.18683960640759,21.41265106201172,173876000,66.89845914852415,0.29946341583687186,0.2811474715964503,21.4620018346564,20.13843933508237,0.34843075709425836,96.04525643436752
2014-07-28,21.445542859073324,21.75685579801145,21.386350213410363,21.7086238861084,221272000,70.61969726915905,0.3382141332834827,0.2925608039338568,21.58570789189385,20.169074784802927,0.35000753048760325,96.70164294778277
2014-07-29,21.77658375830704,21.80069970978824,21.5398098742887,21.568309783935547,172572000,66.78649220385671,0.3535269421263436,0.3047540315723542,21.66769753419379,20.206568327317445,0.34364198084559877,84.57054785915933
2014-07-30,21.58146346909328,21.63846328433388,21.412651820728552,21.517885208129883,132040000,65.41238132860231,0.3574728866868071,0.31529780259524476,21.732314612930892,20.24345690959108,0.33522551532843664,81.22262485319884
2014-07-31,21.300844787087776,21.36442137976365,20.899644874632607,20.958837509155277,227372000,52.51246621830077,0.311894275963418,0.31461709726887943,21.71875334837747,20.30349587342429,0.35544085948335374,44.10483808113595
2014-08-01,20.805377299880533,21.182461322826786,20.78564530338164,21.075035095214844,194044000,54.52007708377191,0.28189951059841434,0.3080735799347864,21.716985114315406,20.35130445172463,0.35839622805205323,51.819738313617435
2014-08-04,21.127642759584575,21.17368183305275,20.86456018924529,20.95663833618164,159832000,52.10300243188631,0.2457420525622318,0.29560727446027546,21.713686162877437,20.346271913599615,0.3548766148917253,43.958824720093524
2014-08-05,20.906219217899515,20.976374248592016,20.68698453790697,20.85360336303711,223732000,50.024521350242644,0.20639376647036656,0.27776457286229367,21.71348845478452,20.3414269733771,0.35019897887696255,37.11785181159461
2014-08-06,20.772486231578,20.93252828625777,20.76371664353533,20.81852531433105,154232000,49.303420800879316,0.1704150225817216,0.25629466280617924,21.7133719356425,20.332115849696855,0.3372427405802111,30.21773413106277
2014-08-07,20.91546797852084,21.140198907180608,20.73259768816236,20.81632232666016,186844000,49.25540014810786,0.14010875957747615,0.23305748216043864,21.71356372244095,20.32994957559372,0.3422683461829279,21.502260833957642
2014-08-08,20.76785248762721,20.89123405379244,20.55193306589028,20.873607635498047,167460000,50.602717611047154,0.1193376236315622,0.21031351045466334,21.713553706206547,20.329767903290524,0.34205639202001586,25.759381961362703
2014-08-11,20.99037722798036,21.168841750407022,20.895637342058013,21.14901161193848,146340000,56.57247663077218,0.12367351668193294,0.19298551170011727,21.713890754524982,20.329813278372967,0.33871194365494156,47.813460502472225
2014-08-12,21.16003023912534,21.34510258128571,21.065290345605813,21.144607543945312,135180000,56.45498024829267,0.1253098774178696,0.17945038484366774,21.72572195379662,20.34269788415504,0.33450482165672396,47.46078708549012
2014-08-13,21.1842676567554,21.424421310424805,21.160031751034,21.424421310424805,127664000,61.87312124719217,0.14748521973735151,0.1730573518224045,21.76801557753811,20.364940355079074,0.33059831771549314,69.86799725936763
2014-08-14,21.444255547400097,21.497133133187443,21.327483441685143,21.48171043395996,112464000,62.89118889223515,0.16774839272279962,0.17199556000248353,21.772210916808096,20.468060460755378,0.3191019872716937,74.4556537134455
2014-08-15,21.569829336686627,21.633723822467143,21.340691012802203,21.58745574951172,195804000,64.76159236479157,0.19014795920586636,0.1756260398431601,21.81721878751763,20.511564438495558,0.3172399031569256,82.92363418589626
2014-08-18,21.699825393758264,21.893712618013254,21.587460768007908,21.84744453430176,190288000,68.91063814790928,0.2262703948757796,0.185754910849684,21.890054754077322,20.563981767834296,0.31645540068154054,96.55173730749684
2014-08-19,21.90253261724906,22.182344928624733,21.88270247182582,22.14929580688477,277596000,72.90016729453228,0.2760721722605304,0.2038183631318533,22.040353720706843,20.552021271663765,0.31777290022735705,97.97295870476951
2014-08-20,22.129466083528744,22.27267613467488,22.02150551325653,22.15810775756836,210796000,73.00905819858818,0.31264748482721316,0.2255841874709253,22.17689888908517,20.50054499671806,0.3130155945981425,93.34192424279561
2014-08-21,22.1581127438791,22.239633700418704,22.056763319530333,22.16031646728516,133912000,73.03830130548872,0.33791661556396235,0.2480506730895327,22.297134785673457,20.46910628793495,0.3037195079045874,93.47028214566141
2014-08-22,22.09641053806745,22.356394294575445,22.074378358217125,22.32334518432617,176736000,75.17618534718883,0.3668686057847559,0.27181425962857736,22.43494460912619,20.422365876713656,0.30216925279413975,98.16847767500342
2014-08-25,22.426903660495302,22.510626636396736,22.314537331062027,22.37182235717773,161080000,75.79089976550937,0.38923807509365815,0.29529902272159353,22.547523959863444,20.376106373083335,0.29459211368989474,92.91342549395742
2014-08-26,22.345373501562836,22.362999914775223,22.22199197097065,22.22860145568848,132608000,70.25561791149656,0.3909032218682249,0.3144198625509198,22.633059944095148,20.356599556026925,0.2842519902982653,85.60136281882347
2014-08-27,22.257250875699786,22.598755606718225,22.18674687921862,22.50181198120117,209476000,74.13615215850136,0.40954765830664996,0.3334454217020658,22.768257228255173,20.319794949174025,0.29337747152693233,95.2637014893415
2014-08-28,22.382834314393143,22.645021817492648,22.376224827919664,22.528249740600582,273840000,74.48307020378208,0.4215969080232469,0.3510757189663021,22.889247349120634,20.3557460514531,0.291621722815936,93.3249620919922
2014-08-29,22.662649264948147,22.671462474295744,22.5172338321345,22.583332061767575,178380000,75.22858595407857,0.43062671153506216,0.36698591748005416,23.006334796239948,20.389488300989058,0.28180793134060084,94.51301570025046
2014-09-02,22.706714705035647,22.85653590913751,22.631804943458658,22.759593963623047,214256000,77.49452152484797,0.4468546954996242,0.38295967308396817,23.12946591704312,20.446652742930027,0.2811933539141247,94.28578202703422
2014-09-03,22.715528901185586,22.73756108607977,21.71965968781592,21.79897689819336,501684000,50.423433838227204,0.3778461455743418,0.38193696758204293,23.10267001883303,20.567985994655736,0.3353891340493391,30.835662382063077
2014-09-04,21.77914739565569,22.052350194464083,21.5456032032024,21.618310928344727,342872000,47.09156017158021,0.3050615787153319,0.36656188980870075,23.055010894386008,20.695623680504127,0.34762898099307793,18.314533117055365
2014-09-05,21.76812717154696,21.89811821321952,21.660166629436816,21.80558204650879,233828000,50.726121385659816,0.25949915452018857,0.34514934275099834,22.995434447975786,20.85412609889921,0.34278457412748614,19.83159334795462
2014-09-08,21.87828881845943,21.88049085975283,21.60288237150474,21.67118263244629,185426800,48.168694851716566,0.2101235224247624,0.3181441786857512,22.924096168796822,21.005221877773003,0.33812913942181483,9.579395546036878
2014-09-09,21.82981978554693,22.71112052765914,21.18206320219117,21.58966445922852,759385200,46.632994234833355,0.16254146611126075,0.2870236361708531,22.885591548692155,21.087791782606672,0.42319543842511165,24.342066332073777
2014-09-10,21.5940720192406,22.277079761824467,21.538990722565323,22.252843856811523,403478400,58.28488480636772,0.17631295266871305,0.26488149947042505,22.854950548324368,21.22925641426108,0.4456878384846854,63.94733399824044
2014-09-11,22.12284904343267,22.349783678212525,21.94879197380844,22.347579956054688,249412400,59.640506240078636,0.19265061013718565,0.2504353216037772,22.857073922576067,21.319448904572372,0.44249525747892826,69.60500156428456
2014-09-12,22.29911087141469,22.51503028361013,22.2704692036628,22.39825820922852,250504400,60.38220256690625,0.2072980302287739,0.24180786332877652,22.858662888879334,21.40951471579596,0.4283571019409571,72.63152167199365
2014-09-15,22.651631117351084,22.70451037059873,22.34978669789745,22.391647338867188,245266000,60.226716566442434,0.21588419556824334,0.23662312977666988,22.85932295030754,21.489273813303303,0.42309757128098013,72.23671855971196
2014-09-16,21.988448395444163,22.31012287985949,21.787951722577528,22.22199249267578,267632400,56.22536305193817,0.20661730950762092,0.23062196572286012,22.860685575589677,21.525365983858563,0.43599743163874294,62.104881505120716
2014-09-17,22.31233235254689,22.42910612100452,22.162511148716977,22.380634307861328,243706000,58.9704172285061,0.20965750301330388,0.2264290731809489,22.877060960885572,21.532124448660326,0.4238972559708001,71.57901712569196
2014-09-18,22.45774243523884,22.55027859410479,22.37622152522028,22.426897048950195,149197600,59.76283483644971,0.21334063678110482,0.2238113859009801,22.89729808510256,21.538766253581525,0.40605152832177926,74.34184155973333
2014-09-19,22.53706868939713,22.55028766571076,22.142686313541667,22.244035720825195,283609600,55.222882625816446,0.19920782211307397,0.21889067314339888,22.901018158729734,21.543418105308355,0.4061622300251588,63.421309539926575
2014-09-22,22.42910554492461,22.504015304441605,22.160308537814743,22.266063690185547,211153600,55.65985549460275,0.18762214638637786,0.2126369677919947,22.896839610629428,21.541868503994593,0.40170112549670905,69.68832932671548
2014-09-23,22.16471410785101,22.680275934220766,22.15149513415747,22.614177703857425,253608800,61.97519949585603,0.20417668476935447,0.21094491118746667,22.928818529888524,21.53412511940347,0.41077824510860805,93.65996145552977
2014-09-24,22.50841539092785,22.660438582877923,22.2969017934414,22.418081283569336,240687200,57.04619272155536,0.19917694559036292,0.20859131806804593,22.943259099054472,21.538632533025606,0.4074038554177449,80.8353003377346
2014-09-25,22.144883101394623,22.18894746260572,21.53017568109833,21.56322479248047,400368000,41.53711319345553,0.12479626807733624,0.191832308069904,22.946572254112183,21.441460659095824,0.441725408778692,24.927880985275923
2014-09-26,21.70863377882882,22.197755813598636,21.6799921184039,22.197755813598636,249482000,51.97418023974332,0.11571648802866719,0.17660914406165665,22.913477582141855,21.44150593836596,0.45549723823151167,66.42606490221758
2014-09-29,21.73507484929449,22.129457041666644,21.73066740527504,22.05674934387207,199065200,49.844632034355094,0.09603561447356057,0.16049443814403747,22.86330760966199,21.439017639056278,0.456325178952375,44.840169287493445
2014-09-30,22.210974782879784,22.371812859905287,22.14928401830472,22.197755813598636,221056400,51.9642102432431,0.09077008303992429,0.14654956712321482,22.77602576581141,21.470115667904416,0.44623506017243514,56.847518724352454
2014-10-01,22.16250812641377,22.184541988254374,21.746093688030676,21.851850509643555,205965200,46.74537552284649,0.058016664273115026,0.12884298655319487,22.773552538740475,21.477876256120368,0.4466227077006869,27.392091149251048
2014-10-02,21.871682553948947,22.08099250911676,21.600683490735754,22.01048851013184,191031200,49.262103954745974,0.04434887850589675,0.11194416494373526,22.750855019218893,21.539791533820665,0.4490288727492812,40.9008465242434
2014-10-03,21.90913100674941,22.078780613683392,21.821000620403684,21.948789596557617,173878400,48.30593531169143,0.02821324836320116,0.09519798162762845,22.744332185160065,21.560635122884374,0.4353682385014546,36.398036981800566
2014-10-06,22.02149561041658,22.175724206758417,21.9047235629111,21.948789596557617,148204800,48.30593531169143,0.015249854395410267,0.07920835618118482,22.722637233548294,21.61009077090728,0.42362769602615896,36.398036981800566
2014-10-07,21.906935619907397,22.05896055217201,21.7527086458331,21.75711441040039,168376800,45.148580528422734,-0.010370766604950177,0.06129253162395783,22.6985565680613,21.65091643151146,0.41524371104849844,19.732082371596547
2014-10-08,21.75932042748068,22.277084387549824,21.660173064309067,22.208784103393555,229618800,52.95229041163371,0.005704913438155046,0.05017500798679727,22.69534008209236,21.649726942138603,0.42964854049080264,59.0042842311227
2014-10-09,22.37182178882272,22.55689415641297,22.16691927844898,22.257251739501957,309506000,53.713291218615815,0.022101170330280695,0.04456024045549396,22.68599491666986,21.65003928590583,0.4268147074531732,63.21849390343745
2014-10-10,22.18454807138529,22.479783074390813,22.098621365677825,22.193361282348636,265326400,52.5075958140279,0.029598700711250814,0.04156793250664533,22.664560294105716,21.65098421578198,0.42355377897173135,57.66328626133298
2014-10-13,22.32555499013769,22.42470066695437,21.99065971374512,21.99065971374512,214333600,48.76742478731554,0.01896560136943748,0.03704746627920376,22.637228217803074,21.63821752957241,0.4243028628458397,40.74132061857116
2014-10-14,22.118447619044115,22.14708929110136,21.717455805503008,21.75711441040039,254754400,44.80723344657413,-0.008211701246317205,0.027995632774099565,22.640057828171347,21.5889001109766,0.4246836216138763,22.10330628680991
2014-10-15,21.58525846595537,21.845242249356023,20.970551003144973,21.49051856994629,403734400,40.74021128880846,-0.050677783716576386,0.012260949475964376,22.64871592413219,21.491230441224253,0.45682702337081726,32.77774835350981
2014-10-16,21.052074929822982,21.53018024213229,21.02122953425129,21.208505630493164,288618000,36.9223663523085,-0.10586816505316676,-0.011364873429861852,22.67892992845498,21.33917729505576,0.4605501436929731,15.000198844618543
2014-10-17,21.481704440906054,21.812192201535375,21.329679533113307,21.5191593170166,272718800,43.23313263934495,-0.12312052683291697,-0.033716004110472875,22.667147092707644,21.27847249042224,0.4707741742179186,34.583205578279255
2014-10-20,21.66237215589312,22.02370532538328,21.64033997354816,21.97964096069336,310069200,51.050731849654575,-0.09850067315528577,-0.046672937919435456,22.639036775306767,21.277940534873895,0.4731864480856871,63.61107654857518
2014-10-21,22.69789903037691,22.69789903037691,22.312329970024653,22.57672119140625,378495600,58.94557489873157,-0.03045876741758846,-0.04343010381906606,22.629731988120685,21.28349967081486,0.4906915639141059,92.9847467296532
2014-10-22,22.65824078842122,22.93805470939023,22.60536321569037,22.6912899017334,273052400,60.2697240157385,0.03233691074963474,-0.028276700905325906,22.69214794369819,21.248404577053762,0.48145170349052546,87.45797495203952
2014-10-23,22.931443444099525,23.145159121866016,22.832296111853964,23.09668731689453,284298800,64.61837300730254,0.11350668703881084,7.997668350144191e-05,22.900518310112158,21.1933804630812,0.47948152610781775,97.77100965667358
2014-10-24,23.173800164776974,23.24210042579216,23.030588476016632,23.18261337280273,188215600,65.48079949536852,0.18266221779892078,0.03659642490658531,23.088716685542753,21.103667843571014,0.46034084208408277,97.38121247126094
2014-10-27,23.10109739184628,23.23990334670552,23.06804827492989,23.158382415771484,136750800,64.99964379335866,0.2328293268899735,0.07584300530326295,23.251059529010288,21.051488307293422,0.4397347156334791,96.31449753256467
2014-10-28,23.222276406772554,23.51751136779785,23.211259474397878,23.51751136779785,192243600,68.67369624687149,0.2981291797367476,0.12030024018995988,23.47571658122615,20.95880681049748,0.43397716109011397,100.0
2014-10-29,23.49767695838476,23.656311331114885,23.433782464871378,23.64970016479492,210751600,69.92512363116407,0.35643752483598945,0.16752769711916582,23.704848353511295,20.909460003727474,0.41887371145821356,99.75384377186909
2014-10-30,23.56598516294283,23.65191186365973,23.332440969296684,23.570392608642575,162619200,68.16571351412537,0.3917322064048818,0.21236859897630903,23.88360146580238,20.886697301287462,0.4117735102371302,96.80095347386212
2014-10-31,23.79732968437303,23.80393917263279,23.6210688196878,23.79512596130371,178557200,70.43577678263529,0.4328479969471566,0.25646447857047855,24.086168178757706,20.86876422480675,0.3990430140766364,99.68895150251603
2014-11-03,23.84359286291577,24.301869671771502,23.79732477369685,24.10357666015625,209130400,73.25475859890622,0.484734236204158,0.30211843009721445,24.327872032482173,20.842539077442144,0.4067359209617189,94.04761203175418
2014-11-04,24.09476621098377,24.12340788446306,23.73343298440006,23.927318572998047,166297600,69.19457364955566,0.5058013370885703,0.34285501149548564,24.48875300067701,20.89867852550707,0.40553870518323887,88.58298737219702
2014-11-05,24.037473818413176,24.081539857512578,23.823758151386738,23.984596252441406,149743600,69.78073200617956,0.5211119422716877,0.378506397650726,24.650733339415073,20.91427940167379,0.3949846338219961,89.32526505611347
2014-11-06,24.031068235240337,24.073112081450738,23.854044801973224,24.05319595336914,139874000,70.50460674147682,0.5326411738450361,0.40933335288958805,24.805736897321452,20.938870265154137,0.382419108511676,90.65673704229717
2014-11-07,24.0642622328041,24.19039209146036,24.02000679364768,24.121795654296875,134766000,71.24635588831526,0.54107640351247,0.4356819630141645,24.951312959321342,20.98613764034907,0.3672738363188905,90.94896084172036
2014-11-10,24.12400474181524,24.192602860099004,24.046556887207714,24.08196258544922,108782000,70.14330557808006,0.5383415220787349,0.4562138748270786,25.059273602260053,21.08730728458077,0.3514718460740619,87.0376510779534
2014-11-11,24.05319455277976,24.285539800194705,23.986811402258763,24.27447509765625,109769200,72.36977608916774,0.5454209860650749,0.47405529707467786,25.152739979126892,21.245576976439516,0.3477044569213391,98.13588275793492
2014-11-12,24.20366315504541,24.6572889054338,24.20145156533128,24.61745834350586,187769600,75.82823218005201,0.5721124377339386,0.49366672520653004,25.23231798259738,21.478692950324984,0.35542823429142345,97.55145070305231
2014-11-13,24.739166935030987,25.104278503301803,24.694909810712,24.96487236022949,238091600,78.73212789350443,0.6142186825381124,0.5177771166728465,25.26050991928353,21.82613768661247,0.3648133718274606,93.1537140972621
2014-11-14,25.037897016214718,25.26802901328576,24.60861216704018,25.26581573486328,176254400,80.87544341800334,0.6642151414576034,0.5470647216297979,25.331598690242206,22.129714557438458,0.3858564771430404,99.89239054835117
2014-11-17,25.285722691150585,25.951777487268515,25.071082018335694,25.223764419555664,186986800,79.667291347698,0.6924622320798655,0.5761442237198114,25.401534000968727,22.384191592598167,0.42120211941373903,72.20620326110078
2014-11-18,25.21270297654107,25.59994388634917,25.201638275252,25.55126190185547,176896000,81.93114628136719,0.7328269913311445,0.607480777242078,25.589905457377775,22.493274207234045,0.419566654533984,84.70927341084192
2014-11-19,25.54463168857847,25.61101485221725,25.181731658328328,25.374244689941406,167476800,76.94434268204006,0.7419794668160016,0.6343805151568628,25.696113758045495,22.65536138538712,0.42026069305933667,75.2207212612896
2014-11-20,25.427347346597845,25.858843718955107,25.41406936636157,25.737138748168945,173582000,79.67547467345364,0.7696434170195339,0.661433095529397,25.89088548633416,22.724634800225896,0.4248562884846484,90.32437302582944
2014-11-21,26.002678750273688,26.01595504347046,25.67518278278101,25.77254676818848,228717200,79.92534787261255,0.7853711583256313,0.6862207080886439,26.056165779503672,22.81834784659496,0.41885028649927697,89.33599461548636
2014-11-24,25.856632058590368,26.28149031152891,25.80573847724948,26.250511169433597,189803200,82.96913671735769,0.8268715784416933,0.7143508821592538,26.28540661013806,22.898319891326786,0.4252855191307878,98.73952326467015
2014-11-25,26.34787715689157,26.49834801061913,25.98940202906619,26.022594451904297,275361600,76.97557799347393,0.8317817241036032,0.7378370505481238,26.446273634348103,22.98796117552739,0.43126126644665563,82.00835830175255
2014-11-26,26.09782727867337,26.354511825723293,26.07348628435357,26.33238410949707,163073200,79.17738330293683,0.8508622755942241,0.7604420955573439,26.646700721595096,23.055802482750607,0.4241652741161085,93.39193780534195
2014-11-28,26.392134842447447,26.42090239920049,26.122173944694627,26.3169002532959,99257600,78.77191354142929,0.8548798100213233,0.7793296384501398,26.791652679006376,23.185501289804662,0.4152055012868052,92.7754285277296
2014-12-01,26.29034209562826,26.38770607968,24.621886514920053,25.46275329589844,335256000,60.39746902293917,0.7801481516744211,0.7794933410949961,26.795119955535164,23.348796746735346,0.5116779343920297,58.76648935661877
2014-12-02,25.115348121833108,25.61322947226592,24.94938767168884,25.36539459228516,237395600,58.716236051863106,0.704940623602436,0.7645827975964841,26.80035090204534,23.469747593438054,0.5225467819766763,50.674597426529346
2014-12-03,25.613230336178383,25.745998363124556,25.47161088233753,25.653060913085938,172253600,62.07538498487074,0.6609315759335352,0.7438525532638944,26.799720213109126,23.642952516383062,0.5124079954668705,55.26956318231693
2014-12-04,25.617649050520285,25.93408031097091,25.511435329777456,25.55569076538086,168178000,60.287263434497895,0.6111521498696497,0.7173124725850455,26.77191110113265,23.827871079653487,0.505996351590198,50.11698336350637
2014-12-05,25.66633099347097,25.68624712122002,25.367602583128484,25.447263717651367,153275600,58.274231529335275,0.5565370270677334,0.6851573834815831,26.720056583697197,24.019132373517156,0.4926140791974365,43.98583208997954
2014-12-08,25.24811309773659,25.36981808845165,24.699338220890198,24.871936798095703,230659600,48.9368908153643,0.4615100737162905,0.6404279215285247,26.648944663981638,24.165258407612598,0.5108506090234174,13.325628250234558
2014-12-09,24.38290415154254,25.29236733989552,24.197027613132253,25.25253677368164,240832000,54.16865324322046,0.41216063454219665,0.5947744641312591,26.544100215782723,24.387160274634756,0.552599831719121,45.86537197089295
2014-12-10,25.31670570372937,25.414067986836766,24.681629988508718,24.77235412597656,178261200,47.54941079536149,0.3304943882550546,0.5419184489560183,26.471833744160907,24.5092146490886,0.5654454150483301,24.999844153494806
2014-12-11,24.840954512337944,25.18172675502105,24.637375127403377,24.6993350982666,165606800,46.61655462230691,0.2569196644434797,0.48491869205351057,26.461163815535347,24.528072253190242,0.5639387159461403,21.826925346113757
2014-12-12,24.442650348277784,24.75465674686896,24.247924064093308,24.281116485595703,224112400,41.58442059872375,0.16298562210517886,0.4205320780638443,26.546812985390687,24.374047495871523,0.5598525707196769,3.6539402577441358
2014-12-15,24.495759380289943,24.694912238714423,23.533189200847943,23.94919776916504,268872400,38.071820270926594,0.06105534235728527,0.3486367309225325,26.673196855833613,24.116001828858767,0.60284331837302,14.029891651880815
2014-12-16,23.53760667778993,24.376259949903464,23.51326568847041,23.621692657470703,243162800,34.936058821022954,-0.04562611470123912,0.2697841617977782,26.818947880642273,23.810043627841612,0.621425528591594,3.7290411350278276
2014-12-17,23.70358096723181,24.30546284427454,23.637196104970556,24.21031379699707,213647200,43.8823193988542,-0.08173296463158053,0.19948073651190648,26.82520754936068,23.669689148637364,0.6258787184638971,23.973012376489066
2014-12-18,24.754647591655075,24.92724609375,24.486898416836528,24.92724609375,236024800,52.45694615673438,-0.051899197005472075,0.1492047498084308,26.807950690315227,23.64224614806368,0.6323825454845423,49.19150209563312
2014-12-19,24.840950878023737,25.05780483549052,24.708182907785822,24.7347354888916,353719200,50.23720576747099,-0.04329069002779207,0.11070566184118623,26.753037098647027,23.596919413804144,0.6121853585002677,50.456973824766315
2014-12-22,24.81882979897185,25.113131677064374,24.77678595000001,24.99142837524414,180670000,53.08775938719883,-0.015575866674957695,0.08544935613795746,26.69019497122237,23.581649701934367,0.5954861320483037,61.060548504408516
2014-12-23,25.05559049538924,25.077718206627075,24.885203573561945,24.90290641784668,104113600,51.981903602221976,-0.000746051627658062,0.06821027458483435,26.533649422680337,23.603434775317712,0.5667024535495057,57.403847302479015
2014-12-24,24.911766758124006,24.94053262420744,24.78563690185547,24.78563690185547,57918400,50.481677612769445,0.001526418163688703,0.054873503300605225,26.405142891423925,23.608245551569237,0.537287687035396,58.554168673914894
2014-12-26,24.805544398053687,25.3410428176798,24.785629962856586,25.223764419555664,134884000,55.633488034861074,0.03823979142742573,0.051546760925969326,26.209297848890085,23.69322862510894,0.538582341877383,89.98825035909005
2014-12-29,25.179519481426823,25.396373522333317,25.159603349697957,25.206073760986328,110395600,55.38293591708837,0.06515682858376337,0.05426877445752814,25.986917280144038,23.80452654462403,0.517024329788667,89.05755606307933
2014-12-30,25.14632191829245,25.20828020304029,24.80776294217987,24.898487091064453,119526000,51.07583125920205,0.060966319027770055,0.05560828337157653,25.92565226558279,23.809364938701876,0.5087023962937921,72.87561698471069
2014-12-31,24.96486894921381,25.033465372239892,24.387326639596303,24.424943923950195,165613600,45.24230780931738,0.019212860101252005,0.04832919871751162,25.869011220546017,23.771960916905154,0.5185192774616347,48.41349067140877
2015-01-02,24.648439535677543,24.65950423811587,23.754465939878138,24.192602157592773,212818400,42.66738660800425,-0.03225329973694002,0.03221269902662129,25.754447588790853,23.740478673111,0.5461277789456416,36.07528240848587
2015-01-05,23.962475227002493,24.04213637423976,23.325187737341317,23.511062622070312,257142000,36.16521160566492,-0.1265760568628238,0.0004549478487322761,25.719623905846934,23.570839541723867,0.5690768247531999,8.974322152839315
2015-01-06,23.575227702283048,23.7721672375332,23.15258108261458,23.51326942443848,263188400,36.199115249977865,-0.19885714950059352,-0.03940747162113289,25.666243938474874,23.430820079774637,0.5726846340507298,16.07494238054888
2015-01-07,23.721282042947596,23.942562665319254,23.61064173176176,23.842987060546875,160423600,41.22214886196248,-0.22691919527366977,-0.07690981635164026,25.64639515632499,23.347773888169638,0.5624423916814473,30.769600864634235
2015-01-08,24.170479219019555,24.816618126764887,24.05319908999345,24.75908470153809,237458000,52.4286310009349,-0.1732401407401838,-0.09617588122934898,25.57361768620826,23.371206151072016,0.5918130112912019,71.59769283850903
2015-01-09,24.931681198896364,25.060024333551866,24.38733120404073,24.78563690185547,214798000,52.710059323607254,-0.12709153057335953,-0.1023590110981511,25.575059237911017,23.371092876957146,0.5975901625926257,72.78105542799649
2015-01-12,24.916197422124903,24.92283557059304,24.07533208082976,24.17490768432617,198603200,45.9731692473869,-0.13820601539572408,-0.1095284119576657,25.551124194010438,23.342585179463686,0.6154411145333868,45.56244078617798
2015-01-13,24.65729280767819,24.960447781897702,24.09966654067397,24.389543533325195,268367600,48.466028811717514,-0.12821699970511347,-0.11326612950715526,25.554181616609466,23.350370461637606,0.632965409296983,55.12820298412584
2015-01-14,24.12843426037142,24.449290420951467,24.00894254649171,24.296607971191406,195826400,47.44521832422868,-0.126343348497155,-0.11588157330515522,25.548880258102553,23.390412840347157,0.6192070139514669,50.98630641255888
2015-01-15,24.340856236337245,24.354132526775988,23.601780139150986,23.637184143066406,240056000,40.867788625236464,-0.17603918813055586,-0.12791309627023537,25.547111617869554,23.393730629139725,0.6287173977852909,21.597499477829192
2015-01-16,23.683663301109657,23.80536831130288,23.278719381634467,23.45353126525879,314053200,39.236352126511775,-0.2276189024475812,-0.14785425750570455,25.597351652989186,23.267812340846266,0.6214267929197995,13.412567816742104
2015-01-20,23.862894935009862,24.11294304990514,23.56637979303794,24.0576229095459,199599600,46.76437859695145,-0.21724676508960883,-0.1617327590224854,25.54097429521105,23.23722738020399,0.6241400066145533,44.025986971473486
2015-01-21,24.10851564133684,24.57541774452879,23.95804479734744,24.24128532409668,194303600,48.83964103953767,-0.1919935672513695,-0.16778492066826223,25.506224758525114,23.222631900410434,0.6236566452264672,57.07662552724062
2015-01-22,24.398396505882765,24.88742637071064,24.27890479360892,24.871936798095703,215185600,55.28539736174159,-0.11971195771719678,-0.15817032807804915,25.487616694626702,23.229290806594,0.6252626738970024,90.13928538299949
2015-01-23,24.849803832464627,25.17065992099816,24.679416881433152,25.000274658203125,185859200,56.4868613892011,-0.05147905020787036,-0.13683207250401339,25.50315815027722,23.223486174979126,0.6156898428732884,91.55705616875171
2015-01-26,25.16845201286075,25.30564657649949,24.960449421311637,25.026832580566406,222460000,56.74586926605553,0.004685017006000436,-0.10852865460201062,25.538889478666718,23.211874414460723,0.5963689366100432,87.05037089094752
2015-01-27,24.87636624560276,24.88964423045728,24.126225098450885,24.15056610107422,382274800,46.839178324072854,-0.02126678644126656,-0.09107628096986181,25.417504668935024,23.225939392344273,0.618100261289006,43.01322324987649
2015-01-28,26.02923430226332,26.13766300317951,25.5158634185791,25.5158634185791,585908400,58.88358313492856,0.0675555670855168,-0.05934991135878609,25.492757430908505,23.181665596130067,0.7158857356330265,78.25072240269033
2015-01-29,25.739358348523535,26.37443425420899,25.57118462619374,26.31026268005371,337745600,63.99511801449914,0.19974674734994124,-0.0075305796170406225,25.845697541351505,22.969903044585998,0.7260775284899451,97.92708383049792
2015-01-30,26.19961358023362,26.553662070188867,25.85662810319913,25.92522621154785,334982000,60.09546905403883,0.2703238597862807,0.04804030826362365,26.07295511793638,22.892673696760887,0.7240029883827873,80.81078301500247
2015-02-02,26.122169732854424,26.37000286961693,25.68624677706615,26.250511169433597,250956400,62.191578772641606,0.34848736207017694,0.1081297190249343,26.353216561282515,22.818203154598834,0.7211282101090725,90.74332195751845
2015-02-03,26.2217437998551,26.352298507154856,26.02480425574212,26.25493621826172,207662800,62.22065145049921,0.4061082026598548,0.1677254157519184,26.563634947874487,22.882172127626003,0.69301149877362,90.87844031679803
2015-02-04,26.22174579451633,26.666520183230848,26.179701948787283,26.456302642822266,280598800,63.59260611493416,0.46268814066333164,0.22671796073420106,26.773114958396395,22.966995438942472,0.6782834084643303,93.79486715070365
2015-02-05,26.66290499248517,26.70955879365363,26.491847269498656,26.64513397216797,168984800,64.88057212795212,0.5168078204638498,0.2847359326801308,27.005219987520604,23.01510510098037,0.6479243186334043,98.12218487230953
2015-02-06,26.6629099497212,26.714006091744032,26.314128399521028,26.42076301574707,174826400,62.07074846927034,0.5354211933513184,0.33487298481436834,27.180546520368384,23.00594639955349,0.6302067024612329,90.68367562828197
2015-02-09,26.336340464499862,26.62291744894482,26.309681391456404,26.59626007080078,155559200,63.4057006458295,0.5579024193118656,0.3794788717138678,27.36963699590841,22.997918240907996,0.6075659421060315,95.72758800413301
2015-02-10,26.696224025732484,27.13608933316212,26.694003707869587,27.107208251953125,248034000,67.04263622468756,0.6099174521727413,0.4255665878056425,27.62212875328845,23.038656540290653,0.6027276078385534,99.04045236074363
2015-02-11,27.27383176532612,27.75146295792522,27.213850962022807,27.742576599121094,294247200,70.91380797731215,0.6944039990352877,0.4793340700515716,27.982461043756857,23.013627556401836,0.6056938291338063,99.75487515168412
2015-02-12,28.004714549879026,28.320174313577628,27.895859634991865,28.09357643127441,297898000,72.81360668132152,0.7806837132556623,0.5396039986923897,28.35902654343655,23.016758902730444,0.6036869637997155,94.59702846458123
2015-02-13,28.27574571104656,28.27574571104656,27.91363549507092,28.23131561279297,217088800,73.54387461800336,0.8503728404354369,0.6017577670409993,28.63593208969282,23.199266503446832,0.5864314818122817,97.88126426366435
2015-02-17,28.32239884896467,28.631194314145105,28.19577119996392,28.397932052612305,252609600,74.43834236776904,0.9085730653005015,0.6631208266928997,28.83856683170236,23.491071840172644,0.5756451698386319,92.51244027192107
2015-02-18,28.353495418040563,28.60897268589637,28.313507657029223,28.595643997192383,179566800,75.49700447285383,0.9595893160837861,0.722414524571077,29.08269348461465,23.700747296025,0.5556323026263829,98.83822861435047
2015-02-19,28.5423336729602,28.664519002555856,28.50901194207033,28.535669326782227,149449600,74.48918848712661,0.9838395181623731,0.7746995232893363,29.25999356449798,23.952885616410224,0.5270519281877503,95.67367701747132
2015-02-20,28.573428232665083,28.76892471313477,28.446802295850947,28.76892471313477,195793600,75.8400064617788,1.0102343851618976,0.8218064956638487,29.49064118843061,24.111936783981495,0.5124141059803269,100.0
2015-02-23,28.88444919649405,29.546466827392575,28.80447366197079,29.546466827392575,283896400,79.69894669066552,1.0814276332628694,0.8737307231836529,29.842619061028017,24.21457812830304,0.5313518208572896,100.0
2015-02-24,29.533133311671225,29.679755665976195,29.139920048689252,29.36207389831543,276912400,76.57527882258593,1.1101724500165844,0.9210190685502392,30.077960436568475,24.412760884537484,0.5319578063165507,90.92351737058729
2015-02-25,29.22656176210634,29.23544981494057,28.469016273438623,28.611194610595703,298846800,65.34401499122046,1.0601425775124618,0.9488437703426837,29.956472756635133,24.98031141542297,0.5577506504994261,68.29265564086852
2015-02-26,28.611202305372544,29.073282872856037,28.12690837942726,28.97331428527832,365150000,67.79704282986924,1.0377510266361973,0.9666252216013865,30.03686652341266,25.245662735315367,0.5855094964229511,79.03780975870221
2015-02-27,28.880008831472114,29.00663818960628,28.48901916300469,28.53789329528809,248059200,62.10470513214172,0.9736471282964665,0.9680296029404025,30.094218952873454,25.41107336737801,0.5806601771499967,66.11759036525056
2015-03-02,28.713384708226037,28.94220289932046,28.502339231657224,28.677839279174805,192386800,63.174892190164464,0.9234913647415262,0.9591219553006273,30.099432386252843,25.681121240761314,0.570603283615228,66.44341523142639
2015-03-03,28.64896519963325,28.773370827213807,28.455689023399984,28.73782539367676,151265200,63.64877228089148,0.8784566375890499,0.9429888917583119,30.112356581926726,25.916928467511752,0.5525374636294135,61.801838052001266
2015-03-04,28.680065445448587,28.782254325481716,28.5067857012194,28.55565643310547,126665200,61.07826147245671,0.8186301207420925,0.9181171375550681,30.067305100498892,26.19205197042396,0.5327468322460494,36.98628096333263
2015-03-05,28.564547284367386,28.602313038496664,27.93807338891241,28.08247375488281,226068400,54.878553925121565,0.7246816090437562,0.8794300318528058,29.982290752526588,26.43968342960232,0.5421391763416353,9.55983984517575
2015-03-06,28.52455744842278,28.740046987832677,28.04914996550868,28.12468147277832,291368400,55.31426754340693,0.6461837427983319,0.8327807740419111,29.89737056420004,26.6725583679899,0.552764736768947,10.71424371272255
2015-03-09,28.42680835917628,28.78447791228204,27.78256181176065,28.24464225769043,354114000,56.59709725767902,0.5868881695472012,0.7836022531429692,29.73024431742808,27.022072538956195,0.5848469770369785,24.355995298163176
2015-03-10,28.082474047098263,28.262418155621692,27.502652258634235,27.660381317138672,275426400,49.19027951077253,0.4871356292118776,0.724308928356751,29.552989904491625,27.305739076526443,0.5973411856048698,7.2449043059929386
2015-03-11,27.713696495390376,27.718138827229005,27.127210388514765,27.156089782714844,275756000,43.855449616108515,0.3632021418246154,0.6520875710503239,29.543473864001903,27.320143270092338,0.5968831322555391,1.1313959621041454
2015-03-12,27.17163979527501,27.747019210467062,27.02057509311064,27.647048950195312,193450800,49.58771215167279,0.3011290338207928,0.5818958636044177,29.551908730173174,27.302155639028484,0.6061374883341736,23.558906208824286
2015-03-13,27.6359451838697,27.85809908133666,27.231625158275826,27.45599937438965,207309200,47.553095275050346,0.23382416499203984,0.5122815238819421,29.593554561211548,27.196752102301637,0.6075900908146495,16.374378096850773
2015-03-16,27.52041505965441,27.758119583129883,27.29604091812747,27.758119583129883,143497200,50.978512210404844,0.20252852469816318,0.4503309240451864,29.60177459629608,27.141212464250792,0.597196417542347,33.29960303171836
2015-03-17,27.969177766962392,28.284635914179564,27.9136392891467,28.22243309020996,204092400,55.76061477303744,0.21274038515011284,0.40281281626617166,29.594707958111773,27.130729206194868,0.592147839935728,58.549882694378965
2015-03-18,28.213546926091023,28.6934001912993,28.07359057118853,28.54011344909668,261083600,58.72722059749938,0.2436587615960235,0.3709820053321421,29.589969881948694,27.12991422754838,0.5941236813768026,76.51007456244602
2015-03-19,28.60231549132104,28.713392444685397,28.30240805621725,28.32462310791016,183238000,55.98474607238838,0.24791571009465585,0.34636874628464487,29.576688059795348,27.122091427814514,0.5810423033118987,67.8616332770287
2015-03-20,28.491238588858963,28.52456031900796,27.804783829392747,27.96917724609375,274780400,51.69636383014549,0.2200710202538687,0.3211092010784896,29.531248484066854,27.087556256838905,0.5909518880478497,53.778594981140735
2015-03-23,28.240199836860707,28.402371208638087,28.106906162375846,28.26019287109375,150838800,54.75232329520009,0.21896236986289708,0.3006798348353711,29.31925230959858,27.170925035677303,0.5796834647975988,70.2769883074072
2015-03-24,28.26463950967953,28.44458191910523,28.11579511873549,28.144676208496094,131369200,53.31055982678644,0.20638346704322785,0.28182056127694244,29.121067315690762,27.24737026060318,0.5617622744813231,63.728063880157805
2015-03-25,28.11135271456754,28.173555530969583,27.40934562683105,27.40934562683105,206620800,45.15871794676888,0.13551740313951655,0.2525599296494573,29.099065207876077,27.1491874700414,0.576222819456838,22.040360131803503
2015-03-26,27.27160843766041,27.74257353801557,27.23606300636597,27.60039520263672,190291600,47.40882663881541,0.09369162233176453,0.22078626818591873,28.97013664303196,27.140824126621357,0.5712433703277495,32.87143164715002
2015-03-27,27.67370373970212,27.70258312869527,27.30492924720013,27.380460739135746,158184800,45.114054079555835,0.04230979558109027,0.18509097366495306,28.9300394385672,27.06517807547089,0.5588441211254205,21.259567412297564
2015-03-30,27.55818859325754,28.08024985525264,27.54708022165996,28.073585510253903,188398800,52.85844336659106,0.05686322023223056,0.15944542297840855,28.844542267559795,27.090249869586202,0.5689116207676685,62.204609148393445
2015-03-31,28.01137935360332,28.10024123645553,27.62705412549918,27.64260482788086,168362400,48.29532069540669,0.03323723673276646,0.13420378572928013,28.721342066675714,27.10392801389069,0.562074155781146,36.74523622950646
2015-04-01,27.72924681302508,27.79589365397358,27.34714187403941,27.602619171142575,162485600,47.88231689909118,0.011158339872494594,0.10959469655792303,28.625004345229083,27.104962009141037,0.5539797003635049,25.037265721103495
2015-04-02,27.77589957273979,27.89364085892032,27.589291125563008,27.84032440185547,128880400,50.58754925011289,0.012695138914935455,0.09021478502932552,28.60599231108265,27.09975910798473,0.5361489884344911,40.90227811184018
2015-04-06,27.651489718775583,28.326837619766778,27.62038831566212,28.29129219055176,148776000,55.325303696595064,0.04972914821552621,0.08211765766656566,28.63049431070604,27.091918180138684,0.548313296696646,71.42815656514594
2015-04-07,28.355722521723493,28.46235544029756,27.98694794388029,27.99361228942871,140049200,51.794995457708005,0.05443113890884277,0.07658035391502108,28.599573761190477,27.097735732828077,0.5431057395338336,51.278290638038726
2015-04-08,27.958069147493138,28.080254475572733,27.762574317465607,27.902530670166016,149316800,50.72838516350509,0.050228966674289666,0.0713100764668748,28.606691645931576,27.114832783389716,0.5270039122890687,45.113002321147974
2015-04-09,27.958066080579396,28.12023916234062,27.693704110033863,28.115795135498047,129936000,53.16059893574447,0.0633768065549134,0.06972342248448252,28.58392819717006,27.23356676742955,0.5198275651474751,68.2758218042563
2015-04-10,27.98027863651839,28.260192981167595,27.82699362210292,28.23575592041016,160752000,54.520557156553465,0.0825250992001827,0.07228375782762256,28.616648179773488,27.259717481847606,0.513639836141561,81.52157563584528
2015-04-13,28.51788508502756,28.562318561327945,28.12689557809171,28.180212020874023,145460400,53.74249585286839,0.09215601342707203,0.07625820894751245,28.621061097055275,27.32772582921426,0.5080529180768949,71.189071440694
2015-04-14,28.213543848237517,28.277968679310423,27.97139692324936,28.05803680419922,102098400,51.98512249777131,0.08890521938658935,0.07878761103532783,28.628809240077306,27.349969408299156,0.49366140650433554,61.977029597196676
2015-04-15,28.082473184828803,28.24242255699414,27.993611292581647,28.164669036865234,115881600,53.4168652211834,0.09385141105601846,0.08180037103946596,28.621998677683532,27.351003565358457,0.4761721106406324,70.0171265654671
2015-04-16,28.053592794550752,28.235758915493303,28.01582704024673,28.02915573120117,113476000,51.322394979358954,0.085846922469905,0.08260968132555377,28.54144311050595,27.380463360746493,0.45786923668391394,57.59763311678824
2015-04-17,27.891419301645172,28.0224892725456,27.649270699868765,27.713695526123047,207828000,46.72904027644021,0.05343237035239312,0.07677421913092164,28.494381347164193,27.36643236590954,0.4522989363016632,30.164638271784277
2015-04-20,27.895860209527733,28.462351537154245,27.806998326302168,28.346832275390625,188217200,55.3637608584548,0.07793407310386513,0.07700618992551034,28.543222998591972,27.355356217411448,0.4734672987823442,82.2670819649987
2015-04-21,28.457919548746045,28.4801329076786,28.14023766883118,28.19355583190918,129740400,53.11899924127294,0.08401524560174778,0.07840800106075782,28.5332581397908,27.358657372294164,0.463926437358421,69.65357109988689
2015-04-22,28.2113189169154,28.628967574063932,28.06247623374485,28.573429107666016,150618000,57.69688548945756,0.11812553954962013,0.08635150875853029,28.613585545724128,27.32120525627783,0.47125250185561113,94.65810094303903
2015-04-23,28.502344291255756,28.9733094454926,28.466798855894663,28.80669403076172,183083600,60.26290312631224,0.1621119968833682,0.10150360638349787,28.729899522699554,27.344626119695462,0.4737709366943487,87.68476513100526
2015-04-24,28.98885732208639,29.019958725725385,28.70894129953666,28.94220352172852,178103600,61.71572600346495,0.20553676476462002,0.1223102380597223,28.874429580372666,27.334276893931534,0.4621456859439469,94.32728655025116
2015-04-27,29.393168929987628,29.575336674295198,29.135469706732135,29.468700408935547,387816800,66.79529575669606,0.2792164711751113,0.1536914846828001,29.119082584490187,27.29844785679399,0.47435907641699915,94.46351958990365
2015-04-28,29.870811948737703,29.888581275967137,28.784479620133364,29.004409790039062,475696000,59.32064108946275,0.29672335450583276,0.18229785864740664,29.22946454603934,27.281148323223356,0.519340689232483,60.515906307708455
2015-04-29,28.9155480559562,29.233226457714377,28.502341728977694,28.57787322998047,253544400,53.40774148336756,0.273032402415474,0.2004447674010201,29.241563991067533,27.36257571840512,0.5344509777684973,41.46823312600254
2015-04-30,28.577867636730357,28.577867636730357,27.675923658298736,27.80255126953125,332781600,44.68812625455911,0.18951058951778776,0.19825793182437365,29.224076705320815,27.400056213990705,0.5607008773337284,6.844989314950266
2015-05-01,28.01360551944855,28.90888713039242,27.835883422298416,28.646743774414062,234050400,53.575688752672,0.18925659872514444,0.19645766520452781,29.247735110781804,27.45703974578558,0.5996748047285456,44.54375758289093
2015-05-04,28.768931310016274,29.00663762053105,28.49345924162338,28.59120750427246,203953200,52.972662802733986,0.18247058896205814,0.1936602499560339,29.268450448365616,27.466315939573835,0.5934964885984829,42.0636964991638
2015-05-05,28.46902006448425,28.535666910420105,27.94251642220985,27.94696044921875,197085600,46.44223322915686,0.12368155026633332,0.1796645100180938,29.270423129067257,27.4596780748512,0.5974389595602064,13.29381250316157
2015-05-06,28.115797108344967,28.15800689181304,27.40490530461807,27.771459579467773,288564000,44.82122513431194,0.06221221637625263,0.15617405128972556,29.279724928728164,27.437269166120466,0.6085577186769755,14.758538516222059
2015-05-07,27.83392215617779,28.126160542069265,27.66661076578918,27.943233489990234,175763600,46.77923908140579,0.027046272813155525,0.13034849559441156,29.283812451790393,27.415925478507457,0.5979142942200547,21.67465448722603
2015-05-08,28.260011889993745,28.469709396362305,28.132855289786765,28.469709396362305,222201600,52.3591723680266,0.041184465996384034,0.11251568967480606,29.295352684842037,27.427780593051033,0.592811552230913,42.872101837256245
2015-05-11,28.41839452963739,28.45631803271888,28.02577002755684,28.179697036743164,168143200,49.293270500831426,0.028657170247285535,0.09574398578930196,29.29534802007061,27.427733759409374,0.5821778248433808,31.195362884001664
2015-05-12,28.01908022514789,28.30462472292589,27.845076653188137,28.07931327819824,192640000,48.24032158916469,0.01050793876224887,0.07869677638389135,29.295003420169472,27.430206006710414,0.5734185566215503,27.153621541615543
2015-05-13,28.141764070535693,28.373769302750517,28.079301450704538,28.11053276062012,138776800,48.607994944263396,-0.0013408501426575015,0.06268925107858159,29.295026385591967,27.424769413663405,0.5534935062947238,28.410608474775124
2015-05-14,28.422858655086724,28.766403198242188,28.367088193902088,28.766403198242188,180814000,55.723714293942294,0.041711339900469824,0.058493668842959236,29.335111524622985,27.45840902133649,0.5608061442466769,54.81785503946347
2015-05-15,28.79317492809337,28.88686889308668,28.60132440816648,28.72624969482422,152832000,55.219625806393864,0.07176321684222842,0.06114757844281307,29.338645180150746,27.556130782678846,0.5411445971519286,53.201158502509074
2015-05-18,28.639248375290997,29.16125907609517,28.63478578527864,29.043025970458984,203531600,58.41565320898498,0.1197602225669776,0.07287010726764598,29.41052961721574,27.553865715120683,0.5400966466994,89.59698699906835
2015-05-19,29.154564066392645,29.196950157503423,28.920327470857305,29.016254425048828,178532800,58.03864956187577,0.1538643035144247,0.08906894651700173,29.47052922058677,27.57613597106362,0.5212770781241656,89.91678516507785
2015-05-20,29.000642274660084,29.219261547929744,28.853407427700088,29.014026641845703,145819600,58.005101558943046,0.1786528707987607,0.10698573137335352,29.5176280356992,27.57309690936916,0.5101754382745578,88.68827955697205
2015-05-21,29.016254208871537,29.36426130640744,28.96271334618968,29.310720443725582,158921600,61.22006939959711,0.21970606445298912,0.12952979798928066,29.596024208877243,27.545103377487504,0.5024163326990722,97.26742548914231
2015-05-22,29.357576175301336,29.663197255447688,29.312957077037076,29.567270278930664,182384000,63.800713185442184,0.26983198862063773,0.15759023611555206,29.709752656726664,27.493881605358297,0.49170636691500313,95.75223316534499
2015-05-26,29.58065318218476,29.64980800756936,28.80432593242277,28.91586685180664,282790400,53.978586632698295,0.25406562176065606,0.17688531324457285,29.616701204540245,27.531649701831828,0.5169760603601163,66.90727240264467
2015-05-27,29.076480619826217,29.50479726182393,29.01178839640263,29.455718994140625,183332800,59.53808828454686,0.28188284857494494,0.19788482031064727,29.696445960519682,27.497035866262543,0.5221156567642002,89.60835093387065
2015-05-28,29.415563472986182,29.435640016117567,29.24602254661372,29.3977165222168,122933200,58.71736113973743,0.29583765417540775,0.2174753870835994,29.794135570399114,27.48133058560675,0.4997999989615363,85.3980680433988
2015-05-29,29.275027874530984,29.32410614991161,28.978328629351232,29.063100814819336,203538000,54.08536507456547,0.276706546244629,0.22932161891580533,29.801571427833707,27.59994968270096,0.49405627709753863,66.9935844804489
2015-06-01,29.06310132744831,29.31072230161509,29.011793458266705,29.12110137939453,128451200,54.75167266809073,0.2631912611795677,0.2360955473685578,29.840721625436593,27.60823524559612,0.4801186032583134,70.18372294008203
2015-06-02,28.969401122461218,29.147867233632,28.84893845469676,28.9917106628418,134670400,52.90711068940236,0.23928126544997497,0.23673269098484126,29.865041656272,27.623965530617653,0.4671764729495223,57.60538094772099
2015-06-03,29.14788236350113,29.210345024239874,28.978337938101934,29.027416229248047,123934000,53.37392292462473,0.22066981807657626,0.23352011640318826,29.85977903073525,27.73727373415733,0.4503786596058379,50.94694998571515
2015-06-04,28.906940742021543,29.13002254734294,28.75747634093119,28.85786247253418,153800400,50.79880815408526,0.19004778819629564,0.22482565076180977,29.79756732830909,27.908125725890127,0.4448191986634029,24.159019135344973
2015-06-05,28.889095240348773,28.93148133012239,28.634782105665423,28.6994743347168,142507200,48.44734918677243,0.15125543141923004,0.21011160689329383,29.737559390533015,28.04375774813886,0.4342392005058005,6.290478029721205
2015-06-08,28.75524321274129,28.824401431399306,28.29346564789768,28.509855270385746,210699200,45.71885367187859,0.10401254355415901,0.1888917942254669,29.73554652714955,28.04978519892467,0.4411460992912166,15.797957884254025
2015-06-09,28.2644677817625,28.572321802981325,28.0235406937391,28.425086975097656,224301600,44.511967937560726,0.05905141362488209,0.16292371810534995,29.710432496318386,28.09943822359128,0.4488343142877172,24.48965781834999
2015-06-10,28.536625784357813,28.85340155782325,28.521010125158224,28.75078582763672,156349200,49.97603924794674,0.049134181391384146,0.1401658107625568,29.649547999084955,28.22746997576856,0.447368619176137,44.353503708105784
2015-06-11,28.81770984255118,29.040791677792328,28.66155323867411,28.686092376708984,141563600,48.94504895455323,0.03564360527812127,0.1192613696656697,29.576530559839522,28.358043376622877,0.44250217774342854,40.407954838998634
2015-06-12,28.596862444941216,28.628093767290103,28.35593364226745,28.36931800842285,147544800,44.14297603777591,-0.0006018795203708294,0.0952887198284616,29.607962493964607,28.28690292351586,0.43447764607900763,21.26202203925262
2015-06-15,28.1306200910292,28.38493325615415,28.04361830832747,28.31354713439941,175955600,43.3368199767543,-0.03344143870601002,0.06954268812156728,29.640099157464903,28.213496003973084,0.4278231676324127,19.57840707064473
2015-06-16,28.33808390657301,28.521010934665533,28.190850787366475,28.465240478515625,125976400,46.21402190899183,-0.04668844550365847,0.046296461396522125,29.637699176766212,28.158117435477443,0.42084723760860165,31.279654184136874
2015-06-17,28.492013209803734,28.52770541959122,28.273392255180084,28.39831924438477,131672400,45.125411032369925,-0.06187353850366151,0.0246624614164854,29.636990529814604,28.097032564362642,0.4089519466659256,28.816585037451365
2015-06-18,28.382698613475533,28.62362566779641,28.38046731888597,28.527700424194336,141628800,47.69088788633878,-0.0627445737923189,0.0071810543747245405,29.623762549333726,28.061627923078383,0.39710954682624816,39.16772329330916
2015-06-19,28.489779853302345,28.51431899037157,28.19754320526969,28.242158889770508,218867600,42.921579735480854,-0.08549021303185711,-0.011353199106591789,29.58164124879648,27.996893068220125,0.39232723769041955,18.42074471864802
2015-06-22,28.440697833356523,28.56785438961377,28.34923518158224,28.46746826171875,136157200,47.39217139570034,-0.08436322592130452,-0.025955204469534338,29.448067056367634,28.020487058927777,0.38756782784419413,37.40528717082904
2015-06-23,28.43846536488807,28.467465382863487,28.304614938592,28.338077545166016,121075600,45.20257159020784,-0.0928406210905024,-0.03933228779372795,29.43483063103543,27.975944553595916,0.37151679179294816,28.42675190763055
2015-06-24,28.37824362182489,28.95602653271308,28.358167071081134,28.57901763916016,221123600,49.84908936155184,-0.07920414973816747,-0.04730666018261585,29.300952874599314,28.02215217453399,0.38911909148967067,54.6056926096809
2015-06-25,28.74632739649364,28.822174408726447,28.44293594360352,28.44293594360352,127752400,47.404198097625624,-0.07847321314199363,-0.05353997077449141,29.15714267114851,28.070484320123466,0.3884133324634747,41.22829630435374
2015-06-26,28.48085628540225,28.55224240156402,28.22208225255806,28.27562141418457,176267200,44.51343778470836,-0.09035328837622458,-0.06090263429483804,29.094305887993052,28.054573163215444,0.3842523907879379,24.78058260912725
2015-06-29,27.987848342323893,28.21316148452477,27.76922908520098,27.78038215637207,196645600,37.268938221757466,-0.1381376381045989,-0.07634963505679021,29.07412106328194,27.94068606562431,0.3929766720876274,0.8771153882689672
2015-06-30,28.012380988668923,28.1350766569672,27.85399311812508,27.981149673461918,177482800,41.4304596694683,-0.15798565845891943,-0.09267683973721605,29.021979986572777,27.891771043395483,0.3902422312667347,16.66615465850248
2015-07-01,28.309084118501,28.318007595797013,28.106078839469976,28.242158889770508,120955200,46.40801839459829,-0.15091444736764714,-0.10432436126330227,28.921624891208488,27.913600404812023,0.3864290663430462,39.849243488089556
2015-07-02,28.20423728718423,28.26223904252488,28.05700245485321,28.20646858215332,108844000,45.83441018830181,-0.14650159202209778,-0.11275980741506138,28.852101121778194,27.91798478520423,0.3734867464379477,36.841964723545054
2015-07-06,27.87184450329126,28.15962026945185,27.851766253476693,28.10831069946289,112241600,44.21573843596365,-0.1492049513588931,-0.12004883620382774,28.81349436813794,27.897475175319094,0.3721450023121391,28.571144551476134
2015-07-07,28.083773555997496,28.141775312716643,27.6108394280941,28.03915786743164,187787200,43.061939331427304,-0.15513909184053887,-0.12706688733116997,28.804696726376573,27.859203076785047,0.3834872081914537,31.84080771119654
2015-07-08,27.769228694850813,27.80492090486777,27.336449372781665,27.343141555786133,243046400,33.56754908822714,-0.21354304908032873,-0.14436211968100174,28.922198491880366,27.633506769350106,0.4062887286527767,0.4132055680972388
2015-07-09,27.62867981628414,27.675526788735414,26.595811723906333,26.785430908203125,314380000,28.201860587771094,-0.30135733448472735,-0.17576116264174685,29.071966480873897,27.28720328841321,0.454390609808227,8.033979940692662
2015-07-10,27.202595177161108,27.62868052920045,27.039744714646357,27.501523971557617,245418000,41.198705219541175,-0.3095991959500992,-0.20252876930341732,29.02829745309473,27.21241547567724,0.4821662534645913,38.37414477155938
2015-07-13,27.89191663850359,28.054767098202955,27.7335287678256,28.032459259033203,165762000,48.62442027363301,-0.27017448674742184,-0.21605791279221825,29.00447971736695,27.202547336466058,0.48724317297750175,60.86935518607292
2015-07-14,28.11723798199129,28.190855404641717,27.89415612085393,28.021312713623047,127072400,48.48598365468574,-0.2370964533963047,-0.22026562091303553,28.98499134230979,27.192812269445582,0.47363289517823653,60.39708692605842
2015-07-15,28.04584721121312,28.364854287903665,28.01461589198293,28.291236877441406,134596800,52.04642393289447,-0.1869462494873133,-0.2136017466278911,28.964203649421584,27.196199602226365,0.4648190023741292,76.15224442517372
2015-07-16,28.49647305192128,28.68163308494207,28.40947127265685,28.66824531555176,144889600,56.56227259211011,-0.11544959039896341,-0.19397131538210557,29.005940573902706,27.18145528486194,0.45950308845459603,99.35815359644884
2015-07-17,28.795404156613905,28.91586685180664,28.623630187654307,28.91586685180664,184658800,59.27497273030623,-0.03836473961255038,-0.16285000022819454,29.079156970201666,27.147055531324213,0.4475554867187202,100.0
2015-07-20,29.21703569625736,29.66319948069564,29.156802632249523,29.462427139282227,235600800,64.53901989316269,0.06606683011403192,-0.11706663415974926,29.31314195968217,27.03509736679488,0.46896813973088286,93.45461489278537
2015-07-21,29.63642482556907,29.652038784847903,29.072028023261137,29.167951583862305,307025600,60.03636523751951,0.12364261017840761,-0.0689247852921179,29.42652935000011,26.991758308691296,0.47689975557773173,83.85440850322362
2015-07-22,27.213750178573317,27.9967678270227,27.213750178573317,27.93430519104004,461802400,45.663544241146276,0.06893226852018941,-0.04135337452965644,29.41072195838066,26.967188464898147,0.5824213019856785,43.63626555433386
2015-07-23,28.15292107366188,28.351463729591224,27.89860797051689,27.920917510986328,203998000,45.53614021386618,0.02421452472647445,-0.028239794678430265,29.369000687495536,26.94309972296589,0.573166620349154,43.199813396497646
2015-07-24,27.95660863234755,28.050302571575923,27.639832912873192,27.773681640625,168649200,44.07952957688504,-0.022842005223083106,-0.027160236787360837,29.33913475009266,26.906040230070914,0.561545408802981,38.399772383246585
2015-07-27,27.4591386426935,27.575142134749036,27.242750720858236,27.387752532958984,177822000,40.42897702578945,-0.09023571670423891,-0.03977533277073646,29.33534930126614,26.82103879077487,0.5593586595861083,25.818086001672995
2015-07-28,27.52383804321289,27.642072853388196,27.33868140119759,27.52383804321289,134472400,42.24532004578094,-0.1311529061725878,-0.05805084745110673,29.340424300957846,26.790309379767255,0.5410752876292867,30.254613791571643
2015-07-29,27.472520606459973,27.55059888639001,27.276207557517207,27.436826705932617,148046800,41.37662662479719,-0.16865698857416334,-0.08017207567571805,29.34365084231227,26.732650541659893,0.5220264334323951,15.13584287501304
2015-07-30,27.287362457709875,27.343132901067037,27.15128243976011,27.29851722717285,134513200,39.96967448679577,-0.2071517467263284,-0.10556800988584013,29.33311817225475,26.64881904545765,0.5051348500566889,5.861451035735903
2015-07-31,27.34982739127645,27.358750867204524,26.97282031969456,27.05982208251953,171540000,37.59383447504877,-0.25399196198340945,-0.135252800305354,29.333737001701508,26.53353556604752,0.4966202570176372,3.2338104638232092
2015-08-03,27.104439944865323,27.34313741374917,26.216573591216196,26.421810150146484,279904000,32.101231867721964,-0.33869117980166763,-0.17594047620461672,29.400150248173976,26.298472264643404,0.5416162259830183,5.954709490135169
2015-08-04,26.1942696543237,26.25673229818468,25.26401877543825,25.5741024017334,496554400,26.550647526796936,-0.4688146474266759,-0.23451531044902857,29.576289829769824,25.875827136477735,0.5856287366062481,7.048667628601246
2015-08-05,25.19708945065277,26.19872799073188,25.007470254866853,25.743640899658203,397250400,29.18778077611772,-0.5518961775271833,-0.2979914838646595,29.693745796869983,25.598421103764785,0.628887950839018,15.812144759348664
2015-08-06,25.987907127771592,26.10667542051298,25.573337945863237,25.79966926574707,211612000,30.081214393156316,-0.6062296299973902,-0.35963911309120566,29.774979614329393,25.41861112205977,0.6220629168254983,17.01557312408337
2015-08-07,25.67641522980246,26.050647781151817,25.658487491973187,25.887060165405277,154681600,31.532266381591896,-0.6349186206494899,-0.4146950146028625,29.82487020436571,25.207274151408214,0.6056413005650078,18.9380327765777
2015-08-10,26.113392450836592,26.888749139404773,26.113392450836592,26.828245162963867,219806400,44.815398094480855,-0.5750799255357819,-0.4467719967894464,29.770758235997775,25.140964710169214,0.6339304200960426,54.449116658252215
2015-08-11,26.400229288163885,26.48314379074808,25.39629993693712,25.432153701782227,388331200,34.212531534297014,-0.633013259024878,-0.48402024923653275,29.79278886728397,24.860018177698937,0.6909314776625216,12.69988862494352
2015-08-12,25.21702425673549,25.86464876132336,24.567158357722324,25.824312210083008,404870000,38.6064428655633,-0.6399054967484723,-0.5151972987389207,29.71264346679684,24.69347111145023,0.7342571152295583,36.09250077446043
2015-08-13,26.00359102685805,26.08426414446528,25.66745360672237,25.804149627685547,194143200,38.46419885076659,-0.6396214388969668,-0.54008212677053,29.54414516937048,24.575559840089966,0.7115823596947978,40.228476977385114
2015-08-14,25.61815048241141,26.06409226748677,25.548682636658828,25.98566055297852,171718000,40.58646999235894,-0.6176302492304266,-0.5555917512625094,29.2795702053177,24.547114174259935,0.6975700219185939,46.13143543521586
2015-08-17,26.003588714471064,26.36437631677474,25.88257904882109,26.25457191467285,163538800,43.68521949263415,-0.5719105447214226,-0.558855509954292,28.805780274541263,24.700118582575435,0.6821576823496696,56.55931602243386
2015-08-18,26.0909821304365,26.317315099765885,25.996864079315262,26.10666847229004,138242800,42.376109876613576,-0.5413713295301292,-0.5553586738694595,28.324866721569045,24.87490382439043,0.6563214922140235,55.148095910791504
2015-08-19,26.01703660122152,26.11115467079524,25.69882691284368,25.772777557373047,193146000,39.49849270007542,-0.5379102928405288,-0.5518689976636734,28.133613758882287,24.850004023710486,0.6388933683381334,43.18750661336127
2015-08-20,25.564366569513385,25.62487054080635,25.015341200347923,25.243915557861328,274006400,35.39819413097766,-0.5712570441947342,-0.5557466069698855,27.944766556496724,24.77115103078355,0.6473607246729185,24.37904560806095
2015-08-21,24.746433662141552,25.075848563806566,23.675276165355385,23.699926376342773,513102000,26.68785291974119,-0.714040592707974,-0.5874054041175032,28.000541565230208,24.30800049562184,0.7131663438038488,0.7670894134306754
2015-08-24,21.25956853943907,24.38116427748664,20.616425097540755,23.10832405090332,648825200,24.227831396490288,-0.8649641784134268,-0.642917158976688,28.142310012858708,23.73828919978778,0.9311358320997085,39.72847921648543
2015-08-25,24.898814636838587,24.898814636838587,23.193477641585982,23.24725914001465,414406400,25.954040456426085,-0.9622688703229088,-0.7067875012459321,28.104548315206568,23.34839300712009,0.9925183145165342,41.943528824637355
2015-08-26,23.997965110757317,24.625422182789386,23.54081981819115,24.580604553222656,387098400,40.06560617416728,-0.9211749763741679,-0.7496649962715793,27.87056711382108,23.296751993234587,1.0200643665349773,63.201126555697215
2015-08-27,25.149798445605093,25.376129707463,24.65455455578336,25.304420471191406,338464400,46.07379828837941,-0.8207408839396209,-0.7638801738051877,27.625309964406295,23.342599467051226,1.004025851371075,74.74096271750442
2015-08-28,25.136345977788555,25.39181017980728,24.99516893236221,25.3873291015625,212657600,46.73249627053477,-0.7260862383394802,-0.7563213867120462,27.409088669608213,23.391571463753603,0.9606412368049319,81.32150616912398
2015-08-31,25.104976636808537,25.66520552439128,25.098254163706805,25.268564224243164,224917200,45.86818334449897,-0.6531262499393229,-0.7356823593575016,27.293334037722673,23.39200150304881,0.9325205313677564,80.93560556212212
2015-09-01,24.68368749681841,25.071364966794416,24.05847179313516,24.139144897460938,307383600,38.56379764616599,-0.6786169603099843,-0.7242692795479982,27.290100024573896,23.251739765770346,0.952347095634917,61.28652915724718
2015-09-02,24.70161633857624,25.174448013305664,24.455114225615663,25.174448013305664,247555200,46.90988312498994,-0.608266505230322,-0.701068724684463,27.24959555035747,23.235324951351515,0.9582725256499034,79.29821847674525
2015-09-03,25.20805947006531,25.273046228566628,24.659035824002476,24.732986450195312,212935600,44.15532697110784,-0.5814331223222382,-0.6771416042120182,27.19059944007304,23.18765278008077,0.9336823741437783,71.61788949912417
2015-09-04,24.419263790310023,24.750918426214,24.316181851600227,24.48649024963379,199985200,42.649405660891716,-0.5734473127117248,-0.6564027459119595,27.11575318551911,23.122442043057546,0.8980433884630636,67.88528020331033
2015-09-08,25.04224146399056,25.22375515032208,24.721790341522624,25.16773223876953,219374400,47.93441532540908,-0.5063115218583398,-0.6263845011012356,26.86449227033476,23.207651665822464,0.8865592107648657,82.83041195297756
2015-09-09,25.492657928736985,25.55092050698643,24.59853131779331,24.683687210083008,340043200,44.77699876093827,-0.48655560228884553,-0.5984187213387576,26.82357015479912,23.173727132188183,0.8912613520811695,80.5592988538709
2015-09-10,24.710578952953487,25.38509511963697,24.627666158595986,25.22599029541016,251571200,48.84267915180699,-0.4222718795540139,-0.5631893529818088,26.755889798070058,23.18157529744996,0.881701895578299,91.3005678233643
2015-09-11,25.051197036127483,25.59349822998047,25.044474562517543,25.59349822998047,199662000,51.45123844763956,-0.33777805209457057,-0.5181070928043612,26.72701547133366,23.18938448441585,0.8579391649986295,98.57971057664827
2015-09-14,26.12459935168344,26.194067201152144,25.73916152298625,25.840002059936523,233453600,53.175900431599054,-0.2480657387085472,-0.4640988219851984,26.70304075984616,23.198793346599153,0.8395555797252757,88.20014753144669
2015-09-15,25.978939420966142,26.11339403988128,25.64056062411118,26.057371139526367,173364800,54.70397553436879,-0.1576113701487003,-0.40280133161789883,26.664272080968516,23.21784194796215,0.8133611394427629,94.84797148944227
2015-09-16,26.050642791706853,26.115629546628757,25.86912918257928,26.086498260498047,148694000,54.91628990470379,-0.08262289088442998,-0.3387656434712051,26.66041251195447,23.219684495796997,0.7728710840575284,94.96304682758327
2015-09-17,25.91843548009313,26.10443021019383,25.483697225582045,25.528514862060547,256450400,50.07410976673353,-0.06744115810676021,-0.28450074639831613,26.62664115933924,23.229029578880972,0.762004076954261,68.83527953875878
2015-09-18,25.14531985467209,25.61367221795262,25.06912952639982,25.423192977905277,297141200,49.192411690666695,-0.06317982366248742,-0.2402365618511504,26.644496103483956,23.229102376740652,0.7464711208541566,63.90354557080337
2015-09-21,25.472497002727764,25.853453826920845,25.470257317238865,25.817598342895508,200888000,52.561022611193316,-0.027658637091121818,-0.19772097689914467,26.68897446650286,23.396391210377022,0.723884672865686,82.37171437794916
2015-09-22,25.407496887300407,25.58677079398376,25.21477803600475,25.41197967529297,201384800,48.96542098722121,-0.03187049417767085,-0.1645508803548499,26.534597552056873,23.781133687261978,0.7152372181531913,58.35275428045755
2015-09-23,25.463523173916705,25.70778386168849,25.389574258979287,25.618146896362305,143026800,50.807437725198184,-0.018360797688067976,-0.13531286382149355,26.331073102693388,24.221746912260222,0.686878102764335,69.33144481225864
2015-09-24,25.37836857256682,25.882574570697287,25.181168619894965,25.77052879333496,200878000,52.18124478635824,0.004588783054458645,-0.10733253444630311,26.359080312860886,24.312732126103956,0.6879158061956199,77.4459922210776
2015-09-25,26.093228490675877,26.149251395054904,25.550925476927503,25.705549240112305,224607600,51.52049901919288,0.017333375879932333,-0.08239935238105603,26.392180905246562,24.31974441061037,0.6815165284764614,69.3822015452615
2015-09-28,25.51282568676956,25.674171895678256,25.196857452392575,25.196857452392575,208436000,46.55100983062716,-0.013458477489486143,-0.06861117740274206,26.38494213342271,24.30793601751723,0.6691719041366948,37.50001117741719
2015-09-29,25.28425458365043,25.436636933681488,24.170519104557982,24.439428329467773,293461600,40.31545364579258,-0.09785147238557101,-0.07445923639930785,26.419957054186803,24.190007507275602,0.7118108987786099,13.28899596517586
2015-09-30,24.688165512159813,24.99517154939205,24.365474844587325,24.71729850769043,265892000,43.31528395658288,-0.14068994166376925,-0.08770537745220014,26.346913977569944,24.320865944915408,0.7059455992090468,27.020825650387696
2015-10-01,24.441676295563592,24.56492738743349,24.04727451126353,24.55596351623535,255716400,41.99548227035129,-0.18551956857428564,-0.10726821567661723,26.37265880985897,24.233272662919354,0.7033797704388933,23.69530171067492
2015-10-02,24.204131643026145,24.87640637215257,24.101049723055397,24.735227584838867,232079200,44.03593313831459,-0.20422804494236857,-0.12666018152976752,26.37251990151151,24.23363568473117,0.7085209760573419,32.728860097379524
2015-10-05,24.62318446599663,24.957082181965,24.44167081655357,24.82486724853516,208258800,45.076368769951415,-0.20940755559181667,-0.14320965634217736,26.34482018826777,24.295173097865042,0.6947274324397766,36.993400986840115
2015-10-06,24.791251685464392,25.039993484121485,24.598532783627668,24.943634033203125,192787200,46.49566925212821,-0.20160489244517166,-0.15488870356277623,26.345456834706734,24.27212663086944,0.6766369515864937,42.643643174743886
2015-10-07,25.03999498001517,25.046717454485915,24.517862849816236,24.82486724853516,187062400,45.23676886222424,-0.2026684765921658,-0.16444465816865417,26.336390807034245,24.29531066238714,0.666081069663864,36.993400986840115
2015-10-08,24.692652458794942,24.692652458794942,24.24895036534952,24.538028717041016,247918400,42.260701601556526,-0.22407386296222853,-0.17637049912736905,26.35950180243494,24.20340350914953,0.6596407706297053,23.347269399666406
2015-10-09,24.650079618024016,25.16100826746643,24.535792406538167,25.125154495239254,211064400,49.57356958839951,-0.19145467210857703,-0.17938733372361065,26.327860019763744,24.18821091834661,0.6571818485081736,51.279345281453914
2015-10-12,25.26184580786937,25.266326887429173,24.972767450292466,25.008621215820312,121868800,48.266890165168945,-0.17301260843490596,-0.17811238866586973,26.255236383205713,24.177696470493018,0.6312088191244974,45.73536045852148
2015-10-13,24.83383362589596,25.19910235639154,24.802460935408405,25.05120277404785,132197200,48.79797301800506,-0.1531952250321389,-0.17312895593912356,26.128066961016646,24.204249056134234,0.6144540049715429,47.7611466865191
2015-10-14,24.939157198421825,24.990697314846265,24.55147793418035,24.6971378326416,177849600,44.689804865616274,-0.1641674672642921,-0.17133665820415728,25.97586000031227,24.217519974052966,0.6062590646069685,30.916768228483114
2015-10-15,24.85847596776033,25.120662673656284,24.75987513763897,25.06688117980957,150694000,49.473543024365256,-0.14139790323033807,-0.16534890720939344,25.928959894865674,24.21825671127446,0.5932066200646624,62.67184877876252
2015-10-16,25.04896024962485,25.09826067807755,24.76884573312845,24.883132934570312,156930400,47.284816828347,-0.1366051087700555,-0.15960014752152585,25.889496730528585,24.203713871278055,0.574364357556408,60.16129483710287
2015-10-19,24.829348812117825,25.042235138369406,24.6747250681917,25.03775405883789,119036800,49.31676694867518,-0.11895886833942626,-0.15147189168510594,25.76849256930233,24.246733604098544,0.5595890513150721,81.24995832334734
2015-10-20,24.95035151126668,25.584530986610467,24.833824661473976,25.49489402770996,195871200,54.85705405155222,-0.0673108036095158,-0.13463967406998792,25.78275135346555,24.24076625517703,0.5732402851594591,94.16903032525678
2015-10-21,25.546438204219225,25.90050328439108,25.47921005138757,25.492656707763672,167180800,54.82546665149784,-0.026257196610465883,-0.11296317857808352,25.757507399584743,24.25346119019797,0.5623869242911768,77.33497627331522
2015-10-22,25.620394929783124,25.88258171081543,25.56885310571736,25.88258171081543,166616400,59.23146360922977,0.037311666057995296,-0.08290820965086776,25.78835449777063,24.23381938376013,0.5500682156312183,98.91486531439459
2015-10-23,26.151486839811653,26.718439976330387,26.06857404897229,26.6848258972168,237467600,66.47608133273093,0.15068781360452732,-0.03618900499978875,26.10038099777696,24.019720549464253,0.5704817906229139,98.63882484201926
2015-10-26,26.460737756104727,26.471941310810404,25.75260744686708,25.83328056335449,265335200,55.252570730514634,0.16986849728753484,0.005022495457675965,26.187295870577948,23.996447987759453,0.5963201234605429,64.15617992317377
2015-10-27,25.860172429236385,26.11563673075913,25.544202434904744,25.66969490051269,279537600,53.38779153810203,0.16991070658697893,0.038000137683536564,26.23259535851254,24.074175156929357,0.5945425643458175,57.53190978596021
2015-10-28,26.2030282619658,26.73412591686657,26.0080679737833,26.72740173339844,342205600,62.257516521992414,0.2523829460507976,0.08087669935698877,26.520267685575277,23.987513152437415,0.6281060252035362,99.6941235969639
2015-10-29,26.599669991881104,27.04561346922825,26.503310543623737,27.00975799560547,204909200,64.21512901332756,0.33664593582328806,0.13203054665024863,26.821173888721102,23.931986397228602,0.6219772323750345,98.56240877374401
2015-10-30,27.11284578694581,27.1643876140152,26.7677444721953,26.778949737548828,197461200,61.41110475382437,0.3804154720584876,0.18170753173189644,27.018349929317225,23.93918257190348,0.6058819401925251,85.24871030020698
2015-11-02,27.070264209002307,27.195754949768546,26.803594675190933,27.155418395996094,128813200,64.16009632056054,0.44040431255128,0.23344688789577317,27.273075245473365,23.917512370493434,0.5923764596230388,98.47457155454346
2015-11-03,27.06802472448119,27.67307136407972,27.04785559133018,27.466907501220703,182076000,66.2992840906208,0.5072333975416008,0.28820418982493873,27.564278375491988,23.878636587276567,0.5947221248463604,93.12408099285415
2015-11-04,27.592404854595905,27.74702864358825,27.2540276866416,27.33918190002441,179544400,64.59668620279987,0.5436229928369727,0.33928795042734555,27.7736106877784,23.92073574013908,0.5874563271392385,86.72505064831691
2015-11-05,27.42244163026454,27.611485208849075,27.046607179020967,27.213144302368164,158210800,62.88064741330538,0.5558839444053589,0.38260714922294825,27.896088565983945,24.065769420466253,0.5858435916170149,82.62266966404263
2015-11-06,27.25590502226504,27.41343990989622,27.145630600923205,27.244651794433597,132169200,63.14423243257449,0.5616686614467206,0.4184194516677027,28.03692430532153,24.1368834110481,0.5631268571424434,82.75517772737456
2015-11-09,27.22214811933713,27.41344098093492,27.01735275741527,27.13437843322754,135485600,61.49825238867788,0.5510033293293901,0.4449362272000402,28.127416499241477,24.258966938868873,0.5511955261693865,72.98504331573542
2015-11-10,26.30843822890864,26.57174724647798,26.11939466862718,26.2791805267334,236511600,50.503341979254174,0.4681471440546936,0.4495784105709709,28.112641650282377,24.396539563096532,0.5843232574858845,33.365232760141595
2015-11-11,26.1891632577425,26.4254655769582,25.928103495178785,26.13064956665039,180872000,48.869165752658176,0.3860476955957637,0.4368722675759295,28.036029761303006,24.616502625476777,0.5781117449354224,26.622487486025054
2015-11-12,26.164404827590037,26.29043271814813,26.02712371094586,26.042877197265625,130102400,47.88314299890668,0.3103235775007107,0.4115625295608858,27.98635934372901,24.76377264479638,0.5556258350973399,22.637953025759046
2015-11-13,25.925854906970567,26.00912433211974,25.266455906955876,25.282209396362305,183249600,40.29515351153139,0.18677906122881893,0.36660583589447243,27.93691017549384,24.853129459210752,0.5713969390410834,0.6350746814953443
2015-11-16,25.066163159214117,25.709808730253343,24.980644453978773,25.69630622863769,152426800,45.37046962294599,0.12088975377589506,0.317462619470757,27.872874574274864,24.983020277409704,0.582666034557761,25.86993438391313
2015-11-17,25.86283675225721,25.892094454265116,25.502755826401117,25.58602523803711,110467600,44.290655380668866,0.05909207200532052,0.26578850997766973,27.86556826206818,24.999439710649106,0.5688569340796352,21.88346746385202
2015-11-18,26.051882252140704,26.44121919200629,25.99336856076733,26.396209716796875,186698800,53.11833815830354,0.07463177180686742,0.22755716234350928,27.841278409429247,25.11408486419136,0.5893095783574599,51.170233987562405
2015-11-19,26.474977171646167,26.94983451847588,26.276933076812536,26.731534957885746,173183200,56.211121526597836,0.11270583764357767,0.20458689740352298,27.858344391451514,25.181914206876126,0.5952804257364515,63.29166102392092
2015-11-20,26.8260576918156,26.98809456076909,26.747290246352517,26.84856414794922,137148400,57.270585236073465,0.15058721108032458,0.1937869601388833,27.872762662265444,25.183869761135433,0.5710860812469437,67.52206367381439
2015-11-23,26.84180365221028,26.94532851378358,26.407455612482668,26.499727249145508,129930000,53.14313069007128,0.1507228113204384,0.18517413037519434,27.86599016508607,25.257286926893908,0.5687137112507985,54.91221359897879
2015-11-24,26.40521203793529,26.859813920179256,26.35795157371696,26.754039764404297,171212800,55.65241927414697,0.16939845020361943,0.18201899434087937,27.852489336367007,25.379222242002136,0.5639386137659055,67.4079306070713
2015-11-25,26.828304138222336,26.832806115487397,26.53798841667092,26.562744140625,85553200,53.3385412494454,0.16683984458037315,0.17898316438877812,27.84332171128821,25.37192410780359,0.5447156912695177,65.03214178070662
2015-11-27,26.62126215040447,26.64826886737804,26.46597653255912,26.51323699951172,52185600,52.72754094432487,0.15898464265476875,0.17498346004197626,27.80434800295603,25.361245716526394,0.5188283086659033,62.99715280547886
2015-11-30,26.553749152119256,26.87332266213157,26.49973742920238,26.623516082763672,156721200,53.99182676036568,0.15981568319863015,0.17194990467330704,27.793295158416424,25.356755195587485,0.5084538032561382,81.83872780836701
2015-12-01,26.72478170171524,26.738284199871483,26.299435839780674,26.407459259033203,139409600,51.10789745980839,0.14141021981490454,0.16584196770162657,27.726444695928183,25.348809744379434,0.5034819858871861,71.07597843792716
2015-12-02,26.407462392617237,26.5807524855248,26.123899595680022,26.168909072875977,133546400,48.0557969745505,0.10634882801381096,0.15394333976406346,27.587344480242034,25.35811011723111,0.5001513361698713,59.19273484694989
2015-12-03,26.22967370928731,26.283685425226995,25.7053048875768,25.925853729248047,166278000,45.10049273385936,0.05827809388577876,0.13481029058840654,27.463313054309943,25.340808726085562,0.5057391362756086,47.0850693659608
2015-12-04,25.946106522740475,26.837307470435537,25.905597310708824,26.78779602050781,231108000,55.542016335572136,0.08871062919780215,0.12559035831028567,27.389346996999524,25.372239955209945,0.5361656379506875,90.02224067319243
2015-12-07,26.776541774829028,26.97458583730222,26.513231065028037,26.61900520324707,128336800,53.40014597274834,0.09807804176394441,0.12008789500101744,27.28112298364542,25.4178993094454,0.5308220046880802,75.15116592720719
2015-12-08,26.44797567270435,26.691031007712272,26.29944300153401,26.607763290405277,137238000,53.25285013409818,0.10340269341369535,0.11675085468355302,27.18882152789068,25.45753925091791,0.5208767190802361,70.3512369711133
2015-12-09,26.474976161829343,26.486229388709443,25.898846659196288,26.020374298095703,185445600,46.0980021611366,0.05953880921243737,0.10530844558932989,27.18632536171565,25.434154794229176,0.5343081413751471,24.561268078720623
2015-12-10,26.114903321856897,26.31744944950611,25.99562663474177,26.1441593170166,116850800,47.69294381300165,0.034368601627225104,0.09112047679690893,27.186438471812185,25.435392659169263,0.5191306180458037,34.21094187230934
2015-12-11,25.923597315515394,25.96860678023174,25.39697764992883,25.47124481201172,187544800,40.651067702401484,-0.039423101029697705,0.06501176123158761,27.229121415939005,25.335546476517052,0.5354199786916587,4.707579656171771
2015-12-14,25.2462009558956,25.35872636544817,24.70832963559441,25.31371688842773,257274800,39.192198945952626,-0.10935417706070893,0.030138573573128307,27.22376946598425,25.344049175678347,0.5516696356720623,26.71309856216219
2015-12-15,25.192192373234604,25.38573623909629,24.834360633512954,24.865867614746094,213292400,35.312228627311626,-0.19862314818142934,-0.015613770777783222,27.3499627087867,25.134812071486742,0.5516486335228675,6.951463785646384
2015-12-16,24.99639455045869,25.203440893124053,24.48552994368631,25.05715751647949,224954000,38.129677261210816,-0.25104012030945455,-0.0626990406841175,27.411277754954842,25.020610253162832,0.563524513231073,22.96563826707652
2015-12-17,25.21019602660621,25.26195847874722,24.526042938232425,24.526042938232425,179091200,33.7361779887796,-0.33161480704702484,-0.11648219395669897,27.531825371220883,24.71304595904035,0.5758381580370533,1.6276450299901466
2015-12-18,24.51028622435749,24.647565648243024,23.812627291848816,23.862138748168945,385813200,29.20594477451405,-0.44392505475762434,-0.18197076611688406,27.681074166878535,24.27685754241102,0.5943453150625644,1.5658477367238683
2015-12-21,24.143451819748623,24.16370728649416,23.75861512159844,24.154705047607425,190362400,33.4472016239298,-0.503519816914622,-0.24628057627643168,27.67790334015198,24.010642459103394,0.5808272329077897,12.316341192873905
2015-12-22,24.17045655812642,24.242472746324506,23.95665726531862,24.132198333740234,131157600,33.282013110223346,-0.5462681596889745,-0.30627809295894026,27.682895879432202,23.768897028282645,0.5597549649147967,11.61649919004442
2015-12-23,24.14119724121509,24.496777897863105,24.125443754756063,24.442766189575195,130629600,37.84378647138535,-0.5487605290929984,-0.3547745801857519,27.584589058899788,23.636076491332147,0.5462963347856714,21.27354781671378
2015-12-24,24.530534404381783,24.530534404381783,24.294230404511595,24.31223487854004,54281600,36.70775217739281,-0.5548723130779543,-0.3947941267641924,27.499845670379827,23.495768953643612,0.5241540251488511,17.21470143488064
2015-12-28,24.213211048275888,24.235717498438177,23.89589036160037,24.0399227142334,106816800,34.38850428568928,-0.575060324314812,-0.43084736627431636,27.417215361379288,23.331067834116315,0.5164533459910525,9.593031942265219
2015-12-29,24.071434745301563,24.62731052796695,24.04893000740852,24.47202491760254,123724800,40.78211771135316,-0.549854056789286,-0.4546487043773103,27.258585143739865,23.27454893523963,0.5215200936869454,26.155083752356216
2015-12-30,24.43601889537635,24.46302389539016,24.12094739820358,24.152454376220703,100855200,37.84488367912311,-0.5493322202138309,-0.4735854075446145,27.12913855329148,23.178495037406766,0.5093456240949464,15.391354193075177
2015-12-31,24.082679652658552,24.087179911881837,23.589817993168214,23.688840866088867,163649200,34.01715778333214,-0.5796465915659255,-0.4947976443488767,27.047744136054337,23.011882633965197,0.513152106877628,4.162743386851534
2016-01-04,23.092469461544965,23.713610331495133,22.95518829613928,23.709108352661133,270597600,34.329859377967594,-0.5951747286928182,-0.514873061217665,26.972875459370346,22.865076772990495,0.5306713874832155,31.018522333882963
2016-01-05,23.79912590840938,23.82163064861039,23.047456940285645,23.114971160888672,223164000,29.862089476213043,-0.6479535895610589,-0.5414891668863437,26.741921440808934,22.728748305589992,0.5480644104004677,6.573944168120372
2016-01-06,22.63110594312153,23.03844902348601,22.475822072099724,22.662612915039062,273829600,26.982794527498967,-0.718006020513517,-0.5767925376117784,26.542281225435076,22.532749292143052,0.5545704588567877,6.7042964046437294
2016-01-07,22.208012167974665,22.534335128762088,21.70164788723477,21.706148147583008,324377600,22.125171967804974,-0.8410071826748862,-0.6296354666244,26.425881552559062,22.158987450736838,0.583598642353038,0.1264007797231424
2016-01-08,22.17876029111549,22.30478820822411,21.77591909378435,21.8209285736084,283192000,23.895806649394487,-0.9186352138286367,-0.6874354160652474,26.323743846332544,21.84118058451462,0.5846730293736141,4.0490161657738755
2016-01-11,22.27328210570374,22.29353585732134,21.906448134391603,22.174259185791016,198957600,29.230119067456727,-0.940800201209985,-0.7381083730941949,26.058630857094336,21.709303560630275,0.5766683332549948,16.15399164539247
2016-01-12,22.6288574417494,22.660364414739306,22.244019082941826,22.496076583862305,196616800,33.78266656010793,-0.9217725190989725,-0.7748412022951505,25.859143989110933,21.611273605798736,0.5701995400902302,27.153803913246787
2016-01-13,22.57709094398872,22.77288571263759,21.89743844131264,21.91769218444824,249758400,30.042171575121657,-0.9424991872661188,-0.8083727992893442,25.700959159827114,21.429855964684606,0.5920029494641386,7.3844569160373394
2016-01-14,22.045979731534,22.61310880088144,21.54636659991894,22.39705848693848,252680400,36.33401923088906,-0.9097572514461056,-0.8286496897206965,25.54619094132586,21.3377432704051,0.625912895999736,27.611404390553496
2016-01-15,21.649886945952915,21.98971414527316,21.46084509223923,21.85918426513672,319335600,32.772395928977446,-0.9166444789508361,-0.8462486475667245,25.35529933524193,21.208837551354748,0.6480772173354157,12.579931187720137
2016-01-19,22.14725505028168,22.201266773710493,21.492356250325585,21.753416061401367,212350800,32.10592860809855,-0.9200317135735929,-0.8610052607680982,25.237126497043597,21.049747701869975,0.652422453481808,9.239670386450921
2016-01-20,21.40232888416437,22.097736688815445,21.024243504208727,21.782665252685547,289337600,32.514646463635614,-0.9098675691605109,-0.8707777224465809,25.188673811025417,20.890253038339814,0.6824989342764445,22.054963161408956
2016-01-21,21.843429256646218,22.02797083685336,21.36632267791624,21.67239189147949,208646000,31.738890832291034,-0.9003320823329553,-0.8766885944238558,25.080029674796325,20.750665858956115,0.6810095931807784,21.161013517846932
2016-01-22,22.196759780258493,22.83365395617753,22.13824780851428,22.82465171813965,263202000,46.18664809073756,-0.7906829018389594,-0.8594874559068766,24.937517142051835,20.76242373014055,0.7153133411462971,64.3603520354353
2016-01-25,22.84715749614208,22.84940848500449,22.32729067401783,22.379053115844727,207178000,42.44524719852269,-0.7313111201325562,-0.8338521887520125,24.702699572450243,20.790869992369096,0.7015136604206086,48.43125179678272
2016-01-26,22.48932991211915,22.7031275176358,22.07073522348516,22.502832412719727,300308000,43.806971273024736,-0.666586605140278,-0.8003990720296656,24.469528993362466,20.84310032487484,0.6965764199727538,73.40804572124956
2016-01-27,21.61388191579554,21.746661081313626,21.00624364469144,21.024248123168945,533478800,33.58497512449651,-0.7262298303937946,-0.7855652237024915,24.335765301654554,20.675296557476308,0.7537201591195775,0.9768241062175574
2016-01-28,21.10751934480162,21.27180550313668,20.79244781263631,21.175033569335938,222715200,35.24443815730935,-0.7526542609649205,-0.7789830311549774,24.012174035294564,20.669188689009637,0.7341228399324911,18.599565944017566
2016-01-29,21.332573456146758,21.90645217895508,21.23355051795154,21.90645217895508,257666000,42.72078687330429,-0.7064331222009983,-0.7644730493641816,23.6738659881968,20.78289651638084,0.7339296806243948,54.15778635360189
2016-02-01,21.710652858337983,21.764664574323376,21.46984854985964,21.70165061950684,163774000,41.28350812040378,-0.6785069057214201,-0.7472798206356293,23.416355230506294,20.841688249413142,0.7126921055151838,44.201273222388046
2016-02-02,21.474341020916743,21.613873096681765,21.217783316801057,21.262794494628903,149428800,38.30924781432579,-0.6839035847579247,-0.7346045734600883,23.114219531615063,20.89919256250115,0.6963474767430837,22.866099887611448
2016-02-03,21.379825117012427,21.79391774774974,21.17277880164377,21.683643341064453,183857200,42.58137184463187,-0.6467659912986967,-0.7170368570278101,22.919219995730973,20.951059316402816,0.6909754388404329,43.32584187922801
2016-02-04,21.69043312718145,22.023053229116783,21.5388313080044,21.857873916625977,185886800,44.30107509994933,-0.5964002981870031,-0.6929095452596487,22.817637708879893,20.972167703412588,0.6762073304312864,51.796133893169724
2016-02-05,21.83977756925446,21.93028673477861,21.19942897791437,21.274097442626957,185672400,39.98037192264275,-0.5967124761742042,-0.6736701314425598,22.834086795579005,20.912513546217873,0.6801109323193546,23.41559741325159
2016-02-08,21.07271348257014,21.654232529241604,21.052349828551243,21.498106002807617,216085600,42.305656500748746,-0.5722872891563284,-0.6533935629853136,22.832388474499187,20.881929610217608,0.6745232014887123,34.305866886549765
2016-02-09,21.335188239128584,21.70853740455084,21.253730176624877,21.49357795715332,177324800,42.27000761145695,-0.546990165771085,-0.632112883542468,22.79926846402106,20.84698149783197,0.6588292033770872,34.085734060719716
2016-02-10,21.7040109380806,21.801307972120107,21.29219594602656,21.33066177368164,169374400,40.93352049640554,-0.5339331388285764,-0.6124769345996897,22.710516140569894,20.81919234026507,0.6481351192854058,26.165495931708023
2016-02-11,21.222048419559226,21.432481422160656,20.95052101789904,21.201683044433597,200298800,39.859041692538774,-0.5279074677586095,-0.5955630412314736,22.70410918741026,20.753998379423237,0.6362654967837067,19.89514127784144
2016-02-12,21.312556988350742,21.382700745252,21.04555599993932,21.26730155944824,161405600,40.7117110560508,-0.5119359354632103,-0.5788376200778209,22.615031822586793,20.73010005149768,0.6148997288214904,24.852608502064694
2016-02-16,21.500363052174144,21.914441195131964,21.40759243688531,21.866924285888672,196231600,47.970971851582654,-0.4457554469634424,-0.5522211854549453,22.61574777681167,20.730158099348,0.61720257931165,87.3128347123126
2016-02-17,21.87371725688323,22.22217639870214,21.756056558006573,22.201812744140625,179452800,51.539722141662544,-0.36211005392542006,-0.5141989591490402,22.667105940455194,20.7236396039784,0.6064109551247868,98.57569788000472
2016-02-18,22.36472335718932,22.37603764756784,21.742475365374155,21.78094291687012,156084000,47.16156864351661,-0.3260229652143565,-0.4765637603621035,22.666987555681487,20.72358575517056,0.6083503356297082,58.25410112290433
2016-02-19,21.72210621810742,21.894073375703115,21.67685252068019,21.731157302856445,141496800,46.65667091389801,-0.2980057456587524,-0.4408521574214333,22.66998972343673,20.726460128553015,0.5804125155863666,54.76164000547477
2016-02-22,21.792255347699847,21.92575672281318,21.704009407505577,21.92123031616211,137123200,48.90566941064389,-0.25749633616306866,-0.40418099316976036,22.47711797921265,20.828989732579345,0.5547935727093121,68.09526301272265
2016-02-23,21.812620317469428,21.83524717134706,21.394017478619176,21.425695419311523,127770400,43.729355630802935,-0.2623536129603643,-0.3758155171278812,22.359994320544935,20.850777621593735,0.5528235201974279,33.33348706867659
2016-02-24,21.26504584763537,21.808097331140345,21.115705481248508,21.744741439819336,145022800,47.5766047031125,-0.23771842234269158,-0.3481960981708433,22.198284603021843,20.936678241826787,0.5627926866041714,55.71456729374125
2016-02-25,21.73342818884852,21.894081115722656,21.552409882510005,21.894081115722656,110330800,49.32316838601754,-0.20379516868307945,-0.31931591227329054,22.20281579130714,21.019130352796864,0.5469982970762056,66.19074644136839
2016-02-26,21.993634012407416,22.17917695216546,21.853346500833084,21.928016662597656,115964400,49.733001049834336,-0.1721875597268827,-0.28989024176400896,22.219114863677323,21.07812958975285,0.5312005938087893,68.57132525530227
2016-02-29,21.916702590227032,22.226695802651435,21.869185684903837,21.878236770629883,140865200,49.10564753199571,-0.14943255765632557,-0.26179870494247226,22.21515336047665,21.079269552121005,0.5187941312329899,65.07926553942657
2016-03-01,22.095462837185025,22.801430426399502,22.04341951361982,22.74712562561035,201628400,58.86051697026026,-0.0605885583985426,-0.22155667563368633,22.45123365122004,20.947736761987965,0.5476798115570349,97.06604761206836
2016-03-02,22.74259881452711,22.82858155158241,22.54574155641827,22.79690361022949,132678400,59.34131530947361,0.013679924788977615,-0.17450935554915353,22.64437703877051,20.908004285997553,0.5287626818146852,98.31326302934484
2016-03-03,22.75843822137135,23.01412496042539,22.72902175646678,22.96660804748535,147822800,61.01414513375398,0.08524926216953332,-0.12255763200541617,22.856682151661875,20.82399564374828,0.5113584333963943,97.58622055443223
2016-03-04,23.16347267860498,23.475727517116884,22.93720060615084,23.30828666687012,184220400,64.20717988001053,0.1676070173653983,-0.06452470213125328,23.122984188705612,20.70273488172896,0.5132990389370836,92.90511496494767
2016-03-07,23.16799180560761,23.267552046038453,22.844422750525865,23.050331115722656,143315600,60.198563742039894,0.2096446218590522,-0.009690837333192183,23.273551902460966,20.729790535283172,0.5097679587518816,81.97489705905642
2016-03-08,22.80369010682502,23.02543740912557,22.717707374999783,22.860258102416992,126247600,57.35699896736435,0.2250284348954068,0.03725301711252761,23.37360338750752,20.765954260197557,0.4971148003212382,73.92103101810963
2016-03-09,22.923615276300342,22.98470968172931,22.68829219418537,22.880624771118164,108806800,57.588016127476024,0.23614154477873583,0.07703072264576927,23.461335990546374,20.81692633855519,0.48277927798000275,74.78401739669562
2016-03-10,22.9462437774568,23.134048220780038,22.661140581184423,22.89193725585937,134054400,57.72501048480381,0.2430597459512569,0.11023652730686681,23.522672210330647,20.911717666988686,0.48207416095254646,75.26335549478439
2016-03-11,23.134050100574942,23.143101188243318,22.96660929450633,23.13857650756836,109632800,60.705162769540934,0.2653850034626224,0.14126622253801793,23.589342554680403,21.038736668952406,0.46558057319764645,85.71407366438133
2016-03-14,23.059369152586395,23.2856410427243,23.029952702025252,23.1973934173584,100304400,61.40391450663489,0.2845439187785672,0.1699217617861278,23.64374963412277,21.17733877530106,0.4505882708763181,88.2062923342124
2016-03-15,23.52324106350288,23.799293228423046,23.49835100100557,23.663530349731445,160270800,66.4897373910836,0.33349651177918105,0.20263671178473847,23.825185616100047,21.175563399708057,0.46139623803262736,93.95772464384738
2016-03-16,23.670312563859795,24.054974249049756,23.66578615740725,23.978042602539062,153214000,69.41789276618289,0.3931384494050043,0.24073705930879163,24.059843246628333,21.118528755019618,0.4563996424101762,96.50569236452398
2016-03-17,23.876225202599613,24.09118467910416,23.74951341102216,23.93958282470703,137682800,68.62817371785627,0.4323182364995475,0.27905329474694285,24.23340085641915,21.16083513601249,0.44820475852959213,93.17723118719555
2016-03-18,24.061763944639747,24.09796829371383,23.801552522522893,23.96673011779785,176820800,68.89714498389905,0.4602535433700474,0.31529334447156376,24.37429414583649,21.243499128089294,0.43736268800540246,93.61231151153426
2016-03-21,23.969000313508893,24.358188547998637,23.79024517202493,23.964475631713867,142010800,68.84435638437105,0.47671528013800923,0.3475777316048529,24.499066473237537,21.32305133224342,0.44668988000313836,78.2772727636315
2016-03-22,23.81512693841094,24.27672200499297,23.8060758516562,24.14774703979492,129777600,70.80280375269643,0.4987999408699402,0.3778221734578704,24.5641538563638,21.530169111165495,0.44840104238411205,87.599554501764
2016-03-23,24.093444479153383,24.226944136945665,23.962206298520723,24.01424789428711,102814000,67.47551977461194,0.49976890344424874,0.4022115194551461,24.605222924974804,21.716050688001268,0.4352822421013142,79.73300340135991
2016-03-24,23.8649025510802,24.041394393712576,23.73366440736762,23.91015625,104532000,64.91398787105342,0.4865290830856104,0.419075032181239,24.61221625740462,21.91066486899919,0.42617136669014577,73.59931441185448
2016-03-28,23.984833505276967,24.027825740397013,23.772137259506373,23.80155372619629,77645600,62.25840268612012,0.4619480642893983,0.42764963860287086,24.56950675912815,22.140728073635525,0.4139940177044668,67.19981799646527
2016-03-29,23.733668302636328,24.389857402577743,23.731405099423505,24.364967346191406,124760400,69.27972820156921,0.4823697421633213,0.43859365931496097,24.558873964975934,22.400033925343887,0.43145532380802193,98.5602004863772
2016-03-30,24.58444909398996,24.984949708411342,24.5731348053271,24.790355682373047,182404400,73.31609912928346,0.5268066534446945,0.4562362581409077,24.752118726608032,22.411112169388062,0.4449215408374444,91.62607531925347
2016-03-31,24.82656006041781,24.867289082816846,24.63649071378296,24.661380767822266,103553600,70.30013262111042,0.545329805527814,0.4740549676182889,24.87870823289907,22.470970378856304,0.4296270285657618,83.96856455135597
2016-04-01,24.613864475895507,24.889916553885868,24.48262631974958,24.88765335083008,103496000,72.4419709558941,0.5716778964821323,0.49357955339105763,25.04153024246972,22.500252899620122,0.42803154324937076,95.02319659501076
2016-04-04,24.98495534110106,25.38545777213109,24.951014193778747,25.143346786499023,149424800,74.66537779491102,0.6062033370098838,0.5161043101148229,25.25209658920495,22.473192564847782,0.4330153202530592,87.1702550519881
2016-04-05,24.77904898109196,25.0551011171077,24.75868360194534,24.8469295501709,106314800,67.8328785941955,0.6026990640181573,0.5334232608954899,25.35306202204099,22.551886975456565,0.42956159627453244,68.68424079636428
2016-04-06,24.941965792461293,25.111669809286663,24.70890415924688,25.10714340209961,105616400,70.3941168745827,0.6138429857423944,0.5495072058648708,25.456955677890537,22.67268184957528,0.42764760011490743,83.17379037416644
2016-04-07,24.87860336804488,24.984951474246955,24.464526959017267,24.55956077575684,127207600,59.633608118161796,0.5718968119349803,0.5539851270788927,25.438990153373467,22.85854097455622,0.44300251746972424,50.068277147286565
2016-04-08,24.64328560848277,24.837877950218115,24.475843076973312,24.58671760559082,94326800,59.96049630026508,0.5346820147571272,0.5501245046145397,25.392069769932583,23.07493939297025,0.43721911431080124,51.71011300185623
2016-04-11,24.656862178497185,25.02794815142914,24.625184233953128,24.668174743652344,117630000,60.981173128841256,0.5059298853633507,0.5412855807643019,25.361187841859476,23.258781144651756,0.43750564513419543,56.63481336996379
2016-04-12,24.740580383866103,25.003056740270104,24.58671707657627,24.98948097229004,108929200,64.79355522799304,0.5032689716229299,0.5336822589360275,25.352386740235957,23.44679100176844,0.4359937893170267,76.06020616061393
2016-04-13,25.07093990889034,25.41939729222358,25.07093990889034,25.35151672363281,133029200,68.52521456654199,0.5243292960459804,0.5318116663580181,25.460995709264584,23.506980670129945,0.43555968436106335,95.97862070213914
2016-04-14,25.256479829400487,25.430708499941424,25.19086074596297,25.365089416503903,101895600,68.6593326394753,0.5359370095290181,0.5326367349922182,25.57502603506455,23.53165502572647,0.4215802607623057,96.13847159856668
2016-04-15,25.367351251528262,25.41034347919359,24.82882457258405,24.855976104736328,187756000,58.57652969508045,0.4983107999570109,0.5257715479851768,25.586570094033064,23.61175029476088,0.43300444975139374,66.17835313988502
2016-04-18,24.63876198929872,24.65233775910693,24.197532207345343,24.319719314575195,243286000,50.21215305099065,0.42037450093523887,0.5046921385751892,25.568598696198205,23.665020612273477,0.44910726743993595,9.90832437855449
2016-04-19,24.41022105271326,24.437374312312617,24.036873659551965,24.19073867797852,129539600,48.42120920999811,0.34423365176305865,0.4726004412127632,25.55224097607892,23.704004637019224,0.44563536639141565,11.038970613158291
2016-04-20,24.12964007821244,24.457733707955903,23.99840193578788,24.24051284790039,122444000,49.17459626616143,0.2846268387385926,0.4350057207179291,25.54761209850867,23.717910095400025,0.44661368108974486,16.903567865416647
2016-04-21,24.195263501668265,24.195263501668265,23.876219173175897,23.978042602539062,126210000,45.408071798150175,0.2137449361551127,0.39075356380536586,25.551083073476217,23.710818591257667,0.440733680635084,6.5502816654928155
2016-04-22,23.76082037255372,24.093440449136978,23.672574441172625,23.91242218017578,134732400,44.49056034708929,0.15054016469856535,0.3427108839840058,25.550823159982862,23.7113050977686,0.4393145611586032,13.642175794667166
2016-04-25,23.758558745828623,23.905635883328365,23.647685955050544,23.776660919189453,112126400,42.57390745135019,0.08847524128841755,0.2918637554448882,25.55435983652958,23.705279140521203,0.42684468001336273,7.233501590233782
2016-04-26,23.511922215818263,23.826440129182235,23.511922215818263,23.611480712890625,224064800,40.299134094419955,0.025663843341661163,0.23862377302424279,25.617986086460203,23.5663042272605,0.4188213395384063,5.188618341508407
2016-04-27,21.72211330329464,22.335310252927343,21.649706328003063,22.133928298950195,458408400,26.60514814897337,-0.14170726035935743,0.16255756634752275,25.956645821533602,22.962001753844813,0.5290322713490603,12.806709674511824
2016-04-28,22.086408504959696,22.1475011810835,21.32613450031771,21.457372665405277,328970800,22.78689576765275,-0.3251938193781605,0.06500728920238609,26.30474564685518,22.29350111828154,0.5499133005931123,3.1973638457875944
2016-04-29,21.267307141980485,21.43248647977647,20.93242551178816,21.210739135742188,274126000,21.57151361103365,-0.48491965209389676,-0.04497809905687048,26.52677373479886,21.70378160882907,0.5481300043805412,6.187107940674192
2016-05-02,21.262778613252216,21.28766866959833,20.907531667415565,21.188108444213867,192640400,21.458415401774857,-0.6063401214706658,-0.15725050353962955,26.60675106212099,21.228280447278426,0.536130504223557,6.203091039481221
2016-05-03,21.3148222699262,21.663281366246807,21.19716158641249,21.536569595336918,227325200,27.74059989336382,-0.6667627891666257,-0.2591529606650288,26.603003360444525,20.900992153471492,0.5317763912099415,13.906993938374976
2016-05-04,21.54109452081471,21.699485962571515,21.228839770528293,21.31256103515625,164102000,26.285089158542874,-0.7243736784680017,-0.3521971042256234,26.535963683710275,20.588573593511402,0.5274099484123187,8.995032097083158
2016-05-05,21.3990636153561,21.414999018788,21.098566195762544,21.226049423217773,143562000,25.723746232891344,-0.76815665561411,-0.43538901450332074,26.504538035695113,20.286648106272658,0.5123401537418284,8.505587419036367
2016-05-06,21.255655853195865,21.27386651155211,20.90962729198326,21.10768318176269,174799600,24.93898820727067,-0.8031479571909301,-0.5089408030408427,26.437453574205833,20.00582912537913,0.5017615155866157,5.63774996638399
2016-05-09,21.171417668769827,21.346707136876383,21.07808047762743,21.123611450195312,131745600,25.269377179579962,-0.8201394802357989,-0.5711805384798339,26.31478909786779,19.77403727237147,0.4851090258482112,6.0864080498038415
2016-05-10,21.24653926929856,21.30117469131813,20.96880645738688,21.26702690124512,134747200,28.32831604708042,-0.8126650594010449,-0.6194774426640761,26.08599729309493,19.630583670039837,0.4741989692827141,10.934445141912517
2016-05-11,21.280690206289115,21.30117784126532,21.048486588918124,21.05986976623535,114876400,26.632521925248838,-0.8140732469027903,-0.658396603511819,25.741522704121596,19.54589356327342,0.4583769895016058,4.781621485643258
2016-05-12,21.107675651787037,21.12133407488909,20.367814295389746,20.565868377685547,305258800,23.08379534970649,-0.8453068578850207,-0.6957786543864594,25.35396697085885,19.453527192654334,0.47945861735858725,5.59819305108603
2016-05-13,20.488468800183263,20.86864330441437,20.488468800183263,20.60684585571289,177571200,23.98857095580867,-0.8568756504884618,-0.7279980536068599,25.00687535714216,19.375705781468678,0.47236689499233864,6.91117142501187
2016-05-16,21.032552364137977,21.487851693136445,20.864092098720693,21.371749877929688,245039200,38.525277290259545,-0.7951565699811134,-0.7414297568817106,24.694120325749424,19.393663869196864,0.5015553908802826,51.02605566704233
2016-05-17,21.52427065187415,21.55841670285092,21.173690054940703,21.282960891723636,187667600,37.62576056471172,-0.7448224337826055,-0.7421082922618896,24.36554611612331,19.43146030019749,0.493210480668135,51.42177557695216
2016-05-18,21.43549182266564,21.67452291245479,21.37402544469915,21.52655029296875,168249600,41.65090586132124,-0.6774672188977569,-0.7291800775890631,23.97259137883245,19.55301878199519,0.4859498763869221,87.0136405343255
2016-05-19,21.544759817778345,21.544759817778345,21.30117479475683,21.44459342956543,121768400,40.69926198500931,-0.6235134844429631,-0.7080467589598431,23.586466017929734,19.685799225600537,0.46863810114653603,80.85920581718787
2016-05-20,21.544760665676776,21.72460408030558,21.517442085044827,21.67679786682129,128104000,44.56393096979831,-0.5556130424030705,-0.6775600156484887,23.155515691400467,19.89318712079436,0.4551647118317941,96.47652023800761
2016-05-23,21.824772004118586,22.12526946484356,21.779241033203316,21.95225524902344,152074400,48.824638351899516,-0.4741091095476797,-0.6368698344283269,22.696550971994377,20.169711273183843,0.4546866322739709,90.1554122786593
2016-05-24,22.13210153390608,22.33015563826558,22.04559354641188,22.286903381347656,140560800,53.500447029042064,-0.37815422157473577,-0.5851267118576087,22.222605847989485,20.51119866403444,0.4492019006288401,97.79588515143153
2016-05-25,22.462189064821,22.705774104756745,22.33470582502775,22.67845726013184,152675200,58.30117837234285,-0.2674313734698508,-0.5215876441800571,22.377689155331076,20.41056825281101,0.4470353879702864,98.8315947726962
2016-05-26,22.69211426800305,22.93114706454491,22.455358453980956,22.858299255371094,225324800,60.32716300987711,-0.16328868233189553,-0.4499278518104248,22.64621375902089,20.282136308117785,0.44908918958411975,97.15808224158798
2016-05-27,22.637478575183707,22.87195740388785,22.59422459196804,22.84463882446289,145364800,60.08834855831964,-0.0809242870987461,-0.3761271388680891,22.871308810829884,20.220431225180857,0.4368494483223834,96.62516544387132
2016-05-31,22.67390577120075,22.856026193792356,22.496339314429928,22.733095169067383,169228800,58.06699532854372,-0.024369633291232873,-0.3057756377527179,23.037846702789157,20.208392005706937,0.43133783625381517,92.27365647329506
2016-06-01,22.541868093041938,22.660246886366743,22.38479101200226,22.414384841918945,116693200,52.6202076206961,-0.00520690061295781,-0.24566189032476587,23.124259596119682,20.209760637034616,0.4254068591689086,79.84022094812602
2016-06-02,22.218607317817742,22.273242751993745,21.99778686128545,22.245925903320312,160766400,49.953009013019056,-0.0035723456037999313,-0.1972439813805727,23.182866252715808,20.244490467254895,0.42477765355923613,71.947956829932
2016-06-03,22.26186238942752,22.371133263074597,22.18446059516739,22.29145622253418,114019600,50.68064060021814,0.0013810474102271542,-0.15751897562241274,23.238948968169773,20.29494843173257,0.40777015458409116,69.05303184544685
2016-06-06,22.307391199759312,23.19522528093145,22.207226523655784,22.453086853027344,93170000,53.277606861059624,0.01813978400004146,-0.1223872236979219,23.302327350787216,20.36611041624159,0.4492150547763465,63.28837517335931
2016-06-07,22.59422114092693,22.735364507821203,22.52820255335518,22.544137954711918,89638000,54.723925127341445,0.03832646284154251,-0.09024448639002902,23.366031163472602,20.444459254007864,0.4372909547775974,65.62460552281681
2016-06-08,22.541873223708933,22.664804273912683,22.4644731570044,22.523662567138672,83392400,54.31672865490098,0.05207210380449112,-0.06178116835112499,23.421361105065426,20.5147928790044,0.42036525207264647,64.54356846901581
2016-06-09,22.423484380413168,22.76268177965261,22.414378188489007,22.68528175354004,106405600,57.034377524353154,0.0751407649692517,-0.034396781687049655,23.470215301538833,20.62847988126146,0.4152179905791434,69.60611307577608
2016-06-10,22.430319675347505,22.61699231836452,22.418938234975982,22.498615264892575,126851600,53.104950047724124,0.07746742331199741,-0.012023940687240242,23.394475757307745,20.897494114213252,0.4045840997209229,50.80383011629216
2016-06-13,22.466750418504912,22.56463986320324,22.1047864767304,22.159421920776367,152082000,46.79587375427254,0.05134932563607819,0.0006507125774234436,23.24079986259317,21.206427615434173,0.40853190591748845,13.498402660130143
2016-06-14,22.15486053124813,22.418934919147425,22.02510031976761,22.186731338500977,127727600,47.33834296921032,0.03247978014567465,0.007016526091073686,23.199878395428794,21.32884722865568,0.4074820983076547,15.779055867556286
2016-06-15,22.268689624812268,22.40300382708042,22.088846185371665,22.113887786865234,117780800,45.9913380488825,0.011514926652097301,0.00791620620327841,23.124395656170236,21.487422657428397,0.40081606569344747,9.695774218945317
2016-06-16,21.95680788955315,22.252753127152243,21.87030164843493,22.207223892211918,125307200,48.03183865325975,0.0024038626417421938,0.006813737490971167,23.074258619432555,21.60562705409039,0.3995043094808665,25.429559524282535
2016-06-17,21.995511541783003,22.002340753928596,21.69501404957316,21.70184326171875,244032800,39.360477582404755,-0.04507709378909297,-0.0035644287650416617,23.027694022369552,21.677916634368728,0.4075547047064302,0.4552167056772783
2016-06-20,21.854365846882462,21.98412607462517,21.633545414078625,21.64948081970215,137647600,38.583259395816015,-0.0859406351560068,-0.020039670043234693,23.03217391291059,21.670705039115777,0.4034851301235812,1.0204015535934938
2016-06-21,21.61306091335424,21.93404605511744,21.553871510958555,21.833881378173828,142185600,42.862171350410996,-0.10226683372601286,-0.03648510277979033,23.042727954489308,21.6483136104521,0.4018200882689602,17.059690137361283
2016-06-22,21.911276651977456,22.05697227466508,21.70639163981398,21.751922607421875,116876400,41.47894832516376,-0.12043060253769511,-0.05327420273137129,23.06478956713645,21.572753920412374,0.3981601273105415,12.066325985688692
2016-06-23,21.840709372594816,21.920386407821063,21.68363054827085,21.877132415771484,128960800,44.42941431994346,-0.1233008001994449,-0.06727952222498601,23.02944448706584,21.52796651604695,0.38663125104194673,19.694773346654458
2016-06-24,21.150933826111988,21.549320789159665,21.09174441957555,21.262481689453125,301245600,35.07951722608142,-0.17317636000883851,-0.08845888978175652,23.025651149401927,21.372178097119072,0.4151138756958029,10.218053288945535
2016-06-27,21.171418604830443,21.182801782682954,20.829944111204146,20.9528751373291,181958400,31.48525406243718,-0.23497709210860762,-0.11776253024712675,23.045021507954985,21.16363136985263,0.4163584258781726,6.360461025403448
2016-06-28,21.14865373553775,21.321667963238596,20.975639507836902,21.30573081970215,161779600,39.13888982604064,-0.25257063584809103,-0.14472415136731961,22.98924992535024,21.076666517520852,0.41296088302326706,24.617241970554034
2016-06-29,21.392238143336797,21.52427535874932,21.314836358263275,21.49012756347656,146124000,42.73874802042192,-0.24876674171499147,-0.165532669436854,22.954685322996873,21.018805392029982,0.3990740013106889,36.94267729472429
2016-06-30,21.499229211216885,21.802001865302973,21.46735840552361,21.763301849365234,143345600,47.67633679439791,-0.22115985322967902,-0.17665810619541902,22.9274068063153,20.99782150331605,0.39447181977273715,53.80527029512066
2016-07-01,21.738262615854342,21.961360016776208,21.70183957831682,21.829322814941406,104106000,48.82486021025278,-0.19174355470400073,-0.17967519589713538,22.89321153191064,20.98580343696143,0.3848324353932121,62.893926053028146
2016-07-05,21.71549944464568,21.71777642740223,21.503785205838827,21.624439239501957,110820800,45.48792485511094,-0.18285547435906224,-0.18031125158952077,22.8295753748062,20.96657483271333,0.3805970906581669,50.5063552438146
2016-07-06,21.53565742097596,21.77696724086161,21.483298971964736,21.747371673583984,123796400,47.7934801786377,-0.16400147963942757,-0.17704929719950216,22.74023369591673,20.97623988349001,0.3743878891037888,64.4800217103281
2016-07-07,21.786068710331573,21.96818910750877,21.76785806007692,21.84070587158203,100558400,49.53850631983091,-0.1399154055357137,-0.16962251886674445,22.648621671409206,20.999556238441865,0.3634185708767172,82.3747808303723
2016-07-08,21.965918442019856,22.056978666796155,21.86575375791232,22.009172439575195,115648400,52.617127089658425,-0.10601114369961451,-0.15690024383331846,22.51562248399273,21.064944494461862,0.3529081583293891,96.10392168638684
2016-07-11,22.025102967911465,22.229987994048525,22.020550739254617,22.07746315002441,95179600,53.84636126311647,-0.07279217939105465,-0.1400786309448657,22.429516715780387,21.108935051187387,0.34347297233967056,89.1057097643083
2016-07-12,22.120711348436405,22.241365359270755,22.109329910465,22.177623748779297,96670000,55.66312430689437,-0.03794636552337849,-0.11965217786056825,22.432737422735773,21.107534527032296,0.3306464892615759,95.48387056105518
2016-07-13,22.17534874965281,22.23453639615039,22.045586808073868,22.052417755126957,103568800,52.861899303158275,-0.02020101950218134,-0.09976194618889088,22.410791095397983,21.11604949603268,0.32052528203407205,86.61295453766034
2016-07-14,22.17080347940538,22.535042641120143,22.15486807035628,22.4895133972168,155676000,60.361435041370214,0.02880026885210185,-0.07404950318069234,22.49124118214559,21.073161970320232,0.33210382517400877,97.3298174208393
2016-07-15,22.51909920028568,22.60560716440869,22.423486780092706,22.487228393554688,120548000,60.30741832952442,0.06668110395033722,-0.04590338175448643,22.550208675636988,21.042194926963113,0.32139072225557835,93.33326383964781
2016-07-18,22.469015966282367,22.79455498028692,22.446251352492062,22.726261138916016,145975600,63.94253961146913,0.11466806151822695,-0.013789093099943757,22.706324745728715,20.988520644591112,0.32331307265124126,96.24535376133139
2016-07-19,22.6648018679587,22.76496828419452,22.6147186598408,22.735374450683597,95119600,64.0776156220501,0.15168490999284145,0.019305707518613286,22.841421088628323,20.962013664789644,0.31095139777284686,96.000555191879
2016-07-20,22.764963661535447,22.869682285959044,22.705774269703365,22.755857467651367,105104000,64.40041331819546,0.1805920842539379,0.05156298286567822,22.961086669433193,20.93454569293253,0.30044829909304915,91.88312914757373
2016-07-21,22.726266435747576,22.992616126512747,22.566910628416856,22.63520622253418,130808000,60.92744513311565,0.19155752505594847,0.07956189130373227,23.0454985201191,20.938462203757854,0.30939524187896644,76.31976136350221
2016-07-22,22.59650268395808,22.605608877546853,22.38023449408964,22.45991325378418,113254800,56.186534508863936,0.1839822059543188,0.10044595423384958,23.09333470880375,20.948904098874475,0.3055078480622218,64.70570342864131
2016-07-25,22.366583990396087,22.50089648551524,22.063809459488557,22.159421920776367,161531600,49.12920102932889,0.15197964498285188,0.11075269238365004,23.077914843623777,21.05401798718677,0.31490636077396916,44.79661194960095
2016-07-26,22.041035224862693,22.302832624371444,21.9499750332733,22.00688743591309,224959200,45.97254192704335,0.11300645859181202,0.11120344562528245,22.98598706933377,21.251346991335172,0.3176171629399816,19.516456546538087
2016-07-27,23.737022743780013,23.75523512840097,23.39099612012484,23.436525344848636,369379200,67.22690628450448,0.19522927727640393,0.12800861195550675,23.190066192974925,21.260347320208666,0.41981220076483144,83.13241990473243
2016-07-28,23.40921429340217,23.77800562061437,23.40693731055435,23.75296401977539,159479200,70.03668211924676,0.28266700071545614,0.15894028970749663,23.45847165728279,21.218225501530686,0.41633049428591623,98.63013228485403
2016-07-29,23.718809741705044,23.800763727536157,23.602707972306234,23.72336196899414,110934800,69.43694385758234,0.34558964607443343,0.19627016098088398,23.680724281677314,21.191978889099055,0.40073944149620244,95.81790407614064
2016-08-01,23.76890283452172,24.16501277327869,23.76890283452172,24.142248153686523,152671600,72.9648994005199,0.4243650935411232,0.24188914749293183,23.975804401647096,21.12819130300378,0.4036616816953701,98.972269448009
2016-08-02,24.14224762674467,24.14679985583209,23.67556511956016,23.78483772277832,135266400,65.96785606296888,0.4527363061158951,0.28405857921752453,24.114989815476264,21.205045737502253,0.4084883284508385,82.83663327111327
2016-08-03,23.85995430663585,24.09443311955801,23.850848114107094,24.083051681518555,120810400,68.66769782192603,0.4935942237179596,0.32596570811761155,24.296830501916016,21.256773051855955,0.4014245476171849,96.29978802257627
2016-08-04,24.16545625577112,24.261586651709106,24.09679068939377,24.23183250427246,109634800,69.94860400982999,0.5318489629852117,0.3671423590911316,24.48113963677353,21.311576580267488,0.3855038635152825,98.7128396829577
2016-08-05,24.32338621546708,24.63924575065291,24.302787591644368,24.6003360748291,162213600,72.90334935391016,0.5851559641878872,0.4107450801104827,24.724864285995288,21.326968294571117,0.38706881943422305,98.55315139631153
2016-08-08,24.609485258853,24.80403709411621,24.52708903271134,24.80403709411621,112148800,74.40166498250677,0.6365019186437948,0.45589644781714517,24.974539569546913,21.34995040542867,0.37920305100355495,100.0
2016-08-09,24.771994361398967,24.93450099330908,24.72163984943628,24.90474510192871,105260800,75.13373683546158,0.6775103346539098,0.5002192251844981,25.206806244880788,21.390395865409737,0.367321486208501,99.00299438574788
2016-08-10,24.881853608815117,24.925341907703924,24.66441560684608,24.71934700012207,96034000,71.10237254167745,0.6871289278549924,0.537601165718597,25.346206704166903,21.517688330623137,0.35972183011202546,92.79101619258726
2016-08-11,24.838359557220805,24.932202339143718,24.68500850729699,24.703319549560547,109938000,70.74896080624298,0.6855557905420433,0.5671920906832862,25.48328351253921,21.601992137485205,0.35168411595021865,92.25399789299334
2016-08-12,24.66899794612241,24.820061493806705,24.66899794612241,24.76055145263672,74641600,71.29758349117526,0.6810761818893489,0.5899689089244988,25.602962472669628,21.709645483262992,0.33735407535979556,94.17161911132195
2016-08-15,24.75139199583661,25.07182834461946,24.73765958322399,25.05809593200684,103472800,74.02519861464515,0.6935407070042032,0.6106832685404397,25.763832813884996,21.7819586213567,0.33712655293377214,99.18299920643491
2016-08-16,25.092430377750212,25.22976150751289,24.996299983906624,25.03520965576172,135177600,73.44704020265443,0.6935770769292873,0.6272620302182093,25.89213134246941,21.883643613280103,0.32972190798180745,89.32689986912673
2016-08-17,24.97112198762436,25.032921343436463,24.797170508980045,24.99858856201172,101424000,72.47165468361726,0.6827802188001755,0.6383656679346026,25.988485050450358,22.011563014735188,0.3231731393246551,85.79192752426492
2016-08-18,25.000879796385863,25.085565351322884,24.952812850963635,24.9665470123291,87938800,71.57600873329856,0.6639841497066712,0.6434893642890164,26.040461803849382,22.19272034031566,0.30957166511284034,83.06427056296862
2016-08-19,24.895586417021445,25.10615996270143,24.80174535810716,25.030628204345703,101472400,72.31297272803285,0.6468030037719856,0.6441520921856103,26.0422899075602,22.447963731660995,0.30920330364722826,87.18737833193035
2016-08-22,24.91619303288056,24.971124440813984,24.685020811230327,24.836084365844727,103280800,66.66214490460663,0.6104518509937691,0.637412043947242,25.899511561746785,22.858408321981244,0.311803595752096,71.45019088575133
2016-08-23,24.854394145028447,25.02147943623672,24.840661729342678,24.91390419006348,85030800,67.7478502482513,0.5812227360653921,0.6261741823708721,25.572544069315597,23.476077489827475,0.30277441536923155,72.12131924335219
2016-08-24,24.8498123178777,24.891011302987323,24.64610670990169,24.726215362548828,94700400,62.46415176082258,0.5367264833019298,0.6082846425570836,25.505722664684694,23.671867896228395,0.3002760628544142,45.67849900153149
2016-08-25,24.579732636625383,24.691884760216265,24.417225999435956,24.62093162536621,100344800,59.65363008455286,0.48734950300485735,0.5840976146466383,25.460424577286226,23.803962744185945,0.30089844144430405,25.07036602158769
2016-08-26,24.58431130314203,24.707906523282396,24.33253873483213,24.476736068725582,111065200,55.941161072859,0.4316072147437424,0.5535995346660592,25.384838115794594,23.95488661565072,0.3062176805161585,16.071519614087915
2016-08-29,24.403490561337307,24.591174432069376,24.32795880029892,24.44926643371582,99881200,55.235926975746736,0.3808245711224991,0.5190445419573472,25.36479935070971,24.00562720873853,0.3031461056057512,13.451682108126374
2016-08-30,24.215813165674437,24.376030508077367,24.147147592508567,24.26158905029297,99455600,50.54732133338277,0.32172630327016094,0.47958089421990996,25.2805021075884,24.137599584611305,0.3030727295772871,10.570846744007047
2016-08-31,24.183769937477727,24.392052484670987,24.179191301227544,24.28447723388672,118649600,51.09255306523328,0.2735836829515037,0.43838145196622874,25.24976280315436,24.18848144428216,0.296629047710584,12.685006120358553
2016-09-01,24.293632867706965,24.444696432346397,24.17461451824645,24.428674697875977,106806000,54.49638552340577,0.2442502746103692,0.3995552164950569,25.22790499819682,24.230023468600052,0.2947328238812528,26.004386371321054
2016-09-02,24.650682859257305,24.71934841445918,24.44926657489614,24.657550811767575,107210000,59.33420821679122,0.23674270423063248,0.36699271404217204,25.228310504989754,24.235339435500972,0.2944428876456779,47.14545159499168
2016-09-06,24.696460067460038,24.78801355746089,24.607195894924537,24.65068244934082,107521600,59.131039432618486,0.22761487853462015,0.3391171469406617,25.220683824989788,24.227630651023393,0.28632680013786893,52.50556431623398
2016-09-07,24.680433040299462,24.89329411671223,24.506481621258324,24.801740646362305,169457200,62.19691712279528,0.22991977293934696,0.31727767214039876,25.209749805136628,24.228264225319915,0.2935043498033002,68.25699794905621
2016-09-08,24.54769400241506,24.5522708926255,24.08763882866787,24.15172576904297,212008000,46.15260409230346,0.17725239488977707,0.28927261669027443,25.2430623775199,24.138189529828733,0.32354702608123836,6.292156169730173
2016-09-09,23.950294509700644,24.19748833687621,23.60468101501465,23.60468101501465,186228000,37.40700687889475,0.09032991153939918,0.2494840756600994,25.37102760142058,23.900360452473464,0.3427799043512613,0.0
2016-09-12,23.4948242494541,24.197494509596165,23.467357679571137,24.13340759277344,181171200,47.71875209673999,0.06337646883208947,0.21226255429449742,25.370109271838093,23.838564396069625,0.37044825618510185,42.856996908101635
2016-09-13,24.607195641973306,24.90016540997437,24.54539629470703,24.707902908325195,248704800,56.168321698928715,0.0873655463694405,0.18728315270948603,25.32440959657187,23.84924476896768,0.3987560819719467,86.58141650345041
2016-09-14,24.886434865548,25.87063014465147,24.85667897528379,25.582237243652344,443554800,65.34741869096945,0.17491225727101423,0.18480897362179166,25.455100927889152,23.77325619643946,0.4533254501401131,87.9999914620797
2016-09-15,26.060606312491185,26.488617950649573,25.975919013514144,26.45199584960937,359934400,71.69706121035233,0.3108921360050516,0.21002560609844367,25.8551266707791,23.51857118230928,0.4856865399156214,98.78785348648135
2016-09-16,26.348996463017336,26.58016690302219,26.101802545821595,26.30321884155273,319547600,69.3559649452332,0.40201789635335317,0.24842406414942558,26.12467772475774,23.382687311253,0.485163526864548,91.10295422594461
2016-09-19,26.36501487852042,26.591608401003104,25.92098161045916,25.99651336669922,188092000,64.66806660251132,0.444364788702277,0.2876122090599959,26.2780680026859,23.325885549560198,0.4984109028416476,80.95239187362245
2016-09-20,25.87520813630495,26.1201127277421,25.751611181808023,25.99422645568848,138057200,64.63298648728681,0.47229613551949257,0.32454899435189527,26.429513172023945,23.290254589206526,0.4891316630625354,80.87919317048858
2016-09-21,26.058316452331603,26.090359916955997,25.735592488260867,25.989652633666992,144012800,64.5575584320752,0.4884325139128123,0.3573256982640787,26.562807857734477,23.264534747856338,0.4795342177505779,80.7327957642205
2016-09-22,26.17275113438084,26.30779291146968,26.09264249351665,26.23455047607422,124296000,66.79220626424885,0.5150448033427679,0.38886951927981656,26.737119875603867,23.241056241339486,0.46800607918287146,88.57140617814338
2016-09-23,26.188777575064645,26.273464865638555,25.53188485553701,25.797388076782227,209924800,59.57169513002202,0.49515207741596257,0.4101260309070458,26.822751400571256,23.273070361513696,0.48754707424849086,74.57885441867307
2016-09-26,25.55248937545927,25.95303449057506,25.53189075059047,25.8363037109375,119477600,59.98637792140245,0.4770282307402134,0.4235064708736794,26.902723040989567,23.329055485316584,0.4828039789439265,75.82445336783286
2016-09-27,25.86376074247659,25.90495972324331,25.712697230919463,25.88435935974121,98429600,60.52484522701409,0.46122591566247095,0.4310503598314377,26.977019967601844,23.398267851306844,0.4620510156139207,77.36260293035212
2016-09-28,26.02168946023276,26.239127449893,25.96217943558065,26.08119773864746,118564400,62.73682594189191,0.4592912555494948,0.4366985389750492,27.054733561266687,23.502515126477455,0.4543879495094828,83.66294168216751
2016-09-29,25.900386687102312,26.046871585785244,25.58910584084165,25.67608070373535,143548000,55.80587498600137,0.42022437939335333,0.43340370705871,27.06848563535722,23.62792339937178,0.4570810886735062,70.69608751348451
2016-09-30,25.740168003580504,25.94845225875798,25.58910621359226,25.87520980834961,145516400,58.24756756912795,0.4007124889907523,0.4268654634451185,27.09916292991607,23.741899615860298,0.4501000141372357,64.98903557215904
2016-10-03,25.797388833340097,25.875209919492,25.698969126471315,25.7539005279541,86807200,56.21012686368711,0.371181777686612,0.41572872629341723,27.12033904061084,23.83035847678418,0.4305386412003393,51.71516139904758
2016-10-04,25.87750003906482,26.16360366322302,25.77908032250488,25.863767623901367,118947200,57.654800251044,0.3525795154847309,0.40309888413168,27.141957909108395,23.930048125742676,0.4290503907766665,31.317863020433833
2016-10-05,25.955318465634114,26.01482850229021,25.79281183336047,25.87520980834961,85812400,57.810907171050786,0.3348998602057982,0.38945907934650364,27.163741678978298,24.01561127207151,0.4142622677876004,32.39759598448812
2016-10-06,26.023982245396795,26.170467146015195,25.8935190762136,26.06747055053711,115117200,60.44929452896177,0.33256879507394643,0.3780810224919922,27.11787552306421,24.25305190613501,0.40576191563602787,50.540133536858825
2016-10-07,26.1635992705225,26.22081998574715,25.98049402954621,26.10637855529785,97433600,60.981092293143554,0.33005627667436244,0.3684760733284663,26.864928447159887,24.756168736067654,0.39394506139066426,74.04146604332894
2016-10-10,26.32611207661005,26.72208028732805,26.2574482499529,26.56186294555664,144944000,66.63671354783943,0.3606613913771035,0.36691313693819383,26.691120015021628,25.172822703484233,0.4097848235792025,86.53856858362235
2016-10-11,26.93950843329308,27.166103692627097,26.596184187773265,26.61907386779785,256164000,67.27826525377279,0.38509349052382547,0.3705492076553202,26.594812311652536,25.460247502800588,0.4236745324000063,66.52652555374439
2016-10-12,26.85939838695441,27.003595680121983,26.72206904517741,26.85710906982422,150347200,69.8739500548767,0.4188354818628355,0.3802064624968232,26.729897912064338,25.452649085005973,0.4208779095374438,81.092212634565
2016-10-13,26.731234742138582,26.880008979956983,26.486330103110024,26.77472305297852,140769600,67.86729296880824,0.4339263571309182,0.3909504414236422,26.79855999989135,25.416259717515874,0.41893512148812345,76.05081751703531
2016-10-14,26.98071123999576,27.04708747976065,26.80904909288445,26.923490524291992,142608800,69.56688035593496,0.45267215333312905,0.4032947838055396,26.916738776834187,25.360108108846966,0.40846578615198104,84.61550419612666
2016-10-17,26.85483118186649,26.97156020403492,26.728944887875503,26.90518569946289,94499600,69.08269933331792,0.4607401597350069,0.4147838589914331,27.030389519007397,25.337324599950126,0.396619324009655,83.45476546662383
2016-10-18,27.049377967973744,27.056244174757325,26.88229270254308,26.886871337890625,98214000,68.5684891119801,0.46034967254855275,0.4238970217028571,27.125544167766794,25.331434439410938,0.38071447745284004,82.29342199671798
2016-10-19,26.836514930670027,26.95324567645785,26.0468697740622,26.806760787963867,80138400,66.24569002398766,0.4484070000003513,0.4287990173623559,27.19458515883938,25.34410426376804,0.41826172209161233,77.21347627751716
2016-10-20,26.747252002858986,26.866270325468047,26.625944362631184,26.793027877807617,96503200,65.83397690400602,0.43284465118231097,0.42960814412634696,27.251347969790036,25.343189192990724,0.4055520250019874,74.57112500613894
2016-10-21,26.73580742632072,26.758697110259885,26.6144997848891,26.687742233276367,92770800,62.620713309002,0.4073203703373949,0.42515058936855654,27.28062354933877,25.402949029091403,0.389336029853168,65.51165109001887
2016-10-24,26.80218189263496,26.948666779706272,26.779293956449614,26.928068161010746,94154800,66.62507017715262,0.4018521859011024,0.4204909086750657,27.33841479136551,25.454334232071993,0.38016378103722065,82.66679220370037
2016-10-25,26.99673170844377,27.090574516004875,26.85024682278932,27.06539726257324,192516000,68.68922477155866,0.4039435117705139,0.4171814292941554,27.41030626914951,25.500546544571193,0.37017548904995884,92.08646491911263
2016-10-26,26.16359988222903,26.48174692661736,25.93471701597914,26.45656967163086,264536800,53.03028786684066,0.3524112269289823,0.4042273888211208,27.412719924044968,25.535670082974075,0.4244972574459689,42.37926766207114
2016-10-27,26.41079140779448,26.51836662459886,26.115532327492296,26.2025089263916,138248000,48.10232267122687,0.2877538932941164,0.38093268971572,27.37192283151941,25.62910999776526,0.4229499031360113,21.747182707988802
2016-10-28,26.06288959895097,26.3695917661158,25.966757479086077,26.02855682373047,151446800,45.017688685694715,0.21994067050985322,0.3487342858745467,27.358876383440407,25.65749114738235,0.4215130734141336,7.620661286248249
2016-10-31,26.012541073173228,26.145293569875925,25.90954272383994,25.987363815307617,105677600,44.29332874740063,0.16101815431740008,0.3111910595631174,27.332527010056097,25.70718684950201,0.4082443428871229,6.589246113775095
2016-11-01,25.969051797617304,26.04000493282985,25.2984248779441,25.51815223693848,175303200,36.991901270313356,0.07558884159794133,0.2640706159700822,27.38563802827955,25.619514292582267,0.4320540366013104,12.260547575264948
2016-11-02,25.49755005141465,25.714988062228944,25.458640385687897,25.54103660583496,113326800,37.53275115134149,0.00962116628414833,0.21318072603289542,27.42948070557348,25.542254295036873,0.41950358231129165,13.537470462197717
2016-11-03,25.531841952583203,25.64226882844144,25.20285888644949,25.267274856567383,107730400,33.79545764688572,-0.06401109683813644,0.15774236145868906,27.522629137556653,25.369086293656725,0.42092546514562446,3.412376796025369
2016-11-04,24.96819140995468,25.363891402462773,24.871567483003545,25.03950881958008,123348000,31.027295005872418,-0.13914009115984527,0.09836587093498221,27.63331065109672,25.15171780654488,0.42602535473945324,7.568310243225611
2016-11-07,25.3247819708429,25.42370696897912,25.1821453963758,25.40070152282715,130240000,39.491468735210915,-0.16760310364677622,0.04517207601863053,27.648396277341238,25.020516038027413,0.4230376972151378,23.845532346417134
2016-11-08,25.377696072141084,25.70207867743133,25.237360559169108,25.55023956298828,97016800,42.63043238554481,-0.17606421730719646,0.0009248173534651405,27.632617904896275,24.92941097999142,0.42601487014707246,30.58449432072302
2016-11-09,25.27877490876069,25.61005902319711,24.857770061068404,25.508832931518555,236705600,41.981012645796255,-0.18398995824320608,-0.03605813776586911,27.578648423972982,24.848552847084147,0.4493201624314748,29.158973998404853
2016-11-10,25.55713712065177,25.55713712065177,24.34703355330446,24.79794692993164,228538000,32.75526435748195,-0.24481168749922588,-0.07780884771254047,27.5905148619363,24.639008796816142,0.5036618342111774,16.435452678036764
2016-11-11,24.64381876281308,25.04642034728978,24.51268574550595,24.94519424438477,136575600,35.8976173340632,-0.2779279381850408,-0.11783266580704055,27.528108252740793,24.503585778020927,0.5058098890377952,21.80250629433108
2016-11-14,24.779547311280258,24.80255276055703,23.944437391630697,24.31943130493164,204702000,29.57294067124883,-0.35062485981053015,-0.16439110460773848,27.516253061903132,24.256865529405463,0.541163243588958,14.568928644107077
2016-11-15,24.51728228726408,24.772646821194414,24.42295941497813,24.64151382446289,129058000,35.838885978031314,-0.3778922200979693,-0.20709132770578464,27.423084659144582,24.125498180821236,0.5348812630656591,27.082191068180645
2016-11-16,24.547188021355677,25.35929423981012,24.52418257228064,25.304079055786133,235362000,46.403012537074126,-0.3420948660284644,-0.23409203537032064,27.285624444076188,24.112690222671862,0.5563262919559319,56.06412847199093
2016-11-17,25.26267002435016,25.38690156287228,25.037214152931146,25.294878005981445,110528000,46.28903133970823,-0.3108839758897233,-0.24945042347420118,27.132810418823357,24.11568926074207,0.5415663718120176,61.35978478282361
2016-11-18,25.24196582461165,25.43061332773471,25.22816290530128,25.3201847076416,113715600,46.676989194156675,-0.2808693937296205,-0.2557342175252851,26.983255672639192,24.128488254362768,0.5173438039992616,65.6503447855304
2016-11-21,25.333984650637596,25.76419193736113,25.308678133159383,25.70437812805176,117058400,52.308925477083,-0.2235049964634328,-0.24928837331291465,26.771362915307172,24.21801200839888,0.5129273754422963,96.713083671108
2016-11-22,25.75499298387835,25.86312052717091,25.628462134121555,25.72048568725586,103862000,52.53527445625997,-0.17472938138716998,-0.23437657492776573,26.47729823588216,24.37758553029216,0.4930510195570862,92.56600335547897
2016-11-23,25.619252832910615,25.65376187561672,25.382293430973053,25.58934593200684,109705600,50.43645397499416,-0.14498494114629068,-0.21649824817147073,26.32047324562998,24.447688146581935,0.4819896793232091,85.73111994925686
2016-11-25,25.566348190163662,25.736592395764816,25.52493767463953,25.71818733215332,45903600,52.44652896966395,-0.10975069603253473,-0.19514873774368355,26.229833930808677,24.489895301979406,0.4626800394519288,92.44621520182471
2016-11-28,25.635364040606053,25.874624580847374,25.626161509611773,25.66757202148437,108776000,51.5618423243442,-0.08493248665451958,-0.17310548752585075,26.167207208683898,24.516423543879576,0.4473788274364769,89.2729285263244
2016-11-29,25.48582580442763,25.77339831396523,25.32248482963467,25.64226531982422,114115200,51.097741068487906,-0.06653889725541262,-0.15179216947176313,26.106410241711426,24.542710661303712,0.4476313029289114,87.9618276237004
2016-11-30,25.674473200356317,25.812507653355425,25.3684956301527,25.426010131835938,144649200,47.18896789506666,-0.06862081346594096,-0.1351578982705987,26.098076993371027,24.541829699133853,0.44737278294846944,76.75798225593358
2016-12-01,25.39150861179929,25.52264163526296,25.08322989993508,25.18905639648437,148347600,43.28209939709241,-0.08837223310661102,-0.12580076523780118,26.075328720718524,24.5293799508513,0.4468041366898559,64.48177730154633
2016-12-02,25.115425988486724,25.32707888130744,25.041807514670698,25.28336906433105,106112000,45.225912996209324,-0.09531638344578397,-0.11970388887939774,26.076013164411453,24.53030492793474,0.4352660816860621,69.36797012126732
2016-12-05,25.306380742795778,25.31328220216583,24.90377923097857,25.10162925720215,137298000,42.22296434748575,-0.11416849287342146,-0.11859680967820249,26.075146885650312,24.537383250458085,0.43342585950757617,46.75112816512591
2016-12-06,25.19135260148136,25.389202634475478,25.12003517861256,25.294878005981445,104782000,46.30560213150161,-0.11222174402807639,-0.11732179654817729,26.06857479250879,24.533372991915037,0.4230078250622728,57.06986518575261
2016-12-07,25.13613877576324,25.580150807244586,25.113133325701664,25.5433406829834,119994800,51.090854257608925,-0.08959724868723384,-0.11177688697598862,26.067764266277354,24.533493630145987,0.42615137195374775,65.87675906273385
2016-12-08,25.504228164722253,25.86541912823378,25.44441259761754,25.79410171508789,108273200,55.40999123946938,-0.050846724150463984,-0.0995908544108837,26.108479366154068,24.52130540862621,0.42578388328678285,91.70590189566593
2016-12-09,25.837815764958435,26.387654294479216,25.837815764958435,26.215110778808597,137610400,61.54939454434091,0.01367759188484996,-0.07693716515173697,26.23603836624085,24.53546279342712,0.43776736157996443,88.37209951735647
2016-12-12,26.06326785277385,26.45666677418299,25.879220773133103,26.065568923950195,105497600,58.469916712837396,0.052145696175834644,-0.05112059288622265,26.317103883688514,24.566434743935996,0.44774440725638764,74.8147989244761
2016-12-13,26.189805536865563,26.66832666497557,26.16910115647021,26.500385284423828,174935200,64.09507914210297,0.11637647677007479,-0.017621178954963165,26.379601480714353,24.722032544859378,0.45881678823988675,90.48246721419518
2016-12-14,26.46587622856141,26.732742633143555,26.45207330829784,26.500385284423828,136127200,64.09507914210297,0.16537351026391178,0.018977758888811827,26.460013256520007,24.827507915049814,0.4460919694260173,87.2956807968557
2016-12-15,26.544089097434888,26.854668774561183,26.509581804601385,26.64531517028809,186098000,65.88149943052542,0.21343825947744222,0.05786985900653791,26.624180260493887,24.797464522526134,0.4395342209053986,89.26881304163243
2016-12-16,26.79485573729359,26.80175719651168,26.606208246118552,26.679826736450195,177404400,66.31133746303885,0.251416541096674,0.09657919542456514,26.76763598830339,24.792503667763505,0.4221067015830936,91.03782996397078
2016-12-19,26.640709847242245,27.004200054301567,26.629206248293624,26.83395767211914,111117600,68.23602226012683,0.2906018045714056,0.13538371725393325,26.923685411356953,24.787831541157697,0.4187414947562972,91.89484410494978
2016-12-20,26.856965292061474,27.0318098300788,26.843162376366365,26.905277252197266,85700000,69.11529370240319,0.3236801193276797,0.17304299766868253,27.078711622241425,24.752895242687774,0.40296368498510876,94.05400571142943
2016-12-21,26.870772051742385,27.008806485032228,26.866169909351,26.93058586120605,95132800,69.4385936268519,0.34792643594566286,0.2080196853240786,27.219572875864205,24.733044006460016,0.3843688914634029,95.2433029433154
2016-12-22,26.76724568144791,26.804055800827204,26.603904725909267,26.753442764282227,104343600,64.36026728044081,0.34882679096644864,0.23618110645255264,27.31007692374412,24.75894964180764,0.3802483374515016,86.91902898791626
2016-12-23,26.59240053536389,26.80635452270508,26.59240053536389,26.80635452270508,56998000,65.17942637341179,0.34977784425046465,0.258900454012135,27.400009479992722,24.777833804614215,0.3683701695864795,88.24943616814092
2016-12-27,26.80636215499572,27.10083792173648,26.799460694600874,26.976606369018555,73187600,67.7481247341372,0.3601182430336003,0.2791440118164281,27.50693730980382,24.80180940955653,0.36358495941141716,93.74999922192913
2016-12-28,27.03640932059712,27.151438294784008,26.732732898951845,26.8615665435791,83623600,64.29663565779259,0.35493881733822263,0.29430297292078705,27.58056997379275,24.85010686794309,0.3675221334414704,83.01889938235429
2016-12-29,26.790257568569604,26.94209671470516,26.77875571990097,26.85467529296875,60158000,64.08601208016935,0.3462862465328911,0.30469962764320785,27.627390542165053,24.946152815684066,0.3529377663959502,77.40880693827145
2016-12-30,26.836263714914587,26.96279455077799,26.555592698514783,26.64531517028809,122345200,57.88238403917191,0.31885979242276363,0.307531660599119,27.603899695444568,25.115269539784926,0.3568137725293256,60.21724933963001
2017-01-03,26.64071913486251,26.76264960333372,26.401458585981693,26.72123908996582,115127600,59.4166468919734,0.2997947089498254,0.30598427026926034,27.57614084477326,25.28681539301971,0.3571264328738043,56.20656208146292
2017-01-04,26.65221670589767,26.804055815616383,26.629211258874463,26.691326141357425,84472400,58.512272528459675,0.2790549956965691,0.3005984153547221,27.473018523564335,25.54890740264416,0.34410629886438404,38.6500530579205
2017-01-05,26.66832203055245,26.88457710485285,26.64301551099801,26.827062606811523,88774400,61.38453034133981,0.27045379884552645,0.29456949205288296,27.36893990912349,25.806204477168016,0.33678167707798806,56.74873811046191
2017-01-06,26.866168254629237,27.18364936236516,26.794850848782676,27.126134872436523,127007600,66.83299692788438,0.28449049146113836,0.29255369193453407,27.311433319628367,26.021990485608452,0.3404971653997377,92.64699972626123
2017-01-09,27.135338939026216,27.475825533009875,27.13303962289617,27.37459945678711,134247600,70.55059574209719,0.31206637996617204,0.2964562295408617,27.324150172339166,26.16732340706757,0.34115384362642437,90.57807237063948
2017-01-10,27.323983892281863,27.464319392177675,27.2158581224632,27.402204513549805,97848400,70.94031868296909,0.3323172215854697,0.3036284279497833,27.397694303941154,26.212488648939708,0.3345329454898566,93.14749772750231
2017-01-11,27.31708892065089,27.59085852729163,27.28488093812885,27.549448013305664,110354400,72.99329187571962,0.35614209495335913,0.31413116135049846,27.45331536204783,26.305255499768577,0.3324932771807797,96.51836925934614
2017-01-12,27.353899673806367,27.445923235352577,27.195159074019244,27.434419631958008,108344800,68.89828706417784,0.36157365369587424,0.32361965981957364,27.52179034270938,26.33018395386044,0.3340501101883254,86.84724205036287
2017-01-13,27.40220666509312,27.519536728605956,27.333188567684832,27.3861026763916,104447600,67.19308716624853,0.3578543069253577,0.33046658924073047,27.56454505528378,26.37600098048282,0.3234999709549539,82.78494526622207
2017-01-17,27.225068812920654,27.662179459257096,27.1974629702323,27.60696601867676,137759200,70.75605274575733,0.36848090519997356,0.3380694524325791,27.65595768263409,26.38075343797138,0.3335868651027997,95.62048652078803
2017-01-18,27.606963013236385,27.721992025791536,27.540245975329984,27.60466194152832,94852000,70.66982672414645,0.3724235739879056,0.3449402767436444,27.732261846413454,26.396932794699826,0.3227410926284249,91.11494788953534
2017-01-19,27.468921682797355,27.627660486905143,27.462020224601755,27.55634307861328,102389200,68.77695124939393,0.36741392002524975,0.3494350053999655,27.793531265732863,26.407901916029832,0.31151960474806506,87.45590666737615
2017-01-20,27.710491439165345,27.710491439165345,27.544851117424333,27.60696601867676,130391600,69.69285203051336,0.36334022145529943,0.35221604861103234,27.857412736546074,26.41418932186457,0.301099655961847,91.28942867729737
2017-01-23,27.606957336766985,27.79330373712517,27.55404322958216,27.625362396240234,88200800,70.03682991027841,0.35747546527073837,0.35326793194297357,27.91702040698478,26.424059304929283,0.2966825739319302,87.93390624330847
2017-01-24,27.503437467807007,27.62996832786897,27.491933864527088,27.600061416625977,92844000,68.87895484853527,0.3467884645840229,0.35197203847118347,27.955772410186018,26.469969166962418,0.285350566032641,83.39974494212163
2017-01-25,27.703588060606148,28.09008562831899,27.67138007623037,28.03947257995605,129510400,76.22914346152808,0.3695161954275008,0.355480869862447,28.077616046373773,26.471437336499765,0.29997011215123914,96.50237761411019
2017-01-26,27.991157509373394,28.168303159062784,27.97505351896557,28.05327415466309,105350400,76.41754117720076,0.38421279170112754,0.3612272542301831,28.189602127386333,26.467118034051655,0.2923472212902374,91.62482719358233
2017-01-27,28.099286001925275,28.14759797477796,27.975054462359783,28.055574417114254,82251600,76.4510404945866,0.39153222234806506,0.36728824785375946,28.278112701561373,26.49800824723013,0.2837898135136616,89.11110668825995
2017-01-30,27.82090708734436,27.98194694519043,27.758792215090253,27.98194694519043,121510000,72.88229094898307,0.3869314967772617,0.3712168976384599,28.33502774501245,26.55382036900122,0.2847178412644002,80.85009026551123
2017-01-31,27.87153250433377,27.926745943679823,27.749602021309595,27.917543411254883,196804000,69.81242178304493,0.37377986011266273,0.3717294901333005,28.33799039349375,26.678080544616602,0.2809769185941455,74.232002057878
2017-02-01,29.22426836125969,30.020270610409472,29.21966797340711,29.61996841430664,447940000,86.27250659797835,0.49502225487686147,0.3963880430820127,28.840007183021832,26.4659366875226,0.4111019386341772,85.83057019354656
2017-02-02,29.442824161746977,29.76720503509484,29.396811507766348,29.569355010986328,134841600,84.7922326316948,0.5803339194001609,0.4331772183456423,29.17540113487295,26.418345622634376,0.40819419496948545,84.0259891249677
2017-02-03,29.518742867675616,29.721195040945894,29.48423557014394,29.69588851928711,98029200,85.46373449727393,0.650653891761209,0.47667255302875566,29.48138925798558,26.3992400907693,0.3959631432432331,88.50853007107479
2017-02-06,29.70739756347305,30.022575973349525,29.6544816836896,29.974262237548828,107383600,86.84040971707334,0.7205394784950379,0.5254459381220121,29.820795543404493,26.34464654186162,0.39397251084442547,98.11315430939847
2017-02-07,30.031760960134505,30.388351457545035,30.011056588709454,30.259519577026367,152735200,88.0856217596056,0.7898374384471509,0.5783242381870399,30.182804012175854,26.271130085114184,0.3954094186409813,95.5974949428712
2017-02-08,30.21812637332233,30.41827575416535,30.188217703391395,30.376863479614254,92016400,88.56496523174374,0.8444904826223762,0.6315574870741072,30.511586757644945,26.23981323625154,0.38359860665047946,98.58484496641591
2017-02-09,30.41844748303212,30.60329254147773,30.29598838100748,30.59636116027832,113399600,89.42224582988374,0.8951957825548327,0.6842851461702524,30.842941031473806,26.213150277119944,0.37814900335189183,99.77722333169878
2017-02-10,30.605602002606165,30.71650761528476,30.51086843574748,30.527040481567383,80262000,87.19886482651943,0.9191906410941435,0.7312662451550307,31.100843255025985,26.2645101385287,0.36582687307941947,94.12427352071397
2017-02-13,30.748851253837103,30.919833509046352,30.672602553228607,30.79737091064453,92141600,88.40918204950584,0.9490797452197697,0.7748289451679785,31.365724935187313,26.34075528179267,0.3677530269651016,96.23012609124392
2017-02-14,30.838968783082613,31.21327745462507,30.788136306005725,31.197105407714844,132904800,89.92594109891424,0.9935690630876799,0.8185769687519188,31.679723721234936,26.385770434648855,0.3718521785118334,99.53309577581443
2017-02-15,31.31263271120233,31.48592428287456,31.104680709820027,31.31031990051269,142492400,90.31259726834836,1.0261339974456973,0.8600883744906745,31.961140817444555,26.47491913433767,0.3725229924077405,95.30007397465988
2017-02-16,31.347293303978866,31.400435071703008,31.155516852353124,31.273357391357425,90338400,89.11007979919474,1.0370054239480524,0.8954717843821501,32.176471303899945,26.631290079156695,0.3634083657607508,94.31079878457538
2017-02-17,31.21558201858016,31.384251452160708,31.21558201858016,31.358835220336918,88792800,89.45960357899236,1.0405239419075372,0.9244822158872277,32.359851886180806,26.823096417041853,0.3494984420335934,96.59855190102337
2017-02-21,31.47667551747599,31.59682531021833,31.41891166864561,31.58527183532715,98028800,90.34377647098528,1.0494861125370392,0.94948299521719,32.532084097180174,27.046855149951174,0.341533559737009,99.51397937728943
2017-02-22,31.52288841982405,31.68231721948356,31.44895252071614,31.680007934570312,83347600,90.69544178647766,1.052105096160325,0.9700074154058171,32.65617296703128,27.330760931894506,0.3338072125248956,99.89895956499213
2017-02-23,31.74239806487526,31.76550149392857,31.492857761966008,31.54599952697754,83152800,85.92828328071631,1.0314770753602254,0.9823013473966988,32.75030622297287,27.587280370655062,0.32943839248472906,90.37806313317137
2017-02-24,31.402733496479627,31.57602500915528,31.25716749763213,31.576025009155277,87106400,86.10451756072815,1.0059559912562612,0.9870322761686114,32.79611246071285,27.8937492183643,0.3286826152731879,91.02440991532688
2017-02-27,31.68695094036211,31.756268295074936,31.48824307051981,31.638427734375,81029600,86.48340385217254,0.979474949126736,0.9855208107602365,32.78725819020787,28.260888820595348,0.32434994450761195,92.75703903978103
2017-02-28,31.67307876474033,31.75625886055819,31.58527657314757,31.652284622192383,93931600,86.57096809490875,0.9486709789750556,0.9781508444032003,32.679306569376116,28.735874209127307,0.3133951118578268,92.8220354247329
2017-03-01,31.86023616336788,32.38242021612314,31.793231633504373,32.29924011230469,145658400,89.87043421038305,0.9653347340050615,0.9755876223235727,32.53294129019454,29.320409158413852,0.3431622891487502,96.01328438252867
2017-03-02,32.347752244099325,32.41244746653751,32.0612423121408,32.10745620727539,104844000,83.3339617745548,0.9520904159321582,0.9708881810452897,32.615981895654876,29.486117332250394,0.34373677952360443,83.96115784178554
2017-03-03,32.06587675828622,32.308485698692934,32.021975656373144,32.296932220458984,84432400,84.53101938847055,0.9459786758619693,0.9659062800086257,32.682517464634174,29.692339484218362,0.3396491554376177,93.36060098259952
2017-03-06,32.2021981053339,32.29462240405926,32.02428794083728,32.19526672363281,87000000,81.16247708573093,0.9222998236286877,0.9571849887326381,32.69623907009852,29.92855569918859,0.33486309287933796,86.62936337680568
2017-03-07,32.13058271271785,32.34315338567785,32.0681967299665,32.23686981201172,69785200,81.48758360398186,0.8965562419077244,0.9450592393676555,32.71552234064509,30.135533186088306,0.3305840616530531,86.57423782766188
2017-03-08,32.105145744121764,32.301544235925455,32.07511094083889,32.11669921875,74828800,77.33575396852328,0.8565833457475449,0.9273640606436333,32.719271999950244,30.317501490955514,0.32314472118401827,76.47059873870468
2017-03-09,32.05662904255546,32.068178992623274,31.666144833241777,32.042762756347656,88623600,74.81021466661893,0.8096058506640489,0.9038124186477166,32.695514125788016,30.507849292791082,0.33224541149289,69.11225812218234
2017-03-10,32.17447172172636,32.19988796249569,32.0335277548467,32.14905548095703,78451200,76.02250640787484,0.7720530351040651,0.8774605419389863,32.68995823235196,30.668674618295007,0.3203964683611825,77.20102549427577
2017-03-13,32.082050798304046,32.21605985740259,32.07511941682055,32.16291809082031,69686800,76.18349196346408,0.7349388375449806,0.8489562010601852,32.63457419504424,30.88764641652803,0.30757818066267256,78.40096059541112
2017-03-14,32.18602558324106,32.26689287710669,32.0797385226766,32.11439895629883,61236400,74.30312364040101,0.6936149188967455,0.8178879446274974,32.58552713291417,31.06839628322352,0.2989764787889168,74.20118774143738
2017-03-15,32.21143545714722,32.52104885946369,32.123633273411656,32.454044342041016,102767200,78.33445914304264,0.6804284046429849,0.7903960366305949,32.636840823389164,31.14277648618115,0.30666743767291293,94.6985121035748
2017-03-16,32.51411827004607,32.583435599648205,32.407831227906016,32.50718688964844,76928000,78.89242582587208,0.6665822117502529,0.7656332716545265,32.69297246052814,31.206331547955745,0.29730579010643265,93.03787160962014
2017-03-17,32.57881991544937,32.57881991544937,32.3223482133878,32.345455169677734,175540000,72.75170405416418,0.6352360007767999,0.7395538174789813,32.69399429295505,31.31251949336087,0.29438906953179994,76.15806463176646
2017-03-20,32.44018264011968,32.694345036519806,32.400903638062616,32.68510437011719,86168000,76.83041110071616,0.6305323699833423,0.7177495279798536,32.75444428219993,31.38469641909401,0.2982819836253908,99.10127751646438
2017-03-21,32.83528396089231,32.994712755487875,32.28537096518604,32.310787200927734,158119600,65.24017874679316,0.5898015760077335,0.6921599375854296,32.75882638375429,31.45286585409972,0.32764339838799394,48.52159659222502
2017-03-22,32.31310613499406,32.71745317302266,32.292308464990825,32.67586135864258,103440800,69.99447502456248,0.5802913246364874,0.6697862149956413,32.82359928956879,31.487678290692447,0.33460777764826843,76.00036915641908
2017-03-23,32.63890272968781,32.71284219120646,32.48871804621596,32.56034469604492,81385200,66.87747503639297,0.557012262020038,0.6472314244005206,32.83211796225396,31.58059413491401,0.32671608960128534,67.30554364818599
2017-03-24,32.69434763794183,32.7498022176487,32.42863526880281,32.49563980102539,89582400,65.12795991070585,0.5272643180651997,0.6232380031334565,32.815051761692885,31.689621814662093,0.32631972240447155,62.43526987925889
2017-03-27,32.20682392784006,32.62965588865848,32.028910217133244,32.55109786987305,94300400,65.950137223568,0.5023728196831279,0.5990649664433907,32.79529031064096,31.800650279263827,0.3459215759130978,66.60954414247443
2017-03-28,32.55802277949188,33.281223906665865,32.491014727782115,33.225772857666016,133499200,73.98567922097749,0.5309661140546353,0.5854451959656397,32.93764354086183,31.815645872590324,0.3776564046967158,96.56666661637261
2017-03-29,33.19804055798778,33.38519840692117,33.084825660277524,33.299705505371094,116760000,74.69054896261684,0.5532151329483312,0.578999183362178,33.1211457056505,31.73219024710828,0.3721361434072108,93.69655341734976
2017-03-30,33.31590174469807,33.387528404163604,33.1564728442732,33.25582504272461,84829200,73.41902482192972,0.560841818731447,0.5753677104360319,33.253308785724734,31.714864050578978,0.36205895887029577,90.30607990557901
2017-03-31,33.2072908029711,33.33437201036823,33.04323987603545,33.19342803955078,78646800,71.55364222420077,0.5554482438783523,0.571383817124496,33.354622143058876,31.703200275154018,0.35699275711761586,85.71339862326714
2017-04-03,33.20498767713941,33.29971775329288,33.05249019997456,33.202674865722656,79942800,71.6685216328629,0.5456302526324777,0.5662331042260924,33.441401202455175,31.71716202996669,0.3491523854176665,86.39400383377787
2017-04-04,33.09869627711697,33.47762710917722,33.080211416330286,33.44990158081055,79565600,74.6197255929243,0.5514418749097345,0.5632748583628209,33.568724080799676,31.71114232850209,0.3525997645197571,98.08620107082787
2017-04-05,33.322814079164985,33.609324078860624,33.22808050761731,33.27660369873047,110871600,69.17981311495156,0.5358865698623347,0.5577972006627236,33.63397902659379,31.761877830706016,0.3546457507142971,78.94726260079152
2017-04-06,33.33899058109066,33.39213587503724,33.14490484195315,33.19342803955078,84596000,66.6676875910128,0.5109573002768215,0.5484292205855432,33.662972134173096,31.84795125144702,0.3469732708835681,73.68435892765002
2017-04-07,33.20959924802968,33.31357349667773,33.10331571407883,33.11948776245117,66688800,64.4279069819751,0.4797045763568448,0.5346842917398036,33.67813634064765,31.929830273121887,0.3372078788632348,69.00582004045036
2017-04-10,33.17956349994475,33.24425874286062,33.01782186702875,33.08020782470703,75733600,63.21292352262217,0.44661866285184004,0.5170711659622109,33.67739281232954,32.02230277482866,0.3292956643609946,66.52039905703732
2017-04-11,33.02706638137571,33.121799961435954,32.36162556132028,32.72438430786133,121517600,53.39068692010983,0.38722219750435727,0.4911013722706402,33.63556722261789,32.12512689969656,0.3600727169149002,44.00582072647327
2017-04-12,32.71745385970046,32.84453153953262,32.58112846168498,32.76366424560547,81400000,54.2360606400775,0.3394071590321701,0.4607625296229462,33.62655022762963,32.165105885041264,0.3531677426958098,46.4912417098863
2017-04-13,32.78906264375744,32.89765893063353,32.590354919433594,32.590354919433594,71291600,49.93279876446873,0.2842521010584065,0.4254604439100383,33.62229442102179,32.17767849462763,0.3498917618746762,35.52516944433117
2017-04-17,32.689717120605906,32.782141396308624,32.548773185081686,32.77058792114258,66328400,54.01870073186731,0.25217767000664537,0.3908038891293597,33.598453147396626,32.24403304339927,0.34156865111412354,32.77733796049604
2017-04-18,32.673553715856414,32.81911625943817,32.60423637215595,32.625030517578125,58790000,50.43869950460376,0.21256289359904912,0.3551556900232976,33.60037441939573,32.23610438614626,0.3325194536975587,21.11126626784079
2017-04-19,32.78215220540519,32.809877734445,32.45174103996478,32.5048828125,69313600,47.63256262499368,0.16951887414414557,0.31802832684746724,33.57848172580385,32.27740664089537,0.33434925661060616,11.481720076267298
2017-04-20,32.62964547182509,33.022438965982026,32.61578271124467,32.91153335571289,93278400,56.46150942650245,0.16630244782871273,0.2876831510437164,33.579487968110875,32.299967598295375,0.3474354635299933,44.073771561151915
2017-04-21,32.91153623295304,32.96698728012244,32.77521437449348,32.872257232666016,69283600,55.48844395388257,0.15875413308976505,0.26189734745292614,33.570893060505355,32.33975375956301,0.33631670939420516,40.92588587444755
2017-04-24,33.156449382600115,33.260423605852495,33.08250996345363,33.18879699707031,68537200,61.28016252175495,0.17628208271298718,0.24477429450493837,33.57381181929611,32.40615072037674,0.340020256807939,66.29577771565205
2017-04-25,33.25118646452234,33.47992907478972,33.241942273336754,33.394439697265625,75486000,64.51088429105727,0.2044104400377833,0.23670152361150737,33.604214373895786,32.46008234851632,0.33652824401590126,82.77753972020322
2017-04-26,33.38058726596684,33.41062560817669,33.1287376254248,33.19805145263672,80164800,59.41251982624273,0.2084525644097468,0.23105173177115526,33.60098435295408,32.460540228955104,0.33262536821132904,74.7941753953269
2017-04-27,33.253499487413826,33.30895406388303,33.11255552381096,33.22346115112305,56985200,59.854601350566156,0.2112709276640672,0.22709557094973765,33.59058292089146,32.463317225592924,0.3228948804870961,77.0663401681529
2017-04-28,33.2927774759267,33.34130066956212,33.10331384860896,33.19111251831055,83441600,58.97393483689662,0.20849088340631994,0.22337463344105413,33.582537573013816,32.46489132102915,0.316830019091815,74.17368782262453
2017-05-01,33.5261457777764,34.01136008674115,33.49379815717875,33.868106842041016,134411600,69.19063182407106,0.2579420667680026,0.2302881201064438,33.72941045501878,32.38548631927321,0.352788415473157,91.31658806354993
2017-05-02,34.089916305108204,34.21699749566795,33.928178210589465,34.082984924316406,181408800,71.60746458391462,0.3108876321842402,0.2464080225220031,33.91408395630239,32.28884382384898,0.35251000391271226,92.4083228293218
2017-05-03,33.63935221272565,34.078359553815964,33.33436094186979,33.97900390625,182788000,68.7951228803776,0.3405315394630648,0.26523272591021546,34.01896678807623,32.23687122461908,0.38080385952227686,86.51790290022504
2017-05-04,33.854239024494824,33.99749224780387,33.690188135200835,33.85654830932617,93487600,65.5310047003668,0.350107583992866,0.28220769752674557,34.10430221892191,32.20953025483298,0.37555387759947384,79.58091668906007
2017-05-05,33.909686058779336,34.42262928078691,33.909686058779336,34.41801071166992,109310800,72.0735980944744,0.39840937651522523,0.3054480333244415,34.32099927326693,32.11529146769987,0.3891629557324211,99.76566052699879
2017-05-08,34.434198084508445,35.51322675874134,34.434198084508445,35.353797912597656,195009600,79.17016425538684,0.5063620747020181,0.34563084159995683,34.78653577481041,31.87318598117104,0.43959531939949226,94.79243541245737
2017-05-09,35.55249403747193,35.78586225291136,35.4554511904516,35.580223083496094,156521600,80.46378224421927,0.603232298313749,0.3971511329427153,35.21813210295066,31.691591178909693,0.43905739232193575,93.51312272413368
2017-05-10,35.49706062772324,35.56868727474601,35.145855250524285,35.41156768798828,103222800,76.64550792911413,0.6587993388429538,0.44948077412276305,35.51971769853151,31.658723921341533,0.4387224237969267,87.56764058639195
2017-05-11,35.369805378967186,35.74566272798145,35.33732422931705,35.71781921386719,109020400,78.6286814118923,0.7192574058366006,0.5034361004655306,35.84532892833014,31.628528188369085,0.4365521434303176,97.48301250600902
2017-05-12,35.89181788100036,36.2908739365039,35.88485788911661,36.21663284301758,130108000,81.39923091928989,0.7982195722642871,0.5623927948252818,36.22576927921757,31.610715629840048,0.4463023276593458,97.67091156122015
2017-05-15,36.19574352326371,36.34422922660591,35.97301673833962,36.12382125854492,104038800,79.33828792180874,0.8435842250087902,0.6186310808619835,36.52581302666983,31.64599521612802,0.4409387677026988,93.19920632431901
2017-05-16,36.17950202596057,36.20734198695468,35.89645062192659,36.070457458496094,80194000,78.11366623859709,0.8652558951037648,0.6679560437103398,36.749771464452586,31.766579472437062,0.4316496675116554,91.55264065305455
2017-05-17,35.63661097305999,35.86166015777353,34.73409541690228,34.859378814697266,203070800,56.717123763479314,0.7757643955862079,0.6895177140855134,36.73781154367049,32.013988993438886,0.4962719799460954,54.18422764168687
2017-05-18,35.09602551609839,35.57628262123861,35.063544376331315,35.39067459106445,134272800,61.676534256615966,0.7391919220494785,0.6994525556783064,36.79752468505054,32.20218997559399,0.5120313961314704,68.31905766849671
2017-05-19,35.58555900779195,35.72476235196621,35.41155217244053,35.511314392089844,107843200,62.72105364312988,0.7117381229552109,0.7019096691336874,36.837176357772734,32.42644401881418,0.4993211364722054,72.32719987316355
2017-05-22,35.72939630033584,35.8639619839506,35.476507267073444,35.72707748413086,91865600,64.58042567328556,0.6993296310304373,0.7013936615130374,36.90581378299808,32.61163464229489,0.49133067792970203,79.49572260006195
2017-05-23,35.93821037343643,35.93821037343643,35.56931673150193,35.68300247192383,79675600,63.879512495517645,0.678122354263401,0.6967394000631102,36.95710667923391,32.78919802352488,0.48258517535861656,75.08603929217905
2017-05-24,35.69229090430183,35.76885435745666,35.4208405923051,35.57628631591797,76712000,62.121477508657,0.6452661066960133,0.6864447413896908,36.94057208464875,33.04355610443817,0.47297293177239846,68.45638554137781
2017-05-25,35.666764314693346,35.8106123896768,35.50435862375579,35.69924545288086,76942400,63.3722866421649,0.6219792785682188,0.6735516488253964,36.898808856930195,33.3328977623325,0.4610644199258705,66.23176661838222
2017-05-26,35.72941089114566,35.785094364401445,35.56932400319178,35.6389274597168,87710400,62.2857177980261,0.5918348379471041,0.657208286649738,36.78535064988251,33.69113746352081,0.44354341573185574,56.19607745402634
2017-05-30,35.59484119138891,35.82916914409434,35.5739612188087,35.6528434753418,80507600,62.445699478667606,0.5625829516647869,0.6382832196527477,36.74204139657588,33.91292038015752,0.43009088069998314,57.060354419153946
2017-05-31,35.7224401700159,35.76884128036938,35.353546563465706,35.441707611083984,97804800,58.3981228307118,0.5164108584069069,0.6139087474035796,36.683143127266064,34.10769091814409,0.4290340118573896,43.947415420830886
2017-06-01,35.53684667942517,35.57396899891659,35.316438660236145,35.53916549682617,65616400,59.69671462774264,0.48212553567539373,0.5875521050579424,36.57551548630626,34.37133471816152,0.41678374948760794,50.00019719305676
2017-06-02,35.631966612345444,36.06582260131836,35.47187972823621,36.06582260131836,111082800,65.89260739817533,0.4917820400398156,0.568398092054317,36.412580221306165,34.75519741236082,0.42943797260150374,82.70910010027077
2017-06-05,35.80828605555389,35.83380719987951,35.60412044112713,35.71316146850586,101326800,59.31671266702973,0.4656108116104889,0.5478406359655514,36.270279813521576,35.02701289582901,0.4317425574293413,66.4563604969911
2017-06-06,35.70619176790843,36.149329907878446,35.678351814461834,35.833797454833984,106499600,60.75935368313382,0.4494235653218297,0.5281572218368071,36.28331621324407,35.06197645033014,0.43454509571414635,77.70458146290507
2017-06-07,35.96606301262677,36.18878983634843,35.84077607662668,36.04726409912109,84278400,63.243162706289965,0.4486482919582073,0.5122554358610872,36.32716257737489,35.06483418776183,0.4288627589855961,87.42267867268818
2017-06-08,36.019423740514945,36.08670484231927,35.82221452940671,35.959102630615234,85003200,61.511466886810936,0.4358952593058092,0.49698340055003165,36.35007617376064,35.09667408563877,0.41712186998037953,73.67032772778323
2017-06-09,36.00549447499846,36.00549447499846,33.87797135357596,34.56471633911133,259530800,41.94761783894552,0.30970300523532046,0.45952732148708947,36.47897329100765,34.85246668091618,0.5392933879405309,29.718690180780815
2017-06-12,33.81301415713416,33.89421523399402,33.06362206785271,33.73876953125,289229200,34.87248263011463,0.14141755648762455,0.39590536848719654,36.68837332417502,34.395280316572055,0.6079934510346798,21.60355902180147
2017-06-13,34.142462655827934,34.2097437423721,33.676122062916065,34.010215759277344,136661600,38.541309029447774,0.029612216753143628,0.322646738140386,36.73618303976716,34.136110051053144,0.6026811816362051,30.28937201282701
2017-06-14,34.221356015522005,34.221356015522005,33.372201518307364,33.6784553527832,126124800,35.880883002482975,-0.08478723816374867,0.24115994287955908,36.79829469647059,33.83479818377843,0.6202864184632363,19.673608922007986
2017-06-15,33.251551226267416,33.52067913475004,32.99402094249624,33.47659683227539,128661600,34.32819940286305,-0.1895528784022389,0.1550173786231995,36.93387378227341,33.560940899733424,0.6248684178792167,15.10518932082342
2017-06-16,33.358278590962286,33.52532547863764,32.99170367301799,33.0079460144043,201444400,30.97668033587908,-0.30685932413548045,0.06264203807146351,37.08682004102539,33.169721783315424,0.6183508027178193,0.5080357724669425
2017-06-19,33.330434298736115,34.045022883262455,33.330434298736115,33.95221710205078,130165600,43.04288413988518,-0.3199426427280656,-0.013874898088442313,37.06789332418791,33.03273877114901,0.6482598074421292,30.043401396233143
2017-06-20,34.075179545849174,34.075179545849174,33.62740362744633,33.64364242553711,99600400,40.54831308800879,-0.3511626797207512,-0.0813324544149041,37.030629609080485,32.86165898039706,0.633939529653609,20.391654125454984
2017-06-21,33.761980512442065,33.88958628326422,33.550851286189,33.84318161010742,85063200,42.8546768273314,-0.3557033130145797,-0.13620662613483922,36.96395219653799,32.74435430675791,0.6128534916122956,26.632936792746325
2017-06-22,33.819979618154086,34.03574645919202,33.669171525002966,33.787498474121094,76425200,42.360812028133914,-0.3596491497990897,-0.18089513086768932,36.89715664941656,32.632271069699655,0.595262166082064,24.891252861140227
2017-06-23,33.6714995265539,34.14247796406717,33.666858350862896,33.93830871582031,141757600,44.23520977743701,-0.34661160492434817,-0.2140384256790211,36.791988794927086,32.561345250483065,0.586716269447936,29.60836819662803
2017-06-26,34.14477984187781,34.40231009217581,33.729485098153745,33.83156967163086,102769600,43.165279170601664,-0.34096180998717784,-0.23942310254065247,36.682872865827264,32.489725400774304,0.5928668926318024,26.269732991430374
2017-06-27,33.643643468366285,33.91045609832989,33.32115091159032,33.34667205810547,99047600,38.59794184490811,-0.37133101890751163,-0.26580468581402433,36.574243123660516,32.36773800121741,0.5926124850680712,11.469087269121058
2017-06-28,33.52299764915459,33.89885127529129,33.21442510738161,33.83388900756836,88329600,44.905924087176864,-0.3520265567778935,-0.2830490600067982,36.46026991451903,32.32092935000733,0.5991706052710436,27.944385987140908
2017-06-29,33.57404807712838,33.67149150233917,33.010263961048665,33.33507537841797,125997600,40.337020859720056,-0.3726816801495616,-0.3009755840353509,36.3271547661362,32.233635486549346,0.615203065360233,24.342134045085754
2017-06-30,33.51372174056437,33.63204867536002,33.35827603149477,33.41395950317383,92096400,41.353242204838324,-0.3783246337491235,-0.31644539397810545,36.04573211189457,32.249871830976524,0.5924723676160769,29.93434769763355
2017-07-03,33.61349737760043,33.7109408264867,33.20052124367206,33.2933235168457,57111200,40.22487606873649,-0.3880577429288081,-0.330767863768246,35.80960277806831,32.244017369636765,0.5866114544159744,21.382282097354448
2017-07-05,33.337392618356084,33.59260053849096,33.11234347794667,33.43019485473633,86278400,42.15345844725332,-0.3803425765235673,-0.3406828063193103,35.4893685914335,32.32389129626181,0.5790147119965683,31.085296065796587
2017-07-06,33.181939155788285,33.293302521404584,33.04041347733061,33.114654541015625,96515200,39.02728498061662,-0.3951348492205611,-0.3515732148995605,35.01772868432071,32.50227024756406,0.565498045240079,8.716171026007615
2017-07-07,33.15411264967926,33.583331077798874,33.15411264967926,33.45108413696289,76806800,43.81191251549517,-0.3753835868509512,-0.35633528928983865,34.35407340099412,32.91512368152541,0.5585822232074483,31.66706663358146
2017-07-10,33.434846329571144,33.86174241272838,33.263158245175966,33.65525436401367,84362400,46.5529756184704,-0.3393439918182821,-0.3529370297955274,34.160874530171725,33.017376354838035,0.5614395049463747,46.333981937994814
2017-07-11,33.57867804222174,33.838530656946226,33.49747697651507,33.764286041259766,79127200,48.0115435853411,-0.2985429902110184,-0.3420582218786256,34.16366820663051,33.017134329380234,0.5456976603381452,54.16645780269984
2017-07-12,33.843169948377934,33.91509221073657,33.59956319914471,33.813011169433594,99538000,48.68549450279237,-0.25928728937994094,-0.3255040353788887,34.12968058505605,33.031401491970314,0.5292570425705531,57.666710207005956
2017-07-13,33.75734227878138,34.45105113684445,33.74342229169313,34.28400421142578,100797600,54.78692384611871,-0.1880044629929145,-0.29800412090169387,34.243161060014096,32.97847590287653,0.5419978856120363,88.40585700477222
2017-07-14,34.33039205013278,34.645924615900284,34.18190634507622,34.57863998413086,80528400,58.140020816031914,-0.10650988537425832,-0.2597052737962068,34.42781018120689,32.90403109686928,0.5364279131271811,95.88639418758112
2017-07-17,34.527595320058545,35.01017112373985,34.46959304613573,34.69927978515625,95174000,59.465570300011244,-0.03182338162685738,-0.2141288953623369,34.5775467317572,32.923427923394165,0.5367243534469628,84.45471147944443
2017-07-18,34.615754276158185,34.83152456299761,34.49278974609074,34.819923400878906,71475200,60.80233672951159,0.036678337168801534,-0.16396744885610923,34.74692672256825,32.84081856246593,0.5225822436940987,90.48717228429055
2017-07-19,34.91274177246986,35.13083097657728,34.78977718550363,35.038028717041016,83692000,63.167234549391665,0.1073285029029023,-0.10970825850430692,34.96312505808221,32.76405885610235,0.5096159256497808,95.62370541196361
2017-07-20,35.14937659867638,35.20506005389073,34.845445261842336,34.880245208740234,68974800,60.331432694853824,0.14887136140104218,-0.057992334523237106,35.10505048044991,32.725839793597935,0.49890155896396765,84.9945552928706
2017-07-21,34.799055204945354,34.90345861897583,34.54152489557479,34.864017486572266,105010400,60.032925936820156,0.1784281261323244,-0.010708242392124805,35.22980469577755,32.70873747951541,0.48911814213804455,84.24488454552133
2017-07-24,34.93593760584311,35.36747475871802,34.77816954577707,35.28627014160156,85972800,64.89950003578232,0.23323573905937423,0.038080553898175,35.42762993867794,32.64570837919315,0.49627436148110926,96.51042206039196
2017-07-25,35.21898362396672,35.69228065092934,35.21898362396672,35.43707275390625,75415600,66.46978503497957,0.2855480574161575,0.0875740546017715,35.63735623112435,32.59653239497428,0.49463312330121717,90.37629412348133
2017-07-26,35.578612452194825,35.713174673654315,35.51132780128562,35.60413360595703,63124000,68.16869414707087,0.3366061747263345,0.13738047862668412,35.84187426009099,32.6177605207928,0.4790237516188492,95.73902208404049
2017-07-27,35.671414853401714,35.727098336417974,34.174956206611974,34.931304931640625,129905200,55.886981207868864,0.3191000627050684,0.17372439544236098,35.91461000057533,32.65476637271569,0.5556750643465029,67.7024044697365
2017-07-28,34.77585483488103,34.85473710413864,34.613449121650966,34.68537139892578,68854800,52.1859280825661,0.28212935053218047,0.1954053864603249,35.927451131975644,32.776954843366156,0.5386879747495855,53.27785442737431
2017-07-31,34.778167945206754,34.877933714220624,34.36751432489266,34.506717681884766,79383600,49.61546863301513,0.23569696498568504,0.20346370216539694,35.91963196189733,32.89404983131556,0.5366687900766126,42.63875443686919
2017-08-01,34.59256883261376,34.85241797143003,34.43248193810052,34.8129768371582,141474400,53.815169933879496,0.22106323980740683,0.20698360969379892,35.910380029994165,33.05526709524998,0.5283307360232479,53.91780317705211
2017-08-02,36.95442341298408,37.063468015241696,36.23055587474565,36.45792388916016,279747200,68.83898668081541,0.33829967876125977,0.23324682350729112,36.22462504913443,33.04379497955209,0.6513421961704082,79.03612080544701
2017-08-03,36.43701938114558,36.47414167610926,35.96604132684676,36.09364700317383,108389200,63.88299496664725,0.3972371978200684,0.26604489836984657,36.331804722821204,33.23451455208114,0.6411106356769867,66.42489017457262
2017-08-04,36.209663954052346,36.51823295889064,36.12149935828248,36.28390502929688,82239600,65.28860306115726,0.4540636755446812,0.3036486538048135,36.47864145720923,33.37095990692651,0.625644587108403,73.01160467422046
2017-08-07,36.43934770282649,36.87088475886639,36.34886429785898,36.84536361694336,87481200,69.1092773316429,0.5382000491235743,0.35055893286856565,36.7409657365111,33.42764655291761,0.6228828115699104,92.44924678352612
2017-08-08,36.79664597427028,37.54603440245916,36.72008254374774,37.140018463134766,144823600,70.91839508194369,0.6214907563345804,0.4047452975617686,37.02718683309779,33.478998698518424,0.6373877435085897,87.95590265973165
2017-08-09,36.94976876745259,37.41610933395925,36.91496881779299,37.36738586425781,104526000,72.26803733410787,0.697802063141225,0.46335665067765985,37.30669263730889,33.554930363789744,0.6276557986984233,94.70055193553722
2017-08-10,37.243945192944345,37.267238638725885,36.01645807921951,36.17717361450195,163217200,57.281656469448755,0.654692257232675,0.5016237719886629,37.34799584164847,33.70294409975779,0.6793180834369861,59.39397698803008
2017-08-11,36.475303794776885,36.93415686119202,36.35185637630784,36.68027114868164,105028400,60.96635584162795,0.6535890244783928,0.5320168224866089,37.46552398955045,33.795579068310886,0.6848655950979207,74.31791244581478
2017-08-14,37.10884856633273,37.31614740550101,36.97608234424056,37.23229598999024,88490800,64.57684475020812,0.6893125300376539,0.5634759639968179,37.66956369989573,33.844840978449,0.6813663566494529,90.69323242470571
2017-08-15,37.42095847556554,37.779654003384806,37.2998389819559,37.6399040222168,117862000,67.00378891592521,0.7419613585589886,0.599173042909252,37.93159664650817,33.864806093970344,0.6717943321312466,96.12311519447975
2017-08-16,37.71911011424637,37.85187282362059,37.30218082936644,37.48851776123047,110686400,65.21664547527618,0.7626786437484938,0.6318741630771004,38.12979256855313,33.911659076344336,0.6630727365685966,89.57182326322697
2017-08-17,37.388359923307966,37.43261533993221,36.76413179853818,36.76879119873047,111762400,57.380696218573064,0.7128045557203393,0.6480602416057483,38.177821171465276,34.0524850724312,0.6674522527202889,68.91589584465743
2017-08-18,36.76878794908287,37.15077698722718,36.50325902688598,36.6849365234375,109712400,56.52848946254312,0.6589170248404912,0.6502315982526969,38.195796916331105,34.2166012312519,0.6660283746932114,65.87297740294451
2017-08-21,36.684934979566464,36.77577372401931,36.12825579092864,36.61738967895508,105474000,55.8094554872266,0.6038000711743194,0.6409452928370215,38.22141653425247,34.32409356706589,0.6647062002930297,34.53905363350911
2017-08-22,36.854957371464366,37.26722706602458,36.80604612622486,37.21598434448242,86418400,60.593177253609774,0.6014875016354893,0.6330537345967151,38.31214877146251,34.41125248891347,0.6636441422056351,66.28073715886032
2017-08-23,37.050622350639216,37.37670924800208,37.00636693869412,37.262577056884766,77596400,60.94754544302493,0.5965378985515741,0.6257505673876869,38.40046837714838,34.488777228320366,0.6426940112843724,67.89304605220883
2017-08-24,37.367387039585466,37.439595289060286,36.9294994679438,37.09720230102539,79275600,58.922204230559935,0.5726695634907628,0.6151343666083021,38.39233977890445,34.71349556350278,0.6332227119866664,58.882834253276194
2017-08-25,37.185719579056176,37.39767787713826,37.0972122934809,37.23463439941406,101920400,60.10858756854674,0.5584063964229458,0.6037887725712309,38.31703797627615,35.04372366617991,0.6094550594242522,66.37062952177928
2017-08-28,37.29985002932449,37.73308185201082,37.25093521127621,37.60963439941406,103864000,63.22925911566885,0.5707824746869292,0.5971875129943706,38.16383129214591,35.50722202206308,0.6015259446508596,86.80197895622919
2017-08-29,37.29053252414095,37.99394910280157,37.2672390780848,37.94503784179688,118067600,65.8058275204294,0.6007300188765754,0.5978960141708116,38.021251428381106,35.96300798629174,0.6104676646555678,97.52660009975209
2017-08-30,38.15234072332967,38.17330269453287,37.87516503492764,38.04752731323242,109078400,66.57653086278366,0.6255230666738498,0.6034214246714193,38.17020524991348,35.973014507166596,0.5881583785805438,93.84975566678784
2017-08-31,38.115069771003085,38.32004072940156,38.077801677825,38.19892120361328,107140400,67.73344601625672,0.6498963567257476,0.612716411082285,38.28432599624629,36.06942118087773,0.565612309836872,94.4739320148505
2017-09-01,38.385257660727085,38.41786635335139,38.11274139649231,38.210567474365234,66364400,67.82570787544034,0.6625150601970518,0.6226761409052384,38.38875899418818,36.15765442744268,0.5470060703384585,90.94610750018532
2017-09-05,38.14068917207796,38.25714929168736,37.39767304031707,37.751712799072266,117874000,60.48722569896955,0.6282476878483791,0.6237904502938665,38.434533524908495,36.20251481493525,0.5693253689835892,70.90537730686233
2017-09-06,37.89845697450694,37.96367436281888,37.38836103771766,37.71212005615234,86606800,59.88514304924857,0.5910821181930075,0.6172487838736948,38.47315660313872,36.221101896006786,0.5697530801348485,69.17614249419472
2017-09-07,37.75403893758368,37.78897910426357,37.35108793792291,37.56071472167969,87714000,57.52697758824235,0.5431498974145583,0.6024290065818675,38.486867252893404,36.22672413199429,0.5603343720066919,62.563431277819134
2017-09-08,37.46756580939839,37.53511114379624,36.92486099396994,36.94815444946289,114446000,49.10236519909016,0.45054121386526447,0.5720514480385469,38.40182919136825,36.38886027701554,0.5657286116997671,35.809524641023394
2017-09-11,37.38370265901643,37.74472978180447,37.24162115472234,37.61662292480469,126323200,56.575898874822876,0.4261753006973237,0.5428762185703022,38.3942346493713,36.49008999662479,0.5822176631741824,50.28952887785025
2017-09-12,37.87515877319203,38.18960250557941,36.98074594224573,37.46754837036133,286856000,54.64874728341436,0.390336511955482,0.5123682772473382,38.400879232484016,36.50697065154918,0.6269775846141462,36.348655614754094
2017-09-13,37.236957458568185,37.25792298117224,36.78043578057349,37.18571472167969,179629600,51.10454922240992,0.3353269532235359,0.4769600124425778,38.38117011769075,36.48126083628875,0.6312729421265527,24.750908395379515
2017-09-14,37.03197490233585,37.12746946009067,36.82234464069408,36.86660003662109,95042800,47.35929236795747,0.26295046420410984,0.4341581027948842,38.38234409109285,36.4178950904257,0.6121370234736283,5.262162407375722
2017-09-15,36.910885069783504,37.49318589620896,36.80141223008894,37.23930358886719,196458400,51.80204453201544,0.23297998877883686,0.3939224799916748,38.363841243065224,36.48344917746701,0.6178253550912278,28.023649730396027
2017-09-18,37.29285270270575,37.38369143693135,36.80139094725952,36.95744705200195,113077600,48.470417395594815,0.18435952231362762,0.3520098884560654,38.33952380596587,36.53501766742281,0.615287864704128,10.810306975529501
2017-09-19,37.15310158306575,37.21366311254684,36.90387880537779,36.9714241027832,83242400,48.646797314557304,0.14528057944948358,0.310664026654749,38.30167864238398,36.60826627338751,0.5934661820230508,11.663903519628342
2017-09-20,36.778097057338464,36.86194846899141,35.830113719840035,36.35185623168945,211805600,41.81435538877261,0.06358333729545507,0.26124788878289024,38.38809032904895,36.43544177544324,0.632597910660202,20.161993271414744
2017-09-21,36.28897691957961,36.28897691957961,35.57856942162137,35.727638244628906,150046800,36.28492937615941,-0.05094423700435158,0.19880946362544188,38.56824086163257,36.101797361634034,0.6426471177607651,5.250201954633515
2017-09-22,35.29673804565591,35.46677241081668,35.068477163952586,35.37826156616211,186581600,33.6062712434436,-0.16796376116816703,0.1254548186667201,38.76033337077168,35.73781077900859,0.6438266865404476,9.715153825789956
2017-09-25,34.93570826942344,35.364280660403736,34.7423840426693,35.06614303588867,177549200,31.377719563753715,-0.28262995190330287,0.043837864552715496,38.939970703989,35.34132430943874,0.6432588891799019,9.391890786813008
2017-09-26,35.352627647527754,35.85107673302411,35.33166568252132,35.66939926147461,146640000,39.70074581868783,-0.3211242776245129,-0.029154563882730182,38.942933455106875,35.14433804452691,0.6533785183195829,26.891687567219975
2017-09-27,35.823136248104575,36.03742245811878,35.762574706654625,35.92329025268555,102016800,42.84282438750545,-0.32737070129667245,-0.08879779136551864,38.85500620252566,35.030090538197,0.6329959953427681,34.256784788142994
2017-09-28,35.84408875516629,35.934927489278074,35.56691315377695,35.70200729370117,88022000,40.84512256421557,-0.3461861045907497,-0.14027545401056485,38.74008947207977,34.91045526668976,0.6140687339255078,27.83761056506314
2017-09-29,35.68571600201449,35.90000222315323,35.40388091253344,35.89767074584961,105199200,43.360030037882495,-0.3413738961216666,-0.1804951424327852,38.552676015201925,34.86774367779124,0.6056439179750994,33.513591192738836
2017-10-02,35.930283392535586,35.97453881719591,35.57158770237788,35.825469970703125,74795200,42.63964959882001,-0.33947295250518295,-0.21229070444726478,38.33040404620257,34.85150589642439,0.5911658606067374,39.37346220121732
2017-10-03,35.87205260046407,36.123606940273305,35.848762703901954,35.98152542114258,64921200,44.77528724406965,-0.32166610373920435,-0.2341657843056527,38.17194676484457,34.83294443998941,0.5702352255326976,45.04655167651504
2017-10-04,35.783532540208626,35.83710319267838,35.51101632449689,35.748592376708984,80655200,42.24687872614282,-0.32263071176924285,-0.25185876979837074,38.00371468013603,34.80482375675362,0.5631119306121968,36.57872822591421
2017-10-05,35.91164634833667,36.20512816989654,35.881369129315786,36.1934814453125,85135200,48.25678363360021,-0.2842200292629258,-0.25833102169128175,37.84134831331626,34.83046679593667,0.5554993493675795,54.93860373069599
2017-10-06,36.09564033966873,36.21675982760827,36.00014221352256,36.17250442504883,69630400,48.0031315372548,-0.2525605955338506,-0.25717693645979556,37.775883002684864,34.818367104126665,0.5312935111331606,57.8696432876112
2017-10-09,36.29129911567504,36.50558529280248,36.21676649297357,36.29828643798828,65051600,49.71008017419925,-0.21484411969358064,-0.24871037310655258,37.57355262414047,34.88886383398941,0.5171354651774813,73.40670450951099
2017-10-10,36.34952776101765,36.80139354150929,36.12592634750615,36.312259674072266,62468000,49.90681671662581,-0.18173113409471853,-0.23531452530418578,37.38481692111925,34.962070667381724,0.5284448743793141,76.24421510864349
2017-10-11,36.32856703960228,36.56381518260447,36.277324306816766,36.463661193847656,67622400,52.09364720944043,-0.14163928757113808,-0.21657947775757624,37.26159372976385,35.013088505953924,0.511162445908485,83.59733901898424
2017-10-12,36.41707570948683,36.65465176118932,36.27266276467597,36.33555221557617,64500400,50.10061832768161,-0.11883369340399241,-0.19703032088685948,37.18656038838232,35.03501706523096,0.5019357709516897,77.3754649410036
2017-10-13,36.50558531838799,36.6336921510215,36.431052695634285,36.56614685058594,65576800,53.545770456626656,-0.08121681890298049,-0.1738676204900837,37.04048581706059,35.11377596272457,0.4873789255583782,83.99386053106862
2017-10-16,36.77811877539905,37.26725289122931,36.719888692756506,37.23930358886719,96486000,61.83054792322765,0.0028797521376588975,-0.13851814596453518,37.1151446718647,35.06730276160698,0.5026451480644494,98.50006854875615
2017-10-17,37.21599345963665,37.469875653227085,37.08788662440458,37.376708984375,75989200,63.270483524939266,0.07969567550474466,-0.09487538167067922,37.221203329075905,35.00177259255496,0.49402685383288175,95.49046921480523
2017-10-18,37.36505860103378,37.43260745030128,37.17406588237725,37.21133041381836,65496800,60.320936335439264,0.12577828589887474,-0.05074464815676843,37.36532614279598,34.943597197047765,0.4772064762679641,87.48567775531122
2017-10-19,36.510240199006,36.587104289072464,36.10728926085157,36.33089065551758,170336800,47.59890981049893,0.09021501376887642,-0.022552715771639458,37.38068527662869,34.98856330430393,0.5219803817464514,41.85468139522603
2017-10-20,36.477638812329246,36.74316774291992,36.32624207844399,36.3937873840332,95896400,48.43557461326599,0.06634136279340908,-0.004773900058629753,37.37207464607848,35.09872651664124,0.5144764733699858,45.06556681170956
2017-10-23,36.54286310559142,36.72920004305189,36.21910405396044,36.37516021728516,87937200,48.19017542999796,0.04539498063280689,0.005259876079657576,37.295979140651,35.30572374020838,0.5141635816358044,44.11464775004756
2017-10-24,36.4031017972076,36.666302798854936,36.38213982913323,36.59177017211914,71028800,51.2813276651909,0.04574610233837717,0.013357121331401496,37.303629675011855,35.39031029691197,0.4982335102025165,44.7213172945724
2017-10-25,36.54751710074563,36.696585917849305,36.16552803478742,36.43105697631836,84828400,48.94787024180041,0.03267944871232231,0.017221586807585662,37.308404218047,35.43631242624011,0.5005781082638998,29.319246004393268
2017-10-26,36.62204727186381,36.7618008334198,36.517233877737176,36.66397476196289,68002000,52.333137686351215,0.040649962832077335,0.021907262012483997,37.3091298274038,35.531783563709475,0.488447090323724,40.855060950726276
2017-10-27,37.10187467647772,38.10576419964007,36.96445254633375,37.977657318115234,177816800,66.01934985035709,0.1512266098516477,0.04777113158031675,37.618604682900965,35.43030736543888,0.5565429722775423,93.58976792561151
2017-10-30,38.17329386171482,39.14690220770844,38.13369785168815,38.83245849609375,178803200,71.71105960826098,0.3043266225991488,0.09908222978408315,38.13102340860786,35.21858749227104,0.6003073949429472,89.65513974600465
2017-10-31,39.10730812671052,39.51491855976353,38.883706679435335,39.37283706665039,144187200,74.60671956325973,0.463915787814976,0.17204894139026172,38.69661852625185,34.99212353917785,0.6061754427091495,95.83048856991266
2017-11-01,39.566148542830426,39.58245466085448,38.57390988801188,38.872047424316406,134551200,67.69148632133205,0.5437142131646624,0.24638199574514189,38.98571729238003,35.015370277810405,0.6349161091472528,79.55759928613814
2017-11-02,38.80450743887397,39.2470544051936,38.49705106339108,39.15621566772461,165573600,69.42338764366643,0.6227068653980936,0.32164696967573225,39.31424947448273,34.983111517948906,0.6431366257654861,87.73471348645694
2017-11-03,40.52812566342561,40.5886836521891,39.85731417031122,40.17874526977539,237594400,74.68249563168838,0.7590686339451622,0.40913130252961827,39.84959866594254,34.848386410961766,0.6995174371011291,90.85243683961153
2017-11-06,40.1484470033465,40.75870024177468,39.99705032036951,40.58633804321289,140105200,76.42326655438603,0.8897689458281093,0.5052588311893165,40.39773159735269,34.72905864007407,0.7039554716942752,96.29441046450843
2017-11-07,40.50716243754375,40.81927472655335,40.43495772707984,40.71678924560547,97446000,76.9690727338636,0.9924360217582802,0.6026942693031092,40.88090431584209,34.686338878737985,0.681124152249935,97.8250043067011
2017-11-08,40.68185130490328,41.04986572265625,40.60498719669403,41.04986572265625,97638000,78.34737935190356,1.0881335805935706,0.6997821315612015,41.36717196058085,34.65869168688009,0.6642494646579552,100.0
2017-11-09,40.786657677747385,41.017249962642765,40.32780458464305,40.966007232666016,117930400,77.09638261234718,1.1440203516408758,0.7886297755771364,41.74714223715192,34.74176691201801,0.6683788698976157,98.28311440876595
2017-11-10,40.93329061404221,40.996406160345416,40.73693509982965,40.83043670654297,100582000,75.0111222247271,1.16395427158389,0.8636946747784873,42.04824965270997,34.86708848205565,0.6391711692274835,95.50749702138174
2017-11-13,40.55693131387321,40.7906888430598,40.53355413421182,40.66679763793945,67928400,72.46340382755345,1.1532537501511158,0.9216064898530131,42.30103523562457,34.95705230404829,0.6147219837348883,92.15721538524623
2017-11-14,40.44940432809518,40.55225821938238,40.01461514838106,40.05201721191406,99130000,63.70868651204368,1.082685344671546,0.9538222608167197,42.43762743205071,35.087990930376044,0.6173977341508529,77.98522922481027
2017-11-15,39.73177149610749,39.81358806625075,39.360097843562826,39.52372741699219,116632400,57.3020454192484,0.9729156377103507,0.957640936195446,42.49272592856748,35.26413213417666,0.6227207080223088,62.64421149593925
2017-11-16,40.01460810615006,40.17590135574992,39.80890392663494,39.99591064453125,94550000,61.07026505977008,0.9134934109466002,0.9488114311456769,42.49946143269157,35.623898628953945,0.6248245102176964,63.85821651017949
2017-11-17,39.98188591460903,40.0637024759367,39.65462680301197,39.77384185791016,87598000,58.45732341346488,0.8388124649944473,0.926811637915431,42.44104113668369,36.02032437234951,0.6094138789824843,50.01502125840217
2017-11-20,39.80657606378088,39.869691608046615,39.63593403195173,39.73411178588867,65049600,57.97936525563717,0.7675732854690267,0.8949639674261503,42.318280943667716,36.478979722225844,0.5825812859190845,48.4586970702244
2017-11-21,39.92111417337202,40.60368579254124,39.92111417337202,40.472782135009766,100525200,63.89070545033942,0.7619371095830516,0.8683585958575306,42.22898352373378,36.956378338448836,0.6030807659714764,77.39422305681215
2017-11-22,40.52421791740119,40.90758024098525,40.45175363167157,40.898231506347656,102355600,66.78866047369146,0.7827772394704766,0.85124232458012,42.05087146894704,37.58120784623851,0.5925626119244907,91.02632863456093
2017-11-24,40.93095572938672,41.02445733931441,40.825761959645845,40.90056610107422,56106800,66.80440397791615,0.7903706736969767,0.8390679944034913,41.748762322580575,38.306976126516105,0.5644292381919245,91.16448931067788
2017-11-27,40.91926740995278,40.92627985240134,40.51954035609574,40.69485855102539,82867200,63.92876258888572,0.7709031532301154,0.8254350261688161,41.610274628791636,38.71718394359606,0.5531656852000445,78.99077287341241
2017-11-28,40.743949369889336,40.87718934377625,40.17358026951966,40.45642852783203,105715200,60.66895804363556,0.7278455424303445,0.8059171294211218,41.55246631736836,38.93738925819316,0.5639116415612263,64.88054944312212
2017-11-29,40.353564015160494,40.42135213023279,39.074910025823634,39.617225646972656,166665600,50.84219918642749,0.6188714518214553,0.7685079939011886,41.53459139565561,38.97970303793814,0.6223121315931671,27.817515245525144
2017-11-30,39.8392915065516,40.239018425988334,39.37411633522319,40.17123031616211,166108800,55.91833145195024,0.5706343293501561,0.7289332609909822,41.42290403507257,39.22130868770575,0.6396399858197368,56.2346080421845
2017-12-01,39.727099097349935,40.12916241108595,39.38815132748786,39.98423385620117,159037200,53.89532969242299,0.5114216601879988,0.6854309408303856,41.334281755601545,39.39273278602443,0.6498856288807733,46.642819288614334
2017-12-04,40.31850036895455,40.3512262825852,39.652293505718426,39.69203186035156,130169600,50.80246233199647,0.4358922398343452,0.6355232006311775,41.352899733644506,39.32544346703909,0.6533889965940592,31.65462208880362
2017-12-05,39.519052754741125,40.09409792513184,39.364771908190285,39.654632568359375,109400800,50.40376983006004,0.368765915810485,0.582171743667039,41.343441731587376,39.241730921610866,0.6588130694760234,29.736264338089587
2017-12-06,39.154397309411614,39.785542104908174,38.9112909791169,39.50736999511719,114240000,48.780418521347215,0.30022416418489684,0.5257822277706106,41.31877058610884,39.14546014204058,0.67420150206997,28.207860357221243
2017-12-07,39.512046098907895,39.84164516474968,39.483996328830415,39.579837799072266,102693200,49.63997191352915,0.2488829110708366,0.4704023644306558,41.210689033559966,39.106538902231044,0.6515905973449195,31.637207204684064
2017-12-08,39.85331778561536,39.97253282752388,39.46294318543951,39.59150695800781,93420800,49.786102089079215,0.2067528831493064,0.41767246817438597,41.09857315798369,39.081204750341506,0.6414476719691662,32.18941923849934
2017-12-11,39.5517760691087,40.41434198453013,39.45593461920474,40.3629150390625,141095200,58.3832010716012,0.23292569528182838,0.38072311359587446,41.02326852935375,39.10975721222339,0.6640876500660394,68.69426313458457
2017-12-12,40.241367263998576,40.29747036907101,40.08007752477358,40.13617706298828,77636800,55.38182759710865,0.2326896759805095,0.35111642607280147,40.95517465942481,39.12478902465722,0.6368554975105309,57.964489069232414
2017-12-13,40.32317241084876,40.566278663503006,40.2062936502376,40.2694091796875,95273600,56.78758387577903,0.2404812294158205,0.3289893867414053,40.97179193013009,39.12991095072929,0.6220873620108306,64.26934604635967
2017-12-14,40.29981086410406,40.47045648892587,40.12449265518216,40.25773620605469,81906000,56.61927005415407,0.24291401863328588,0.31177431311978143,40.97804283926212,39.197060920503496,0.6023642528488934,66.82147205820917
2017-12-15,40.58732093406165,40.7135484304054,40.31382505293616,40.66679763793945,160677200,60.98348902684598,0.2746834803228637,0.3043561465603979,41.04689605682192,39.19529640228453,0.5918962508133093,89.2979357621443
2017-12-18,40.87952071700584,41.42183636804653,40.874844567373735,41.239505767822266,117684400,66.12220188271017,0.3421299067617838,0.3119108986006751,41.22996682842367,39.15879202167399,0.6035492850485782,92.73741072245667
2017-12-19,40.91459515849426,40.9987480427545,40.6948624292115,40.800052642822266,109745600,59.63212153866282,0.356017542498698,0.3207322273802797,41.293196060118696,39.20215687567232,0.5993417174458775,75.23312153741387
2017-12-20,40.87718185169475,41.00574921827256,40.498495760008446,40.75563049316406,93902400,59.00168858811854,0.3592973415506151,0.3284452502143468,41.327614645334556,39.19602312627189,0.5927639846471803,73.46369924956817
2017-12-21,40.71356419427162,41.14601721745083,40.697203015659234,40.90991973876953,83799600,60.5612502498111,0.37008040209200743,0.33677228058987896,41.329680178207184,39.19512641664144,0.5824818573003531,79.6093457806293
2017-12-22,40.83277929624716,41.00576121889049,40.79070463679399,40.90991973876953,65397600,60.5612502498111,0.37431122841826436,0.34428007015555606,41.3313328466707,39.19440911194747,0.5562371947857923,79.6093457806293
2017-12-26,39.92578777056952,40.08240489130736,39.66397690538748,39.87202453613281,132742000,46.701519152966085,0.29056526446447606,0.33353710901734007,41.28349999509126,39.159958562037644,0.6055018832569538,38.26792223125361
2017-12-27,39.76215718498556,39.92111059291548,39.670991891177096,39.87903594970703,85992800,46.79011004946705,0.22220035972068075,0.31126975915800825,41.25915000996781,39.126569289348595,0.5801173702913419,21.52199776777053
2017-12-28,39.97254804917525,40.17124342820959,39.85099310317104,39.991249084472656,65920800,48.272022535353,0.17505738972071327,0.28402728527054927,41.248045723058844,39.175075920007565,0.5615554384875711,27.229970449097834
2017-12-29,39.86033752972982,39.87669870309674,39.55645200818158,39.55878829956055,103999600,43.27042153459963,0.10162876212409344,0.24754758064125812,41.25784077579835,39.1040366656079,0.55250126975925,5.231883048906346
2018-01-02,39.77617832995853,40.27641925330551,39.56579443310673,40.267066955566406,102223600,52.035837304012816,0.0994419095047192,0.21792644641395037,41.26852894657601,39.121631804766764,0.564296247186801,38.09482713987558
2018-01-03,40.33019497342311,40.80238628352514,40.19695500765061,40.260066986083984,118071600,51.950403731606066,0.09603692017749665,0.19354854116665965,41.27062546089539,39.17633880302063,0.5672344635216389,37.71957099250825
2018-01-04,40.33253619262437,40.54993262324948,40.22500969017766,40.447078704833984,89738400,54.117748963885525,0.1071930694062786,0.17627744681458346,41.27912614661973,39.247082730943745,0.5499264970609379,47.744942855470555
2018-01-05,40.54290490942475,40.99405521171168,40.451739619141776,40.90756607055664,94640000,59.01947919523721,0.15144610359580213,0.1713111781708272,41.32248877323308,39.34373971187434,0.5497157834764208,72.43086687361743
2018-01-08,40.75563049316406,41.05016372371372,40.65744918279034,40.75563049316406,82271200,56.86101072376177,0.1722711857061867,0.1715031796778991,41.33128379345696,39.45252396105964,0.5385014090083469,64.28586573274916
2018-01-09,40.802380620103136,40.92159568523213,40.53589715868877,40.750953674316406,86336000,56.792159055598404,0.1862508492668553,0.17445271359569037,41.321973524407795,39.57777890173966,0.5275869174037048,75.14643999310708
2018-01-10,40.47746781204214,40.74395133955629,40.44006573912767,40.74161148071289,95839600,56.64460828974438,0.19433581411364287,0.17842933369928088,41.34936192049357,39.58826014981893,0.5121084186740643,74.55871993299013
2018-01-11,40.81172918317203,41.02211311511454,40.7883555686387,40.9730224609375,74670800,59.454657007774806,0.21691567030367054,0.18612660102015882,41.40408844208255,39.61721816802486,0.4955650769403206,89.11685060137538
2018-01-12,41.18340555601736,41.45924133390934,41.05951433352114,41.39612579345703,101672400,64.04342611420225,0.26588630016574655,0.20207854084927637,41.53532611685194,39.59865215463244,0.49489749094257196,96.68299902680143
2018-01-16,41.58546481936825,41.93376483703263,41.17405283422285,41.18574142456055,118263600,60.38387423717523,0.2844407607991002,0.21855098483924115,41.60791343027895,39.61886536305601,0.5138128132188015,68.5349187791325
2018-01-17,41.17639062141768,41.90104044639666,40.92393560860837,41.8659782409668,137547200,66.95816434945995,0.35000014681149594,0.2448408172336921,41.815124091067986,39.53157276256971,0.5469051006880505,97.14860428786743
2018-01-18,41.92908337230499,42.09972892251785,41.66727610284251,41.90336990356445,124773600,67.27960055012045,0.4003585431616301,0.2759443624192797,41.95155089921824,39.46153236799368,0.5387299377585713,92.27929063302021
2018-01-19,41.75143183103793,41.97817691644085,41.47092351341417,41.71636962890625,129700400,63.93004062885178,0.42033323584883675,0.3048221371051911,42.07676438251985,39.427950583300465,0.5364816138491505,84.92656102642111
2018-01-22,41.44521953992409,41.55742217931307,41.28158994771982,41.375091552734375,108434400,58.232103483791576,0.4039683395889355,0.32465137760194,42.13671655688177,39.429944514895574,0.5292171900875274,71.40267939792408
2018-01-23,41.44521299016399,41.945453988337626,41.333010368506855,41.38443374633789,130756400,58.34155980186247,0.3872884580820113,0.3371787936979543,42.18617855402079,39.42793391851338,0.5351619350691876,62.40776843790899
2018-01-24,41.43351997804808,41.44520856729474,40.48680131877495,40.72523498535156,204420400,48.652984488381634,0.3172209750211934,0.33318722996260214,42.17651746429039,39.41912653290199,0.5653937431728021,26.682677946898735
2018-01-25,40.79303486002607,40.89588876808735,39.86268067077133,39.99826049804688,166116000,40.63801550610577,0.20071747819400798,0.3066932796088833,42.16603699400924,39.44223059937455,0.598809054183032,6.060657259837781
2018-01-26,40.20630121905727,40.20630121905727,39.75281097181956,40.091758728027344,156572000,41.962270671083544,0.11461097933133146,0.26827681955337296,42.14930049983271,39.480239371383114,0.5884291394012238,14.442249934938639
2018-01-29,39.77619070677116,39.77619070677116,39.05388063992829,39.26192474365234,202561600,34.587410038613115,-0.020355068153179445,0.2105504420120625,42.24126121881354,39.31534621832025,0.6205326357367832,6.830415845505322
2018-01-30,38.6938946247116,39.12400774579682,38.499875391787135,39.0305061340332,184192800,32.85334198268475,-0.1443264751473734,0.13957505858017533,42.3226612284347,39.181117992146355,0.6306409726030987,14.740342564392005
2018-01-31,39.00712732808231,39.37412845107517,38.92063816244911,39.138031005859375,129915600,34.49660559366444,-0.23123284156240942,0.06541347855165838,42.41379302346575,38.9770826021446,0.6179873523190249,17.727266085259423
2018-02-01,39.077244956052496,39.41619265332246,38.981403514928985,39.2198371887207,188923200,35.78422188795294,-0.29016089363583575,-0.005701395885840441,42.476415399540016,38.810437246334004,0.6049017656100572,19.99975251180364
2018-02-02,38.80375590576933,38.990762671698725,37.42458769489759,37.5180892944336,346375200,24.843793190793036,-0.4687748873272426,-0.09831609417412088,42.80301071085657,38.190942993977416,0.6899266033395612,1.9999737972323455
2018-02-05,37.19082244248908,38.30818309023463,36.46617271185696,36.58071517944336,290954000,21.029796959266747,-0.6781487446935017,-0.21428262427799707,43.1640516077709,37.39721700795175,0.7722183015565687,2.033217798903602
2018-02-06,36.19267842788692,38.270782705666,35.99865925194776,38.10948944091797,272975200,37.800897468037086,-0.7125063984703104,-0.31392737911645974,43.179050577963565,37.11760393253448,0.8793543838538311,34.59770668006441
2018-02-07,38.12352220639921,38.195986484247946,37.18381931919892,37.29368209838867,206434400,33.68922713952337,-0.7963837055516763,-0.41041864440350306,43.24633358690251,36.70459376600276,0.8888410110820596,21.657647307087583
2018-02-08,37.46900037296808,37.634969821723445,36.23943680447615,36.267486572265625,217562000,29.362700685373824,-0.9348856980206648,-0.5153120551269355,43.39302743576454,36.110487426296004,0.9250332972367193,4.5205414384466485
2018-02-09,36.86599613070262,37.0584569628266,35.262922282513344,36.71108627319336,282690400,33.347535636755,-0.9973578162853727,-0.6117212073586229,43.3727325875396,35.704588655746534,0.9872119674564718,21.67088843615724
2018-02-12,37.201636376347686,38.4667265805271,36.96927155384121,38.18976974487305,243278000,44.57218250924866,-0.9169796511874324,-0.6727728961243848,43.15307337121126,35.60361226721648,1.042099706019134,47.34247699859138
2018-02-13,38.011387447072025,38.66857795561748,37.94097353876356,38.57234573364258,130196800,47.0564409965262,-0.8130365124631211,-0.7008256193921322,42.93897877276011,35.55636729657583,1.0196357567930474,58.750987771800986
2018-02-14,38.26721850010876,39.32341630642415,38.22966752219258,39.28351593017578,162579600,51.41563370511871,-0.6656026814033922,-0.6937810317943842,42.598857308088434,35.638242530168405,1.0249295444672277,81.33290405759101
2018-02-15,39.85150811191413,40.626053748209934,39.66608832808962,40.60258483886719,204588800,58.27749494072864,-0.43728175915153855,-0.6424811772658151,42.35891606139503,35.74810527039208,1.047615849722008,99.56240287054574
2018-02-16,40.45471775078253,41.03210738249589,40.31623936113969,40.47114562988281,160704400,57.40742218303875,-0.26389975686008427,-0.5667648931846689,42.12807453965991,35.85442439222485,1.0239195762673077,90.27658598413193
2018-02-20,40.38196338095014,40.900671851907454,40.234094542494496,40.33502197265625,135722000,56.46717058994959,-0.1359106193807449,-0.48059403842388415,41.94125843644484,35.93723353743211,0.9983951286348541,87.91709058109876
2018-02-21,40.56503641863772,40.867811539145606,40.13786137607023,40.151947021484375,149886400,55.158682076224466,-0.048689660259583434,-0.39421316279102403,41.71434041835801,36.04090288303359,0.9792204882377488,84.74376630740838
2018-02-22,40.32328643776861,40.827912853294784,40.302163340873086,40.48758316040039,123967600,57.12045410434054,0.0469751097945732,-0.30597550827390463,41.67169515323276,36.05978296566373,0.9575594413500816,90.5615054351932
2018-02-23,40.76219436119442,41.22692040214116,40.73168083348682,41.19171524047852,135249600,60.97750444678596,0.17756089203929548,-0.20926822821126462,41.87962179074117,35.97120180239848,0.941972141377988,99.40970535274354
2018-02-26,41.39121628734088,42.10473494491624,41.35835694616437,42.00615692138672,152648800,64.90927377200236,0.34281791088423574,-0.09885100039216456,42.24611064907626,35.796152763399334,0.9399041101679686,98.55918265533306
2018-02-27,42.03666791404071,42.36056609144427,41.816039387401,41.87002182006836,155712400,63.75297972724627,0.45752624621730575,0.012424448929729492,42.619295086500756,35.683778033616434,0.9116628668733474,93.08863216327282
2018-02-28,42.07421817804011,42.39342471689793,41.79022037577208,41.80664825439453,151128400,63.18866237020247,0.5371280336613466,0.11736516587605293,42.95439463621417,35.62629269593915,0.8896301150342406,91.77089597958962
2018-03-01,41.9052378328404,42.19628032785042,40.525141647587134,41.074363708496094,195208000,56.919098350204266,0.5349571280411425,0.20088355830907084,43.13562214236593,35.63869846005106,0.9454521554077436,81.50114917511164
2018-03-02,40.55798498711084,41.37947193704088,40.47583485955829,41.35834884643555,153816000,58.63325290645366,0.5498139836097593,0.2706696433692085,43.34310530756648,35.645066460622,0.9424653641273757,80.91728165951938
2018-03-05,41.12366438705455,41.717482186909855,40.96171342683925,41.50154876708984,113605600,59.50816515865581,0.5666116392372587,0.32985804254281853,43.52396477636058,35.862552939093526,0.9291298924090347,79.96887749857817
2018-03-06,41.75737398689694,41.83717475100933,41.33958930254335,41.4663314819336,95154000,59.176681962423686,0.5705057268618674,0.3779875794066283,43.54937280606174,36.32570653964139,0.8983052892702448,77.7342147581702
2018-03-07,41.06027491477236,41.2738624305961,40.903019234965775,41.08139801025391,126814000,55.53528166746072,0.5363482168398903,0.40965970689328074,43.62510285101402,36.547167351622704,0.874377214820072,51.893477019264964
2018-03-08,41.18701077288144,41.57193597332336,41.09078215882034,41.52968978881836,95096400,58.720995822299344,0.5392355720433173,0.4355748799232881,43.634471943657545,36.96139902802214,0.8469601254093133,61.706465411757605
2018-03-09,41.76911212607628,42.24792031381661,41.63532532601025,42.24322509765625,128740800,63.23595591303376,0.5922728057761617,0.4669144650938628,43.44862554292401,37.74481928129473,0.8377651539513801,93.34092656486584
2018-03-12,42.31597708610445,42.80887083210406,42.29720338770059,42.651615142822266,128828400,65.5579347195566,0.6596547696453285,0.505462526004156,43.2330398520482,38.55445785913344,0.8183280525582681,94.11249971704312
2018-03-13,42.85580437987464,43.06939186938944,42.06952607769264,42.24086380004883,126774000,61.36024271588892,0.6721629844253414,0.5388026176883931,43.131570965024444,39.06103615167478,0.8312950339253061,70.05928275158296
2018-03-14,42.32300900368087,42.36995039840888,41.73388321843804,41.88175201416016,117473600,57.871375341710646,0.6456557967385024,0.560173253498415,42.9398019386708,39.583745806080174,0.8173501872142732,54.20806827351764
2018-03-15,41.89584418772932,42.30424194138419,41.79492034377192,41.93104934692383,90975200,58.22254566856679,0.6214627070420633,0.5724311442071446,42.812741387668346,39.97555969875743,0.7953481450998445,56.10882975964646
2018-03-16,41.931045473172695,42.04135973699052,41.689293851971776,41.783180236816406,157618800,56.695925143238526,0.5836299845984811,0.5746709122854119,42.83074318682282,40.07561743939788,0.7636851265226232,50.40742780291644
2018-03-19,41.61889573890655,41.65410090516757,40.75985386813316,41.144779205322266,133787200,50.53516375571488,0.4964113307745066,0.5590189959832308,42.79449202984954,40.1792319539151,0.7822309295340961,25.792544495003245
2018-03-20,41.13068008422852,41.4968279871239,41.06026619950273,41.13068008422852,78597600,50.40489555782626,0.4212958022408344,0.5314743572347516,42.731065180099314,40.32222461482257,0.7575402765403159,25.248923474131185
2018-03-21,41.08374718435731,41.09548343216158,40.196541287634304,40.19889068603516,148219600,42.590918353120514,0.2833127347048361,0.4818420327287685,42.72226364215815,40.33572051921882,0.7701544565441661,0.08177934542715513
2018-03-22,39.90080951555583,40.52983232296425,39.57221604622311,39.63089370727539,165963200,38.65687527576863,0.12666740730741566,0.41080710764449796,42.881266349098766,40.09104886696569,0.7835445865582358,1.6778584783636203
2018-03-23,39.522908313354655,39.88201515873072,38.713157653808594,38.713157653808594,164115200,33.304129214710926,-0.07071363018714294,0.3145029600781698,43.228310899717314,39.49614855768016,0.811066937869942,0.0
2018-03-26,39.44781005466082,40.62840402011539,39.06523065201155,40.55094909667969,150164800,48.64080447620027,-0.07794659426082973,0.2360130492103699,43.16329921760864,39.415639457318136,0.8899368970440031,42.18761783509953
2018-03-27,40.76454247240878,41.10956740172063,39.177899826116274,39.51118850708008,163690400,42.66343737651476,-0.16566903087623785,0.15567663319304834,43.18335686255564,39.1596984810723,0.9643462312268856,18.3192825219816
2018-03-28,39.25534362385068,39.90549291864882,38.77184041292756,39.074615478515625,166674000,40.41755282922243,-0.267335807929058,0.07107414496862707,43.22801958121955,38.84183248482051,0.9764395365479123,8.297483716881267
2018-03-29,39.38679796125724,40.31155859759741,39.173210386589695,39.37975692749024,153594000,42.688476428348665,-0.31960093581087534,-0.007060871187273408,43.264468414036955,38.63592297390251,0.9950469353003318,15.30219085322448
2018-04-02,39.11217992291302,39.65201509761951,38.60285827668735,39.12156677246094,150347200,41.2556589438441,-0.37750358756323266,-0.08114941446246526,43.28214405595932,38.39456912458269,0.9989119271311768,11.613222760064092
2018-04-03,39.34687815170326,39.60740701666887,38.69907829513425,39.522911071777344,121112000,44.380782523224845,-0.38655080836318945,-0.1422296932426101,43.22992388544918,38.248925525561575,0.9924416981599944,24.423421709940474
2018-04-04,38.69908884100521,40.372573155198666,38.673270529102645,40.278690338134766,138422000,49.7969695317662,-0.32894386542452736,-0.17957252767899357,43.15414609705316,38.20593919957771,1.042931764441139,45.27582691389744
2018-04-05,40.50636584058401,40.89363699423224,40.38901051142994,40.55800247192383,107732800,51.6700840459949,-0.2577802628150607,-0.19521407470620702,43.12116428806728,38.186581454730586,1.0123613995594487,56.86035669340951
2018-04-06,40.12846452065629,40.48287617510632,39.47831527005165,39.52056503295898,140021200,44.96014068443397,-0.28184617883258056,-0.21254049553148174,43.03413194681859,38.072701320393335,1.0171703854389293,30.07649236759401
2018-04-09,39.872651494021305,40.62607077179569,39.86561046012815,39.91255187988281,116070800,47.72255189085292,-0.26621971295116253,-0.22327633901541794,42.79952682251654,38.074239122918044,1.023480053538771,45.25595407831333
2018-04-10,40.60494233278657,40.83965298210904,40.25991739177053,40.66361999511719,113634400,52.62847658656865,-0.19102864686637844,-0.21682680058561005,42.46319910323459,38.211767327429484,1.016595842730732,82.20984628212403
2018-04-11,40.42420468274402,40.82086616042192,40.29980835418697,40.47349548339844,89726400,51.315672286367295,-0.14510793053403148,-0.20248302657529435,42.179652511332215,38.31857708766682,0.981200268695319,74.62522029500533
2018-04-12,40.70116744671329,41.07435645439156,40.61432208628652,40.87250518798828,91557200,53.91391115150036,-0.07564667571337935,-0.17711575640291136,41.99779363715718,38.39951127922466,0.9540331760023052,90.54289102134244
2018-04-13,41.02271875981588,41.271511425086416,40.8044396188746,41.01098251342773,100497200,54.815196248029004,-0.009316770041479572,-0.143555959130625,41.80645955900099,38.49883867403124,0.91925022101727,90.23743824427011
2018-04-16,41.08140321761989,41.35366842078155,41.03446180568861,41.26682662963867,86313600,56.507536914756514,0.06316649603785152,-0.10221146809692969,41.6869327417437,38.56673013057075,0.8780670557555954,96.84304671737074
2018-04-17,41.42408378679558,41.9991241613357,41.40530650508239,41.8348274230957,106421600,60.08208717347423,0.16454613821580466,-0.04885994683438282,41.84208090532227,38.48058678876952,0.8676549468942693,95.16243003874803
2018-04-18,41.733895247128224,41.97095526813903,41.515616087100334,41.74093627929688,83018000,59.215714493825324,0.23460957132037663,0.007833956796569064,41.96623857851575,38.41745473508289,0.8382038207617284,92.39788959969631
2018-04-19,40.78332269831539,41.165902217405765,40.52514312301671,40.55800247192383,139235200,49.52595320777721,0.19246387106975504,0.04475993965120626,41.99174613942532,38.427858352762186,0.8651744875844742,57.56746561198385
2018-04-20,40.04162908827687,40.18714851166951,38.8281721559885,38.896240234375,261964400,39.698457516707265,0.024688185301748433,0.04074558878131469,42.03380589875752,38.31233324613994,0.926935618180964,6.704134635132698
2018-04-23,39.15677747678798,39.177900575378345,38.51366901785712,38.78358840942383,146062000,39.131577170017465,-0.11602781876104729,0.009390907272842294,42.025925586757744,38.327256633701246,0.9081710424195543,7.744164835164753
2018-04-24,38.88451443668804,39.03942433112402,37.840052720688725,38.24375534057617,134768000,36.44579300576206,-0.26801675257858193,-0.04609062469744255,42.09125520179674,38.031207643051886,0.928971082992107,9.70655651504385
2018-04-25,38.16863731070807,38.82582771877816,38.11935008940759,38.4103889465332,113528400,37.863473997351036,-0.3707493703071094,-0.11102237381937594,42.15521223858229,37.857170650211664,0.9130786934477113,13.713066341456212
2018-04-26,38.52070932702644,38.89859360300027,38.3446763459467,38.54418182373047,111852000,39.039289857228916,-0.43633988834868376,-0.1760858767252375,42.189335115380395,37.77000440793504,0.8874243051338441,16.929959321213566
2018-04-27,38.49255212824001,38.570007083632,37.70157827018967,38.09823989868164,142623200,36.556248460678226,-0.5183296513384477,-0.24453463164787953,42.26820581859282,37.562982001841746,0.8860674842987358,9.229956783223354
2018-04-30,38.05363485006051,39.257697923260864,37.98556676309641,38.78827667236328,169709600,42.6361805226251,-0.5216140859645009,-0.2999505225112038,42.27977530548541,37.51808350493939,0.9136434611462874,25.286487444205502
2018-05-01,39.0581879124312,39.71302884534446,38.79061799835706,39.68955993652344,214277600,49.45019579687162,-0.4463458004426286,-0.32922957809748876,42.28372921339803,37.53079448350138,0.9144369405630653,46.25853258320018
2018-05-02,41.128348454227634,41.71982032748539,40.79271392537692,41.44286346435547,266157600,59.523064077072604,-0.2424236907572137,-0.3118684006294338,42.43543469140024,37.49550631812125,0.9941386155915571,87.05631746420065
2018-05-03,41.28091454705021,41.66114469341514,40.9429306029922,41.51797103881836,136272800,59.89176863160101,-0.07390150553932529,-0.2642750216114121,42.56778505083973,37.45915281537121,0.9744297209366559,88.80400268654184
2018-05-04,41.8371686901322,43.24543243285755,41.81839141046121,43.146854400634766,224805200,66.92776159762126,0.1889131414348597,-0.17363738900215775,43.09339188592466,37.29617491705386,1.028217697586837,98.22185019067415
2018-05-07,43.46371797122614,44.048148799513136,43.362794107261145,43.45902633666992,169805600,68.08333604523591,0.41757180115321546,-0.05539555097108312,43.61185780343473,37.1323564452225,1.0191517476790892,90.7174676445924
2018-05-08,43.41911884558,43.70781190513855,43.10929910837584,43.667911529541016,113611200,68.86721814933291,0.6086248769889124,0.07740853462091599,44.08180080961677,36.962842592482836,0.989106108327919,94.00877579134611
2018-05-09,43.78525732674539,43.98475916138972,43.47309184046762,43.975372314453125,92844800,70.03384260034039,0.7759012254914666,0.2171070727950261,44.57691638441585,36.81791470078923,0.955003337798932,98.85329431503585
2018-05-10,44.0645728909975,44.68185938348441,44.043446213428126,44.60440444946289,111957200,72.3192264442569,0.948295216136799,0.3633447014633807,45.13972009564602,36.628300915706525,0.9372521757440999,98.89037514729893
2018-05-11,44.64680582169134,44.78110485766906,44.16614793610695,44.43474960327149,104848800,70.75195344303464,1.0590212300101882,0.5024800071727422,45.598165007763555,36.512232712573365,0.9142310861596717,95.10764950003694
2018-05-14,44.53372248173257,44.65624365326909,44.26276586287573,44.331092834472656,83115200,69.75724392390234,1.1254348464454438,0.6270709750272826,45.98225053306956,36.43457380775075,0.8770344221763634,93.64347294079978
2018-05-15,44.008289149690455,44.07661969891529,43.61245659840907,43.92818069458008,94780800,65.88012077939223,1.1325016989153056,0.7281571198048873,46.234267511473796,36.391892156494954,0.8657202660254509,87.9522429565074
2018-05-16,43.84101578429413,44.4041371732424,43.82452095930741,44.33816146850586,76732400,67.8389149187131,1.1578374234266207,0.8140931805292341,46.5454007184874,36.340481468402245,0.8452842623047038,93.7433190808751
2018-05-17,44.295755618492585,44.51016678779434,43.90934597924608,44.05778503417969,69176000,65.08698016046803,1.1421264102806674,0.8796998264795208,46.83144638308755,36.404414060027676,0.8278225870363861,89.35595955135534
2018-05-18,44.1049107497692,44.25099135745233,43.85515864171319,43.89756774902344,73190800,63.501731653875396,1.1040206603073557,0.9245639932450878,47.01114847068639,36.72484472389368,0.7969661676580114,85.25099663189826
2018-05-21,44.29574904119214,44.5949819695654,44.0389288058782,44.20857238769531,73603200,65.27000783727512,1.086393782811406,0.9569299511583514,47.16842908804454,37.11006250436268,0.7898553142925795,85.64502628520647
2018-05-22,44.38527546543168,44.50308328556908,44.00828900290828,44.09782409667969,60962800,64.07944740330996,1.0513683737200452,0.9758176356706902,47.18008856571334,37.68380990230424,0.7687795263188814,82.19776603011746
2018-05-23,43.90699078528495,44.41356314433773,43.76797477836174,44.38057708740234,80233600,65.79491798228828,1.0345012020540238,0.987554348947357,47.153602910423245,38.307314371681244,0.7599801577229606,86.48104930147092
2018-05-24,44.47717701426208,44.49366824387088,43.874001393175,44.331092834472656,92936000,65.20798898564944,1.0055495322580157,0.9911533856094887,47.02749874106524,39.01210964211348,0.7499577786495977,73.08227804655826
2018-05-25,44.34992902647819,44.68450278963979,44.21327152965852,44.432395935058594,69844000,65.87903897539213,0.979488505173876,0.9888204095223663,46.64710799059673,40.02591599621967,0.7300487416018597,79.14177991325332
2018-05-29,44.20150825776424,44.47246488387322,44.02950620237712,44.27219009399414,90056400,63.78383522534892,0.9351281062603931,0.9780819488699717,46.15486925611257,41.06654607286692,0.7095423087371627,61.09253065663175
2018-05-30,44.2297722871285,44.29574438476563,44.00829298997112,44.17793655395508,74762000,62.52395443774128,0.882197276495873,0.958905014395152,45.59339564102913,42.076857349693526,0.6793929577412589,48.3875238820005
2018-05-31,44.11196979829037,44.349940351070494,43.8575044214986,44.02950286865234,109931200,60.49732440289153,0.8188328591747762,0.9308905833510769,45.315091762684055,42.61382516846829,0.6660388843005901,35.68620985302718
2018-06-01,44.293385470252254,44.82823038465097,44.23683642236109,44.82352066040039,93770000,66.71296140367222,0.8231973946988376,0.909351945620629,44.907228969229955,43.35224292408059,0.6755166437075933,99.61261508482268
2018-06-04,45.15338308596888,45.57277865594449,45.085056129264544,45.198150634765625,105064800,69.17722856094991,0.8471207478969802,0.8969057060758994,45.005049257105824,43.45955225961781,0.6807838831244866,80.88946559883846
2018-06-05,45.49032952721355,45.6953140564857,45.32304078139549,45.546875,86264000,71.30663501153086,0.8840287859723759,0.8943303220551948,45.22505213444853,43.448334248608106,0.6676681358813144,92.29823943451267
2018-06-06,45.62226003673747,45.72828636153599,45.21935568825165,45.7047233581543,83734400,72.24145093459059,0.9154628297192815,0.8985568235880121,45.4609581627229,43.416109403195065,0.6563297456958161,98.7979970335358
2018-06-07,45.74242747573462,45.756563841147845,45.3183185372882,45.58221054077149,85388800,70.32636214959888,0.9198849146902361,0.9028224418084569,45.63618464978207,43.40156673876774,0.6407522855646611,91.23231120802424
2018-06-08,45.04265021927023,45.23821166989341,44.71278969726127,45.16752624511719,106627200,64.1293800806543,0.8797862634934503,0.8982152061454557,45.70118937122492,43.39287419689031,0.657085753989344,70.37911919291217
2018-06-11,45.08506190990398,45.231142481373176,44.81646017789385,45.056785583496094,73234000,62.54439673474092,0.8295098741530538,0.8844741397469753,45.7528921433437,43.403375022793995,0.6397712218100569,64.81031346560212
2018-06-12,45.09447475144419,45.38192610427963,45.03792570663407,45.30417251586914,67644400,64.64650162175676,0.8004010067491407,0.8676595131474084,45.83848782129379,43.41508731298355,0.6186447343697355,77.25063796514686
2018-06-13,45.33717074386563,45.44555554341027,44.870652683238966,44.93191146850586,86553600,59.25718015407483,0.7387774970931744,0.8418831099365617,45.849349868535015,43.5045983431349,0.6155203147841335,56.57574670337085
2018-06-14,45.13220194168072,45.13691526378993,44.81883253282852,44.95549011230469,86440400,59.48755413950132,0.6839587702629828,0.810298242001846,45.87515241557807,43.540528660471736,0.5942747730825102,57.81734259841571
2018-06-15,44.77405085873973,44.80468204998491,44.35701006610469,44.49366760253906,246876800,53.14863220775749,0.5963746812806647,0.7675135298576098,45.86158492107418,43.59768441181156,0.5945751497337591,33.49885603674075
2018-06-18,44.26747459129005,44.5831987359482,44.107254061254174,44.4701042175293,73939600,52.839251511295316,0.5190786756523664,0.7178265590165611,45.828909090107864,43.68761388962846,0.5861015443737783,32.258063633619535
2018-06-19,43.621879337726426,43.902262523865325,43.22368833187938,43.75146865844727,134314000,44.358510806793376,0.3952766474338816,0.6533165767000252,45.87289072587017,43.59792188094135,0.633266854464931,20.83719964272244
2018-06-20,43.90698848873122,44.10725968278852,43.76090430547783,43.94232940673828,82514800,46.800680340127485,0.3090015380388067,0.5844535689677816,45.88540959669092,43.56985354112646,0.6134471523132397,28.372538335547976
2018-06-21,44.11904287817479,44.37822160419487,43.57477114874314,43.69729232788086,102847600,44.12309745045018,0.2183385766604431,0.5112305705063138,45.93188274911925,43.45505191274599,0.627018816823132,18.69827373151331
2018-06-22,43.852787370982426,43.85985555346904,43.51821355084701,43.57004928588867,108801600,42.7551600786417,0.13466771095823304,0.4359179985966977,45.98418498562673,43.326645321380106,0.6066347586659105,13.674614198047438
2018-06-25,43.211910133811,43.570046939756935,42.58281675990922,42.92210388183594,126652400,36.542378473167986,0.015890986669298002,0.3519125962112178,46.11731603798517,43.042485063699395,0.6338203134740206,10.690427221891364
2018-06-26,43.11531391910178,43.94939183167297,43.009283988552895,43.45459747314453,98276800,43.77340551417058,-0.034870673072859404,0.2745559423544024,46.152485235275975,42.92555660432363,0.661925144642807,27.46849988106421
2018-06-27,43.64309432120707,44.12610721658192,43.3603562053226,43.39098739624024,101141200,43.14098999151666,-0.07931812575126429,0.20378112873326906,46.18691058781664,42.81243633601149,0.6693412779725579,28.23068038861198
2018-06-28,43.37684271328096,43.873991879852326,43.306157299059485,43.70670318603516,69460800,47.21705297019198,-0.08805241312817458,0.14541442036098035,46.195699530064005,42.771367425502405,0.6620907996025781,39.25913298842656
2018-06-29,43.892854866130506,44.10491119043306,43.0964761052573,43.61483001708984,90950800,46.17959902449257,-0.10122098323247997,0.0960873396422883,46.16971628207022,42.67648160916513,0.6868296771435193,36.049857679242805
2018-07-02,43.31088510715263,44.13082683886514,43.21663665825936,44.1025505065918,70925200,52.1857259240406,-0.07147824573873862,0.06257422256608292,46.08097902892795,42.65565884949002,0.7030697131051094,53.086706878089075
2018-07-03,44.24627381087891,44.28397318836197,43.24490701595224,43.33444213867188,55819200,43.88043776589088,-0.10863456627441792,0.02833246479798275,45.93528238133713,42.58011221094803,0.7270694601982962,29.428206375777517
2018-07-05,43.65015756585503,43.92111774246245,43.41925521678168,43.683143615722656,66416800,47.93171724946151,-0.10869100081798422,0.0009277716747893572,45.705796287013584,42.607440331028414,0.7170413275977442,49.52266281525785
2018-07-06,43.68786783449863,44.39706988118077,43.63603208674531,44.28868865966797,69940800,54.125131296012015,-0.059190984481070075,-0.01109597955638253,45.49128366602204,42.692600763909596,0.7201839323718668,85.27730804376665
2018-07-09,44.649171565377365,44.92719634335544,44.6020491482026,44.90363693237305,79026400,59.40589404774201,0.029321323400182564,-0.00301251896506951,45.439840869538344,42.71765462911888,0.7143499146086957,98.99506841175602
2018-07-10,44.93427095205684,45.0685700292257,44.80939132562234,44.84944915771485,63756400,58.76397479795737,0.09401175554636865,0.016392335937218123,45.40096859870879,42.73579325737031,0.6818376852511713,91.18493077267081
2018-07-11,44.41355569937035,44.715143482285086,44.203857887887295,44.26747512817383,75326000,52.235608776722295,0.09719850480811232,0.03255356971139697,45.221249350659,42.811842766650564,0.6792486555780559,67.77254963554162
2018-07-12,44.65623532684284,45.09919391389085,44.60439959451979,45.00965881347656,72164400,58.5585703598411,0.15779310656373013,0.0576014770818636,45.23800646325806,42.80286038854858,0.6901393791594107,96.44190457409701
2018-07-13,45.02143361873672,45.20050019772059,44.9790209371403,45.08033752441406,50055600,59.11365156395079,0.2091074853750925,0.08790267874050939,45.26552805213926,42.78782354087832,0.6566636564037591,95.40957964699538
2018-07-16,45.12511379349336,45.39135705389442,44.8659351203138,44.981388092041016,60172400,57.94351645302157,0.23903466521890948,0.11812907603618941,45.3465264996655,42.75559714230228,0.6472892476306775,82.78940441339387
2018-07-17,44.70806242406969,45.20756637156872,44.57847311829147,45.10860824584961,62138000,59.0654459830144,0.26990646038363053,0.14848455290567764,45.45135216496314,42.71462187983667,0.6459895337482896,87.67915136457398
2018-07-18,45.18636055558849,45.1910738743591,44.75047024713303,44.861209869384766,65573600,55.94021333627456,0.2712824241663796,0.17304412715781803,45.53983884047001,42.737109325423546,0.6313191118538453,76.89870645252881
2018-07-19,44.69393913236674,45.36780012426097,44.69393913236674,45.209938049316406,81147200,59.21598571302029,0.2970876930600497,0.19785284033826436,45.67850654877042,42.72520248138094,0.6343578175710157,92.0946223948675
2018-07-20,45.18637448948724,45.33952324227363,44.80703310367688,45.10626602172852,82704800,57.83924184555753,0.30564974833371394,0.2194122219373543,45.78167725372078,42.762929145815356,0.6270815547871396,86.89068108534279
2018-07-23,44.92718450375423,45.2287758036567,44.66329616094973,45.14630889892578,63957600,58.24306495438144,0.31206902687629423,0.23794358292514228,45.87067244177481,42.831559919065036,0.622681418209985,88.58356119932955
2018-07-24,45.34423040816834,45.62932692206322,45.24998558773883,45.473819732666016,74791600,61.49184663404375,0.33966825433051895,0.25828851720621765,45.9195217525395,43.037882193383346,0.612705461419089,92.96370389134522
2018-07-25,45.487959243995,45.90971329334485,45.33952022609749,45.902645111083984,66839600,65.29878690492984,0.39162900968177894,0.2849566157013299,46.09071715859324,43.11149155112356,0.609668861835394,99.689130462074
2018-07-26,45.85317505547975,46.17125771308381,45.617559337316905,45.75893020629883,76304000,63.04916903785202,0.4164115576842988,0.31124760409792374,46.18027381741236,43.25872917331029,0.6056709699733592,79.04200755208477
2018-07-27,45.94269236331336,45.989814769630826,44.79053209208713,44.99787139892578,96096000,52.695819221889785,0.37037140914729605,0.32307236510779824,46.16849888113141,43.3996209308803,0.6480718062283831,40.35852300429959
2018-07-30,45.2146462036936,45.285331624624746,44.54785701299036,44.74577331542969,84118000,49.77979811510771,0.30996892247448926,0.32045167658113644,46.11171137762479,43.56950276422091,0.6544577209002402,27.544753262762043
2018-07-31,44.83764745829635,45.27117928068134,44.611454910194986,44.83528900146485,157492000,50.82046844786091,0.26625347997894266,0.3096120372606977,46.10010171494276,43.65438627639025,0.654833910156391,17.70554789448731
2018-08-01,46.91815445381714,47.5378212863695,46.48933216360012,47.4765625,271742800,70.34638088803413,0.439669141952713,0.3356234581991008,46.579705688389545,43.58899433907627,0.8010980797812666,97.95118667754957
2018-08-02,47.25979564367204,49.097598749071246,47.20560504150239,48.86433792114258,249616000,75.7861585075461,0.681231370633526,0.4047450406859858,47.47606862338753,43.210750834620285,0.8790191960518088,94.87309738751024
2018-08-03,48.7795141514494,49.182418547865296,48.41430912684515,49.005706787109375,133789600,76.26383434250472,0.8740034949975239,0.4985967315482935,48.20671012974742,42.95181114100453,0.8710970692638331,96.18708783072205
2018-08-06,49.00805948964253,49.30257907792164,48.78893864166359,49.26016998291016,101701600,77.13808907316647,1.0353746907312313,0.6059523233848811,48.87280675843428,42.72136781737139,0.8455644526205629,99.10806363795122
2018-08-07,49.31909037866872,49.36149948784959,48.71591104036738,48.798377990722656,102349600,71.95827385308506,1.113167865325515,0.707395431773008,49.31164295461868,42.677424504487774,0.8312804522535377,88.30155126667559
2018-08-08,48.548606536921845,48.96328879634437,48.18811487160799,48.83134460449219,90102000,72.10229507576132,1.164061075404362,0.7987285604992789,49.665143244467316,42.78031116227096,0.8272728431451692,88.98640922905459
2018-08-09,49.36855326479255,49.42745718493813,48.819568297610594,49.21540451049805,93970400,73.79110135774468,1.2213062772226735,0.8832441038439578,50.07165945441862,42.79436952202181,0.8116025605867667,95.65430225904275
2018-08-10,49.02861098938335,49.44002134910859,48.865465439702334,49.06880569458008,98444800,71.99943707946908,1.2405439938763507,0.9547040818504364,50.39404500149764,42.8708307919594,0.794670656931016,92.41203628856303
2018-08-13,49.48968571571415,49.87745053972807,49.10901386469039,49.385650634765625,103563600,73.49720758612281,1.2667544053562736,1.017114146551604,50.72142905878819,42.9838729889413,0.7956688132322288,90.77228117875842
2018-08-14,49.690657765657285,49.78523313429172,49.24141574509612,49.59371566772461,82992000,74.46321774199843,1.2894514607933303,1.0715816093999493,51.03886490287476,43.11494788704224,0.7776794258010413,94.67623805492835
2018-08-15,49.46838098560455,49.82777373013725,49.25794781178173,49.70955276489258,115230400,75.00935372828664,1.3017800166985083,1.117621290859661,51.30370070592486,43.33494637354291,0.7628327466977898,96.84970769359465
2018-08-16,50.06658574681656,50.55365561413919,50.000382285694144,50.437801361083984,114001600,78.17018523145704,1.3546979468993356,1.165036622067596,51.66705751333765,43.49437589730688,0.7686377540227055,98.07096007127107
2018-08-17,50.46619080521633,51.53254313237648,50.39998732105406,51.44506072998047,141708000,81.63084818706571,1.4610708852091108,1.224243474695899,52.15559251931744,43.63972036215229,0.794631900972685,98.73600220676802
2018-08-20,51.568000978126,51.82335515995268,50.86103810842803,50.94379425048828,121150800,75.23848655905749,1.4877740563446409,1.2769495910256474,52.4461713061975,43.92889011042848,0.8066094117263968,83.51036525215862
2018-08-21,51.26062262083593,51.35283484986599,50.60567731793008,50.844482421875,104639200,74.00206137446696,1.4838183430560932,1.3183233414317368,52.671300816496604,44.240826869050274,0.8023628488842193,78.80195521696635
2018-08-22,50.62223597479196,51.15659362058982,50.5607587429564,50.84685516357422,76072400,74.01304933981011,1.4639988052811717,1.3474584342016238,52.86760239014254,44.538946300653365,0.7876108509377333,73.13795185673642
2018-08-23,50.75227175897287,51.31973470020733,50.74045254571631,50.95088577270508,75532800,74.5214985874616,1.4400856683764331,1.3659838810365856,52.99974188274031,44.92600236469622,0.7727302297629679,75.99967765418651
2018-08-24,51.21333375337259,51.28426346034547,50.861033908194834,51.10929870605469,73905600,75.31357073428435,1.4175760011726766,1.376302305063804,52.95128984347153,45.58559713467788,0.7477658956478015,80.35737950562981
2018-08-27,51.34337543803613,51.71932093494493,51.14949488701187,51.53016662597656,82100400,77.32999684694312,1.417359019041868,1.3845136478594169,52.74606346625114,46.469262842952965,0.737927062307976,91.93482381574219
2018-08-28,51.78317398230751,52.14493004352953,51.76189506289904,51.946319580078125,91107200,79.14403404108246,1.4342341659156759,1.3944577514706689,52.3452003424292,47.58122902463622,0.7291296591111895,94.0274027721902
2018-08-29,52.05270479790765,52.84242381895519,51.87774002710975,52.72183609008789,109019200,82.02985244929816,1.4929754508356368,1.4141612913436625,52.60971266392364,47.84124406215059,0.7459549543064931,96.96784030991157
2018-08-30,52.78568406644188,53.9702573574271,52.58470689450583,53.20655059814453,195175200,83.56092484105446,1.5606505442123648,1.4434591419174032,53.08208936942545,47.80308862434897,0.7916403477789774,84.28988878208547
2018-08-31,53.55647918343615,54.11448247965439,53.43589505535609,53.82129669189453,173360400,85.27451914563989,1.6449267240606673,1.4837526583460563,53.63150297545343,47.735234008799495,0.7999468859026119,93.9835466302836
2018-09-04,54.00571549067332,54.18777322429528,53.58484903952322,53.99389266967773,109560400,85.72444726654143,1.7059778065107167,1.5281976879789885,54.13509429179165,47.70501496113804,0.785873835821858,96.06719227570582
2018-09-05,54.14285726319419,54.30363609852174,53.22309798700196,53.641597747802734,133332000,80.329244972345,1.706265210029862,1.5638111923891633,54.43348533624628,47.890945892391414,0.8069212840859957,84.61540082191912
2018-09-06,53.49026692107618,53.75508438603124,52.32460971766941,52.75020599365234,137160000,68.56989220236905,1.6159375918288248,1.5742364722770956,54.50881798389098,48.207499383662736,0.8514608115342698,60.20568976809626
2018-09-07,52.45467459718158,53.28694808475434,52.185130782082055,52.32463073730469,150479200,63.770132513564256,1.4928038238791501,1.5579499425975065,54.522760981732276,48.5044790085021,0.8693434180441283,47.12609649700538
2018-09-10,52.2418677340193,52.45466773356044,51.18260841073498,51.62239074707031,158066000,56.715394996869364,1.323300344653397,1.5110200230086848,54.42166610345496,48.86093239202844,0.8981088398142236,28.364060674746767
2018-09-11,51.54673075075559,53.03395328666953,51.20389049497037,52.92755508422852,142996000,64.56222599212569,1.2795338012765782,1.4647227786622636,54.44052050010081,49.19626844032887,0.964676979234576,63.23467526267981
2018-09-12,53.185262513230725,53.19944845556792,51.97940690511045,52.27023315429688,197114800,58.782509091565906,1.1782262552030218,1.4074234739704155,54.36078460275834,49.54365608632857,0.9829173057504967,42.932972324036385
2018-09-13,52.84951587627025,53.99153114816325,52.62489670197329,53.532833099365234,166825600,65.22266895609502,1.186147389877867,1.363168257151906,54.40489380899877,49.881874913535405,1.0356587834730588,77.60987309767229
2018-09-14,53.37677593724919,53.6344968245139,52.61306936702936,52.9251708984375,127997200,60.33641808182354,1.1303615803339824,1.3166069217883214,54.40446675016112,50.13103892610842,1.0346422601881649,56.296655487267245
2018-09-17,52.525599981840585,52.71475434346737,51.37176523077403,51.515995025634766,148780400,50.82690058430335,0.9613602459055528,1.2455575866117676,54.40249200607572,50.14010709975925,1.0716967892935436,10.681949929646532
2018-09-18,51.49471056093672,52.45466827869166,51.33629482628509,51.601112365722656,126286800,51.3259163533283,0.8247861079312528,1.1614032908756649,54.36838128922269,50.23994962813571,1.07503083665876,13.409171492626337
2018-09-19,51.66257073357624,51.92738458695363,50.90595714691359,51.631832122802734,108495200,51.517147779903844,0.7108348852064168,1.0712896097418154,54.318643855765686,50.36842203168548,1.0712020226145655,21.363848268994882
2018-09-20,52.07398836223533,52.55632846390417,51.81626383542605,52.02433395385742,106435200,54.00367494677703,0.6447668666291335,0.9859850611192791,54.256141128545416,50.54867263793408,1.0607230453636278,32.91590591319677
2018-09-21,52.20166812140533,52.33880492393241,51.37648418489235,51.46397018432617,384986800,50.056565742905214,0.5409550201273063,0.8969790529208845,54.2100267671977,50.64609544044391,1.0536943091976587,16.423359751175624
2018-09-24,51.26536138174706,52.31516093786843,51.2204368199305,52.20403289794922,110773600,54.7594752322581,0.5124925646085998,0.8200817552584276,54.15827354781248,50.80732207901858,1.0566250098219638,38.20477948398378
2018-09-25,51.95813037154832,52.68400905547717,51.94630754978628,52.53504943847656,98217600,56.722458746373135,0.5107584267416101,0.7582170895550642,54.14738715473819,50.918696753342864,1.033844759526887,52.79705788625354
2018-09-26,52.25368342754412,52.90389894530768,51.96049404071963,52.116546630859375,95938800,53.55836258975946,0.4701943235117838,0.7006125363464082,54.14462935468256,50.93847725847662,1.0273847698883987,39.233850280547294
2018-09-27,52.92044888482368,53.53992575525717,52.8542418072406,53.187625885009766,120724800,59.74707108282764,0.518497210788027,0.6641894712347319,54.19229548875311,50.93739010389826,1.0556700809247843,73.94633015355001
2018-09-28,53.14980117088278,53.39806601850307,52.96774340940435,53.37442398071289,91717600,60.729926725223336,0.5653338257096863,0.6444183421297228,54.216281423130575,50.93019150777763,1.01100240436578,80.00024737049156
2018-10-01,53.89695216428858,54.24452218637405,53.51864713609809,53.73380661010742,94403200,62.620920800928936,0.6242553283412065,0.6403857393720196,54.19832557912441,50.939398343605085,1.0009378187440212,84.70254225302847
2018-10-02,53.73145255263943,54.38166815008611,53.58485964517176,54.21142959594727,99152800,65.03096457301291,0.7014058568706076,0.6525897628717372,54.2516063601281,50.90787125522835,0.986357153470473,95.1020509477501
2018-10-03,54.39348370673561,55.20211492695663,54.3296433555075,54.87109756469727,114619200,68.0910509992155,0.8064812843438318,0.6833680671661562,54.55097362586406,50.731453971181836,0.986666309008965,92.29503711905005
2018-10-04,54.56608563865395,54.937301318347934,53.60849479660541,53.90641403198242,128168000,59.84373087330311,0.8026598555738715,0.7072264248476993,54.69090925429119,50.707139146587714,1.0111048956327906,69.84047231707514
2018-10-05,53.89932343564714,54.00572162104816,52.15438020692258,53.03157806396485,134322000,53.5135903241614,0.7207312531849084,0.7099273905151412,54.72337087627059,50.745372257274326,1.0711217898108467,49.47725446503418
2018-10-08,52.53978140728469,53.15216535637329,52.06453065114557,52.90863037109375,118655600,52.67037299706138,0.6385209225008737,0.6956460969122877,54.71826167441057,50.87910542153669,1.072301283769195,46.61544865701124
2018-10-09,52.87789106435932,53.73617671665903,52.549236814198565,53.641597747802734,107564000,57.01853386562904,0.6253048595941451,0.6815778494486593,54.79027339188619,50.87849797041849,1.0804897565328573,60.807550555124394
2018-10-10,53.30821705245848,53.51865029661315,51.08329687705558,51.15659332275391,167962400,42.69681348546534,0.4095904418189491,0.6271803679227173,54.861506403600664,50.695900975549726,1.18604769326245,1.7795504635144863
2018-10-11,50.72153161226197,51.89901159404719,50.20136000805382,50.70497894287109,212497600,40.69622155787365,0.19988950366460756,0.5417221950710953,54.882193074222585,50.39242888927839,1.2225908284575158,10.070858160106845
2018-10-12,52.116541014929965,52.69818987558369,51.270078290079205,52.51612854003906,161351600,50.67737008544294,0.1777951239312756,0.4689367808431314,54.85814891590371,50.37556881175742,1.2776351216185933,46.28838184481782
2018-10-15,52.29151625611603,52.44993197126722,51.37175697346174,51.39303588867188,123164000,45.55702263114159,0.0688671206245246,0.38892284879941,54.865350369351454,50.356071444613384,1.2681162962585022,23.82991968099733
2018-10-16,51.764252977522055,52.72421066994395,51.251174194641926,52.52559661865234,116736000,50.94023399858875,0.07308658229859333,0.3257555954992467,54.861779900937805,50.452090338320005,1.282753451904468,46.47771483087328
2018-10-17,52.561065306134864,52.64145473247039,51.86119529237717,52.298614501953125,91541600,49.875834729149666,0.057452697294593236,0.272095015858316,54.84954775163861,50.53100072553424,1.2468610224893795,41.93875780578051
2018-10-18,51.51125481132157,51.955766930543895,50.36214653480621,51.076202392578125,130325200,44.48486830992972,-0.052965160904207664,0.20708298050581128,54.90297938496993,50.38275593607499,1.2961186613934892,17.494206349073607
2018-10-19,51.558550539101454,52.31516434368788,51.40959089976347,51.854103088378906,132314800,48.313509718586324,-0.07681653092880225,0.15030307821888858,54.88608570738646,50.43866290406373,1.2920360392303656,33.04987161193868
2018-10-22,51.96759627834825,52.81169612366842,51.76662270171441,52.170936584472656,115168400,49.831116867145724,-0.0693536327590607,0.10637173602329873,54.88591579407829,50.435523186024255,1.2743958522820544,39.385584943862256
2018-10-23,51.03127894622945,52.785678210129554,50.76409832307149,52.66272735595703,155071200,52.17827076138598,-0.02348510532522141,0.0804003677535947,54.89151409660781,50.44269267524278,1.3277661404803411,51.972082984920995
2018-10-24,52.63198178412557,53.01737972593883,50.726256554329126,50.85630035400391,163702000,44.02976107048005,-0.13138302723142914,0.03804368875658993,54.9615874310682,50.24659471309683,1.3965773569895814,17.21551241903642
2018-10-25,51.47579250051913,52.343534259721785,51.2488065794398,51.96995544433594,119423200,49.28771369302041,-0.12558261095219336,0.00531842881483327,54.900144777351784,50.18627032274587,1.403052824755888,50.03358256105961
2018-10-26,51.0478236891772,52.06216183654757,50.28411707927676,51.14240264892578,189033600,45.84145711389635,-0.18562259200884057,-0.0328697753499015,54.83376405964836,50.02944890727059,1.4298379627926678,26.622105711480714
2018-10-29,51.82572833174674,51.94394934491909,48.72833634350352,50.18245697021485,183742000,42.15902207060803,-0.3071239692921708,-0.08772061413835536,54.77308472716697,49.734993275762726,1.5573933226943037,30.355434757410578
2018-10-30,49.92473763551753,50.87759881261275,49.48022903286572,50.43309020996094,146640000,43.43660425975866,-0.378823833004013,-0.1459412579114869,54.53226370390132,49.59798036042973,1.5459630696266413,39.7467153966967
2018-10-31,51.27954555631616,52.12364167690508,51.21806832318598,51.74769973754883,153435600,49.71096281578703,-0.325812723078883,-0.18191555094496614,53.99407339991455,49.82383088170166,1.5562908122921773,70.39712879590691
2018-11-01,51.792624022013314,52.57524651312335,51.26299261047082,52.54214477539063,233292800,53.09696017096886,-0.21719230375895648,-0.18897090150776422,53.730864713050224,49.950612642906805,1.5388596044607743,88.91979147391227
2018-11-02,49.54642446027015,50.51583454720711,48.57228091507329,49.05698776245117,365314800,40.28311403719591,-0.4076339329164682,-0.23270350778950505,53.81897181511755,49.46504651068811,1.7125027655933862,10.904298599461239
2018-11-05,48.30510423366641,48.32638314907276,46.85571353178706,47.664344787597656,264654800,36.49324299172459,-0.6632889630661865,-0.3188205988448414,54.10794823571787,48.65164153173818,1.747415013098438,13.123581030372808
2018-11-06,47.742359984938645,48.40439819248706,47.68797934449321,48.179779052734375,127531600,38.78860837250465,-0.8149123762145578,-0.4180389543187847,53.97159760298168,48.24181029496754,1.6754606125120783,21.488757735757037
2018-11-07,48.69996440139942,49.66701142221143,48.264911939279166,49.6410026550293,133697600,44.87182878667075,-0.8078540521310416,-0.4960019738812361,53.96949244893959,48.09235638223717,1.6620157380095768,45.203505601875044
2018-11-08,49.821321825704445,49.85453905967433,49.05495045742335,49.4677963256836,101450400,44.309705053923274,-0.8069347412768835,-0.5581885273603656,53.9875247330102,47.950605836447814,1.6004137997411054,42.39247488570136
2018-11-09,48.7702258096886,48.87936658712288,47.98724409420614,48.51397705078125,137463200,41.245474257570365,-0.873106793263382,-0.6211721805409689,53.88465330845587,47.65326211207636,1.5918522591508453,26.91258284273983
2018-11-12,47.21613716957594,47.41781558554865,45.9799743974334,46.07013702392578,204542000,34.636322154333584,-1.109951260144264,-0.718927996461628,54.241196464808034,46.76442906924958,1.6591487158792027,1.2811913238416164
2018-11-13,45.46747093822109,46.784299734622806,45.42476100071037,45.60982894897461,187531600,33.54596144881292,-1.3195838796607902,-0.8390591731014605,54.35832566570314,45.9557231013867,1.6377480028815767,2.5881871649550128
2018-11-14,46.006077416821554,46.14369273389911,44.11505882624037,44.32148361206055,243204000,30.638742516406523,-1.5715619545382609,-0.9855597293888206,54.57321719005987,44.94311848804072,1.665668424651374,2.4399551577351493
2018-11-15,44.69872073884626,45.54813685758566,44.345191678630414,45.41526794433594,185915200,35.73113878126132,-1.6638176852204225,-1.121211320555141,54.6183042733178,44.33193795995857,1.6343101975709269,15.368561150380422
2018-11-16,45.19935158030532,46.25993508024734,44.95259555835742,45.918270111083984,147713200,37.98598998844239,-1.677011401823755,-1.2323713368088638,54.42745991941375,43.929199016133126,1.6109551493079977,21.314081336982447
2018-11-19,45.08073115263296,45.24681733279806,43.89202475558644,44.098445892333984,167701200,33.41784395380283,-1.8134082809793668,-1.3485787256429644,54.28965636881604,43.25975349751697,1.6406187354643937,2.377241334051766
2018-11-20,42.32131328103685,43.056842423109295,41.64272952183944,41.991512298583984,271300800,29.060466326074604,-2.0676807860189044,-1.4923991377181527,54.217783207132925,42.26450515346278,1.6988399951094044,3.1903245796243804
2018-11-21,42.64399822705807,42.772124438484425,41.88949088130792,41.94406127929688,124496800,28.96885325165296,-2.247119088816156,-1.6433431279377535,54.26023521976681,41.33082923335819,1.6405395352570544,3.396012518683717
2018-11-23,41.50747501709469,41.9013389680019,40.83363784207168,40.87871551513672,94496000,26.91715382934686,-2.447081306224881,-1.804090763595179,54.0893982758454,40.392542184359684,1.6026740996833506,0.49970254609458126
2018-11-26,41.34139390950067,41.50985141346875,40.39706885921027,41.43155288696289,179994000,29.699630512148673,-2.5317589077957265,-1.9496243924352887,53.8129763936228,39.69787909038599,1.567681846438717,10.938274251203655
2018-11-27,40.693658680506765,41.467151357006,40.54418294408693,41.341400146484375,165549600,29.502370427291126,-2.576441476269231,-2.074987809202077,53.57178806353479,39.05496173810095,1.5216308869015998,9.985030534146084
2018-11-28,41.93219192550799,43.01412876378861,41.50511064186913,42.93108749389648,184250000,37.398114308511964,-2.4552753642965754,-2.1510453202209767,53.07462322580068,38.801926304228616,1.5324235819303595,26.79383155298619
2018-11-29,43.33919219005899,43.37240942608668,42.16234624717858,42.60129165649414,167080000,36.48515203013842,-2.3586728036059768,-2.1925708168979767,52.21044449799722,38.75146422392661,1.509397838857341,25.98615219588975
2018-11-30,42.77687560568357,42.78636831527933,42.00338631239367,42.37115097045898,158126000,35.827862157705866,-2.274466375698985,-2.2089499286581784,50.950376329113915,38.994433012316755,1.4575109934307924,28.117836865456532
2018-12-03,43.76626450623012,43.88015163194145,42.99514689553909,43.851680755615234,163210000,42.9484617913157,-2.0644678937571257,-2.180053521677968,50.38690583937753,39.03737280136954,1.4611888268630553,54.08622239887075
2018-12-04,42.93347443571726,43.27513958657752,41.82306631582947,41.9227180480957,165377200,37.162606208255966,-2.030289835926652,-2.150100784527705,50.051708319030624,38.798407647766254,1.501719227786106,26.022241193413475
2018-12-06,40.75297231428439,41.46951955718573,40.43503545235043,41.45528411865234,172393600,35.90048412570883,-2.0176631258905573,-2.1236132528002756,49.57262478693382,38.60504168645485,1.5007166112117611,18.049452597860576
2018-12-07,41.16344662894883,41.40071359145735,39.93203051426459,39.97711181640625,169126400,32.178684421022524,-2.102693971187996,-2.1194293964778197,48.72015847716785,38.49111891235852,1.5023263964386175,0.7124207021706153
2018-12-10,39.14905645625793,40.356744662283546,38.7528209859677,40.24048614501953,248104000,33.50149493670504,-2.12434133691697,-2.12041178456565,47.66217166800478,38.62637470345518,1.5095833450012766,22.908315305381116
2018-12-11,40.72925271093741,40.76009495801711,39.623587659446784,40.01033401489258,189126800,32.897653937354434,-2.135452219741339,-2.1234198716007877,46.674804814511724,38.76337725335937,1.4829350559704948,24.525686283024122
2018-12-12,40.4302855596333,40.79093232599874,40.1028596408126,40.12184143066406,142510800,33.52283289169998,-2.1109265110693585,-2.120921199494502,46.2073424319586,38.636010076586324,1.4327681456230423,26.70045174034929
2018-12-13,40.45165022819319,40.9451659993989,40.22861867943218,40.560791015625,127594400,36.04870615499256,-2.032639148368567,-2.103264789269315,45.72620302839684,38.612245686813125,1.3892364615595993,35.26142849938908
2018-12-14,40.098131937076026,40.117113735755545,39.21549821072196,39.2629508972168,162814800,32.15807283452111,-2.0516703220985875,-2.09294589583517,45.54751413029251,38.28508131343307,1.3860976289412736,9.949229852178068
2018-12-17,39.25582820608512,39.943904744588174,38.61046161430654,38.89755630493164,177151600,31.139100739577046,-2.0723482140397422,-2.0888263594760845,45.06598732884686,38.1148369509383,1.3823365933227283,5.448037544226449
2018-12-18,39.23921640915953,39.74933899527448,39.00432078305257,39.402931213378906,135366000,34.24261028128733,-2.0246175302538063,-2.0759845936316292,44.21370195355209,38.31558843646256,1.344439885967022,15.038258349549691
2018-12-19,39.38632372817106,39.73036016918508,37.74680781733559,38.17388916015625,196189200,30.627439364243102,-2.0621923716443646,-2.073226149234176,43.9091574276389,38.02767728915798,1.3900907763871981,6.963270863824903
2018-12-20,38.057631813758896,38.46336004562786,36.847572080543415,37.21059036254883,259092000,28.121453091266133,-2.144974930700876,-2.0875759055275163,44.070012627110124,37.38872989608324,1.406212004151287,5.1619505951162274
2018-12-21,37.21769609037985,37.52614386743345,35.50225695564013,35.76324844360352,382978400,24.833666303325288,-2.3008463772769545,-2.130229999877404,44.374974369033026,36.465686870591,1.4503316404114321,3.1152395446276655
2018-12-24,35.15111176377815,35.95782190038735,34.7809757476291,34.837921142578125,148676800,22.983578046235408,-2.4705626927414244,-2.198296538450208,44.784290047237725,35.45229175513044,1.4307969627219193,0.6704061285928193
2018-12-26,35.186695107435334,37.30548757627083,34.81181283127579,37.29125213623047,234330000,36.492535466530256,-2.3796694396345757,-2.234571118687082,44.69777529361342,35.124776433681504,1.5067168043128567,37.53098522005153
2018-12-27,36.97568030829344,37.19634045254991,35.60665262499373,37.04923248291016,212468400,35.82495545288391,-2.300644447982286,-2.2477857845461227,44.59672422457213,34.796610736365366,1.519422711950277,34.265053825293364
2018-12-28,37.3695444553497,37.61155775696479,36.66960768010855,37.06821441650391,169165600,35.923963256816904,-2.2109978820650937,-2.240428204049917,44.18900120153105,34.61804645166719,1.4781746665864177,37.105257551356786
2018-12-31,37.61393775275985,37.810869799996105,37.12753967179389,37.42649841308594,140014000,37.87228324357359,-2.0869843519802345,-2.2097394336359804,43.75878474024131,34.53078358861612,1.4256375749368302,42.91760243281396
2019-01-02,36.75028149202512,37.68986030291286,36.59368442014272,37.469200134277344,148158800,38.113807670676934,-1.9626330517676465,-2.1603181572623136,43.3082772606359,34.491095984603355,1.402104596924924,43.61034096694902
2019-01-03,34.16170976436273,34.57455574581666,33.6919220064379,33.737003326416016,365248800,27.90351102502389,-2.1405657322650384,-2.1563676722628586,42.73070286018108,34.05720264213825,1.5717598491331042,0.6215332066847096
2019-01-04,34.292210391581825,35.2460250560156,34.11900643887197,35.177215576171875,234428400,35.12579734956104,-2.140689040568631,-2.1532319459240132,42.28578181329991,33.827573441827035,1.5672785548807098,23.116719816417273
2019-01-07,35.28160791885267,35.31245379240385,34.61725948663249,35.09891128540039,219111200,34.920968742065455,-2.1226368290666784,-2.1471129225525463,41.846181391695076,33.631536580106676,1.5049868228014704,22.504689118491818
2019-01-08,35.485649452234306,36.02187515169098,35.23889338251769,35.76799774169922,164101200,38.235229068451446,-2.0309293468567873,-2.1238762074133946,41.58385182339981,33.47295474093124,1.4634137544792645,34.273284125682466
2019-01-09,35.89612398881753,36.66487039683081,35.50226350768915,36.37540435791016,180396400,41.16454759546521,-1.8874801723580674,-2.0765970004023293,41.210814672879046,33.45948371274108,1.4419275498122925,44.440007153296996
2019-01-10,36.18321706609208,36.53199984154206,35.79409933557466,36.49166488647461,143122800,41.73415713606238,-1.7443071282658025,-2.010139025975024,40.83801757679466,33.480413895983666,1.391639903823372,58.677129558031915
2019-01-11,36.27337496621485,36.46793199596804,35.94831676050969,36.13338470458984,108092800,40.4349736304832,-1.6408371267112045,-1.93627864612226,40.386139983872866,33.53344581629803,1.3310476339763397,59.2739413199226
2019-01-14,35.791720467734464,35.89137215120563,35.404974184896176,35.59004211425781,129756800,38.47867733445679,-1.584415456041512,-1.8659060081061107,39.73529669197423,33.68721421805995,1.2880021258132912,46.08264544620989
2019-01-15,35.65411028555859,36.3943821085161,35.601911260051914,36.318458557128906,114843600,42.49539034888024,-1.4640471322274848,-1.7855342329303856,39.34166931547736,33.786392360548035,1.2534548307022193,63.76717264537213
2019-01-16,36.320836811858406,36.98518520942271,36.30185501531,36.76215362548828,122278800,44.85708843152036,-1.317662689230822,-1.691959924190473,39.012481282986485,33.90204012509457,1.2127316423743975,74.53922149370393
2019-01-17,36.586585428797335,37.40753117280799,36.36355377959872,36.98044967651367,119284800,46.03146746143071,-1.1705439940464473,-1.5876767381616679,38.50368698332142,34.1685862710731,1.2006777674340317,79.83902284993361
2019-01-18,37.36955746448795,37.459720094996186,37.008910562862575,37.20821762084961,135004000,47.29277261937669,-1.0237710037521524,-1.4748955912797648,38.321950232927485,34.25375586753638,1.1491486710803518,85.3687832584572
2019-01-22,37.11093212681015,37.18685568376456,36.21168817452131,36.37303161621094,121576000,43.296899839761814,-0.9637355387491411,-1.37266358077364,38.23405034785538,34.2578998779747,1.1382472978837765,67.06230589243984
2019-01-23,36.57470054471934,36.80959613916495,35.99339721507011,36.5201301574707,92522400,44.19129342412462,-0.8939821080195216,-1.2769272862228165,38.26199471999545,34.30564367722135,1.1152438426131384,75.06262502816311
2019-01-24,36.565229824570615,36.65301748559423,36.002908003794175,36.23068237304688,101766000,42.761983975174644,-0.8522340056865971,-1.1919886301155727,38.2117422935212,34.49517222674248,1.0820199596979185,63.21032424625125
2019-01-25,36.89026785958372,37.519027508765205,36.615040923074886,37.43123626708984,134142000,49.98743257850802,-0.714042629055534,-1.0963994299035649,38.234600711565626,34.48631222178398,1.0967574722708047,96.9745603023482
2019-01-28,36.96381515140883,37.091941326997095,36.45843902887305,37.08482360839844,104768400,48.100624464546755,-0.6252698522851503,-1.002173514379882,38.239199478257866,34.48527256764057,1.0879031698383748,80.95708952519605
2019-01-29,37.07296560813992,37.51902868886723,36.56521441598711,36.70045471191406,166348800,46.02476636494484,-0.5792548553636792,-0.9175897825766415,38.198766684769,34.48892939067045,1.078325391484214,61.27942891654151
2019-01-30,38.73383622739391,39.421909052183295,38.017288901847,39.20837020874024,244439200,58.58402898559473,-0.3365403895916259,-0.8013799039796384,38.643825576335814,34.222057678669074,1.1956917449688582,94.68403520350655
2019-01-31,39.41242029951825,40.09812176355808,39.044655736777,39.490718841552734,162958400,59.720379860605874,-0.12002072758469495,-0.6651080687006498,39.10059956688599,33.96743555884643,1.1855327650983025,87.05766414065059
2019-02-01,39.61410648111566,40.09338329388807,39.36971809982081,39.509708404541016,130672400,59.800267893247124,0.052499778756946114,-0.5215864992091307,39.363068086237504,34.28223754730742,1.152542224310371,87.46228732093624
2019-02-04,39.7208725954977,40.72925742817227,39.69002672443846,40.63197708129883,125982000,64.30593337216501,0.2765928359596259,-0.36195063217537937,40.03230254444574,34.15847923961188,1.1573284242618627,98.10271544608618
2019-02-05,41.01397692943241,41.54070999970741,40.89297205344229,41.32716751098633,144406400,66.78911167261005,0.5044690508261525,-0.188666695575073,40.74567623628532,34.067931170330894,1.1395716024151998,96.15052373984634
2019-02-06,41.43867685735861,41.656965666225744,41.01159918712273,41.341400146484375,112958400,66.83997361803699,0.6783909786863589,-0.015255160722786654,41.361729211905356,34.00921843518937,1.1042712364643297,94.42815033555428
2019-02-07,40.90482219115942,41.27021533462275,40.41605283598708,40.55841445922852,126966800,61.27986289821652,0.7444632493520231,0.1366885212921753,41.729593132384416,34.05965552484215,1.091490956038113,80.60319714555466
2019-02-08,40.26771162677322,40.66564643059835,40.13188767381337,40.606075286865234,95280000,61.489860676275725,0.7915473650485438,0.267660290043449,42.057894187450614,34.142795509815016,1.0516529418057465,81.44473067777473
2019-02-11,40.75858597472105,40.79671238747757,40.32967292104731,40.37256240844727,83973600,59.77920773253089,0.8007883387255958,0.37428589977987836,42.280358903864034,34.34424856378734,1.009894836421783,77.32166091298159
2019-02-12,40.53221193539128,40.7466666211287,40.43689591378119,40.72045516967773,89134000,61.4977633717473,0.826654753884398,0.46475967060078227,42.45844273645505,34.679206036738314,0.9644812204403294,83.43648840423633
2019-02-13,40.83959932500604,41.099328678315466,40.48932065603714,40.55127334594727,89960800,60.15173526095171,0.8240039108322037,0.5366085186470666,42.61475620218763,34.94617404988757,0.9391617062859008,78.73065971550861
2019-02-14,40.43927581927432,40.80861399260933,40.3606414751641,40.699005126953125,87342800,60.95537423054161,0.8243215529560857,0.5941511255088705,42.77940595017201,35.175209452049664,0.9040767642258528,81.57246069704756
2019-02-15,40.80623611906368,40.91346345759115,40.44880923334926,40.60845947265625,98507200,60.154620580221405,0.8079534248989049,0.6369115853868774,42.905450188442416,35.411966193393525,0.8726894399412841,79.40774908200095
2019-02-19,40.43928420861173,40.85151558058728,40.38686130166285,40.72998809814453,75891200,60.897111962903196,0.7956165377147215,0.6686525758524463,43.02618706187146,35.64340636769396,0.8435440712972235,74.53132165049719
2019-02-20,40.79194536512053,41.29949277774976,40.74428916750655,40.99210357666016,104457600,62.51936700633327,0.7977935270934395,0.6944807661006449,43.049035061604116,36.08246556400624,0.8239698290335098,74.54888173602424
2019-02-21,40.93729152317362,41.07311184292857,40.57986465359283,40.76095962524414,68998800,60.14953730428702,0.7719686476949263,0.7099783424195012,42.9858912887522,36.56969228363549,0.800346783340812,60.82601402042659
2019-02-22,40.884871894446135,41.223235588397145,40.837215701877646,41.216087341308594,75652800,63.114338494828324,0.7792446010408938,0.7238315941437797,42.82294367757831,37.23118039163556,0.7761988676131115,77.585561221512
2019-02-25,41.499648872153486,41.90711352229098,41.44960750385408,41.51632690429688,87493600,64.96603909792722,0.8000155883048592,0.7390683929759957,42.817748061718184,37.644885071216386,0.7701151042823453,77.986653454307
2019-02-26,41.39242202049624,41.77129368525542,41.26374629243125,41.540157318115234,68280800,65.11572854938976,0.8090731687358641,0.7530693481279694,42.635144253198206,38.27302225070804,0.7513602677496187,79.32904117577854
2019-02-27,41.273273603636405,41.69980140101289,41.158894387635335,41.6688232421875,111341600,65.9613783757114,0.8172133049683552,0.7658981394960467,42.059550366079655,39.345452990853936,0.7363278924373285,86.57690342286143
2019-02-28,41.53777215717325,41.67835919496109,41.20417154412631,41.258975982666016,112861600,60.89728168417916,0.7815835641634052,0.7690352244295184,41.98508513438858,39.6249787999376,0.7176035894657178,63.48985453423922
2019-03-01,41.52822531350751,41.73553167970715,41.19700998046142,41.69264221191406,103544800,64.04296095365578,0.7793560469010927,0.7710993889238333,41.984560414584585,39.845695856777716,0.7048120258785762,86.40384238824433
2019-03-04,41.86422115680062,42.35508684168328,41.45437136174755,41.90234756469727,109744800,65.48875589890083,0.7854579228076304,0.7739710957005927,41.968982778607284,40.10053740877065,0.7188051297398017,77.29999103579584
2019-03-05,41.92379696336586,41.93809345893184,41.59019631110894,41.82609939575195,78949600,64.4736539758037,0.7752050323591888,0.7742178830323121,42.071933877435434,40.11699854138781,0.6923117024600229,73.4769648338602
2019-03-06,41.62116756354591,41.81656266632499,41.447220836488704,41.585426330566406,83241600,61.246589982443076,0.7391389046442214,0.767202087354694,42.10441808365006,40.110340217131196,0.6699236208031105,61.40979722798171
2019-03-07,41.43054036805001,41.56636432916655,40.98971605951243,41.10409164428711,99185600,55.286550449330406,0.6640616626042899,0.7465740024046132,42.086455938093735,40.104571512467786,0.6646226672496008,36.44045502106511
2019-03-08,40.584626117481065,41.239908627013946,40.38923104211764,41.2017822265625,95997600,56.21777680682823,0.6054657882234125,0.7183523595683732,42.08646006356828,40.16890416372664,0.6779123042243653,41.40383855049418
2019-03-11,41.81655706066394,42.681527506223055,41.78319736904366,42.62910461425781,128044000,67.02390981631063,0.666517919983626,0.7079854716514238,42.36614578152571,40.09152137850847,0.7351860881840931,97.71308411516041
2019-03-12,42.891219115734174,43.527438429638856,42.74109868533032,43.10805892944336,129870400,69.72428211381634,0.7449623227737092,0.7153808418758809,42.7086737132083,40.022543098925496,0.7468394972695896,86.63633570352552
2019-03-13,43.42737051589921,43.67757008556457,43.110451545781046,43.29869842529297,124130000,70.75097225127934,0.8131397226596491,0.7349326180326347,43.054305533863435,39.934735603831875,0.7341731871875624,88.47832734806883
2019-03-14,43.82052960680952,43.86818942807558,43.50122916555662,43.78002166748047,94318000,73.22019873376149,0.8956846709765927,0.7670830286214263,43.45472788995013,39.8571880798985,0.7224101740157803,97.46568510416847
2019-03-15,44.04691043760487,44.63785523657547,43.78241438212483,44.34952926635742,156171600,75.82115157250789,0.9955802119219115,0.8127824652815234,43.9432268922333,39.73374149155576,0.732083273664296,93.21366265827518
2019-03-18,44.27327313925296,44.89042929325558,44.2708879665926,44.80226516723633,104879200,77.67725755596308,1.0986159900896766,0.8699491702431541,44.45141177853441,39.644937174712666,0.7240445631642017,98.04131875335723
2019-03-19,44.8809110601797,45.03341307639729,44.30187752445981,44.44723129272461,126585600,72.94802943189656,1.138500396213466,0.9236594154372165,44.778827960410204,39.68924531229488,0.7245796337908642,87.3781479850283
2019-03-20,44.37573359295211,45.15254360309381,44.01830674487972,44.83562469482422,124140800,74.75852647052217,1.1877574485153914,0.9764790220528515,45.15029838788251,39.702126996638974,0.7538408641068087,93.34666990224457
2019-03-21,45.27884496121636,46.78242034663501,45.228803590706896,46.48694610595703,204136800,80.67917239705626,1.3445428020785997,1.0500917780580012,45.86896557876899,39.55605845382378,0.8390519203713787,95.37829670600874
2019-03-22,46.54651613890854,47.106486442351226,45.45993886884796,45.52427673339844,169630800,70.32335895616629,1.37526376672227,1.115126175790855,46.23863471520392,39.61720825659784,0.8967301813093703,76.44559251241557
2019-03-25,45.63388456100003,45.74587861908732,44.46390988385612,44.97383880615234,175381200,65.17224295035615,1.3397507987656496,1.160051100385814,46.46185468092157,39.73973948106573,0.9242472208752156,68.25120515553526
2019-03-26,45.66962661852125,45.96033411700319,43.98257123970182,44.50917816162109,199202000,61.10332624488496,1.259592486999253,1.179959377708502,46.582226890862025,39.91626935547587,0.9994983391913698,61.33378700116388
2019-03-27,44.97620805998751,45.21687414252472,44.45198278594525,44.90948867797852,119393600,63.23303263316466,1.2143696629942724,1.1868414347656562,46.73583473211408,40.08672805780291,0.9827406975762345,67.29322270080267
2019-03-28,45.02387105568849,45.169224796190974,44.685507385455566,44.96906661987305,83121600,63.55288064744571,1.1698523613409932,1.1834436200807237,46.8284108505808,40.36516100305689,0.9470961770876042,59.847759664306224
2019-03-29,45.233560640409536,45.2931317832796,44.92617150707696,45.26215362548828,94256000,65.15862670554739,1.1450226427005674,1.1757594246046925,46.95800324919879,40.59251974579633,0.905657898452964,57.75099671508717
2019-04-01,45.66486577166774,45.67439555693616,44.88805919660428,45.56955337524414,111448000,66.81024371933876,1.1370423857098118,1.1680160168257165,47.109428563427365,40.807815012622434,0.8971349314443151,61.53854741293065
2019-04-02,45.5337998404147,46.33682135310815,45.52427005695858,46.23197555541992,91062800,70.09957410674947,1.1706750946261266,1.1685478323857985,47.31800427392262,41.039826918093986,0.8910932432089763,75.74345407857209
2019-04-03,46.0485052362601,46.822930291979866,46.02467531863321,46.54890441894531,93087200,71.5522316629062,1.2089665554585807,1.176631577000355,47.48666545733058,41.367513543523906,0.8844619382188108,83.2259345374138
2019-04-04,46.41544741708928,46.79193745474998,46.02227935106706,46.6299057006836,76457200,71.92761924332315,1.2316512317997876,1.1876355079602416,47.484827283349375,41.92193312314477,0.8762616643233897,84.7441204145543
2019-04-05,46.81100893546065,46.96589610699699,46.68709992541847,46.94206619262695,74106400,73.38517774915607,1.2602899065606081,1.202166387680315,47.41183855091618,42.5689502521844,0.8376708601798185,94.73672494103465
2019-04-08,46.80387003624659,47.711733961677744,46.78480682813005,47.68075942993164,103526800,76.49526757185957,1.3272924324224675,1.2271915966287457,47.68116130738694,42.80479297728103,0.8440463082775238,99.16939715278255
2019-04-09,47.73317972192877,48.33603955625865,47.4734467070478,47.537784576416016,143072800,74.67635144497677,1.353256047761164,1.2524044868552293,47.89083895540023,43.03808789396501,0.8453710612013328,81.66393041596834
2019-04-10,47.342384260292086,47.8332536078706,47.22324195607037,47.80465698242188,86781200,75.83154736293781,1.379465157149376,1.277816620914059,48.106172403990286,43.273350301087845,0.82855967481554,87.79404063156161
2019-04-11,47.85946981978605,47.89521106023314,47.28520298370314,47.4067268371582,83603200,70.65588917493503,1.3525352437185347,1.292760345474954,48.227662647342086,43.51453057470381,0.8129488463665729,78.65350907537004
2019-04-12,47.46629151971839,47.690279625122976,46.753822893813584,47.387657165527344,111042800,70.40788555005874,1.3145015742768962,1.2971085912353426,48.35817770794686,43.68782830401603,0.821770838148203,78.21547507019915
2019-04-15,47.31854712795485,47.62116952932975,47.18272318704627,47.47343063354492,70146400,70.90260413262018,1.2765653683251372,1.2929999466533018,48.50328250400062,43.809840054593124,0.7943905170150083,77.7910320645462
2019-04-16,47.528255637857534,47.983376534492095,47.313797281453226,47.478214263916016,102785600,70.93179115729887,1.232677116303364,1.2809353805833144,48.58033827623189,44.035882579481004,0.7854754267309983,76.50136330249299
2019-04-17,47.54730369870625,48.462319253167394,47.325700783597725,48.40274810791016,115627200,75.95240897129952,1.2579961187553153,1.2763475282177146,48.830885118289565,44.142048078731925,0.8105570726480462,98.33332929572808
2019-04-18,48.4003701925818,48.64580305696875,48.25740160408724,48.57670211791992,96783200,76.76555312365738,1.2773734790958855,1.276552718393349,49.11486726430074,44.067041533917035,0.7804030998075794,98.1611056629568
2019-04-22,48.33125655422632,48.834037108916725,48.21449581375746,48.7363395690918,77758000,77.51689446972563,1.29073282043516,1.2793887388017111,49.39560370736961,44.107511374417506,0.7689129709041285,97.04820495547783
2019-04-23,48.71251279943443,49.503619315451935,48.58622226846949,49.43928146362305,93292000,80.50620284573728,1.3425654718124704,1.292024085403863,49.738264710028396,44.211394637505784,0.7795189763382939,98.1519227513807
2019-04-24,49.41069711912076,49.67757472014004,49.3368294714054,49.363040924072266,70162400,79.27507738872477,1.3617933411403556,1.3059779365511617,49.92112038040048,44.51392524337882,0.748177995795176,91.39511956464555
2019-04-25,49.28439996099873,49.5060028744457,48.87693173068337,48.91505813598633,74172800,72.28060737941111,1.3256023799842254,1.3099028252377745,49.99185049661603,44.843752072964044,0.7396703635071157,74.50182206853512
2019-04-26,48.82450618641079,48.848336097417246,48.16207538289125,48.68153762817383,74596400,68.86951453189312,1.2635126419311717,1.300624788576454,49.960221073872425,45.246628596537725,0.7406212484776843,65.93291253390396
2019-04-29,48.70536406711703,49.07947258276034,48.57669200067746,48.75540542602539,88818800,69.36205976589928,1.206360419160596,1.2817719146932824,49.91149036160593,45.64468448885793,0.7236326294494838,68.45938544403373
2019-04-30,48.38605489045458,48.46707075603875,47.44483174728171,47.81655502319336,186139600,57.01472577475297,1.0729412903348319,1.2400057898215924,49.753688470089,46.02718654516978,0.765556990113355,36.348233109615265
2019-05-01,50.01116380100785,51.305047195466486,49.85627665797254,50.163665771484375,259309200,70.94140765769356,1.1434172885220732,1.2206880895616887,50.04095225492706,46.13309178193818,0.9600523602676244,74.92144204873429
2019-05-02,50.00164001010491,50.671219159962654,49.59417537681596,49.83722305297852,127985200,67.6581413951828,1.1595621153860094,1.208462894726553,50.213794317935665,46.289081582332884,0.9684088904732722,67.74880680007614
2019-05-03,50.25183931905875,50.4782089626399,50.0945706099009,50.456764221191406,83569600,70.45304539448293,1.208418900673749,1.2084540959159922,50.48410948178563,46.4014522705337,0.9450215347009938,79.42221493161658
2019-05-06,48.6791685424968,49.76336440477367,48.49092527269926,49.677581787109375,129772400,63.07086924628079,1.1707688499533475,1.2009170467234633,50.56326892341211,46.595844388355474,1.017937064257505,59.22416677935682
2019-05-07,49.058041478715104,49.424998214271085,47.8547033530832,48.33842086791992,155054800,52.82591628105868,1.0211012001378705,1.1649538774063448,50.55479192621809,46.67008752934832,1.0754328763838383,25.449407503243943
2019-05-08,48.10965016805922,48.929349618462254,48.07390893920655,48.34793472290039,105358000,52.88446989136062,0.8929626800229045,1.1105556379296568,50.53374993823228,46.772144531982555,1.0597191480175432,23.395144331732943
2019-05-09,47.75223838411033,48.057242419549205,46.861056195160906,47.8284912109375,139634400,49.28737128811991,0.7409559504312568,1.0366357004299769,50.5327074002601,46.7755704928063,1.090230532283396,21.76950888762086
2019-05-10,47.22330722271242,47.56536833430933,46.11101823277178,47.165897369384766,164834800,45.07564721651169,0.5605619276309639,0.9414209458701743,50.557067221294496,46.72712772499457,1.1350335641321339,20.309458114105475
2019-05-13,44.90065057528068,45.32403587911326,43.73812763352999,44.42463684082031,229722400,32.64635175861841,0.19416335560700304,0.7919694278175402,51.137434886802886,45.85045802701547,1.2988004335408938,9.072505683073924
2019-05-14,44.58968654744338,45.37666024246978,44.35048432829495,45.127891540527344,146118800,37.414250381832034,-0.03901365048194094,0.625772812157644,51.392659977521845,45.36067902699476,1.2793272535861753,18.36631003702238
2019-05-15,44.55619868228515,45.86702583004832,44.49639812709604,45.668487548828125,106178800,40.87885439392013,-0.17813312011189453,0.4649916257037363,51.51663743588255,45.055728897125256,1.2858487142551824,25.510511899826827
2019-05-16,45.4268958737944,46.039252991844464,45.17094773855048,45.467559814453125,132125600,39.99269758104792,-0.3011282717651369,0.31176764620996167,51.60566694600072,44.67318055766139,1.2560241813293824,22.85516803459378
2019-05-17,44.7140705245547,45.66370365738736,44.67340658397215,45.20922088623047,131516400,38.82727500801856,-0.41466856694409415,0.1664804035791505,51.66737443410233,44.27472494639083,1.2370436736212271,19.441111282594385
2019-05-20,43.89839107594167,44.09692935038118,43.12337459318291,43.7955322265625,154449200,33.136650411255445,-0.6116719554829544,0.01084993176672952,51.841419790321936,43.60659885591829,1.2976724321516793,8.215406140695313
2019-05-21,44.30503541950881,44.97001729820006,44.18064924329761,44.635135650634766,113459200,38.86727417013412,-0.6920718077685137,-0.12973441614031914,51.73813898340059,43.22946508154082,1.2888733349720995,20.02904331265055
2019-05-22,44.17109119736444,44.42225430597984,43.66637427145734,43.72138977050781,118994400,35.31943867995207,-0.820067696061983,-0.26780107212465193,51.673969928365764,42.7294690212192,1.2660081952724798,8.130912910946426
2019-05-23,43.00855911757338,43.185566421251686,42.53254539430105,42.97507095336914,146118800,32.69439609576621,-0.9705392783307616,-0.40834871336587386,51.67678180266721,42.13265842865603,1.2604964939106427,6.119992194897486
2019-05-24,43.10423430651815,43.56828714339812,42.72629440483175,42.81001663208008,94858800,32.125723026688945,-1.090536568948103,-0.5447862844823197,51.63855312425278,41.58373500746109,1.2306033685289093,4.025725601995946
2019-05-28,42.79806098088244,43.19752825231062,42.55646805143749,42.63301086425781,111792800,31.493092915813648,-1.1862438912928184,-0.6730778058444195,51.52460286426098,41.08544581127614,1.188493142267782,1.5705572100720864
2019-05-29,42.200055575560086,42.90091998412499,42.09959108029265,42.42969131469727,113924800,30.744171674168854,-1.2639290350743622,-0.7912480516904081,51.47804066325597,40.59332164143153,1.1608385538081076,5.540777994668916
2019-05-30,42.56603133944261,42.87220986761559,42.25985281126963,42.64975357055664,84873600,32.61207344193522,-1.2928348904463434,-0.8915654194415952,50.93740258821675,40.38256849637798,1.1216613039893826,10.06558563760882
2019-05-31,42.15460420382392,42.57560242696121,41.85799580108924,41.87713241577149,108174400,29.59414321885754,-1.3623823633793748,-0.9857288082291511,50.41205271402083,40.11190930685319,1.098096765809241,0.457676096188588
2019-06-03,42.0039165147465,42.558863836181885,40.72896808562691,41.45375061035156,161584400,28.06166437602552,-1.4351194464415542,-1.0756069358716318,49.61203902254712,40.01162163724291,1.150368121862508,13.648656098960716
2019-06-04,41.96563871336283,43.01573632949458,41.74557310553312,42.97028732299805,123872000,40.03906402278392,-1.354775264396629,-1.1314406015766314,48.75409087123111,40.1988403421478,1.1797693788111159,42.207137224349026
2019-06-05,44.08018411750776,44.250019297013125,43.32908930449805,43.663970947265625,119093600,44.584026667617664,-1.2210519236575053,-1.1493628659928063,48.12438126381011,40.36110495750337,1.1869095641828276,55.27015807009268
2019-06-06,43.79314581301077,44.36483901115955,43.57068583552247,44.30503845214844,90105200,48.471241957574854,-1.0512285147270006,-1.1297359957396451,47.40927216068556,40.67192443355272,1.1588555364295603,72.4673149050979
2019-06-07,44.61361029225214,45.90769533953983,44.43660296337536,45.48430633544922,122737600,54.75815339333503,-0.8121235225696779,-1.0662135011056517,46.87436488240156,40.9724132242879,1.1905556329268339,91.82445834020885
2019-06-10,45.881376473575656,46.73293577866847,45.835927468539325,46.0655632019043,104883600,57.509943379285964,-0.5691675134691536,-0.9668043035783521,46.597503314099725,41.13924137584168,1.194703762233435,88.88447421964578
2019-06-11,46.61095223695524,46.88364266564571,46.30955870522477,46.59899139404297,107731600,59.91930903131122,-0.32977844812327106,-0.839399132487336,46.96087783096813,40.99330231429555,1.167802026626862,95.37503944519077
2019-06-12,46.39326993216043,46.87645943951271,46.25931727268128,46.450679779052734,73012800,58.918953649212106,-0.15029587962502688,-0.7015784819148743,47.188686130120665,40.89777283899554,1.1284691794986168,92.9653000989103
2019-06-13,46.57266682669041,47.07259854029726,46.30954660107747,46.441104888916016,86698400,58.85064400001688,-0.008726668993439546,-0.5630081193305874,47.32870526445967,40.83501543866532,1.102367948050129,90.04523268034444
2019-06-14,45.81918484080178,46.307155751593456,45.52018207317705,46.10383605957031,75046000,56.37143462190985,0.07538419248229644,-0.4353296569680106,47.42942570549883,40.79792262213789,1.0894075814564748,84.72857951531971
2019-06-17,46.142102390137104,46.6348619824245,45.96748580812443,46.37891387939453,58676400,57.928179145795,0.1623674662457617,-0.3157902323252562,47.6083491342385,40.735968492714626,1.0592624809453033,89.064863316683
2019-06-18,46.89560444365913,47.90981970395543,46.69467541849895,47.469688415527344,106204000,63.49117093638311,0.31567976662094566,-0.18949623253601583,48.0874403371625,40.62429290868712,1.09295129120356,93.87076475296209
2019-06-19,47.76389566380698,47.81173902587901,47.19698759262692,47.33094024658203,84496800,62.361605612130944,0.42113052105462145,-0.06737088181788836,48.4523618307951,40.52895187464924,1.0587941584927407,91.93856817907425
2019-06-20,47.928952089147415,47.98636194123762,47.36921971853001,47.71128082275391,86056000,64.23974863406481,0.5292899840684626,0.051961291359381837,48.88379171481669,40.49651109585226,1.0299818396472298,96.20964324168463
2019-06-21,47.55340719824624,48.04377253215675,47.39792354850374,47.548622131347656,191202400,62.79656122275458,0.5950228872968282,0.1605736105468711,49.21619476400871,40.621463164458085,1.0025437785047855,92.13822289087888
2019-06-24,47.49120806529403,47.87871815109603,47.40270441017317,47.50077819824219,72881600,62.35284079038186,0.6359255275009872,0.2556439939376943,49.47806079068502,40.82867329439799,0.9649344901060765,88.48290950431016
2019-06-25,47.464895650291474,47.66343393459677,46.71380081144238,46.78078079223633,84281200,55.94616657841026,0.6032890505151656,0.3251730052531886,49.572898800133345,41.14861227774752,0.9638415353238128,71.7646487632188
2019-06-26,47.30701101438836,48.077242242195226,47.20654654770945,47.7925910949707,104270000,61.87464378428485,0.6515582844279777,0.39045006108814645,49.736912431107385,41.52088862480082,0.9876001006548902,92.18128670751491
2019-06-27,47.90981377120324,48.215995988213024,47.73759152091885,47.77825546264648,83598800,61.74785414722239,0.68080731144574,0.4485215111596652,49.848025446290954,41.92262579882624,0.9512289839862679,83.76221284692403
2019-06-28,47.52469168182497,47.72083923918838,47.1347945750101,47.342899322509766,124442400,57.869618701216126,0.6612354631844184,0.4910643015646159,49.68757325702864,42.62965467876237,0.9292455485327045,67.61287339480158
2019-07-01,48.59872246403011,48.9144711974964,47.9959317500997,48.21121597290039,109012000,62.87763848434715,0.7076333722623005,0.5343781157041528,49.36000177798719,43.63297269405871,0.9751260004222707,79.28122211047568
2019-07-02,48.17771280892537,48.58914085785711,48.16575196972495,48.49345779418945,67740800,64.36059695007452,0.7584358295371203,0.5791896584707463,49.24255663622173,44.302734882943305,0.9357162066872627,87.59641892935774
2019-07-03,48.62503262850037,48.90250811186304,48.48390417831882,48.89533233642578,45448000,66.41770711317633,0.8216535492380999,0.6276824366242171,49.208260062686584,44.860167595394465,0.8987796157484744,99.43614523189879
2019-07-05,48.64177274799548,49.05559156534589,48.534128829376186,48.85226821899414,69062000,65.97822872833082,0.8583842142886198,0.6738227921570977,49.16856106087913,45.3545895738865,0.871828410049991,93.41592023277425
2019-07-08,48.03419442469582,48.1753228503153,47.46011059000936,47.8452262878418,101354400,56.5542262377602,0.7970458153127566,0.6984673967882296,49.10723547411324,45.65200715589164,0.9089947828310476,48.73323734430095
2019-07-09,47.64908366307894,48.20164023244244,47.55579493902973,48.13705825805664,82312000,58.40823624563334,0.7631855651315647,0.7114110304568966,49.12537037440107,45.84102176121904,0.890198390729738,60.77645683081817
2019-07-10,48.282982401654586,48.732680212837536,48.21361169545004,48.61307907104492,71588400,61.30862653415674,0.765932777961531,0.7223153799578235,49.24468583278094,45.923115070539374,0.8691572167333922,81.1036706177377
2019-07-11,48.6321995013914,48.89053831965134,48.24947816503057,48.2590446472168,80767200,58.06544614365199,0.7311145117199587,0.7240752063102505,49.27100010924787,46.077637280888844,0.8528645694396337,65.98556396205174
2019-07-12,48.42648319473245,48.79724732350111,48.36668264654188,48.62980651855469,70380800,60.4264094198744,0.7250798995665377,0.724276144961508,49.32355757507731,46.243949978023274,0.8303887199285395,81.81797216162599
2019-07-15,48.81878002796971,49.24455968604115,48.79725270423194,49.08668899536133,67789600,63.17761615052437,0.748535373669462,0.7291279907030989,49.361394038397336,46.504398808282346,0.8149861804683911,93.7619228657313
2019-07-16,48.9383707334678,49.3019590512431,48.67764124602152,48.91684341430664,67467200,61.46684037415857,0.7448329167295711,0.7322689759083933,49.35139422687695,46.76819157329395,0.8013670108079046,82.22951505711855
2019-07-17,48.80920639335762,49.05797505883854,48.622628981763015,48.64176559448242,56430000,58.69470285632014,0.7115004771840816,0.728115276163531,49.40360754319211,46.8331859748743,0.7752226583984487,69.53653199833555
2019-07-18,48.79725553997312,49.246956906066245,48.725494140074105,49.194332122802734,74162400,62.36637287019253,0.7213564316263117,0.7267635072560872,49.52624700587887,46.8968856998096,0.7630775621974041,95.03374434101805
2019-07-19,49.22543030950413,49.39526551603992,48.40496832917344,48.4599838256836,83717200,55.32752848610708,0.6622772562011576,0.7138662570451013,49.54622344255528,46.951779563426165,0.7793075353880522,51.668898558174256
2019-07-22,48.71352835732806,49.569872702739694,48.70396187494887,49.567481994628906,89111600,62.247740965225944,0.6967902660693852,0.7104510588499582,49.72928815376843,46.97060083854114,0.8029204883643408,99.88668352245202
2019-07-23,49.86409983373424,49.971740110187,49.58423000504602,49.95499420166016,73420800,64.32988610286498,0.7468023983951966,0.7177213267590059,49.96588491124242,46.97942568140895,0.774444604592466,99.33326518133725
2019-07-24,49.67513109219279,50.029149402153855,49.555529966536255,49.91433334350586,59966400,63.93145021726486,0.7742315230894903,0.7290233660251028,50.0298049058454,47.228860941932915,0.7529570925228327,95.53077757699762
2019-07-25,49.96696038244514,50.05068263415217,49.45028262034111,49.5196533203125,55638400,60.04396865692646,0.7554139804944953,0.7343014889189813,50.11189705386869,47.31947501644382,0.7420601583291343,79.5014651285107
2019-07-26,49.62966529870428,50.16787018217037,49.5483374367428,49.69186019897461,70475600,61.15388789356238,0.7457994860983064,0.7366010883548463,50.199338705125435,47.423393838819884,0.7353570657240438,81.77655929147636
2019-07-29,49.86410236528758,50.38556151543497,49.85931729833176,50.15592575073242,86693600,64.05188949464835,0.7667870973401136,0.7426382901518997,50.28235270218561,47.62168248458196,0.7323816550623523,89.42720671584652
2019-07-30,49.93585061510733,50.27073588947548,49.58900815053056,49.94063568115234,135742800,61.750342828101836,0.7573179313967984,0.7455742184008796,50.39072210653477,47.68625505105801,0.7287635181968215,79.17095162984153
2019-07-31,51.76814519291497,52.95219547888276,50.54343096661381,50.95964050292969,277125600,67.67154296970301,0.822556799344845,0.7609707345896727,50.73627888131512,47.58731654715168,0.8918203953063643,56.54673645442874
2019-08-01,51.16535872118057,52.15326516054023,49.45267342174729,49.8569221496582,216071600,57.328954130979426,0.7763298694210121,0.7640425615559405,50.808637805505796,47.61111660428425,1.0210183484125481,31.930532007348216
2019-08-02,49.16323415426072,49.37851470178692,48.23034691506533,48.802040100097656,163448400,49.530323854881296,0.6471149902345914,0.7406570472916707,50.80864746981436,47.606084128086025,1.0642724117111426,12.107401948742986
2019-08-05,47.359645023139706,47.51751570162563,46.06556024157111,46.247352600097656,209572000,36.559597821220024,0.3347109966813022,0.659467837169597,51.12526475294775,47.12967947617823,1.1837158007693855,2.6397849205312363
2019-08-06,46.957786951818015,47.37878519253508,46.414796893585645,47.12283706665039,143299200,42.1505725465654,0.15597487944368993,0.5587692456244157,51.22614496233036,46.92737714765499,1.1799812858885308,15.352589307343797
2019-08-07,46.74251147526255,47.73519932999547,46.36218078247986,47.61081314086914,133457600,45.057058798430596,0.05308883477133719,0.45763316345379995,51.26638780755802,46.78690770940976,1.193769661719036,22.43843104867643
2019-08-08,47.88828556685008,48.68482942826137,47.6945323451434,48.66090774536133,108038000,50.787159120535364,0.055643339904676736,0.3772351987439754,51.26458932967046,46.82889249711177,1.185215849267121,37.68672819679308
2019-08-09,48.3343596886464,48.68491980321308,47.851734087471264,48.25992584228516,98478800,48.698595143226925,0.025023460320383606,0.306792851059257,51.26680601058621,46.789687748569065,1.1600708397295991,31.864118326247688
2019-08-12,47.93096316663212,48.51443488116721,47.8181106881789,48.13745880126953,89927600,48.04868324367264,-0.009021092031176181,0.2436300624411704,51.25410819599267,46.70746254375342,1.1269460792480788,30.08578918878868
2019-08-13,48.26712787556525,50.93716177711402,48.13746584722147,50.17601013183594,188874000,58.07792195019,0.12702810947111942,0.2203096718471602,51.37852343423714,46.70896397726189,1.246428714719251,59.68734728383019
2019-08-14,48.78095677565512,49.56852064547663,48.64409173261856,48.68251037597656,146189600,50.401128482075805,0.11303216876223132,0.1988541712301744,51.379154509672674,46.71240737997576,1.2668208350405457,38.0004173914551
2019-08-15,48.85300141700887,49.256386268391125,47.94297838198592,48.44001007080078,108909600,49.262512788189085,0.08143381857729537,0.1753701006995986,51.35567028422865,46.660459400219594,1.270148481566593,34.47909969682944
2019-08-16,49.04988847143179,49.74140951677776,48.944239015747925,49.58293533325195,110481600,54.48181093925791,0.14692278089486877,0.16968063673865263,51.410339169917556,46.718085665287525,1.272380693310192,51.075379637123454
2019-08-19,50.57218971325113,51.07882419067767,50.43052506876509,50.507362365722656,97654400,58.224978921258185,0.27030093024794866,0.18980469544051184,51.53610833347442,46.686304538840034,1.2883455621755866,64.49887312291426
2019-08-20,50.634616760971866,51.227691316707656,50.50015516617898,50.50975799560547,107537200,58.23456416427549,0.36407547437280385,0.22465885122697027,51.616604357091916,46.66128489461707,1.2482877470579503,73.00284447405394
2019-08-21,51.14125698244228,51.29972750063154,50.807502749107,51.05721664428711,86141600,60.466919817248765,0.4770684655406896,0.27514077408971416,51.79861873588772,46.59355884589939,1.215550729769959,95.36677289162586
2019-08-22,51.18927999555581,51.489418835377954,50.6034083940143,51.01399993896485,89014800,60.19340535216909,0.5567115736888013,0.33145493400953163,51.995391011157075,46.54622123249526,1.1920121377409372,91.23467383615137
2019-08-23,50.28645752648354,50.91555099493653,48.26232304973978,48.65610504150391,187272000,47.55445212115528,0.42467154895109616,0.3500982569978446,51.949273984760005,46.488762743145266,1.3034167628469469,44.73996009854558
2019-08-26,49.42926093993379,49.74860907635114,49.23717136701609,49.58053207397461,104174400,51.825299880861934,0.3901252922858802,0.35810366405545174,51.89090153112697,46.48959582910253,1.2883515679898239,62.769687271992844
2019-08-27,49.909486415436,50.07516363748383,48.8698050581221,49.02107620239258,103493200,49.21334179669161,0.31398430608538064,0.34927979246143753,51.82234962672,46.46619178563351,1.282423497373532,34.956087900462784
2019-08-28,49.00666433648422,49.39564304574739,48.81937801989056,49.35002136230469,63755200,50.78396969882806,0.2769921580741581,0.33482226558398165,51.60543153067867,46.52214796761234,1.2319836065509109,41.72656210551346
2019-08-29,50.06314879148504,50.26004159092135,49.62134538410084,50.18560409545898,83962000,54.62290669258165,0.31150927258394745,0.3301596669839748,51.647579062403246,46.51286863046784,1.2089862224127501,64.48637140650551
2019-08-30,50.46174203034494,50.53137262674945,49.75101166966507,50.12078475952149,84573600,54.269269298877965,0.3298318594603131,0.33009410547924245,51.75090017198078,46.541421986832695,1.1783701320321525,61.40823189213806
2019-09-03,49.56613013550739,49.698191966663735,49.03548668277615,49.39085006713867,80092000,50.318554812262164,0.2821999864302356,0.3205152816694411,51.52238579928794,47.084286106229634,1.1717221280830943,40.826053734186345
2019-09-04,50.03674646797927,50.2984666588224,49.77982952447207,50.22883605957031,76752400,54.420836326840465,0.3085134985644089,0.3181149250484347,51.459134741234074,47.4581370635755,1.152857446911711,64.45498543188731
2019-09-05,50.90354224548307,51.376561303793046,50.78588651283309,51.21088409423828,95654800,58.72239979273027,0.40395368891581285,0.33528267782191035,51.58623599015824,47.69104290998825,1.1524908610053557,91.36887283051033
2019-09-06,51.395778829958495,51.484618759601176,51.02600570478871,51.20608901977539,77449200,58.6932728019711,0.4737427929215414,0.3629747008418366,51.77610509260993,47.75569193497795,1.1029281605630066,91.22028491179312
2019-09-09,51.58546887972169,51.96964811295189,50.68025265249834,51.42459487915039,109237600,59.67484066203683,0.54045275443832,0.3984703115611333,51.93342528286763,47.914838648406786,1.116247253412331,85.29793787952194
2019-09-10,51.35014427979412,52.05126803759896,50.83390703828068,52.03205871582031,127111600,62.353204558641494,0.63501804169222,0.4457798575873506,52.153806265674994,48.08391765705449,1.1234696638341846,99.49301660910363
2019-09-11,52.3610251708255,53.71525152055803,52.27938461882768,53.68643569946289,177158400,68.49117073643056,0.833844074085512,0.5233927008869829,52.88090311698409,47.7078633625081,1.1634498881844366,99.47155329013856
2019-09-12,53.97697110284447,54.36594987704424,53.51115502500784,53.56637954711914,128906800,67.62944919088883,0.9705398300575538,0.6128221267210971,53.3926825463151,47.68447085029135,1.1414030998881484,86.90007838702994
2019-09-13,52.82443464006696,53.014120770564304,52.10890468762575,52.524295806884766,159053200,60.5126983188441,0.9834481743467904,0.6869473362462358,53.54873017114549,47.936851799069345,1.1639796541456655,66.79653455162216
2019-09-16,52.27939719599637,52.855666127079154,52.23857874207969,52.800437927246094,84632400,61.66394412549502,1.0043825941538174,0.7504343878277522,53.797186264092346,48.010145965521914,1.1249159206352226,71.77514345588027
2019-09-17,52.81483570644543,53.02133138546332,52.61313961117362,52.99251556396485,73274800,62.48328429536484,1.0246606821835726,0.8052796466989163,54.059915150793266,47.995932398645216,1.0737213387533995,75.23814081110295
2019-09-18,53.07895237436418,53.508753239988586,52.6899736146539,53.48954391479492,101360000,64.59213392538638,1.068520013530275,0.8579277200651881,54.38918353612051,47.964642605236904,1.0555112163663485,83.55854021857377
2019-09-19,53.307052941713785,53.72724727960935,52.91327096589523,53.05493927001953,88242400,61.34501664351431,1.0560365548764494,0.8975494870274404,54.595862091790295,47.95773631214037,1.0382587233197609,75.4053154623701
2019-09-20,53.15578449922015,53.43911377467882,52.216949430695024,52.27937698364258,221652400,55.94055866966764,0.9723532461361089,0.9125102388491741,54.68616987159596,47.993966236802486,1.051394839081478,60.85569269767442
2019-09-23,52.57231436011538,52.78601305088982,52.26016925822585,52.51708984375,76662000,57.18559896261325,0.9146713008223486,0.9129424512438091,54.66594014031964,48.400294448303406,1.0138554786230847,59.68574980250383
2019-09-24,53.07174949586762,53.42231327005474,52.149723866608696,52.26737594604492,124763200,55.41410584289737,0.8391350919895402,0.8981809793929554,54.67568821667528,48.659230759154795,1.0323364732532958,43.06168404112811
2019-09-25,52.47627620043449,53.18460313928031,52.137718705201,53.07175064086914,87613600,59.74045914849602,0.834558150844515,0.8854564136832673,54.665972706021655,49.07401371365608,1.0333756133122969,64.88590469244119
2019-09-26,52.82443177161765,53.05013674812319,52.54350227867052,52.79801940917969,75334000,57.6889759378958,0.7996254844468922,0.8682902278359923,54.59910446066135,49.48568176370388,0.9972950953756056,57.459053949887895
2019-09-27,52.95410254530076,53.05495243556893,52.17134164629169,52.541114807128906,101408000,55.753861821176514,0.7426502307302059,0.843162228414835,54.569506084887074,49.75083121064515,0.989174787797151,48.33485455249632
2019-09-30,53.04052913660416,53.92413970007018,53.01411677472275,53.77767181396485,103909600,62.30766938549354,0.7881909728851895,0.8321679773089059,54.65371562366858,50.03231037730799,1.0173069381645883,73.93592003220137
2019-10-01,54.04179631783716,54.79814466731322,53.832897210879736,53.92654037475586,139223200,63.01787436684257,0.82676436292288,0.8310872544317007,54.52323254933412,50.61636248240416,1.0175330749634295,67.58919623608107
2019-10-02,53.55917937969037,53.68403817289297,52.32740831027184,52.57472610473633,138449200,53.212901760851025,0.7397268280172611,0.8128151691488128,54.30087011467511,51.07331392157978,1.0590758599291858,17.321675292240446
2019-10-03,52.447459000713295,53.05494337549281,51.65509540469614,53.02132797241211,114426000,55.667032144110294,0.6987314516178458,0.7899984256426194,54.23861367347509,51.316614750597175,1.083416724991149,43.4683790663328
2019-10-04,54.17865934180888,54.622866267592265,53.7584649875072,54.50761032104492,138478800,62.68240335362539,0.7772136494680026,0.7874414704076961,54.402117723390006,51.48326283080921,1.1204254085760783,90.75629040486689
2019-10-07,54.32992905331613,55.20873272385884,54.2266793952243,54.51961517333984,122306000,62.733698978195825,0.830803067346011,0.7961137897953591,54.53529650721393,51.65958607640424,1.1105416885802537,80.60810688803298
2019-10-08,54.22187366190399,54.75972001542837,53.86410691411583,53.88091278076172,111820000,58.15365080825595,0.8123706190693198,0.7993651556501512,54.576144065615296,51.803623924497,1.09518964663256,62.63490548298334
2019-10-09,54.51241302490234,54.694896109411246,54.17865880193493,54.51241302490234,74770400,61.172028067114205,0.8390475452333348,0.807301633566788,54.724787697594095,51.73757802506215,1.0751034810623432,80.4054371220818
2019-10-10,54.728521012309976,55.33120221536916,54.57725351139381,55.247161865234375,113013600,64.39037878473518,0.9089989185765504,0.8276410905687406,55.056795751233025,51.573648203234754,1.0567953174483775,97.71387627011309
2019-10-11,55.93387599775765,57.05999756214249,55.780205051339095,56.71664047241211,166795600,69.78457153892334,1.0706685282519217,0.8762465781053769,55.794660540437086,51.25501788058342,1.1107982016955018,93.64730239829896
2019-10-14,56.40207888768913,57.17764014436274,56.34685437723552,56.634986877441406,96427600,69.15767450622627,1.1786177245155685,0.9367208073874151,56.34777591133051,51.085357404709534,1.0907973135120528,90.17385476257644
2019-10-15,56.75985041805286,57.06238901917909,56.397284055002885,56.50293350219727,87360000,68.09232081795088,1.2392275922295397,0.9972221643558401,56.77612469748872,51.008050412374565,1.060390717130921,87.78268580932853
2019-10-16,56.0347149979541,56.48372515630135,55.99389655879597,56.27482604980469,73903200,66.19537158489948,1.2543950981709457,1.0486567511188614,57.09682819070618,50.965875132658084,1.0210083047216627,83.65220859011897
2019-10-17,56.44770640833482,56.70222353757521,56.07073396138555,56.49332809448242,67585200,67.13971427208581,1.2694137334762985,1.0928081475903488,57.42011054801447,50.98643165779608,0.9931855383979482,87.60875498273228
2019-10-18,56.327655968301634,57.045589398505086,56.25562191334341,56.7646598815918,97433600,68.32309909326068,1.2883589181319337,1.1319183016986658,57.70446326473907,51.150607230866406,0.9786699631667858,92.52192092162433
2019-10-21,57.03117389835004,57.8643594805564,56.98315242424609,57.74910354614258,87247200,72.23057589833562,1.3670509771495887,1.1789448367888504,58.153876761186275,51.22439510465845,0.9873149371523443,98.1438068504462
2019-10-22,57.90518270314261,58.15489658740651,57.53540962798938,57.61705017089844,82293600,70.96599293264055,1.4025911988430906,1.2236741091996985,58.4599367916016,51.453302496728476,0.9610415101712576,91.72518664203515
2019-10-23,58.13088486679717,58.40461130875165,57.91958597693626,58.39020156860352,75828800,73.8524013520107,1.4761280515669668,1.2741648976731523,58.92518150745002,51.51990287365349,0.9486500550056828,99.68985608390688
2019-10-24,58.70954952666312,58.77918378053314,58.06125044639696,58.48624801635742,69275200,74.1956003484545,1.5245822476635666,1.324248367671235,59.29824482834836,51.71566241347293,0.9321702892292895,94.04005731472431
2019-10-25,58.38540931615225,59.242603940499954,58.31817850890162,59.20658874511719,73477200,76.668972217092,1.6026338583222213,1.3799254658014324,59.70492982246619,51.97552481315393,0.9316170851127928,99.33038551093186
2019-10-28,59.40826995257686,59.84767357232296,59.24019296617757,59.799652099609375,96572800,78.49645588294155,1.6928316686459297,1.4425067063703318,60.25945935193598,52.02319331224859,0.9108647809765772,99.1529132546201
2019-10-29,59.780451077157984,59.9677374114046,58.24374175415912,58.41661834716797,142839600,65.59331135690894,1.6338804609424429,1.4807814572847542,60.46509794093906,52.266562520486715,0.9689455578529276,71.22486416788061
2019-10-30,58.76958279527963,58.89924482176762,57.91719144782321,58.40941619873047,124522000,65.5328999608422,1.568499366587801,1.4983250391453635,60.438975570719094,52.876153900106104,0.9698818304308906,62.78664667680911
2019-10-31,59.36505627876599,59.82846883850453,56.968745403896456,59.73002243041992,139162000,70.83674956834633,1.6047477314693595,1.5196095776101628,60.60257800128626,53.38342091533971,1.1048705164435464,94.01800449988758
2019-11-01,59.9173232023356,61.45163300835245,59.82608347432118,61.42522430419922,151125200,75.95230384621881,1.7500895032140065,1.5657055627309315,61.25813923715017,53.41962107779124,1.1489233779784738,99.51612349923236
2019-11-04,61.78777591806556,61.91263835908104,61.31956374708165,61.82859802246094,103272000,76.98674474368913,1.876195182211866,1.6278034866271185,61.87189985758076,53.53675874227275,1.1092198946942535,98.58009794216639
2019-11-05,61.72055217675484,61.994282334049466,61.5452757723623,61.73976516723633,79897600,76.2092621593563,1.9465284045744795,1.6915484702165906,62.22877378445492,53.965770054046054,1.0620617994794614,95.70329892150983
2019-11-06,61.65332181124007,61.82620208877956,61.31716775147133,61.76617431640625,75864400,76.28593581601427,1.9815568339425056,1.7495501429617737,62.53963980250997,54.3802801651414,1.022559837895802,96.02506506884144
2019-11-07,62.31284456311313,62.70058775080912,62.161119287475856,62.47901916503906,94940400,78.31725348568031,2.04328403195435,1.808296920760289,62.98337854157169,54.65972715606015,1.0162636662177356,96.13442637881691
2019-11-08,62.30082274800635,62.722278694428965,61.85769280629216,62.65003204345703,69986400,78.78671317198882,2.0820025616442166,1.8630380489370748,63.48894095832138,54.747503896414955,1.005429539211955,98.7443081090568
2019-11-11,62.20689431328376,63.21116685235938,62.20208031978908,63.14614486694336,81821200,80.13072285712852,2.1281870188400944,1.9160678429176787,64.00166646499028,54.88589418869624,1.0056907530232655,98.95838520431788
2019-11-12,62.989591152239775,63.28822775645039,62.83787320326432,63.08833312988281,87388800,79.49863946464309,2.1355068166059397,1.959955637655331,64.38753230355675,55.158568312898325,0.9660238816063227,96.83685125749592
2019-11-13,62.88843996330908,63.76747499464725,62.87399063618842,63.69281768798828,102734400,81.17109386416868,2.1651264312672893,2.000989796377723,64.76699360742477,55.52090617284866,0.9608424870957879,98.9018932778186
2019-11-14,63.51941032138736,63.79155153017044,63.12203917697569,63.25209045410156,89182800,76.28480642859554,2.1285011485264818,2.026492066807475,64.96739654809656,55.996379468138805,0.9400331918171422,92.09326681595917
2019-11-15,63.50257488601356,64.00832351523762,63.34122157477898,64.00350952148438,100206400,78.64513003636935,2.135491964876593,2.0482920464212984,65.23360265849321,56.4540583217314,0.9269046110542076,99.93161530879969
2019-11-18,64.01310132618642,64.40565840864545,63.63500091603317,64.32618713378906,86703200,79.58478857628316,2.142373673655243,2.067108371868087,65.57171674099611,56.77365259799315,0.9157441025940699,98.93139431904555
2019-11-19,64.51887757210454,64.54296223689062,63.91439437873861,64.13114166259766,76167200,77.36868492952618,2.107791628145698,2.0752450231236095,65.7511358917314,57.245642596427786,0.8952315137053509,94.56286262496444
2019-11-20,63.95049307445787,64.08053698493008,62.71261380730439,63.38453674316406,106234400,69.40209863977988,1.9971187883398613,2.05961977616686,65.81484811811109,57.68136388750415,0.9326098238187732,75.44084654201453
2019-11-21,63.50497200634929,63.58203998760828,62.900481512110325,63.10037612915039,121395200,66.59159479275493,1.8649820268231991,2.020692226298128,65.78135359096653,58.17627122592801,0.9146775846530008,55.27966476907409
2019-11-22,63.2400523607468,63.38214231017823,62.81859650494602,63.04497909545898,65325200,66.03020881215616,1.735783581046178,1.9637104972477384,65.76595075990048,58.57551309202824,0.8895967432658014,53.56235035422807
2019-11-25,63.26896758200509,64.16727351573608,63.22320891771047,64.1504135131836,84020400,71.2404252247411,1.7029615206000912,1.911560701918209,65.90506447317864,58.871475520107495,0.9062180059094662,87.83094442372699
2019-11-26,64.28768211784275,64.34066544148382,63.21838765861975,63.64947891235352,105207600,66.27937077297833,1.617878667243069,1.852824294983181,65.66547776115303,59.634348288651665,0.9216508471205097,66.72649253159058
2019-11-27,63.960142519969104,64.53814504778033,63.89512054291369,64.50442504882812,65235600,70.10566837501896,1.600981779719234,1.8024557919303916,65.32973978054959,60.57958715426488,0.9192947962852455,98.56486698789466
2019-11-29,64.20580352668654,64.54296680875088,64.0372182108502,64.36234283447266,46617600,68.71029467545446,1.5581644771839507,1.7535975289811037,65.0949865374316,61.27757243778814,0.8897557821149192,92.28394989975237
2019-12-02,64.36716714152493,64.60318515159148,63.447194470828975,63.61818313598633,94487200,61.775052448688434,1.447498130564128,1.6923776492977085,65.02187762304388,61.569977235354564,0.9087725605897464,47.899241222415604
2019-12-03,62.20929663764317,62.50311189277975,61.72281877405297,62.483848571777344,114430400,52.99435285868313,1.253809795405843,1.6046640785193356,64.9596240228355,61.697755890494584,0.9792434035428617,26.421284585842653
2019-12-04,62.87400131746364,63.41346255389857,62.7800733256157,63.03535461425781,67181600,56.25035249232409,1.131766028566247,1.5100844685287178,64.8525375667281,61.93440129130412,0.9756984448698875,45.56836416506523
2019-12-05,63.5290525797212,64.03480106846754,63.27377133913998,63.96013641357422,74424400,61.11438994252352,1.0970218416309407,1.4274719431491625,64.76345386712822,62.24288120062079,0.9773947312513049,77.67475891151075
2019-12-06,64.41774268897909,65.26546863947017,64.37438734550834,65.19562530517578,106075600,66.4767154131294,1.1558564575600272,1.3731488460313355,65.0148087044663,62.26318697729638,1.000818838011637,98.02850022023938
2019-12-09,65.02461117015103,65.21727374488681,63.79877771559981,64.28285217285156,128042400,59.90421910054206,1.1159659898824756,1.3217122748015635,65.04206182455776,62.399215870144396,1.0306529231027344,72.26323503740075
2019-12-10,64.68745273051618,65.04147593348435,64.02756829699055,64.65855407714844,90420400,61.587655988929654,1.1019657356074148,1.277762966962734,65.15191229218733,62.44060632353533,1.029456831202096,82.86834473126066
2019-12-11,64.73802401273718,65.28953113493121,64.6633667099047,65.21005249023438,78756800,63.97847041550955,1.1224330367422795,1.2466969809186432,65.35344963593568,62.45124091582215,1.0009939902435727,97.77165533255211
2019-12-12,64.48997619221315,65.64115256416365,64.3791955584024,65.37623596191406,137310400,64.69162074083115,1.1389342130162063,1.225144427338156,65.57521644900473,62.39781593014567,1.0196342056376921,93.2390496460971
2019-12-13,65.37623737672222,66.30103115854632,65.2485967405498,66.26490783691406,133587600,68.3052571887072,1.2097743814585726,1.2220704181622395,65.9831589605001,62.291155156931524,1.0219770779490371,99.21097322276677
2019-12-16,66.71043995432287,67.62319496321233,66.70562596191743,67.39921569824219,128186000,72.21423514094775,1.3419754324927524,1.246051421028342,66.65700656525087,61.95687816985656,1.0459992242596963,96.20398330903626
2019-12-17,67.32939453528536,67.85922045100963,67.14394921761478,67.53169250488281,114158400,72.6386659000433,1.4408265375935159,1.2850064443413767,67.2247217740501,61.7097134981667,1.0223757963407794,94.66254063261944
2019-12-18,67.38476487826064,67.89051335467951,67.22100094482415,67.37031555175781,116028400,71.21167230803587,1.4889809337896338,1.3258013422310282,67.6695574063979,61.58879525473492,0.9971712687346778,91.56576584457177
2019-12-19,67.31250658669452,67.71710235790785,67.18005200015853,67.43773651123047,98369200,71.46389661303931,1.5151186035446358,1.3636647944937499,68.05759016240874,61.60608247553069,0.964305489378581,92.65889648830424
2019-12-20,67.97001134578234,68.07115666009031,67.08615475855936,67.29808807373047,275978000,70.09403284286785,1.5071904796655673,1.3923699315281135,68.33859352355593,61.74485030884152,0.9657838045323216,87.8225040910292
2019-12-23,67.56057609253462,68.45647110065944,67.52204210459728,68.3962631225586,98572000,74.27077417836861,1.5714067343145217,1.4281772920853952,68.78744728188956,61.831124953217866,0.9795408918463682,98.93932771298107
2019-12-24,68.56246401614918,68.61063335694011,68.13619401362658,68.46131134033203,48478800,74.49797137613868,1.608999877302736,1.4643418091288634,69.22765239244708,61.82200962537519,0.9434622098083086,97.20206338275104
2019-12-26,68.59376902155901,69.8364629694818,68.56487035875298,69.8196029663086,93121200,78.72299427272654,1.7284707614619634,1.5171675995954834,69.88955553284273,61.77711889037504,0.9742971683326987,99.72075385740973
2019-12-27,70.11100606214161,70.7973786870116,69.38851010956454,69.79310607910156,146266000,78.44994971498552,1.8002619217358813,1.5737864640235633,70.46671821984881,61.72882430639629,1.0053379832694394,85.65038052587455
2019-12-30,69.71122313309827,70.4891130772608,68.69009788596185,70.20733642578125,144114400,79.63890310534629,1.869036768161564,1.6328365248511634,71.04292449947953,61.73711738589644,1.0620292124144044,91.28421289169198
2019-12-31,69.8243961101836,70.72751580123949,69.72565414200866,70.72029113769531,100805600,81.0343283147062,1.9425400947370974,1.6947772388283502,71.5875123987875,61.90274028675937,1.0577315300441488,98.79891944851698
2020-01-02,71.34406195339083,72.39409318664748,71.09119131937346,72.3338851928711,135480400,84.60790478663723,2.106710715746331,1.7771639342119465,72.25561506457566,62.219641283080584,1.1017365671090074,99.24879896701101
2020-01-03,71.56323596598364,72.38928806176136,71.4066966170151,71.63066864013672,146322800,77.73368241805613,2.1552292753987388,1.852777002449305,72.64210136461604,62.69268638562811,1.0932262012259542,89.31600411154517
2020-01-06,70.7539985575802,72.23992710936326,70.50353134989086,72.2013931274414,118387200,79.21002995864076,2.214209253881208,1.9250634527356856,73.1259587844516,63.03295463717927,1.1391668839578433,96.61244318384519
2020-01-07,72.211041164577,72.4663224088167,71.64268136784916,71.8618392944336,108872000,75.98214128256342,2.2080985693881416,1.981670476066177,73.53726243724013,63.28827238331651,1.1166293237442495,88.76460449417058
2020-01-08,71.56562867701548,73.31888511458335,71.56562867701548,73.0178451538086,132079200,79.1041523943559,2.270364471238153,2.0394092751005726,73.98089976255442,63.718134356097934,1.1621026890173654,95.17001468732238
2020-01-09,73.99319481949146,74.76144921222713,73.7427349209394,74.56878662109375,170108400,82.40809878617875,2.416997024536684,2.114926824987795,74.68224476099572,64.00781261205115,1.2036385011174493,97.48983452952326
2020-01-10,74.80241031619431,75.3009342510977,74.23645372460896,74.73738098144531,140644800,82.72780628180516,2.517785076242646,2.1954984752387654,75.30340096740156,64.33938925476642,1.193698645786827,93.13976388332425
2020-01-13,75.05287832688332,76.36059415429726,74.93486566437117,76.33409881591797,121532000,85.42870347559555,2.695430869061454,2.295484954003303,76.16222362025431,64.57635288731404,1.224378254862907,99.70022987667771
2020-01-14,76.27148630079421,76.48100893453174,75.18051779267843,75.30333709716797,161954400,77.05224154534898,2.7216688788162458,2.3807217389658915,76.6758563638422,64.96656306975154,1.2298148896479362,85.88738218251541
2020-01-15,75.10344798902688,75.98248317068368,74.54953007278792,74.98062133789062,121923600,74.5864117585175,2.685465847213777,2.441670560615469,77.10357063091386,65.29698936664472,1.244324761665638,81.04647130316923
2020-01-16,75.52248200660513,76.03064118697364,75.16123412136378,75.91985321044922,108829200,76.90310605025218,2.701422529128621,2.493620954318099,77.61670073713599,65.62267533097925,1.2304458393383078,92.79730290098061
2020-01-17,76.16790890123319,76.7627640392473,75.86205500785368,76.76036071777344,137816400,78.7683669935835,2.7501877929894363,2.5449343220523666,78.15532524844613,66.02305533627066,1.2068932101994014,99.97022890048679
2020-01-21,76.3894803308505,76.83019952815127,76.10288974668396,76.24016571044922,110843200,74.74510742430294,2.7155559872477966,2.579058655091453,78.45003192285054,66.60859158178812,1.1726372510042522,91.69498137272922
2020-01-22,76.72423213565071,77.06380603496487,76.4183782339569,76.5123062133789,101832400,75.45152645446024,2.679185513042924,2.599084026681747,78.62383706798182,67.35620825062169,1.1477088991122093,91.5933425342579
2020-01-23,76.56527863051073,76.96023911310208,76.01858552983758,76.88076782226562,104472000,76.4135020872601,2.6495510474882735,2.6091774308430526,78.86643795162108,67.96205783695315,1.1329906622659442,97.20990017208129
2020-01-24,77.12644008388187,77.86819933392093,76.46896614550444,76.65922546386719,146537600,74.52256709098214,2.578465952751415,2.603035135224725,78.93014207742294,68.7181451235048,1.1520079855624117,83.58413613926191
2020-01-27,74.67231858983212,75.08413897209654,73.42481144145889,74.40499877929688,161940000,58.625455561306666,2.3135639241713335,2.5451408930140467,78.80155544175189,69.30527134047468,1.3007512739085467,45.050984064263076
2020-01-28,75.28406920782065,76.68089158109271,75.18532722614749,76.50990295410156,162234000,65.93316994333784,2.2475667826850696,2.4856260709482516,78.80731201313473,69.97119445659182,1.3704042401862102,78.44853387988377
2020-01-29,78.13792264122904,78.95674973344263,77.39856685210137,78.1114273071289,216229200,70.24008171486122,2.2980032523298064,2.4481015072245627,79.03846703317976,70.53044852468156,1.447292992982986,84.71923615744824
2020-01-30,77.19626294921763,78.05121329496869,76.76517176985938,77.99822998046875,126743200,69.57058688898267,2.3023009474765246,2.418941395274955,79.1777542212709,71.11895522086778,1.440076031860596,82.67298544593562
2020-01-31,77.29019858022654,77.71165450707113,74.24608645041388,74.53990173339844,199588400,52.96174858397561,2.0035530029109196,2.335863716802148,79.07901478836182,71.43829630782959,1.605223710303044,20.157316171718925
2020-02-03,73.2851511845041,75.49839714349714,72.78422401879573,74.3351821899414,173788400,52.167797281682354,1.7303278063753567,2.21475653471679,78.84738385043104,71.94037860074084,1.6844343827600707,25.126799674003475
2020-02-04,75.93671379066781,76.9795201431656,75.53211792000401,76.78926086425781,136616400,59.92371012101292,1.6923106058285668,2.1102673489391455,78.78070225846383,72.46584696638968,1.752998923507508,64.88489526999386
2020-02-05,77.91396003658885,78.21259669148851,76.81336346644713,77.41544342041016,118826800,61.633195290038074,1.6931913437162933,2.026852147894575,78.61061616133554,73.19129347611562,1.7294515594877362,75.02956837627939
2020-02-06,77.68517600247516,78.32337929968051,77.12885469909907,78.32096862792969,105425600,64.0231270635991,1.7468213817641782,1.970845994668496,78.72134283392563,73.61087915093765,1.6912424909944297,89.69982248912646
2020-02-07,77.82124622907054,78.06989154294402,76.76631409771366,77.25636291503906,117684000,59.342853600580966,1.6840066096136752,1.913478117657532,78.78368796437304,73.81729164988478,1.6814862080816866,72.45233317750802
2020-02-10,75.84415588740227,77.62329864501953,75.7644959675757,77.62329864501953,109348800,60.41691685552791,1.6448730245982972,1.859757099045685,78.88048012932747,74.00909125128776,1.694151670178983,78.39699419544043
2020-02-11,78.11817322586252,78.19059132825674,76.93770658748598,77.15496826171875,94323200,58.29997773388315,1.558108127988504,1.799427304834249,78.94125501351874,74.03040331167657,1.6626326037926817,70.80965628950881
2020-02-12,77.60399867366895,78.99206907115294,77.60399867366895,78.98724365234375,113730400,63.66420936284655,1.6185381332815183,1.763249470523703,79.29855340087731,74.04149557983557,1.6750946184813609,99.92226901978879
2020-02-13,78.26060628866534,78.7506551305069,78.05782821966719,78.42475891113281,94747600,61.06714029861635,1.602568122365696,1.7311132008921017,79.45597785548034,74.22848488255676,1.621831819495304,90.86139948346953
2020-02-14,78.3933612458328,78.69270656111114,77.93711251400148,78.44406127929688,80113600,61.125745310364,1.573332911018909,1.6995571429174632,79.63783681841181,74.29904672651006,1.559957692896329,91.17233456643737
2020-02-18,76.12900862033511,77.18877358272158,75.94795598487916,77.00772094726562,152531200,54.54594968632693,1.417918255573582,1.6432293654486871,79.64843707002196,74.31318249784913,1.6268253787192855,68.03483161787636
2020-02-19,77.24913667748609,78.35235267875386,77.24913667748609,78.12301635742188,93984000,58.2995356816371,1.368965458464217,1.5883765840517934,79.76532281465836,74.38458181791,1.6066686896313533,86.00073445130411
2020-02-20,77.88401513292217,78.37164756799683,76.81700838375629,77.32154083251953,100566000,54.79750762939523,1.2510760119223505,1.520916469625905,79.79447263931041,74.43635545517202,1.6029522963891525,73.09004615057066
2020-02-21,76.91596913601705,77.35774159273006,74.95577422235982,75.57135009765625,129554000,48.01471308804473,1.0048388540224096,1.417700946505206,79.81574110828328,74.28414521373821,1.6600248016735162,44.896837072346216
2020-02-24,71.75960997813098,73.43011814732492,69.8211400810818,71.98169708251953,222195200,37.705894859995446,0.5141127621067341,1.2369833096255116,80.39307743921164,73.23905604467508,1.9521808884521548,23.558758374171823
2020-02-25,72.6503953158895,73.03180965186876,69.07279323243056,69.54352569580078,230673600,32.5880271441776,-0.0707160844840331,0.9754434308036027,81.311884470005,71.8341017055321,2.0955262835225867,4.74563336098189
2020-02-26,69.16934036398257,71.90927139616765,69.16209855410392,70.646728515625,198054800,36.769978256669795,-0.4401046586135209,0.692333812920178,81.71013871845301,70.84953001323643,2.142072466275526,15.867441421985593
2020-02-27,67.85851360418104,69.0413890764873,65.89348591735909,66.02867126464844,320605600,28.73417522708911,-1.0928882548485603,0.33528939936643043,82.70197712525994,68.64941600218147,2.3285846185605537,1.0320608397267461
2020-02-28,62.10346834390764,67.20915102510166,61.88861568726967,65.99005889892578,426510000,28.677742290606915,-1.5949540160607256,-0.05075928371900079,83.2278923062447,66.92268371304242,2.542295384222799,23.980205164419814
2020-03-02,68.14337454443714,72.76866613954134,67.04257525684778,72.13377380371094,341397200,46.63622944459725,-1.4800373520582184,-0.33661489738684436,83.21120656494418,66.69875666137418,2.844889088250853,59.90110819429816
2020-03-03,73.30700681770827,73.3866667341741,68.99311992366323,69.84286499023438,319475600,42.353726001580256,-1.5558869667830777,-0.580469311266091,83.29621568499755,66.16451582135011,2.9555074969837114,46.50668566419493
2020-03-04,71.5616724101691,73.24183913660247,70.76262721041282,73.08251190185547,219178400,49.42624396473912,-1.3391490256343985,-0.7322052541397526,83.08366930196745,66.00638730813996,2.987183686225453,66.38518580310448
2020-03-05,71.33956494467967,72.31242082695749,70.34740002247567,70.71192169189453,187572800,45.068886985728305,-1.3431860511628315,-0.8544014135443685,82.8001946056219,65.61950983163396,2.969178557165049,52.5068929397418
2020-03-06,68.07578380592835,70.20496434412061,67.88990577178768,69.7728500366211,226176800,43.435325295038396,-1.4059536983517802,-0.9647118705058508,82.36214828004992,65.20274429807509,2.9586669402323205,47.8324279562311
2020-03-09,63.670171942415024,67.13189718407227,63.489119320777824,64.2543716430664,286744800,35.3309533993107,-1.8793288641725496,-1.1476352692391907,82.53466593086087,63.730027520066855,3.1961714956331027,14.352674756170943
2020-03-10,66.9025682079639,69.14761776690831,65.02685833500999,68.88207244873047,285290000,44.65648562122855,-1.8596286721082294,-1.2900339498129985,82.03104418563314,63.35952664566568,3.317391111933732,42.428218376729106
2020-03-11,66.96292517997638,67.88749740945617,65.62795665733853,66.4897689819336,255598800,41.33784176991004,-2.013840722148643,-1.4347953042801274,81.64247847705069,62.681572426269625,3.312871446180747,29.744106569329677
2020-03-12,61.7848064103127,65.1789387030404,59.868062216126,59.923583984375,418474000,33.89282889798537,-2.6355106104796135,-1.6749383655200245,81.59050535611546,60.827179580407986,3.549216826154093,0.40939049750765
2020-03-13,63.94538103600016,67.57367559511492,61.06301877546382,67.10293579101562,370732000,45.4591745151669,-2.519827779320508,-1.8439162482801212,80.59346909752173,60.69203352698997,3.8421364536245095,53.51790242277345
2020-03-16,58.40757346412376,62.54281272853614,57.93683739697829,58.470340728759766,322423600,37.06225091278836,-3.0891171584006543,-2.092956430304228,80.28350920252193,59.00462136693609,4.222419449368283,3.4531341423756285
2020-03-17,59.74978379495811,62.187957132183904,57.55059758461941,61.04129409790039,324056000,40.58232515283916,-3.2948476891057936,-2.333334682064541,79.55459223395566,58.136895650565826,4.25205802781087,22.04269557246243
2020-03-18,57.88132191691277,60.35087884798524,57.24160039100893,59.54700469970703,300233600,39.209677458133825,-3.5376870290969578,-2.5742051514710247,78.45881634106165,57.37507037768835,4.219746290602341,14.279311460829444
2020-03-19,59.72081881991735,61.03646731467495,58.56691024737155,59.09075546264648,271857200,38.778392727106414,-3.7240262000909183,-2.8041693611950036,77.27246661052645,56.738341571236234,4.0947327746524165,11.453375491518905
2020-03-20,59.67012417482383,60.792652825729554,55.04000612907548,55.33934783935547,401693200,35.336689187801554,-4.126836971245112,-3.068702883205025,76.68531032075242,55.3022976351802,4.213155197652535,1.6315868959651498
2020-03-23,55.05930867623348,55.16069770044325,51.32479637531141,54.163700103759766,336752800,34.30900559492831,-4.4891838395616475,-3.35279907447635,76.63032594737474,53.57548231068189,4.198969216680501,12.952950630101922
2020-03-24,57.05813231967632,59.79323446043245,56.56084169108887,59.59769821166992,287531200,42.61612399369453,-4.2884337153659615,-3.5399260026542727,76.18444192499221,53.02678358465134,4.301152440965657,39.41800014298265
2020-03-25,60.53193331315153,62.34245973328567,58.97488132854125,59.26939392089844,303602000,42.26834641330456,-4.108469331110477,-3.653634668345514,75.48306989559676,52.590422154574135,4.234468581235569,42.07906178966111
2020-03-26,59.51079529315195,62.44625922344338,59.472169846872056,62.38832473754883,252087200,46.71701494117971,-3.671847832931249,-3.657277301262661,75.28344588645177,52.42601151100916,4.158925489900524,62.07506723628868
2020-03-27,61.01473571142301,61.767913466106,59.63873647362711,59.80530548095703,204216800,43.71279831420805,-3.4939738610040507,-3.6246166132109394,75.06526462973818,52.025717425925876,4.058258545187751,47.58230427896231
2020-03-30,60.52951361729588,61.68342202785463,60.20603013475776,61.51202392578125,167976400,46.17573468661329,-3.1786480656220704,-3.535422903693166,73.82458326007453,52.204223807796566,3.902534116738455,61.507042416985044
2020-03-31,61.70274302705608,63.3660094986333,60.8336888557072,61.38650131225586,197002000,46.01625712024257,-2.90538723139467,-3.409415769233467,72.9283527117641,52.25481798830914,3.804661725751858,61.922455086512244
2020-04-01,59.50596949204973,60.04188561745125,57.726826674200176,58.156524658203125,176218400,41.99682804978021,-2.915846114515361,-3.310701838289846,71.09051322020372,52.60005875550429,3.7943055052021313,42.044304659274395
2020-04-02,58.01891951220774,59.18006982201146,57.1884908369524,59.12696075439453,165934000,43.591066249377384,-2.813397674933505,-3.211241005618578,69.5766408529854,52.9554350289726,3.6655393251919124,64.79550107764133
2020-04-03,58.61277624472143,59.31284498948773,57.68820030765842,58.277225494384766,129880000,42.4898118505447,-2.7688554404478367,-3.12276389258443,68.06152061322777,53.32099281450661,3.5197611363802976,57.73861028676275
2020-04-06,60.56812804276326,63.515662294826,60.20119742720632,63.36116790771485,201820400,50.54063627119213,-2.2968471104803356,-2.9575805361636114,67.93633696552608,53.35685608867314,3.642523683813222,98.73270374613963
2020-04-07,65.37205652922795,65.5893255452028,62.52349853876049,62.62730026245117,202887200,49.46419991529487,-1.959407266846135,-2.7579458823001164,66.60090648460432,54.06680935096696,3.601331064001014,79.23502943929148
2020-04-08,63.42632430724807,64.54402318125445,63.06181019807724,64.2302017211914,168895200,51.875163685145495,-1.5448351104030777,-2.5153237279207086,66.08946651018029,54.35229259931678,3.481001910772604,90.47200361242811
2020-04-09,64.86512738575412,65.19584902236409,63.89951332637289,64.6937255859375,161834800,52.57970385272281,-1.1654466440887035,-2.2453483111543076,66.65567993208046,54.263093337572855,3.3249543240025035,93.72148951711866
2020-04-13,64.7709597033301,66.07212784753266,64.17227648943236,65.96349334716797,131022800,54.54294942837971,-0.7536315098230091,-1.947004950888048,66.3577795299958,54.447049495272765,3.2231612550094884,98.85783585334474
2020-04-14,67.59298426311395,69.58456326372355,67.12224446160415,69.29487609863281,194994800,59.30345252899071,-0.1566446009814868,-1.588932880906736,68.02140044154328,53.86588212071258,3.251583302262781,97.66307298701226
2020-04-15,68.17232015652947,69.12103377089443,67.74503878145335,68.66236877441406,131154400,58.06020985321003,0.2624088840818217,-1.2186645279090245,69.2002385592731,53.44915147063412,3.130030017613973,92.56059131021311
2020-04-16,69.37453102131897,69.57248363661981,68.16027185080422,69.20796203613281,157125200,58.86136012250385,0.6312598361735695,-0.8486796550925058,70.37861024929528,53.23687551425452,3.0073287153426596,96.96193104860042
2020-04-17,68.72517714348913,69.27075152318855,66.83498322406335,68.2689208984375,215250000,56.8485293302166,0.8381425160170721,-0.5113152208705902,71.20016887868775,53.333133428441165,2.9665029713271265,89.38661924526411
2020-04-20,67.09812692651032,67.99855755048588,66.83258151937916,66.85189056396484,130015200,53.855661413291756,0.8776391471500062,-0.23352434726647095,71.37082746280976,54.31372911678008,2.8572055718793563,77.9553345150106
2020-04-21,66.69497200558625,66.92913374203486,64.07574203406564,64.78546905517578,180991600,49.74298439602354,0.7337394740071659,-0.04007158301174357,70.88915908583472,55.857574388896715,2.8569331530286326,61.285364885547
2020-04-22,66.05039726124157,67.08602016909022,65.71002486509416,66.65149688720703,116862400,53.21724893779597,0.7614927825158873,0.12024129009378262,71.15737801211579,56.294735330169374,2.81719157880619,76.33874443826151
2020-04-23,66.59597413685326,68.01542772017612,66.35457066668404,66.39319610595703,124814400,52.67442588222384,0.7539536566892195,0.24698376341287004,71.29380055359138,56.870693007199634,2.7345962555694676,73.1735895285587
2020-04-24,66.91705617630512,68.31960998543786,66.86877252729914,68.30995178222656,126161200,56.24136239256055,0.8923584564227127,0.3760587020148386,71.780770780908,56.97588548435078,2.676868942991708,86.41626572272621
2020-04-27,68.02748643097968,68.68893686603447,67.58089596071159,68.35821533203125,117087600,56.330613531107105,0.9944760219371034,0.4997421659992916,72.08320703697723,57.52874021338897,2.564809797443935,82.63225194131444
2020-04-28,68.81932926175669,69.00038194653797,67.15847882168735,67.25020599365234,112004800,53.62642088140824,0.9747613921767027,0.5947460112347739,72.27515519835158,57.910610258801725,2.513173606544412,64.21208580828122
2020-04-29,68.73481966758834,69.92735352024151,68.53204161617626,69.45903015136719,137280800,57.95919977219933,1.1244095621573251,0.7006787214192842,72.70902203600342,58.28399630506103,2.524886029404752,92.23066050505635
2020-04-30,69.99735081766806,71.10056648651737,69.60869475205328,70.9243392944336,183064000,60.58981416998751,1.345732253045938,0.829689427744615,72.85535941667261,59.41444038801488,2.461789622672282,97.49136518248129
2020-05-01,69.1017567929507,72.17965163700352,69.00519685948858,69.78251647949219,240616800,57.5669834193347,1.412711660920067,0.9462938743797054,72.70351083825324,60.63184453894402,2.5126942765896145,70.42001607912425
2020-05-04,69.8066465413913,70.8977876030395,69.11864515995262,70.76984405517578,133568000,59.45082122342855,1.5278503009224806,1.0626051596882604,72.14103918409813,62.44357804917822,2.460297717053705,82.60336490776447
2020-05-05,71.2285148811078,72.66245223551824,71.08367131021836,71.83202362060547,147751200,61.4344503859169,1.6853795106917318,1.1871600298889549,72.59849022222659,62.83321258233883,2.4197484644314735,90.3289083312455
2020-05-06,72.5321011645588,73.20320267035598,72.14827044329485,72.5731430053711,142333600,62.80178690623163,1.8487138623077328,1.3194707963727106,72.93698471484198,63.489302364015444,2.344850649097119,93.0970979761907
2020-05-07,73.19836352852457,73.66910326152602,72.89660917840814,73.32389068603516,115215200,64.1869708671829,2.0155031110364092,1.4586772593054504,73.52615475854114,63.80950121680067,2.2556441924583908,96.40154720221821
2020-05-08,73.98231154076618,75.122398042806,73.65553308459083,75.06914520263672,133838400,67.24095041565192,2.262432334458282,1.6194282743360169,74.45650890253418,63.91668903447754,2.2229915613378517,99.51792795822425
2020-05-11,74.57774424961227,76.7441494175839,74.36957144120983,76.25035858154297,145946400,69.15795231333749,2.5243405444655735,1.8004107283619284,75.61495905188384,63.78692540856539,2.2338191624118675,95.52487527495319
2020-05-12,76.93296900656856,77.38319884408511,75.25793879153254,75.37896728515625,162301200,66.0856228832125,2.631259174879574,1.9665804176654578,76.43465682466942,63.57563675443214,2.2260649402790613,81.82700942773857
2020-05-13,75.55807493186354,76.47789576756719,73.39408522317618,74.46881866455078,200622400,62.94048616301189,2.6124370247011655,2.0957517390725995,76.9886538369235,63.60228473119173,2.287332483429915,72.28208090743276
2020-05-14,73.70876155896555,74.98682191354754,72.98742921457588,74.92630767822266,158929200,63.87124793855028,2.6044138138320676,2.1974841540244934,77.56137202540494,63.60140110691928,2.266765355968611,75.97106658685504
2020-05-15,72.70182424718615,74.52935171327063,72.6679327201148,74.48336029052734,166348400,62.24130035657007,2.5331130585619803,2.264609934931991,77.99092792518074,63.79328914635245,2.2661660418356995,71.63894417445633
2020-05-18,75.80498930633232,76.61103581678174,75.11512542110488,76.23826599121094,135178400,65.94884513963066,2.5883757357290023,2.3293630950913933,78.57575093275334,64.14710368150448,2.2562738621513208,87.06459705332028
2020-05-19,76.25520568719914,77.09998213452099,75.76625327530091,75.79772186279297,101729600,64.24347476254025,2.567032424282587,2.376896960929632,78.68030501931666,65.14377487570287,2.1903777905133746,81.07571489948151
2020-05-20,76.65460086911052,77.34204178986873,76.61587086677298,77.2718505859375,111504800,67.29139897461978,2.6386508399610875,2.429247736735923,79.13962970992063,65.74648555497194,2.144230800267831,98.67094495379285
2020-05-21,77.1338698714014,77.67365953830173,76.45852890117943,76.69574737548828,102688800,64.96089200598325,2.6187350879928886,2.4671452069873165,79.26919122089988,66.64717917094582,2.077866502900293,88.5691347838253
2020-05-22,76.43433589476804,77.27185842972254,76.33267609193112,77.18955993652344,81803200,66.04637619474354,2.6126808987215497,2.496252345334163,79.58436198140636,67.21996922586904,1.996531919678231,92.65401416477049
2020-05-26,78.30545637185098,78.48457622660662,76.61105700677228,76.66673278808594,125522000,63.79304778070191,2.5364564377507435,2.5042931638174792,79.68107820088252,67.95410475199833,1.98774529826081,71.3106737476524
2020-05-27,76.52388732434491,77.14596806852482,75.78560919845494,77.000732421875,112945200,64.62340333041578,2.4744747774319933,2.4983294865403822,79.44639471510021,69.16384088060292,1.9429319819614586,74.48968974846855
2020-05-28,76.67639044487011,78.29091382648822,76.4004493161322,77.03463745117188,133560800,64.71187485786481,2.400419179491621,2.47874742513063,79.42235628151782,69.94544004416578,1.9391843054182134,75.0725865558633
2020-05-29,77.27668877080987,77.73659554294788,76.60377068012559,76.9595947265625,153532400,64.3284153754424,2.3090568933359634,2.444809318771697,79.47834450560735,70.49297736328914,1.8815872023756475,73.78244861762414
2020-06-01,76.91361639836452,78.0270801430567,76.78290354210658,77.90605163574219,80791200,66.98556666311944,2.286663551999453,2.413180165417248,79.33969135009605,71.44398403442543,1.836057873702395,90.05397889317516
2020-06-02,77.63977407114822,78.29090791932163,77.19922860751555,78.2667007446289,87642800,67.96480838034921,2.2718297969375953,2.3849100917213173,79.26474690298083,72.26861415048596,1.7828879764240866,96.25427479379563
2020-06-03,78.58621903033732,78.95898884323296,78.01496072344597,78.69756317138672,104491200,69.14237895219402,2.2686889026910393,2.3616658539152615,79.31767816449636,72.90223684404856,1.722969415235723,95.84448673275125
2020-06-04,78.52087329742372,78.81859867793425,77.64704369151033,78.01981353759766,87560400,65.08930433290344,2.1863085856692095,2.326594400266051,79.23038082417881,73.53420123758877,1.6835826703205938,85.07126168873214
2020-06-05,78.26913445919533,80.3024118345787,78.24008880036028,80.24189758300781,137250400,71.07585524922905,2.2741106704207823,2.316097654296997,79.69040898677954,73.7659737646853,1.7263695007963407,98.83341217840392
2020-06-08,79.93932296340279,80.75021537775042,79.23009773769596,80.71632385253906,95654400,72.1730329731807,2.3548316566654535,2.3238444547706885,80.35839227441193,73.66270834204315,1.711637225029064,99.31998830419072
2020-06-09,80.3968056767083,83.65730597576551,80.36533708864444,83.26517486572266,147712400,77.18111355243448,2.5945660525622145,2.3779887743289936,81.69767992356083,73.02490232131223,1.824518058035636,95.018467794985
2020-06-10,84.21161714524366,85.87454732273147,83.77349462695621,85.40737915039062,166651600,80.37751017771582,2.923712532995438,2.4871335260622827,83.3897123250466,72.33571110634988,1.8805790865337202,95.36950106556087
2020-06-11,84.55291522831224,84.97651490391192,81.20527075656385,81.30693054199219,201662400,62.36860152182326,2.8211708547960086,2.553940991809028,83.69351307279997,72.71572154634065,2.0464026084832243,54.726486331119
2020-06-12,83.44187634114364,84.18740853476542,80.90027823694467,82.00889587402344,200146000,63.86137346378188,2.7646790723824637,2.5960886079237153,84.07093336929213,73.04656006942858,2.1350260148644766,61.684258530575185
2020-06-15,80.665491974399,83.67425858934295,80.50331054070764,83.02312469482422,138808800,65.96228820720259,2.769819957080955,2.6308348777551633,84.49172163850871,73.47974824064168,2.2090204458481075,71.7371383114541
2020-06-16,85.07332981023045,85.49451390772815,83.44186840333514,85.22340393066406,165428800,70.03247382469618,2.917803666674317,2.688228635538994,85.44066930641921,73.4293143666765,2.2277610720663805,93.12711994731477
2020-06-17,85.96654258564811,86.02705683600927,84.98379175074255,85.10482025146484,114406400,69.54976931498106,2.991034328936138,2.7487897742184226,86.15645764247304,73.64423586948985,2.143154215866404,90.21321681960598
2020-06-18,85.06123476532262,85.55503301794639,84.53112944713651,85.1386947631836,96820400,69.61419890765397,3.0170251583788286,2.802436851050504,86.83661318036155,73.75076474932595,2.063207741219509,90.39001145284314
2020-06-19,85.84307640546994,86.30782159170373,83.5459510308644,84.65215301513672,264476000,67.40803282966817,2.9641938436150497,2.8347882495634136,87.2806970058862,74.10232148776615,2.1131122283352104,81.82300406395233
2020-06-22,85.04430780115948,87.0098095125726,84.99831637895207,86.86699676513672,135445200,71.79071622404386,3.0657044933743123,2.8809714983255934,88.09481193993497,74.25595023657871,2.1305796761281157,98.47467350817838
2020-06-23,88.10874933547481,90.13718820813904,87.68998805980996,88.72115325927734,212155600,74.84081603398394,3.25820874564279,2.956418947789033,89.13041361723661,74.4257906063962,2.21198051661913,88.662781707798
2020-06-24,88.35079128217394,89.26818923809188,86.78225950639512,87.155029296875,192623200,68.13914504402317,3.246967615853606,3.0145286814019476,89.6514683726904,74.9201655384424,2.2315483176961037,74.93373124785194
2020-06-25,87.30996064055707,88.35080275936323,86.55232106785238,88.31207275390625,137522400,70.2580990556591,3.2934577458861867,3.0703144942987954,90.2493010036121,75.45007643779415,2.2006149872543004,83.26670655956661
2020-06-26,88.20799170182455,88.42826445687878,85.45095894340278,85.59861755371094,205256800,60.15422528457582,3.0758913902450047,3.0714298734880376,90.22827116835077,76.33500855577032,2.2560928819844217,53.554647948189015
2020-06-29,85.5066347136651,87.66578639039905,85.02978213117639,87.57138061523438,130646000,64.18670967888893,3.02775193828019,3.0626942864464684,90.47779271881272,77.0520199032576,2.2832294089300103,73.3668240195875
2020-06-30,87.15987418081895,88.58801627360432,87.14051287267962,88.30238342285156,140223200,65.5768844286226,3.0138451621258753,3.05292446158235,90.74533871829844,77.78804217159414,2.2235346940724883,80.95465970581839
2020-07-01,88.37985592496987,88.92206127344404,88.08696900587378,88.1353759765625,110737200,64.95651645063072,2.955281194641472,3.0333958081941748,90.87508326071614,78.60207890969403,2.124360235036615,79.22111634919415
2020-07-02,89.04067423366814,89.67486242954287,88.02161627129679,88.1353759765625,114041600,64.95651645063072,2.8757193261606346,3.001860511787467,90.67621995288962,79.81249846141702,2.0907092295515763,79.22111634919415
2020-07-06,89.56109054157537,90.96017971455592,89.52962194946613,90.49301147460938,118655600,69.65629499217879,2.968686285728822,2.995225666575738,91.13560070361126,80.37822909985553,2.143144551583137,93.78626102846638
2020-07-07,90.87062222466152,91.64762315168352,90.10088271239697,90.21222686767578,112424400,68.47840408313161,2.9852936924074385,2.993239271742078,91.40964659380188,81.05377351117858,2.1005442578476665,82.28271568385055
2020-07-08,91.18772968265075,92.34476205459154,91.10058530579188,92.31329345703124,117092000,72.25867637273672,3.1318912039998708,3.0209696581936365,92.33061989552151,81.03761206858981,2.102829324209673,99.64235397856089
2020-07-09,93.20402645939578,93.25727928434208,91.66454778966232,92.71023559570312,125642800,72.91943772702953,3.2427206363495316,3.065319853824816,93.26404178584534,80.83447582279723,2.066393764957536,94.3669529609088
2020-07-10,92.30602397781524,92.93053523193312,91.6960429410668,92.8724365234375,90257200,73.20034147139032,3.3055378367122756,3.113363450402308,93.74409960177702,81.51096860501009,2.0069722310938776,95.34030161761088
2020-07-13,94.1746987408597,96.7792345052281,92.230981266241,92.4439926147461,191649200,71.10232461654698,3.2829057834631072,3.1472719170144683,94.02328854521258,82.27528933564679,2.188492303086251,63.10260467920828
2020-07-14,91.82674120591236,94.16501274371473,90.89482765300735,93.97379302978516,170989200,73.97098469545516,3.349797446835524,3.18777702297868,94.60034173767542,82.79330297668005,2.265756073630617,76.12278950431192
2020-07-15,95.84488685944432,96.09420527190387,93.42431687945134,94.62007904052734,153198000,75.09575595199422,3.415586694530276,3.2333389572889994,95.39309006927485,82.94022215606694,2.2946226678321824,81.62335234049559
2020-07-16,93.49451766571708,94.31024858615012,92.8579065641584,93.4557876586914,110577600,69.28704061893639,3.3353289670275217,3.2537369592367043,95.78372034103322,83.38468862503123,2.256590511299094,71.71402767777992
2020-07-17,93.90601706451432,94.06092970486094,92.79496892260524,93.26698303222656,92186800,68.36356583740863,3.2193781964509185,3.2468652066795474,96.02662197997445,83.9546158129943,2.1858312449388517,70.10710489998466
2020-07-20,93.35412562962276,95.37045717183656,93.01040144233043,95.23248291015624,90318000,72.47625285207238,3.2486375180681932,3.247219668957277,96.43907853984453,84.60019224262618,2.1982758509793716,83.95273093219411
2020-07-21,96.0216051786718,96.0966422680727,93.66881051834147,93.91812896728516,103433200,66.27196452565059,3.1296912302393736,3.2237139812136966,96.71506711440776,85.02931688827778,2.2146727008902185,67.33009522089442
2020-07-22,93.62038702393836,94.86214066616996,93.53325004616464,94.18196105957033,89001600,66.88477187423103,3.0218801319775537,3.1833472113664683,97.0746014532924,85.21586332942245,2.1514025522555835,70.34269619570004
2020-07-23,93.91566549865868,93.99312548879988,89.08663419834281,89.89510345458984,197004400,50.74993641829851,2.5610038200420604,3.058878533101587,96.94399023134632,85.62048196714001,2.361682860039293,10.509700543305396
2020-07-24,88.09664593771886,90.01615612762265,86.31267968652797,89.67243194580078,185438800,50.07422416090821,2.1529701923824405,2.877696864957758,96.89320604751586,85.80730207015992,2.4575252586861067,32.099886901371676
2020-07-27,90.73264205708286,91.88967418415685,90.50995376100629,91.79769134521484,121214000,56.08427722619184,1.9782868157661113,2.6978148551194288,96.49730031580594,86.82311518102023,2.4403621858053897,52.405129994513985
2020-07-28,91.3692525913136,91.54595685387366,90.28483461346656,90.28968048095705,103625600,51.359797447149774,1.6985848783536568,2.4979688597662744,96.29005634529084,87.30218913810761,2.3741117962298826,37.997228919334006
2020-07-29,90.7713632677891,92.20434377285328,90.73505619988047,92.02037811279295,90329200,55.94644376377006,1.59814944071708,2.3180049759564354,96.16422129793835,87.79982365445423,2.3412940459203364,54.53273331227664
2020-07-30,91.1949712384762,93.23793283077006,90.7883172670131,93.13385009765624,158130000,58.64814693192312,1.590072154287597,2.172418411622668,96.02562565089103,88.43826671361093,2.349031297194381,65.1711143665075
2020-07-31,99.61613418906327,103.03397765297316,97.62157959922048,102.88390350341795,374336800,73.80010132434863,2.343405353649615,2.2066158000280574,98.66643316149784,87.27231195568966,2.8883953156317057,99.10249700796932
2020-08-03,104.76224738585148,108.09053052398436,104.46452205826068,105.476318359375,308151200,76.28795523710312,3.1137205228141482,2.3880367445852757,101.57561285706109,85.86146294860296,3.053983294555613,87.99600482104005
2020-08-04,105.66514250286652,107.26998160372126,104.9438099795325,106.18072509765624,173071600,76.92901006668157,3.737951799454791,2.6580197555591787,103.95927490061601,85.0746507280461,3.0019967466722663,91.23051470697288
2020-08-05,105.9023409518437,106.88509160009556,105.43758834706335,106.5655746459961,121776800,77.29024585136013,4.215124395557012,2.9694406835587457,106.02580902129687,84.43334472626172,2.8909614971265483,92.9976750719339
2020-08-06,106.89720218347466,110.77737527223312,106.30900549573542,110.28357696533205,202428800,80.47149001375263,4.837534741104818,3.34305949506796,108.7447675123776,83.47172037214388,3.00363351708163,97.98158818215748
2020-08-07,109.8058680042368,110.26175680038186,106.98082124977309,107.77619934082033,198045600,73.04055586436162,5.0700308453068175,3.6884537651157316,110.41073995073819,83.29612421552159,3.0249993884014392,87.7326250764126
2020-08-10,109.21903838608284,110.3587604567114,106.69710821737102,109.34271240234376,212403600,74.61756295279837,5.319371788318165,4.014637369756218,112.17385343933721,83.22288270568232,3.0704745920399343,94.13578286775154
2020-08-11,108.60796447088038,109.10507306907006,105.83141158748523,106.09088134765624,187902400,65.9883951285369,5.194699431177412,4.2506497820404565,113.13331262079504,83.47513235601161,3.10196217938412,80.8438494231041
2020-08-12,107.17966637873178,109.87377217439806,106.98567459916234,109.61672973632812,165598000,70.03476752244725,5.319087063497619,4.464337238331889,114.59814527213614,83.50996477425058,3.15059993990967,95.25583495678907
2020-08-13,110.99409224252037,112.55817781440562,110.50667808377884,111.55667877197266,210082000,72.00802448561548,5.510679153617602,4.673605621389032,116.22195304171903,83.6962461159958,3.135660521207372,95.50359803017473
2020-08-14,111.38205726105852,111.54695097773372,109.65065103503774,111.4572296142578,165565200,71.74718919163341,5.59005388795525,4.856895274702276,117.5839388171507,84.15328499876726,3.047829608045054,95.0571039550928
2020-08-17,112.57755783182,112.60180865121056,110.54061480830164,111.16624450683594,119561600,70.93750491600719,5.565325265115419,4.998581272784905,118.76403049847892,84.56656947710701,2.9773556248210444,93.43494582668446
2020-08-18,110.91890789561272,112.51693852673742,110.58426581680664,112.0925750732422,105633600,72.02003001298021,5.556423793656606,5.110149776959245,119.86980919376798,85.27823539241366,2.9027354166145973,97.6655109033244
2020-08-19,112.49995954797272,113.64452867430332,112.13864675565404,112.23321533203124,145538000,72.1894028400791,5.497347803401027,5.187589382247602,120.81237755651141,86.14079245691632,2.80625100121792,91.19192518394256
2020-08-20,112.27444791147464,114.83760501028006,112.25747159683876,114.7236328125,126907200,75.06752407198637,5.5870811393532875,5.267487733668739,121.50605697388185,87.92996597533688,2.7918323352915557,98.90126977382486
2020-08-21,115.6814669811538,121.11817195845911,115.66934527196244,120.63561248779295,338054800,80.28386541511283,6.065325508976244,5.427055288730241,122.9224313552468,89.60990964817117,3.0491685360535246,97.01651619213864
2020-08-24,124.83318239328597,124.91806397068724,120.2161130032418,122.07846069335938,345937600,81.31151956245878,6.4859968746921055,5.638843605922615,124.40386208646045,91.15655585177198,3.16722442401009,85.42333702630806
2020-08-25,120.95329871627834,121.42130925505194,119.35768781992572,121.07696533203124,211495600,78.26228583137137,6.661776840378451,5.843430252813783,124.78522310624227,93.85392331709757,3.1353350275403455,79.87547233774465
2020-08-26,122.39125785191554,123.17936132920332,121.3267083719839,122.72347259521484,163022400,79.61570909944865,6.854923810667259,6.0457289643844785,125.14055763715243,96.56889823442961,3.061553668228327,88.5019576434271
2020-08-27,123.32486169573068,123.657076446734,120.11424426928406,121.2563934326172,155552400,75.12730299554624,6.811099038684404,6.198802979244464,124.6069576649705,99.91475254010764,3.095930704601299,80.81554342503432
2020-08-28,122.22878715620412,122.64587607239328,120.8368775011556,121.05997467041016,187630000,74.52155859149133,6.683475295687757,6.295737442533123,125.28318729638255,101.0561300253948,3.004006980789612,79.78645378551266
2020-08-31,123.74924435405828,127.06655257654673,122.21668415759454,125.16539764404295,225702700,78.43531928003046,6.834818351969503,6.403553624420399,126.82260451905947,101.48562073118467,3.218476332600109,90.53251090592302
2020-09-01,128.7737011544299,130.75245576113278,126.61066398001222,130.15106201171875,151948100,82.04284028484523,7.2732191193898075,6.577486723414281,129.31445253865525,101.39080640299512,3.387660745777946,97.15003642001136
2020-09-02,133.45865994566697,133.8369490459464,123.18664339139956,127.45452117919922,200119000,74.7584261030667,7.31870114575014,6.725729607881453,130.71199678076024,102.08215681421045,3.9064210964042956,73.6113899536484
2020-09-03,123.09936731503696,124.97140947448622,116.88183227033254,117.25041961669922,257599600,54.89550277760139,6.456928806479738,6.671969447601111,130.7700732070486,102.72076465305884,4.382583083008752,28.801976911694304
2020-09-04,116.46472703859588,119.98572845730746,107.56036930998825,117.3280029296875,332607200,54.99341509023647,5.71435679576291,6.480446917233471,130.5970811385789,103.84893708041525,4.957067087602357,37.172393507259805
2020-09-08,110.5284708911439,115.41713793284842,109.2966078744316,109.43240356445312,231366600,44.42428241794017,4.437600350302105,6.071877603847198,130.5904953700727,103.8644919651324,5.176661942434753,7.12434522786501
2020-09-09,113.73911382379356,115.56266164657546,111.79916649731042,113.79730987548828,176940500,50.13038035605545,3.7349193041655155,5.604485943910861,130.03502943788308,105.19060075010519,5.2447759524124375,23.735739689762976
2020-09-10,116.74601127102618,116.88180696925608,109.12201895469966,110.08229064941406,182274400,45.81850788840411,2.8454677279993916,5.052682300728567,129.99680997920336,105.27537630009351,5.424419671137008,9.597601228042233
2020-09-11,111.12987875287996,111.77006490232608,106.69709954942977,108.63704681396484,180860300,44.224846732406064,2.000886868312051,4.442323214245264,130.21668644725275,104.76353663624334,5.399315791262673,7.147966184499543
2020-09-14,111.27538896641066,112.4490563072492,109.41304115616995,111.89617156982422,140150100,48.56917910375331,1.576363248018012,3.8691312209998143,130.19627164938265,104.8278456296701,5.285936769978507,19.156598569427395
2020-09-15,114.77699015613864,115.26197700807842,110.1987130897774,112.07076263427734,184642000,48.79925138250883,1.2397225107865495,3.3432494789571616,130.1523664685766,104.96220262322028,5.270031566287258,19.799900089855996
2020-09-16,111.77006975767836,112.51694623083202,108.6758513682307,108.76314544677734,154679000,44.71793305195641,0.6979892514367094,2.8141974334530717,130.37210323504667,104.40952289410374,5.167964658881121,7.612591579082828
2020-09-17,106.42552224944929,108.83105303274591,105.44584667867372,107.0269012451172,178011000,42.699162687627435,0.12709625721039686,2.276777198204537,130.74083064312487,103.52016407733412,5.040624779966198,5.5688382437239055
2020-09-18,107.08508422800398,107.55066740012516,102.90449308489,103.63197326660156,287104900,38.99244034341556,-0.5924534346400776,1.702931071635614,131.44489642093714,101.706932344932,5.012449746771123,2.351834534663026
2020-09-21,101.40104892896449,106.88140167582652,100.0042844680874,106.7747039794922,195713800,43.85168445301579,-0.8987494219887537,1.1825949729107406,131.239251583624,100.52648633141509,5.145640279697409,20.011487702436366
2020-09-22,109.29661551959238,109.47121104759135,105.88231201688096,108.4527359008789,183055400,46.31064186672777,-0.9946226557041484,0.7471514471877627,130.6095527432321,99.79361269255892,5.034444476198336,24.97128599891714
2020-09-23,108.2684611226227,108.74374613747926,103.56408301527632,103.90357971191406,150718700,41.060684533464595,-1.4212979318862864,0.3134615713729529,130.27735021824796,98.40847665553135,5.044817236627236,15.617718270835379
2020-09-24,102.01212050333626,106.93958810787352,101.84722676940336,104.97054290771484,167743300,42.701359551355246,-1.6542766775846474,-0.08008607841856713,129.4019151118993,97.50861879312998,5.04821324390173,24.85435207939288
2020-09-25,105.17424837255976,109.06384497371614,104.4370662899755,108.9086456298828,149981400,48.40967572518158,-1.5038070825305283,-0.36483027924095934,128.465755385434,97.21000373932188,5.018110775318796,52.758698210467905
2020-09-28,111.55668799010066,111.85737749779037,109.39364317586228,111.50818634033205,137672400,51.82168039746122,-1.1614096270815821,-0.524146148809084,127.50658231749271,97.21399797425532,4.870297996217994,68.16108152987537
2020-09-29,111.11049343812664,111.84766814275456,110.1599159291002,110.66429901123048,99382200,50.650568982393615,-0.947232722403669,-0.608763463528001,125.53782721727465,97.73264321119215,4.64297329746345,63.161015145468966
2020-09-30,110.37329816208845,113.73910777869786,110.2084044241761,112.3326416015625,142675200,52.915973549831754,-0.6355484711064179,-0.6141204650436844,121.60094480696281,99.88768358048836,4.563525444396187,80.80092780190704
2020-10-01,114.10768678427674,114.18528644364022,112.35203704296524,113.28321075439452,116120400,54.20587505658421,-0.30827981221619893,-0.5529523344781874,117.67276669874776,102.39873064622294,4.369891115659153,87.03102550731391
2020-10-02,109.50032515653432,111.90586307346008,108.8504445847348,109.6264190673828,144712000,48.68075810222048,-0.34006946119812653,-0.5103757598221752,116.49481664927121,102.81428064076785,4.374382190944908,63.06415320714714
2020-10-05,110.4896945754234,113.14742012517608,110.1405034929378,113.00192260742188,106243800,53.40228794792098,-0.09182950821846703,-0.4266665095014336,115.48431823075282,103.39217102705967,4.313426395719792,91.65528755825298
2020-10-06,112.22594105943094,112.63333559022072,108.8795351442964,109.76221466064452,161498200,48.765013177313065,-0.15473126721414587,-0.3722794610439761,115.50254056540884,103.40692980202282,4.2997807576773415,68.80987823976888
2020-10-07,111.17839334850784,112.080469227634,110.70310088509402,111.62458038330078,96849000,51.37881294561005,-0.05368516584829308,-0.3085606020048395,115.13810768254187,103.55408973567101,4.158243172628208,81.94270006622986
2020-10-08,112.7594330889432,112.90493061170088,111.1492733309645,111.5178680419922,83477200,51.2175780330948,0.017581138944748886,-0.24333225381492182,115.28341577532736,103.55233938214336,3.9866298946359344,81.19019794055112
2020-10-09,111.81855926916631,113.48691510258756,111.46936816913345,113.45781707763672,100506900,54.04118471353454,0.22796997729335544,-0.14907180759326638,115.77999236930154,103.53783981453634,3.8459811116943756,94.10385923547983
2020-10-12,116.45503667336372,121.4213045373118,115.6984583933761,120.66472625732422,240226800,62.68277376136767,0.965116722786064,0.0737658984825997,117.91431790807582,102.28036974451209,4.140088707978712,96.1347947578507
2020-10-13,121.50860234126792,121.62500184957032,116.05735487456656,117.46381378173828,262330500,57.51050155402864,1.276311420230357,0.31427500283215115,118.8170402428648,101.91695252446917,4.242057155623359,78.96028218055297
2020-10-14,117.36681195189108,119.33585728240598,116.0282509755602,117.55110931396484,150712000,57.613224259774725,1.5125438162947376,0.5539287655246685,119.80163450100494,101.8111546530478,4.17531066642496,76.29795316906856
2020-10-15,115.15526489684528,117.56079523723751,114.60238025084044,117.08551025390624,112559200,56.824141616286454,1.6432474059553925,0.7717924936108134,120.53659655445028,102.08205350048135,4.0883895464229685,64.4645876835205
2020-10-16,117.63841657614508,117.90031363584822,115.24258020189322,115.44627380371094,115393800,54.0189616230019,1.5961587362328657,0.9366657421352238,120.55264288101598,103.2474372276266,3.9861998241038283,51.63254649249137
2020-10-19,116.35804207693808,116.80422908289772,112.1871596819352,112.49755096435548,120639300,49.30391204851649,1.3058503071143832,1.0105026551310556,120.49687551533384,103.87548929179508,4.031261936736592,28.549767354051923
2020-10-20,112.71095010647144,115.4074834270812,112.15806534871491,113.98162078857422,124423700,51.59396037820207,1.1819065345847122,1.044783431021787,120.61676983494236,104.30848346095608,3.975415946852999,40.1671548959586
2020-10-21,113.1668101796244,115.14555707254408,112.95341481857756,113.36080932617188,89946000,50.5649729812473,1.021807148455764,1.0401881745085824,120.027443999674,105.84353225765022,3.848039254503965,35.307405555672275
2020-10-22,113.92340448698164,114.49569279996962,111.14927920105526,112.27445220947266,101988000,48.733354298859766,0.798067663991759,0.9917640724052177,119.33975798121178,107.26160920628821,3.8122088505332785,26.63627110470173
2020-10-23,112.895232601571,113.05043193781697,110.84858760677534,111.58576965332033,82572600,47.55728347313955,0.5587407681062047,0.9051594115454151,119.17501612060751,107.69406346923624,3.697182813426732,21.232918115929962
2020-10-26,110.58670829378724,113.05044248419397,109.49063323015535,111.5954818725586,111850700,47.57649745091004,0.36564128861252243,0.7972557869588367,119.17334329507283,107.70446584799357,3.6873704163275804,17.34617357046073
2020-10-27,112.02224386138344,113.75849741390176,111.10077194371064,113.09891510009766,92276800,50.594094966945356,0.3301176656948144,0.7038281627060323,119.14856936104536,107.97270139090776,3.6138243487464052,29.736049588678704
2020-10-28,111.59547326085324,111.96406058991155,107.76407283902444,107.86106872558594,143937800,41.60809508889004,-0.11931015610427664,0.5392004989439706,119.46372187889583,107.21039158545963,3.736754199626892,0.6997791164481352
2020-10-29,108.99592666867332,113.41900353400632,108.83102554669962,111.85734558105467,146129200,49.044232685206765,-0.15127499489975094,0.4011054001752263,119.42814704810188,107.10337989891961,3.866838528826427,29.53101295675008
2020-10-30,107.72525497153092,108.627330626141,104.48554702075934,105.59131622314452,190272600,40.36434304853908,-0.6744489342462856,0.1859945332909239,119.94983395417177,106.17818270842588,4.117192816788492,6.451600785611957
2020-11-02,105.83382320217856,107.35668150297612,104.09756951905206,105.5040283203125,122866900,40.25745751740702,-1.0836201560770888,-0.06792840458267865,120.36076815760259,105.01745907628413,4.055901328726748,9.229769270027766
2020-11-03,106.36730788899447,108.14235394209176,105.46523215040254,107.12388610839844,107624400,43.260188546259414,-1.2626275273385232,-0.3068682291338476,120.52575153160319,104.5886428470589,3.9574170760812097,21.925470498752066
2020-11-04,110.71279021468384,112.1192490266788,108.97653651830576,111.49846649169922,138235500,50.496435770549205,-1.0395171747889833,-0.45339801826487475,120.52275211491553,104.57903087458641,4.03155606480972,53.61902611554772
2020-11-05,114.408382249631,116.02824377297978,113.3608163942021,115.4559555053711,126387100,55.96744440195179,-0.5371721376576488,-0.47015284214342956,120.8062925425088,104.68929919333104,4.067143294557638,89.38923663806278
2020-11-06,114.96529408792372,115.82034093796346,112.83738439067112,115.3248062133789,114457900,55.74756338506498,-0.1479373980965022,-0.4057097533340441,120.97715457389853,104.70513607551553,3.989701384038688,94.10395804437212
2020-11-09,117.08348090470506,118.53123307425452,112.75965407719043,113.0219955444336,154515300,51.89248102039177,-0.024995505671356,-0.3295669038015065,119.71853309483801,105.19948448328698,4.116978356397645,61.83063635403101
2020-11-10,112.27381007713998,114.25596336763644,110.89406574913824,112.68190002441406,138023400,51.32794840415815,0.04448121193279064,-0.2547572806546471,119.08993286632757,105.349893336065,4.063044017976257,59.47437026317463
2020-11-11,113.86733537997074,116.2381494579348,113.1385999950758,116.10211944580078,112295000,56.458094946902385,0.3712456458138149,-0.1295566953609547,118.80813307681605,105.48679413876012,4.026844404800862,83.17049847279982
2020-11-12,116.22842646880996,117.1126214574974,115.20819406878398,115.83004760742188,103162300,55.95286768867228,0.6013232106554511,0.016619285842326456,118.57078524320525,105.5985957077225,3.8752431893660444,81.28551731511693
2020-11-13,116.0535360017511,116.27701069114,114.52805029862242,115.8786392211914,81581900,56.028549890238466,0.7786069789585071,0.16901682446556257,118.64226964241249,105.57034785026329,3.723365846734012,81.6221720638139
2020-11-16,115.54828982886944,117.55959935095184,114.80012470399367,116.88916778564452,91183000,57.657921865418466,0.9892434694775858,0.33306215346796725,119.20335214224188,105.4484270325628,3.654516475321452,88.62336452329087
2020-11-17,116.16041093814378,117.24865091924096,115.5871353083196,116.00494384765624,74271000,55.71255771491977,1.0724622465464222,0.48094217208365825,119.46472709262517,105.38938438808773,3.5121592707214453,82.49724183374285
2020-11-18,115.2470439418146,116.42273584755772,114.65433871642078,114.68348693847656,76322100,52.84306363733481,1.0200249851524603,0.5887587346974187,119.59239636667452,105.39398287526883,3.3876048321796945,73.34186070596695
2020-11-19,114.25596702688232,115.68428930116418,113.4980835539356,115.27619934082033,74113000,53.987788293870686,1.014599345385136,0.6739268568349622,119.84913381676382,105.4374201383143,3.301790611826044,77.4483191950186
2020-11-20,115.27620565626935,115.40251710432108,113.96448361868472,114.0130615234375,73604300,51.138758186021214,0.8980229715837993,0.7187460797847297,119.9772645906716,105.55201855141824,3.168665102812495,65.42039467815208
2020-11-23,113.85761126601786,114.28513837643996,110.52486130551306,110.6220245361328,127959300,44.36934541257458,0.5259442527056137,0.6801857143689065,119.97480236157004,105.45713504687721,3.2109231005349526,17.221771598832763
2020-11-24,110.68033196208322,112.56532241854126,109.39775058959653,111.90460205078124,113874200,47.21540377094239,0.33074979603279075,0.6102985307016834,119.92146957013946,105.39103653337617,3.207826581135651,27.446830553357987
2020-11-25,112.27382503154756,113.43979858279867,111.90459439029078,112.7402114868164,76499200,49.044453411662786,0.2407087403058057,0.5363805726225078,119.80625585739764,105.99416452224102,3.0883535533765256,36.595689572234846
2020-11-27,113.26487971081116,114.158793086573,112.9248047758015,113.28430938720705,46691300,50.25321786541087,0.2108244551912435,0.471269349136255,119.86170575367471,106.08141100657919,2.9690841281179594,42.552868570547815
2020-11-30,113.6535707986605,117.5401594833683,113.49810369299398,115.67459869384766,169410200,55.272929525921626,0.37568663285128423,0.4521528058792609,119.51518823136449,107.43625677595973,3.060995982978195,76.90473430444732
2020-12-01,117.57901628913945,119.969267237973,116.60736920035772,119.24053192138672,127728200,61.512329477709045,0.7850327373988648,0.5187287921831817,119.46413607970192,108.86095928772971,3.149115451631563,93.10661524902203
2020-12-02,118.56037345602128,119.87210294466338,117.4624149241799,119.59032440185548,89004200,62.0712662229434,1.1247029290060198,0.6399236195477493,119.50213232188763,110.06960687488971,3.0962992065495576,96.41543546946299
2020-12-03,120.0178419599632,120.27047227200518,118.74498667961886,119.45429229736328,78967600,61.69602215922398,1.3671576072116238,0.7853704170805242,120.07139591387829,110.29592586346547,2.984098234109326,92.4933241327935
2020-12-04,119.12392660773529,119.37655691588908,118.07454601670749,118.78385162353516,78260400,59.77793749660972,1.4880523855891283,0.925906810782245,120.49655709802605,110.20355429113411,2.8695016660055024,86.32706058433118
2020-12-07,118.84215876062711,121.038083362331,118.7838623046875,120.2413330078125,86712000,62.506851598092474,1.68207897610543,1.077141243846882,121.18772023573072,110.00404383287278,2.825553814061955,93.15526136516691
2020-12-08,120.84375108576852,121.43645640289948,119.6000365852931,120.85346221923828,82225500,63.62313774816071,1.8637559402293107,1.2344641831233676,121.90756868419514,110.06734205188884,2.7549013857437,95.15733507652475
2020-12-09,120.99921619827668,122.37895334699282,117.56930300737729,118.32718658447266,115089200,56.18799255798181,1.7833297966387534,1.3442373058264447,122.06319980606226,110.47623958602757,2.9016691681631164,68.78743181011029
2020-12-10,117.08346263085474,120.35791566525567,116.74338766599487,119.74577331542967,81312200,59.07981610622038,1.8131586279573781,1.4380215702526316,122.4487788435764,110.45502593547633,2.9525876560986655,79.7154386941315
2020-12-11,118.95875310526962,119.27939842297664,117.13205925122674,118.93932342529295,86939800,56.78514953907971,1.751533833589761,1.5007240229200576,122.69685988434158,110.51787247649825,2.928382399534685,73.50299516938009
2020-12-14,119.12393693642925,119.85267228564852,118.09399334838469,118.32718658447266,79184500,55.03773158636074,1.6344603711156083,1.5274712925591678,122.85594378626543,110.60364331090254,2.8448321522296243,68.78743181011029
2020-12-15,120.81460994707471,124.27367903878984,120.6105649235341,124.25424194335938,157243700,65.96026418244138,1.996923352266549,1.6213617045006443,124.08895657343015,110.1071379395093,3.0663793166644497,99.84285744674874
2020-12-16,123.79753491514306,124.73030763519924,122.9716291208294,124.18618774414062,98208600,65.76272395149095,2.2527185341164397,1.7476330704238037,125.15524076824413,109.85897813434376,2.9729721165005487,95.39096387897217
2020-12-17,125.24531371153456,125.90604149372504,124.40969655609784,125.05098724365234,94359800,67.110672600367,2.496442713200736,1.8973949989791903,126.25136250279016,109.79960643031532,2.883463661720825,93.10881256978642
2020-12-18,125.30361605465058,125.43964605507789,122.5441344465272,123.0688247680664,192541500,61.16643929482031,2.500823992628014,2.018080797708955,126.8287580696514,110.00147340617869,2.88432422935153,69.48793724366
2020-12-21,121.4753279960592,124.67204812925546,119.94984220975748,124.59431457519533,121251600,63.82226956795626,2.597448694826298,2.133954377132424,127.52145330146466,110.3669034795412,3.015601492933419,85.68398475821645
2020-12-22,127.87844404273568,130.59905822032985,125.9740096705734,128.1407928466797,168904800,69.11118920982994,2.92646120174021,2.2924557420539813,128.39707398688273,111.24315962517781,3.2291116466620697,82.25805554476716
2020-12-23,128.41289134338277,128.67522539994948,127.07201352740594,127.24691772460938,88223700,66.47341351903269,3.079578270618825,2.4498802477669503,128.92437319915837,112.25009198028498,3.112975948510746,75.80672488873732
2020-12-24,127.5967067874694,129.67603102914552,127.3829432351903,128.228271484375,54930100,67.92099751942777,3.2427315074638017,2.6084504997063207,129.50480611397452,113.21846506522469,3.0641286167982744,82.88941176352442
2020-12-28,130.19103866406888,133.44604851338428,129.7246372436778,132.81448364257812,124486200,73.64750042616402,3.6994555944501144,2.8266515186550794,131.06597599813173,113.6103126066046,3.217960646241918,96.21877689682677
2020-12-29,134.13589678161503,134.8549062093824,130.53107920371312,131.04605102539062,121047300,68.56486113239237,3.874057270410759,3.0361326690062156,132.06794558354574,114.1454882543449,3.296951100486729,78.96998435074693
2020-12-30,131.735898609551,132.13427742745725,129.6177004950943,129.9286346435547,96452100,65.48937803286347,3.8775660257273756,3.204419340350448,132.90135496240637,114.38088914770107,3.241210088477887,72.80033944129838
2020-12-31,130.27844532518537,130.91973597132423,127.98535756948488,128.9278564453125,99116600,62.77358804936345,3.7562921056657643,3.3147938934135115,133.44950437120448,114.76649294324862,3.2192935394322775,66.55701096971671
2021-01-04,129.73433819675842,129.82178288641367,123.1660010540864,125.7408676147461,143301900,54.9576539254515,3.3642374512627384,3.3246826049833573,133.52450691291122,115.32014793328021,3.4647569889247776,45.623256500280036
2021-01-05,125.23557674034254,128.00477652137644,124.78861261288198,127.29546356201172,97664900,57.72288216169928,3.1427465873241545,3.288295401451517,133.63037937222944,116.06543666780962,3.4470003403226124,49.28272265344915
2021-01-06,124.09876065496375,127.3343470647896,122.79674977159816,123.01051330566406,155088000,48.825372263989884,2.591579689574459,3.148952259076106,133.547578613163,116.42515545666119,3.5249001226703855,20.53443779901654
2021-01-07,124.72061661130184,127.8979066334556,124.23479308365204,127.2080307006836,109578200,55.9830454743578,2.4650647933382146,3.0121747659285276,133.68934557564586,116.91884534232288,3.6222210658933256,48.69612429110515
2021-01-08,128.67523086681507,128.8695721666665,126.53761000388556,128.30601501464844,105158200,57.651607733177265,2.4254400216934755,2.8948278170815174,133.60775077927337,117.99832298171296,3.5300597156710123,56.06264290513106
2021-01-11,125.5270962459198,126.47930629071162,124.85665734789744,125.3230438232422,100384500,51.89596744035507,2.1287968147178304,2.74162161660878,133.3558490124358,118.80795179933176,3.524295283605297,36.0495038036733
2021-01-12,124.85665049211372,126.01291289609364,123.26314986487158,125.1481475830078,91951100,51.57087801372586,1.85817241613168,2.56493177651336,132.8690541182266,119.91562910931249,3.468971551292209,19.500475247124307
2021-01-13,125.10928088256377,127.72301407124304,124.84694682860504,127.17889404296876,88636800,55.088781985027644,1.7869658679926204,2.409338594809212,132.08461621942848,121.5852377539602,3.4266212435311942,36.34174339983811
2021-01-14,127.0914246638891,127.28575108963446,125.10925657328106,125.25501251220705,90221800,51.2877759796474,1.5573409475608884,2.2389390653595473,132.04946973668964,121.72046129358378,3.337326477304209,20.386721247917478
2021-01-15,125.12871028033412,126.52788445335536,123.39917965706007,123.53520965576172,111598500,48.09326302641495,1.2224956572775767,2.035650383743153,132.09613500905823,121.6086982123773,3.322424928660714,6.124152460400968
2021-01-19,124.15708788868356,125.0607275660407,123.34090773415257,124.20567321777344,90757300,49.41603460716137,0.999705179440852,1.828461342882693,132.1281074338329,121.49219438501476,3.207953136034101,11.6844017860012
2021-01-20,125.0121142129877,128.73352422939956,124.90523244341398,128.28656005859375,104319500,56.65625255893589,1.1393024142559653,1.6906295571573478,132.1213981025741,122.02067724532631,3.302231555719246,58.7929748572242
2021-01-21,130.0064001294405,135.7099645282226,129.80234769109845,132.98934936523438,120150900,63.19419051727616,1.6108412475980458,1.6746718952454875,133.04478451780884,121.93679430909545,3.596601049569932,78.93154249918629
2021-01-22,132.41604973812463,135.88483658611096,131.19177987621222,135.126953125,114459400,65.72493875678293,2.132444436920295,1.7662264035804491,134.3608458940288,121.31934896070752,3.6749193110219895,94.20936404340947
2021-01-25,139.013584357772,140.97630120112478,132.66871393860882,138.86782836914062,157611700,69.65701215862032,2.8152239416265274,1.976025911189665,136.58366929761786,120.2586166215716,4.0058241647001305,88.40195347966812
2021-01-26,139.52852500725305,140.20867499016745,137.36174136904043,139.1009979248047,98390600,69.88888692541991,3.336683245291198,2.2481573780099717,138.41925486560817,119.51030369762428,3.923046268730623,89.68454593838717
2021-01-27,139.36333253146313,140.20867556656404,136.4289690465183,138.0321807861328,140843800,67.34827759978964,3.6219473354444744,2.5229153694968725,139.38880801523229,119.06252026235562,3.912807715253132,83.378901026119
2021-01-28,135.564189064389,137.96415826033868,132.8241374993332,133.2030792236328,142621100,57.22614804478155,3.4189416137931232,2.7021206183561226,139.62299385076366,119.04403724664844,4.005324541792167,56.116097977536896
2021-01-29,131.9788209864335,132.86302336292994,126.51816929301404,128.2185516357422,177523800,49.0342056361568,2.823303117011818,2.726357118087262,139.54508544675954,118.95093734987132,4.196723498136924,27.975833756517805
2021-02-01,129.95780442586786,131.5415940017464,127.21775238608966,130.3367462158203,106239800,52.16777621166833,2.4934331715966778,2.679772328789145,139.62557996472796,119.01133180895367,4.205803363674055,39.93414958563203
2021-02-02,131.88162209144176,132.44517904055598,130.7933823696511,131.16261291503906,83305400,53.371538016893204,2.2724539690399013,2.598308656839296,139.78507203042744,119.39401427328352,4.055991182321313,44.352314540274264
2021-02-03,131.9108002272906,131.92052618668296,129.82176496768204,130.1424102783203,89880900,51.64256212447092,1.9920415177367659,2.47705522901879,139.8719044906223,119.5918764847195,3.9161890420841425,38.567342185507144
2021-02-04,132.43550657690793,133.5043095225396,130.7739834636992,133.49459838867188,84183100,56.6157815467814,2.017054842268209,2.385055151668674,140.00968740168727,120.50250208195533,3.8765969136652236,57.57563999655163
2021-02-05,133.65516390896917,133.7232731231055,132.20524094162676,133.08102416992188,75693800,55.85260063715221,1.9806741207641494,2.3041789454877692,140.2705266633135,120.82896216725295,3.7081280042233336,55.23050253463706
2021-02-08,132.370657861184,133.27564766652046,131.29051736028654,133.22698974609375,71297200,56.0776394021731,1.9412428992146715,2.23159173623315,140.52655995252053,121.0650263511904,3.585056740081232,51.780982510494454
2021-02-09,132.94477197557092,134.1708861386868,132.19549648512387,132.35118103027344,76774200,54.28945942273534,1.8183619830724354,2.1489457856010072,140.54782336915127,121.74657665526279,3.470080519615639,40.344159081763436
2021-02-10,132.80855342312873,133.3048434386966,130.78450562896475,131.7478790283203,73046600,53.03489376588426,1.6532390317160548,2.0498044348240168,140.44449598667535,122.50987718226997,3.402241754623939,36.17140698773472
2021-02-11,132.24413324277845,132.72095704438246,130.17144270344224,131.49485778808594,64280000,52.48707469981714,1.4848448366265075,1.936812515184515,140.4295220412359,122.9564475022211,3.34133265364653,34.42137979305658
2021-02-12,130.73587365349886,131.88412349618312,130.09362466607496,131.72842407226562,60145100,52.97000915219518,1.3546228222701018,1.8203745766016324,140.211803628284,123.82150707117889,3.2305588091080755,38.05742954384218
2021-02-16,131.84517076789257,132.35117148769072,129.21779194968602,129.60704040527344,80576300,48.17999374143961,1.0679325433160614,1.6698861699445182,139.5900855069856,125.05040826742845,3.2236174326006917,22.562139416473467
2021-02-17,127.7192714814344,128.66317890424816,125.98715607320858,127.32029724121094,97918500,43.6027542344861,0.6487292228619879,1.4656547805280122,139.12045780559217,125.83149837116564,3.2519222111338464,11.130841818121107
2021-02-18,125.72441303259558,126.5028953583098,123.9825720066899,126.220703125,96856700,41.55822381135085,0.22518373776162548,1.2175605719747349,139.34740846321938,125.39796202017908,3.2580509985186454,21.96762967173475
2021-02-19,126.7364377000899,127.19379548505816,125.3351725587671,126.37638092041016,87668800,41.97307103662676,-0.09680134794257356,0.9546881879912733,139.50367135704602,124.58040228187002,3.1580918505023896,23.495633160763838
2021-02-22,124.56640502266376,126.23041094448013,122.22124015432108,122.61048126220705,103916400,35.422607104471396,-0.6483793639156943,0.6340746776098798,139.82755119601518,123.00487525662152,3.229309630187153,3.257344262710608
2021-02-23,120.43074421044317,123.30138352656304,115.20519947854248,122.47425079345705,158273000,35.20854510239148,-1.084005831328625,0.2904585758221788,139.14435691076983,122.0487117842985,3.5769435171752537,38.32738273689929
2021-02-24,121.57901476139985,122.18233150568985,118.94191685635538,121.9779815673828,111039900,34.39316706789498,-1.452543704671399,-0.058141880276536745,138.13027346116573,121.35049359816044,3.573757118598569,35.71071382863804
2021-02-25,121.32598240071049,123.05809741548158,117.29735317502876,117.73524475097656,148199500,28.348705833568403,-2.0631829388878202,-0.4591500919987935,137.7765602440936,119.67451321171697,3.7299704844453014,13.340119542051045
2021-02-26,119.29220956982276,121.49141551253577,117.93960247752108,117.99799346923828,164560400,29.17880102685018,-2.497131923339751,-0.866746458266985,137.93995502635323,117.99060985401785,3.73184193281058,14.725509499029906
2021-03-01,120.42101187120409,124.48856634693102,119.4868376397081,124.35233306884766,116307900,45.594551834107854,-2.301764214627127,-1.1537500095390136,137.87500720237512,117.66893582130652,3.928894143159306,48.2299099116065
2021-03-02,124.95565484356456,125.25731317881322,121.6471165286429,121.75415802001952,102260900,41.3718970226835,-2.329729242013741,-1.3889458560339591,137.71275594438924,116.97292825971233,3.9061300365172356,36.18280313079304
2021-03-03,121.45248092660913,122.32827149061752,118.56237577745944,118.77645874023438,112966300,37.127943356633985,-2.56262680724808,-1.6236820462767834,137.6000007437096,115.8470680429115,3.8961132991344396,20.388837013003215
2021-03-04,118.47480719948628,120.27503892466773,115.42900990064756,116.89838409423828,178155000,34.70952949914697,-2.8657106058188333,-1.8720877581851934,137.6506918683578,114.4719742998551,3.9639644223405632,9.87511594438857
2021-03-05,117.72552798386944,118.65970219404976,114.40725661331616,118.1536865234375,153766600,37.633682123813685,-2.9703736661211337,-2.0917449397723815,136.84279514645522,113.74577983523423,3.984570219368637,20.878553740084655
2021-03-08,117.67686731260756,117.74498394850409,113.08383865170995,113.22980499267578,154376600,31.64653055797315,-3.4113124974031166,-2.355658451298529,136.4301018107611,112.17335125320376,4.062090051679988,0.9369224793844952
2021-03-09,115.827968557669,118.77645723226702,115.59442688495044,117.83255004882812,129525800,41.08241260393991,-3.35073149182098,-2.554673059403019,135.22143787756636,111.84257121667193,4.168130207959363,33.65503844699808
2021-03-10,118.41642461584055,118.88350799775948,116.23667741969722,116.75242614746094,111943300,39.69748746051644,-3.351246496766592,-2.713987746875734,134.03850297332303,111.465630632634,4.059465948680999,25.999990921874776
2021-03-11,119.24355264557504,119.89552719538874,117.997987110362,118.6791534423828,103026500,43.36511908192239,-3.1597601039322996,-2.8031422182870473,132.68359208049986,111.5136689668634,3.9940113129129133,42.56101640843623
2021-03-12,117.16115058777416,117.91043373982622,115.95450960268752,117.77420043945312,88105100,42.070857315474115,-3.0459164732681216,-2.8516970692832624,131.18038025062228,111.64481506187772,3.903342207683082,38.52935969349142
2021-03-15,118.14394380720243,120.66426645422422,117.18057052802266,120.65453338623048,92403800,47.44710842831953,-2.692241297098633,-2.819805914846337,129.33453163641843,112.38327460747804,3.873367473291545,62.190089753463425
2021-03-16,122.31855495993447,123.79766976227536,121.3649219912014,122.19205474853516,115227900,50.10886874176085,-2.2618132720857176,-2.7082073862942133,127.93933686937407,113.0369708088486,3.821208109202497,74.82018446374113
2021-03-17,120.7129320932856,122.47423888090718,119.0489262952044,121.4038314819336,111932600,48.74578611604658,-1.9616858974359985,-2.5589030885225705,126.93778772561029,113.44687337668464,3.792929857523946,68.34526011205627
2021-03-18,119.57440169521924,119.86633436304557,117.08327064661763,117.2876205444336,121229700,42.27800743733857,-2.0325466798621505,-2.4536318067904865,125.9735717404057,113.51778110383259,3.83061778450909,34.53230943527467
2021-03-19,116.6745858977346,118.16342636251116,116.46050290360724,116.7621612548828,185549500,41.52063723006735,-2.10681844212759,-2.3842691338579076,124.78145154532707,113.74847933235849,3.678639618394435,30.215881217670056
2021-03-22,117.0930131834112,120.5377847911862,117.024896545298,120.07069396972656,111912300,47.8547982705329,-1.8770707066257586,-2.282829448411478,124.4430756355834,113.83287651285411,3.6855670411022183,65.21341661925719
2021-03-23,120.0123099463268,120.89782623844285,118.8543196786337,119.24356079101562,95467100,46.49881889855453,-1.7416599343021204,-2.174595545589607,124.04529253236815,113.90759061582521,3.568277006724142,57.49317938408869
2021-03-24,119.51603814694975,119.59388786129526,116.84001546562122,116.8594741821289,88530500,42.73966602977829,-1.805904444053155,-2.1008573252823166,123.66665324916661,113.77437916050135,3.5101052487919917,35.24076020477514
2021-03-25,116.3242663381614,118.38723908571316,115.79879193762964,117.34601593017578,98844700,43.739288594279984,-1.796845906902206,-2.0400550416062946,123.66653998638206,113.73556954120583,3.4442725273128154,39.78200920362368
2021-03-26,117.11249015232345,118.2120970271745,115.72095796469546,117.94935607910156,94071200,45.021044875587314,-1.7211421874889652,-1.9762724707828287,123.66560533210692,113.7316404564673,3.376191565538974,28.707295753250538
2021-03-29,118.37749665321655,119.28247903408416,117.4822473412622,118.1244888305664,80819200,45.40982544009425,-1.6282452968063268,-1.9066670359875284,122.58278554928503,114.19167581546105,3.263623003202045,29.758779638406057
2021-03-30,116.87890278388676,117.16110233963497,115.6625292285005,116.67455291748048,85671900,42.71661077139922,-1.6525717339614516,-1.8558479755823132,122.07812529219507,114.18837556229713,3.2063613316923205,12.440150047541733
2021-03-31,118.37750228821312,120.19719278132602,117.8909527575786,118.86405181884766,118323800,47.75557949967159,-1.4781373010370515,-1.7803058406732608,122.08570487352017,114.18955528883333,3.2289526554175505,39.35423828335005
2021-04-01,120.33342627373456,120.83943448866228,119.1948947978738,119.69117736816406,75089100,49.56064862767222,-1.2586457522073573,-1.67597382298008,122.2383286950296,114.31621079471651,3.1394119421601987,49.52155556425515
2021-04-05,120.53777100210417,122.76616851425374,119.75928886344587,122.5131607055664,88651200,55.24247174171149,-0.847220417779269,-1.510223141939918,122.88433739458549,114.10614951337351,3.1348104567265898,84.21036426628368
2021-04-06,123.09702657327624,123.7100762858856,122.26989388745704,122.81482696533205,80171300,55.815459750623916,-0.49115915307190505,-1.3064103441663155,123.02275652934973,114.92623257587486,3.0137655954195877,88.87550064423662
2021-04-07,122.44504366920104,124.4788169278638,121.77360301243874,124.45935821533205,83466700,58.904170668646934,-0.07540884137159765,-1.060210043607372,123.9946566450022,114.61701327687281,2.9917261897056933,99.77928677925105
2021-04-08,125.48112948683244,126.882394605776,125.0627039893138,126.85320281982422,88844600,62.96283527043058,0.4421427825852362,-0.7597394783688504,125.42608925722418,114.19565833188715,2.9511054897584263,99.73982053286569
2021-04-09,126.30823624511144,129.46106707973098,125.98711183634272,129.42214965820312,106686700,66.75710419202863,1.0475235145863735,-0.39828687977780564,127.38321030731495,113.31283690337841,2.988451900731986,99.71795981612367
2021-04-12,128.955130190773,129.27625475849754,127.11597301076344,127.70956420898438,91420000,62.183610093281885,1.3732705649107118,-0.04397539084010216,128.49129685558623,113.19828673206028,2.93971795406825,87.30660531115319
2021-04-13,128.8772176641677,131.0374983592836,128.3809277339075,130.8136749267578,91266500,66.64419396935453,1.860457051170556,0.3369110975620295,130.20129871573047,112.50419902596875,2.967447682370463,98.54423491441253
2021-04-14,131.3099933958929,131.36837696548068,128.1182295730411,128.478271484375,87222800,60.83061902939429,2.034654085729116,0.6764596951954469,131.0703376950404,112.2637817202428,2.9876405188039707,81.59853877673355
2021-04-15,130.22012045971883,131.36837019796266,130.04495491166549,130.88182067871094,89347100,64.28381917975948,2.3396824207778195,1.0091042403119215,132.40437085026332,111.87754748469764,2.980673247002806,96.90206924886887
2021-04-16,130.6871670710185,131.04720886250462,129.69460217348174,130.55093383789062,84922400,63.45444924865074,2.525606155570742,1.3124046233636857,133.45386608129382,112.15438358301282,2.8643827785756684,94.79529445796584
2021-04-19,129.91842322109008,131.82570351653897,129.75299819698287,131.212646484375,94264200,64.44244068584973,2.6952772568451877,1.5889791500599861,134.4086746649252,112.64462352233065,2.807834388645699,96.20707528583876
2021-04-20,131.38784340823202,131.88411859918818,128.2641887932471,129.5292205810547,94812300,59.9984994033088,2.6632046600649204,1.803824252060973,135.06970436271638,112.9294464856723,2.8658412041667987,83.1710847653141
2021-04-21,128.79937448295544,130.15198139662152,127.76789199677556,129.90870666503906,68847100,60.6571404409857,2.6379990406823737,1.9706592097852533,135.66564552653938,113.40001990925163,2.8314303610010247,84.4323658792707
2021-04-22,129.46110142550572,130.54124205126504,127.8749599440914,128.3907012939453,84566500,56.63964698604463,2.467093935601028,2.0699461549484086,135.75257309698736,114.46621504998528,2.819634057156212,71.18790629327549
2021-04-23,128.60475261832673,131.4851170121257,128.60475261832673,130.70664978027344,78657500,60.89509024114155,2.489826921291666,2.1539223082170604,136.0392701483541,115.51558138362833,2.8392613186579387,88.35401806355054
2021-04-26,131.20292770440926,131.42673629598994,129.96708793224363,131.09588623046875,66905100,61.57759522756391,2.5103137702524094,2.2252006006241305,136.26024727430104,116.60925727281808,2.7407175361642513,92.20383607585285
2021-04-27,131.37809693084532,131.76734545845767,130.5023137282654,130.7747802734375,66015800,60.63736458454553,2.4721418659399603,2.2745888536872965,136.24780166459126,117.88673202681501,2.6353114071662533,83.73741534278162
2021-04-28,130.69691506905932,131.38782184344353,129.50000754125335,129.98655700683594,107760100,58.28474270705627,2.3511843371236125,2.28990795037456,135.57329967144017,119.89243442890164,2.5819187568108197,67.8216141058549
2021-04-29,132.7988386951313,133.38270410909877,128.88697605750357,129.88926696777344,151101000,57.98569773020169,2.2218618902098513,2.276298738341618,134.96340023985795,121.60485537537643,2.7186194207239893,44.25423579682054
2021-04-30,128.23495260572474,129.96706719986483,127.54406080548353,127.92356872558594,109839500,52.16235955344332,1.938412684388254,2.2087215275509458,134.02319019620614,123.36830455477043,2.6975042045566546,6.499933295589816
2021-05-03,128.48798358801744,130.46338819019584,128.28364111599663,128.9745330810547,75135100,54.77730928107755,1.7780845351421846,2.122594129069194,133.4810245618453,124.55660742668012,2.6862410088461726,24.500079919001475
2021-05-04,127.66086008438737,127.95279275381807,123.29164023246338,124.41070556640624,137564700,43.62520148942179,1.268142228608312,1.9517037489770177,133.12997538703874,125.06724446159407,2.900287568827968,11.089666536884321
2021-05-05,125.72439172337612,126.94076551104096,124.5274840738415,124.65399169921876,84000900,44.27648129433547,0.8735704579744095,1.7360770907764962,133.0932246446595,125.12345855236198,2.873842738528451,13.500573214185488
2021-05-06,124.44965376287252,126.25961883490083,123.71009630596178,126.24989318847656,78128300,48.481064024872836,0.6817861928547586,1.5252189111921488,133.1432654475,125.01308678638672,2.8506770092720655,29.315570609583126
2021-05-07,127.5462878048144,127.94592476658238,126.21086763240989,126.92244720458984,78973300,50.18688649567773,0.5774092548828236,1.3356569799302838,133.126034080074,124.78034790845139,2.7709898753363817,35.980418085878426
2021-05-10,126.1426633359984,126.26937098545628,123.60830211734292,123.64729309082033,88071200,42.76164470053656,0.22778643395015763,1.1140828707342587,133.52921598411845,123.97093889259052,2.809786676187135,3.5244337237862267
2021-05-11,120.38186984814408,123.08192956770212,119.67029762868589,122.73102569580078,126142800,40.936866360017255,-0.12182299212628322,0.8669016981621503,133.72024783478375,122.97164211882951,2.893158732326228,22.320867394697707
2021-05-12,120.28438654552215,121.4930768252382,119.16342036759428,119.6702880859375,112172300,35.488874024268554,-0.6385066197008911,0.5658200345895421,134.5318944378406,121.2791971759289,2.941333489174819,3.564650143830565
2021-05-13,121.43458279999426,122.96494285084452,121.12266251691544,121.81473541259766,105861300,41.375605544470304,-0.8649722777001045,0.2796615721316128,134.451357121447,120.45302596571122,2.966570723155691,18.6459113778318
2021-05-14,123.06243260302256,124.66102519199372,122.67253033910512,124.2321319580078,81918000,47.222262015554676,-0.8397046525362981,0.05578832719803062,134.11689734495602,120.15560555421392,2.95797922717286,35.64674341238805
2021-05-17,123.61803331863224,123.72525662054228,122.0096912267483,123.08191680908205,74244600,44.926395406864934,-0.9020938509401049,-0.1357881084295965,133.65761319572414,119.80181673591647,2.9054407631790484,27.557621837519935
2021-05-18,123.36460169987382,123.783745326629,121.62954445690448,121.6977767944336,63342900,42.263518224276396,-1.0511097328986096,-0.31885243332339913,133.48173055899633,119.19455499398221,2.851780770789439,17.823376148278193
2021-05-19,120.05045503106064,121.76601312715728,119.75802646818856,121.54182434082033,92612000,41.9617317056089,-1.1683222608421033,-0.48874639882714,133.16224704670964,118.677350273847,2.7915097628022445,21.047882706965705
2021-05-20,122.06817161997536,124.49530152830624,121.94144912599474,124.09564971923828,76857100,48.45288972704816,-1.0431172623959384,-0.5996205715408998,132.89351366768238,118.51657849540355,2.803078864565364,43.648171650354875
2021-05-21,124.59280216593018,124.76825782596866,122.04869881375612,122.26314544677734,79295400,44.59841141535078,-1.0793174789390036,-0.6955599530205205,132.22197162224066,118.34377010749566,2.797113160825877,35.26673968259076
2021-05-24,122.82850742086036,124.70977916744964,122.7602750750988,123.89098358154295,63092900,48.51642154407343,-0.9655235241246345,-0.7495526672413434,131.31782933371298,118.52742213113076,2.7720789151006215,53.829329302623194
2021-05-25,124.59279971373591,125.08018314804376,123.13067172111496,123.69602966308594,72009500,48.07789667254489,-0.8809174786726288,-0.7758256295276005,130.35469451240613,118.78268189140248,2.7133240945169197,51.6095306028414
2021-05-26,123.75451640869116,124.17366007761332,123.22814942189817,123.64729309082033,56575900,47.96118800866075,-0.8084795630300334,-0.7823564162280872,129.4530655434928,119.05038446871421,2.587051706031079,51.0546026454899
2021-05-27,123.24763627844212,124.41733561849657,121.92197306010468,122.1169204711914,94625600,44.32277907176675,-0.8645937746988892,-0.7988038879222475,128.41135832503014,119.31485703751868,2.5805024811997086,41.563757791575505
2021-05-28,122.39960530367183,122.62380153028336,121.405361560534,121.4638442993164,71311100,42.82958326687179,-0.9508022246209435,-0.8292035552619867,127.78137233088346,119.29887058903843,2.4832123018103975,38.879772894112335
2021-06-01,121.9219706400981,122.18515038351808,120.8107540580726,121.14216613769533,67637100,42.07764255183295,-1.0331700404485105,-0.8699968522992916,126.66070901660922,119.63629720897671,2.4040111606414745,33.443047212224464
2021-06-02,121.1421605557248,122.07792145343016,120.9179717914318,121.9024658203125,59278900,44.55533518242829,-1.0252785249998055,-0.9010531868393945,126.5246379880367,119.52154426293986,2.3151496250241097,40.29267609202147
2021-06-03,121.53206155124435,121.69776758173276,120.02119320163122,120.42084503173828,76229200,40.885027823371345,-1.1256035997339495,-0.9459632694183056,126.40835692346676,119.21451066076176,2.284158410285336,12.45394683810312
2021-06-04,120.93747667465416,122.97471215998662,120.72303005127525,122.7115249633789,75169300,48.01507166689482,-1.0086461725744442,-0.9584998500495334,125.84685318605868,119.42217757566006,2.303423318711265,55.49439208299862
2021-06-07,122.98443979955708,123.13065406520676,121.67827588309044,122.72126007080078,71057600,48.0437526152375,-0.9047417276542973,-0.9477482255704862,124.92727376169363,119.92163828664623,2.2426343803830546,55.67730867128178
2021-06-08,123.40358202860334,125.2166284911142,123.0234294041827,123.54004669189452,74403800,50.5165617626404,-0.7477083525708679,-0.9077402509705625,124.91131722787881,119.92687018056844,2.260686811806652,69.28550950997737
2021-06-09,123.99820136642404,124.52456834027448,123.32562010482052,123.92021942138672,56877900,51.66681417108701,-0.5858284437845214,-0.8433578895333543,125.05735211948497,119.89975466152087,2.1848483420671747,75.04715201916244
2021-06-10,123.81299241371468,124.95345787476268,122.7602659341765,122.92597198486328,71186400,48.49211476942493,-0.5316365336172169,-0.7810136183501268,124.8595549445068,120.42312022639165,2.1854443133899606,55.91021004750368
2021-06-11,123.3353776759092,124.22240562529288,122.91623399021204,124.13467407226562,53522400,52.32716765649869,-0.3866992690082469,-0.702150748481751,125.03537597356022,120.47929306330501,2.1226391220821665,79.17490338030484
2021-06-14,124.5927795199969,127.24409827001124,123.86171564217574,127.18561553955078,96906500,60.35172710801947,-0.025357656679247498,-0.5667921301212503,125.86610693578756,119.94391045923199,2.2126208010645474,99.19031567067832
2021-06-15,126.65928803562127,127.30262798000346,126.12317141530278,126.36685943603516,62746300,57.55199803142048,0.19271984508360163,-0.41488973508027993,126.4115544341273,119.72695722358755,2.1388233556099863,87.14856930741473
2021-06-16,127.07839924257492,127.58527439037437,125.2166344350542,126.86395263671876,91815000,58.80160812539666,0.4010362075439531,-0.25170454655543334,127.00527444388301,119.64985479806036,2.155238827017856,90.4638549526799
2021-06-17,126.52277798345058,129.203345250585,126.37655629930642,128.4625244140625,96721700,62.61326511807451,0.687198214985699,-0.06392399424720688,127.90457561196754,119.44262363730004,2.2032066930364786,91.93194762433825
2021-06-18,127.40982566701064,128.18961527761795,126.95169109033546,127.1661376953125,108953300,57.93223987413622,0.8001524345342403,0.10889129150908256,128.33626796478134,119.31798008209367,2.153751452371519,77.8133977262486
2021-06-21,127.01019740258512,129.06692486047993,125.94772121838588,128.95970153808594,79663300,62.14847623489252,1.0226071018714578,0.2916344535815576,129.1510753757399,119.17282828026593,2.2227123230659855,97.34655110043825
2021-06-22,128.79396232556323,130.6947253937975,128.29682937988724,130.5972442626953,74783600,65.54395820687145,1.31587149332249,0.49648186152974405,130.25235046190895,118.74217926221216,2.2352254438405774,99.08670223364535
2021-06-23,130.3925806003398,130.92869718078555,129.86620618552573,130.3243408203125,60214200,64.50543683190952,1.5088712804707,0.6989597453179353,131.12723346481502,118.53012737502875,2.1514586975133807,94.07822778458535
2021-06-24,131.0554073186903,131.240612583958,129.57378007008424,130.0416717529297,68711000,63.385162619281296,1.620337726217599,0.883235341497868,131.8318606115884,118.46493809446628,2.116842541539123,87.46184255445067
2021-06-25,130.09039090512184,130.5095270692511,129.45679326652197,129.7492218017578,70783700,62.18192845191206,1.6658742591028073,1.039763125018856,132.35475594446203,118.7052728946493,2.040834774481267,82.4135634568827
2021-06-28,130.04166969629122,131.8352098315601,129.98318695524438,131.3770751953125,62111300,66.0456545316367,1.812423958608676,1.19429529173682,133.04417757558224,119.0071743531287,2.0440600070041963,94.95165323964507
2021-06-29,131.3965550234282,133.0438880631515,130.9579196567259,132.88792419433594,64556100,69.19170095428619,2.0271112620341256,1.360858485796281,133.8724494810338,119.35347825334121,2.0470534641057267,98.48337612118074
2021-06-30,132.7319822442512,133.94068011687085,132.439553660315,133.50204467773438,63261400,70.39254882068116,2.22120225043588,1.5329272387242008,134.7165023696925,119.66938325042467,2.0080586778521643,96.02124737971381
2021-07-01,133.15110203776288,133.86266668828733,132.33229922059724,133.80418395996094,52485800,70.99162488200467,2.3720572724047884,1.7007532454603185,135.2286095795251,120.49560993341433,1.9739378771263025,98.64573233438207
2021-07-02,134.41826831389758,136.46525305919846,134.27206149217562,136.42626953125,78852600,75.60488698078353,2.672385756586891,1.8950797476856331,136.43083154273967,120.66486242698686,2.0230186787056756,99.65343719748144
2021-07-06,136.53353205806397,139.5357553993497,136.53353205806397,138.43429565429688,108181800,78.43348872251656,3.0374157325670694,2.1235469446619204,137.87589635891405,120.79110116916216,2.100623477948107,92.30776981492575
2021-07-07,139.91586805219617,141.231788943126,139.05809657469072,140.9198760986328,104911600,81.32066631623098,3.487073376173015,2.3962522309641394,139.74129489847707,120.66368557027295,2.1503998930110364,97.95922885117625
2021-07-08,138.00541248474633,140.42279367497855,137.11838445022283,139.62350463867188,105575500,75.6335220160255,3.696216275341243,2.6562450398395603,140.92594515629236,121.04936383418617,2.268335018396675,89.47738041064285
2021-07-09,139.1458433075578,141.97261806281588,139.04836216143113,141.44625854492188,99890800,77.96674011200881,3.9633574193437653,2.9176675157404013,142.1364228456086,121.69091480087576,2.315186510038681,96.71536408000678
2021-07-12,142.5184555206525,142.62567880479006,140.364247675173,140.85162353515625,76299700,75.42922100954291,4.080054298688168,3.150144872329955,143.02773833378583,122.47129425898763,2.3113468400085644,87.61899705254362
2021-07-13,140.3934939298509,143.7369001800956,140.00359917768813,141.9628448486328,100827100,76.93965096895327,4.213631567640618,3.362842211392088,144.19802796267345,122.77872756100817,2.412914994465629,87.57673634938614
2021-07-14,144.36078433286042,145.79367103404422,143.95137538377713,145.38426208496094,127050800,80.8442092502192,4.543201098434167,3.598913988800504,145.84120382671273,123.03729196186151,2.5141943652474708,97.49395842394566
2021-07-15,145.47199168239987,146.21279783696795,143.3762659892824,144.73117065429688,106820300,78.12496330536966,4.697538011584868,3.818638793357377,147.03144857144906,123.63376901888294,2.537218471135906,91.157634408358
2021-07-16,144.71171385995527,145.97887978350332,142.1968514737954,142.6939697265625,93251400,70.19370159813816,4.60241229390266,3.975393493466434,147.71477768201333,124.37358443956867,2.626133459605336,78.31846902523054
2021-07-19,140.12060468938105,140.43253247911716,138.09311867670348,138.85342407226562,121434600,58.19848982467162,4.169066140459563,4.01412802286506,147.5753640019164,125.68172675736093,2.7671847160520273,51.75724330441326
2021-07-20,139.83787627114395,143.38597163190832,139.35050045305252,142.45994567871094,96350000,64.35807199100415,4.069738927416182,4.025250203775284,147.91920853725426,126.68790663608556,2.8932820620227893,72.9631314985264
2021-07-21,141.85565012536404,142.4405072449087,140.97837931958148,141.7289276123047,74993500,62.35250379645372,3.8872248386527417,3.997645130750776,148.15782424255244,127.56245926574834,2.792445226101837,67.69661992275286
2021-07-22,142.2553252616605,144.45825967498962,142.12860272787458,143.09361267089844,77338200,64.57207525572721,3.808794376761199,3.9598749799528608,148.40499843337972,128.59221225997965,2.78793714300063,73.87778210654594
2021-07-23,143.82463382519293,144.96509166825837,143.210535419876,144.8091278076172,71447400,67.19071972211847,3.8407911553962606,3.936058215041541,148.67985955565516,129.79409674317296,2.722475846883437,85.49817660333213
2021-07-26,144.5264793905911,146.04709009069717,143.97086362595675,145.22830200195312,72434100,67.81667937907564,3.8555285540984414,3.9199522828529214,148.68571580604976,131.33614851279788,2.676315176730364,89.17471866355113
2021-07-27,145.35500444699645,145.4427434254304,141.87514775749966,143.06434631347656,104818600,61.313249222901284,3.650514055948463,3.86606463747203,148.3466504405244,132.84394099013969,2.7399780689589615,65.38037815522902
2021-07-28,141.15382825419624,143.25929604709813,138.94113715127986,141.3195343017578,118931200,56.600130753386395,3.309101578617515,3.7546720257011272,147.86812226453145,134.1656301768748,2.8527052708774834,39.735752624851756
2021-07-29,141.0368336570977,142.8498725143642,140.92961036922324,141.9628448486328,56699500,57.885541591318436,3.055220831415312,3.6147817868439645,147.31234736260933,135.56748509588675,2.7861021904677314,47.658609355733304
2021-07-30,140.73470874624329,142.63547230965827,140.47152152252852,142.17733764648438,70440600,58.32870839771507,2.838604619260252,3.459546353327222,146.5047896493679,137.21235817778054,2.7416628045150184,50.30025065236523
2021-08-02,142.6647202141764,143.23982039265098,141.58274477107045,141.84593200683594,62880000,57.324990066587894,2.610105375015678,3.2896581576649138,146.01099369486835,138.2481203798387,2.66419229144827,46.2187391405527
2021-08-03,142.12855135709023,144.30224361135603,141.51445299043982,143.63941955566406,64786600,61.21472108099342,2.5444071918244333,3.140607964496818,145.90912618551482,138.87050027932895,2.6730207435531232,68.30689697817974
2021-08-04,143.5516890402157,144.0585492223941,142.5866794891882,143.23976135253906,56368300,59.9043941476196,2.432056596860349,2.9988976909695246,145.97367596356386,139.0379390266705,2.5872242428140355,64.7053202477057
2021-08-05,143.2690486927029,144.10733603044793,142.4795019309908,143.34703063964844,46397700,60.150948756379215,2.324873975881701,2.86409294795196,145.898253474609,139.48571411572303,2.5186963754313987,66.05394575220089
2021-08-06,142.86866162914254,143.6105775396916,142.16578765248929,142.6636505126953,54126800,57.71603024521884,2.159890043610062,2.7232523670835804,145.90531789939897,139.6003888877104,2.4419887691293214,52.38584315365168
2021-08-09,142.72225212556916,143.21035833317768,142.05843483321482,142.6148681640625,48908700,57.536980355023466,2.00212352705492,2.5790265990778485,145.86563626431513,139.8163949856849,2.349841249903146,51.69934341112998
2021-08-10,142.95653516321173,144.19632898598317,141.84365370926938,142.1365203857422,69023100,55.711862054769895,1.8175422622291535,2.42672973170811,145.86468614446312,139.83471265924783,2.350043680389621,44.96769485676259
2021-08-11,142.57583309295842,143.22989365517753,142.06819844175104,142.39035034179688,48493500,56.50038291115607,1.6724631223246433,2.275876409831417,145.47269041661156,139.92731721278295,2.265161647035112,48.539769682176534
2021-08-12,142.71246608285676,145.5044336133679,142.37078584930737,145.34823608398438,72282600,64.44465131238373,1.7756944181030292,2.1758400114857395,145.6103842457814,139.85132992658185,2.327196369679785,90.16523170543121
2021-08-13,145.42634081402107,145.88516176552068,144.74299521470792,145.55325317382812,59375000,64.92282582920627,1.8526924442633401,2.1112104980412596,146.01744464750965,139.7301978695802,2.242551382617855,95.22022731584397
2021-08-16,145.00657783567002,147.59354953492934,142.98582599022765,147.52520751953125,103296000,69.21183318819622,2.0492121282995583,2.0988108240929195,146.50783991724964,140.10698094456674,2.4114922513381285,99.21013918005995
2021-08-17,146.65636676617194,148.07187159409528,145.5434853619502,146.61732482910156,92229700,65.25572315483925,2.1074040065466875,2.1005294605836733,147.01042501473214,140.02013376212332,2.419841821395769,80.86210830688913
2021-08-18,146.23663716721276,147.13475089008148,142.67345256358962,142.8784637451172,86326000,52.05870904563796,1.83072320922534,2.0465682103120066,146.98093872778765,140.16457366234908,2.565660143188347,31.668833671137627
2021-08-19,141.5800696426097,144.4794213850425,141.0626783117476,143.21034240722656,86960300,52.96794317812945,1.619562213324457,1.9611670109144967,146.9837187799557,140.17346658381385,2.6264517810531025,30.64067445376001
2021-08-20,143.93272733385453,144.9675098694575,143.28842371499448,144.66488647460938,60549600,56.83213610284029,1.5516981425571714,1.8792732372430319,146.96612810644768,140.17663312402107,2.564360043994377,51.39262134393936
2021-08-23,144.78206681885666,146.61735100093347,144.37205937525184,146.14877319335938,60131800,60.40611130468767,1.5992178465280062,1.8232621591000269,147.12965868160373,140.10514966800562,2.5415694426863236,72.56319916902366
2021-08-24,145.89489777853456,147.2713604372929,145.60203116452846,146.06085205078125,48606400,60.08867189695369,1.6112100266239509,1.7808517326048117,147.43246551683737,140.1019934065025,2.4792665734061905,71.30883024186696
2021-08-25,146.24636116832204,146.74423897086186,144.28417982272728,144.8308563232422,58991300,55.68031630994249,1.5041249241988908,1.7255063709236276,147.44722611948518,140.43836500600312,2.477894614458218,53.760509372520325
2021-08-26,144.82109417148567,145.57276688380205,144.00106455542348,144.0303497314453,48597200,52.957266615671536,1.3392272392017333,1.6482505445792488,147.42438713268285,140.66795448108667,2.4131665940239575,42.339700164520444
2021-08-27,143.97177197062845,145.21156564308194,143.33723999505236,145.0651397705078,55802400,55.95583698457788,1.2773194009189126,1.5740643158471816,147.4780949960155,140.90302683015636,2.3746779550243593,57.1030259479393
2021-08-30,145.45564049048158,149.83883931473636,145.07491826892314,149.47763061523438,90956700,65.92882095157316,1.5662533340268396,1.5725021194831132,148.43509022885416,140.70920145815757,2.546036639967516,95.8842060967321
2021-08-31,149.0285807911714,149.16524992421503,147.6911597437249,148.21832275390625,86453100,61.63912967206381,1.6743194256262086,1.5928655807117325,148.96250325862175,140.6396787482142,2.4917819422205123,81.53501787081807
2021-09-01,149.1945209265185,151.293371319359,148.71617155840954,148.8821258544922,80313700,63.005534935761865,1.7928589820471075,1.6328642609788075,149.55258344864006,140.61383500839116,2.5334438438799585,76.43125970965107
2021-09-02,150.20977826854366,151.03956466217258,148.77474502994417,149.99501037597656,71115500,65.24093214612545,1.9540775253209688,1.6971069138472399,150.30995287462403,140.52126355604005,2.514256400190562,87.30915938522938
2021-09-03,150.10238418360416,150.9516989362315,149.44832378980732,150.62954711914062,57808700,66.48446003547502,2.108737975770026,1.7794331262317973,151.04988197824503,140.57792411306355,2.442050596350107,93.51144443759074
2021-09-07,151.2836060822293,153.5191254698615,150.71740121777114,152.9626922607422,82278300,70.64323373081021,2.3919993317109345,1.901946367327625,152.2383105595436,140.42427794143293,2.4740168645194482,95.53297017956787
2021-09-08,153.24583117728486,153.30440154284446,150.31719373274197,151.42031860351562,74420200,64.90922903171467,2.463630138419063,2.0142831215459127,152.77322521650547,140.81774310624843,2.5106733606325227,83.15083876080384
2021-09-09,151.79123351222952,152.39648028234163,150.28785845020124,150.40501403808594,57305700,61.37749449193354,2.4106826269063504,2.0935630226180004,153.00266301747635,141.38977167490648,2.481955394311656,69.56111607599058
2021-09-10,151.31292061025323,151.7814983871202,145.1627795675759,145.42636108398438,140893200,47.67811547177112,1.9445698665403484,2.06376439140247,153.001437514555,141.39880967782784,2.7774384961139864,20.518017945700535
2021-09-13,147.04686479158386,147.81806596111582,145.21158088499752,145.9925537109375,102404300,49.070309608633615,1.6023878294687393,1.9714890790157238,153.00042928258188,141.4437479635119,2.7652275375428665,26.078801637030928
2021-09-14,146.7735062300835,147.4763801866019,143.4153339702326,144.59654235839844,109296300,45.83216514317038,1.204672930939779,1.818125849400535,152.9689442659774,141.18236646400308,2.857786014601896,12.368066469237956
2021-09-15,145.02607290209997,145.8851443505808,142.8881659356039,145.48489379882812,83281300,48.175803223831736,0.9502101147369899,1.644542702467826,152.95248745077222,141.0855801761809,2.8677283289143958,24.426091124290668
2021-09-16,144.9089145646315,145.42630574332543,143.71793470912118,145.25057983398438,68034100,47.59091727226248,0.721324342855695,1.4598990305453998,152.8117665772037,141.46351265863612,2.789101954685292,22.222019477806757
2021-09-17,145.27991132028194,145.27991132028194,142.29268938190515,142.58555603027344,129868800,41.430007595596,0.32118317150900566,1.232155858738121,152.87761632107222,141.33518427707233,2.8032533820918277,2.6087232499588557
2021-09-20,140.37933813407227,141.3945924183066,137.9095220938746,139.539794921875,123478900,35.736134674012945,-0.23894465140134002,0.9379357567102288,153.47048340208673,140.22980804078438,2.9370234216851845,10.444037485976896
2021-09-21,140.50620298279006,141.16027821011605,139.38356500550353,140.01809692382812,75834000,37.19586306276793,-0.6369130748772989,0.6229659903927233,153.83445468721865,139.25276912869933,2.8541441204657088,13.508189664813951
2021-09-22,141.01387841720836,142.94677480134484,140.28171911608493,142.38058471679688,76404300,43.96615912771264,-0.752992863917882,0.3477742195306022,153.88378221768278,138.83541486483676,2.859467960255067,28.643025163601155
2021-09-23,143.1615238009879,143.5813028239796,142.17555476827644,143.33724975585938,64838200,46.482061576282874,-0.7590422925126177,0.12641091712195823,153.90206454090293,138.66777188487833,2.755630824215645,34.77172053157053
2021-09-24,142.1951028511181,143.96204492535793,142.09747565204063,143.4251251220703,53477900,46.718713498290974,-0.748121817981513,-0.048495629898736015,153.91420738848777,138.59510657635596,2.691983570580049,35.334677604177
2021-09-27,142.0095839613355,142.48793328173883,140.39883985731234,141.91195678710938,74150700,43.17809662775273,-0.851748871004105,-0.20914627811980982,153.9860088399377,138.20798682656618,2.715862263021329,25.998480251188884
2021-09-28,139.84240736288436,141.30672576458994,138.31951860844126,138.53428649902344,108972300,36.52410390747399,-1.1926754013847471,-0.4058521027727973,153.95285558839072,137.14680566649207,2.778474828424671,4.312598939135444
2021-09-29,139.08098176355122,141.013878143942,138.65144592439347,139.4324188232422,74602000,39.20685982335245,-1.374545456003034,-0.5995907734188447,153.83851472206155,136.38255613975488,2.757126029602807,10.978224711277
2021-09-30,140.24265523549735,140.94552924628812,137.91926531672686,138.134033203125,89056700,36.786348834249836,-1.6049468251177927,-0.8006619837586344,153.64029911550625,135.5059624811734,2.7763501653141245,2.2658335297141483
2021-10-01,138.5245544569587,139.52029542569983,135.80092800506898,139.2567138671875,94639600,40.22285701680469,-1.677612154497723,-0.9760520179064521,153.0229463234853,135.04948562231547,2.84370854069389,29.598732523478137
2021-10-04,138.38790314925188,138.82721076872008,134.98093045412222,135.83023071289062,98322000,34.12525049029642,-1.9887632806567126,-1.1785942704565042,152.4330061305161,134.1594941746597,2.945999603006132,7.788734399682322
2021-10-05,136.17185207930245,138.8564357660988,136.04493972017434,137.75331115722656,80861100,39.65448503626263,-2.0564705573794413,-1.3541695278410917,150.77240377714494,134.29915841767925,2.9517285637348496,26.541705073727677
2021-10-06,136.15233067899587,138.76857249312508,135.07849119061893,138.6221466064453,83221100,42.02221630512522,-2.016773196385458,-1.486690261549965,149.15703298850474,134.63471200661246,3.0044680450756562,35.3551113420102
2021-10-07,139.65692980871162,140.7893396562003,139.32502120039112,139.88145446777344,61732700,45.368114096428506,-1.86223049787813,-1.5617983088155982,147.46639371913756,135.2729953189484,2.9446626882670373,54.564765089526325
2021-10-08,140.6038878520535,140.75031377150447,139.16885425815033,139.50076293945312,58773200,44.531463717322374,-1.750296591074516,-1.599497965267382,146.910446957283,135.23638226634984,2.8472910329161154,50.32596455380693
2021-10-11,138.88575464341304,141.3653278052875,138.43669034540312,139.41290283203125,64452200,44.32828537177615,-1.6496614693438403,-1.6095306660826738,146.1390058712307,135.34985826451148,2.8531014919852775,49.34768833092535
2021-10-12,139.82286975119803,139.84239816609858,137.68496264197734,138.14378356933594,73035900,41.39058559994797,-1.6532570106605249,-1.618275934998244,145.61438987099214,135.22919838584377,2.803411065709275,35.21671085858617
2021-10-13,137.88022678873125,138.0364094315763,135.88874541033104,137.55807495117188,78762700,40.07075596939345,-1.6839566890879496,-1.6314120858161854,144.7826898119056,135.2682165601647,2.764241572373248,28.695152537066694
2021-10-14,138.72951162040368,140.45741132647578,138.14377836199483,140.3402557373047,69907100,48.47540040201511,-1.466878406465412,-1.5985053499460307,143.860449449441,135.69942451296131,2.7738912011540093,71.39101191579
2021-10-15,140.35006796929892,141.45317790755652,140.09624319922384,141.3946075439453,67940300,51.26478449066628,-1.195978429448303,-1.5179999658464853,143.66086800443824,135.77991110933127,2.6726800230953436,99.09505370379293
2021-10-18,140.03765490452832,143.34701408719482,139.7545598847163,143.0639190673828,85589200,55.383186802800786,-0.8369410218877533,-1.381788177054739,144.1088738575186,135.68431767080173,2.7383781787655717,96.6161583815289
2021-10-19,143.51295730034732,145.62157933226283,143.06390800766076,145.22132873535156,76378900,60.07857811412107,-0.3740050621446471,-1.1802315540727206,144.9966127160693,135.31690199340335,2.7254705463253215,96.23847566539378
2021-10-20,145.1627504339508,146.1877762179813,144.5965455732881,145.7094268798828,58418800,61.076607099388944,0.03189282168668228,-0.9378066789208401,145.6857915467594,134.96060737902184,2.6444534104944566,95.73163271648546
2021-10-21,145.2701339545865,146.08039186170322,144.35249211048287,145.9241943359375,61421000,61.53230737369142,0.36667297991007786,-0.6769107471546566,146.22999196798784,134.6751014158012,2.5789852919748775,97.64802793223198
2021-10-22,146.129212114762,146.60754657748723,145.10418628692474,145.1529998779297,58883400,58.86715668069776,0.5632667313846298,-0.42887525144679933,146.55048040549838,134.52740045387662,2.5021549347311347,87.38364375268522
2021-10-25,145.1432747359116,145.81686377851983,144.1084918165859,145.10423278808594,50720600,58.694031542268434,0.7069839285764772,-0.20170341544214407,147.02486687123198,134.37224158824066,2.445456150959905,86.96065081694742
2021-10-26,145.77780790953028,147.25188335627817,145.46541277347194,145.76805114746094,60893400,60.401199337974276,0.8644802464566794,0.011533316937620636,147.68563185559123,134.4348530687252,2.424184323619357,86.9417038156571
2021-10-27,145.80705169170784,146.168245431377,144.95775186240334,145.30918884277344,56094900,58.59832116831946,0.9414187703882533,0.19751040762774716,148.19331593377493,134.51484599249463,2.3374921268589492,82.90353841741725
2021-10-28,146.256135746264,149.52643805425132,146.1585085567286,148.9407196044922,100077900,66.99476944996599,1.2806645832878303,0.4141412427597638,149.34291984411513,134.44591072229113,2.471760490046016,95.70514994689925
2021-10-29,143.7179583128391,146.3732566337639,142.927228830471,146.23658752441406,124953200,57.62346789454551,1.3161467541483773,0.5945423450374865,149.8244393795707,134.66237855255824,2.7247412246156717,75.8767805101996
2021-11-01,145.44585011354084,146.13895238181297,144.28415529948526,145.41656494140625,74588300,55.10612993955061,1.263532445447055,0.7283403651194003,149.79137072683517,135.65408062814532,2.6695762960666096,69.86386758996758
2021-11-02,145.12372094423125,147.96450225059075,145.11394928812004,146.4513702392578,69122000,57.62206505374803,1.2904597493364918,0.8407642419628185,150.00578899099997,136.3094682721836,2.68250320080976,72.98462838974758
2021-11-03,146.81254373991754,148.35496071493105,146.256110563663,147.88638305664062,54511500,60.894924397089284,1.4113245027808432,0.9548762941264235,150.43045275971386,136.81122814848928,2.6408136972710676,83.21658365815742
2021-11-04,147.9742960700519,148.8040677773685,147.056653914814,147.36904907226562,60394600,59.12221257182866,1.4486668321927425,1.0536344017396875,150.7623893890896,137.22805097956274,2.57699942336274,77.92247360684867
2021-11-05,148.49328605752575,148.79635114627666,146.7042085245969,147.8969268798828,65463900,60.389328442674156,1.5035245298359428,1.1436124273589385,151.04863724648845,137.78141951620688,2.542366794671098,75.30747822789824
2021-11-08,148.02405391839477,148.18047945260236,146.80200740282297,147.07574462890625,55020900,57.40811500769731,1.4638626087681814,1.207662463640787,151.0917734883436,138.50456745403923,2.459231455750262,62.863831979838345
2021-11-09,146.8410949734435,148.0435844748696,146.70422637098488,147.4374542236328,56787900,58.382682918550074,1.4449605857585652,1.2551220880643428,150.81663266878982,139.7090753390227,2.3792405020455796,68.3449371010874
2021-11-10,146.66510417552325,146.7726448402154,144.54363371528353,144.612060546875,65187100,48.95898647320887,1.188296991399909,1.2417570687314563,149.8478389461474,141.38326762123543,2.4159962167815583,25.530812242362256
2021-11-11,145.6288070022433,146.0882826457482,144.37741797894228,144.56317138671875,41000000,48.81216701422184,0.9697654446802062,1.1873587439212063,149.30506050091103,142.34833763141322,2.365629677497584,24.789978628842665
2021-11-12,145.11066161989166,147.03660782102534,144.18190939663026,146.6357879638672,63804000,54.97644303398645,0.952836746770032,1.1404543444909714,148.88378874359236,143.29372743072403,2.400563159418834,56.19702312259416
2021-11-15,147.00728981052836,148.483531417499,146.08830852560698,146.64556884765625,59222800,55.003981087419064,0.9294952249287576,1.0982625205785288,148.67951870471128,143.85616244763244,2.4001817117383473,56.34523608959354
2021-11-16,146.5869216938867,148.1022623119589,146.0003334167105,147.6232147216797,59256200,57.78346507440867,0.9786040142922445,1.074330819321272,148.8193221059534,143.95654764502314,2.378877939131922,71.159827366689
2021-11-17,147.62318884522813,151.53373689410836,147.61341784542643,150.05751037597656,88807000,63.78254265618295,1.2001162061387163,1.0994878966847608,149.51233345057227,143.69834465001367,2.4889808755283513,82.84755551012755
2021-11-18,150.2726099643279,155.12168178008048,149.627365877677,154.33956909179688,137827700,71.46421384871925,1.7015778357005047,1.2199058844879096,151.5206391483385,142.5315764278334,2.7036476631622897,92.85074075703082
2021-11-19,154.12448394226502,157.41913113659675,153.02953515610952,156.9596405029297,117305600,74.96333817306845,2.284078224015076,1.4327403523933429,153.84287849926383,141.39000113940804,2.824072542971214,96.52879854479023
2021-11-22,158.064388202726,161.99449424357113,157.3996020130381,157.41915893554688,117467900,75.5300689129936,2.751080531718003,1.696408388258275,155.7204197898197,140.7439524635983,2.981985485661944,74.31402939360584
2021-11-23,157.51689191338718,158.18169292863084,155.502961782972,157.8004150390625,96041900,76.01517360728063,3.1160277778429872,1.9803322661752176,157.35115454428603,140.31645409829207,2.9603244613760085,76.45440434082246
2021-11-24,157.15516717862224,158.51408217991855,156.06998937776268,158.3185577392578,69463600,76.69146668144758,3.407778140174827,2.2658214409751394,158.8163387028339,140.1522068293927,2.9234507714317126,79.36326178429618
2021-11-26,156.0015407986573,156.8618512011978,152.86331951425362,153.30325317382812,76959800,59.27058331965693,3.1974411294868617,2.452145378677484,159.18371609679005,140.22108279237008,3.1042927324011753,51.207300094710085
2021-11-29,155.8060160344783,157.58532267329434,155.2389847402696,156.6565704345703,88748200,64.99595152909228,3.26371019171944,2.614458341285875,160.0419934690024,140.4048037111734,3.1884196443343926,70.03285118432686
2021-11-30,156.41215841772612,161.8184901598309,156.34371666317804,161.60340881347656,174048100,71.38608915896893,3.673056704415899,2.82617801391188,161.80523121425296,140.26025035312983,3.351730633785712,97.80444313133067
2021-12-01,163.73466976035556,166.49161375206606,160.8506430799377,161.0852813720703,152052500,69.94580831338877,3.910579484514159,3.043058308032336,163.19457343327994,140.3342992473841,3.5152477793816153,75.76690262738293
2021-12-02,155.19011206164845,160.52800204808736,154.27113083970096,160.09783935546875,136739200,67.16459876573296,3.973337519055832,3.2291141502370353,164.22964170854056,140.5203766020063,3.750883690309311,71.34083762504251
2021-12-03,160.35206691181173,161.27104831929452,156.1482237273482,158.22080993652344,118023100,62.109020282558646,3.8274921791477254,3.3487897560191735,164.8008379521945,141.03435644477815,3.848879468997668,59.637447342554694
2021-12-06,160.61596032861834,164.12568814988214,160.60618932990224,161.62294006347656,107497000,66.96297664058685,3.941002738587514,3.4672323525328417,165.84627373133947,141.3615219839926,3.9957365221663133,76.24026605995375
2021-12-07,165.2988844701773,167.7429772469704,164.57542763792551,167.35191345214844,120405400,73.19101142841706,4.442035923129993,3.662193066652272,167.89804309309872,141.33736950455753,4.147472283689709,98.05726599861903
2021-12-08,168.2806769394803,172.02502878126478,166.88264814477856,171.16470336914062,116998900,76.38212132965171,5.088115979347776,3.947377649191373,170.54279586735643,141.06534164485058,4.218537166032316,96.15886078905874
2021-12-09,170.9984899495763,172.7973384356804,170.03062395661755,170.65631103515625,108923700,75.09851025940247,5.495764316074087,4.257054982567916,172.2772769378851,141.93528562315007,4.114835545534497,89.25942927533403
2021-12-10,171.29179439045112,175.61294836881706,170.78341894665584,175.4369659423828,115402700,78.71999421332285,6.133879907919635,4.63241996763826,174.70435623458985,142.5955857820117,4.174964244686376,99.22643825286431
2021-12-13,177.06962931153166,178.05705234389498,171.60464142456377,171.80995178222656,153237000,70.35952462548302,6.274591792938054,4.960854332698219,175.94441676956745,143.87294162887002,4.337639007161008,75.20375164763806
2021-12-14,171.33089709564845,173.76521877848376,168.35888695654498,170.4314727783203,139380400,67.42846612734888,6.203366690655827,5.20935680428974,176.50794249223804,145.68800629926585,4.413974208216563,69.73223611944121
2021-12-15,171.1940123824784,175.48583813344078,168.45662585148168,175.29031372070312,131063300,71.87579330811747,6.464469757597385,5.46037939495127,177.76495480000028,147.19770389140598,4.600776927769601,89.01814732298548
2021-12-16,175.27077720416733,177.08918279763162,166.93153397693786,168.4077606201172,150185800,59.485689585995395,6.04633294153507,5.57757010426803,177.7147032051313,149.08298051068903,4.997696348692756,59.432760584548326
2021-12-17,166.12985777423478,169.59070130648584,165.8952344280195,167.31280517578125,195432700,57.77923155194586,5.562481919812342,5.5745524673768925,177.79957069996033,150.2954366242584,4.904679957962298,54.82938440615275
2021-12-20,164.51674516713837,166.76531314131543,163.7150906232475,165.95387268066406,107499100,55.645691617027325,5.011601382728912,5.461962250447297,177.8559776637412,151.13845287825097,4.811325286145972,49.116204469535305
2021-12-21,167.72341591348743,169.3267401361631,165.3379790393109,169.12144470214844,91185900,59.408224947237194,4.775571363847746,5.324684073127387,178.1578669591599,152.00679215949248,4.752570701196416,62.433208063135226
2021-12-22,169.1703261593658,171.92727008747283,168.30022969109157,171.71218872070312,92135300,62.230313356681556,4.742894132713303,5.20832608504457,178.7016447140631,152.85419177275332,4.672175679423905,71.0396948452102
2021-12-23,171.91746810959268,172.89510508509778,171.35043687369296,172.3378448486328,68356600,62.90110770716168,4.713152128409064,5.109291293717469,179.21855466234,153.73921053541392,4.448782288851113,67.22679279141498
2021-12-27,173.12975263201184,176.3852860059842,173.1102106304085,176.29730224609375,74919600,66.90673293725573,4.951993004282571,5.07783163583049,179.48109310897144,155.776076996009,4.420115065172561,87.73006000101229
2021-12-28,176.1311025117923,177.2749361221624,174.5375492742612,175.28054809570312,79144300,64.96689067866251,5.001577484730291,5.062580805610451,179.68693475808104,157.4326331130127,4.299920192510319,80.64069405376638
2021-12-29,175.31966069433915,176.59059189162147,174.15627017338588,175.36854553222656,62348900,65.06130589898619,4.990447428909363,5.048154130270234,180.26580810647016,158.23027343649858,4.166663158633553,81.25426030249477
2021-12-30,175.45653864701077,176.53194546765312,174.10739462067014,174.21493530273438,59773000,62.676559316278286,4.8328302166809465,5.005089347552376,180.42796292609674,159.3810840099384,4.042226564944227,73.21065893217883
2021-12-31,174.10740540326523,175.22191121478994,173.2959647369927,173.5990447998047,64062300,61.3829699154561,4.605135093286151,4.925098496699131,180.14258814369114,161.0165793367776,3.891063701576586,68.91633354680971
2022-01-03,173.8531968520303,178.79026689432098,173.73588518068755,177.93971252441406,104487900,66.61302321052779,4.7205253980791895,4.884183876975143,179.7268362032731,163.4042215359847,3.9839321582151364,94.35791426506252
2022-01-04,178.54585013474667,178.84891521802436,175.11433471652768,175.68136596679688,99310400,61.91473161087281,4.576982744553504,4.822743650490816,179.14458782791996,165.3923125016699,3.9661213255923897,79.06973725385517
2022-01-05,175.5934373990841,176.14091190448147,170.73457878734038,171.00831604003906,94537600,53.505207961779895,4.039582292567758,4.666111378906205,178.96171808042237,165.9408225079565,4.068993596417297,48.19155508983943
2022-01-06,168.83793801323478,171.37980064842037,167.80164498917833,168.15359497070312,96904000,49.11635089183339,3.3447798896966674,4.401845081064298,179.07053317760756,165.5308965709276,4.033933743761922,29.32837181810263
2022-01-07,169.0236323830211,170.24567843093976,167.205227267016,168.31973266601562,86709100,49.37660395032359,2.775555032489848,4.076587071349408,179.15096288978634,165.21680902183476,3.9629707023449106,30.42616236187462
2022-01-10,165.29888813158135,168.64240533418686,164.40923476090865,168.33934020996094,106765600,49.409491107946046,2.299515019295086,3.721172660938544,178.82140585016654,164.83660348821238,3.9822706931258613,27.217399032646732
2022-01-11,168.46643037323963,171.26245812752686,166.99997473942338,171.16470336914062,76138300,54.04253963583374,2.125728992945483,3.402083927339932,178.79546497018015,164.7980195268902,4.0022858856242625,46.784058887556334
2022-01-12,172.18141648353657,173.21770927349675,170.91050037060046,171.6046142578125,74805200,54.737581043044614,2.0004396244693794,3.1217550667658216,178.82554933419613,164.88524931082338,3.8812089582865505,49.83060060278586
2022-01-13,171.84905393496263,172.6702655459411,167.94827640647682,168.33934020996094,84505800,48.83398745091255,1.6190037037609954,2.8212047941648564,178.44997896089956,164.56572233304576,3.9412646855135316,27.217399032646732
2022-01-14,167.508353425533,169.8937905683483,167.2639441267619,169.19967651367188,80440800,50.3533251494231,1.3703385285303682,2.531031541037959,178.42384688265955,164.6710460006412,3.8475919538044496,33.175538523794366
2022-01-18,167.6745435442064,168.68150862321704,165.62151446360372,166.00279235839844,90956700,45.00545084910977,0.9048768941993615,2.2058006116702398,178.55045848499176,164.41343311657076,3.8283469606804292,11.03596164903015
2022-01-19,166.1982840356235,167.2541337478389,162.22908034487585,162.51258850097656,94815000,40.009432697304824,0.25146616763058205,1.8149337228623084,179.0779138706127,163.54184931298107,3.9138259922720446,1.7058421955729104
2022-01-20,163.24585020445963,165.88546757565922,160.50846314939517,160.83108520507812,91420500,37.83055328152382,-0.39746803966886546,1.3724533703560737,179.93568802562228,161.85503920826446,4.018338737557188,1.759073628478284
2022-01-21,160.74309086318223,162.6103813121943,158.67050497614542,158.77804565429688,122848900,35.30263950413732,-1.0651379606675562,0.8849351041513478,180.77184438595975,159.72546854128632,4.012734280306595,0.5329492108761779
2022-01-24,156.44149634340394,158.67050778679211,151.24045969712583,158.00570678710938,162294600,34.372129051906185,-1.637713928511488,0.38040529761878067,181.33086884879697,157.7332302722968,4.264509400082627,24.504257707797226
2022-01-25,155.42475069595457,159.1202179477596,153.50859022634555,156.2068634033203,115798400,32.24061803326879,-2.2111474048338096,-0.1379052428717374,181.2832759978264,155.77177923899004,4.3607321373205865,19.94503418989073
2022-01-26,159.84367643647036,160.71377291639465,154.29070450112417,156.11888122558594,108275300,32.13565067104602,-2.642238907243666,-0.6387719757461231,181.04754386207787,154.0913446877268,4.508041871459865,22.197598072987244
2022-01-27,158.8171416631375,160.1760566161972,154.74039680395836,155.6593780517578,121954600,31.557773194942627,-2.9865331989842048,-1.1083242203937393,180.53489368622752,152.63307811553028,4.57430029580122,20.106785151964747
2022-01-28,162.0042414218655,166.5404767176366,159.1593140383979,166.5209197998047,179935700,53.04967732706658,-2.3557970978086757,-1.3578187958767267,179.6806162953566,152.71795395610823,5.024785893663904,69.52853699722193
2022-01-31,166.35470576493188,171.0864649878099,165.7192328015865,170.8713836669922,115541600,58.65047702022855,-1.4877383955415837,-1.3838027158096982,179.28166809782672,152.84413604035686,5.049246343132442,89.32384328461536
2022-02-01,170.1186120178827,170.93005253238587,168.4566320719076,170.7052001953125,86213900,58.36406323060354,-0.803937941129675,-1.2678297608736937,177.90876968627737,153.4935832189961,4.865258780085716,88.56768191372953
2022-02-02,170.8420635898593,171.94679815950911,169.45382085751916,171.90768432617188,84914300,59.89038831608223,-0.163110498417808,-1.0468859083825166,177.1750717841341,153.8499129570768,4.695810103078876,96.44149263344171
2022-02-03,170.57811566132818,172.29876649074853,168.27089152715303,169.033447265625,89418100,54.72620175220391,0.11153722535459565,-0.8152012816350942,176.9126998540437,153.9147980097258,4.648100450258636,84.49391369816873
2022-02-04,168.05454433189513,170.42345318106436,167.07566180917,168.7495574951172,82465400,54.2288234690828,0.30279950900637687,-0.5916011235068,176.97543417587934,153.91165994033162,4.555221230375475,83.14580070271276
2022-02-07,169.20965988540354,170.2766384169295,167.33999039041194,168.03500366210938,77251200,52.92498981217308,0.3921967245163387,-0.3948415539021723,176.94694146362212,153.9116797521982,4.439608858671338,79.75258471431142
2022-02-08,168.1035042386361,171.64706939744136,167.80983647215697,171.13804626464844,74829200,57.68318690227468,0.7053039616623948,-0.1748124507892589,177.30174598293408,153.83674583835497,4.396582006286556,94.48806479326434
2022-02-09,172.3322952525055,172.91961588647231,171.20657123174874,172.55743408203125,71285000,59.69024604516866,1.0558057658083726,0.07131119253026741,177.52672271804082,153.75104217453733,4.209795407396365,98.32935469776703
2022-02-10,170.46260694632986,171.77430598076174,167.92730472233933,168.48526000976562,90865900,52.06118315356717,0.9935376719435851,0.25575648841293097,177.120412526909,153.84541694086445,4.239819261131762,79.54553287048225
2022-02-11,168.69082956541044,169.4249914689082,164.4914151129285,165.07875061035156,98670700,46.68567628700065,0.6616854221311144,0.33694227515656766,176.8799940277878,153.7597764800247,4.289373339335185,59.606125851314005
2022-02-14,163.83556797241158,165.99890498473425,163.04267549502603,165.31369018554688,86185500,47.091430166069,0.4128882646340344,0.35213147305206105,176.54084589282456,153.71032598217545,4.194148778647545,59.171389333530314
2022-02-15,167.3595849608588,169.29776862360237,166.65478818594016,169.14114379882812,62527400,53.323793559591,0.5185803723310016,0.3854212529078492,176.8340038506337,153.73100316840927,4.179143754319541,79.2154323544151
2022-02-16,168.22097415914394,169.67949961629867,166.4589825612284,168.90618896484375,61177400,52.911754826672116,0.5767349956238093,0.42368400145104124,177.18475911576311,154.01960794966655,4.110670418658879,70.83329300519529
2022-02-17,167.41828169802858,168.27970312361404,164.91234475439344,165.31369018554688,69589300,46.939328454220906,0.3291441568850928,0.40477603253785155,177.1916019614705,154.4610256020061,4.102325689501123,22.99309908246088
2022-02-18,166.23387859788448,166.93866044821442,162.68052937533312,163.76708984375,82772700,44.60506959090161,0.008036274118722986,0.32542808085402586,177.00013975116408,155.1513922312578,4.113454645456851,10.611888738656507
2022-02-22,161.49607262837773,163.16996871038384,158.7258326412145,160.8500213623047,91162800,40.51285670334729,-0.47633617698579656,0.1650752292860614,176.7676364394159,155.66832700052552,4.179726256676753,14.96562744678997
2022-02-23,162.04423283731927,162.6413518716535,156.37650867254357,156.68975830078125,90009200,35.509339038671484,-1.1822747669244222,-0.10439476995603533,176.6970941788023,155.7871587508852,4.3286631811362675,1.8935356229447575
2022-02-24,149.35790916683425,159.4110376690062,148.79015546543386,159.30335998535156,141147500,40.48247914134569,-1.5133948979713239,-0.3861947955590931,176.2887640166278,156.51393678903628,4.778107397024558,43.56999425793729
2022-02-25,160.38013909716133,161.6331077669388,157.47285626304333,161.3688201904297,91974200,44.1479921929523,-1.5908067803183883,-0.6271171925109522,175.5444211712725,157.82922384825875,4.733974833229622,52.12990471195329
2022-02-28,159.61662156600548,161.92678549313706,158.99992064321486,161.63311767578125,95056600,44.618015435440704,-1.612244703208205,-0.8241426946504029,175.5844566535437,157.3004081535852,4.604895548707663,53.22523581650266
2022-03-01,161.22197083806662,163.0818568508139,158.5496253630897,159.75364685058594,83474400,41.91658564634699,-1.760596934226271,-1.0114335425655767,175.2441534933979,156.5289376320904,4.5997052586374165,45.43612328601025
2022-03-02,160.9185355637426,163.82581854222389,159.5089420061074,163.04270935058594,79724800,47.86540351576507,-1.594388175801953,-1.128024469212852,174.6555298716449,156.35131216937071,4.57950320702878,62.01035742281277
2022-03-03,164.91232173892092,165.34303239160286,162.05398687796648,162.71961975097656,76678400,47.35235825189877,-1.4717715020673552,-1.1967738757837527,173.7543159013073,156.33371968218879,4.487327657500752,66.68215232102455
2022-03-04,161.01642127862274,162.0540345545001,158.67689221468046,159.7242889404297,83737200,42.77485174484859,-1.5978757510987975,-1.2769942508467618,173.38561552286487,155.7715042281117,4.455570505986135,52.343115207583764
2022-03-07,159.91029698865853,161.53524604361925,155.68151606537282,155.93603515625,96418800,37.79819816921538,-1.9806628492078744,-1.4177279705189845,173.31329149119932,154.56247602589053,4.555439039719013,34.20825296959027
2022-03-08,155.4661583222758,159.44041971330986,152.50992837199067,154.11529541015625,131148300,35.65127056392012,-2.403239810671664,-1.6148303385495206,173.37289008516996,153.1109066067246,4.725085632690455,25.49213563749887
2022-03-09,158.06998280822745,159.95923428896205,156.04370327606966,159.50894165039062,91454900,45.52272118963124,-2.2766689002251894,-1.7471980508846545,172.20093554130264,153.11995068916613,4.805003721698694,54.99761396698123
2022-03-10,156.81697023000987,157.00296029096637,152.6860849715575,155.17245483398438,105342000,40.1851156069825,-2.497489284514927,-1.897256297610709,170.68066033604586,152.90172796961818,4.949136075779724,35.16708056452084
2022-03-11,155.57381332247203,155.91642822664025,151.2373703266691,151.46250915527344,96970100,36.26726987155243,-2.937985374388205,-2.105402112966208,170.3739251206893,151.50618809952556,4.929844777507684,16.14434579414269
2022-03-14,148.2517595892854,150.86537421208124,146.9302771053436,147.4392852783203,108732100,32.559972128028164,-3.570563014765071,-2.398434293325981,171.03484739808044,149.0813192889313,4.90144386839498,2.7644324006009033
2022-03-15,147.71337523300835,152.28477002224423,147.2043670461277,151.8148956298828,92964300,39.77100304844265,-3.6764305623458142,-2.6540335471299477,170.65530098596497,148.11098624548032,4.914226661803664,26.52844970021631
2022-03-16,153.73349374971625,156.62119402728206,151.19819175617425,156.2198486328125,102300200,46.02760632320318,-3.3660863152041713,-2.796444100744792,169.0987709574981,148.37538675734564,4.950567776753959,50.45182745898627
2022-03-17,155.2605702418383,157.60009906528276,154.30126947324382,157.22811889648438,75615400,47.375154146860595,-3.0041473391141835,-2.8379847484186707,167.35305457346828,148.95329613453953,4.8325864778457435,55.92776111474017
2022-03-18,157.12047215929823,161.00663805311925,156.3863100625295,160.51719665527344,123511700,51.6187270149172,-2.423965045589142,-2.7551808078527653,166.56076891588629,149.26593243909417,4.817425157327459,73.79080066343595
2022-03-21,160.05709828830467,162.83713639325782,159.56765695852218,161.8876190185547,95811400,53.308181872789945,-1.832461293242659,-2.5706369049307445,166.23673609810936,149.40201817435155,4.706857605713758,81.23358878490706
2022-03-22,162.01484532225444,165.8422796739602,161.42752475473955,165.2549591064453,81532000,57.25770253487017,-1.0795299555526299,-2.2724155150551217,167.00364071564812,149.0756073312269,4.685993128107108,96.89445596581338
2022-03-23,164.4424952526729,168.9942934206818,164.1096638130363,166.61561584472656,98062700,58.77513417486165,-0.3687817323080935,-1.891688758505716,168.25273837927713,148.8190954219924,4.700181448074137,89.21919952397036
2022-03-24,167.44770275744602,170.4626638147334,166.61566127290448,170.39414978027344,90131400,62.73196268437545,0.49369644010442926,-1.414611718783687,170.16301498361426,148.01789779714747,4.639243342497901,99.70885216486514
2022-03-25,170.20810721060892,171.578536843318,169.10196511927478,171.03036499023438,80546200,63.36948646386081,1.2145532421897371,-0.8887787265890023,171.8429700599656,147.30409720077657,4.484766798322567,97.7760220846785
2022-03-28,168.53422465828777,172.0190445148475,168.36781639958284,171.8917999267578,90371900,64.26095481471633,1.8342044838630898,-0.3441820844985839,173.52088038129878,146.65205510454106,4.425228320961289,99.49282248102195
2022-03-29,172.95877935054617,175.22977935165113,172.6161644453855,175.18084716796875,100589400,67.51196738154637,2.561157749614182,0.23688588232396923,175.88850480314665,145.82715071443147,4.347567685527863,99.82709171611396
2022-03-30,174.77951856347462,175.81713189197046,172.9685794955082,174.0159912109375,92633200,65.24820384350292,3.0085980638199032,0.7912283186231561,177.53406785056626,145.278915853047,4.240495164880319,93.76484323289222
2022-03-31,174.0845012718467,174.27049138056103,170.7171422878286,170.92271423339844,103049300,59.53890942337331,3.078113558920194,1.2486053666825638,178.49274675528528,145.1405463965702,4.191413302584041,83.0565920217874
2022-04-01,170.35494237968112,171.18699858724577,168.30908127405286,170.6290283203125,78751300,59.01095611013425,3.074071112625319,1.613698515871115,179.45773069314774,145.26603639669602,4.097592160484675,81.86787051300372
2022-04-04,170.88357292891146,174.720791608407,170.75631338866327,174.67184448242188,76468400,63.77318590288067,3.3583756578032933,1.9626339442575507,180.9560269413058,145.64132108115516,4.097175812456806,95.34794185602115
2022-04-05,173.7516656886956,174.53477477488693,170.73670541562527,171.36318969726562,73401800,57.849471622981476,3.278911023354169,2.2258893600768745,181.61351546833038,146.70862198284152,4.085601759195363,79.2992625253623
2022-04-06,168.72019203962893,169.9633770244397,166.53728819844997,168.20138549804688,89058800,52.80199284053943,2.9270622024280897,2.366123928547118,181.99318896259334,147.19819287334414,4.138480312025384,60.805845163046826
2022-04-07,167.54556668896316,169.69910564386342,166.26323274049562,168.50486755371094,77594700,53.223866253692066,2.642249732326121,2.4213490893029186,182.15387331365832,148.37074979425182,4.088294068549842,54.9999961955214
2022-04-08,168.1524524173325,168.1524524173325,165.62693350816983,166.49813842773438,76575500,50.038887354128875,2.2289139951902257,2.38286207048038,181.60816944474303,150.4200165904132,4.001839781192075,35.23802717223173
2022-04-11,165.1472853633742,165.46052001953282,162.0050657338506,162.24978637695312,72246700,44.03156800695643,1.5407748467144415,2.2144446257271926,179.83945274935587,153.66978339566367,4.036927846384338,1.7717888134980029
2022-04-12,164.4718441031093,166.28276779117587,163.12098145475815,164.11944580078125,79265200,47.04464117566189,1.1332224212144126,1.9982001848246367,178.509532777508,156.23015838460134,4.036645958372796,15.308209812531434
2022-04-13,163.85518867958416,167.42810486793778,163.24828613297083,166.80162048339844,70618900,51.11083777371441,1.0149634024563454,1.8015528283509785,177.73807993781344,158.05978840935455,4.046872585272379,34.72727899386741
2022-04-14,167.01696134936807,167.6532440657547,161.55479409572018,161.7995147705078,75329400,44.28187221859708,0.5117154146237795,1.5435853456055386,177.09684924493558,159.15815868963472,4.193413827041104,1.7158524660099488
2022-04-18,160.4584131571765,163.08182595142617,160.1158132536157,161.58413696289062,69023900,44.0092141801726,0.09442015272711046,1.253752307029853,176.97050328596308,159.39119867936896,4.1057423178103445,9.351594876166288
2022-04-19,161.5352440651779,164.27611889634176,160.44868355818875,163.86497497558594,67723800,47.6829960820828,-0.05164940076869584,0.9926719654701434,176.81203458248513,159.74740297855004,4.085863247834821,23.87800546134951
2022-04-20,165.19623667762264,165.31371275678185,162.59242008519655,163.69854736328125,67929800,47.43840394033051,-0.17877903824106056,0.7583817647279026,176.8775604745117,159.52623591220703,3.9883939209598553,24.530910095393594
2022-04-21,165.34306268686478,167.90773030576432,162.40641490220864,162.9056396484375,87227800,46.221913149113846,-0.3395965600859654,0.5387860997651291,176.98845738597512,159.04434138111472,4.096459741145272,19.101886542040443
2022-04-22,162.94483948037262,164.32505289369502,158.08957416008516,158.37344360351562,84882400,39.920405994426254,-0.8232658521794747,0.2663757093762084,177.28261664568166,157.54811150373243,4.249246812035599,1.7068470441958226
2022-04-25,157.71757136622622,159.7242838315626,155.11375480994548,159.44041442871094,96046400,41.92762448258,-1.1077126009302845,-0.008441952685090182,177.15996141668734,156.51177167657437,4.275052684148564,22.27823063142866
2022-04-26,158.82367584026736,158.9117716750652,153.41045714368724,153.48876953125,95623200,34.91945942967567,-1.7927213263765793,-0.36529782742338807,177.54088645255206,154.2905436011589,4.400403012782502,0.4731031632299609
2022-04-27,152.61757531774515,156.4156292897006,152.09876878373368,153.26364135742188,88063200,34.683301778960015,-2.326938144209663,-0.757625890780643,176.89114298338984,152.7485664892664,4.394435690867104,6.618467492670551
2022-04-28,155.88704759214835,161.0457628626786,155.57379800357486,160.18434143066406,130216800,46.63199339253768,-2.166887632176838,-1.039478239059882,175.5485158662246,152.7080286284043,4.6364132490377905,50.365840211327274
2022-04-29,158.42236732431553,162.69029635210208,153.92929946524063,154.3208465576172,131747600,39.961879622838744,-2.4845412364719266,-1.328490838542291,175.04770863452325,151.5486490925275,4.931026366025195,14.055811134633522
2022-05-02,153.40069487713816,154.88858563658798,150.0333364297974,154.62429809570312,123055300,40.43671750681399,-2.6808943224231143,-1.598971535318456,174.3250447787348,150.67083992585506,4.925613711794151,25.684572566561364
2022-05-03,154.8102670522691,157.31621889046943,153.01892515604405,156.1121826171875,88966500,42.82448969423543,-2.685489065287271,-1.816275041312219,172.23009308824285,150.90982542982354,4.880733713410667,34.008684319994956
2022-05-04,156.29814439346256,162.96433086517524,155.89679904169262,162.51405334472656,108256500,51.78127816378799,-2.1477945286929696,-1.8825789387883693,170.76133802762783,151.49366685518467,5.036933578415807,69.8245602146552
2022-05-05,160.38991736716943,160.61505617925764,151.6778534074066,153.4594268798828,130525300,41.80592227262693,-2.4243539740986932,-1.9909339458504343,170.00119381604722,150.7796152049489,5.451166889766105,19.16758953539663
2022-05-06,152.93984857664353,156.30235682996496,151.1458596477854,154.1848602294922,116124600,42.7573741812614,-2.5555343097144316,-2.1038540186232337,168.86428045597916,150.48452783259506,5.430119053509925,23.2260955448494
2022-05-09,151.88106604384285,152.76336357443273,148.5087756857944,149.0675506591797,131577900,38.03345278888686,-3.037406455082561,-2.290564505915099,168.55675547613535,149.04899403558338,5.447688017094772,2.8804385820360756
2022-05-10,152.45952464307155,153.6555174482576,149.92048190900607,151.46939086914062,115366700,41.310903461664964,-3.188727504304808,-2.4701971055930407,168.39971459481666,148.12799536612084,5.386279357950711,15.261725393689346
2022-05-11,150.47925033829725,152.39087300235883,142.9405806152843,143.61700439453125,142689800,34.82573331650946,-3.8973463071764627,-2.755626945909725,168.91163559457348,145.565830225739,5.676566002888127,3.1631539485305047
2022-05-12,139.9604210928437,143.32291464808353,136.06854586723028,139.75454711914062,182602000,32.152038122604,-4.716234025899951,-3.1477483619077704,169.0644299426718,142.7083285412149,5.810272611774758,13.704754303293171
2022-05-13,141.74456868725608,145.18550397266762,140.29369821646105,144.21498107910156,113990900,38.06550706533838,-4.948248372528013,-3.507848364031819,168.85356891552988,141.16073619921622,5.783178629042776,30.28889178171869
2022-05-16,142.68571610317943,144.616949555646,141.3426662408205,142.6759033203125,86643800,36.87134671729687,-5.196411133435987,-3.845560917912653,168.58295828997737,139.5405234605109,5.603971820884397,24.566516476790206
2022-05-17,145.93054340694096,146.82263885480765,143.79343645262884,146.30307006835938,78336300,41.52697434109008,-5.042275651301026,-4.084903864590328,167.32790156568674,139.0393896940789,5.499883514713737,38.05252087608183
2022-05-18,143.960147405131,144.4601057389983,137.1469043666091,138.04881286621094,109742900,35.170387006699286,-5.522511666878927,-4.372425425048048,166.66875819127623,137.13355961878236,5.761046528073489,7.362741035935411
2022-05-19,137.12729010884627,138.87226008655338,133.91183880440775,134.64707946777344,136095600,32.93304403732914,-6.107193697570267,-4.719379079552493,166.19988795522167,134.7765738367705,5.703859010507213,2.5307318278508593
2022-05-20,136.3528515735585,137.93116906609265,130.00037534307543,134.8823699951172,137426100,33.24934448300323,-6.476910645958355,-5.070885392833665,166.02384798479318,132.60350644635918,5.8629257756865,14.810099621596537
2022-05-23,135.07841705772444,140.44077384848245,134.94117272312687,140.29373168945312,117726300,40.230936455125686,-6.261088397472548,-5.3089259937614415,164.81567363743912,131.89701251978747,5.841174209806411,31.226095847255902
2022-05-24,138.03899606760518,139.17617200488684,134.62748321427134,137.5978546142578,104132700,38.09333782378245,-6.235701178617802,-5.494281030732714,164.5050315701769,130.61856309535042,5.828679514476081,24.81645754151792
2022-05-25,135.70580258630076,138.99968110716551,135.61757730341805,137.7546844482422,92482700,38.29872505459614,-6.132238143714403,-5.621872453329052,164.0474385920602,129.52526038254916,5.653924106566894,29.481843826222608
2022-05-26,134.68628135538745,141.49950829001511,134.44120114221013,140.95053100585938,90601500,42.48618033465974,-5.72635497908027,-5.642768958479296,162.0551909624182,129.5941269697107,5.754237180941043,46.290804824144665
2022-05-27,142.5288274126525,146.73439667634008,142.4013809336445,146.6951904296875,90978500,49.16475812155529,-4.8848343122486995,-5.491182029233177,161.18442803431375,129.70232428502217,5.756353501622447,70.57583933496942
2022-05-31,146.1364342695409,147.69514080945274,143.9503080341332,145.91094970703125,103718400,48.339511375969145,-4.232416134489995,-5.239428850284541,160.14978373876866,129.86563374170007,5.612673449743668,71.05949410355818
2022-06-01,146.95010821381516,148.75391017683245,144.773794451972,145.78353881835938,74286600,48.19796444778128,-3.6831934605902745,-4.928181772345688,158.71542277816096,130.267130322425,5.49606218368058,84.16100545948115
2022-06-02,144.92085472708317,148.29316134885798,143.96994216366954,148.23434448242188,72348100,51.16045398306716,-3.015411216263999,-4.54562766112935,155.38531614871783,132.16926606563766,5.412287683788285,97.22950526918618
2022-06-03,144.00911981753086,145.05807025566116,141.61714962601158,142.51904296875,88570300,44.735406493176434,-2.913777826885166,-4.219257694280513,153.91128803452725,132.54925578871493,5.498352481832714,66.7536426420289
2022-06-06,144.13656879270374,145.6462712304333,142.0484806619193,143.2640838623047,71598400,45.69287481333018,-2.741511620599539,-3.9237084795443185,152.04185842119418,133.32660776532927,5.3625980594528055,70.72644510385379
2022-06-07,141.50933876771822,146.06782531945106,141.26425852389363,145.78353881835938,67808200,48.91597435522872,-2.3743207602562677,-3.6138309356867087,151.5142316503455,133.5258333520959,5.32266725488885,84.16100545948115
2022-06-08,145.65604230031803,146.9206493425614,144.55808797164124,145.04824829101562,53950200,48.02024191174434,-2.1182334814249373,-3.3147114448343546,150.2578834003283,134.14006734430063,5.111231120319658,80.24019514898865
2022-06-09,144.18560463111925,145.0384790561678,139.72514139394366,139.83297729492188,69473000,42.12775645163406,-2.309488901044091,-3.113666936076302,150.10609795131498,133.913450083353,5.126365104373394,52.43065928108346
2022-06-10,137.51940103001422,137.98995082700978,134.36276684809005,134.431396484375,91437900,37.05596913885245,-2.8639092642531807,-3.0637154017116783,150.47702062016918,133.01021235102223,5.150925485977568,0.476888004776411
2022-06-13,130.25522177759234,132.53937106937602,128.85337019356888,129.2847137451172,122207100,32.981639648235856,-3.6762086361184743,-3.1862140485930377,151.25960124868854,130.73460498910444,5.181432686322466,2.167496720747632
2022-06-14,130.5100982117538,131.25513655089347,128.89256009857948,130.14736938476562,84784300,34.285861704652234,-4.201915572894308,-3.389354353453292,151.6780076835105,129.0633451607278,4.980085812464718,6.502332058753205
2022-06-15,131.64731188113106,134.63729418113485,129.55923814253225,132.76487731933594,91533000,38.21481884193991,-4.357105097549038,-3.5829045022724415,151.1259974799475,128.26153608938841,4.987083685760281,19.655281359483972
2022-06-16,129.48076322339185,129.78466025494586,126.50057984100816,127.5005111694336,108123900,33.83347047496372,-4.848988149079304,-3.836121231633814,151.82554261397038,126.50716078568782,5.078313242372245,4.493400822867865
2022-06-17,127.51033981148552,130.4611001773296,127.2554468176956,128.97100830078125,134520300,36.039398298323626,-5.06180286958292,-4.081257559223635,152.20543790763725,125.55965837532176,4.944551822176655,11.101387623748595
2022-06-21,130.7943992837295,134.36276639582726,130.6963761788774,133.19618225097656,81000500,42.02064127437316,-4.8338027728726445,-4.231766601953438,152.24844541328565,125.34803209525928,4.97649512738161,30.088091575172264
2022-06-22,132.1374396483602,135.04899374439103,131.27476747959807,132.68643188476562,73409200,41.51621890938353,-4.64074799386151,-4.313562880335052,152.1179499423382,124.71779758573797,4.890618780053849,28.385127487210653
2022-06-23,134.1275334387869,135.86269092971577,132.96094899420544,135.5489959716797,72433800,45.47455981011541,-4.208255541903952,-4.292501412648832,152.0718498268285,124.55901183698984,4.768164513260727,44.31138752972052
2022-06-24,137.14690930909833,139.1173641987572,137.01947774401722,138.87228393554688,89116800,49.72855107025012,-3.556345258587072,-4.14527018183648,152.12721862318196,124.61540298936686,4.682464778533355,60.586003850759006
2022-06-27,139.8918112487565,140.666273257268,138.1958600157244,138.87228393554688,70207900,49.72855107025012,-3.005061187514457,-3.9172283829720755,151.9725752776978,124.56222162781975,4.5244610973198,60.586003850759006
2022-06-28,139.33302894232776,140.59763645444562,134.61768731128618,134.73532104492188,67083400,44.694323973181135,-2.86891189019957,-3.7075650844175745,150.86028987851762,124.4785200885234,4.628424529165488,40.3267050745706
2022-06-29,134.75492447437682,137.90174634957765,133.98046254650382,136.49008178710938,66242400,47.13879569999153,-2.589567146314522,-3.483965496796964,149.81019785468385,124.58652532036496,4.577914477301799,53.88691474777332
2022-06-30,134.54900292765177,135.6469572176439,131.13749141338678,134.02943420410156,98964500,44.18929452823299,-2.5374875428119026,-3.294669905999952,148.619042466467,124.60227024715604,4.633248469903284,53.148505631581344
2022-07-01,133.36284196732555,136.3038045198631,132.9903302157903,136.1959686279297,71051600,47.31506713140988,-2.2949382408128827,-3.094723572962538,146.6983495029201,125.3191256252537,4.538978886629678,68.44274051415552
2022-07-05,135.05880629688934,138.82323473193733,134.2353254229341,138.7742156982422,73353800,50.843367986236,-1.8730814630871464,-2.85039515098746,146.15625790379775,125.48673449732526,4.542473916799219,86.64338198330597
2022-07-06,138.5683715462856,141.28384979355582,138.30368070277723,140.1074676513672,74064300,52.61075377570602,-1.4148649547839511,-2.5632891117467587,145.6089250524389,125.7184057275904,4.430880714940602,92.04247675944049
2022-07-07,140.47017616296918,143.66603189279604,140.4603783389641,143.469970703125,66253700,56.82674036745243,-0.7715057381123245,-2.2049324370198717,145.04117385852217,126.05480010998369,4.3685723954040485,98.85781516805075
2022-07-08,142.4013924960781,144.646335480772,142.14651447587394,144.1463623046875,64547800,57.64306730122132,-0.20470011879356775,-1.8048859733746112,144.81286763237534,126.1929177374977,4.235090153225049,97.1250855216731
2022-07-11,142.80331779694055,143.75423009408246,140.95051223046443,142.01905822753906,63141600,54.173673325820054,0.07201165222548411,-1.4295064482545923,145.18387746596608,126.04051599716871,4.160858719010623,81.16641635738601
2022-07-12,142.89157069008422,145.52863633565593,142.19555121961218,142.98960876464844,77588800,55.48992262221092,0.3654108130813256,-1.0705229959874087,146.14014238039627,125.94007231076583,4.114338675375355,82.35701478428898
2022-07-13,140.17608985764943,143.56799177024092,139.3232005090592,142.62689208984375,71185600,54.855790672289814,0.5621830611966914,-0.7439817845505887,146.69036591892655,126.72406660670822,4.123656717218666,79.83659909280766
2022-07-14,141.244640047542,146.01879814456234,140.4309718883509,145.54824829101562,78140700,58.92700156836239,0.9429853678057043,-0.40658835407933014,147.70285728217263,127.25166313408712,4.228240255718149,96.83798027923895
2022-07-15,146.83245817528143,147.8912065060331,145.2835494113212,147.21478271484375,76259900,61.083126635906304,1.3635313983283197,-0.05256440359780018,149.04649908338575,127.35301187242482,4.112484315646275,95.96254450162974
2022-07-18,147.77358792071823,148.58725611818477,143.8130828380742,144.17581176757812,81420900,55.374587449550184,1.4350551768951902,0.2449595125007979,148.94026897866445,129.12677203696057,4.159747813108011,74.71917572966659
2022-07-19,145.0090674390563,148.25392726287154,144.01894870347078,148.02845764160156,82982400,60.42412369886723,1.7820719941913694,0.5523820088389122,149.47519893781217,130.49758701189486,4.165121437843207,96.79767328650823
2022-07-20,148.14610577429508,150.69494637561027,147.41086501912858,150.0283203125,64823400,62.77856633090553,2.193175958763561,0.8805407988238421,150.7566414106666,130.8993583451928,4.102190003460242,96.59144779114715
2022-07-21,151.45959834271974,152.50854901941838,148.94997891240936,152.29287719726562,65086600,65.29625302734937,2.670920913737177,1.2386168218065092,152.21260041769247,131.40404386941688,4.0633600108565835,98.8950230329795
2022-07-22,152.3320371239143,153.20452197233897,150.39100627342597,151.0576171875,66675400,62.80088734027147,2.9162454114276386,1.5741425397307351,153.3298879661081,131.8376184425833,3.9740854171463273,88.68215225011033
2022-07-25,150.97924722556508,151.9889767618816,149.28329591095286,149.9401092529297,53623900,60.54658326652235,2.9860717164168022,1.8565283750679487,154.21337165257825,132.06091728785145,3.8834850909879277,78.09242672708982
2022-07-26,149.26366918886245,150.07733740905363,147.8324089141252,148.61666870117188,55138700,57.89604476631538,2.901176022847409,2.0654579046238406,154.76775296446073,132.48097445253148,3.766445334126534,66.94944870123976
2022-07-27,149.57734107239523,154.2338646113094,149.1656081545016,153.70448303222656,78620700,64.35616248217931,3.207465998478625,2.2938595233947976,155.75960075542662,133.38604286029602,3.898641803841605,96.44964452654428
2022-07-28,153.89075014754778,154.53776544520662,151.37133354934207,154.25347900390625,81378700,64.98054326495827,3.454679008483481,2.5260234204125345,156.7657799767191,134.15620336068326,3.8463410961289584,98.13148491269082
2022-07-29,158.06695385906744,160.40992030893383,156.36119003723385,159.31195068359375,101786900,70.16624811339231,4.012519660189014,2.8233226683678305,158.29868002806086,135.15155495729073,4.011348253907432,94.79307528264016
2022-08-01,157.84148924790597,160.37071938994356,157.72385550686172,158.33164978027344,67829400,68.06279454423318,4.3256469402041375,3.123787522735092,159.39954342694168,136.26425967364426,3.9138850845627466,90.1441734495246
2022-08-02,156.94937000342367,159.2139087149108,156.4886180191764,156.8611297607422,59907000,64.91887183257035,4.404373019111432,3.3799046220103603,160.14932907673398,137.32316543010194,3.82898548536072,82.23735066788814
2022-08-03,157.67482654904526,163.31167231688755,157.58660124880873,162.86073303222656,82507500,70.83752328067837,4.894461541118886,3.682816005832066,162.16757411218765,137.5802469327342,4.016239561845338,97.68732356178396
2022-08-04,162.7430582477967,163.89984462441896,161.19414951620604,162.5469970703125,55474100,70.17082056930505,5.197629320190089,3.9857786687036705,163.9609845732366,137.694539108404,3.922629243728737,93.26497935059824
2022-08-05,160.22044287042655,162.81208464474912,160.0142829089203,162.3212432861328,56697000,69.66274901414882,5.357912841576933,4.260205503278323,165.42653309296648,138.0464786868187,3.842284421735885,92.05970724577458
2022-08-08,163.32253000929188,164.73615535552312,161.1922805564501,161.85000610351562,60276900,68.54705191805243,5.384840693148988,4.485132541252456,166.3269757310704,139.12913083631238,3.8209694486885377,83.34140902709906
2022-08-09,161.0156004495246,162.78263230320212,160.25970057725633,161.89910888671875,63135500,68.60347781606306,5.3484893379906,4.6578039006000855,167.04918005116383,140.297876528426,3.7282524684926277,83.21646341158822
2022-08-10,164.60851631297595,166.23811287684435,163.8428051524665,166.13995361328125,70170500,73.09311715803848,5.597358489908629,4.845714818461794,168.2699325497313,141.42843018220228,3.771877577180698,99.46669106619379
2022-08-11,166.94495103045548,167.85792369494868,165.10920924668594,165.40371704101562,57149200,71.18985881644015,5.66982275997816,5.010536406765068,169.30326432282249,142.3806452841111,3.698794496543701,87.74460142076738
2022-08-12,166.70933581222894,169.01628078921996,166.29701596444957,168.94757080078125,68039400,74.61613311500483,5.9446839807833385,5.197365921568722,170.9544794873267,142.90270892820064,3.692635157376604,99.67564952788686
2022-08-15,168.37821564106778,170.2139574393794,168.21133138479297,170.0176239013672,54091700,75.56121737777254,6.177645766010443,5.393421890457067,172.05995160780816,144.3814180210981,3.5719202214630212,99.06722595983676
2022-08-16,169.61512926108554,170.52810192661653,168.51564947224608,169.8605499267578,56377100,75.11909076259685,6.277235044028544,5.570184521171363,173.21055250046993,145.41402635695192,3.4605296666706944,96.51532039897383
2022-08-17,169.60531301748716,172.92339013736907,169.4089794863745,171.3527069091797,79542000,76.52436177190997,6.402757855386568,5.736699188014404,174.54712678960686,146.20989072748296,3.4643783084081137,90.51645784561823
2022-08-18,170.56735491708034,171.6962839363271,169.94889007422466,170.96002197265625,62290100,75.31873941609668,6.396810742791843,5.868721498969892,175.69554914890585,146.92818284572303,3.3417365622434216,88.05357232462356
2022-08-19,169.8605242913159,170.5575254675204,168.1720291679761,168.37818908691406,70346300,67.75993470918537,6.113295017049694,5.917636202585853,176.03819239862793,148.31759678594238,3.3021834367031886,72.34399711923206
2022-08-22,166.58171149389958,166.74859572706774,164.0784180378036,164.50054931640625,69026800,58.2971038381729,5.512172742914345,5.836543510651552,175.53456678624312,150.27726640467486,3.37343969473228,45.08080614420278
2022-08-23,164.01951691966545,165.61966421752064,163.59738564765863,164.16676330566406,54147100,57.55203883210709,4.9517644105506236,5.6595876906313665,174.3739009439675,152.99294170739967,3.276928185812975,32.16706100010251
2022-08-24,164.2551282502834,165.03065085876125,163.20472075222654,164.46127319335938,53841500,58.061344051341344,4.4797613558875184,5.423622423682597,173.82499476835216,154.61752689912834,3.1732854658645278,34.44847273898929
2022-08-25,165.68839353539587,167.0234825149317,165.26627719342727,166.91549682617188,51218200,62.13816711069186,4.254685504784504,5.189835039902979,173.28970715217434,156.41901629753266,3.1296371698436554,52.558112841612434
2022-08-26,167.44563181749547,167.91683533755338,160.5640262370915,160.6229248046875,78961000,48.988846542081376,3.5278860242317194,4.8574452367687275,173.1927232902027,156.6470975716137,3.4312923077449575,2.868233824802803
2022-08-29,158.19810669053518,159.91605082453415,156.89248233046595,158.4239044189453,73314000,45.375173029119736,2.7428319728080055,4.434522583976583,173.18195738947603,156.6670889362076,3.4526601767789997,9.552934287476281
2022-08-30,159.1602105704912,159.58232691391927,154.83098655063566,155.9991912841797,77906200,41.720743969422486,1.9030793807675934,3.9282339433347855,173.3230010998722,156.43985137815517,3.5454230472436152,6.45687969508174
2022-08-31,157.37351363125413,157.63857209111154,154.261582013457,154.34011840820312,87991100,39.383493475556264,1.0911183526720833,3.360810825202245,174.10059404271405,154.81019697291097,3.5333921208443955,0.42084022204414323
2022-09-01,153.77074600824525,155.51813965771387,151.83683028732435,155.0665740966797,74229900,40.94357998601399,0.5004830339836985,2.7887452669585358,174.58051674711047,153.58223197115123,3.5439576386690477,15.316598972631807
2022-09-02,156.8237793213389,157.42260624530542,152.1313381712874,152.95594787597656,76957800,37.89221177210681,-0.1363379886798839,2.203728615830852,175.2197644113534,152.0064547658927,3.668765526908259,5.307255411080449
2022-09-06,153.60386838160778,154.21250676362826,150.8747921160952,151.69940185546875,73714800,36.16422763250672,-0.7339554184576684,1.6161918089731482,175.8671147693121,150.3440439831293,3.645119035524316,3.739964502858283
2022-09-07,151.9841232844313,153.80022729759784,150.79628062278962,153.10324096679688,87449600,39.48454589976073,-1.0818228725826202,1.0765888726619945,176.1860831549382,149.145488805511,3.5993210097588806,11.038086020364284
2022-09-08,151.80741774838046,153.4959132532277,149.88331299426738,151.63072204589844,84923800,37.29337850990434,-1.4595060297882583,0.569369892171944,176.21189699102717,147.66875181268375,3.600269527558984,8.452119053587841
2022-09-09,152.62219009337275,154.92915012061422,151.91537744584716,154.4873809814453,68028800,43.80821375672189,-1.5108974654494887,0.15331642064765744,175.9407129800213,146.8483022177326,3.5787094237844697,25.53060849419722
2022-09-12,156.66672837890903,161.25118449428555,156.38204700518378,160.43638610839844,104956000,54.42686931103628,-1.0593786944818362,-0.08922260237824128,175.07612945475,146.86176727376562,3.8062161444313105,58.51920059344388
2022-09-13,156.97102730327344,157.5993035102858,150.5606417135221,151.02203369140625,122656600,41.16844414345102,-1.4445544519797124,-0.3602889722985355,174.11904277765734,145.9192949298622,4.239753876605955,6.314466333654549
2022-09-14,151.95462406702927,154.22232317214238,150.79624593389804,152.46510314941406,87965400,43.442747328567414,-1.6147515194434447,-0.6111814817275174,172.8331299312255,145.46566309855965,4.181634116722983,14.316616055364777
2022-09-15,151.81719923234522,152.39640331677907,148.6071081028978,149.57896423339844,90481100,40.10359656900251,-1.959928377344312,-0.8809308608508764,171.10621077925688,145.01520798295016,4.158517040279646,5.0329873575657205
2022-09-16,148.44022763272653,148.57766259301448,145.65223775657734,147.93955993652344,162278800,38.302648967934246,-2.3388094107513098,-1.1725065708309632,169.2036948679154,144.61567769067833,4.141960571461179,14.663311686402702
2022-09-19,146.57504690151106,151.7288812650201,146.368901915373,151.6503448486328,81474200,44.390084639584394,-2.31298339652011,-1.4006019359687927,167.3129854949119,144.83360263985372,4.228961912760175,38.4520005928087
2022-09-20,150.5900968013731,155.1843789131033,150.2759661753886,154.02598571777344,107689800,47.932002088133025,-2.0768807417178152,-1.535857697118597,166.09029059439445,145.0088411805079,4.277494114542642,53.68149594968337
2022-09-21,154.45790609581144,155.83227045116655,150.78642348575858,150.9042205810547,101696800,43.968894447561965,-2.117261570181171,-1.6521384717311118,164.79428845256496,144.97858904987646,4.332376461033022,33.668829779266034
2022-09-22,149.58883905449844,151.64055263761352,148.14576405143103,149.94224548339844,86652500,42.79467750218678,-2.201509388645718,-1.7620126551140332,163.20439827206826,145.11657645937703,4.2725487556865565,27.50190637199
2022-09-23,148.42057250414538,148.69544239271363,145.83874285871622,147.6744842529297,96029900,40.07747896312911,-2.4233311179229418,-1.894276347675815,160.44420767188765,145.95266580223344,4.26047403204339,12.963993853917463
2022-09-26,146.91858697585232,150.95330211261015,146.8989491342679,148.0082550048828,93339400,40.67452588870764,-2.542881174973843,-2.0239973131354208,159.26788630393673,145.8675201902039,4.245751099636165,15.103694421945447
2022-09-27,149.94222342090066,151.88595100420483,147.20332025510484,148.98016357421875,84442700,42.47198731376494,-2.5300358788134076,-2.125205026271018,158.37589984062555,145.81513256904242,4.276956788883581,21.334298229229997
2022-09-28,144.93560783080054,147.8806554147203,142.18689375661808,147.09530639648438,146691400,39.94436816441281,-2.6414985597740497,-2.2284637329716244,158.0271673958491,145.27347652504935,4.456693433791945,25.74663126684379
2022-09-29,143.42383363893248,144.03247205665744,138.1031007730531,139.87013244628906,128138200,32.06640609237439,-3.2750914761003855,-2.437789281597377,159.06023114679766,142.79341417790937,4.780658590194756,7.633598074535973
2022-09-30,138.69210195416497,140.4787712884576,135.47218456289696,135.66851806640625,124925300,28.54121001923137,-4.0693447203228175,-2.764100369342465,160.32983675048385,139.58400297119582,4.7967963141494625,0.8872980887214085
2022-10-03,135.67835835777296,140.44933637961338,135.1678792129988,139.84068298339844,114311700,36.0582594001014,-4.312426331730478,-3.073765561820068,160.50107431950113,138.10123891292073,4.831414946468399,22.612830528338186
2022-10-04,142.37346603599343,143.54167105288877,141.6175660287155,143.4238739013672,87830100,41.7277816245993,-4.167891836308996,-3.292590816717854,160.3232232007941,137.4515372362176,4.750670169541395,39.95276024932841
2022-10-05,141.43101553965928,144.6803824609242,140.39041942925496,143.71832275390625,79471000,42.181465856793764,-3.9836664190519286,-3.430805937184669,159.89570727823855,136.9405613374841,4.717762516836241,41.377669646103705
2022-10-06,143.13915751475955,144.83746445591814,142.55996829483985,142.76611328125,68402200,41.06793485400375,-3.8698920880333105,-3.5186231673543973,159.6136349761971,136.33617276306074,4.543457777139245,36.76969711170119
2022-10-07,139.9290298735793,140.47878470691822,136.8956342636469,137.52391052246094,85925600,35.510178531212745,-4.154832737218072,-3.6458650813271327,159.23030294429432,135.02315774906506,4.638245008600948,11.40140680800932
2022-10-10,137.84786987304688,139.29094450363405,136.03176603772727,137.84786987304688,74899000,36.08582416973481,-4.304885403202462,-3.777669145702199,157.0407259405812,134.953883129243,4.539740255551365,12.969124660677414
2022-10-11,137.33741147407548,138.76086345268553,135.6881916352389,136.43426513671875,77033700,34.63311796557194,-4.486155699926371,-3.9193664565470336,156.82883177383732,133.70700044051816,4.434949652829599,7.574952061074955
2022-10-12,136.58146085403507,137.78892586816346,135.62922784099507,135.80592346191406,70433700,33.978337306112195,-4.627176428399025,-4.060928450917432,156.21105738517832,132.65885686042714,4.272431679568085,3.816494251752679
2022-10-13,132.5173428390662,140.9598044199806,131.90868942611982,140.3708038330078,113224000,42.48575733110192,-4.320781397703172,-4.11289904027458,155.6231819524162,132.32591625315024,4.613766202017563,42.35873056881282
2022-10-14,141.66663200393148,141.8727919675868,135.65873850521228,135.8452606201172,88598000,37.34767574409361,-4.39250063111848,-4.16881935844336,155.40120533270593,131.33846294121983,4.728072434900203,19.70525929497651
2022-10-17,138.48598615048115,140.282452315822,137.7006369919499,139.8014373779297,85250900,43.75174923879582,-4.083041478542896,-4.151663782463268,154.2456769246566,131.30910060219884,4.707295239243391,49.416258195409874
2022-10-18,142.82500010106065,144.0128276023933,138.03438444661543,141.1168670654297,99136600,45.73781239245053,-3.689122777339321,-4.059155581438478,152.31573720790445,131.94812845371663,4.798091518995852,71.22235183214809
2022-10-19,139.09461918905455,142.29489928414645,138.90809708603376,141.22486877441406,61758300,45.906691238273645,-3.3298402081316283,-3.9132925067771085,150.95904670083183,132.33688378012522,4.697285138932769,72.05771101146286
2022-10-20,140.4002709458009,143.21769564184982,140.03703814278057,140.76348876953125,64522000,45.258665106841164,-3.0472093613284414,-3.7400758776873753,149.6442576821471,132.7337971274232,4.588954593228232,68.48908209016582
2022-10-21,140.25297565616944,145.14176534962488,140.03700430524796,144.5723876953125,86548600,51.362629318539256,-2.487205115635959,-3.4895017252770923,149.09274176204184,132.97510339176677,4.625797911167424,95.69731438401992
2022-10-24,144.4938810962025,147.47818995640918,143.32567626964715,146.7124786376953,75981900,54.43680199307428,-1.8493916272749686,-3.161479705676668,148.8097490127188,133.12851850437104,4.5919918951384675,95.08197891625213
2022-10-25,147.34075911907576,149.6968066869272,146.62413491177583,149.54954528808594,74732300,58.20795206457989,-1.1022858095561787,-2.7496409264525705,148.96382204204687,133.0313836464297,4.483469029425104,99.17213611377676
2022-10-26,148.19479776463467,149.20592954793565,145.32827166402765,146.61428833007812,88194300,53.29329250452492,-0.7385363842380173,-2.34742001800966,148.86480863194592,133.08229524989,4.464740786184617,82.6709127691619
2022-10-27,145.35773474859954,146.3197794029668,141.48990330767347,142.1476287841797,109180200,46.81556339483068,-0.8014458708069867,-2.0382251885691254,148.97737039248338,133.1974831231416,4.5118582316289055,57.56055690401455
2022-10-28,145.48537216958695,154.6150242142885,145.11234293200243,152.88726806640625,164762400,59.5473362451241,0.015122717737455105,-1.6275556073078095,151.0181598926705,132.8785686229545,5.080110888663184,92.39086288473776
2022-10-31,150.35450854811523,151.4147275390832,149.13721674827332,150.5312042236328,97943200,56.359795323056225,0.4667639809315176,-1.2086916896599442,152.26202089554673,132.7037597441017,4.98510663362531,82.01462266475701
2022-11-01,152.2393653788708,152.6025832094668,146.39835590820144,147.8905029296875,80379300,52.939303470223955,0.6046404915417156,-0.8460252534196122,152.77554371229294,132.6368998301875,5.072186681313884,70.38482279357184
2022-11-02,146.22163806624556,149.3826576212183,142.34399432027527,142.37344360351562,93604600,46.57894156330574,0.2656656121081653,-0.6236870803140567,152.69779817553075,132.58015745191068,5.21264929700168,35.42205050796613
2022-11-03,139.45783369878677,140.1842842462697,136.2084665510831,136.33609008789062,97918500,40.80187511226934,-0.4845527717384357,-0.5958602185989326,152.7627963204416,131.87215698766389,5.280672708103884,0.6933590687771675
2022-11-04,139.71866273149064,140.28898493787645,132.1373429796548,136.07058715820312,140814800,40.56360929938075,-1.087988459778643,-0.6942858668348746,152.8495470999278,131.6400738717519,5.485741940255155,17.498442732998527
2022-11-07,134.82178704829124,136.8277351131925,133.40581664759068,136.60157775878906,83374600,41.301867188148286,-1.5060087548086472,-0.8566304444296291,152.90995607166462,131.4550356885893,5.338325977779915,19.860744231285572
2022-11-08,138.06670690734794,139.06967336647747,135.19544046730184,137.17189025878906,89908500,42.1332395409763,-1.770860025788778,-1.039476360701459,152.8684118613218,131.57034241113914,5.233747900736753,22.39798325539478
2022-11-09,136.18857977969958,136.2377483327938,132.3438299914245,132.61915588378906,74917800,37.55984012563505,-2.3213649315334237,-1.295854074867852,153.19730009904342,130.922777415605,5.2047702126387385,2.1435169362215776
2022-11-10,138.88283878011893,144.4188690185547,137.17187238968415,144.4188690185547,118854000,52.078550590560056,-1.7849302351807523,-1.3936693069304322,153.4175638273005,131.10732020590262,5.67583756421923,54.638758823470056
2022-11-11,143.38645323831483,147.5065147597333,141.96063992686575,147.20169067382812,93979700,54.75078002643083,-1.1223140847951072,-1.3393982625033674,153.76395902253293,131.8965680160413,5.666554511979824,67.0191357236712
2022-11-14,146.48386123047396,147.77199641885335,144.96955367768106,145.8053741455078,73374100,53.149289228584145,-0.7017675466119897,-1.2118721193250919,154.0436797201716,132.2172409951604,5.461975099779286,60.807122510453894
2022-11-15,149.6795905900005,151.0267217594032,146.0806689942232,147.5359649658203,89868300,54.90969393185279,-0.2262293381916436,-1.0147435630984023,154.49211381058566,132.4107166947854,5.44478742221615,68.50627440360378
2022-11-16,146.6411761367448,147.36881668355312,144.83187247009243,146.3068389892578,64218300,53.375689826117494,0.05087150888704173,-0.8016205487013136,154.7643562031155,132.64667132373998,5.249023498895559,63.03806812497458
2022-11-17,143.98623783804743,148.95196191687904,143.71091192910288,148.20465087890625,80389400,55.44540893917288,0.4187859813122543,-0.5575392426986001,155.2200336638312,132.93511007396177,5.248453962387031,78.51023354148559
2022-11-18,149.7681336507777,150.1516244369956,147.46718893347042,148.76515197753906,74829600,56.0657213629512,0.7469779093846398,-0.2966358122819521,155.62492786599412,132.9494923000215,5.0653097867540415,81.24902913996736
2022-11-21,147.6540145740021,147.8605015253363,145.25473282614936,145.53988647460938,58724100,51.612761313060865,0.7383096316077911,-0.08964672350400349,155.52554591240852,132.9316150372985,4.954246169942302,70.95280184292595
2022-11-22,145.65783928663447,147.90961450464576,144.4778542773041,147.67361450195312,51804100,54.20416820747409,0.8933163833187905,0.10694589786055532,155.27580742203452,132.9937604490592,4.845497174042258,82.24871608247392
2022-11-23,146.9558839906078,149.2961698962462,146.8477191377218,148.54885864257812,58301400,55.26257016572058,1.0744002212810244,0.3004367625446491,155.49608575738782,132.96693914495594,4.6742795729338384,86.88224136051727
2022-11-25,145.8348427804778,146.3953372169929,144.66470036386627,145.63818359375,35195900,51.03813477875249,0.9718405437519948,0.4347175187861183,155.6427971674692,133.16928321583157,4.617842337632268,71.15790086153146
2022-11-28,142.71773929408752,144.19270560138654,140.98711756167793,141.81309509277344,69246000,46.055577777101114,0.5752771491000317,0.462829444848901,154.39964482026124,133.30501826567627,4.620215458663683,50.68415114184123
2022-11-29,141.8819517027843,142.39327767480953,138.007718580844,138.81402587890625,83763800,42.548305857634936,0.01878147925967255,0.3740198517310553,153.55013573272743,132.98280951873744,4.603454289756671,34.631661778243846
2022-11-30,139.0401533008067,146.23799618945276,138.20434805005414,145.55950927734375,111380900,51.495389493698966,0.12066780414033929,0.32334944221291206,153.2643720867875,133.03547379944297,4.848468136159668,60.53935819750952
2022-12-01,145.7365320270306,146.64117635966434,144.1632284025417,145.83485412597656,71250400,51.82518691610359,0.2210829719105334,0.3028961481524363,153.4997653096011,133.14622162887545,4.679145266228452,60.12085132618266
2022-12-02,143.52408428382984,145.53003217962117,143.21924526160134,145.34320068359375,65447400,51.15633424824896,0.2580161424588141,0.2939201470137119,153.4322665633732,134.11443143467366,4.531749808953221,56.344422089322876
2022-12-05,145.30386574755366,148.40128929094377,143.3372438141924,144.18289184570312,68826400,49.531640540981265,0.19145178311407562,0.27342647423378463,153.1314056110401,135.22652285575677,4.5697709280816605,47.43199752058538
2022-12-06,144.61558740538712,144.84174478338647,139.55152565219004,140.52500915527344,64727200,44.71077382052267,-0.1546784769551266,0.1878054839960024,152.78389586798147,135.96637573846385,4.62123151401843,20.72883802170026
2022-12-07,139.81699890501977,140.97729872796708,137.6635453309665,138.58786010742188,69721100,42.35945908500026,-0.5786308443370558,0.034518218329390754,152.61989787395308,136.27197071735552,4.527840219945726,7.4015768847036965
2022-12-08,139.98419447504244,141.12483916127653,138.745227663254,140.26934814453125,62128300,45.06030762579978,-0.7700573759997553,-0.12639690053643846,151.18636304767844,138.47052476970438,4.38563585093922,20.866322125607667
2022-12-09,139.96452545134943,143.1406317217956,138.54855479274573,139.78753662109375,76097000,44.41806386913148,-0.9496949525225489,-0.2910565109336606,151.34311097721613,137.85064360042057,4.400381642232837,18.258917222058297
2022-12-12,140.31847817047847,142.0884409898644,138.7058487137347,142.07861328125,70462700,48.198932357102905,-0.896849958930801,-0.4122152005330887,151.0595067111462,137.6219401272327,4.327682401796899,37.95418588047017
2022-12-13,147.00497801337218,147.467135331872,141.83276813492486,143.042236328125,93886200,49.74728427989513,-0.7683564592557275,-0.4834434522776164,150.908162821692,137.49697023494863,4.421017030021915,46.23798324251313
2022-12-14,142.92427726159215,144.21241242784126,138.80420126905452,140.8199920654297,82291200,46.30956089399221,-0.8362017615571347,-0.5539951141335201,150.54207829342855,137.19145747317302,4.491530896362259,29.395809270813167
2022-12-15,138.75501875197617,139.43350575702271,133.7597969655739,134.22195434570312,98931900,37.92888080839429,-1.4061667394460358,-0.7244294391960233,151.095317901754,135.4297294004921,4.67500691089751,3.1564909495490143
2022-12-16,134.4088086870883,135.35277902524194,131.4982009688156,132.2651824951172,160156900,35.856423243803064,-1.9927915650245893,-0.9781018643617365,151.35361106796225,133.57748939590496,4.616404849863855,4.537523035346787
2022-12-19,132.8551821275431,132.94367653807714,129.12843913282236,130.16090393066406,79592600,33.722480079938876,-2.5975507119724455,-1.3019916338838784,151.4788854009667,131.591790258213,4.5591786038203495,5.357094510521199
2022-12-20,129.19723960857664,131.0261987808424,127.72227301817315,130.09205627441406,77432800,33.65191395571968,-3.04725526165268,-1.651044359437639,151.7426660643603,129.78322657479984,4.469517686595271,11.459845212082712
2022-12-21,130.76068907847488,134.52677190815584,130.53453175568677,133.18946838378906,85928000,39.75937546555535,-3.1177743244816156,-1.9443903524464343,151.00992976447134,129.06754826287244,4.467031825677164,26.43837256811348
2022-12-22,132.10783812958184,132.31432503613755,128.1254256005218,130.02320861816406,77852100,36.101034193575416,-3.390073237352084,-2.2335269294275646,150.1861056841343,128.03880734076802,4.50967546550503,11.126910340607921
2022-12-23,128.7350936895975,130.21006041152802,127.4764566205478,129.65940856933594,63814900,35.69463901118348,-3.5938006147229373,-2.5055816664866395,149.70586091750874,126.92117460495217,4.382813203038972,10.919849097227296
2022-12-27,129.18743867149468,129.2169368090849,126.57182710814284,127.8599624633789,69007800,33.67533544476382,-3.8560066468735954,-2.775666662564031,149.78810153817852,125.44362072134295,4.290296650049981,6.164710955415493
2022-12-28,127.50595548300566,128.8432592520272,123.76937760067857,123.93653869628906,85438400,29.726625062233964,-4.330475301382023,-3.0866283903276295,150.47072979219234,123.27324374906742,4.346267007285599,0.7053878156179353
2022-12-29,125.8539936642562,128.30243635978945,125.59833816334044,127.44696044921876,75703700,36.86046693838547,-4.372826212214619,-3.343867954705028,149.54151045559308,122.39120820285414,4.347669197015227,15.518695440536915
2022-12-30,126.26699731697424,127.781289993423,125.30334902080124,127.7616195678711,77034200,37.473190588761604,-4.331073335598802,-3.541309030883783,148.27314747708965,121.85224772554703,4.214117180987123,16.84649667060073
2023-01-03,128.10576142344397,128.71540946850325,122.09773035328112,122.9827117919922,112117500,32.34011306877464,-4.630227419111236,-3.7590927085292742,147.27598709266437,120.6133592208122,4.3858001762896235,3.4883807462489242
2023-01-04,124.77233620258212,126.51280092971427,122.9925456360047,124.25118255615234,89113600,34.889550402179026,-4.710652723649673,-3.9494047115533544,146.03458261776106,119.86159276676042,4.324677959249084,9.737658428056124
2023-01-05,125.00834271164996,125.63766124201172,122.67790010774006,122.93355560302734,80962700,33.478396398407014,-4.825091192427394,-4.124542007728163,145.37364510576674,118.76338492353011,4.227183900322125,4.82138946935033
2023-01-06,123.90701849100518,128.11558077623516,122.80570749443298,127.4567642211914,87754700,42.13129535334589,-4.498938408483141,-4.199421287879159,144.59829002773813,118.42563041293567,4.3045188561421295,40.43013345734868
2023-01-09,128.2925949020793,131.18353181246084,127.72227268810084,127.9779281616211,70790800,43.05047719310249,-4.150561315746302,-4.189649293452588,143.3932051210142,118.40157332136862,4.263250908651223,47.31014682329819
2023-01-10,128.08610610497774,129.06941726347972,125.98182082594904,128.5482635498047,63896200,44.096963893562524,-3.7848196159321645,-4.108683357948504,142.1396026064657,118.5312485287882,4.17927558928547,51.8988786709273
2023-01-11,129.05959971999454,131.2818777117784,128.2827904454057,131.26222229003906,69458900,48.9081570929599,-3.238639870521382,-3.9346746604630796,140.24715652740417,119.34205550872865,4.0949764233631285,73.73450234514337
2023-01-12,131.64572074057682,132.0193688291939,129.24643878440378,131.18356323242188,71379600,48.77712918131749,-2.780088486314071,-3.7037574256332784,137.64171719535855,120.76162753120396,4.000544539179342,88.93210664789214
2023-01-13,129.8265664212103,132.6683349676498,129.46274610687885,132.51100158691406,57809700,51.15533774083259,-2.283250142929319,-3.4196559690924864,135.44920045278354,122.1232452259274,3.9437619907215993,98.5115952542405
2023-01-17,132.5798345273993,134.99877137842552,131.89151977321038,133.6713104248047,63646600,53.200695774307285,-1.775409138759926,-3.0908066030259747,135.33102947219643,122.18635181442467,3.8840112488997094,89.71043537468348
2023-01-18,134.53662257229425,136.29674271738915,132.7764874230637,132.9534912109375,69672800,51.75676777257044,-1.4145573589498213,-2.7555567542107444,135.44942807977287,122.13678407843025,3.8580286807158326,76.45433766293033
2023-01-19,131.84235433638028,133.9761376268957,131.53753029546905,133.0124969482422,58280400,51.87240196181958,-1.111011405878287,-2.426647684544253,135.83316454391033,122.0382069160506,3.756641441480891,76.86989992734415
2023-01-20,133.0222897939842,135.7165669083965,131.97998269986445,135.56906127929688,80223600,56.71355638294238,-0.656586950072807,-2.0726355376499637,136.7089656511286,121.71010630932064,3.7552087819845443,94.87512638603165
2023-01-23,135.81491475833332,140.9281441212582,135.59858513124948,138.75502014160156,81760300,61.86205038249142,-0.038923356650229834,-1.6658931014500171,137.95912121857717,121.01650591765329,3.8697712148400294,88.4594995817232
2023-01-24,137.96838472187488,140.77082749424633,137.95855701188813,140.15133666992188,66435100,63.8892353988658,0.5568317556311797,-1.2213481300337778,139.71852085379405,120.2699190876122,3.794235448234185,95.74357772553095
2023-01-25,138.53869500355867,140.0529874380773,136.49340619294276,139.4925079345703,65799300,62.209028349396654,0.9646896595201042,-0.7841405721230015,141.09312682595663,119.87862305197308,3.7844993788588233,92.13360552535896
2023-01-26,140.78067082207204,141.842648779811,139.53186132489677,141.5574951171875,54105100,65.29020547627636,1.4379711582228651,-0.33971822605382823,142.7851233567663,119.55637978654426,3.6820451978860986,98.50210357667852
2023-01-27,140.7708520955252,144.77292136359273,140.69218538947123,143.49461364746094,70555800,67.93157833519356,1.9469165894422815,0.11760873704539371,144.4703313635361,119.82697927489166,3.7105231104743415,93.19727062515048
2023-01-30,142.540806802597,143.12095684480488,140.4660194445421,140.61351013183594,64015300,60.55106143528118,2.0936443067928963,0.5128158509948942,145.47307935148052,120.14088625520894,3.6618139027918057,77.86499399849221
2023-01-31,140.31848180314623,141.93111130163894,139.9054929686203,141.88194274902344,65874500,62.48360543552148,2.285928233646189,0.8674383275251532,146.56328663733294,120.46271128747175,3.5449427906651505,82.46843139746804
2023-02-01,141.56730384751015,144.16324461699494,138.961535368266,143.0029296875,77663600,64.15485844633145,2.4999510291658567,1.193940867853294,147.23038074744352,121.79763896691196,3.6632832519554217,88.60017607294293
2023-02-02,146.41500811186492,148.65695608667727,145.69719525256042,148.302978515625,118339000,70.78211626586479,3.0619391540625713,1.5675405250951495,148.8874567103357,122.54574259996701,3.805479191042697,98.15581067715303
2023-02-03,145.5595309829737,154.75349514117664,145.36287177724367,151.9215545654297,154357300,74.27866502572437,3.756010684332921,2.005234556942704,150.78617545159827,123.54582375494468,4.204418060534859,87.8017536873099
2023-02-06,150.0237617823619,150.54491539574025,148.26362674506663,149.19776916503906,69858300,67.71018753927663,4.0397133534955,2.4121303162532635,152.07925925180564,124.42684044912208,4.16538304337973,76.06937289464074
2023-02-07,148.12597415973434,152.63936822302708,148.12597415973434,152.0690460205078,83322600,70.65601054641965,4.444998631440939,2.818703979290799,153.70588425003888,125.20932723677754,4.190240973373516,88.43705554126406
2023-02-08,151.31190929849808,152.0002240332312,148.64712974900905,149.38461303710938,64120100,64.711892727712,4.497731774956861,3.1545095384240116,154.4326315279952,126.56621490755167,4.135360637525319,76.42488343463492
2023-02-09,151.213581264491,151.75440537570756,147.9096553354024,148.35214233398438,56007100,62.53289544230453,4.4054283780324965,3.4046933063457088,154.99498681061507,127.7128516293263,4.11460273772388,66.58113870608256
2023-02-10,147.19009004770194,149.04152741969745,146.95372962642622,148.71653747558594,57450700,63.00635106844869,4.311975148113731,3.5861496746993136,155.36369752414603,129.09743834011178,3.9698309559772613,66.93905663490976
2023-02-13,148.65746211757215,151.9171894883824,148.6279189411094,151.513427734375,62199000,66.5049729935109,4.412731240495418,3.7514659878585346,156.10087008700643,130.2605083919975,3.9212194982126705,82.25601520350195
2023-02-14,149.80963097340685,151.43458016213006,148.5687729786889,150.87322998046875,61707600,64.989881053371,4.390313757115422,3.8792355417099125,156.5801899976532,131.50138043691712,3.8514648737464863,75.42885609825288
2023-02-15,150.78461690781828,153.1383177826238,150.55811427879885,152.9709014892578,65573800,67.59487425507209,4.490053755087274,4.001399184385385,157.03865751193874,133.04465395046358,3.760660490180662,88.71201752314064
2023-02-16,151.17854429955682,153.95572244720177,151.02098573800205,151.37551879882812,68167900,63.71205899297275,4.389761929132504,4.07907173333481,156.8391970684756,135.08041657898534,3.7016659343963085,78.60951781207636
2023-02-17,150.03617955770974,150.67630162569367,148.55896091432058,150.23313903808594,59144100,61.00958607858075,4.170029925842272,4.097263371836302,156.5526295137622,136.83339190957764,3.6384439308328256,71.37558499328959
2023-02-21,147.91882364629484,149.00212332766463,146.15601601247863,146.22494506835938,58867200,52.58205808984921,3.6306115447581817,4.003933006420678,156.19915280876128,137.93386110725433,3.669778151888146,45.99435285133483
2023-02-22,146.60903658364012,147.67263591965713,144.9250155718982,146.6484375,51011300,53.315817176685705,3.2003986875182306,3.843226142640189,155.93129152117692,138.85143247784654,3.6039097373074878,17.534980013478574
2023-02-23,147.8105044744373,148.05670759936388,145.00379786650186,147.1309814453125,48394200,54.185753060591125,2.865359086315067,3.6476527313751648,155.46713791298725,140.07943343711042,3.5645525941328113,22.444629994548087
2023-02-24,144.87576101262292,144.9545478123535,143.50687229977612,144.48184204101562,55469600,48.80844317609373,2.3588826475787528,3.3898987146158825,155.21691322402518,140.62209281845531,3.5688066335187805,9.330880694845787
2023-02-27,145.46664446890208,146.9044621404894,145.21058363066865,145.67344665527344,44998500,51.156449303901944,2.030245547739497,3.1179680812406056,155.10956392581272,140.947325417449,3.486936166801279,20.73505050726669
2023-02-28,144.81668575965537,146.81585399639758,144.60002580056587,145.1712188720703,50547000,50.11315726073253,1.7095658822795485,2.8362876414483944,154.5862014231894,141.92645879409574,3.3961427403034525,15.92851413133003
2023-03-01,144.59999202590106,144.99391093566584,142.80762642427203,143.1030731201172,55479000,45.9567341394264,1.2738586099567897,2.5238018351500737,154.4073822540056,142.22739100038893,3.3223891479816547,2.6501986997373725
2023-03-02,142.1872231725768,144.481837933212,141.71450238763347,143.69398498535156,52238100,47.301638345878466,0.9651138746233698,2.212064243044733,154.32163010603506,142.3822486781446,3.2827424620957175,16.170631588073086
2023-03-03,145.79165662743975,148.8150386455079,145.09244806812092,148.7362518310547,70732300,57.109947431531054,1.1144535155478934,1.9925420975453654,154.34568982866966,142.40151628705297,3.4140504048143345,57.36151632967906
2023-03-06,151.4543124625378,153.926201531547,151.1293375512549,151.49371337890625,87558000,61.34686553882028,1.4387256253253895,1.8817788031013705,154.27363726701924,142.43078473005107,3.5409003545056197,79.88755159767675
2023-03-07,151.36567408118486,151.69066400049135,148.83471383986452,149.29757690429688,56182000,56.555056775817604,1.5011988629277653,1.8056628150666494,154.28179549561563,142.4326072753805,3.491975340657135,61.947048413169625
2023-03-08,150.48917721139935,151.1391569879468,149.5240652876753,150.5482635498047,47204800,58.541143856117465,1.632807327210287,1.771091717495377,154.0419406606286,142.52038386329718,3.3740899651566196,72.16405815093853
2023-03-09,151.2277963802791,152.1929083670859,147.9483691410299,148.3029022216797,53833600,53.78713613524992,1.538194737983389,1.7245123215929796,153.9644988628725,142.4896545795103,3.436264912363718,53.9515407020976
2023-03-10,147.92869544727571,148.64760438030467,145.3681768808884,146.24465942382812,68572400,49.795220215569145,1.28234847208833,1.6360795516920499,153.92647055552206,142.31693459584514,3.425062240010329,37.09686082835196
2023-03-13,145.56511831219402,150.81417020284252,145.4567883472071,148.18472290039062,84457100,53.31250516742062,1.2220483590804747,1.553273313169735,153.89327535544624,142.29694833840142,3.563085069697836,52.98378576565237
2023-03-14,148.98242012042218,151.07021762009597,147.82034869008896,150.27252197265625,73695900,56.818547668285746,1.3274262779122807,1.5081039061182442,153.70233856879474,142.36379454888106,3.5407124882913488,70.08049808767359
2023-03-15,148.8937927615987,150.92250395033966,147.64307677577528,150.6664581298828,77167900,57.467568510489414,1.426285066998986,1.4917401382943927,153.67090698368648,142.3745489489307,3.522049251596565,73.30638952656402
2023-03-16,149.84905684492745,154.08375312665916,149.33695019463687,153.48301696777344,76161100,61.87921679005451,1.7121673296536528,1.5358255765662447,153.79475360804932,142.30191387241942,3.6095316573412597,95.14331003906027
2023-03-17,153.70951897971963,154.35949876084172,151.93685367986137,152.6459197998047,98944600,59.89091038122659,1.8498602989080553,1.5986325210346068,154.03839200744716,142.18531557311923,3.5247540447440513,86.44856107141558
2023-03-20,152.71487589238697,155.42311016638172,151.80883520237765,155.0094757080078,73641400,63.46093060849953,2.1252041472813232,1.7039468462839502,154.9803483932888,141.7209928542698,3.531148396119767,96.98266618281149
2023-03-21,154.93069227015488,156.9790888157361,154.1625247817563,156.8609161376953,73938300,66.01287303868614,2.464403787579812,1.8560382345431226,156.43612782854376,141.32881052594843,3.4801066559669125,99.22583766944885
2023-03-22,156.8805976022137,159.67746084227036,155.41322191031108,155.43292236328125,75701800,62.393337365850705,2.588160084583137,2.0024626045511256,157.33593779216386,141.30744904865645,3.536116104252082,70.89794472780883
2023-03-23,156.41774787367245,159.0964386767399,155.28520465118157,156.51622009277344,67622100,64.00570510192463,2.742042357413254,2.1503785551235515,158.34593415427543,141.235976551291,3.5557673843453848,77.90776423174972
2023-03-24,156.44728881765926,157.90480687220796,155.45263376473136,157.81617736816406,59196500,65.8953443610887,2.9350573412011727,2.307314312339076,159.3425341736281,141.57281006465314,3.4769392217119,86.99247649896704
2023-03-27,157.51092158923748,158.3283178086609,155.4723523985585,155.87612915039062,52390300,60.76804553259141,2.898070278748804,2.4254655056210215,159.8676560594256,142.06795642836738,3.4325839494540777,73.43450795903688
2023-03-28,155.57080817581272,156.08291480553032,153.61102618902072,155.2556610107422,45992200,59.18200167277781,2.7865693351603227,2.497686271528882,160.12845616263942,142.81560053902072,3.3639628542437583,69.0983850522376
2023-03-29,156.9495313524544,158.60402382956926,156.92984592593675,158.32827758789062,51305700,64.1693346438372,2.9125642848260895,2.5806618741883236,160.45794567579372,144.0086314726438,3.362848565999709,90.57127346119535
2023-03-30,159.07675364456475,160.00247975071784,158.82070781762587,159.89414978027344,49501700,66.42106413273589,3.102999542391615,2.685129407828982,160.91008908138852,145.17650454654117,3.2422309657731025,99.25524358080183
2023-03-31,159.972908545837,162.49402556851254,159.45095924162882,162.39553833007812,68749800,69.69714367955157,3.4163801038032773,2.8313795470238414,162.35357977166416,145.09894250616787,3.2280049201381464,99.33682864435853
2023-04-03,161.775118163648,163.76442815863666,161.7258745440201,163.64625549316406,56976200,71.20964963981771,3.722745387391285,3.0096527150973307,163.95385959542034,144.71391689383745,3.1430441126008914,99.26698039968144
2023-04-04,164.06975594835677,164.30610131295074,162.60238002597387,163.11448669433594,46278300,69.61858742933946,3.8779304160805737,3.183308255293979,165.09576994448415,144.95369752377755,3.040235339342033,92.03953110502748
2023-04-05,162.2380152446489,162.54330471265868,159.34266411557562,161.27288818359375,51511700,64.26346690324141,3.8084130454950014,3.3083292133341837,165.76954937410483,145.3523805575358,3.0924915707290537,75.72898662379608
2023-04-06,159.9630677767464,162.45465692468338,159.5396056660462,162.15921020507812,45390100,65.63358966748302,3.781250901644711,3.4029135509962893,166.26724163200007,146.2403190979804,3.0798172627224902,82.8211139230181
2023-04-10,158.96844706639095,159.56918334960938,157.64880179736934,159.56918334960938,47716900,58.567180341766985,3.5102670124180975,3.424384243280651,165.84321024766246,147.99680287489616,3.182002344507225,55.70935305781437
2023-04-11,159.88429605818737,159.8941387722609,158.0722298566841,158.3578338623047,47644200,55.55457436371453,3.1613227866872933,3.3717719519619798,165.35993912230845,149.49738509644158,3.0848528138693387,44.38311669885401
2023-04-12,158.77147274218814,159.59871163720814,157.35334033527027,157.66848754882812,50133100,53.856795177148584,2.796916376430687,3.2568008368557213,164.97901374261644,150.61790703375075,3.0248898487313767,37.937661145819476
2023-04-13,159.1752417539843,163.28190788405584,158.96842452673738,163.04554748535156,68445600,63.28272023730839,2.908478341947415,3.1871363378740605,165.12822341794987,151.70660629396417,3.209784883481115,88.21369823968121
2023-04-14,162.09031838433074,163.79405517163002,161.33202342621988,162.70091247558594,49386500,62.402847553770556,2.9352471364655344,3.1367584975923557,165.42639266699882,152.3302265956965,3.1563739450474744,84.99132714109481
2023-04-17,162.58266215472722,162.8781088558677,161.53876350080176,162.7205352783203,41516200,62.434873788034196,2.9243350806911224,3.094273814212109,165.44335397502243,153.32072683552445,3.0265861886202226,85.1748022687306
2023-04-18,163.5773508935462,164.8674527745674,163.13417327770642,163.9417266845703,49923000,64.46363666395857,2.979876971614999,3.0713944456926874,165.84957947774586,153.80772643045725,2.9637527105935697,88.3374660946229
2023-04-19,163.2819130529251,165.60607111909823,163.02585218946157,165.08412170410156,47720200,66.29733513824894,3.0805652128243537,3.073228599119021,166.52473799345455,153.9548884713892,2.936357440525219,93.67543388160098
2023-04-20,163.56748026442403,165.3204450523275,163.04553091898333,164.1189727783203,52456400,63.324378387700996,3.0473539181217575,3.0680536629195685,166.75766789784322,154.59056360850443,2.889111490012287,81.98053008475648
2023-04-21,162.54330660065614,163.92203809382642,161.99181400338804,162.51376342773438,58337300,58.616407690797224,2.8585551046399758,3.02615395126365,166.7794950787425,155.16849076110122,2.834686296078,62.52988529053268
2023-04-24,162.49405610505224,163.0849495926161,161.40091367199096,162.8190460205078,41949600,59.23710924768668,2.702412707123216,2.9614057024355636,166.8860924939366,155.56218021114154,2.7524969835456536,66.2290559138089
2023-04-25,162.68119268208375,163.78417796430023,161.2433597017252,161.2827606201172,48714100,54.784003964837474,2.4267295123752035,2.8544704644234917,166.56689021619962,156.42204563585113,2.737377074904894,47.613576496969955
2023-04-26,160.58352244501583,162.7698073781101,160.32747660698578,161.27288818359375,45498800,54.75551779059893,2.1822958234069745,2.7200355362201885,165.93832609451485,157.65233247482107,2.716302338920567,47.49395019651213
2023-04-27,162.68118215487013,165.99999552987848,162.68118215487013,165.85227966308594,64902300,64.08443372644143,2.331226061771332,2.642273641330417,166.35517865756194,157.98788011929352,2.859931268018007,98.29164152533052
2023-04-28,165.9310218332577,167.27036709773776,165.33028575815172,167.10293579101562,55275900,66.13792985869722,2.5211100585950987,2.6180409247833536,167.11277204701352,157.95116533091615,2.794227701701438,98.31167838171208
2023-05-01,166.70906903109534,167.86129792357815,166.07878959348815,167.0143585205078,52472900,65.85075857166817,2.6340829797288166,2.621249335772446,167.76142289923533,157.76439649773735,2.721962032300621,91.94001882903753
2023-05-02,167.50671716698386,167.76277797719564,164.99544284655173,165.98025512695312,48425700,62.44201985299921,2.6100839095673507,2.619016250531427,168.07024946701415,157.6889698933374,2.7252029678965703,78.8477501850721
2023-05-03,166.9256982160475,168.32412999077732,164.62124085601573,164.90682983398438,65136000,59.02638332328287,2.4759073051918676,2.5903944614635153,168.23823955358932,157.70021412072708,2.795037694101215,57.265871199075704
2023-05-04,162.38569340694187,164.50303376107877,161.8145004912906,163.2720184326172,81235400,54.16670378282929,2.212155411567039,2.51474665148422,168.27820675768973,157.86015994152902,2.8162728118578264,36.82217653199415
2023-05-05,168.3832383689214,171.65282310766082,168.1665784150509,170.9339141845703,113453200,67.62137575081829,2.591507800916304,2.530098881370637,169.766593565574,157.24924353159395,3.213739373513955,93.65221255660778
2023-05-08,169.86044681233005,171.20965008439242,169.49607101524845,170.86495971679688,55962800,67.42952963631384,2.8536877176391613,2.594816648624342,170.85185501086116,157.29355972302554,3.1065850660589565,93.0433617124475
2023-05-09,170.42181373691182,170.90436226614003,168.9938385535857,169.1612548828125,45326900,62.696604297584045,2.890670597629679,2.6539874384254096,171.19343741766986,158.03231941826763,3.021152112237197,78.00007068481469
2023-05-10,170.3922648627901,171.38692008917508,169.28926463206565,170.92405700683594,53724500,65.40254092054622,3.0273260650927227,2.7286551637588725,171.5754271307894,158.97588665094887,2.964331618960439,93.56517612258975
2023-05-11,171.20964753246403,171.93839911576495,169.5551548305296,171.1111602783203,49514700,65.68704589367346,3.1148184892907977,2.8058878288652576,172.39640502712754,158.9614700339076,2.9228253808372187,92.87533926077663
2023-05-12,171.2196142676148,171.6535334613317,168.63584185680983,170.18414306640625,45533100,62.92604105857049,3.0739200869082026,2.8594942804738466,172.90443872371245,159.20175939640475,2.929601539671837,84.8913292804057
2023-05-15,170.76601261404946,170.815324358024,169.09937498339835,169.6910858154297,37266700,61.44666033526513,2.9675145483606684,2.881098334051211,173.24834842518288,159.55490474864524,2.8429120993113943,80.64483421850382
2023-05-16,169.61219003463674,170.74628490689332,169.42481443623242,169.6910858154297,42110300,61.44666033526513,2.85033055607002,2.8749447784549726,173.583566434781,159.79462265213306,2.7342376972649305,77.8018984217955
2023-05-17,169.3360433616003,170.53916250241704,168.06386972955488,170.302490234375,57951600,62.707533058333794,2.774810338481018,2.8549178904601815,173.9823353345117,159.91769060542973,2.7157416312361615,83.84111751736461
2023-05-18,170.60822168470452,172.8172584115987,170.1940301198803,172.6298828125,65496700,67.11628689560115,2.8696812530012608,2.857870562968398,174.71010187748436,160.041015065875,2.709133535556321,98.297012435829
2023-05-19,173.95134816577144,173.95134816577144,172.5213979143073,172.7383575439453,55809500,67.31026368934528,2.9199606517520635,2.8702885807251315,175.21983091083968,160.55374544414082,2.6177633009783077,90.00571932383579
2023-05-22,171.57465110395842,172.2945693897219,171.05197977463047,171.79161071777344,43570900,63.77432478170816,2.850553474876392,2.8663415595553836,175.45787137576227,161.21296144894475,2.5512357630023463,82.20512025919957
2023-05-23,170.73642708015296,170.9829707500323,168.9119979039132,169.18812561035156,50747300,55.18856923181242,2.5560042710356186,2.804274101851431,175.03568521403574,162.42568410969474,2.5746912666350528,60.75403858421067
2023-05-24,168.7246024757336,170.03621645106807,168.16249079935005,169.4642333984375,45143500,55.867152030666745,2.3181295414802037,2.707045189777186,174.3796042417563,163.90089960345856,2.524622294140979,23.78545728963262
2023-05-25,170.02635984381527,171.4957503105663,169.3163129553576,170.5983428955078,56058300,58.63778404227044,2.195813293971071,2.604798810615963,174.4159418840177,164.3391682844393,2.499966227074388,43.04853416298285
2023-05-26,170.92377905521317,173.3399036765556,170.7166757800904,173.0045928955078,54835000,63.826687774842604,2.266909529752013,2.537220954443173,174.83974860233712,164.50552727656913,2.5172229809296303,83.91917218006778
2023-05-30,174.51345913931758,176.51539231960112,174.12885165758402,174.8487548828125,55964400,67.22070772494756,2.4438906191117837,2.518554887376895,175.5603324316441,164.56838308349262,2.588192726869893,80.28003334273167
2023-05-31,174.87834951174753,176.87042648421155,174.3162227478627,174.79945373535156,99625300,67.03961530502917,2.5507675563442263,2.5249974211703616,176.03665577874273,164.97397959723384,2.585764941832676,76.48374039303259
2023-06-01,175.24321733975688,177.62975798334406,174.4838587106697,177.6001739501953,68901800,71.70331090961912,2.8288537487350425,2.585768686683298,176.87569849580123,165.40427129179645,2.625774536892797,99.69073407127631
2023-06-02,178.52718373632618,179.2668146743205,176.78165050926717,178.4482879638672,61996900,72.95141737772722,3.0821457153884353,2.6850440924243255,177.2547176668598,166.54287907386288,2.6157309389042642,92.69364694293392
2023-06-05,180.10506441660397,182.39298156722955,175.57851175717974,177.09722900390625,121946500,67.81954740433733,3.1376928865827836,2.7755738512560173,178.0189525699875,166.39497565266873,2.9156408582718036,63.042004115010805
2023-06-06,177.4818481362361,177.62976831057978,174.97695616659206,176.73236083984375,64848400,66.45983358303513,3.116349273871606,2.843728935779135,178.6117241672766,166.38894416768434,2.896867378680083,60.495662316608666
2023-06-07,175.9730110061888,178.70471906299082,174.86850018805862,175.36158752441406,61944600,61.47335567572932,2.9547636800735972,2.8659358846380276,178.83701577196413,166.78368582715697,2.963963914126663,50.589237170326726
2023-06-08,175.44044804834044,178.3398036598064,175.00654388250445,178.07354736328125,50214900,66.78333649605335,3.010831436408438,2.89491499499211,179.5604304852579,166.7752201495077,2.990342190067755,69.64662516279509
2023-06-09,178.99068805786467,179.71059129506313,178.13272098000036,178.45816040039062,48900000,67.46814018612781,3.0511290782474987,2.9261578116431877,180.2656168921949,166.80473375477774,2.8936780287616206,72.34936425579606
2023-06-12,178.7638742754878,181.34764691680863,178.468018885392,181.2490234375,54274900,71.98198527135125,3.2705635518424288,2.9950389596830362,181.44865338120195,166.7281853028801,2.8933786350227906,91.96121800442995
2023-06-13,180.2727216495119,181.60404834381112,179.91769818813273,180.77566528320312,54929100,70.2027718728925,3.3674530040102866,3.069521768548486,182.27307612040235,167.012220510457,2.8071623150696188,88.63485237152206
2023-06-14,180.8348467124019,181.84074910193183,179.50351991974284,181.4068298339844,57462900,71.2241119516508,3.455337319543048,3.146684878747399,183.05463352913097,167.40223750358388,2.7735956627210023,92.45869293995987
2023-06-15,181.4166932611595,183.94129793003785,181.23917400121888,183.43833923339844,65433200,74.27993052736653,3.6468732189075297,3.246722546779425,184.16258564942498,167.60787028319223,2.7684905388708567,96.19680100545322
2023-06-16,184.14840773628853,184.4048228031297,181.72242626645283,182.36343383789065,101256200,70.04163535877746,3.669629710005495,3.3313039794246393,184.98129289090073,167.7625181442555,2.7623409672855717,80.13434510154383
2023-06-20,181.8604679443372,183.52710548415504,181.8604679443372,182.45216369628903,49799100,70.19282594216722,3.652717893045576,3.395586762148827,185.69681863133178,168.01837301905886,2.6840764367521635,80.64489526650208
2023-06-21,182.34369383727915,182.84665255889604,180.06563271508736,181.4167022705078,49515700,66.0064172784429,3.5152405678090304,3.419517523280868,186.0640765193969,168.61362428626717,2.691000965827629,69.8807444037332
2023-06-22,181.19971869233248,184.46395407144703,181.1306792503188,184.4146423339844,51245300,71.33668491209987,3.6066226050342607,3.4569385396315466,186.48130337666606,169.7190491013613,2.7368776697776727,99.48609270533831
2023-06-23,182.98469303577104,184.96689848868263,182.45215034536932,184.09906005859372,53117000,70.09077320108817,3.6119424514897105,3.4879393220031796,186.56909818499716,171.09473695904583,2.7210112750302184,91.40617745256411
2023-06-26,184.2470177435845,185.45015206010265,182.66913223239737,182.7085876464844,48088700,64.72672770165073,3.4640278088407968,3.483157019370703,186.30854012734923,172.5663194917914,2.7252976002212943,74.0913380371049
2023-06-27,183.32000947784528,185.78544616190248,183.10304984582172,185.4600067138672,50730800,69.67262871002922,3.5281505892479004,3.492155733346143,186.7312837531951,173.38911724778148,2.750409094163922,97.01895155646072
2023-06-28,185.33178721386028,187.274552399172,185.00636283468697,186.633544921875,51216800,71.50769766269406,3.631797974088869,3.520084181494688,187.46268636560532,173.83619363927747,2.715964842044001,94.77496713157552
2023-06-29,186.46586748106893,187.44218560729155,186.32780365948648,186.96881103515625,46347300,72.02842649656031,3.6983600541651924,3.555739356028789,188.04495430037645,174.47086143448684,2.601566063884077,94.91512572326043
2023-06-30,188.98065447297637,191.79124321876165,188.61575961709715,191.28829956054688,85213200,77.6866095679007,4.052937861901,3.6551790572032314,189.84521831188647,174.03940998401197,2.760199358149886,96.22506049864302
2023-07-03,191.10092178559267,191.19954526937025,189.10884478636748,189.79917907714844,31458200,72.25986431164756,4.165763423566517,3.757295930475889,190.9671255092494,174.05259189797715,2.7187176021519934,83.78817545661789
2023-07-05,188.92147125163748,190.311965971159,187.98459336367247,188.68478393554688,46920300,68.40864449186624,4.117788813306987,3.8293945070421085,191.57284341077124,174.60562948961936,2.690764388247317,74.71900035816374
2023-07-06,187.21542228701531,189.36529119732236,186.58427101063623,189.1581878662109,45094300,69.16058694173887,4.07103991582548,3.877723588798783,192.05277643744165,175.3682791655857,2.6972112309929472,77.54440716135285
2023-07-07,188.76369580404943,190.0062704618662,187.60987325439865,188.0437774658203,46815000,65.22483847583868,3.8991208341113577,3.882003037861298,191.90628060730367,176.7829939898643,2.675724515026847,68.04033570988011
2023-07-10,186.6434031135775,187.36332142042107,184.4540942539423,186.0023956298828,59922200,58.64161824635427,3.5571466967492995,3.817031769638899,191.72792294497566,177.75423647885248,2.7410072790876456,50.63073613894247
2023-07-11,186.54480679233015,186.68287064614395,184.0202020095467,185.479736328125,46638100,57.05384168924954,3.2069873377442377,3.6950228832599668,191.4247194656347,178.75959755096684,2.735411661766904,46.17331960106553
2023-07-12,187.0575799007695,189.0496566889716,185.864317131752,187.14634704589844,60750200,60.70723323360858,3.029048098485788,3.5618279263051313,191.51190735415986,179.26214202328157,2.795019425986882,56.42917028955578
2023-07-13,187.8662603208446,188.54672319895087,187.1562134087189,187.90570068359372,41342300,62.28164815373926,2.915693165908749,3.4326009742258554,191.56055435549828,179.92649856198219,2.695402049348707,58.39486138704021
2023-07-14,187.59997248992852,188.5368352631949,187.00827681367923,188.0536193847656,41616200,62.59605190735796,2.805454831180782,3.307171745616841,191.60188507096777,180.5498468015908,2.6120560779320607,59.026766506315795
2023-07-17,189.2468975888844,191.63345333608896,189.15814548736356,191.3080139160156,50520200,68.76496689769502,2.946724590440283,3.23508231458153,192.31603027447804,180.6226690663423,2.6811830688885827,94.43809222466078
2023-07-18,190.67683864321532,191.64328540459252,189.75968856677807,191.05157470703125,48288200,67.81584621855185,3.0033684297082175,3.1887395376068675,192.756988008277,181.05052541945736,2.624212623811859,90.48173221815765
2023-07-19,190.4303150490968,195.4893803490621,189.9865244553515,192.4026641845703,80507300,70.1532593312526,3.12130030278783,3.1752516906430603,193.3520832546039,181.4504802219586,2.8298300002331955,73.08685876949927
2023-07-20,192.39279363664537,193.75371936128715,189.83860510668907,190.45989990234372,59581200,63.061142252026244,3.0231483483245825,3.144831022179365,193.23681106481897,182.47007217492714,2.9073503041164015,56.14785734571745
2023-07-21,191.41650251566855,192.2744696321092,188.5861710830146,189.28636169433597,71951700,59.169879684177324,2.8181812523276903,3.07950106820903,193.26167264511056,182.9323825306707,2.9631323216148453,45.91575376106483
2023-07-24,190.73603816687745,192.21530010696893,189.592071988394,190.0851593017578,45377800,60.93681463993619,2.6892002169982163,3.0014408979668676,193.27111529462726,183.5215498054704,2.9606898995447106,52.88048640167349
2023-07-25,190.6571617022808,191.7518162507371,190.25282645288885,190.94314575195312,37283200,62.79899986299771,2.625943906519211,2.9263414996773367,193.00384970722325,184.6122712034213,2.868258974504324,60.361287770322924
2023-07-26,190.99243214213985,192.9351972994816,190.6472800623453,191.8109588623047,47471900,64.63534821206278,2.615686089089138,2.864210417559697,193.21444474449498,185.0367713809933,2.826805993263751,67.9277679894127
2023-07-27,193.3099522093675,194.47363103189025,189.8879250921341,190.5486602783203,47460200,59.99613534110669,2.4771447657238923,2.7867972871925364,193.28067193586153,185.3620557252713,2.952441703727493,56.92176087523865
2023-07-28,191.9785925358936,193.91150122150717,191.45592124266815,193.12255859375,48291400,65.44275764936987,2.545696645620467,2.738577158878123,193.77082097304017,185.487281443952,2.9817559351174476,79.36363281441403
2023-07-31,193.34938604539337,193.77344894031904,192.56044337061044,193.73399353027344,38824100,66.60591483874188,2.619170031978655,2.7146957334982296,194.230083268008,185.27258854595686,2.85541662330253,81.76233465530187
2023-08-01,193.5269039281353,194.0101198390568,192.58016971551623,192.90560913085935,35175100,63.488047405106684,2.580804612995763,2.6879175093977365,194.60258510472013,185.21072971461578,2.753597587605248,69.53496431893159
2023-08-02,192.3434766820384,192.48154051645844,189.19759252290805,189.91749572753903,50389300,53.71956339706654,2.2829673367414784,2.606927474866485,194.62892124065013,185.30766475788505,2.821770374772823,34.30236291447979
2023-08-03,188.9215022402868,189.71042999433632,188.0536636534335,188.5270233154297,61235200,49.87400485560282,1.9126814454139947,2.468078268975987,194.62890032857808,185.24456921487894,2.753346210439446,6.366026051994196
2023-08-04,182.95513345446872,184.7894189873242,179.40489853673822,179.47393798828125,115956800,33.20654124605129,0.8785910321465451,2.150180821610099,196.1063718053392,182.9101137903639,3.2082589653145908,0.42923018813162117
2023-08-07,179.6119550266926,180.59812946369576,174.89804242164368,176.37730407714844,97576100,29.566747608573422,-0.18863112537155757,1.6824184322137676,197.76036248038739,180.29361396004228,3.386246685081554,7.1839025745628975
2023-08-08,177.205713919119,177.77769698523286,175.12488493894773,177.31419372558594,67823000,31.99545026080372,-0.9478865631486144,1.1563574331412914,198.7084550014689,178.52896717870686,3.3338584965960956,12.342675114645372
2023-08-09,178.3693964131728,178.42856448196,174.56276182695083,175.72645568847656,60378500,30.10112552314017,-1.6585998513969287,0.5933659762336474,199.6651772962135,176.4302557482201,3.3718545079113147,5.844515623843505
2023-08-10,176.99859377509202,178.25103959448677,175.1445959609342,175.5094757080078,54686900,29.841105606927698,-2.213834023236899,0.03192597633953809,200.32906491125647,174.5267456356185,3.3528965883142616,4.75475917858032
2023-08-11,175.10462674008653,176.3883728930982,174.34424265962002,175.56874084472656,52036700,30.018920782590925,-2.618889970059996,-0.4982372129403687,200.74371551224763,172.86360718062346,3.259413277254541,6.083136568587352
2023-08-14,175.74650562753334,177.44501774834183,175.09474782272636,177.2178955078125,43675600,34.95885371943507,-2.774840098064857,-0.9535577899652663,200.4973674202565,171.7009434317943,3.1944744664231783,14.275907419776123
2023-08-15,176.64514364841483,177.23763842738072,174.8380051896738,175.23300170898438,43622600,32.02839155935757,-3.0237402438662,-1.367594280745453,200.28716562743688,170.3292879248092,3.1377000929434455,4.415231267476991
2023-08-16,174.91701484938284,176.30938743269644,174.29488099061055,174.364013671875,46964900,30.810688105495757,-3.25360988534473,-1.7447974016653085,199.75436806066153,169.05822044031504,3.0574719750250487,0.3506560676027383
2023-08-17,174.9268647491592,175.29223725703497,171.31258808782235,171.8260955810547,66062900,27.519887626566515,-3.5990840118637664,-2.115654723705,199.52177351752505,167.42743455132262,3.1233417746098753,2.262393545079679
2023-08-18,170.14734105941557,172.91236175457905,169.81159252872837,172.3099822998047,61172200,29.07531015016818,-3.790138771465706,-2.4505515332571415,199.16691535449465,166.08465477489986,3.1217294496985044,10.324552973973557
2023-08-21,172.88272795365145,173.92948217703207,171.56934282132403,173.64309692382812,46311900,33.32080526660204,-3.790287758166585,-2.71849877823903,198.41801982461936,165.1893440669822,3.0673301572706144,16.90124916551872
2023-08-22,174.8478727981476,175.46012191641384,174.04799506153495,175.0157470703125,42038900,37.47118783624691,-3.63771116616806,-2.9023412558248363,197.3008962818123,164.71372774162518,2.9780226455074073,26.153058190352592
2023-08-23,176.28963972003098,179.2817827873095,176.10201110060572,178.85714721679688,52722800,47.348195973129656,-3.170279224385098,-2.9559288495368885,195.85528181554955,164.86396104333718,3.070023579185236,60.39297299293531
2023-08-24,178.41275636104422,178.83739189345877,173.81097351698816,174.17636108398438,54945800,39.21887458829341,-3.1413251241881994,-2.9930081044671506,194.49048044813426,164.59153249131887,3.211177159229771,40.46496648156337
2023-08-25,175.16386577811136,176.91174101480664,173.62335841851225,176.3784942626953,51449600,44.0829940369259,-2.9071729673368907,-2.975841077041099,192.2613756872018,165.14623081914584,3.2166918333058145,69.34287015001134
2023-08-28,177.8400250704037,178.33377827348758,176.3192718348921,177.93878173828125,43820700,47.300977300734424,-2.566122869559507,-2.8938974355447806,189.478881491662,166.3492038354864,3.1308214479693617,85.81864764742886
2023-08-29,177.45488030453177,182.5899100858624,177.2573820568172,181.8196563720703,53003900,54.339622079107905,-1.9600893706617626,-2.707135822568177,186.75910611463584,167.9603839366337,3.2880862037604945,93.97218209401852
2023-08-30,182.62943856671396,185.5030858470339,182.4319402975977,185.3055725097656,60813900,59.56391577444156,-1.1848608192800043,-2.402680821910543,185.38847886324942,168.86981886624278,3.31632500884643,98.74127125276287
2023-08-31,185.4931879048022,186.75719481874472,185.13768501849643,185.52281188964844,60794500,59.872050999135624,-0.5466556980724988,-2.0314757971429342,184.4357514942873,169.52212509262674,3.195123922517992,92.7156148954143
2023-09-01,187.12258052751665,187.5472010181368,185.9276912341992,187.09295654296875,45766500,62.118932936777625,0.08484595838706355,-1.6082114460369348,186.0327163480626,168.6870620943202,3.111500008658733,97.43879960228415
2023-09-05,185.92768366781115,187.6064413525269,185.26605625958229,187.32994079589844,45280000,62.46058597499137,0.5975500346687568,-1.1670591498957965,187.63781679074467,168.17722532351317,3.0564203718220107,98.44617642236625
2023-09-06,186.0461707664675,186.49056063180012,179.2027597126584,180.6247711181641,81755800,48.99586205762352,0.457546245102435,-0.8421380708961503,187.8732328035738,168.27286704994182,3.4186175654947264,60.76577944834439
2023-09-07,172.9913740950523,175.98353252575788,171.37186410651492,175.34164428710938,112488800,41.419478201817114,-0.07880355085393376,-0.689471166887707,187.87487901918297,168.2327396941959,3.8353525259343293,31.07669985364084
2023-09-08,176.12176201867752,177.98814840122637,175.56874581023814,175.95387268066406,65551300,42.5285554438409,-0.4492838490449742,-0.6414337033191605,187.8748467509878,168.27721165965673,3.750434782233091,28.223762804015806
2023-09-11,177.82027676778657,178.0473990105972,175.12437356668377,177.119140625,58953100,44.675510670319404,-0.6414702996573283,-0.6414410225867941,187.89320091188446,168.4138974767874,3.6913341152102572,35.40145475544734
2023-09-12,177.2475294233725,177.8795329175836,172.63587633671216,174.09738159179688,90370200,40.455028247385144,-1.0257855294278784,-0.718309923955011,187.89892203287013,168.09612496420016,3.8022142913289128,16.788348991049197
2023-09-13,174.30473020059844,175.08486860955094,171.8063404869434,172.03347778320312,84267900,37.82655439777112,-1.4798392408518168,-0.8706157873343722,188.02623508870093,167.64885951579126,3.764808136420242,4.075336651286872
2023-09-14,171.82609096561458,173.89986015970092,171.4113401404273,173.5443572998047,60895800,40.856024889188866,-1.6981890619724425,-1.0361304422619864,188.05046650892197,167.5426624583632,3.673644699481197,13.381889533485941
2023-09-15,174.27513730071914,174.29489164916728,171.6483815469245,172.82350158691406,109259500,39.8581364874187,-1.9074124366767649,-1.210386841144942,187.987150234198,167.70571933367307,3.6002779425355964,8.94164016963076
2023-09-18,174.2751007250675,177.13887792290447,173.9689761950564,175.74649047851562,67257600,45.65446796755995,-1.8164240871957134,-1.3315942903550964,187.87650816691075,168.1600122188314,3.65135639921094,26.946352256110217
2023-09-19,175.30211073798526,177.38574949277796,174.91698390976052,176.83274841308594,51826900,47.672807594231244,-1.6377838745916051,-1.3928322072023982,187.8392092902846,168.5162762443834,3.56688562662569,33.63736686098483
2023-09-20,177.02035765272817,177.45486279571944,173.20858308214417,173.29747009277344,58436200,42.18203719150859,-1.7611758945467386,-1.4665009446712665,187.9011146784795,168.28254315843455,3.6154137756935167,11.861140312301893
2023-09-21,172.36923745366522,174.09737357666756,171.68785565712008,171.75697326660156,63149100,40.01906293325056,-1.9606688091970739,-1.565334517576428,187.93567438109034,167.5379660608042,3.5292783573973714,2.372153917227777
2023-09-22,172.48772049861157,174.86761425499944,171.87547142547365,172.60621643066406,56725400,41.79108545241508,-2.026876979277773,-1.657643009916697,187.99579647141846,167.32082950514402,3.4993756881831217,7.6032304718766905
2023-09-25,172.02359502231215,174.75899170155245,171.97421669351675,173.88011169433594,46172700,44.442543102897176,-1.954029889455171,-1.716920385824392,187.99562373090495,167.0711639888216,3.448332782458306,16.590369306150894
2023-09-26,172.63586851438868,173.01111068359924,169.51534481079926,169.8115997314453,64588900,38.42288623029426,-2.1992414726514653,-1.8133846031898067,188.13981123208941,166.11425828695354,3.5137923611067605,3.472257837427544
2023-09-27,170.46331542744704,170.87806622328196,166.93792612877573,168.30067443847656,66921800,36.44844627152756,-2.4868258820289384,-1.9480728589576333,187.90195749411666,165.00021383156692,3.5442457706352943,12.266543374264968
2023-09-28,167.22430983558627,169.88070413963854,165.52579782856736,168.5574493408203,56294400,37.040565318372614,-2.663317938396659,-2.0911218748454385,186.78426387995995,164.4430951288291,3.602150094952143,24.211372556760356
2023-09-29,169.870831028669,170.90771561508154,168.21181267677895,169.07095336914062,51861100,38.27905219969314,-2.7302807046490045,-2.2189536408061517,185.29218893502653,164.28998422171176,3.537418155191461,28.697033852743687
2023-10-02,169.0808338409062,172.12235512412923,168.79444856905252,171.5792236328125,52164500,44.066870250074814,-2.5515401648141847,-2.2854709456077584,182.85006526013544,165.18073460558722,3.5224530408975503,50.745182635134256
2023-10-03,170.1078434596355,171.46073744550782,168.6858469308082,170.24609375,49594600,41.82210471516924,-2.488770442890882,-2.326130845064383,179.5368439133198,166.785571247813,3.4775190166908896,39.56970587745532
2023-10-04,168.9524578917983,172.03348795172127,168.8339619515459,171.4903564453125,53020300,44.65581269968917,-2.3119724065113587,-2.3232991573537785,178.05526829189708,167.35370540195058,3.4576623726540676,50.000219071395556
2023-10-05,171.61871413723316,173.2579782200924,170.52258153582127,172.7247314453125,48527900,47.39333448009825,-2.0486395015813628,-2.2683672261992953,177.7789015740686,167.36838083559937,3.4060719663410013,60.347844835853884
2023-10-06,171.62862082907645,175.76627518846593,171.01635659512883,175.27252197265625,57266700,52.60438211189449,-1.6157356792802204,-2.1378409168154806,177.6599103012352,167.419237037632,3.502061011126437,81.70568414982658
2023-10-09,174.60098214625398,176.81300162773064,173.60360623261292,176.75375366210938,42390800,55.372177159788286,-1.1399921432271753,-1.9382711620978197,177.5750153795662,167.4675932630119,3.481156324268672,94.1226815719368
2023-10-10,175.87486944103904,177.4746247468579,175.72673446240606,176.16123962402344,43698000,54.013371466712776,-0.8015333172411658,-1.710923593126489,177.8934152659195,167.35557917988132,3.3573516071388982,89.00825050177929
2023-10-11,175.9736034231689,177.60299770884345,175.38110873868183,177.55361938476562,47551100,56.702271239728404,-0.41615171121299,-1.4519692167437892,178.59982015347504,167.20118845248197,3.2762471330690923,99.59114426715365
2023-10-12,177.8202822818536,180.0619109305439,176.80313684087554,178.45228576660156,56743100,58.393228154556844,-0.037783599549129576,-1.1691320933048572,179.36122640562402,166.9305750470127,3.2749990585404682,88.92671546616228
2023-10-13,179.1533769286896,179.6569996772118,175.9143577270369,176.61549377441406,51427100,53.77089879312261,0.11256451818454138,-0.9127927710069775,179.73795007492396,166.93305059646275,3.3084021222286406,76.29065533577058
2023-10-16,174.5417330268598,176.84262444155877,174.3047260977915,176.48712158203125,52517000,53.45243390842078,0.21883532421671248,-0.6864671519622396,179.84191547723856,166.90314830449972,3.253366138052828,75.40752934822335
2023-10-17,174.44296868905948,176.19085892709333,172.6160912129652,174.9367218017578,57549400,49.62937912316579,0.1759234624341559,-0.5139890290829605,179.58720939093098,166.96825172967448,3.2974850116966303,64.7416809924987
2023-10-18,173.38635072108465,175.36136323860268,172.92222157401596,173.64309692382812,54764400,46.63242314486536,0.03710308516360783,-0.40377060623364686,179.60661132926447,166.98341247444648,3.2361747726173506,45.8332423136119
2023-10-19,173.84060845589931,175.6181228712257,173.00123711265553,173.2678680419922,59302900,45.769074452850646,-0.10201493415681284,-0.34341947181828003,179.64067623357175,167.10043704767827,3.191939843042552,40.277736757550315
2023-10-20,173.11972583296543,173.22835212793277,170.4830858385587,170.7200927734375,64244000,40.31175363612593,-0.413089301951743,-0.35735343784497264,179.65064443521663,166.9018564803107,3.1628571544990467,17.881807298873902
2023-10-23,168.77470794688867,171.8359684831129,167.80694090892598,170.83859252929688,55980100,40.6661188912062,-0.6426479936091312,-0.4144123489978044,179.5824821496891,166.66586684933435,3.224726470191038,24.738139832435543
2023-10-24,170.88799016172553,171.50023932449824,169.30797385167378,171.2731170654297,43816600,42.02531537125497,-0.7805151195909446,-0.4876329031164324,179.52958533889762,166.86491539352426,3.1509792560934256,28.283840355295297
2023-10-25,169.732625707354,170.89787616980513,168.51798183705213,168.96237182617188,57157000,37.15140863118747,-1.0639688684965165,-0.6029000961924493,179.4610496956193,166.9996207755721,3.122704682685149,9.428263922373542
2023-10-26,168.2414494672427,169.2388405091802,163.600172706508,164.804931640625,70625300,30.33483030267314,-1.6055706652782078,-0.803434210009601,180.04422883137215,166.04118986979972,3.302416334112795,7.318540227774485
2023-10-27,164.8247009041889,166.8490920877316,164.74569858206283,166.1183319091797,58499100,34.428049668331255,-1.9068327847491844,-1.0241139249575177,180.3584952337154,165.43166132146038,3.2167718463667936,15.297043170051772
2023-10-30,166.90830774256386,169.0314401165317,166.7601727667049,168.1624298095703,51131000,40.30653433027094,-1.9580721309160936,-1.210905566149233,180.46572055000394,164.9827566228476,3.1950815864371673,27.71430963712525
2023-10-31,167.23420217717043,168.76482492650203,165.80230595130433,168.63645935058594,44846000,41.61374712666177,-1.938088383120629,-1.356342129543512,180.5259055224819,164.76160821042825,3.1784699713486337,30.59389340017824
2023-11-01,168.86359824995364,172.05323977559237,167.9945877763323,171.79649353027344,56934900,49.54583593569341,-1.6482626246947518,-1.41472622857376,180.5329660763295,164.78516136507676,3.24134011619945,51.04570684307612
2023-11-02,173.32712561259646,175.55888462715336,173.26787764016203,175.3515167236328,77334800,56.67658267556497,-1.1188159481136495,-1.355544172481738,180.75601457221657,164.8247913970217,3.278558043390913,88.73994221191518
2023-11-03,172.06311427874405,174.61088250590672,171.18423421755685,174.4429931640625,79829200,54.55457188646769,-0.7637320729447481,-1.2371817525743403,180.66862658581678,164.82922650256214,3.3420383621541307,86.11778792348004
2023-11-06,174.17636920813592,177.18825142381783,174.00849494223715,176.99075317382812,63841300,59.17112991205056,-0.2735888415012653,-1.0444631703597254,180.70637412285066,164.81517891670012,3.3304467992560274,98.54653292714507
2023-11-07,176.9413698079054,180.1606499568927,176.73400192517136,179.54840087890625,70530000,63.211382002130236,0.3175732090832071,-0.7720558944711389,181.31325707679292,164.54701208824616,3.337318315860694,96.30295027897074
2023-11-08,180.07176426042716,181.1580120556029,179.3212498937122,180.60501098632807,49340300,64.76270552754933,0.8614032776935119,-0.4453640600382087,181.91894645327991,164.2464618719154,3.230135733434266,96.85040363862682
2023-11-09,180.67417400336532,181.81966995293172,179.53853262491765,180.13104248046875,53763500,63.46977476250954,1.239854951747617,-0.10832025768104359,182.24619508118522,164.08708891539683,3.1623501330471093,90.73175593363626
2023-11-10,181.9108804268445,184.48178544542023,181.475802800193,184.3136749267578,66133400,69.29535589026526,1.8558905615880121,0.28452190617276757,183.82138951885278,163.2817125929636,3.247235335325993,99.19493517687383
2023-11-13,183.74018560328048,183.94782669363863,182.1482051958573,182.73159790039065,43627500,65.06847382619144,2.1911842189141737,0.6658543687210489,184.86316745112856,162.86438229252377,3.169966363581317,91.61852311450946
2023-11-14,185.5991254795717,186.0045400899508,184.214801307548,185.342041015625,60108400,68.48443120840132,2.637148395881667,1.0601131741531726,186.52247367549236,162.2456079895467,3.177321779722663,97.042991382049
2023-11-15,185.7474419604177,187.3789678351275,185.67821821290843,185.9056396484375,53790500,69.1850735812671,3.0014569907571342,1.448381937473965,188.17252067663415,161.82181526086586,3.095864996849794,93.49043140778038
2023-11-16,187.4482069859036,188.8226485285232,186.5384909930313,187.58663940429688,54412900,71.23887973126315,3.3867761611040805,1.8360607821999881,190.00189542344512,161.42431765028536,3.0830895599380725,94.63079613137695
2023-11-17,188.12057839811112,188.24912816814668,186.4593894684262,187.5668487548828,50922700,71.17873111577737,3.648489918988446,2.1985466095576798,191.57259541510766,161.53829325676733,2.9907073556368164,94.54482586682647
2023-11-20,187.76460727588125,189.7620021367657,187.75472463510505,189.30714416503903,46505100,73.31257589093676,3.9507850620842078,2.5489943000629856,193.26737212992614,161.69037170552306,2.933882071797249,97.91037206259348
2023-11-21,189.2676114417462,189.37638084971888,187.61630503925363,188.5062255859375,38134500,70.71763464259362,4.078711853788377,2.854937810808064,194.57763004219223,162.1034246453078,2.8500387674163923,93.24043363934075
2023-11-22,189.34672485819107,190.77059476808083,188.69410838615653,189.16873168945312,39617700,71.61270916720831,4.185307840118668,3.121011816670185,195.6454489233331,163.05624175049502,2.8082052256111734,91.8215378783842
2023-11-24,188.73363999587545,188.76330300712377,187.13177703645837,187.84371948242188,24048300,67.18919752489752,4.115428418704056,3.3198951370769594,195.6872506306635,165.3183188273443,2.7531158989957145,82.53873132800273
2023-11-27,187.79429075090235,188.5358962659671,186.7857030257735,187.66574096679688,40552600,66.5941583080197,3.9995823987572408,3.455832589413016,195.46978735993778,167.69052300383177,2.6814785662241345,77.88028878495
2023-11-28,187.6558347269926,188.9412871423915,187.28008315178343,188.26889038085935,38415400,67.6400716428376,3.911355044094421,3.5469370803492977,195.24182071244812,169.92913570845033,2.608601810822987,78.14980320121208
2023-11-29,188.7633011569372,189.9399842182602,186.8549103746581,187.25042724609372,43014200,63.996442233452726,3.7164122791881766,3.5808321201170736,194.4776585312488,172.55469467920042,2.642635527450068,68.65965058669312
2023-11-30,187.7151899349547,188.1898283420745,186.08366378848976,187.82395935058597,48794400,65.13541094470763,3.567078915825789,3.578081479258817,193.93216537523077,174.70293441724968,2.6043161721739727,68.29799496669678
2023-12-01,188.19969953750024,189.4159283197641,187.11200544734405,189.0995178222656,45704800,67.59101912330203,3.5111833221479856,3.564701847836651,193.8560103815426,176.15388952080116,2.582859507905836,80.61932911036061
2023-12-04,187.8536004326293,187.92282418358675,185.3519192531924,187.30975341796875,43389500,61.08941306591719,3.2846037641129158,3.508682231091904,193.01250511811804,178.2840708096163,2.666055155132077,47.20942063005769
2023-12-05,188.08104861869373,192.22413865175915,188.0513705178724,191.25511169433597,66628400,68.32296285335929,3.3843822205863887,3.483822228990801,192.91349257782983,179.80951920195534,2.8266501607505288,85.8993594176391
2023-12-06,192.27358406476236,192.58011192579397,189.95977851245675,190.1674346923828,41089700,64.74927368311945,3.337221510025614,3.4545020851977637,192.81012098159005,180.97479417954276,2.811913250221007,66.6212932790738
2023-12-07,191.46276025185608,192.817421410012,191.42319951100376,192.09559631347656,47477700,67.9497169010578,3.416054683661855,3.446812604890582,193.03528066191086,181.89869303193677,2.800347069321592,90.33119164159554
2023-12-08,192.0263919187675,193.79636559429088,191.50232520965804,193.51950073242188,53406400,70.10804962844242,3.5524769849318716,3.46794548089884,193.1863146031444,183.08650491589856,2.764182306129538,96.72133789847749
2023-12-11,190.9485830810774,191.3243346926335,189.2774962882125,191.01779174804688,60943700,62.18466952490632,3.4193099574305563,3.4582183762051835,193.33986096395478,183.60337023721712,2.8697410302780986,67.09584342171858
2023-12-12,190.9189094878757,192.54055280703432,189.57413099725628,192.5306701660156,52696900,64.7771696097015,3.396695778828075,3.4459138567297622,193.34577870904312,184.57735971869127,2.8766468002423804,85.01150487373891
2023-12-13,192.90642113434447,195.78385412672148,192.66911702808835,195.7443084716797,70404200,69.55227896984083,3.596627945003547,3.4760566743845196,194.48263723898214,184.48072793435773,2.9035423117040593,99.62091735117961
2023-12-14,195.8036348613561,197.3857175620074,193.964452594447,195.8926239013672,66831600,69.75606359235857,3.724114172779906,3.5256681740635973,195.4509580575472,184.5111055410856,2.9405225014080822,87.59249887422096
2023-12-15,195.3191123528845,196.1793699091571,194.7950456705572,195.35867309570312,128538400,67.99176325694239,3.7389621311525048,3.568326965481379,196.2147597239544,184.52450724381907,2.8293654826360695,83.1554060132501
2023-12-18,193.89520715993984,194.42917151631292,192.214237877434,193.69744873046875,55751900,62.6800839030405,3.5754665693328036,3.569754886251664,196.54536351595794,184.8069634493741,2.8518704637527175,69.35075080295383
2023-12-19,193.9644492639128,194.7456004150459,193.69746706046115,194.7357177734375,40714100,64.54442908868107,3.489450579091738,3.553694024819679,197.04777273802955,184.84741158814234,2.723033408097321,77.9786920092494
2023-12-20,194.69616113684165,195.46742966263125,192.6493377685547,192.6493377685547,52242800,58.24746932484506,3.2158584429966197,3.4861269084550672,197.18686118184968,185.12263436258394,2.729823299952981,60.64102395680666
2023-12-21,193.90511142023345,194.87413831888384,191.33420648650613,192.50099182128903,46482500,57.81556861940269,2.9530238056132134,3.3795062878866964,197.3063996375146,185.33632192010256,2.7876881951261754,59.40827978527615
2023-12-22,192.9953923922105,193.22282892375424,190.81013681243016,191.4330902099609,37149600,54.67275894516526,2.6282578066955864,3.2292565916484746,197.2577033487949,185.74395528157618,2.7609027605688827,36.22877611148305
2023-12-26,191.4429813812401,191.719846217368,190.6717128965979,190.8892517089844,28919300,53.0900190378893,2.3004767270475384,3.0435006187282876,197.14055954044952,186.18345016414034,2.6385620862975405,19.878039416375753
2023-12-27,190.33552729492325,191.3342172608312,188.95118798803827,190.98812866210935,48087700,53.35441748013061,2.0253395500563727,2.8398684049939047,197.05234514011997,186.5435883925949,2.6203097424757824,24.150021126934455
2023-12-28,191.9670597842524,192.4812438348005,191.00791544042357,191.413330078125,34049900,54.54099967348714,1.8206146434342543,2.636017652681975,196.8127231257184,187.19950069019959,2.539795844634023,29.191220073321716
2023-12-29,191.72973752393827,192.2241411947973,189.5840274029703,190.3750762939453,42672100,51.12133887999928,1.5566462279018936,2.420143367725959,196.5960519755772,187.67128353467672,2.5469614122906656,16.881656450663073
2024-01-02,185.05530386559408,186.3308738952772,181.83179708633995,183.5622100830078,82488700,35.42543956070911,0.7886173017217288,2.093838154525113,197.61174309915467,186.10186163717347,2.975269826241716,11.125252950694488
2024-01-03,182.1580811288092,183.79950485996184,181.37691491631995,182.187744140625,58414500,33.210087227688845,0.0682541384933586,1.6887213513187622,198.54135502511872,184.66004878347502,2.9357926917703003,5.0648961215314845
2024-01-04,180.11123597031312,181.04071720671112,178.85546161628733,179.87393188476562,71983600,29.82837973324193,-0.6814883959962117,1.2146794018557676,199.73422936645707,182.32905646117965,2.9641133940965414,5.496255807052319
2024-01-05,179.95306152436652,180.71443234786256,178.1534248404595,179.15211486816406,62379700,28.841712403791604,-1.3187081107127199,0.7080018993420703,200.67943997188405,180.2823138733308,2.9353201164755776,5.540292194936288
2024-01-08,180.05193047893468,183.52265400582172,179.46853775144191,183.48309326171875,59144500,41.37268247475657,-1.4574351593869608,0.2749144875962641,200.6799387614537,179.42056477858537,3.0378357608457263,30.782412711553864
2024-01-09,181.8614334502317,183.07766218215255,180.68475037086023,183.0677795410156,42841800,40.63372276022523,-1.5826459341093368,-0.0965975967448561,200.4625059501109,178.59282547078752,3.020729127275212,28.38369719213044
2024-01-10,182.286616409046,184.31365913260456,181.8614214601624,184.10601806640625,46792900,43.35740098949484,-1.5798872463636826,-0.3932555266686214,200.35296145033487,178.0111926023995,2.9801225947871366,34.380221601440525
2024-01-11,184.45212033242825,184.9564217479187,181.56480461990645,183.51275634765625,49128400,42.16692195169821,-1.6070471894106788,-0.6360138592170329,200.05984188549425,177.40252078540416,3.0095150614460735,32.05205037519593
2024-01-12,183.97749798089004,184.6498948423917,183.11724039185432,183.8390655517578,40477800,43.09246362501245,-1.583982055124153,-0.8256074983984569,199.16000970918293,177.1118286697233,2.9040250178097375,37.72969839995965
2024-01-16,180.12115895148446,182.19764543114704,178.9049149905355,181.57470703125,65603000,38.489263828831604,-1.7284925919473437,-1.0061845171082342,198.17962728907224,176.6604194028223,3.04903398519635,23.8785972389921
2024-01-17,179.24110807963172,180.8825167727283,178.281963767062,180.63531494140625,47317400,36.736040509645996,-1.8969524374579123,-1.18433810117817,197.1676711390331,176.20003973743175,3.0664417908386112,17.322176542898866
2024-01-18,184.0071435872404,187.02300881659585,183.75005912545996,186.5187225341797,78005800,51.60458805587184,-1.5379872954861753,-1.255067940039771,196.27568670364306,176.3741515531929,3.3036740825779676,58.38500400531438
2024-01-19,187.21087293560348,189.80154302609117,186.7065866846462,189.41590881347656,68903000,56.9679420134662,-1.008105303906433,-1.2056754128131035,195.32382675824448,176.79403060259534,3.3021845403875045,80.04200844788538
2024-01-22,190.14763349819023,193.14371820043877,190.1080727596782,191.71983337402344,60133900,60.698061614154874,-0.3976783620392723,-1.0440760026583373,195.1465566943463,176.87835022704044,3.3325863151428403,90.5012877852225
2024-01-23,192.83722464512005,193.55904982724215,191.66054141727489,192.99542236328125,42355600,62.6295248708713,0.18686469824800156,-0.7978878624770696,195.2475781506236,176.82677182496235,3.2301521790588703,96.34141773252
2024-01-24,193.2326988491845,194.18196038829024,192.16478527569063,192.322998046875,53631300,60.92964412985202,0.5890698319421119,-0.5204963235932334,195.4096794090566,176.75366135022074,3.143510960026066,88.40216976861106
2024-01-25,193.03497008475264,194.07322080915367,190.94858599423333,191.9967193603516,54822100,60.07756169402434,0.8714468382539735,-0.242107691223792,195.5974261526905,176.67666137172358,3.1421626639470857,86.36655843312903
2024-01-26,192.0956113086777,192.58011726192575,189.79168833424328,190.2663116455078,44594000,55.633938751143944,0.9447131441432077,-0.004743524150392059,195.48864074601644,176.71326507673749,3.1168959684996134,75.3732731140672
2024-01-29,189.86091028509443,190.04878611194624,187.45811545873704,189.58404541015625,47145600,53.93989312298676,0.9369237622432536,0.18358993312833707,195.21308650716264,176.80589084879438,3.094845984090411,71.08228958995333
2024-01-30,188.80286821503816,189.6532430962833,185.37170567810733,185.9353179931641,55859400,45.89180600228764,0.6290772017098334,0.27268738684463634,194.75898875928607,176.81601276659285,3.179609657953664,48.13431353742571
2024-01-31,184.9465411859158,185.005882307602,182.28666178515888,182.33609008789065,55467800,39.613051574741895,0.09360000996855433,0.23686991146941996,194.77810626415035,176.67428326221685,3.213112982957346,25.49765523481907
2024-02-01,181.93068222666932,184.85754373397813,181.7625867762094,184.7685546875,64885400,45.08166901544954,-0.13295730906187941,0.1629044673631601,194.7672572857244,176.94321329533025,3.2046732668724456,40.7961779801745
2024-02-02,177.84689023760967,185.23328233515724,177.2437171517322,183.7698516845703,102551700,43.34603425291278,-0.38861291470044534,0.05260099095043902,194.5734179437433,177.52664461729185,3.5464512609119168,38.528992893151226
2024-02-05,186.04410163536497,187.13179578344227,183.75995901240583,185.5793609619141,69668800,47.30461982623807,-0.44013593500295656,-0.04594639424024009,194.26080522494598,178.48198194546418,3.5339787973493832,49.21197371986583
2024-02-06,184.76852130142623,187.19109601961685,184.67953227102765,187.18121337890625,43490800,50.59557481794646,-0.3477040807790104,-0.10629793154799416,194.3332303998312,178.77936878229772,3.46094915100937,58.66898997958548
2024-02-07,188.5062066759397,188.91162125480523,186.49892923853312,187.28997802734372,53439000,50.82016275745889,-0.26264713949424845,-0.13756777313724503,194.3729513276456,179.1618677031161,3.3860736413852797,59.31111470833377
2024-02-08,187.27023532431497,187.41855040104747,185.25307484073457,186.21221923828125,40962000,48.468894450350575,-0.2789890160824484,-0.16585202172628571,194.38080212905874,179.3646370188905,3.298888064165824,52.94824239619026
2024-02-09,186.7765376843336,188.10324181676,186.1329987846296,186.9745635986328,45155200,50.22320849404234,-0.22779932351147636,-0.17824148208332385,194.38547156944279,179.70614830360407,3.203984847591866,57.448971011931135
2024-02-12,186.54880424779185,186.796321504533,184.9349868995182,185.2914123535156,41781900,46.46228035481088,-0.3193659107257645,-0.206466367811812,194.35248040238156,179.8843741508411,3.1208128369863477,47.51198273274262
2024-02-13,183.92512331150877,184.360756090923,181.68755769129083,183.20236206054688,56529500,42.234889709971114,-0.5541145034441399,-0.2759959949382776,194.2042448871101,180.19537516904225,3.1553158245033774,35.405945594759324
2024-02-14,183.4796068721132,183.6875129162611,180.6282031229016,182.3212127685547,54630500,40.55863327787657,-0.8020107574599535,-0.3811989474426128,193.99012757706487,180.5780822618023,3.1484582508502448,33.107480114891246
2024-02-15,181.727184392981,182.6578517542401,179.54903541760635,182.0341033935547,65434500,40.001539434891924,-1.0099950575298067,-0.5069581694600516,194.1618696765276,179.9578782482771,3.1456266855490678,37.41007765523518
2024-02-16,181.59844306951368,183.0142495087648,179.8658224253954,180.4994659423828,49752500,37.07053170396585,-1.2838570259682456,-0.6623379407616904,194.19651129113788,179.03159234655743,3.145826713964806,26.235883668708414
2024-02-20,179.98463913307552,180.61828269677792,178.21242224791314,179.75692749023438,53665600,35.707223101599055,-1.5430242335946502,-0.8384751993282824,193.78752328041284,178.24428976890354,3.092971980743376,21.539518291380723
2024-02-21,180.13315310757224,181.0737156195715,178.8658660184515,180.50938415527344,41371400,38.18798723284498,-1.6684661097820594,-1.0044733814190379,192.80004529113583,177.98316393737977,3.0297489536274202,27.9884628352503
2024-02-22,181.6578862880503,183.12319953047427,180.64802661628636,182.5390472412109,52292200,44.417944098472084,-1.5858224776058591,-1.1207432006564022,191.6459857268985,178.15882842105074,3.0000394123112355,45.383729954414484
2024-02-23,183.17269052734747,183.2023913936763,180.42029946099493,180.7074279785156,45119700,40.455312927875084,-1.6491132200463312,-1.226417204534388,190.44068528391355,178.23519972585208,2.9844717351948162,23.319556248979513
2024-02-26,180.43019254491847,180.9450175834942,178.85597124394113,179.3609161376953,40867400,37.78648053959197,-1.7873207209976272,-1.3385979078270358,189.60708907819642,177.97825638078794,2.9205127783632636,10.734391322587324
2024-02-27,179.3014951345761,182.0934817527884,177.77678047240937,180.81629943847656,54318900,42.22309701187999,-1.7591356710140076,-1.4227054604644302,188.62706478351984,178.08150607829654,3.0202405285072462,27.29737250372417
2024-02-28,180.69750358801917,181.30144633523983,178.34114943443706,179.6183319091797,48953900,39.71266484966727,-1.8125705980531848,-1.5006784879821813,188.4159891595754,177.66088309384256,3.01595884081407,17.83332523466799
2024-02-29,179.4698114222519,180.75690414056305,177.74708592784262,178.95497131347656,136682600,38.35283314316388,-1.886697148546773,-1.5778822200950997,188.54426781804588,177.19449255793066,3.0155202245216675,11.663453105476707
2024-03-01,177.76690051629518,178.73716395290236,175.61845249589473,177.8758087158203,73563100,36.18226332255861,-2.009359728392724,-1.6641777217546245,188.54093254875386,176.50855323005476,3.0384486954545364,20.194870938110775
2024-03-04,174.40064432483445,175.14319605787904,172.06408093389737,173.361083984375,81510100,28.830958047175727,-2.4427131843030736,-1.8198848142643145,189.24351472514584,174.7650942836432,3.2365400587737083,10.547591392918875
2024-03-05,169.0641855800497,170.33147275577412,167.93550746706842,168.4305419921875,95132400,23.27037657118798,-3.147717524529213,-2.0854513563172943,190.38854467896903,171.90518243284737,3.392899805811771,3.142676192665056
2024-03-06,169.36119643359416,169.53941670485264,167.00482743895031,167.44046020507812,68587700,22.338669214354468,-3.7431808108629525,-2.4169972472264263,190.79896348239262,169.52068831204096,3.3315919101039535,2.6894955768994206
2024-03-07,167.47019012011697,169.03450118476172,166.81675596481475,167.32168579101562,71765100,22.223713845766824,-4.176529426509887,-2.768903683083119,190.69352268096247,167.6292998898383,3.2520314322355985,3.0815394886151255
2024-03-08,167.3216394265741,171.9749601051527,167.26223771139365,169.03445434570312,76267000,27.979302549451603,-4.331820685956103,-3.0814870836577155,190.1772033278643,166.42784275367868,3.3563665009158443,13.534405733098028
2024-03-11,171.2225546353428,172.6482565736913,170.34139373001014,171.03443908691406,60139500,34.11083767843512,-4.244579206896219,-3.3141055083054165,189.06501534805184,165.94601828231927,3.3747547671352964,25.740125492297466
2024-03-12,171.43042097242335,172.30168642339717,169.31167416803427,171.50962829589844,59825400,35.51556290581223,-4.089949516239187,-3.469274309892171,188.06049656381714,165.57235866079225,3.3472731591515537,28.640160776540274
2024-03-13,171.05422401757613,171.4700511814422,169.0641756745517,169.43051147460938,52488700,32.273506575610625,-4.088047259830205,-3.593028899879778,187.4119792104572,164.84369095555846,3.2828574064512095,15.951505336135929
2024-03-14,171.1928340614332,172.57892461566286,170.34137411890524,171.2819366455078,72913500,37.72513911513453,-3.8922774184144373,-3.6528786035867102,186.66268743904774,164.48905511466322,3.2732542446370863,29.228649794893926
2024-03-15,169.47013396047814,170.90573120117188,168.5988682774061,170.90573120117188,121752700,37.07213018267014,-3.7245507414298515,-3.667213031155339,185.855722201958,164.18318313251464,3.231098110598846,26.766044590367056
2024-03-18,173.82641511894556,175.94516209588443,171.79677072295308,171.99478149414062,75604200,40.294040850784185,-3.4638201222286966,-3.626534449370011,185.18983928920352,163.9985976004449,3.3602647380355393,35.74826521593032
2024-03-19,172.6086342803731,174.85609525037736,171.31164624406932,174.33135986328125,55215200,46.610106271554585,-3.0336765464304847,-3.507962868782106,184.63606711860555,164.00981300834755,3.3734207571978607,53.90619815318514
2024-03-20,173.97494430389506,176.89564514160156,173.35119593354975,176.89564514160156,53423100,52.54340464278572,-2.4575392890994294,-3.2978781528455707,184.12019263532275,164.16431359026316,3.3856370751160005,84.55154544088525
2024-03-21,175.29172116809335,175.72735394947048,169.14338597139206,169.66812133789062,106181300,39.29000962551037,-2.5546981597019283,-3.1492421542168425,182.8360707319029,164.161342903351,3.6975386533369647,28.290472521942185
2024-03-22,170.05426688241553,171.33146450930536,168.37115239719608,170.56910705566406,71160100,41.27848068727531,-2.529832908075747,-3.0253603049886233,181.76510976841828,164.21847177455047,3.6448796146778446,37.22980801784724
2024-03-25,168.8760716915293,170.23246134793257,167.76718417070535,169.15328979492188,54288300,39.11063692572132,-2.5944642683928123,-2.9391810976694615,180.87403026818458,164.08878864050683,3.584668419697907,23.18245383120706
2024-03-26,168.31174106723407,169.71763732680742,167.8959138727621,168.02462768554688,57388400,37.42335215200972,-2.7055705535099435,-2.892458988837558,179.47530571010623,164.20834602329222,3.458743779294151,11.984175037007427
2024-03-27,168.7176879462108,171.87601096065072,168.42066417893392,171.58888244628906,60273300,45.429778158649135,-2.4774589093287034,-2.8094589729357873,178.13911840432013,164.74158838278925,3.486789457566272,44.91292168675598
2024-03-28,170.0443614510728,170.51959037094832,168.81667037520145,169.77703857421875,65672700,42.456040805519095,-2.415040364117374,-2.7305752511721044,176.6981785153292,165.2647349978544,3.435748215674939,22.017450804920053
2024-04-01,169.48992969134684,169.54933141950085,167.79690490268092,168.34144592285156,46240500,40.21012949554903,-2.4531353294982807,-2.6750872668373398,175.31977375347253,165.6897034804142,3.331775748236574,6.290893437317657
2024-04-02,167.40087579338118,167.65828830624176,166.55931106297376,167.1632537841797,49329500,38.41410045223359,-2.5490126914485813,-2.6498723517595884,175.03356884023563,165.35612537363156,3.221087113353805,5.842910229214472
2024-04-03,167.11374996517486,168.98497988400436,166.90584392266877,167.9652099609375,47691700,40.366581335129794,-2.5311079929338405,-2.626119479994439,175.0503317612278,165.29282924951437,3.139519173923933,13.601523395714176
2024-04-04,168.59885072968464,170.2126681045212,167.14346313476562,167.14346313476562,53704400,39.002106146366124,-2.55378801307495,-2.6116531866105417,175.0721538971323,165.24130740657864,3.1344967307690514,5.651443416478774
2024-04-05,167.90578453281648,168.6978426903414,167.27214102824712,167.89588928222656,42104800,40.9696725230468,-2.4824316636663752,-2.5858088820217087,175.03744032383807,165.33344132899398,3.0216312182552456,12.930872871228225
2024-04-08,167.35138730592178,167.5196972486415,166.56923932419392,166.7771453857422,37425500,38.95753568243827,-2.487480399733471,-2.5661431855640613,175.13764578535358,165.00750497148238,2.900561128239346,2.1074620954718966
2024-04-09,167.02464767080627,168.39094781013864,166.67813256359855,167.98501586914062,42373800,42.255026389846165,-2.366734266640435,-2.5262614017793363,175.04648039511918,164.7937280399394,2.815722136689399,13.793137831281593
2024-04-10,167.12365945587084,167.4107728345435,165.45044033625643,166.11378479003906,49709300,38.761649009988965,-2.3944332596538516,-2.4998957733542397,174.98805165497507,164.31257242949758,2.795640236417598,6.4547049702714245
2024-04-11,166.66822184170525,173.7175238179071,166.49001666248702,173.3016815185547,91070300,54.36784872198727,-1.8154542899719104,-2.363007476677774,175.42333182216805,164.26440926669915,3.1390758643783445,94.9699032279593
2024-04-12,172.5294102738014,176.58869902312352,172.47991891196477,174.7966766357422,101670900,56.83195095801598,-1.221890480559722,-2.1347840774541638,175.99700229273108,164.04221279515954,3.208340453434088,83.91110821035001
2024-04-15,173.61851932570818,174.8759113224836,170.7869210734751,170.97503662109375,73531800,49.47691092730879,-1.047783104205223,-1.9173838828043757,176.0027104970098,164.04343513287301,3.2712440102608316,49.60017934716548
2024-04-16,170.04433444727837,172.03436750787574,166.59889888763496,167.6978759765625,73711200,44.19492200426857,-1.1608595632723677,-1.7660790188979743,175.7983431290567,163.8181119490683,3.425831482402257,20.177621147872728
2024-04-17,167.9256158132339,168.95528100035153,166.33160400390625,166.33160400390625,50901200,42.173492550303976,-1.3452134186135254,-1.6819058988410847,175.19143560641382,163.6250438857737,3.36853473340533,7.911143854907758
2024-04-18,166.36129252101995,166.96523521407434,164.8959946340493,165.38111877441406,43122900,40.77620460065738,-1.550142315964365,-1.655553182265741,173.69683425110537,163.96819260436337,3.275728008163882,4.148947277056615
2024-04-19,164.559379327856,164.74747975255278,162.45052746983075,163.36138916015625,68149400,37.902471564880294,-1.8541517367815459,-1.695272893168902,173.93913796586548,163.0952156718298,3.251075386479556,6.442570645660078
2024-04-22,163.87623994630854,165.59895049362888,163.1336881290828,164.19305419921875,48116400,39.78433877798354,-2.0048621717783135,-1.7571907488907843,173.85697385328095,162.53977449876984,3.194945884912879,12.324979385203243
2024-04-23,163.7079130900853,165.391027347015,163.28217556978177,165.2425079345703,49537800,42.16609186798754,-2.016375608664788,-1.8090277208455852,173.79128791912035,162.2143822468953,3.117367734364334,19.747818550761004
2024-04-24,164.88609429896647,167.6186945681344,164.55938480415762,167.3414764404297,48251800,46.70644157842944,-1.834978385146428,-1.8142178537057538,173.7646465406089,162.172708500895,3.113220736479509,34.593928586613025
2024-04-25,167.84639438412742,168.91567070440144,166.48009434590165,168.20281982421875,50558300,48.49344088948952,-1.6032354656187238,-1.772021376088348,173.3423858851649,162.256362894132,3.064817566623815,40.68625375427911
2024-04-26,168.19292468782604,169.63841695172266,167.49986430971396,167.61868286132812,44838400,47.33426756895044,-1.4499978309416406,-1.7076166670590067,173.1558332366191,162.22707997138875,2.9986557862941647,36.55462357360996
2024-04-29,171.64824848286057,174.2818355072499,171.38094074443055,171.77696228027344,68169400,55.4906930347854,-0.9817010657267247,-1.5624335467925503,173.6217216024573,162.1047432412927,3.260405561981851,65.9663434927734
2024-04-30,171.60869637165644,173.25221487057408,168.31176412042663,168.63848876953125,65934800,49.286450484639325,-0.8539769734297806,-1.4207422321199965,173.69552423215364,162.1784641101315,3.3804087897079653,43.767762163413046
2024-05-01,167.8959009696714,170.9948217396029,167.43056733625505,167.61868286132812,50383100,47.43073162132913,-0.8255283470887775,-1.3016994551137528,173.6799254330176,162.15941019930662,3.393540619253672,36.55462357360996
2024-05-02,170.79680537480178,171.69777183075684,169.19289835753364,171.3116455078125,94214900,54.16139819357062,-0.49923649599566033,-1.1412068632901344,174.06887306873912,162.1872808008898,3.4425083585518896,71.31464221195773
2024-05-03,184.7963833456082,185.14291355827163,180.84601747897057,181.55886840820312,163224100,66.84602514452922,0.5795368551312379,-0.79705811960586,177.25472762681582,160.36772415541074,4.18456262225955,84.20595729289941
2024-05-06,180.53910014061185,182.3707188474722,178.62825898838415,179.90545654296875,78569700,63.779227358311836,1.2862291397830745,-0.3804006677280732,179.18975157271402,159.7455313252352,4.152983853461587,76.9197606858507
2024-05-07,181.6281680754234,183.06376520709568,179.51933122687228,180.58859252929688,77305800,64.50383316061266,1.8797427276386713,0.07162801134527569,180.97998470548393,159.21565585848091,4.109516005373145,79.9301800558794
2024-05-08,181.0341248704048,181.25194126160503,179.64801918938014,180.9252166748047,45057100,64.87670716377377,2.350177889530272,0.527337986982275,182.5623501191384,159.114433633303,3.9305450101482693,81.4136033688614
2024-05-09,180.7470119925852,182.826163139894,180.3014839202349,182.737060546875,48983000,66.8925933215303,2.8365043464534665,0.9891712588765134,184.15705180183988,158.46326985343353,3.830126025113329,89.06888832077676
2024-05-10,183.3120539854214,183.5004246665796,180.56585391849484,181.4779510498047,50759500,64.13765872968594,3.0847627292172604,1.4082895529446628,185.20072293741393,158.08772615926577,3.7661577910398596,83.23495524077632
2024-05-13,183.84742393900163,185.4931713127623,183.03445892506747,184.68020629882807,72044800,67.77288777969123,3.4995637301170746,1.8265443883791452,187.0768003950122,157.58216566944085,3.7839479676054144,96.11649324120086
2024-05-14,185.89965779253163,186.6828817403559,184.6901339480471,185.82034301757807,52393600,68.9785907589824,3.8756202784133222,2.236359566385981,188.97811560236562,157.49309716618905,3.6567142157427295,95.73059545726548
2024-05-15,186.2962297111884,189.01268886802717,185.76085876781028,188.09068298339844,70400000,71.2825925770755,4.307194605224652,2.6505265741537154,191.03480148709102,157.61231917941288,3.627793921776598,95.72791820641265
2024-05-16,188.83423487080037,189.458829238671,188.0311936136785,188.2096405029297,52845200,71.40244199602151,4.605727288982763,3.041566717119525,192.7143061653093,158.21566667404616,3.4706397577205905,94.32915433239738
2024-05-17,187.8824709799172,189.1713095252472,187.55530322495105,188.2393798828125,41282900,71.43453841948704,4.789505868795487,3.391154547454718,193.87097846179523,159.54679344982588,3.3381659393331313,94.46415989940287
2024-05-20,187.70403175639103,190.2717851507536,187.38677266186556,189.3993377685547,44361300,72.72058794689224,4.9714429251319245,3.707212222990159,194.962613268147,160.97578700040768,3.3057978357299103,96.1803814959239
2024-05-21,189.44890089382773,191.07481584379752,189.28036268210627,190.69808959960935,42309400,74.12521746564101,5.160935717330034,3.997956921858134,196.03385086009288,162.4501075749657,3.197844644727149,98.27836731207555
2024-05-22,190.61877317517173,191.16405275409195,188.6359493447312,189.26052856445312,34648500,69.83867082305972,5.135907415337954,4.225547020554099,196.71551695742878,163.96034669003214,3.150005985058122,84.81528792499762
2024-05-23,189.3398501117122,189.35968258649527,185.02721720275105,185.2750701904297,51005900,59.556043823356575,4.739841184050704,4.32840585325342,196.6604364245585,165.72265225952356,3.2344673706785576,53.022659165215146
2024-05-24,187.1984232707908,188.94330296502372,186.4251079843019,188.34844970703125,36327000,63.96246307139029,4.620687475004104,4.3868621776035575,196.60728689009937,167.84877847855296,3.265450613815377,75.82077819139599
2024-05-28,189.86527247896476,191.34248153890573,187.47598148636732,188.35833740234372,52280100,63.97606144421125,4.475464784351431,4.404582698953132,196.79703695694903,169.31716592391032,3.3083827165813084,74.48241699899042
2024-05-29,187.9816393040112,190.59896650948676,187.88249204796583,188.65579223632807,53068000,64.41112899570467,4.334412466074127,4.390548652377332,196.19878084434708,171.917152383192,3.2661035555055675,75.66624506797878
2024-05-30,189.12173915319045,190.52954231443272,188.9928658858645,189.64718627929688,49889100,65.88976138523404,4.253591941323634,4.363157310166592,194.7496674120785,175.56911615725744,3.1666497356912164,84.26877758680301
2024-05-31,189.79589676882185,190.9161970579539,188.2790377703441,190.59893798828125,75158300,67.29460333984147,4.217720248388844,4.334069897811043,193.46652499292776,178.78098782445505,3.128828989399686,91.05029457447557
2024-06-03,191.24334718637152,193.3154095298356,190.8666209557148,192.3636474609375,50080500,69.77987148362088,4.282325002473613,4.3237209187435575,194.18047641307197,179.14751430958427,3.099374885982162,88.96543003324261
2024-06-04,192.96842627855952,193.64259428823092,191.3722523931234,192.6809234619141,47471400,70.21805454536003,4.309449604726467,4.32086665594014,194.56808666988044,180.03745074467034,3.04015824377683,88.83773958150239
2024-06-05,193.72190135445055,195.20901937445225,193.19645419760303,194.1878662109375,54156800,72.27434873609668,4.401802494109063,4.337053823573925,195.14705052274803,180.8184142599668,3.0035823629740683,89.97080137391693
2024-06-06,194.0093836485974,194.8124248113502,192.50243342955557,192.8097686767578,41181800,67.67269890034542,4.314062048658172,4.332455468590775,195.22977942169038,181.9241405612198,2.954040150032681,76.43589359491978
2024-06-07,192.978343568532,195.2486855650071,192.47272888451312,195.19911193847656,53103900,71.10747302509654,4.38675931542312,4.343316237957244,195.88418931825154,182.5159358038188,2.9413199022084875,99.51500484300682
2024-06-10,195.20900753042525,195.60558138834557,190.49980075281104,191.4614715576172,97010200,60.312117267042275,4.095564957686975,4.29376598190319,195.36943389128638,184.0290432815652,3.0959242403032046,60.824662887180835
2024-06-11,191.9869108572612,205.38089548057215,191.96709351098235,205.3709716796875,172373300,75.32528962110727,4.930337878512574,4.4210803612250675,199.33885417819187,182.12869953274566,3.869031360492616,99.95124320651435
2024-06-12,205.58909768640683,218.3089152196564,205.1231328450552,211.2401580810547,198134300,78.94462326190644,5.996373265838116,4.736138942147678,204.28042969788828,179.72910551939685,4.534513575786085,78.76082784294492
2024-06-13,212.8957913864929,214.88852380834692,209.782758705521,212.40008544921875,97862700,79.5820442942709,6.85578125660669,5.160067405039481,208.34698648802222,178.09348897584496,4.575317256288931,81.46761543619667
2024-06-14,212.01343611534224,213.32209192759063,209.48533280144244,210.6651153564453,70122700,75.88166611358909,7.3125758715276845,5.590569098337122,211.14459824719688,177.54142470202186,4.522563104136021,75.20897644923622
2024-06-17,211.5375870444337,217.069668171382,210.8931752545736,214.8092498779297,93728300,78.45821953285723,7.917715422008399,6.055998363071378,214.51829979922965,176.82471014950082,4.656990940621783,88.49794035276918
2024-06-18,215.7213082393038,216.7523850703462,211.1707313217612,212.44964599609372,79943300,73.63469719548122,8.113366721161555,6.467472034689414,216.8387941726921,176.80924659879227,4.723038284047727,80.48853434899095
2024-06-20,212.0927269910851,212.4000773678065,207.0563681724187,207.8792266845703,86172500,65.26503297660838,7.809602902528525,6.735898208257236,218.06231869591528,177.3038357840652,4.770912536878249,65.26896071190949
2024-06-21,208.5831574221536,210.0702753319445,205.33132746963065,205.70806884765625,241805100,61.67846457919722,7.309415206893789,6.850601607984546,218.78079123523054,178.23011727307022,4.768629345837933,54.68807039137058
2024-06-24,205.93607160503836,210.87329840415435,204.8157713686944,206.3524627685547,80727000,62.33995582676674,6.885636724438029,6.857608631275244,219.11757039963084,180.00107736648243,4.86069346652522,57.005274420526916
2024-06-25,207.3538205241976,209.56468024841507,206.8184646829133,207.27452087402344,55549700,63.315737225644526,6.548702244039276,6.7958273538280505,219.6060520089802,181.4052028738323,4.742945181763446,60.32094312536125
2024-06-26,209.68362348048936,213.01476817493463,208.8310086144187,211.4185943603516,66213200,67.40359064474586,6.540674513359448,6.744796785734331,220.45321933851204,182.86406124010125,4.814181047416856,75.22279658520014
2024-06-27,212.8462361886446,213.88722177256452,210.5263358320774,212.2613067626953,49772700,68.18010743156006,6.527072300468404,6.7012518886811465,221.15401430741005,184.52381772383993,4.710374254064732,78.25314263720558
2024-06-28,213.9169529190877,214.21437951883613,208.4939285392998,208.8111724853516,82542700,61.69965783753563,6.166808318951183,6.594363174735154,221.18819965014933,186.40603100170614,4.7825225915984175,65.84665525531844
2024-07-01,210.26855134899324,215.6420021622164,210.10001313722785,214.88853454589844,60402900,67.55051002752037,6.299077006991865,6.535305941186496,221.90734414640232,188.11584616121488,4.9288302405460165,87.0153981315891
2024-07-02,214.29365375141188,218.4873365423676,213.25268346733492,218.37828063964844,58046200,70.35132939453024,6.609306271402744,6.550106007229746,223.11348422690435,189.51116939858395,4.950674728723635,99.20231589189837
2024-07-03,218.1106320389385,219.64732360839844,217.1489612238199,219.64732360839844,37369800,71.32074989121466,6.878277854742834,6.615740376732364,224.18158966972177,191.13970397041496,4.775509561284699,100.0
2024-07-05,219.74645469045157,224.50523511983303,219.74645469045157,224.39617919921875,60412400,74.65974153648901,7.389451730932365,6.770482647572364,226.0259071145166,192.31621782444824,4.781395414866835,99.44612041245676
2024-07-08,225.13972278278516,225.8932055019905,221.3327047505454,225.86346435546875,59085900,75.60480731612357,7.822782196469092,6.98094255735171,227.4035351975227,194.24395930931323,4.765617224622427,99.85889579189919
2024-07-09,225.97252074204383,227.4298975332092,224.4259205051531,226.7160797119141,48076100,76.16117156546922,8.141152507629187,7.212984547407205,228.715526111577,196.0836651726027,4.639785782010548,96.84348704830693
2024-07-10,227.3307677065015,231.0783037422216,227.28119408246096,230.97915649414065,62627700,78.76847106023575,8.637885770993421,7.497964792124449,229.54614554960958,199.20481422822243,4.619959942603189,99.62247643650353
2024-07-11,229.40281699319425,230.39422897123265,223.83108651749723,225.6156311035156,64710600,68.60231742727764,8.500767233681984,7.698525280435956,230.7292679056504,200.04615781456445,4.80053923074892,79.19974905309428
2024-07-12,226.9540370030468,230.642090914666,226.71609267309665,228.56011962890625,53046500,70.82824495207623,8.53135131349842,7.86509048704845,232.53600202360286,199.97141985139712,4.816676415063312,90.41149544339562
2024-07-15,234.44911702590872,235.19267606238645,231.0882307861392,232.3869781494141,62631300,73.46157775339549,8.763366285776897,8.04474564679414,234.93292727867933,199.5731838663402,4.946382130664519,90.11180301912427
2024-07-16,232.98180687397965,234.24090427881208,230.33473879844303,232.8033599853516,43234300,73.73934611611543,8.878492620932832,8.21149504162188,237.04658428756133,199.67335132034881,4.872080941357701,91.05083084901717
2024-07-17,227.47944931340317,229.4721968430624,224.6935843942369,226.9143524169922,57345900,63.60020405131828,8.397733531958721,8.248742739689249,237.9493935783829,199.98105228343348,5.103344844911772,68.99358803915457
2024-07-18,228.3023336745397,228.46096321097224,220.36112971273343,222.2547149658203,66034600,56.930018035496566,7.553660790566909,8.109726349864781,238.23651406300849,200.67443869578057,5.317379748720846,51.54094368891814
2024-07-19,222.88923571935769,224.8522270905052,221.3624528868853,222.38360595703125,49151500,57.06415687716185,6.816550536176237,7.851091187127072,238.18362243350603,202.17776825252915,5.1868364954993496,48.952926424909364
2024-07-22,225.06043082550624,225.82382229500527,221.17409763275572,222.03663635253903,48201800,56.55354228092273,6.133682527549723,7.507609455211603,237.6682905494572,204.32595688706624,5.148471364552935,40.03626184990279
2024-07-23,222.44310313331528,224.9910392063895,220.7676144514488,223.07760620117188,39960300,57.77432349978688,5.611812793302505,7.128450122829784,237.02363301750543,206.6431287622797,5.08239660672349,32.85711966961548
2024-07-24,222.07629380801336,222.86942645430565,215.2652980307627,216.6631774902344,61777600,48.69466764791564,4.627295893024893,6.628219276868806,236.11658345777067,208.48904398363555,5.277390289843897,7.014868977009142
2024-07-25,217.04984361592625,218.9533681588032,212.77685988882592,215.62222290039065,51391200,47.39297930736282,3.7201789139249684,6.046611204280039,235.7451461932337,209.28084410217647,5.341613002710566,12.693550792590974
2024-07-26,216.8217851678197,217.6050090608147,214.15488466672127,216.0881500244141,41601300,48.0622162632781,3.0042475024277735,5.438138463909586,235.41261008077865,209.99606454080336,5.206506673523627,14.772114965386962
2024-07-29,215.096747065996,217.41664743865044,213.8971319294418,216.36575317382807,36311800,48.48272994265298,2.4312411206959723,4.836758995266863,234.427642532096,211.7364901583337,5.086007304643986,16.010540313206377
2024-07-30,217.3075789949067,218.43778796730905,214.2639371695869,216.92092895507807,41643800,49.36567273457754,1.9988855720235392,4.269184310618199,234.2533134501749,212.1140586811728,5.020853268435283,18.487254865785687
2024-07-31,219.53827220377053,221.8978375670677,218.73523091700037,220.1727752685547,50036300,54.305664995553784,1.8967726905543714,3.7947019866054337,234.2072957572028,212.3395258370355,5.017714364403452,32.99418286830997
2024-08-01,222.4431066544272,222.5521625800544,215.15623749650504,216.48472595214844,62501000,48.523568354285025,1.5009507132734257,3.335951731939032,234.3571141975487,211.8734476310646,5.187586558628158,16.541294033700826
2024-08-02,217.2679079240609,223.6625266661827,215.8402875210575,217.9718170166016,105568600,50.798378483873954,1.2923572750949006,2.927232840570206,234.2469436004583,211.34118200989323,5.3757760290922345,24.203067387427335
2024-08-05,197.3801970311264,211.66644653820467,194.3167378055649,207.4727783203125,119548600,38.02286834296102,0.27667149704487315,2.3971205718651394,235.10495546612702,208.6441015407089,6.681440542088266,37.42246830204978
2024-08-06,203.5368691310161,208.18659343179937,199.343200967242,205.4502868652344,69660500,36.137449918716385,-0.683585014904196,1.7809794545112725,235.7155888915037,205.90688883066426,6.835865679407487,32.60741436502555
2024-08-07,205.1231000541341,211.8052211847486,204.61748547057303,208.01803588867188,63516400,40.19226267296673,-1.2232979153889119,1.1801239805312356,234.8051925494485,204.5211731121726,6.860999253319493,43.486404106032
2024-08-08,211.27980900719396,212.36044444161047,207.0365669160157,211.47808837890625,47161100,45.23793626060185,-1.3561936026971182,0.6728604638855649,234.24753332799028,203.66507806116985,6.751204844196299,54.46822786504726
2024-08-09,210.27848952903548,214.91829038971971,210.1496011292121,214.3829345703125,42201600,49.11893175337527,-1.2131333355734455,0.29566170399376285,232.96789877019467,203.52699411310613,6.609596588218537,65.41696419599035
2024-08-12,214.46232494953352,217.8767166928247,213.9958208022464,215.9114532470703,38028100,51.08342988938254,-0.9652910855719483,0.04347114608062061,230.57256661486718,204.27477377819923,6.4146893955299475,73.58710152271837
2024-08-13,217.38044783379533,220.23902400333972,217.38044783379533,219.62364196777344,44155300,55.570011591362324,-0.46398320160503204,-0.05801972345650993,227.82303465600407,205.7063339353045,6.265609492725623,86.23691897466938
2024-08-14,218.9288294958838,221.37051708688293,218.06529253738043,220.0702667236328,41960600,56.091809757477805,-0.03030487094582668,-0.052476752954373276,226.54210994029367,206.302850081679,6.054153425352543,87.75885712388964
2024-08-15,222.9288560878089,223.67327566716008,221.1025352094067,223.04795837402344,46414000,59.50636923263533,0.5473536094701501,0.0674893195305314,226.68372264699227,206.24056171580068,5.879071676650738,97.8699215279241
2024-08-16,222.25393109506464,225.1422830006272,221.98593577772976,224.3680877685547,44340200,60.95602417729042,1.0990068593943363,0.2737928275032924,227.05975405042926,206.06297849351603,5.684591358525503,97.48846215963593
2024-08-19,224.0405409873165,224.30853630427512,221.38047353975196,224.2092742919922,40687800,60.67461356141492,1.5060206455704304,0.5202383911167201,227.448168994073,205.89182734381762,5.491950134973876,96.97326129114346
2024-08-20,224.09014645304697,225.4797235950926,223.772520166148,224.8246307373047,30299000,61.417862357322726,1.8568317255843851,0.7875570580102531,227.77972450505206,205.73497428645186,5.221611084543212,97.89784951219902
2024-08-21,224.8346020684513,226.2837305852908,223.37553826276908,224.71548461914065,34765500,61.19693114112248,2.1018164230000593,1.0504089310082143,228.74190752504396,205.57802197935055,5.0563668872559635,95.09417111282119
2024-08-22,226.09512887719345,226.64103964823343,222.2340729078472,222.85939025878903,43695300,57.4145867493703,2.121739169460085,1.2646749786985885,229.3510608844368,205.69258535579755,5.009981162479553,88.30090930393254
2024-08-23,223.98097823318813,226.52192810531065,222.66087229355688,225.15219116210935,38677300,60.6499819584536,2.296070291658509,1.4709540412905728,230.25878312870773,205.69126722529617,4.92791506599914,94.54591074581728
2024-08-26,225.0727813784282,225.58891654674125,222.22414052811973,225.4896545410156,30602200,61.11821031189367,2.4334086165796123,1.6634449563483806,231.13388046419442,205.7285600265282,4.816262276900738,94.77202862930389
2024-08-27,224.31843379232603,227.14723425887112,223.21669220638535,226.3333282470703,35934600,62.325180383613116,2.5805803221537076,1.8468720295094463,232.05823674976278,205.7454436701591,4.752996546585384,95.95286422909302
2024-08-28,226.22414704916855,228.14971479709,224.0008084384826,224.80479431152344,38052200,58.76591004865332,2.544543135683483,1.986406250744254,232.54465381787023,205.7222285063485,4.7098472474441,81.41722576154756
2024-08-29,228.38793686624163,231.18694665641485,227.17701311839377,228.08023071289065,51906300,63.567305653578195,2.748599604105806,2.138844921416564,233.6351380214062,205.79129477888677,4.82929761154748,81.92837415141784
2024-08-30,228.4772755570311,228.68570457235603,225.78743262658827,227.29612731933597,52990800,61.714676976044636,2.8146002747046452,2.2739959920741804,234.47529411236033,205.88356971820608,4.691367206848929,71.81892826656053
2024-09-03,226.84946493362216,227.29611365629745,219.52437135882835,221.1124725341797,50190600,49.469870219830334,2.3409519822017444,2.287387190099693,233.84622489200473,207.87660835994842,4.911394974967407,23.2225294856613
2024-09-04,220.01074262314265,220.12984491677884,215.8618360334932,219.20677185058597,43840200,46.41352659365236,1.7911607927210298,2.1881419106239606,232.37462820974025,210.72385354074805,4.93562651251877,21.826503569179906
2024-09-05,219.9809679444758,223.80231295165623,219.8717857931132,220.7253875732422,36615400,49.111625546382676,1.4611437555595046,2.0427422796110695,230.96448003876003,213.40473688018528,4.911334697415306,31.735833165697404
2024-09-06,222.28367202274,223.5640821152314,218.13478104858405,219.17697143554688,48423000,46.53862024744678,1.062411812262809,1.8466761861414174,229.93393141160215,215.2051738130072,4.948332295217595,21.632048757254967
2024-09-09,219.17700018247805,219.6236489368284,215.09757995493325,219.26632690429688,67180000,46.712121627188615,0.7450358050530212,1.6263481099237382,229.30760705772047,216.31983740028733,4.918170629980278,25.909950507745855
2024-09-10,217.29112653781652,219.83207646515768,215.1174187834135,218.47227478027344,51591000,45.30503197641917,0.4245457632423211,1.385987640587455,228.94507860562254,216.9384480057056,4.9036339908205555,20.974690228357
2024-09-11,219.81224273641337,221.4301044903715,216.26879790334317,221.00331115722656,44587100,50.43057748374229,0.37051748405076523,1.182893609280117,228.8838167499528,217.13767678032065,4.922039176263968,36.70580273212046
2024-09-12,220.8444772424724,221.88666769221828,218.18442519080247,221.1124725341797,37455600,50.64539796091842,0.33267324428098277,1.0128495362802903,228.84384640834242,217.28186770298572,4.834910842346242,37.38427180413852
2024-09-13,221.91644846858935,222.37301734416337,220.2588759685165,220.844482421875,36766600,50.071693082395676,0.2778539221774281,0.8658504134597178,228.81823709714655,217.08712941896675,4.640570166153431,35.718636870974805
2024-09-16,214.92884416844976,215.60379255643397,212.32834292284383,214.7104949951172,59357400,39.142149615421935,-0.25758304994909054,0.6411637207779561,229.34752158946776,215.5920856493018,4.9173965470732695,12.63164604298241
2024-09-17,214.14471619981745,215.28615358843467,212.904016801209,215.17697143554688,45519300,40.210965263403416,-0.6369377359974067,0.38554342942288367,229.56829882162216,214.46807813150284,4.7363065642270135,15.105193114758956
2024-09-18,215.9313221513165,221.0529328037412,215.92138686335736,219.04795837402344,59894900,48.32187580553555,-0.618097717313475,0.18481520007561197,229.26938754123634,214.18932217556053,4.817710478796107,35.63156395941301
2024-09-19,223.31594824973243,228.1100120419692,222.9586262544957,227.1670684814453,66781300,60.44299838173826,0.0513851288835383,0.15812918583719726,229.6709215536521,214.03294654937523,5.120877849449655,90.71588607349764
2024-09-20,228.2589097535001,231.3556905514529,225.92638886705737,226.5020751953125,318679900,59.21786780026887,0.5222752433476785,0.23095839733929352,230.11711193266828,213.95102466401138,5.142908123374362,74.49137183554356
2024-09-23,225.6484798300337,227.74278104335215,224.12986496132828,224.7849578857422,54146000,56.058189711329824,0.748276371086348,0.3344219920887045,230.07054543768135,213.9608678313616,5.0336229775636125,65.46690167245843
2024-09-24,226.9487434922604,227.64354731931363,224.05047131587077,225.6782684326172,43556100,57.33363802701717,0.9880766558621019,0.465152924843384,230.09752430793327,213.95275035026987,4.930726765126416,70.16177856392721
2024-09-25,223.2563961324406,225.5988371064948,222.35317851779172,224.6856842041016,42308700,55.4091466321621,1.0855137307665075,0.5892250860280087,229.86219907260917,214.0233111812971,4.816038418676349,64.9451595800854
2024-09-26,225.6087993733805,226.79986786044512,223.7328623413079,225.82716369628903,36636700,57.18885460945863,1.2405409856294511,0.7194882659482973,230.00378408417816,213.98396310820465,4.691107497280696,70.94431150849785
2024-09-27,226.76016679177644,227.81227751628776,225.60879405182703,226.0951385498047,34026000,57.61652592974179,1.369240777775417,0.8494387683137212,229.6315198410491,214.1577181350251,4.513420066364985,72.35267834315184
2024-09-30,228.3283747151782,231.266357421875,227.9412771261621,231.266357421875,54541900,64.90285291044343,1.8669889491343952,1.052948804477856,230.5808717215498,213.60538926477832,4.5604056953439365,99.53050140607307
2024-10-01,227.8122863965236,227.9413088473138,222.07529305054217,224.52691650390625,63285000,52.28688657646431,1.6980671417955193,1.1819724719413889,230.8057250482443,213.72198033505646,4.891167029343142,64.1107411246375
2024-10-02,224.20925878310885,225.6782425626932,221.360617941662,225.09263610839844,32880600,53.110818682317756,1.591498433363654,1.2638776642258418,231.062028898607,214.05426291047505,4.8501997144637174,67.08393326646596
2024-10-03,223.46481998018768,225.12239234050705,221.6583697697889,223.99087524414065,34044200,51.25448378319453,1.4019779411943034,1.291497719619534,231.20250342599752,214.24033715017435,4.751187061339035,61.29352629139602
2024-10-04,226.20430944090452,226.30357145139808,222.46237094034984,225.1125030517578,37245100,53.053450469923504,1.3269908514562303,1.2985963459868732,231.39176801800872,214.64462571978427,4.68618802203255,66.16465484811334
2024-10-07,222.8296017820206,224.0107499786272,219.68319006872076,220.0405120849609,39505400,44.97112104152251,0.8485146117009208,1.2085799991296828,231.3643461136854,214.749466142174,4.739268376390014,26.688118264645954
2024-10-08,222.63107017846752,224.2985626537791,221.5888798087708,224.0901336669922,31855700,51.344574807896485,0.787017118588011,1.1242674230213485,231.36780993200063,215.30778821253062,4.70489567584917,37.754923247087376
2024-10-09,223.554178398676,228.04055170887608,223.1571606453159,227.8321075439453,33591100,56.372777034241636,1.0283715045546273,1.1050882393280044,231.87040814486363,215.48806963833948,4.717645346399956,69.81295470734611
2024-10-10,226.08522629350668,227.7924300308487,225.4797643268301,227.3358459472656,28183500,55.55283659938923,1.166159668131769,1.1173025250887574,232.24361646977582,215.7371986547359,4.5486951943081895,66.06704060492507
2024-10-11,227.5938974682738,227.70307961960657,225.6484741750507,225.8569183349609,31759200,53.075266286681874,1.1428466572105265,1.1224113515131113,232.3958369657559,216.0862217500644,4.370545926468739,53.299137256779474
2024-10-14,226.9983493120185,230.0058033150611,226.89910245149323,229.5790100097656,39882100,58.135707005801684,1.4084765781858835,1.1796243968476658,232.12939854087892,217.83951167640623,4.354713001728128,85.43276324458941
2024-10-15,231.87181141001133,235.72294688412148,230.64103225198247,232.1100311279297,64751400,61.199878035760044,1.802444992043661,1.304188515886865,232.0336407027883,219.62857548373515,4.4825147069158255,77.47524605408717
2024-10-16,229.8767817438953,230.3929017691756,228.12986736523644,230.0554351806641,34082200,57.51944221760131,1.9266696282808766,1.4286847383656673,231.9731071208193,220.78985674636823,4.446632496614213,64.66585018286762
2024-10-17,231.69314333147315,232.1100316250369,228.80480686495972,230.42266845703125,32993800,58.00555918316437,2.0313352356609187,1.5492148378247177,232.4147750247422,220.6737488400039,4.365103372575854,66.95536916120123
2024-10-18,234.42267769537077,234.42267769537077,232.2688255608399,233.25146484375,46431500,61.646395066341,2.3158480559315535,1.7025414814460849,233.4736877091817,220.28977512040817,4.339025220130401,84.5915242430704
2024-10-21,232.7055644739604,235.0877162866724,232.7055644739604,234.720458984375,36254500,63.41999677235702,2.6295502476358195,1.8879432346840317,234.75584657750423,220.00116636194892,4.199248548171942,93.74998068060523
2024-10-22,232.14974382855843,234.4624093106695,230.86934872103876,234.10508728027344,38846600,62.123977955990995,2.7962724528018725,2.0696090783076,235.7115305091913,219.88816431502747,4.174381527826535,89.91344056853379
2024-10-23,232.33831918874512,233.3904297884605,226.06533615951,229.0430145263672,52287000,52.60133685505759,2.4912168388419786,2.153930630414476,235.80735753059756,220.22807032584777,4.450479355893457,58.3539050209259
2024-10-24,228.26885524743935,229.10261683162437,226.71054453267715,228.8544769287109,31109500,52.27990624737452,2.2087831809254226,2.1649011405166654,235.89690397390996,220.44125520577757,4.303450280397297,57.178465768160834
2024-10-25,228.03059902781465,231.48470145399645,227.8618657494506,229.68817138671875,38802300,53.629266889124644,2.0288374720179263,2.1376884068169177,236.0405237861426,220.6569386772363,4.254834953550765,57.303333391369215
2024-10-28,231.58399967772365,232.98349712196287,230.81972458948547,231.66339111328125,36087100,56.7496609973468,2.022301097391505,2.1146109449318353,236.09405671996697,220.64310911255254,4.186298580814576,67.6935792660268
2024-10-29,231.36564539627625,232.58648944554815,230.59145013134693,231.931396484375,35417200,57.17079304019374,2.0155131856501214,2.0947913930754924,236.39851578145846,221.07909804910793,4.029780061770765,62.98464487438478
2024-10-30,230.87925826342104,231.7328600109945,227.8420287171323,228.387939453125,47070900,50.20959701974892,1.7045572729821004,2.016744569056814,236.3724338968935,221.43471026814555,4.034036326447331,27.192145506610622
2024-10-31,227.63359787833264,228.11995749798112,223.69313535160188,224.2291259765625,64370100,43.51298044462712,1.1097484911604738,1.8353453534775461,236.35204477204124,221.47892446624,4.08123402466703,4.4555197187562
2024-11-01,219.3258665378009,223.67328184782377,218.6310779402587,221.25143432617188,65276700,39.455374809990076,0.393546852480938,1.5469856532782247,236.75153788178372,220.69332448393894,4.1895778826410845,15.331011456497665
2024-11-04,219.34572401852256,221.13231895883283,218.0752491010658,220.35812377929688,44944500,38.30145998247541,-0.2433258921324466,1.1889233441960905,236.69605554431797,220.78056799083828,4.117192692817156,13.418833690168752
2024-11-05,220.14969745378525,222.2836942947505,219.49460455688447,221.78741455078125,28111300,41.26147184812558,-0.6255098226127416,0.8260367108343242,236.9233507658456,220.32300085768952,4.022328196034932,21.82026515740254
2024-11-06,220.9536382998695,224.3879003270688,219.5442058352571,221.0628204345703,54561100,40.208314340458415,-0.9756157395516141,0.4657062207571365,237.24642319717495,219.3229997154227,4.080997217161845,17.561070366279118
2024-11-07,222.95864433437472,226.18446269494837,222.899093187882,225.7874298095703,42137700,49.295881558467194,-0.8619052030842909,0.20018393598885106,237.23006309698687,219.18451820184126,4.155329005963003,45.33252363907225
2024-11-08,225.72780810336752,227.20835428792037,224.9726384261151,225.51914978027344,38328800,48.84193283201103,-0.7843947258178048,0.0032682036275198945,237.232940925282,219.14786351807734,4.018213781380307,45.42520231690382
2024-11-11,223.57158868270503,224.26714170400084,220.0938084143074,222.8064727783203,42005600,44.39067885331726,-0.9311240588751843,-0.18361024887302096,237.17814720629613,218.5254035139187,4.1187228945650025,30.89237909643858
2024-11-12,223.12444853772337,224.15783943194583,221.9420008205612,222.8064727783203,40398300,44.39067885331726,-1.035471837665142,-0.3539825666314452,236.7467063283288,218.02648855692513,3.982802588623548,31.73561152606734
2024-11-13,222.5878726169869,225.2111120360391,221.34580821096,223.6908264160156,48566200,46.24302275976562,-1.0348788176113146,-0.4901618168274191,236.47906526749395,217.6576687412951,3.9744098197989453,37.66758714423303
2024-11-14,223.59148192887395,227.41703140021204,223.57160465201176,226.7711639404297,44923900,52.21383273486858,-0.776895779238572,-0.5475086093096497,236.16322581253908,217.60835774458982,3.9651967432561834,58.32955574105504
2024-11-15,224.96270031544069,225.47940335635096,222.8462328667566,223.57159423828125,47923700,46.443494725861,-0.8211551324883999,-0.6022379139453998,235.2824493947154,217.52114710186663,3.9623206240002484,37.8764668404472
2024-11-18,223.8199993254601,228.28149999782983,223.74050538640265,226.57241821289065,44633700,51.82129234894798,-0.6070914012197193,-0.6032086114002637,233.96965794818206,218.01913447125153,4.0157195622537,62.2156332309017
2024-11-19,225.5390147792205,228.6988344551977,225.22105418122663,226.8307647705078,36211800,52.26568793250786,-0.4118503889204135,-0.5649369669042937,232.65534659985002,218.606013568607,3.9772953273763694,82.41582646141848
2024-11-20,226.61215353970655,228.4702769508748,224.45593165289552,227.5461883544922,35169600,53.54361267489847,-0.19711950490460595,-0.4913734745043562,232.45826145517725,218.65341609609226,3.9799417538480055,89.15012152411235
2024-11-21,227.42697481306035,228.6988476019872,224.27710117470863,227.0692596435547,42108300,52.53391974464775,-0.06468227636409551,-0.4060352348763041,232.234247393544,218.69890842920992,4.0114992305216175,84.66067822225037
2024-11-22,226.61218332282024,229.25530023929056,226.61218332282024,228.4106903076172,38168300,55.09864326341796,0.1468249189288997,-0.29546320411526333,232.02516582575493,218.7802418890888,3.9137576366608107,91.34682650545281
2024-11-25,229.99059491471,231.7692245216812,228.2815130321861,231.39163208007807,90152800,60.23995564374383,0.5486583908911769,-0.1266388851139753,231.95839249289023,218.8198393186332,3.8833257690061167,96.91131399232589
2024-11-26,231.84870566104107,234.07449047305911,231.84870566104107,233.56771850585935,45986200,63.523445420217676,1.0308236078368793,0.10485361347619561,232.4134380537533,218.52842595991856,3.7975780992900403,96.37519854131483
2024-11-27,232.9814664022851,234.1937224347506,232.32565277909848,233.43853759765625,33498400,63.18983247888896,1.3865360716517614,0.3611901051113088,233.437300917784,218.00962291034102,3.6597560676016188,94.64404650979125
2024-11-29,233.3192972938568,236.3002516789311,232.48463370489637,235.82330322265625,28481400,66.66982630447569,1.839664905732917,0.6568850652356305,235.19661295049724,217.40972860223712,3.6708890609182694,97.05704423551126
2024-12-02,235.76367580720532,239.26131787624368,235.6543735449281,238.0689392089844,48137100,69.5856885828624,2.3528545848399745,0.9960789691564993,237.13841372089843,217.14967832011718,3.6663215802323634,93.34443345717457
2024-12-03,238.2875760799829,241.21884512379424,237.3833495294824,241.1095428466797,38861000,73.02657727603595,2.970668389029555,1.3909968531311105,239.43861828995117,216.92461565780272,3.6784054383808984,99.44999711119158
2024-12-04,241.32814402991647,242.56027739454964,239.7184333911867,241.46725463867188,44383900,73.40773618568052,3.4493921861002264,1.8026759197249338,241.4617608087505,216.86945714779245,3.618651050165331,94.4556138425232
2024-12-05,242.44102079436576,242.9875169579372,240.59282850575005,241.49703979492188,40033900,73.44138940979099,3.787527399276996,2.1996462156353465,243.03221694237257,217.34242295020553,3.5312251503097465,92.59989007519151
2024-12-06,241.36787220390693,243.07695387436263,240.5431396985891,241.29830932617188,36870600,72.77958418030889,3.993432302130259,2.558403432934329,244.54128900795783,217.38443883628045,3.4599815092714454,90.80159653258846
2024-12-09,240.29473874492052,245.6703968797777,240.2152448072501,245.1835021972656,44649200,77.12039317824853,4.419174522833231,2.9305576509141096,246.664726529238,217.2274365566995,3.602493692361173,97.72407819148339
2024-12-10,245.3226337747269,246.63426111556623,243.7824708197424,246.19705200195312,36914800,78.10148094705791,4.783225255406592,3.301091171812606,248.47950991620246,217.75171109209833,3.548872021179934,98.04443357398848
2024-12-11,246.38582450957213,249.2077910379196,244.69660488558225,244.92515563964844,45205800,73.82344037166953,4.912478680738531,3.623368673597791,249.64510764272944,218.79798165170416,3.617608744834036,82.82183356429759
2024-12-12,245.32260415969785,247.1608653940442,244.1202792424049,246.3858184814453,32777500,75.4842281522273,5.0742830591249515,3.9135515507032235,250.85692447007176,219.8556640309048,3.5763928453201266,87.51096853841851
2024-12-13,246.24671899982584,247.7073727380188,244.67674782957272,246.55474853515625,33155300,75.67643568845267,5.1567021854032475,4.162181677643229,252.06279015675787,220.62815680369133,3.5374094212576943,87.32195710084488
2024-12-16,246.41563368868003,249.78411156803347,246.07778066556844,249.44625854492188,51694800,78.74779916496954,5.3931715052276274,4.408379643160108,253.1880795431748,222.0903338479385,3.5494752413439326,98.11627891298588
2024-12-17,248.49236434269267,252.2185573987637,248.19426586582333,251.8707733154297,51356400,80.9229979130122,5.710387432592313,4.668781201046549,254.77504267464383,223.03320622672334,3.583390690743678,98.25171793670492
2024-12-18,250.55917390522964,252.6657103008961,246.1672359539693,246.4752655029297,56774100,64.9830381693018,5.463431909928289,4.827711342822898,255.025838162916,224.7468608116934,3.791610951899615,69.3254977328936
2024-12-19,245.92875304737493,250.4001849209636,245.52135228225407,248.20420837402344,60882300,67.21181043557512,5.34560827465279,4.931290729188876,255.31434517599604,226.52415580056646,3.869269643814609,73.77336072482686
2024-12-20,246.46531011815412,253.38113119374523,244.1302382023433,252.87437438964844,147495300,72.33414248201342,5.56492655282409,5.0580178939159195,255.99047411856213,228.42853833260972,4.253671311499418,96.83233078978175
2024-12-23,253.15260355822255,254.02700659111463,251.840976266006,253.64942932128903,40858800,73.08562593531191,5.7351668900655,5.193447693145836,256.5357491776734,230.40713717486565,4.105982669614361,97.36118154794431
2024-12-24,253.868019379837,256.5707374276886,253.66927695641888,256.5608215332031,23234700,75.7502473555898,6.035435856204344,5.361845325757538,257.74363643436584,231.71616886348573,4.021363057956161,99.93937269444842
2024-12-26,256.5508929178466,258.44877099351584,255.99445048269988,257.3756103515625,27237100,76.45286386963528,6.266906822521804,5.542857625110392,258.9903578554297,232.8502366269922,3.9094314474461465,94.11435489224412
2024-12-27,256.19314630806485,257.05764856283577,251.45343969164696,253.9673767089844,42355300,67.62622843654167,6.1049590916244085,5.655277918413196,259.08034024666904,234.81313814688562,4.053198534051103,75.42222914672969
2024-12-30,250.6287005424076,251.8906421270002,249.15810064436016,250.5988922119141,35557500,60.225541674059876,5.6397937688858235,5.652181088507722,258.71664013197386,236.6543971605066,4.107204071949185,46.476761769549405
2024-12-31,250.83739579916156,251.6720594492945,247.8464949766397,248.8302154541016,39480700,56.71591898972471,5.069985825730811,5.53574203595234,258.2870471045837,238.16011781240846,4.087086957713872,32.871123447668595
2025-01-02,247.34966196417784,247.5185960625861,240.28481431614932,242.3019256591797,55740700,46.049068606458086,4.04500223049331,5.237594074860534,258.18199093558286,238.38441226265934,4.4055379705880435,11.105021768433408
2025-01-03,241.8150329589844,242.62981931594803,240.3543640210219,241.8150329589844,40244100,45.363802576084595,3.1570150703287823,4.821478273954184,258.15006465720904,238.45111637306437,4.2533892080407645,8.42447859800191
2025-01-06,242.75898865424097,245.75982034447205,241.6560349140449,243.44461059570312,45045600,48.14514374363928,2.5553160518147138,4.36824582952629,257.99961645913316,238.79632165121842,4.242703223925505,17.395969037358014
2025-01-07,241.43743349025635,243.99112508347835,239.81779188041267,240.67233276367188,40856000,44.03793198874711,1.833628662653723,3.861322396151777,258.06931177339754,238.664028680704,4.237748222435518,4.5866665303607475
2025-01-08,240.3841936862117,242.1628385440956,238.5260700426742,241.15924072265625,37628900,44.92658339218129,1.2861496774163754,3.346287852404697,258.30320006597276,238.02771424066788,4.194821099505937,13.216936230078813
2025-01-10,238.48630187104283,238.63535869995312,231.5208099984783,235.34637451171875,61710900,37.30955051366214,0.37885174705687064,2.7528006313351314,259.2553923546944,235.9904542029228,4.58365035841108,14.206662412892825
2025-01-13,232.04743903723332,233.18020116738663,228.26162915914,232.9119110107422,49630700,34.659226747952815,-0.5305138252064978,2.0961377400268058,260.3573207275126,233.68720136721396,4.762300000851628,15.404843151817188
2025-01-14,233.2596954436476,234.62099318079112,230.99417118008773,231.7990264892578,39435300,33.48810771363097,-1.3257111006286095,1.4117679718957228,261.2691567658391,231.3166861296687,4.681194429412468,11.718225426991483
2025-01-15,233.1503884256181,237.4429702030776,232.94171493841435,236.35987854003903,39832000,42.11974481777241,-1.5697924365736071,0.8154558902018569,261.4021019267697,230.16425396922637,4.749962235441563,26.82681727647727
2025-01-16,235.84318609247865,236.4989845496957,226.58234697208556,226.81088256835935,71759100,32.58501818273494,-2.5048781483844493,0.1513890824845957,262.3010881678243,227.00173013051557,5.119010474167891,0.7171673737853226
2025-01-17,230.64637201374376,230.81529094249188,227.0294813062853,228.51995849609372,68488300,35.4035285757316,-3.0726129978940833,-0.49341133359114014,262.1810086821564,224.78672813424984,5.03939603845108,6.357973253318881
2025-01-21,222.57792910461188,222.99526090225285,217.9872641686431,221.2265625,98070400,29.69747478316225,-4.064213338390374,-1.207571734550987,263.32311125598864,221.11975526012463,5.431774487665333,9.554500248723523
2025-01-22,218.39465138442915,222.6971640978084,218.39465138442915,222.4090118408203,64126500,31.62165321118276,-4.700465927393083,-1.9061505731194064,263.58955322339693,218.27379363939602,5.351112932359185,13.126835521298469
2025-01-23,223.3132424800993,225.58869773276692,220.88873040600683,222.24009704589844,60234800,31.489065273383233,-5.158862544270505,-2.556692967349626,262.78856082908294,216.01135829933503,5.30460253195925,14.401087267342705
2025-01-24,223.352995248032,224.19760513427784,220.0043943605744,221.36569213867188,54697900,30.76982491500327,-5.52896783448864,-3.151147940777429,261.48765851612046,214.0838868940358,5.225217406369549,12.164627370415038
2025-01-27,222.5978054024586,230.67618150163648,222.5580508531902,228.40072631835935,94863400,42.20719913648247,-5.194728878479481,-3.55986412831784,258.6883941419007,214.0671417467712,5.517022546126339,37.49551205797654
2025-01-28,229.3844597561093,238.66516132615985,229.3447052045828,236.74740600585935,75707600,52.28025484337956,-4.207829563190472,-3.6894572152923666,255.35861871673745,215.33409673736412,5.856123436245921,72.14367858164306
2025-01-29,232.633669342314,238.33723404319065,232.52436707787837,237.8404083251953,45486100,53.42506061705592,-3.299474307068948,-3.611460633647683,252.59725329594616,216.48276531977652,5.85303368832209,82.12067208095289
2025-01-30,237.1547951903121,239.26133146080372,235.7040725307193,236.08164978027344,55658300,51.29270743225758,-2.6904989412459486,-3.427268295167336,250.2474619106527,217.38083246190587,5.689049777019401,85.05371992641024
2025-01-31,245.62073349000852,245.62073349000852,231.9580244316672,234.50177001953125,100959800,49.38584609759002,-2.308750827099175,-3.203564801553704,247.94771876499993,218.24773106410163,6.258596868542394,59.76269450220498
2025-02-03,228.52991033796465,230.35822543026035,224.2671369795404,226.56246948242188,73063300,41.11410044591166,-2.616684389322188,-3.086188719107401,246.770036033757,217.85146817766875,6.542599452217284,31.031953368043702
2025-02-04,225.8073134168997,231.64998934854387,225.21111642561868,231.32208251953125,45067300,46.860385418406864,-2.4484388822423853,-2.958638751734398,245.53748918922295,218.03471997825753,6.535190414410706,48.25604123684191
2025-02-05,227.0791817096477,231.19289841511937,226.820837771536,230.99417114257807,39620300,46.52354964289475,-2.314878336882771,-2.8298866687640727,243.77254744369844,218.55461777846955,6.389908581095317,47.069395531448514
2025-02-06,229.82163993606684,232.3157148088948,228.9670990724139,231.7393951416016,29925300,47.44806911829949,-2.1244084357600457,-2.6887910221632674,242.51442729289536,218.91944416706556,6.1726733779085725,49.76621217201176
2025-02-07,231.12335539671392,232.5144614947352,225.81724462416,226.18490600585935,39707200,41.666070201093014,-2.3940632484352307,-2.6298454674176606,240.83966744206768,219.09677054621355,6.210140770241904,29.665626642392183
2025-02-10,228.3633824897372,229.378010419489,226.0058289386349,226.45346069335935,33115600,42.0338662805959,-2.556625326047566,-2.615201439143642,240.1944350774613,218.85271152898403,6.00742939242849,29.599592323563602
2025-02-11,227.00058728303875,233.99363668198936,226.93096309298545,231.39735412597656,53718400,48.47450687260654,-2.260468784525983,-2.5442549082201102,240.0386573685891,218.85703354937965,6.11691129215717,44.47536280588679
2025-02-12,229.9848034951756,235.7145384932868,229.4675323792709,235.625,45243300,53.25731112193779,-1.6654288741864036,-2.368489701413369,240.54237825268157,218.73591001636137,6.126203779432794,60.979071054992986
2025-02-13,235.66481592241837,241.06626881430705,234.33186254170715,240.26052856445312,53614100,57.874626671394694,-0.810464513374967,-2.056884663805689,241.36507083894975,218.30328243253462,6.169646814659016,76.75810307948254
2025-02-14,239.9819785190441,244.25938055012708,239.7233505557091,243.3143768310547,40896200,60.633522464429596,0.11222724942132345,-1.6230622811602864,243.55997923641416,217.75872346133974,6.052959898927514,89.19921214291377
2025-02-18,242.86674847770811,243.8913336127375,240.56889220053384,243.18507385253903,48822500,60.45299009661733,0.8235401906545405,-1.1337417867973212,245.40078436414,217.38442986925844,5.857922864161525,88.59367958800075
2025-02-19,243.37407429304395,244.716969605811,241.88195827091008,243.5829620361328,32204200,60.839382876370834,1.4031919491079066,-0.6263550396162756,246.67007139049335,218.35078279651836,5.642000612071481,90.45701058893411
2025-02-20,243.65259654249155,245.4829218502696,243.00600383864503,244.5379180908203,32316900,61.80396814485852,1.917523103835805,-0.1175794109258595,247.910715588697,219.3230292233147,5.415923283468131,94.92911932349485
2025-02-21,244.6572756706751,247.38287960480025,243.93111682470231,244.25938415527344,53197400,61.32946435906035,2.276417761783165,0.3612200236159454,248.71092426489795,220.72474925805128,5.2756261046559745,86.48758337483132
2025-02-24,243.64264638435856,247.55199828948733,243.1353323966777,245.8012542724609,51326400,63.0219376786432,2.6546591383348357,0.8199078465597234,249.27566342502945,222.60356631129866,5.214271803809806,92.16349637541454
2025-02-25,246.69652285022872,248.68601093773057,243.62276739789988,245.74156188964844,48013300,62.90714942286572,2.915987785855151,1.239123834418809,250.3324332366147,223.28088005684236,5.203484070668441,87.12458290181195
2025-02-26,243.0457837458091,243.6923612222431,237.8731183985742,239.09664916992188,44433600,51.63290781417896,2.557423315121042,1.5027837305592557,250.48847699025129,223.35976061961202,5.393838314983141,58.06786585545603
2025-02-27,238.15166004001364,241.1856322165831,235.81400561415143,236.05274963378903,41153600,47.438736533008814,2.004534113627926,1.60313380717299,250.39723077530107,223.2722409654216,5.392251764086606,44.75757401725329
2025-02-28,235.70458076540925,240.8175641664438,228.9900589647863,240.56887817382807,56833400,53.476949484339826,1.9087760858671459,1.664262262911821,250.7172619380406,223.40093264203753,5.851912723913098,64.21046019724993
2025-03-03,240.5191319174845,242.7473638198223,234.8689935924468,236.7789001464844,47184000,48.446989760661005,1.5096651264845207,1.633342835626361,250.77922374397556,223.56668384879785,5.996659688446127,45.26736564212015
2025-03-04,236.4605996661973,238.80819608105105,233.44651142335263,234.68994140625,53798100,45.88517274227873,1.0131266106363057,1.5092995906283502,250.3084936291405,224.8501611560158,5.951304329107005,28.93935997251341
2025-03-05,234.1826206927458,235.3066862220588,228.02515316620745,234.50094604492188,47227600,45.649977871348106,0.5974785524653896,1.326935382995758,250.21535277478668,225.26118836290865,6.046320666731601,31.343291504770043
2025-03-06,233.20778757123543,236.60981025581012,231.93451645578955,234.09310913085935,45170400,45.112607795348076,0.23248549320436496,1.1080454050374795,250.09151468144245,225.694920255081,5.948390176252242,29.36933225016131
2025-03-07,233.8742682867737,240.10136041796665,233.5261018066448,237.8134613037109,46273600,50.801961086869134,0.24065309311959027,0.9345669426539017,250.04761277135916,226.34622878137523,5.993166493042929,47.376097574199925
2025-03-10,234.3019970725287,234.91874867921032,223.0415027897028,226.28436279296875,72071200,37.74491944027142,-0.6753904416284513,0.6125754657974312,250.03142688844042,226.3723603430049,6.620223065969013,12.645436537706978
2025-03-11,222.6336665978936,224.65299583409444,216.3070937419303,219.6792755126953,76137400,32.57877077172567,-1.9122931599670778,0.10760174064452938,251.3770918044406,224.34927690893832,6.860012064902545,10.414745343004906
2025-03-12,218.98294858814836,220.58448707211764,213.7804415985268,215.8395538330078,62547500,30.007520355791257,-3.1658865557919,-0.5470959186427565,253.619807734074,220.55078095000803,6.8560144512374235,5.899093678922862
2025-03-13,214.81497612462363,215.70029772842105,207.3245545879158,208.5779266357422,61368300,25.852022251008577,-4.691243248532857,-1.3759253846207766,256.6214339926862,214.84444735497001,6.974513365084181,3.030289932796338
2025-03-14,210.13967261110687,212.8254784087618,208.4784519318959,212.36790466308597,60107600,31.206622317455313,-5.530527387404703,-2.206845785177562,257.5494202920962,211.1271986654233,6.786835730211446,12.193357101635888
2025-03-17,212.18885305172668,214.0888178495616,208.86641153353528,212.87522888183597,48073400,31.915400275494363,-6.084589924484874,-2.9823946130390246,257.49473114114136,208.13797302145628,6.6750907720553645,15.262603955557017
2025-03-18,213.03437263106773,214.01915944879545,210.37840804794797,211.5720977783203,42432400,31.031004611738226,-6.553297927041996,-3.6965752758396193,257.13711678812336,205.33428976705244,6.458352245540516,11.99098344401948
2025-03-19,213.0940452987452,217.6101760496477,212.6265144386749,214.1086883544922,54385400,34.81739153976112,-6.643488732917291,-4.285957967255154,256.05642968874577,203.46754949826595,6.428332675953863,19.151879576128287
2025-03-20,212.86529372925065,216.34689805154304,211.1045924362575,212.97471618652344,48862900,33.92084174200028,-6.728901090145655,-4.774546591833254,254.53294794710487,201.83471104947714,6.343616457334698,15.95063102312718
2025-03-21,210.4480334492585,217.68976839110027,210.16950634984832,217.12277221679688,94127800,40.00652195861262,-6.388237913591695,-5.097284856184943,252.47610866193386,201.1778891408005,6.427662570471645,29.8937537711431
2025-03-24,219.8384246082871,220.3158974796034,217.4311459430569,219.56983947753903,44299500,43.32271381814746,-5.853328487644433,-5.248493582476841,249.7213630127395,201.3094933105027,6.196624191352707,37.359604084411295
2025-03-25,219.60965673355645,222.92215637067883,218.9232808837126,222.5739898681641,34493600,47.18258820136903,-5.127887983303793,-5.224372462642231,246.627508367819,202.08659075327475,6.039642141039388,46.52508044657333
2025-03-26,222.3352045246948,223.8372775340709,219.31118973503237,220.36561584472656,34466100,44.76892624401428,-4.677252034669465,-5.1149483770476785,244.63125241349536,202.20974337507886,5.931531116610755,39.78746838367726
2025-03-27,220.22635468753003,223.80743885219795,219.4007154168264,222.6734313964844,37094800,47.77556717903723,-4.086788417967682,-4.90931638523168,243.11166085218912,202.39140311265464,5.822616282236527,55.62357341470937
2025-03-28,220.504904155295,222.6336557419088,216.5358700680628,216.7547149658203,39818600,41.53125939664143,-4.049749705129329,-4.73740304921121,240.2504708104962,202.87117683354677,5.845112356964033,54.42013071997519
2025-03-31,215.86937928840504,224.4341253115235,215.09348022110552,220.9624786376953,65299300,46.84979291624418,-3.6389177174837926,-4.517705982865727,238.0323683044612,203.5076371887029,6.094793266496458,79.70932918242053
2025-04-01,218.6546823259,222.50433685640357,217.749461617725,222.0169219970703,36412700,48.12328780106168,-3.191456516529513,-4.252456089598485,236.13114600415952,204.14155754808655,5.999084835938039,85.87221530276067
2025-04-02,220.15675729790527,224.00641185945875,219.8583310514353,222.71324157714844,35905900,48.992441956948966,-2.748964765615767,-3.951757824801941,234.11846104022624,204.9754720652425,5.866870262515568,89.21459663010958
2025-04-03,204.4596791341039,206.39944211542388,200.19223396809613,202.12203979492188,103419000,31.946898825482776,-4.013558951765617,-3.9641180501946764,232.81264418990747,203.0841819819675,7.056451501553906,7.960624026759218
2025-04-04,192.8709112290044,198.82943318150367,186.3553350717911,187.38987731933597,125910900,25.19328718571559,-6.133814549203066,-4.398057349996355,232.9685689280061,197.88589884543137,7.678612445952254,2.7168464151085208
2025-04-07,176.26863687444822,193.12954493623215,173.70219548773406,180.5062561035156,160466300,22.771005058995513,-8.274203224819786,-5.173286524961042,235.88814985884463,190.38850724564756,8.5178079461341,13.411791428819148
2025-04-08,185.7187069284344,189.33957458197375,168.32064359895526,171.51376342773438,120859500,20.057863958468104,-10.574202848230556,-6.253469789614945,239.86569891099506,181.59440698500103,9.410745305911558,5.690468192894054
2025-04-09,171.04623198001363,199.55559936553783,170.98654976711688,197.8048553466797,184395900,41.86654970145147,-10.158398037160993,-7.034455439124155,239.41102662266886,180.24560942469444,10.779195612519372,52.543900053738035
2025-04-10,188.07627873463144,193.75625918037224,182.0381746186605,189.41917419433597,121880000,38.2795225539357,-10.385803043066574,-7.704724959912639,239.83221042272683,177.90855038049583,11.135444549340788,37.59975312787458
2025-04-11,185.1218672695082,198.491214081568,185.0820690088969,197.1085205078125,87435900,43.09412423171544,-9.832217480885447,-8.1302234641072,239.45598488315093,176.7588375045444,11.297851729578667,51.30295969927199
2025-04-14,210.3286813853017,211.8207974391945,200.10271391024364,201.45556640625,101352900,45.67416735718493,-8.939675644191396,-8.29211390012404,238.93531042597243,176.13754571416428,11.541739243993192,59.04984291836094
2025-04-15,200.7990333068026,202.4403549077855,198.7498630049633,201.0775604248047,51343900,45.4810640994234,-8.16866840719095,-8.267424801537423,238.47730544191353,175.54609696287162,10.98093586248098,58.37619735243156
2025-04-16,197.31741584829123,199.64511311117852,191.35889396287376,193.24891662597656,59732400,41.56195400484863,-8.09601986748521,-8.233143814726981,237.82427710412998,174.11314812780364,10.89077376244169,44.42474832467559
2025-04-17,196.16351652823,197.7849541282245,193.39812938355277,195.94467163085935,52164700,43.37150342561501,-7.731793177953222,-8.13287368737223,237.0944618017639,173.13995897460327,10.436864029570708,49.22886120915375
2025-04-21,192.25415204712533,192.78136508405416,188.81233157759124,192.1447296142578,46742500,41.42430064622563,-7.6614480615194225,-8.038588562201669,235.8223657381369,171.9142507779764,10.20082660269195,42.78307862046751
2025-04-22,195.0892017003565,200.53045296496776,194.9399961616373,198.690185546875,52976400,45.92759186131037,-6.996879784087355,-7.830246806578806,233.9725970337264,171.67605408932053,10.071176370407523,54.53734930233528
2025-04-23,204.9172785719325,206.9067667134076,201.7341005812904,203.52464294433597,52929200,49.04363531013826,-6.010815389332151,-7.466360523129476,231.61043036066187,172.13328607000219,9.938705284416457,80.92844791922485
2025-04-24,203.81310578126343,207.73239972806863,201.87335793866916,207.2748107910156,47311000,51.384057230672376,-4.870599805793546,-6.94720837966229,229.7956390224501,172.63899690284288,9.6473007490581,89.54949294001415
2025-04-25,205.2853145092793,208.6475540878433,205.1162098506388,208.18002319335935,38222300,51.95765100212223,-3.8495524212867167,-6.327677187987176,227.4703521121475,173.51494299283297,9.210446712497129,91.63043363201325
2025-04-28,208.8962436468608,210.38835967290976,206.3696005213303,209.03550720214844,38743100,52.52769985117984,-2.9374732398889023,-5.649636398367521,226.31468066860685,173.89869366000642,8.839611886717295,93.59705658220092
2025-04-29,207.59310986089216,211.1244537916441,207.27478452266,210.0998687744141,36827600,53.27061611887313,-2.104499473884971,-4.940609013471011,224.36414967248183,174.76296366980333,8.483187414022066,95.78557519021665
2025-04-30,208.19992461631293,212.4574277707069,205.5837430092506,211.3831024169922,52286500,54.2011987411812,-1.3255355834609759,-4.217594327469004,222.20841397526968,175.85531740900765,8.368222938838795,96.46827176083241
2025-05-01,207.98107159612528,213.4322643155357,207.8020097882055,212.19879150390625,57365700,54.8171440616948,-0.6350612055862257,-3.5010877030924483,219.8233294476025,177.1889569293506,8.17265376658818,95.64915585840569
2025-05-02,205.0067917796952,205.9020705063368,201.09745506032,204.27069091796875,101010600,48.05266016655876,-0.7192951590573671,-2.9447291942854323,220.02892198685947,177.19822950239836,8.381845386373758,62.787983642834874
2025-05-05,202.03251395918383,203.02725796650907,197.1682163705072,197.8446350097656,69018500,43.379964603270224,-1.2897131704476976,-2.6137259895178855,219.8985555489531,178.37407170934765,8.290461755022887,36.686954137180464
2025-05-06,197.1682179665783,199.5953806140849,195.98447015970467,197.4666290283203,51216500,43.114375041311966,-1.7520786061486149,-2.4413965128440314,218.84064137490668,181.12802317587455,7.956208090691268,35.15158852319282
2025-05-07,198.12317194216024,198.3917570874617,192.2342889482049,195.2185211181641,68536700,41.4875430992112,-2.273700263919352,-2.4078572630590958,214.72612425310146,187.61301606672274,7.827726665588807,26.020337296452396
2025-05-08,196.68078271707188,198.99853803284543,193.65675249053749,196.45199584960935,50478900,42.76365935874037,-2.558070242126803,-2.4378998588726373,214.74241216521085,187.46144220490635,7.650159442497317,31.030402695795317
2025-05-09,197.95405738682032,199.48595647897332,196.5017244580665,197.4865264892578,36453900,43.86936530449994,-2.6691887752560888,-2.4841576421493277,214.13048883430568,188.8801007653037,7.320430955844936,24.777071630847313
2025-05-12,210.1363584051843,210.4351760021984,205.93303241640405,209.95706176757807,63775800,55.12352228553968,-1.7310288143346213,-2.3335318765863864,215.13334331211692,189.16210041346895,7.722446567066054,83.60596949596696
2025-05-13,209.598471364776,212.55673652410627,208.17412935394688,212.08859252929688,51909300,56.72081064265162,-0.8062397378705839,-2.028073448843226,216.39577901415507,188.9629673237355,7.4838866101441495,93.66132018291893
2025-05-14,211.5905625216416,213.09460539099956,209.7478820292828,211.490966796875,49325800,56.11771401129969,-0.120175821998032,-1.6464939234741873,217.44098096266197,188.95910601243565,7.188374949542193,90.8420616355064
2025-05-15,210.116431917556,212.1184991665837,208.71199985896817,210.6144561767578,45029500,55.19083296952668,0.3487870919326497,-1.24743772039282,217.86527602037506,190.2713649098007,6.918240975118859,86.70718269103881
2025-05-16,211.52086084946143,211.73003772257164,208.94109887256835,210.4252014160156,54737900,54.97967837453272,0.6971361507999632,-0.8585229461542634,218.31132305403355,191.2733708546578,6.623290823324891,85.81438629203042
2025-05-19,207.0884445111699,208.65223273202483,203.45285841572863,207.9550018310547,46140500,52.173878906600685,0.7650616727555359,-0.5338060223723036,217.77142139152986,193.39429973884123,6.648223121679325,74.1613885780702
2025-05-20,206.84938410987283,207.64622592622175,204.2198167548668,206.04258728027344,42496600,50.044535183526946,0.6570037366441,-0.29564407056902287,217.69929300406378,194.20166829964714,6.440148975572795,65.13970364051448
2025-05-21,204.3592586621154,206.2218644000924,199.91689108628387,201.2914276123047,59211800,45.11796761381067,0.18584585037532975,-0.19934608638015236,217.72633686401272,193.9513029064951,6.430493571161061,43.418031020465214
2025-05-22,199.91687517553495,201.94880716447733,198.91085659406792,200.56430053710935,46742400,44.39761881551061,-0.24341728418562525,-0.20816032594124695,217.59717252553511,193.40941621958208,6.188169071107372,39.93233569465679
2025-05-23,192.9047141233614,196.9187884239126,192.69555244631704,194.49839782714844,78432900,38.8281944408631,-1.0608502435771356,-0.3786983094684247,217.79147094337256,191.8469552651235,6.308210429656295,10.853665068564137
2025-05-27,197.51641281084125,199.94677348688447,196.64984031499387,199.4188690185547,56288500,44.869596515093,-1.2966834900130095,-0.5622953455773416,217.36539840577834,191.31136398435834,6.246793660376277,34.44137623727856
2025-05-28,199.7973629184677,201.9289060786693,199.11008702875665,199.62803649902344,45339700,45.11773300715893,-1.4499903827670835,-0.73983435301529,216.7078700360237,190.92170912657392,6.001938331057447,33.98434266289558
2025-05-29,202.775557811137,203.00464471322184,197.72558456215265,199.15989685058597,51396800,44.63353092232087,-1.5909229871333253,-0.910052079838897,215.74004419045207,190.66721441550493,5.950304175344001,31.68943392518625
2025-05-30,198.58218796001185,201.16196516975768,196.00242594876025,200.0563507080078,70819900,45.8323579216585,-1.6116981046386627,-1.0503812847988503,214.45655556969646,190.7364589566707,5.893820964319246,36.084019594691696
2025-06-02,199.4885975362889,201.3312933884623,199.3292261245183,200.90298461914065,35423300,46.99954820107857,-1.5420702282389414,-1.1487190734868684,214.28371444120395,190.57252945528037,5.615838557149587,40.234378503160215
2025-06-03,200.55435521702816,202.9647905668523,200.16589694161212,202.46676635742188,46381600,49.1778590189992,-1.3451989017581525,-1.1880150391411253,214.31717393740308,191.0012830938469,5.414628204870343,47.900331145774715
2025-06-04,202.10819540070028,205.42503857555045,201.30139858491117,202.0185546875,43604000,48.561793782417766,-1.2113798600731513,-1.1926880033275307,214.29294417723008,191.48070541993786,5.322414760996696,47.99993726726842
2025-06-05,202.69587362440456,203.9409342732031,199.35910500622677,199.83721923828125,55126100,45.569816149523284,-1.2667406483194554,-1.2074985323259155,214.04723217899493,192.1882872301847,5.2695157971381,37.519621299523116
2025-06-06,202.19783403313104,204.8871617909174,201.2515910514923,203.11419677734372,46607700,50.50352568799587,-1.034267380743131,-1.1728523020093586,213.92139841169313,192.98034109025997,5.2538319939593885,65.29330753313734
2025-06-09,203.5823615958005,205.18600036190864,199.2296343157191,200.6539764404297,72862600,47.05506427784777,-1.0366005754073058,-1.1456019566889482,213.79178090679488,193.42670359027545,5.304012997690115,53.23120730855112
2025-06-10,199.80731310224203,203.54249456453348,199.77743286642308,201.8691253662109,54672600,48.91062202385056,-0.9296805079119963,-1.1024176669335577,212.95932512927692,193.45036572765667,5.194087904862993,67.82020813392096
2025-06-11,202.69585666840095,203.69190510411792,197.62597377824,197.9945068359375,60989900,43.65668425972433,-1.1444029530823627,-1.1108147241633188,211.56431475817533,193.43596752942233,5.256362434935488,41.627402204801925
2025-06-12,198.29333609984755,198.890956077424,196.58013147350607,198.4128570556641,43904600,44.35175490074105,-1.2662184928464058,-1.1418954778999362,210.02290983976263,193.66956147371394,5.045966875577091,44.91386809572147
2025-06-13,198.94075911963023,199.57822954037988,194.9266849517312,195.67372131347656,51447300,40.80254237887191,-1.5657347328605624,-1.2266633288920614,208.605441475184,193.59295635196443,5.017793855082204,7.115747749727552
2025-06-16,196.52037110088895,197.9048779009829,195.78328974313985,197.6359405517578,43020700,44.24466460011283,-1.6260250132040994,-1.306535665754469,206.69164093944138,194.22783080128127,4.8187483359696435,25.80648068359691
2025-06-17,196.42074594971083,197.60604600468164,194.4386193152405,194.86691284179688,38856200,40.65235775100326,-1.8756218876216622,-1.4203529101279078,205.44372980659912,194.16693303519773,4.702932114580192,3.898390516586789
2025-06-18,195.16572178414583,196.78928550519316,194.29916455806156,195.80319213867188,45394700,42.35657554009589,-1.975111439193853,-1.5313046159410968,204.37959272064182,194.2071306069949,4.54487417404815,13.518286997013584
2025-06-20,197.45664606001856,200.90296511361447,196.08209436431653,200.2057342529297,96813500,49.674567415646735,-1.6793507603515536,-1.5609138448231883,204.25825107195038,194.21990291974885,4.584509802683468,53.08859048361975
2025-06-23,200.83327230185307,201.50062300089087,198.1738245196597,200.7037811279297,55814300,50.44107318265177,-1.3887612953286919,-1.5264833349242892,204.27335925037903,194.2187428004022,4.49467327972259,57.56506463942193
2025-06-24,201.78945874554145,202.63610603642124,199.4089034764897,199.50851440429688,54064000,48.53067653046697,-1.240614059428708,-1.4693094798251731,203.99975561621787,194.9933580922782,4.404139656880371,46.82193810613601
2025-06-25,200.6539686022396,202.8651975026319,199.82724651799435,200.76353454589844,39525700,50.64439088470938,-1.01029066890149,-1.3775057176404366,204.1021201383067,195.0254601229238,4.32932133126999,59.3778587673065
2025-06-26,200.63402778217431,201.8392530687452,198.6718263594232,200.2057342529297,50799100,49.668080433650296,-0.8628214755468946,-1.2745688692217283,204.1400713677433,195.0452786688778,4.2463288582737055,54.254236963699974
2025-06-27,201.09222774816857,202.41697405518968,199.20969672208463,200.28543090820312,73188600,49.816934196173925,-0.7310926424347599,-1.1658736238643346,204.20165217694736,195.09625126543543,4.17211089219023,54.98628304861728
2025-06-30,201.21175129212304,206.570497066428,198.47261792694383,204.35926818847656,91912800,56.843050417856546,-0.2945762791207187,-0.9916141549156114,204.8808902209255,194.8473049695042,4.452522909854084,81.98053164606327
2025-07-01,205.85332972802505,209.35942450018743,205.3254252695324,206.9987945556641,78788900,60.6839667190207,0.2613412231843881,-0.7410230792956116,206.10744468991868,194.23033149416335,4.491639581415283,84.32543692077789
2025-07-02,208.08449026524104,212.49697770796604,207.31752868499885,211.6005401611328,67941800,66.31293234718085,1.061001693823414,-0.38061812467180656,208.422293932491,192.82885963196216,4.563535550764331,95.07392707327621
2025-07-03,211.3116844715072,213.80180573654255,210.9730316271009,212.70616149902344,34955800,67.51628543656352,1.7636228337418345,0.048230067010921696,210.64163679537546,191.67827745022998,4.439624019241282,94.38207252293586
2025-07-07,211.8395692407974,215.37554414763463,207.97491173225177,209.120361328125,50229000,60.026992645984386,2.007964478634875,0.4401769493357124,211.7220061173567,191.52622233723312,4.65112461896568,70.32136001856695
2025-07-08,209.26980118177752,210.59453234535172,207.62631199643187,209.18014526367188,42848900,60.10644707044523,2.1812865430974284,0.7883988680880556,212.56378143621882,191.29104186700383,4.530917171105264,70.6050137423614
2025-07-09,208.7020406311003,210.49493096772343,206.4011710318064,210.30567932128903,48749400,61.65189368871262,2.382008409673176,1.1071207764050799,213.66114582617797,191.15884776513064,4.499691654306105,75.94527653670764
2025-07-10,209.678147079363,212.6364120977978,209.2000480941239,211.57064819335935,44443600,63.36941081920445,2.613032934139312,1.4083032079519264,214.8618136776277,190.92833219639573,4.423739679260947,80.27882002955661
2025-07-11,209.73792710960444,211.29176024279,209.03072603053,210.3255920410156,39765800,60.4973900449506,2.664936182646443,1.6596298028908296,215.68414137517823,191.33911301935302,4.28918128523012,70.64274842378923
2025-07-14,209.1004448233413,210.07658325197187,206.71988962428105,207.79562377929688,38840100,55.038717633457736,2.4734106478337594,1.8223859718794155,216.04865538425219,191.91287568264232,4.240361366051864,55.156164859435975
2025-07-15,208.39327261019983,211.05272033529,208.09445501444367,208.28370666503903,42296300,55.86606190584429,2.3341034003578898,1.9247294575751104,216.15814014117086,193.0643894608799,4.170128165333383,58.043729292774735
2025-07-16,209.46900551017632,211.5606982702429,207.81556132948492,209.32955932617188,47490500,57.66377870668821,2.281789918461641,1.9961415497524166,216.43581075968513,193.95608071980706,4.139771649292283,64.23113523348466
2025-07-17,209.7379236663323,210.96305897069357,208.761785269157,209.19009399414065,48068100,57.32842811845128,2.2036748287403043,2.0376482055499943,216.1626073336517,195.66160226107485,4.001307510166874,63.40603944704917
2025-07-18,210.0367321724359,210.95309492429405,208.871357307622,210.3455047607422,48974600,59.4332761164961,2.2095299640010353,2.0720245572402027,215.88426789861342,197.39417295832015,3.864195374917244,70.24160597272684
2025-07-21,211.2618775331451,214.92732845073888,210.7937335563828,211.64036560058597,51377400,61.71261635551108,2.292231234246941,2.1160658926415508,216.1912925931175,198.2306113985817,3.915454540280062,62.83448392648292
2025-07-22,212.2977797534573,214.1006251327807,211.39137195770533,213.55279541015625,46404100,64.85360985908137,2.4834618868070777,2.189545091474656,216.71124851781906,198.9955569021028,3.829297299908298,79.68940321565671
2025-07-23,214.15043456376964,214.29983576430007,211.5706725113145,213.3037872314453,46989300,64.11606070336987,2.5851210118865993,2.268660275557045,216.7925153740469,200.2938173285898,3.7507162965566736,76.91474502508339
2025-07-24,213.0547446286313,214.8376797586153,212.68621158769832,212.9152984619141,46022600,62.91392597714545,2.604317848930606,2.3357917902317573,216.7520765446105,201.54943254962777,3.63648428758241,72.58587698586582
2025-07-25,213.8516029142824,214.3894775978428,212.5567368669443,213.03485107421875,40268800,63.14294535095743,2.5992162305144006,2.388476678288286,216.30210508161605,203.28231569475116,3.5076454621049886,77.80386540462115
2025-07-28,213.1842678888476,214.00103498726415,212.21809958876685,213.2041931152344,37858000,63.48689944116069,2.579107305049803,2.4266028036405896,215.34178864092212,205.5345083561482,3.3844518861330113,79.79001265355214
2025-07-29,213.33365491441555,213.96117031669576,209.9869466315705,210.43516540527344,51411700,54.52637067006233,2.3130698133065835,2.4038962055737882,214.72660892135698,206.75727779739302,3.4265784432038857,45.26717602835701
2025-07-30,211.06265157316116,211.55072076453237,206.89917652304968,208.2239227294922,45512500,48.624393716707026,1.9018806839490594,2.3034931012488427,214.57770221049978,207.02869732563303,3.5140760002238007,18.32524295353471
2025-07-31,207.6661491373953,209.01080544085684,206.3414028602417,206.74978637695312,80698400,45.11825462729426,1.4404551820111635,2.130885517401307,214.72291207946236,206.3984120782525,3.453742184537469,4.756429722188984
2025-08-01,210.03674932642843,212.7360475386617,200.7037794341265,201.58030700683597,104434500,35.461592959344884,0.6501439110018907,1.8347371961214236,215.66391967336386,204.34481903513222,4.066494035965879,6.162509593672697
2025-08-04,203.70186769022783,207.0585613783641,200.88304868853191,202.5464630126953,75109300,38.12698524853495,0.10061739531101921,1.4879132359593428,216.2423047763913,203.10904410056182,4.217138225527758,12.955160321918683
2025-08-05,202.59624780213056,204.52858421879685,201.3611574563388,202.1181488037109,44155100,37.3897678579659,-0.3652374743408302,1.1172830938993081,216.7096196957088,201.93552953524824,4.142158835308494,9.94385696518153
2025-08-06,204.81746371165528,214.5289368613384,204.77761325937152,212.4073486328125,108483100,58.26615387765281,0.09472963665047018,0.9127724024495406,216.93244324244012,201.92287291966926,4.7327752083312795,82.28304472404761
2025-08-07,218.0150880895572,219.9773047383464,215.7241736307253,219.16053771972656,90224800,66.225997375326,0.9927391278459368,0.9287657475288199,218.44957874939305,201.16472636535306,4.935430986702895,95.76223339670507
2025-08-08,219.95738825778145,230.08719950298996,218.38362983130105,228.4437255859375,113854000,73.66243115850006,2.425533754117396,1.2281193488465352,222.72554840560665,198.70057006363166,5.4188694642018955,94.40679841488571
2025-08-11,227.27701087414155,228.91238364576836,224.12592192869852,226.53909301757807,61806100,70.24502570355386,3.368515735012295,1.6561986260796873,225.48999646165856,197.81046893140785,5.373697482263892,87.92480086696344
2025-08-12,227.36674823663387,230.14888579943397,226.429412881848,229.0021209716797,55626200,72.050796846395,4.265412500029072,2.1780414008695645,228.43485384097087,196.9374529827596,5.255538584786897,96.10541455165055
2025-08-13,230.4181341091737,234.3370398551092,229.77992501054072,232.6717529296875,69878500,74.53082108318839,5.212234879526818,2.7848800966010154,231.85336250022624,195.85316368385577,5.261208606118512,95.04869018175003
2025-08-14,233.39967872378065,234.4566858681212,230.1987431425788,232.123291015625,51916300,73.48134572676966,5.850896649469917,3.398083407174796,234.59997233541736,195.39987355081308,5.1895467575059335,93.0868328122816
2025-08-15,233.33985018068216,233.6190590405621,228.69299310222905,230.9366455078125,56038700,71.14706785212533,6.189934615047491,3.9564536487493354,236.7323145714522,195.3266453894853,5.170726698993584,89.57114888108286
2025-08-18,231.0463446646661,232.46233685580373,229.46083388892836,230.23863220214844,37476200,69.74358501839576,6.329340112241368,4.431030941447743,238.4864918574225,195.43229476367128,5.015782146699426,87.50313939861338
2025-08-19,230.62753117126795,232.2130419457167,228.70298322789472,229.90956115722656,39402600,69.05201350208075,6.340181029681645,4.8128609590945235,239.99126516603621,195.56319802976458,4.90823047320818,86.52819803892518
2025-08-20,229.33119207499823,229.81981519856652,225.1330775565405,225.3723907470703,42263900,60.18991337275952,5.914482330801235,5.033185233435866,240.73824752721032,196.02307602015298,4.898819982313742,73.08588776253792
2025-08-21,225.6316789169631,225.88097364743612,223.14869792378403,224.2655334472656,30621200,58.22667286420178,5.4252598923116295,5.111600165211019,241.29784876007704,196.5984982858214,4.744066820980767,69.64537274784392
2025-08-22,225.53195134940427,228.44371192910324,224.77410085849388,227.11746215820312,42477800,61.69365950349541,5.207643920096132,5.130808916188043,242.10467151954782,197.19993663474906,4.703646225327687,77.82412288874279
2025-08-25,225.84106025439087,228.6531118971015,225.59176554347297,226.51914978027344,30983100,60.55812707423295,4.930072083567154,5.090661549663865,242.75499442320717,197.8811093975936,4.58633909163489,73.25544435809726
2025-08-26,226.22996704217397,228.84258604761436,224.05612439304167,228.6630859375,54575100,63.17380575891872,4.827444359984838,5.03801811172806,243.4559524668838,199.00294340713964,4.600633560416161,69.07195437964063
2025-08-27,227.965066276898,230.24859923631865,227.6160475796746,229.8397674560547,31259500,64.56285412238998,4.785890744869334,4.987592638356315,243.96890719415197,200.65157315252773,4.460056281575295,71.27541643922545
2025-08-28,230.16884905542523,232.75153884501827,228.69301327644948,231.9039306640625,38074700,66.92004738090358,4.863457020333641,4.96276551475178,244.32463025549754,202.8112645198931,4.4313755163605455,77.4252040537673
2025-08-29,231.85405874294375,232.7216147258446,230.71727541448905,231.485107421875,39418400,65.96131546069563,4.835393906060432,4.937291193013511,243.30714638871254,206.81922842818202,4.258015787431617,73.72142187563686
2025-09-02,228.6032698757151,230.19876225122124,226.32970313085187,229.0719451904297,44075600,60.576332289700375,4.565799961530956,4.862992946717,241.29185897724068,211.4870640574273,4.322114966259583,52.38108933085576
2025-09-03,236.5408165177042,238.17618932549604,233.6988505309185,237.79725646972656,66427800,70.08572225098706,4.998583953635176,4.890111148100635,238.7591880496633,217.58764575160626,4.6636956211743525,97.47840244495958
2025-09-04,237.77729643117493,239.2232027368954,236.0721290991865,239.10354614257807,47549400,71.20554116794577,5.384901255213435,4.989069169523195,238.30466846029066,220.71178509195545,4.555651193783962,99.25561256344444
2025-09-05,239.32291694518145,240.6392002919357,237.81718240373485,239.0137939453125,54870400,71.00885579113896,5.619045390226887,5.115064413663934,238.85006079368628,222.15171838111843,4.43182024338517,90.70692017638729
2025-09-08,238.62490021245955,239.47249309970456,235.67324414176576,237.2089080810547,48999500,67.00085356948318,5.5944774454080175,5.210947020012751,239.7415443355382,222.13675308877822,4.386636580139001,80.3876861928951
2025-09-09,236.3313911991396,238.1063683630383,232.70166073618756,233.6888732910156,66313900,59.899801199576466,5.230673830798565,5.214892382169913,239.9256564371457,222.66761901451443,4.459355940618412,60.26227918086614
2025-09-10,231.53496736029476,231.76431424305807,225.31256565050364,226.1501922607422,83440800,48.13387104560859,4.284657425703273,5.028845390876585,240.03334007177847,222.27474250878794,4.7391382048965225,17.16070970279023
2025-09-11,226.23995033725743,229.7998710451417,226.010588238333,229.3810577392578,50208600,52.44512968527164,3.7523813353739683,4.773552579776062,239.8723443401505,222.10666872137296,4.671291390747393,32.1106493070521
2025-09-12,228.5733443098202,233.84841389514688,228.3739115767776,233.40966796875,55824200,57.220202764868084,3.61396434461534,4.541634932743918,239.98969999113072,222.11795076570522,4.728663599863242,56.40415344376575
2025-09-15,236.33138325533855,237.5180285002954,234.3669397384463,236.0322265625,42699500,60.03362195415998,3.6735401588259435,4.368015977960323,240.51683086316683,222.10037799913783,4.6843562378405394,72.2188226266096
2025-09-16,236.51088466190768,240.53949594661788,235.65332541334,237.4781494140625,63421100,61.535585707164884,3.793696934086256,4.25315216918551,241.2628713397739,222.0782892437222,4.698771544657491,79.37544052020378
2025-09-17,238.2958480596019,239.42266510979977,237.05934071942244,238.3157958984375,46508000,62.41675482674439,3.9114246464017413,4.1848066646287565,242.08648778318909,222.09529627442808,4.531953890780337,84.84074000682828
2025-09-18,239.2930082114909,240.51953392817583,235.98236714862816,237.2089080810547,44249600,60.44616420027656,3.870788074932875,4.12200294668958,242.40120121352393,222.96423457749168,4.532326239978004,77.61875133626526
2025-09-19,240.5494606794321,245.60516498271892,239.53234916144805,244.8074188232422,163741300,67.93111074449568,4.400987765324857,4.177799910416636,244.00741828697255,223.41220604164073,4.808321287241306,96.06878277929492
2025-09-22,247.5995237986898,255.9160073848096,247.42002368458668,255.3575592041016,105517400,75.00385014357624,5.607839316494562,4.463807791632221,248.8022602655098,221.44137376769334,5.258340378264599,98.17521118847884
2025-09-23,255.15814081026076,256.6140134777918,252.86462630601795,253.71221923828125,60275200,72.32484622156666,6.35821908932283,4.842690051170344,251.8616219186298,221.10131906037412,5.1505580063724015,90.72952070612914
2025-09-24,254.49999981420797,255.018537102084,250.33178410429736,251.59820556640625,42303700,68.91869694228029,6.705025865271523,5.2151572139905795,253.9454474816432,221.3110054602513,5.117429077187705,83.9757958192182
2025-09-25,252.49566170312627,256.4444966190252,250.99989343760635,256.14532470703125,55202100,71.97587951551847,7.263063175420484,5.624738406276561,256.7867946739511,221.1002139930411,5.140798656061357,98.5026610483112
2025-09-26,253.38315498635407,256.87328100426123,253.06405044687503,254.73931884765625,46076300,69.69318421187725,7.505341931907054,6.00085911140266,258.9264308720144,221.24411661333716,5.045686649013132,93.23854946668402
2025-09-29,253.84185736381545,254.28061851263053,252.29622703166865,253.71221923828125,40127700,67.9966653346321,7.5276966363050235,6.306226616383133,260.5178871501239,221.8753715168683,4.859787018082737,89.98418847434766
2025-09-30,254.1410137555297,255.1980209495745,252.39595068950493,253.9116668701172,37704300,68.15875652510604,7.475335641591698,6.540048421424846,261.6714869085458,223.20574392641515,4.712807249653225,90.40390235354447
2025-10-01,254.32049261064776,258.0599285933123,254.21080232618837,254.72933959960935,48713900,68.85519868946682,7.414350514278993,6.714908839995676,263.13850146411545,223.4319376838338,4.6724825691919305,88.78061347250507
2025-10-02,255.85613542550084,257.4516276685696,253.43299812845933,256.40460205078125,42630200,70.2890357701321,7.415715290816621,6.8550701301598655,264.7307500156427,223.56979472312685,4.625778781400383,93.01343299205125
2025-10-03,253.9515436206674,258.5086431914624,253.23357360959045,257.2920837402344,49155600,71.0494193875262,7.403071244347302,6.964670352997353,266.29728062839513,223.83109308986658,4.672156695719781,94.67712738436505
2025-10-06,257.2621558739689,258.33912604890287,254.3304629034206,255.96583557128903,44664100,68.238828421408,7.203001881136714,7.012336658625225,267.4302964726286,224.5737699946566,4.624764299274244,88.71181541352794
2025-10-07,256.0855101139428,256.6738420114173,254.70939836699205,255.75645446777344,31955800,67.78294383414365,6.9474641224304605,6.999362151386273,268.1329412647441,226.07788332021687,4.434741395356461,87.78231822048346
2025-10-08,255.79633660873375,257.7906945345413,255.3874895821648,257.3320007324219,36496900,69.43753277740285,6.793767698715982,6.958243260852216,267.6774746606702,229.65153077145865,4.28963164942932,93.79940858220549
2025-10-09,257.08267167133846,257.2721380835156,252.42584836214985,253.32330322265625,38322000,60.8715804918437,6.276146281081253,6.821823864898024,266.6468456619483,233.07638431852044,4.333668843775228,53.237281109782195
2025-10-10,254.2207817432353,255.6567217403356,243.3116425485481,244.57806396484372,61999100,47.19370768974974,5.101453477113665,6.4777497873411525,265.5635346880948,235.2765348919833,4.90591244006182,8.333364234514955
2025-10-13,248.67648318296307,248.98560621270488,244.867252416582,246.9613342285156,38142900,50.4606436701168,4.313092315812469,6.044818293035416,264.64149897953,237.2914813671497,4.870314569190344,24.015868431703954
2025-10-14,245.90431694508948,248.1479694164288,244.00966795095763,247.07101440429688,35478000,50.61207483282297,3.655027803848867,5.566860195198107,263.7314786068488,239.16078823885437,4.818027918924688,24.737590950235383
2025-10-15,248.78616738422892,251.1095960297993,246.7718617608356,248.63658142089844,33893600,52.82859612524373,3.2226859931921013,5.098025354796905,262.69410236441627,241.23024303353293,4.78372122964176,35.03940677157983
2025-10-16,247.54966879270205,248.33743345063007,244.4384754074267,246.75192260742188,39777000,49.92387038484398,2.6968877348424485,4.617797830806015,261.0479167568251,243.83073009376082,4.741891571343902,22.63788848675106
2025-10-17,247.3203043073955,252.66518358811555,246.5724201648456,251.5782470703125,49147000,56.51742722904728,2.6392097091313644,4.222080206471085,260.6212758145958,244.9344538606972,4.838382417910049,54.3962898732834
2025-10-20,255.168106265739,263.63416054313814,254.90884523128253,261.50018310546875,90483000,66.33199142417587,3.355437381716257,4.04875164152012,261.78772550593783,244.38226655949185,5.353920350404019,89.4994437291803
2025-10-21,261.1411827196178,264.5415659974475,261.0913055219307,262.0286560058594,46695900,66.7623173452406,3.920503198368465,4.023101952889789,263.0802982996992,243.9213374424883,5.217944645054933,88.16335820693507
2025-10-22,261.9090191460537,262.1084670888602,254.70938662410157,257.72088623046875,45015300,60.02723565138916,3.9749007284965217,4.013461708011135,263.5208085023933,244.09309530620047,5.373740060748055,67.87232990549319
2025-10-23,259.2066564378435,259.8847307097371,257.2821086816683,258.84765625,32754900,61.13175636054348,4.062106649915592,4.023190696392027,263.86578680714973,244.0183501557409,5.175803058413821,73.17979143376198
2025-10-24,260.4531761824355,263.3848847726989,258.4488367256365,262.0785827636719,38253700,64.18752517509105,4.341876291435227,4.086927815400667,264.87864948106807,243.7394138734241,5.158677700460148,88.39852984065611
2025-10-27,264.13276036080543,268.36078929414754,263.9033982511248,268.0516662597656,44888200,69.03439481318165,4.988074251955993,4.2671571027117325,267.24228075115286,242.80972730548774,5.23892975974697,98.76593387582666
2025-10-28,268.23113785786586,269.12862319727753,267.39351124836816,268.2411193847656,41534800,69.17688710544316,5.452623624136606,4.504250406996707,269.29167431307474,242.1932789950307,4.988657058972856,96.56232529826997
2025-10-29,268.5203194424725,270.6443152614699,266.35642794866993,268.93914794921875,51086700,69.72958308872958,5.810131836836916,4.765426692964749,271.21449851847404,241.6914356245923,4.938602077103364,93.76143222376854
2025-10-30,271.2226702585742,273.36662916750566,267.72259312931254,270.63433837890625,69886500,71.08556680719308,6.159247401442258,5.044190834660251,273.2302595752357,241.09864820064314,4.988990217181204,90.6928691684231
2025-10-31,276.2085891024436,276.53767519933945,268.40069127196034,269.6072692871094,86167100,69.0668672783353,6.280648700845063,5.291482407897213,274.78329158463976,240.77713474592665,5.213846910766768,78.69403477652372
2025-11-03,269.65711516237894,270.08589475979994,265.49886601188945,268.2909545898437,50194600,66.46186834002769,6.199184173805065,5.473022761078784,276.0052916719016,240.78764656052027,5.169074184848463,74.30864114072564
2025-11-04,267.5730004152706,270.7240893859628,266.8650119182292,269.2781982421875,49274800,67.45336928424672,6.143467195555502,5.607111647974127,277.28265168160993,240.86246092825337,5.075502990768833,77.38424320789163
2025-11-05,267.8522167164328,270.9335263776032,266.17696342424256,269.3779296875,43683100,67.55771105459658,6.037759055008223,5.693241129380947,278.43119591196046,240.9185095934106,5.0527215595253905,76.10650900985938
2025-11-06,267.1342708755924,272.6287059365568,267.1342708755924,269.0089416503906,51204000,66.70563270739879,5.8566979726446675,5.725932498033691,279.40800222995233,241.51026711819227,5.084272523913892,65.50928157744141
2025-11-07,269.03885049148494,271.5218466038475,266.0173996929098,267.7126159667969,48227400,63.667485429707725,5.54468740660144,5.6896834797472415,279.26255405904726,243.96917048929257,5.114284980129878,59.57053984271692
2025-11-10,268.46122924118225,273.22240319845355,266.96401085683,268.93035888671875,41312400,65.2677979566298,5.334189248394978,5.6185846334767895,279.21816944087965,246.21045757328054,5.196006934522284,65.14927734073264
2025-11-11,269.3096487524697,275.3983427074405,269.2996575494418,274.73956298828125,46208300,71.67688379342201,5.5718928505128815,5.609246276884008,279.6940183428369,248.50146352972172,5.286862426393676,90.66185765343211
2025-11-12,274.49002155435767,275.2186787593472,271.19615348009904,272.9628601074219,48398000,67.57010582874673,5.55289922805224,5.597976867117654,279.57008126092967,251.0580284802812,5.196552630168997,80.23745362581163
2025-11-13,273.6016697208788,276.1868935731559,271.5854266195937,272.44384765625,49602800,66.37373445086803,5.433334579272412,5.565048409548606,278.19393428812623,255.0033679579675,5.1540465104113675,67.59745286675899
2025-11-14,270.54732197227213,275.44821996704485,269.1000292932184,271.9048156738281,47431300,65.08485355111104,5.234740527308475,5.49898683310058,277.02409814548156,258.2058609609638,5.239342522083872,58.03116580021683
2025-11-17,268.3214829895084,269.98836893107386,265.237217022597,266.9639892578125,45018300,54.61585748496775,4.625351735149593,5.324259813510382,276.8567123009925,258.9196274206872,5.341360817022961,15.280550648551362
2025-11-18,269.48932037088264,270.2079864201871,264.8279974843966,266.9440612792969,45677300,54.57772554758928,4.093610116395382,5.078129874087383,276.68612614331255,259.58175410571084,5.344119968363504,18.071067764742686
2025-11-19,265.0375710636542,271.7051756343288,265.00762791735707,268.0619506835937,40424500,56.416028941094574,3.7195289702339096,4.806409693316688,275.6643800574677,261.6376066368682,5.440793378978376,27.617781444746576
2025-11-20,270.327749378444,274.91922505965954,265.4268814706152,265.7562561035156,45823600,51.7628071362691,3.2001276046569274,4.485153275584736,274.49338355869526,263.4994631209923,5.7301898225545145,8.172084785929574
2025-11-21,265.4568071090486,272.8230952896135,265.17732758833057,270.98651123046875,59030800,59.852244091564586,3.173948851387422,4.2229123907452735,273.92958294820295,264.9540565781643,5.867016813892258,54.21753749615335
2025-11-24,270.397615191446,276.4863089537433,270.397615191446,275.4083251953125,65585800,65.17025091879904,3.4700053712191448,4.072330986840048,274.97279590189004,264.6465095180318,5.882850881635474,90.75351725449154
2025-11-25,274.75953066216096,279.8600705608694,274.73957871594786,276.4563903808594,46914200,66.30937033564095,3.746020603880595,4.007068910248158,276.11367766033345,264.3271548591978,5.828396664727338,77.35721372099205
2025-11-26,276.4463761157936,279.01161742605893,276.1170014953278,277.0352783203125,33431400,66.9522819561916,3.965761255934922,3.998807379385511,277.2185742504217,264.031871306219,5.618840898013321,81.20823238294334
2025-11-28,276.7458380127342,278.4826014787427,275.4781737009374,278.3328857421875,20135600,68.40760114037914,4.196241717768771,4.038294247062163,278.45026829721286,263.57003199575587,5.4320971037127475,89.84049098941543
2025-12-01,277.4944549964911,282.89442609469603,275.6279276857388,282.57501220703125,46587700,72.64820398577424,4.667400410500591,4.164115479749849,280.6767386875751,262.6403358973858,5.563125768373066,98.23200315593816
2025-12-02,282.47518456741903,286.86701880065203,282.10587559562896,285.6592712402344,53669500,75.249451844529,5.229389845796675,4.377170352959215,283.3451133885285,261.70879286147147,5.505841299562353,94.51995829085726
2025-12-03,285.6692634925469,288.0847586222564,282.77461708045536,283.623046875,43538700,70.48357024082605,5.447666920146219,4.591269666396617,285.0155699670292,261.4728211462521,5.491862745436546,80.81542085413969
2025-12-04,283.5731318378766,284.20196835267484,278.0733405949076,280.179443359375,43989100,63.19421030124213,5.281896633331485,4.729395059783591,285.79743050834423,261.7711119721245,5.537345960603022,66.00852880579193
2025-12-05,280.01974631085085,280.6186397013617,277.5343433093784,278.26300048828125,47265800,59.50588803579671,4.9389484401748405,4.771305735861841,286.19840520713956,262.29554315711823,5.362128134273041,57.76816008147303
2025-12-08,277.6142094762677,279.15136205700173,275.6378704438954,277.3746643066406,38211800,57.82125527541688,4.54310809839501,4.725666208368475,286.3457755147145,263.1143776835277,5.230082668475419,53.9484700722976
2025-12-09,277.64414811825674,279.5106752769474,276.40645748061854,276.6659545898437,32193300,56.4482521688005,4.124668216761563,4.605466610047093,286.43065901340395,263.80305375515076,5.078235177607807,50.5189610509574
2025-12-10,277.23491184461454,279.2312028389952,275.92734368017386,278.26300048828125,33038300,58.82121650183666,3.877225609468155,4.459818409931305,286.6915070035487,263.89454951500596,4.951494033408775,57.12413967577089
2025-12-11,278.5824273392719,279.07150890817053,273.3022288840155,277.514404296875,33248000,57.246686731054865,3.579458336525306,4.283746395250105,286.9049368908239,264.1362740466761,5.009907318462079,53.8562211112772
2025-12-12,277.38464634485007,278.70220580092337,276.30666253778065,277.7639465332031,39532900,57.6536117407707,3.325279844251213,4.092053085050327,287.11673074500874,264.4564900801866,4.82316702879641,41.6479425893343
2025-12-15,279.6304615267261,279.6304615267261,272.33402020742307,273.6016540527344,50409100,49.23580644614656,2.75620749608737,3.8248839672577355,287.10417677890473,264.6387278841812,4.999829478118312,8.048091536568904
2025-12-16,272.3140798989353,274.9891026980292,271.2859911871425,274.1007385253906,37648600,50.17519255444991,2.3187563265858557,3.5236584391233596,286.6970185408707,265.759561048973,4.9072067661732,16.755677755051032
2025-12-17,274.50001118897205,275.6478724530811,271.13626563598973,271.3358764648437,50138700,45.18657551646638,1.729040558453164,3.164734862989321,286.2603028038194,266.63545830457906,4.878949626953069,1.1777497209675651
2025-12-18,273.1025913325419,273.12257373871984,266.4549687260805,271.68524169921875,51630700,45.9182746755797,1.2751779604252533,2.7868234824765077,285.908901519501,267.34918869046,5.0067107259306605,24.180877383663145
2025-12-19,271.6453053723066,274.09077415448866,269.399477884542,273.1625061035156,144632000,49.017344112864045,1.0229001171800292,2.434038809417212,284.94796180720533,269.05075340275556,4.984181121931802,31.01064508546616
2025-12-22,272.3539780142796,273.37210596231955,270.00836035897595,270.4674987792969,36571800,44.05730504765169,0.5986032156436636,2.0669516906625023,285.0075951951222,268.93921876972155,4.868435727746931,18.550943270723984
2025-12-23,270.3377490962612,271.99467443806464,269.06012395403746,271.8549194335937,29642000,47.02901396150357,0.37003261033095214,1.7275678745961924,285.1273120844816,268.4641613041902,4.730301067481234,30.427400806507205
2025-12-24,271.8349404799371,274.9192064044749,271.69521595033444,273.3022155761719,17910600,50.01207360738133,0.302190003749331,1.4424923004268202,285.1147955634113,268.16126034479186,4.622707452242606,48.3437299697329
2025-12-26,273.65157518449314,274.859322715931,272.35396775197984,272.8929748535156,21521800,49.16889333859651,0.2129472201045246,1.1965832843623612,285.0677217578618,267.79410380366164,4.471467988793218,48.86349394930919
2025-12-29,272.1843267483383,273.8512128461511,271.8449608988494,273.2523498535156,23715200,49.966629060570774,0.16926900248989796,0.9911204279878686,284.87678190946264,267.47699006319357,4.29538112868668,51.59109591029535
2025-12-30,272.304089543875,273.5717234473003,271.77507361210075,272.5735778808594,22139600,48.420935583305116,0.07897213329226815,0.8086907690487486,283.96841146028106,267.385217079758,4.116900322009029,46.43931917657812
