Date,Open,High,Low,Close,Volume,RSI,MACD,Signal_Line,BB_High,BB_Low,ATR,K_Line
2010-02-22,2062.4820389096253,2062.4820389096253,2030.505571777057,2046.493896484375,4319382,80.72093335621716,0.0,0.0,2237.0007765744654,1908.7486496950655,46.00690552576516,89.47369179538076
2010-02-23,1998.5294045904293,2014.5177316973288,1966.5529326587257,1982.541259765625,8324951,80.72093335621716,-5.10163483796282,-1.020326967592564,2237.0007765744654,1908.7486496950655,46.00690552576516,89.47369179538076
2010-02-24,1982.541259765625,1982.541259765625,1934.576460727022,1982.541259765625,8684296,80.72093335621716,-9.040503900891508,-2.624362354252353,2237.0007765744654,1908.7486496950655,46.00690552576516,89.47369179538076
2010-02-25,1982.5413059953464,2014.5177786726908,1966.5529785156248,1966.552978515625,9524870,80.72093335621716,-13.298905187791206,-4.759270920960124,2237.0007765744654,1908.7486496950655,46.00690552576516,89.47369179538076
2010-02-26,1966.553011296301,1982.5413390425335,1934.5765380859373,1934.5765380859373,10547101,80.72093335621716,-19.034532154109,-7.6143231675899,2237.0007765744654,1908.7486496950655,46.00690552576516,89.47369179538076
2010-03-01,1950.5648333180025,1982.5413059953464,1950.5648333180025,1966.552978515625,6633762,80.72093335621716,-20.760512083139474,-10.243560950699816,2237.0007765744654,1908.7486496950655,46.00690552576516,89.47369179538076
2010-03-02,1966.552782742888,2046.4940476190477,1966.552782742888,2014.517578125,12838833,80.72093335621716,-18.04995266173887,-11.804839292907628,2237.0007765744654,1908.7486496950655,46.00690552576516,89.47369179538076
2010-03-03,2046.493896484375,2046.493896484375,2014.5174293518064,2046.493896484375,11668567,80.72093335621716,-13.169780110187048,-12.077827456363513,2237.0007765744654,1908.7486496950655,46.00690552576516,89.47369179538076
2010-03-04,2078.470363616944,2094.4585060421937,2046.493896484375,2046.493896484375,16204397,80.72093335621716,-9.196200132644435,-11.5015019916197,2237.0007765744654,1908.7486496950655,46.00690552576516,89.47369179538076
2010-03-05,2062.482421875,2078.470749551059,2046.4942764810423,2062.482421875,11226098,80.72093335621716,-4.7027585221248955,-10.14175329772074,2237.0007765744654,1908.7486496950655,46.00690552576516,89.47369179538076
2010-03-08,2094.458937623152,2110.447265625,2062.482463901561,2110.447265625,10509976,80.72093335621716,2.697592195770767,-7.57388419902244,2237.0007765744654,1908.7486496950655,46.00690552576516,89.47369179538076
2010-03-09,2110.447265625,2126.435411344743,2078.470791903409,2110.447265625,19683673,80.72093335621716,8.464845981064855,-4.366138163004981,2237.0007765744654,1908.7486496950655,46.00690552576516,89.47369179538076
2010-03-10,2110.446872084888,2142.42333984375,2094.458547064421,2142.42333984375,13000643,80.72093335621716,15.437682121111948,-0.40537410618159564,2237.0007765744654,1908.7486496950655,46.00690552576516,89.47369179538076
2010-03-11,2206.376708984375,2238.353183027627,2190.388380821696,2206.376708984375,39044193,80.72093335621716,25.826495642382724,4.840999843531269,2237.0007765744654,1908.7486496950655,46.00690552576516,89.47369179538076
2010-03-12,2222.364854864948,2222.364854864948,2190.388380821696,2206.376708984375,14550101,80.72093335621716,33.671560416684315,10.607111958161878,2237.0007765744654,1908.7486496950655,45.004731848442795,89.47369179538076
2010-03-15,2206.3762643941177,2222.36440705304,2190.387939453125,2190.387939453125,11617432,75.365892926892,38.158799802414705,16.117449527012447,2237.0007765744654,1908.7486496950655,44.07414154497652,84.2103623966824
2010-03-16,2174.400102007951,2174.400102007951,2126.435302734375,2126.435302734375,13671001,58.615735484476616,36.13795024042338,20.121549669694634,2237.0007765744654,1908.7486496950655,45.494034057388916,63.15783910420936
2010-03-17,2142.423396183894,2142.423396183894,2078.470458984375,2078.470458984375,15930277,49.69490700328226,30.316579711906797,22.160555678137065,2237.0007765744654,1908.7486496950655,46.81252713896964,47.368329097866734
2010-03-18,2126.435302734375,2126.435302734375,2062.4823585576705,2126.435302734375,8686397,56.77880675622759,29.23644413016973,23.5757333685436,2237.0007765744654,1908.7486496950655,48.03684264166499,61.11104552836279
2010-03-19,2126.435411344743,2142.423739346591,2094.458937623152,2110.447265625,8672855,54.046767282759696,26.781606236833795,24.216907942201637,2237.0007765744654,1908.7486496950655,48.0316968617917,52.9412328794835
2010-03-22,2094.458602143217,2110.4469275841348,2062.482133543457,2078.470458984375,8577590,48.97139598411031,22.00224033497625,23.77397442075656,2238.139904188496,1910.8071783310352,48.02694223463107,28.57140942960847
2010-03-23,2078.470749551059,2078.470749551059,2046.4942764810423,2062.482421875,10322715,46.61437885512176,16.73158613721762,22.36549676404877,2236.490874730822,1920.4503239996463,46.88048015144432,8.333464425252417
2010-03-24,2110.4469275841348,2110.4469275841348,2046.4939903846157,2078.470458984375,9484943,49.24514664048063,13.68688183559334,20.629773778357684,2234.7140286915446,1931.8200899607991,48.09994136916394,16.666633565615648
2010-03-25,2062.4822070439905,2062.4822070439905,2014.5175935760772,2030.5057373046875,9801325,42.481652990273666,7.31920828197417,17.967660679080982,2230.031266597698,1942.8981279335524,49.23229308624494,7.142806810920943
2010-03-26,2046.493896484375,2062.4820389096253,2030.505571777057,2046.493896484375,5798325,45.18420812095973,3.522289184134479,15.078586380091682,2218.3895729407895,1965.7315574303038,47.999734089553755,14.285620524710726
2010-03-29,2062.4820389096253,2078.470363616944,2030.505571777057,2046.493896484375,4406008,45.18420812095973,0.5073549714775254,12.164340098368852,2210.130511061005,1981.9847111069637,47.99723821457755,14.285620524710726
2010-03-30,2046.49406331538,2062.4822070439905,2030.505737304688,2030.5057373046875,7130168,42.84924152911171,-3.135963505439122,9.104279377607257,2208.7267421826164,1984.987295903321,46.85289760920076,7.142806810920943
2010-03-31,2030.506015130132,2030.506015130132,1998.529541015625,1998.529541015625,13562660,38.55765716488403,-8.505485508926085,5.582326400300589,2212.7468403404996,1976.1707621985627,45.79029593100835,0.0
2010-04-01,2030.505571777057,2046.493896484375,1998.5291046444888,2046.493896484375,11084602,47.114060262698196,-8.789230967040567,2.708014926832358,2212.7468403404996,1976.1707621985627,45.94561706735677,21.428609036987094
2010-04-02,2062.482133543457,2078.470458984375,2030.5056649436976,2078.470458984375,10338125,51.92108113375798,-6.360539591295947,0.8943040232066968,2212.8504005682466,1977.6660056817532,46.08984399402252,45.45454085000506
2010-04-05,2110.446872084888,2142.42333984375,2094.458547064421,2142.42333984375,15001209,59.79254320313924,0.7164203823722346,0.8587272950398044,2216.175565244861,1977.5384484270146,47.36577519869056,99.99972236432455
2010-04-06,2174.399807602612,2190.387950341007,2142.42333984375,2142.42333984375,20928189,59.79254320313924,6.2528828075264755,1.9375583975371389,2219.3871389613496,1977.5244821324004,47.40854914858817,75.0000526047533
2010-04-07,2158.411376953125,2174.3997011911497,2126.434910759137,2158.411376953125,11320896,61.6146371511236,11.794708091714256,3.9089883363725626,2221.613254623151,1976.8971701815362,47.44828066883279,83.33328167810278
2010-04-08,2158.411376953125,2174.3997011911497,2142.4232349971626,2158.411376953125,9809498,61.61463715112361,16.002181370303333,6.327626943158718,2212.044648888128,1981.6692427134349,46.34315106348667,83.33328167810278
2010-04-09,2158.411376953125,2190.387843147113,2142.4232349971626,2158.411376953125,11708027,61.6146371511236,19.116273752442794,8.885356305015534,2201.7735810828694,1987.1437773155678,46.45896942680552,83.33328167810278
2010-04-12,2174.3997011911497,2174.3997011911497,2142.4232349971626,2158.411376953125,9222964,61.61463715112361,21.338240447822955,11.375933133577018,2194.984355417113,1990.7353467313244,45.424504910175635,83.33328167810278
2010-04-13,2142.4232349971626,2158.411376953125,2142.4232349971626,2158.411376953125,14151996,61.61463715112361,22.83592671402903,13.667931849667422,2199.7485168095855,1989.168792760727,43.321907556303266,83.33328167810278
2010-04-14,2158.4114825821453,2158.4114825821453,2126.4350148232834,2142.42333984375,9591649,57.81921761083708,22.473690182085647,15.429083516151067,2204.7703811728566,1990.5422164833933,42.51151899934317,75.0000526047533
2010-04-15,2158.41206131758,2174.400390625,2142.42391429228,2174.400390625,13372130,62.760178607735654,24.484652047790405,17.240197222478933,2211.923996490201,1988.185109955111,41.759056983765085,91.66701975196067
2010-04-16,2174.3997011911497,2174.3997011911497,2158.411376953125,2158.411376953125,6931466,59.036393876073035,24.505687723189567,18.69329532262106,2217.2777067538127,1987.6278108243123,39.91833960434437,83.33328167810278
2010-04-19,2174.3997011911497,2190.387843147113,2158.411376953125,2158.411376953125,7642918,59.036393876073035,24.242901568893103,19.80321657187547,2223.3071985993565,1989.5924107756439,39.351062932176056,83.33328167810278
2010-04-20,2174.3997011911497,2174.3997011911497,2142.4232349971626,2158.411376953125,6246398,59.036393876073035,23.760742598217803,20.59472177714394,2228.37964104845,1994.1128638343623,38.82430602230542,83.33328167810278
2010-04-21,2174.3997011911497,2174.3997011911497,2142.4232349971626,2158.411376953125,13534875,59.03639387607305,23.112205027481195,21.09821842721139,2233.120901914493,1997.3656947651948,38.335174605996976,79.99992725371673
2010-04-22,2158.4114718532105,2206.3762643941177,2142.4233291942883,2190.387939453125,17425565,64.67454816354686,24.89154148884154,21.85688303953742,2238.5767354474383,2007.8980814470933,40.16501464841358,85.714214583297
2010-04-23,2190.387939453125,2190.387939453125,2190.387939453125,2190.387939453125,0,64.67454816354686,26.001944226501564,22.68589527693025,2243.545341318798,2017.318879872609,37.29608503066976,79.9999321827889
2010-04-26,2206.376708984375,2222.364854864948,2190.388380821696,2206.376708984375,21566792,67.28568281851884,27.851056827144475,23.7189275869731,2249.13515984479,2027.7173425966166,36.916144343609275,83.33351902828376
2010-04-27,1544.463623046875,1544.463623046875,1534.870663173829,1544.463623046875,46761128,15.664479609376428,-23.819782683915037,14.21118553279547,2399.763268632799,1828.4850223828264,82.24399444839048,1.3953514064531993
2010-04-28,1544.4634186350766,1560.4515614527038,1544.4634186350766,1547.6610107421875,24871182,15.999726819993,-63.77612137148435,-1.3862758480604942,2471.305096880162,1711.8563411081188,77.51143361762168,1.8604299095089805
2010-04-29,1544.4635061850142,1547.661098473385,1525.277587890625,1525.277587890625,11397015,15.534184687707153,-96.13972391689617,-20.33696546182763,2522.0487883901246,1608.9910187387818,73.57372482941727,0.0
2010-04-30,1525.277587890625,1525.277587890625,1525.277587890625,1525.277587890625,0,15.534184687707153,-120.40021338789506,-40.34961504704113,2554.1998836273387,1521.5206363921923,68.31845877017318,0.0
2010-05-03,1525.277587890625,1525.277587890625,1525.277587890625,1525.277587890625,0,15.534184687707153,-138.03563717984116,-59.886819473601136,2568.794373480446,1445.2115713437724,63.43856885801795,0.0
2010-05-04,1531.6729472256648,1534.8707221609725,1518.882394330744,1522.080078125,8430956,15.453956765030654,-150.53458096190184,-78.01637177126128,2573.65069454522,1378.3209241071236,60.049265927461555,0.45455060696576305
2010-05-05,1502.8939966957369,1509.2893635993653,1486.90576171875,1486.90576171875,14592363,14.562942441165049,-161.4176353083235,-94.69662447867373,2571.54359323488,1313.2774638940266,58.272483818803586,0.0
2010-05-06,1477.3128936453911,1493.3011286223782,1474.115210193577,1486.90576171875,11658994,14.562942441165049,-168.1047276275051,-109.37824510844001,2560.694483268181,1256.9760123372878,55.48058629094628,1.7093962711857429
2010-05-07,1467.7201711493688,1470.917855116915,1442.1389728321676,1451.73193359375,13214056,13.650201772209613,-174.2340685527613,-122.34940979730428,2544.7228803351086,1202.2796709344225,54.71531504777743,1.2295107074106715
2010-05-10,1448.533959226973,1448.533959226973,1432.5457248766438,1435.743408203125,15331601,13.243864687010046,-178.32612322846467,-133.54475248353637,2521.689029479713,1153.046724914818,52.17752173844377,0.40486273439952447
2010-05-11,1438.941091529606,1454.929325879935,1435.743408203125,1435.743408203125,7175933,13.24386468701006,-179.49994243901892,-142.7357904746329,2490.478790062035,1111.9901674574962,49.82097859118422,0.40486273439952447
2010-05-12,1406.9647094459262,1413.3599853515625,1397.3717500169498,1413.3599853515625,8433992,12.633273216165051,-180.15959016833563,-150.22055041337345,2455.164010109834,1074.3986119604783,49.003169990826436,1.937984116553126
2010-05-13,1406.964599609375,1419.7551504221365,1400.5692330619574,1406.964599609375,5346283,12.456564003850971,-179.13348066881986,-156.00313646446273,2406.158919898033,1046.660123070717,46.87336623149448,1.1627793657975636
2010-05-14,1422.9528336958451,1429.348109102226,1406.964599609375,1406.964599609375,3891390,12.456564003850971,-176.28814153764574,-160.06013747909935,2350.886195603543,1026.7881696308318,45.12409075016281,5.882303583729816
2010-05-17,1406.9648322610294,1406.9648322610294,1359.0001220703125,1359.0001220703125,5884951,11.105422794015311,-175.87613169112228,-163.22333632150395,2287.6659704452177,1010.0672693008761,45.32699213877382,0.0
2010-05-18,1343.0118800075295,1359.000116674286,1343.0118800075295,1346.20947265625,5219263,10.769937700654097,-174.56938225817453,-165.49254550883808,2213.025082652994,1003.4879666634121,43.231367133345906,1.5624748888322781
2010-05-19,1317.430495127573,1327.0234539870123,1298.244577408695,1301.4422607421875,10709612,9.668979329242703,-175.1273546527625,-167.41950733762297,2125.865329388675,1004.9508083066376,43.56947628436084,1.3513651827612345
2010-05-20,1295.0471751493567,1359.0001220703125,1295.0471751493567,1359.0001220703125,5995627,20.869334836883,-168.97724887701656,-167.7310556455017,2007.1338881715171,1040.543467785514,45.02543847268905,26.666667104985425
2010-05-21,1295.0470145089284,1343.01171875,1291.8493311031075,1343.01171875,8802677,20.122935316852008,-163.50855146713207,-166.88655480982777,1854.7866885558203,1108.1530453308985,46.60582079372591,21.052627270457194
2010-05-24,1327.0235912181713,1327.0235912181713,1291.8494354764512,1295.047119140625,7910968,18.038606895891036,-161.18685002974098,-165.74661385381043,1601.1612811960051,1270.6454937063388,46.93128239942755,1.4706528511821055
2010-05-25,1295.047119140625,1295.047119140625,1295.047119140625,1295.047119140625,0,18.038606895891036,-157.53096599725814,-164.1034842825,1591.81061327726,1255.054511234459,43.57904794232559,1.5873713101078755
2010-05-26,1295.0470245682304,1304.639892578125,1279.0587896970176,1304.639892578125,4792672,19.961549070120753,-152.1062092189909,-161.70402926979818,1576.966099586575,1245.5969131087375,42.293480437952866,13.333278167034399
2010-05-27,1304.639892578125,1307.837576008784,1295.0470245682304,1304.639892578125,7007584,19.961549070120753,-146.12263955830872,-158.58775132750029,1563.3365235861124,1237.1627195779502,40.186128366710065,14.5454170074863
2010-05-28,1358.999953497024,1358.999953497024,1285.454055432506,1343.01171875,6728560,27.817951866798722,-136.70844198641862,-154.21188945928395,1544.9102540742658,1237.3624021757344,42.568969059410634,36.36364023276018
2010-05-31,1343.01164808131,1349.406923415395,1333.4186895096652,1339.81396484375,6304304,27.575034599975055,-128.02980668487908,-148.97547290440298,1523.4635975081935,1240.262696437119,40.67034511986201,40.42547759693086
2010-06-01,1314.2328415207328,1349.4069944206014,1314.2328415207328,1343.01171875,3407593,28.249781881813902,-119.51618547679368,-143.08361541888112,1498.9724852118784,1246.846972795934,40.27775996129106,42.55320957343163
2010-06-02,1343.01171875,1346.2093110147805,1339.814035344179,1343.01171875,6507443,28.249781881813902,-111.48396161887172,-136.76368465887924,1480.2848480406217,1251.1452056703158,37.857582511956096,42.55320957343163
2010-06-03,1374.9881591796875,1374.9881591796875,1343.011690361555,1374.9881591796875,7740051,35.246153428780204,-101.36960908486799,-129.684869544077,1459.7206452681683,1260.5176481888632,37.43750296239726,74.999873000262
2010-06-04,1327.023484002976,1349.4069944206014,1327.023484002976,1343.01171875,3865472,31.896657196826837,-94.84087674538296,-122.7160709843382,1444.6315832657826,1264.7346887068736,38.18944383484829,66.6666834128789
2010-06-07,1288.6516294460669,1336.6163330078125,1288.6516294460669,1336.6163330078125,7971676,31.256871417024485,-89.15513857000246,-116.00388450147106,1431.4133047689752,1268.04025968415,39.344489939782925,59.999918295296375
2010-06-08,1327.0234182525817,1330.22101035893,1311.0351842977311,1320.6280517578125,6252936,29.655421953887625,-84.95990587054462,-109.79508877528579,1415.761010394234,1272.1810184143599,38.361394137661385,43.33319637663688
2010-06-09,1314.2330322265625,1336.6165458922164,1314.2330322265625,1314.2330322265625,6663183,29.015073758143473,-81.21498259715963,-104.07906753966057,1403.998514770715,1274.0308187253788,37.220116961089424,36.66681300964802
2010-06-10,1295.0470882553652,1327.0235595703125,1295.0470882553652,1327.0235595703125,2862387,32.16983304200643,-76.33507206669105,-98.53026844506668,1391.7085444477302,1278.3266850444575,36.84557084350784,50.00008874441729
2010-06-11,1343.011795227786,1343.011795227786,1327.0235595703125,1327.0235595703125,2071314,32.16983304200643,-71.64186498935305,-93.15258775392397,1376.5209386076672,1285.520186880614,35.35576118736254,50.00008874441729
2010-06-14,1330.22119140625,1333.4188750888493,1327.023598864699,1330.22119140625,3771842,33.03275574443656,-66.89333764567323,-87.90073773227383,1373.1349033057406,1286.0283291161343,33.28715792530356,53.33340767810961
2010-06-15,1330.22119140625,1330.22119140625,1330.22119140625,1330.22119140625,0,33.03275574443657,-62.41066422660015,-82.8027230311391,1371.6316670943552,1285.93273720252,30.90950378778188,50.000093930859535
2010-06-16,1336.6163330078125,1336.6163330078125,1327.0234652082947,1336.6163330078125,6528224,34.9521879384485,-57.67721177077351,-77.77762077906598,1371.511767066994,1289.5700444564434,29.3868869314773,57.1427818384981
2010-06-17,1323.8260498046875,1327.023733812466,1317.4307729301884,1323.8260498046875,5825177,32.91990752045068,-54.331683728756616,-73.08843336900411,1367.5709852288821,1289.993419067993,28.658220727630646,40.74106344921022
2010-06-18,1323.8260498046875,1327.023733812466,1311.0354960556892,1323.8260498046875,12769252,32.919907520450664,-51.09137903795954,-68.6890225027952,1366.075227471644,1289.5706099306997,27.75322194399822,40.74106344921022
2010-06-21,1327.0234182525817,1327.0234182525817,1317.430459651464,1320.6280517578125,5907833,32.374056920786174,-48.225551799188906,-64.59632836207395,1364.3310792417722,1293.8728514222905,26.456060276649616,37.03695574793711
2010-06-22,1317.4307729301884,1327.023733812466,1317.4307729301884,1323.8260498046875,6127550,33.56044448822533,-45.17555566479814,-60.71217382261879,1362.0699164253936,1299.0119073050753,25.251553177051612,40.74106344921022
2010-06-23,1323.825875982399,1327.0235595703125,1320.6281923944864,1327.0235595703125,2135057,34.79221852482962,-42.016064402535676,-56.972951938602165,1360.817846374567,1302.5023440551206,23.90468274839265,63.1580933475243
2010-06-24,1327.023733812466,1330.2213266791866,1320.628365796909,1323.8260498046875,5658463,34.111158361130464,-39.316935965798166,-53.44174874404137,1359.1809666628028,1306.057839489541,22.882416900813,64.70624188281906
2010-06-25,1323.8259404085168,1327.0236241520502,1317.4306640625,1317.4306640625,5777311,32.73108154468261,-37.264351170400005,-50.2062692293131,1358.2561339546894,1304.4245667289044,21.933169985722795,46.66676233424108
2010-06-28,1311.0352783203125,1320.6281464683589,1311.0352783203125,1311.0352783203125,4354873,31.36451720730966,-35.74170894067106,-47.31335717158469,1357.9624973346838,1301.8403346965663,21.051719854460195,33.33323827901277
2010-06-29,1330.22101035893,1330.22101035893,1320.6280517578125,1320.6280517578125,6654543,35.70098544944115,-33.37620721648841,-44.52592718056543,1356.4240361422753,1301.140429189756,20.918435010471434,53.33288811116069
2010-06-30,1301.4423642901454,1327.0235595703125,1301.4423642901454,1327.0235595703125,4584396,38.4912163613881,-30.632355302624546,-41.74721280497725,1354.8045078733026,1301.1611415407601,21.251489315449696,61.538478403859095
2010-07-01,1327.0234943106557,1327.0234943106557,1304.639892578125,1304.639892578125,1677645,33.08056412012125,-29.919118773445916,-39.381593998670986,1342.2661201043425,1306.6647026495639,21.3323591495024,9.090609915660576
2010-07-02,1311.0353551793985,1311.0353551793985,1291.8494354764512,1295.047119140625,8834432,31.065172753901834,-29.784592094334812,-37.46219361780375,1342.1278793343324,1302.0064834586362,21.179042046177038,7.142964646888268
2010-07-05,1295.0470432188451,1311.0352783203125,1295.0470432188451,1311.0352783203125,6401904,37.860257754434315,-28.06435943859651,-35.582626781962304,1340.1943439619663,1301.3819133622524,20.80827012155492,42.857209013469706
2010-07-06,1295.0470733642578,1311.0353088378906,1279.058837890625,1279.058837890625,4994176,31.22982229319426,-28.947604207681707,-34.25562226710619,1345.6355458359026,1291.7837901015973,21.60599875196283,0.0
2010-07-07,1279.0588564908385,1285.4541325450834,1253.4776611328125,1253.4776611328125,2810552,27.135587051886915,-31.350381540691387,-33.674574121823234,1355.392972867235,1275.95082596089,22.346746799127697,0.0
2010-07-08,1263.0706145089605,1269.4658905314295,1240.68701171875,1240.68701171875,3777912,25.346320815392644,-33.89596679427723,-33.718852656314034,1362.8905491874193,1259.8195948555494,22.806184800095686,0.0
2010-07-09,1250.2799713229765,1250.2799713229765,1231.0941432555692,1240.68701171875,6174716,25.346320815392644,-35.50409237136864,-34.07590059932496,1366.8472810031246,1247.229208254688,22.547587890617947,9.67733383706258
2010-07-12,1240.68701171875,1243.8846953005077,1234.291735696281,1240.68701171875,6338628,25.346320815392644,-36.35941477653864,-34.5326034347677,1368.1849309798768,1236.9381403091857,21.622257298732862,9.67733383706258
2010-07-13,1250.2799593534592,1291.8493898131137,1243.884683392215,1279.058837890625,8375618,40.136454608952135,-33.55418648452451,-34.336920044719065,1365.073394062268,1234.933441875232,23.73226592699221,48.387024606640885
2010-07-14,1279.0588564908385,1279.0588564908385,1253.4776611328125,1253.4776611328125,6392331,35.13845435072315,-33.0146378320369,-34.07246360218263,1361.686037453189,1230.006931296811,23.864332314923196,22.580677198144215
2010-07-15,1250.2798675659783,1266.268101865858,1247.082275390625,1247.082275390625,3925013,33.99860038336293,-32.72585256143566,-33.80314139403323,1359.89640583454,1224.1221854740538,23.530153326373895,16.12895938533475
2010-07-16,1259.8728263741136,1259.8728263741136,1247.082275390625,1247.082275390625,4130953,33.99860038336293,-32.12665210656087,-33.46784353653876,1357.1538507740077,1219.19036309318,22.763038873310663,16.12895938533475
2010-07-19,1231.0940410907451,1247.082275390625,1231.0940410907451,1247.082275390625,5351887,33.99860038336293,-31.29107736719652,-33.03249030267031,1354.030604450845,1214.959031779624,22.27912426092275,16.666647089743613
2010-07-20,1247.0823270034207,1247.0823270034207,1237.489367798263,1243.8846435546875,3892324,33.323553962820384,-30.534913061248744,-32.532974854386,1349.7038177847628,1211.2916778207061,21.372969614082393,13.333342403840195
2010-07-21,1224.6986277517424,1234.291586194032,1224.6986277517424,1231.093994140625,4516217,30.69794123057784,-30.614837127382998,-32.1493473089854,1344.626837654515,1206.7757014079853,21.216758627572588,7.407469079994342
2010-07-22,1231.094057569353,1231.094057569353,1221.5010986328125,1221.5010986328125,2684466,28.861249430576223,-31.093813890619913,-31.938240625312304,1339.6603134461936,1201.5097304991189,20.386487221070297,0.0
2010-07-23,1221.501110600945,1221.501110600945,1215.1058349609375,1215.1058349609375,6074781,27.67255633197462,-31.62489861181689,-31.875572222613222,1335.0903711854926,1195.8471898496637,19.38711496528009,0.0
2010-07-26,1215.1058349609375,1215.1058349609375,1215.1058349609375,1215.1058349609375,0,27.672556331974604,-31.68059292487078,-31.836576363064733,1330.293895476536,1191.050721222683,18.002321039188658,0.0
2010-07-27,1211.9082803143197,1211.9082803143197,1192.7223602150912,1195.9200439453125,11129432,24.204114375789842,-32.89368612381054,-32.047998315213896,1323.7866635295604,1185.0871523884084,18.315260589664206,3.225844397021185
2010-07-28,1195.9200110970305,1199.1176947394213,1170.3388153810467,1173.5364990234375,7446084,20.911085296211127,-35.25484037744491,-32.6893667276601,1316.2611139853843,1177.2639958778968,19.06266193028637,2.6316093536192517
2010-07-29,1138.3621564421894,1170.338623046875,1131.9668813494586,1170.338623046875,11025995,20.482336128068653,-36.95808421101606,-33.54311022433129,1311.912460927282,1168.1825219828745,20.670301626264408,23.999962263626323
2010-07-30,1160.7459273478792,1160.7459273478792,1138.3624138906214,1144.7576904296875,10244261,17.40761681495607,-39.91200395651208,-34.81688897076745,1311.2832143273154,1153.7828257117471,21.477866449835066,8.000130347677478
2010-08-02,1144.7576904296875,1147.955374269747,1138.3624138906214,1144.7576904296875,6230754,17.40761681495607,-41.77149089151317,-36.2078093549166,1303.182235744092,1145.2560455059079,20.62894458764153,8.695789874284294
2010-08-03,1151.152809064035,1186.326867989705,1151.152809064035,1163.943359375,11779242,26.94648880370353,-41.22184477496194,-37.21061643892567,1297.377387994424,1139.5493454040136,22.124675514239822,23.809521538664484
2010-08-04,1163.943457400893,1176.7340087890625,1157.5481817068082,1176.7340087890625,10094359,32.54022812312934,-39.3011090349471,-37.628714958129954,1293.8342607353545,1135.4181074287078,21.914757769097996,35.000036496329095
2010-08-05,1170.3386862668724,1183.129328284298,1160.7457275390625,1160.7457275390625,3388447,29.499550393310955,-38.623801657044396,-37.827732297912846,1292.328857163312,1128.9293825827817,21.948246553107822,24.999986775113843
2010-08-06,1160.7457925326898,1183.12939453125,1147.9552409401203,1183.12939453125,7422268,38.205458072846795,-35.86739877575474,-37.435665593481225,1289.046849907066,1126.4556281202779,22.892954198680812,44.44452513834356
2010-08-09,1176.7339213599078,1176.7339213599078,1144.7574541242357,1157.548095703125,9029632,33.164917344246746,-35.33975199435827,-37.016482873656635,1286.2891974939878,1120.8993889317933,23.998596070704636,25.000037275966804
2010-08-10,1147.955342087987,1147.955342087987,1103.1883164284693,1122.3741455078125,11906730,27.74471790050302,-37.3295204633248,-37.07909039159027,1278.0393447511915,1113.4807724363086,26.167252013844,14.999974909813213
2010-08-11,1144.7575992182658,1144.7575992182658,1112.7811279296875,1112.7811279296875,11378802,26.473928680956718,-39.22830319637342,-37.5089329525469,1274.2223417508835,1103.228122116304,26.582196247753593,8.108008578712
2010-08-12,1099.9903932928437,1099.9903932928437,1061.61865234375,1061.61865234375,14419812,20.959956416031176,-44.35024437930542,-38.877195237898604,1277.5948471429754,1081.3092544195244,28.3379304861953,0.0
2010-08-13,1061.6189960181116,1087.2001953125,1032.840112634027,1087.2001953125,12707610,28.930522616566734,-45.817052483761245,-40.26516668707113,1272.4118016337795,1070.504091920908,30.196655642786563,30.357200491115304
2010-08-16,1093.5954664248914,1141.5601806640625,1093.5954664248914,1141.5601806640625,8938336,42.256083990662944,-42.10772037249785,-40.633677424156474,1261.358769326725,1071.0049147553063,31.922607764841988,65.38468183950606
2010-08-17,1141.560052896527,1144.75764546995,1119.1765403183697,1128.7694091796875,5627175,40.33946992273884,-39.742034872426984,-40.45534891381058,1249.548071791237,1071.3040888532942,31.46964329246615,62.500048504746566
2010-08-18,1122.3741061691665,1122.3741061691665,1115.9788300335365,1119.176513671875,8843304,38.91390216492,-38.20092211518909,-40.004463554086286,1239.1969009744312,1070.4635116232253,30.13542442487221,56.25006590163355
2010-08-19,1106.38580059568,1122.3740354985746,1099.9905248627304,1115.978759765625,4425154,38.42641015840732,-36.81325092622569,-39.36622102851417,1229.4447249610105,1069.663453749927,29.581716297084498,54.16665883576668
2010-08-20,1115.9787996031523,1151.1529541015625,1103.188247680664,1151.1529541015625,4202402,46.383032859291404,-32.50060129068129,-37.99309708094759,1220.0813483978202,1072.6315422271798,30.894787020214068,77.08342077683945
2010-08-23,1151.1529934181892,1154.3505859375,1138.362349917803,1154.3505859375,7271198,47.05286462915212,-28.496285774032458,-36.09373481956457,1209.7634902447876,1076.8738754778688,29.83003337732,80.85105722081319
2010-08-24,1138.3623819777904,1147.955342087987,1115.9788691480314,1122.3741455078125,10316410,41.47309480841746,-27.585084696701415,-34.392004794991934,1201.8332041759713,1077.449571702935,30.440153621044896,59.574463157668376
2010-08-25,1106.385942024793,1115.9789024210045,1087.2001123734233,1090.397705078125,7954631,36.77647890593369,-29.107647935956038,-33.33513342318476,1199.2316683272147,1071.7372281571602,30.778287871998064,38.29786909452358
2010-08-26,1119.176513671875,1119.176513671875,1093.5953179883084,1119.176513671875,9265926,43.02957932494231,-27.673082860247177,-32.20272331059724,1194.8649719623388,1070.987713584536,30.635467923551776,60.00008047762483
2010-08-27,1087.2000418526786,1154.3505779883628,1087.2000418526786,1119.176513671875,8833965,43.029579324942304,-26.233773095970946,-31.008933267671985,1193.6137055138493,1069.6808623572447,33.243687081561234,71.05264154656233
2010-08-30,1157.5482630935785,1173.5364990234375,1154.350579451188,1173.5364990234375,11880578,53.175006478077286,-20.47073928570444,-28.90129447127848,1197.6179632006463,1068.5544855298224,34.75199410084704,100.0
2010-08-31,1208.7103940616043,1231.093994140625,1183.1292930702111,1231.093994140625,19432668,61.07847906110198,-11.130775985854598,-25.347190774193702,1213.506328115441,1059.3811840915903,36.38095845915708,100.0
2010-09-01,1247.0823669433594,1282.2564303007248,1227.8964479185822,1279.058837890625,15798587,66.19860538928882,0.1399608699921373,-20.249760445356536,1240.396149673664,1042.7238454435235,37.66517445365604,98.71796984254541
2010-09-02,1279.058837890625,1279.058837890625,1279.058837890625,1279.058837890625,0,66.19860538928882,8.968715262806427,-14.406065303723942,1263.7681317550391,1031.1831743973048,34.97480484982347,98.36068306424556
2010-09-03,1279.058837890625,1279.058837890625,1279.058837890625,1279.058837890625,0,66.19860538928882,15.783622946489459,-8.368127653681263,1281.9044313037373,1022.6398191845441,32.47660450340751,98.36068306424556
2010-09-06,1282.2564697265625,1339.8141374295883,1275.8611935686813,1282.2564697265625,11751457,66.5648353037461,21.198149478207824,-2.4548722273034453,1300.6061199570856,1016.4089679335395,34.724914457514615,77.21517971054705
2010-09-07,1256.675135635993,1279.058736436461,1231.0940338200935,1234.2916259765625,9019825,56.6497500531821,21.372470199887857,2.310596258134815,1308.9978286572723,1019.2090072802275,35.89902313243993,58.22778170313979
2010-09-08,1202.3152144263652,1243.8846435546875,1202.3152144263652,1243.8846435546875,6126383,57.997302458095234,22.030740313420438,6.25462506919194,1317.6244068834283,1023.6927806165716,36.30405213214581,62.02528063375839
2010-09-09,1279.0587439903843,1279.0587439903843,1234.2916332660984,1247.082275390625,6461211,58.46082390988559,22.550498180582963,9.513799691470144,1321.2235939468508,1038.6399558578366,36.90855631729868,63.29109750301697
2010-09-10,1247.0821704331397,1247.0821704331397,1202.3150634765625,1202.3150634765625,5435945,50.12146470531895,19.12955654854204,11.436951062884523,1320.2944237585373,1051.0806128625566,37.469888859924666,45.56951636486829
2010-09-13,1167.141192450098,1224.6987673841163,1167.141192450098,1205.512939453125,3441683,50.66287664049789,16.486432196229316,12.446847289553482,1322.1096741853278,1055.660638314672,38.90472357950278,46.83542987981262
2010-09-14,1202.3152558941042,1227.896450943137,1202.3152558941042,1205.512939453125,7010153,50.66287664049789,14.227728704289348,12.803023572500656,1323.0456307633724,1062.3990347639713,37.9530429701835,46.83542987981262
2010-09-15,1202.3151225823294,1211.9080810546875,1199.1175305189,1211.9080810546875,5178869,51.87444466500644,12.806103603842303,12.803639578768987,1323.1857911657023,1071.5320310999225,36.15572208201237,49.367015295486894
2010-09-16,1195.9201954141245,1221.5013950727227,1195.9201954141245,1218.3037109375,3877380,53.11447025496086,12.056548959057409,12.654221454826672,1322.5596496309981,1082.3906677518144,35.40039905176851,34.48285592243421
2010-09-17,1211.9082124449494,1279.058837890625,1202.3152529325607,1279.058837890625,13158718,62.89516476005776,16.178457311010106,13.35906862606336,1331.051896092764,1086.6890096689547,38.35348375936106,64.81481245010346
2010-09-20,1295.0470019511788,1295.0470019511788,1266.2681250009732,1275.861083984375,6228886,62.160160622876106,18.96841132288455,14.4809371654276,1337.795083143979,1092.0968724224272,37.66958327299282,62.962898760538586
2010-09-21,1247.0825947313213,1263.0708331253124,1218.3037109375,1218.3037109375,8975461,50.67996172894295,16.346637142432883,14.854077160828657,1334.604518806096,1104.8803933032789,39.09013968541298,29.629724849760876
2010-09-22,1224.6986672250814,1243.8845847280434,1224.6986672250814,1234.2916259765625,5598689,53.262114285820424,15.381643333030752,14.959590395269077,1324.3937385469155,1129.4805656523033,38.12519212149372,38.88879843593357
2010-09-23,1234.2916259765625,1234.2916259765625,1234.2916259765625,1234.2916259765625,0,53.262114285820424,14.450304669447405,14.857733250104744,1315.9093576156251,1149.4764578140625,35.4019641128156,38.88879843593357
2010-09-24,1247.0822680255494,1247.0822680255494,1231.0940338200935,1234.2916259765625,6947577,53.262114285820424,13.55594754362619,14.597376108809033,1302.2702122671271,1174.627114393029,34.015269119432766,52.49990894737041
2010-09-27,1240.6870366772416,1240.6870366772416,1227.896484375,1227.896484375,3454058,51.904501558422716,12.190602915081854,14.116021470063599,1297.5444522180685,1184.7888729772442,32.49921791820483,47.50002534043505
2010-09-28,1234.2916259765625,1243.8845847280434,1231.0940338200935,1234.2916259765625,9058118,53.18945064474972,11.492117958767722,13.591240767804425,1297.6021035437302,1185.0509848351762,31.319852377836153,52.49990894737041
2010-09-29,1240.686901430537,1240.686901430537,1231.0940338200935,1234.2916259765625,7674907,53.18945064474972,10.813907603150938,13.03577413487373,1292.53469828728,1185.64166890022,29.76792489445097,52.49990894737041
2010-09-30,1234.291586194032,1234.291586194032,1227.8963109461836,1231.093994140625,6344932,52.37797064813253,9.904229057243583,12.4094651193477,1286.784041761694,1186.595841050806,28.09845276130297,49.99991942507238
2010-10-01,1215.105799614638,1240.686901430537,1215.105799614638,1234.2916259765625,1774778,53.14775207795473,9.333730980470818,11.794318291572326,1280.403874365287,1188.4992872558066,27.918641979488402,38.70943885203697
2010-10-04,1240.68701171875,1240.68701171875,1215.1059076288734,1240.68701171875,9559660,54.72409127899534,9.29056546977813,11.293567727213487,1272.6284385054687,1192.1177773148438,27.751674987373274,45.16116060683481
2010-10-05,1240.6870747829669,1263.0706787109375,1199.1177329534216,1263.0706787109375,12224046,59.81954923884525,10.936462616392646,11.222146705049319,1276.3489392684799,1191.2751818252702,30.337480042383458,67.74200203020935
2010-10-06,1263.070583917594,1279.058819157057,1263.070583917594,1272.6634521484375,12232685,61.803527628723565,12.866586608140096,11.551034685667474,1281.0449248524455,1189.4570771006793,29.312533985032008,76.66661068451941
2010-10-07,1250.2800223907095,1275.8612186664968,1250.2800223907095,1269.4659423828125,6709881,60.727167667619796,13.977092243070274,12.036246197148035,1284.4201105269692,1188.3202581253747,29.0460098629431,73.33341550954133
2010-10-08,1269.46587201167,1272.6634644057333,1266.2681884765625,1266.2681884765625,5624140,59.609083352151224,14.432771933265485,12.515551344371525,1286.5760536855892,1192.5596274667546,27.42810029624508,83.99992883770334
2010-10-11,1250.2798904089834,1275.861083984375,1250.2798904089834,1275.861083984375,4911286,61.87670856671965,15.390555127822381,13.090552101061698,1289.8915398413142,1196.2789557641545,27.296178387612688,95.99988525983193
2010-10-12,1250.2798675659783,1256.6751430577226,1240.6869087578427,1247.082275390625,6824993,52.376524399302895,13.669818710063964,13.206405422862153,1288.5089262424192,1201.8185029567996,27.858892447535517,59.99986329310359
2010-10-13,1247.082275390625,1247.082275390625,1237.4893165824894,1247.082275390625,8092625,52.376524399302895,12.165881987204102,12.998300735730544,1287.3418504285994,1206.502998204213,26.554182901864092,59.99986329310359
2010-10-14,1269.4658377214275,1272.663430029119,1243.8846435546875,1243.8846435546875,10431055,51.360373951852324,10.593859713296524,12.517412531243739,1286.3637165095722,1210.0392253849589,26.71308315704747,55.99987781906073
2010-10-15,1221.5010822826098,1247.082275390625,1221.5010822826098,1247.082275390625,13049910,52.35581584615994,9.496572326483147,11.913244490291621,1281.8928566491536,1211.3124289953776,26.63223386783088,59.99986329310359
2010-10-18,1237.4893165824894,1256.6751430577226,1237.4893165824894,1247.082275390625,8265410,52.35581584615994,8.52865118494583,11.236325829222462,1277.6676579047787,1212.6597468803777,26.100347625502472,59.99986329310359
2010-10-19,1256.6751950675366,1256.6751950675366,1234.2916843495298,1243.8846435546875,7542049,51.14194550828112,7.418034062242896,10.47266747582655,1276.410684461788,1216.474813585087,25.83485927496707,55.99987781906073
2010-10-20,1231.094057569353,1231.094057569353,1218.3034152736193,1221.5010986328125,7754995,43.53320010143419,4.677774510092149,9.313688882679669,1277.3664348768675,1214.2400104356325,25.816742775402865,27.99982680041811
2010-10-21,1234.291586194032,1240.6868614418802,1218.303352503894,1231.093994140625,4728228,47.16141119718555,3.2427847646133614,8.099508059066407,1277.4832565626843,1213.803425566222,25.571511787015957,39.99978322254669
2010-10-22,1247.082275390625,1247.082275390625,1218.3033989662183,1247.082275390625,4821859,52.6250827548474,3.3569686846558398,7.151000184184293,1277.6734021129753,1214.8923449573374,25.800609261115298,59.99986329310359
2010-10-25,1259.8728542856709,1259.8728542856709,1237.4893439981563,1256.6751708984375,3584113,55.59213943543715,4.1734181931794865,6.555483785983332,1278.1884073437748,1217.2552083788817,25.55653076300096,63.15780374727109
2010-10-26,1247.0823728219066,1272.6634767874684,1247.0823728219066,1259.8729248046875,3778846,56.568614307703555,5.020617769949467,6.24851058277656,1279.2405285865584,1218.7612170189104,25.55828599175531,72.2222262085917
2010-10-27,1243.8846315319513,1263.0705497568256,1243.8846315319513,1250.2799072265625,5107187,52.816583370080686,4.861908141301001,5.971190094481448,1279.2373470879406,1220.363226642528,25.103116865549524,55.555620244540684
2010-10-28,1247.0823149497771,1253.4775906443883,1243.8846315319513,1250.2799072265625,3325170,52.816583370080686,4.682156630065947,5.713383401598349,1278.8495400030858,1222.6696250359767,23.995248454612916,55.555620244540684
2010-10-29,1253.4776611328125,1253.4776611328125,1247.0823850785675,1253.4776611328125,4274085,53.99620756093999,4.743059243356811,5.519318569950041,1278.7306021660816,1224.7071663886059,22.738107568872348,64.7060857429769
2010-11-01,1253.4776611328125,1256.675253589412,1234.2917418290317,1253.4776611328125,2775528,53.99620756093998,4.7367230088314045,5.3627994577263145,1278.871441705743,1225.8453917903507,22.7127792968372,64.7060857429769
2010-11-02,1237.4894254266771,1253.4776611328125,1237.4894254266771,1253.4776611328125,2113809,53.99620756093998,4.677778973133854,5.2257953608078225,1277.9186793270521,1225.838852411229,22.232454754644213,64.7060857429769
2010-11-03,1250.2799652470792,1263.0706083709051,1243.8846892556887,1259.8729248046875,4116010,56.70021270947204,5.088453209894851,5.198326930625228,1275.710875952192,1226.767603051714,22.014845066113654,76.47070872013116
2010-11-04,1266.2682132413026,1266.2682132413026,1247.0823850785675,1253.4776611328125,1459563,53.32479330317523,4.8420549747302175,5.127072539446226,1273.4025241702166,1227.4771267086899,21.81277243015804,64.7060857429769
2010-11-05,1256.675216908974,1279.058819157057,1250.2799410413977,1272.6634521484375,8856614,60.853813377653665,6.1243182621044525,5.326521683977872,1274.8030309702615,1226.7161462758324,22.31035140769385,89.47359412918502
2010-11-08,1272.6635476617248,1272.6635476617248,1263.0706787109375,1263.0706787109375,4031252,55.99067044255243,6.293912207202766,5.519999788622852,1271.9288641028968,1228.311272615853,21.401959803629097,73.68444137316618
2010-11-09,1247.0823270034207,1247.0823270034207,1234.2916843495298,1243.8846435546875,3518502,47.76833691692892,4.82454953397837,5.3809097376939565,1271.909185353408,1228.0111881817481,21.928890843470427,42.10533217830469
2010-11-10,1243.8846435546875,1247.0823270034207,1227.8964085931052,1243.8846435546875,4693204,47.76833691692892,3.618358840893734,5.028399558333912,1271.8837434513844,1227.716866900178,21.732964241102216,42.10528790372278
2010-11-11,1243.884620911491,1243.884620911491,1215.1058349609375,1215.1058349609375,4599340,38.04823393649077,0.33635736913629444,4.089991120494389,1275.287274352831,1221.4354551393567,22.236238837719917,0.0
2010-11-12,1215.1057642591518,1215.1057642591518,1170.3386551018257,1211.9080810546875,5629510,37.14380581843227,-2.493935917430008,2.77320571290951,1278.0890481260685,1215.116261932525,23.845591767819336,38.235249471978314
2010-11-15,1186.3268194495831,1211.9080101658578,1186.3268194495831,1208.7103271484375,4674525,36.21669208005877,-4.938072725153688,1.2309500252968704,1280.4349344400175,1208.9331807943577,23.969568184768267,35.29397916206092
2010-11-16,1221.501240363934,1221.501240363934,1189.5247676259196,1195.9200439453125,3502391,32.700878476864006,-7.817027884444087,-0.5786455566513212,1284.1712716486613,1200.4003836247762,24.54148993857156,23.529571598596107
2010-11-17,1192.7222154540354,1199.1175821382706,1167.14111328125,1167.14111328125,4926930,26.473472861939243,-12.279291747295474,-2.918774794780152,1292.6820592519555,1186.4535974863259,25.072559861317917,0.0
2010-11-18,1131.966927100054,1199.1175461403268,1131.966927100054,1186.326904296875,5609196,35.317037899785916,-14.104942023242529,-5.1560082404726275,1295.481566193348,1179.1773815605584,28.07813551695756,36.95647423975941
2010-11-19,1215.1057800888643,1215.1057800888643,1173.5363535944591,1186.326904296875,5536580,35.317037899785916,-15.37455472350598,-7.199717537079299,1296.504408296984,1172.0790023475474,29.04179915820382,36.95647423975941
2010-11-22,1211.9082803143197,1211.9082803143197,1176.734123846084,1195.9200439453125,6021544,39.53441107665153,-15.428792226418182,-8.845532474947076,1294.7839709655766,1167.723926983642,29.47982468034895,43.47834265431473
2010-11-23,1205.512903116066,1224.69873046875,1224.69873046875,1224.69873046875,7956966,50.0549796507638,-12.999723627384128,-9.676370705434486,1291.621369809099,1167.369108706526,29.429743383426704,63.04344996307433
2010-11-24,1224.6986277517424,1231.093994140625,1199.1175267603492,1231.093994140625,4601441,52.05151932327593,-10.438298721240471,-9.828756308595684,1289.8985673956572,1167.1733198113739,29.6116522403445,67.39125158724312
2010-11-25,1240.686901430537,1240.686901430537,1231.0940338200935,1234.2916259765625,4487263,53.061856527890626,-8.057447623004691,-9.474494571477486,1288.3180305602614,1167.15502852177,28.181741886742184,72.72719022533812
2010-11-26,1243.8847203233258,1243.8847203233258,1224.698800728916,1227.896484375,2913522,50.758269156653775,-6.610439424534206,-8.901683542088831,1285.8185631565334,1167.0963782497165,27.53918315157559,83.33338315766076
2010-11-29,1205.512936483705,1279.058837890625,1205.512936483705,1279.058837890625,8215909,64.16256936278182,-1.3200835535515125,-7.385363544381368,1290.5509679933953,1164.922091088636,30.825377312671616,100.0
2010-11-30,1279.0587673591888,1291.8493185763648,1272.6634006095612,1275.861083984375,10667583,63.00808951966123,2.5847343648517835,-5.391343962534739,1294.3420125915998,1163.3693887755878,29.993987359395327,90.00000284937025
2010-12-01,1296.059419647279,1296.059419647279,1289.326566680846,1292.6929931640625,6217445,66.43186190976712,6.957325382324143,-2.921610093562963,1300.7285679892943,1160.2648402138307,29.294297952503083,97.9484579513913
2010-12-02,1262.3955688021592,1299.42578125,1262.3955688021592,1299.42578125,8308373,67.71890370058841,10.84094730449442,-0.16909861395148607,1308.9476622625887,1156.640557952255,29.84686327359863,100.0
2010-12-03,1299.425778849084,1312.8913891284496,1292.693021684698,1296.0594482421875,6824760,66.3491342696343,13.49158808842617,2.563038726524045,1313.3464568413842,1154.5813629828344,29.15768500003814,90.69670253676342
2010-12-06,1299.4256870585543,1299.4256870585543,1279.2274169921875,1279.2274169921875,6857682,59.83229040532598,14.071824522123052,4.864795885643847,1315.7149701624724,1153.8285234898715,28.517726790490187,81.39335512796569
2010-12-07,1262.3954781936654,1269.1282348872478,1235.46435546875,1235.46435546875,8859882,46.92669898727787,10.874992609079754,6.066835230331028,1315.1818955456267,1153.519569298123,29.606679271414997,57.2047733116666
2010-12-08,1235.4643887699622,1262.39551222079,1198.43408203125,1198.43408203125,4437296,39.21828860564972,5.2924387550251595,5.911955935269855,1314.324033628361,1149.8323750630454,32.06059005128106,17.86640026417847
2010-12-09,1228.7315987751676,1245.5635384844163,1195.06771935667,1235.46435546875,5157621,48.35442586165098,3.8123122346969467,5.492027195155274,1314.9605488257869,1151.2317119164006,33.37739212817143,43.13411517253235
2010-12-10,1245.5638957981184,1282.5941162109375,1235.4647098853084,1282.5941162109375,7702926,57.17690673709299,6.368862829432601,5.66739432201074,1320.7165542487219,1152.5443100090906,34.35970417202972,74.28591981883018
2010-12-13,1329.723269156547,1336.4560260127917,1319.624085896886,1333.089599609375,15706824,64.22781502842093,12.327408406044697,6.999397138817532,1336.1357000894068,1149.5630914144995,35.75271885987433,97.61902063683078
2010-12-14,1312.8915675682358,1329.7235107421875,1282.594012284759,1329.7235107421875,8748506,63.47749841723536,16.586781373745453,8.916873985803116,1347.7184269814638,1151.36071120213,36.80578089307017,95.2382800036083
2010-12-15,1329.7234522282065,1329.7234522282065,1302.7923251448565,1319.624267578125,7062689,61.16863553859716,18.929236165850625,10.91934642181262,1352.0270328657532,1162.300420747528,36.100452657660234,88.09536740856221
2010-12-16,1279.2274764623396,1312.891357421875,1279.2274764623396,1312.891357421875,8890470,59.61191699175043,20.011676732205615,12.737812483891219,1355.2952378160746,1171.6886611097068,36.40733397609775,83.33336812058326
2010-12-17,1312.89135989774,1316.2576904296875,1299.425749918178,1316.2576904296875,10500636,60.15787933944894,20.90022879214166,14.37029574554131,1357.0673236978182,1182.909653841244,35.009091585770015,85.7142814276504
2010-12-20,1299.4257474677063,1316.257687947474,1299.4257474677063,1312.891357421875,5081269,59.294682417327415,21.089669182725856,15.71417043297822,1357.514654027041,1194.159454859678,33.71072382692796,83.33336812058326
2010-12-21,1279.2276249284012,1319.624267578125,1279.2276249284012,1319.624267578125,9406723,60.51501925852753,21.534851276898962,16.878306601762368,1360.7673207437952,1200.3993418538612,34.18828945712767,88.09536740856221
2010-12-22,1329.7233004092495,1329.7233004092495,1309.5249334152018,1316.2576904296875,9287875,59.55361260824749,21.369670395513594,17.776579360512613,1362.9787980355948,1206.7042341909676,33.18900928119339,85.7142814276504
2010-12-23,1316.2576904296875,1316.2576904296875,1316.2576904296875,1316.2576904296875,0,59.55361260824749,20.996726167698625,18.42060872194982,1364.4682430608145,1213.4113956110605,30.81836576110815,85.7142814276504
2010-12-24,1289.3267762039068,1309.525146484375,1279.2276870142794,1309.525146484375,7098180,57.43721476398013,19.928185433258022,18.72212406421146,1363.3002202932141,1222.7422845895983,31.262054164986722,80.95254115043845
2010-12-27,1309.525146484375,1309.525146484375,1282.594018093953,1309.525146484375,3809901,57.43721476398013,18.86390781586738,18.750480814542644,1364.8699813827423,1224.2191543594452,30.95270232394638,80.95254115043845
2010-12-28,1289.326628020262,1306.1585693359375,1289.326628020262,1306.1585693359375,4556611,56.27736511401851,17.546539906459202,18.509692632925955,1365.9944774973974,1226.1244067799462,30.184546333958284,78.57145516952664
2010-12-29,1309.524993652312,1309.524993652312,1296.059479003938,1302.792236328125,4526724,55.07965228528807,16.04591409753698,18.01693692584816,1366.5429218482207,1226.5858867455293,28.990329784987992,66.66664919766745
2010-12-30,1289.3266257291557,1302.792236328125,1289.3266257291557,1302.792236328125,7414095,55.07965228528807,14.68735069627246,17.35101967993302,1366.756404439596,1226.7090496619664,27.881421271700944,41.17658065929308
2010-12-31,1289.3266257291557,1302.792236328125,1282.5938684049684,1302.792236328125,5395083,55.07965228528807,13.455571955153346,16.571930134977087,1367.1441324712614,1226.9946004388948,27.332631746804925,46.666555506497836
2011-01-03,1302.792236328125,1302.792236328125,1302.792236328125,1302.792236328125,0,55.07965228528807,12.337163289545742,15.724976765890819,1367.8500831741055,1228.6451316696446,25.38030090774743,46.666609583003954
2011-01-04,1302.792205406574,1306.1585360134704,1292.693021684698,1296.0594482421875,3147715,52.096963379618856,10.783234222290275,14.736628257170711,1364.3410058497495,1238.2137182713443,24.529244723534937,33.33339366349307
2011-01-05,1296.0596406238064,1296.0596406238064,1265.7620849609375,1265.7620849609375,3941357,41.26725182426063,7.025998888217828,13.194502383380135,1349.0078104994018,1260.2797139146605,24.94126693348737,0.0
2011-01-06,1262.3954474178977,1265.761777707328,1242.1970818789775,1252.2962646484375,3848661,37.53279024831874,2.9280311355889808,11.141208133821905,1344.6586735969609,1266.3120417350706,24.842962372663987,11.538465775220295
2011-01-07,1275.8611756335845,1275.8611756335845,1245.5637181665304,1269.12841796875,2623291,44.31612770356656,1.026740641154447,9.118314635288414,1346.050425143808,1263.5737203640044,25.23256916512042,30.76945004822519
2011-01-10,1269.12841796875,1269.12841796875,1269.12841796875,1269.12841796875,0,44.31612770356656,-0.47457516663507704,7.199736674903716,1343.5337644950882,1259.6942628486618,23.430242796183247,30.76945004822519
2011-01-11,1245.5637228411863,1259.0292382213916,1238.8308692004834,1248.9300537109375,3585981,38.49809167990222,-3.256677006220116,5.10845393867895,1343.4714519432487,1251.6772296973763,23.920764651332057,13.043522063959943
2011-01-12,1255.662780675712,1255.662780675712,1238.830838887023,1242.197265625,2735834,36.765415107790055,-5.936361804702074,2.899490790002745,1344.5624710279421,1242.8435104173705,23.414420161143262,4.761948808029777
2011-01-13,1248.9300537109375,1248.9300537109375,1242.197296020835,1248.9300537109375,6177284,39.68863921549119,-7.431090596604008,0.8333745126813943,1344.2462789250374,1236.7635721491813,22.22287501291428,14.2857539272268
2011-01-14,1248.9300537109375,1248.9300537109375,1238.8308692004834,1248.9300537109375,6781096,39.68863921549119,-8.517489614799388,-1.0367983128147622,1342.4981272641835,1231.77896013816,21.356897119881406,14.285784811268767
2011-01-17,1262.3956956005602,1279.2276382085677,1252.296510845635,1255.662841796875,6009169,42.757622143344655,-8.734503019751855,-2.576339254202181,1339.9472059557133,1228.6070298841305,21.995517646863462,23.809610519760447
2011-01-18,1262.3956014554738,1269.1283588064505,1255.6627481539012,1259.0291748046875,6539431,44.28420537453572,-8.536449886031505,-3.768361380568046,1335.392301739867,1227.102424822633,21.38623857584102,30.000039775206073
2011-01-19,1262.3955664696632,1306.1585360134704,1262.3955664696632,1296.0594482421875,10690699,57.66043557239907,-5.330016645099477,-4.080692433474332,1332.3481221019988,1228.126780241751,23.225033049622585,85.00009921278617
2011-01-20,1269.1283236340494,1309.52496257096,1269.1283236340494,1296.0594482421875,8444732,57.66043557239907,-2.757112919068959,-3.8159765305932574,1329.1352625940253,1229.3198155309747,24.45157632728602,80.9524276883679
2011-01-21,1296.059419647279,1296.059419647279,1285.9602361482207,1292.6929931640625,7061288,56.23692005959388,-0.9784341893046076,-3.2484680623355273,1326.6841638864767,1230.0876989064923,23.426407453477506,76.1904264035427
2011-01-24,1296.0593566894531,1296.0593566894531,1269.1282339837107,1279.2274169921875,2592470,50.83122365962549,-0.6479092473391574,-2.728356299336254,1322.9043881096834,1230.8377017340665,23.67674425721071,57.142766612076024
2011-01-25,1259.0290814114312,1265.7618382629803,1259.0290814114312,1262.3955078125,5092477,45.00741242487665,-1.7242837801068163,-2.5275417954903663,1318.9823466708538,1230.3834370205525,23.428286494606827,33.333278209701206
2011-01-26,1259.029233496199,1269.12841796875,1259.029233496199,1269.12841796875,4401805,47.5939130169756,-2.0108489567894594,-2.424203227750185,1315.3159348763418,1230.6834669791272,22.476207778745703,42.85728077935161
2011-01-27,1275.8611110807813,1302.792236328125,1272.49468444339,1302.792236328125,9999327,58.18393434824077,0.4729826281163696,-1.844766056576874,1315.3159348763418,1230.6834669791272,23.275322820219223,90.47625758410123
2011-01-28,1296.059479003938,1302.792236328125,1289.3266257291557,1302.792236328125,8658612,58.183934348240776,2.413614409702177,-0.9930899633210639,1315.3159348763418,1230.6834669791272,22.574629090129942,90.47625758410123
2011-01-31,1302.792236328125,1302.792236328125,1302.792236328125,1302.792236328125,0,58.18393434824077,3.9065468378996684,-0.013162603076917412,1315.3159348763418,1230.6834669791272,20.96215558369209,90.47625758410123
2011-02-01,1302.792236328125,1302.792236328125,1302.792236328125,1302.792236328125,0,58.18393434824077,5.03170418947434,0.995810755433334,1316.5231537718928,1230.14952689217,19.464858756285516,90.47625350034296
2011-02-02,1302.792236328125,1302.792236328125,1302.792236328125,1302.792236328125,0,58.18393434824077,5.85589636874829,1.9678278780963252,1320.1461863241427,1230.2295094766384,18.074511702265124,90.47625350034296
2011-02-03,1302.792236328125,1302.792236328125,1302.792236328125,1302.792236328125,0,58.18393434824077,6.434897120387177,2.861241726554496,1322.9289300895716,1232.4963628791784,16.78347515210333,88.23535140326774
2011-02-04,1302.792236328125,1302.792236328125,1302.792236328125,1302.792236328125,0,58.183934348240776,6.815198026994494,3.652032986642496,1325.758407726979,1233.0332670777084,15.584655498381663,87.5000938678401
2011-02-07,1302.792236328125,1302.792236328125,1302.792236328125,1302.792236328125,0,58.183934348240776,7.035488503373472,4.328724089988691,1328.3083158469476,1233.8497407936775,14.47146581992583,86.66678135279051
2011-02-08,1306.1586560611493,1333.089783144499,1282.5939558446937,1319.624267578125,10080349,64.64641407224634,8.470630389386997,5.157105349868353,1332.2917642036844,1236.9357138236594,17.04463449706008,81.81827169973769
2011-02-09,1333.0896284272417,1339.8223854290304,1306.1585044694953,1312.891357421875,9141708,60.61125835400223,8.961399656398953,5.917964211174473,1332.9832413343934,1243.313645872638,18.231723530094015,66.66675743166905
2011-02-10,1322.9906627042826,1322.9906627042826,1306.1587194540948,1309.525146484375,5374069,58.64048534224253,8.975251632332402,6.529421695406059,1332.9382867751415,1249.4181097092337,18.13173922438643,62.50030950825359
2011-02-11,1312.891420289703,1312.891420289703,1289.3266257291557,1302.792236328125,1653829,54.802280797797124,8.346724004063162,6.89288215713748,1330.8306652831243,1256.9119494629695,18.519814605540784,54.16680930286112
2011-02-14,1302.792113378242,1302.792113378242,1279.2274169921875,1279.2274169921875,5722674,43.95772544323303,5.879353818317895,6.690176489373564,1328.1848706674753,1261.91420159815,18.880172086283405,24.999870673173668
2011-02-15,1259.0292686987175,1275.861211306725,1242.19732609071,1255.662841796875,8281287,36.23571865344222,1.9994326735259165,5.752027726204036,1328.8116220132588,1260.9508169515848,20.176594858797266,13.793093492010211
2011-02-16,1262.395634151666,1262.395634151666,1242.197265625,1242.197265625,3499823,32.70062422264026,-2.1373541593070513,4.174151349101818,1333.4770716921412,1250.8991490109838,20.178150120787887,0.0
2011-02-17,1211.8997485017123,1228.731689453125,1211.8997485017123,1228.731689453125,9965237,29.591644272343146,-6.428246168436544,2.0536718455941454,1338.838089842174,1238.805354982045,20.90096204953787,13.157906493888241
2011-02-18,1232.0982087449604,1242.1973940524206,1218.6326923020852,1221.9990234375,5931183,28.150539948462864,-10.25387855098461,-0.40783823372160555,1343.475791687994,1227.0982561635687,21.09122917102341,7.894830171086745
2011-02-21,1208.533327151352,1208.533327151352,1161.4039306640625,1161.4039306640625,6196897,19.123734304134373,-17.968112136890568,-3.9198930143553983,1359.7887840441067,1199.0029151746435,23.91293371405299,0.0
2011-02-22,1104.1753514408506,1127.7401477056292,1104.1753514408506,1114.2745361328125,14142890,15.07481998734778,-27.566872349003233,-8.649288881284965,1381.128446782279,1162.851155268502,26.292622678992913,4.285725358405525
2011-02-23,1114.2745056739411,1141.2056321328057,1107.541748046875,1107.541748046875,4362345,14.59928206841225,-35.31020464342282,-13.981472033712537,1395.5462257566526,1132.2747093019414,26.81914135091704,1.428575844580021
2011-02-24,1104.1752925022176,1104.1752925022176,1057.0458943895364,1077.2442626953125,8089123,12.663397028926795,-43.391415903352936,-19.86346080764062,1406.9374547532832,1098.3286829420292,28.510335087090006,7.142873946672975
2011-02-25,1077.2443201964218,1114.2745361328125,1077.2443201964218,1114.2745361328125,1411230,25.641563275655983,-46.27437822989805,-25.145644292092108,1407.3297003337655,1079.0846673420158,29.118902112119294,20.238118640238454
2011-02-28,1114.2744175810487,1114.2744175810487,1070.5113525390625,1070.5113525390625,6920492,21.56334994105748,-51.496846228488494,-30.415884679371388,1410.1974970058432,1052.9887822910318,30.16492221795006,4.761873273137619
2011-03-01,1043.5803530702603,1070.5113821954687,1043.5803530702603,1050.3131103515625,7365996,19.98359941819382,-56.61292057592004,-35.65529185868112,1411.530072103858,1026.408294595361,29.9339298541828,2.409630943869204
2011-03-02,1043.5803283833789,1060.412269163756,999.81726316428,1003.18359375,16206732,16.876719895657274,-63.7356990035089,-41.271373287646675,1414.8403602793812,993.1371421620249,32.12400672170374,1.0752502271758513
2011-03-03,969.5197690261527,1013.2828368108078,969.5197690261527,999.8173217773438,3679145,16.67727783149671,-68.85842517674928,-46.78878366546719,1412.9224898091097,964.7575211772183,32.95536822620027,9.090929164882287
2011-03-04,1009.9165060277408,1013.2828368108078,996.4508950436788,999.8173217773438,8335458,16.67727783149671,-72.08724568083494,-51.84847606854074,1406.1455939549867,941.2369255762635,31.80369490769518,9.890125386118036
2011-03-07,1040.2139628283337,1040.2139628283337,986.3517107932817,999.8173217773438,12858680,16.67727783149671,-73.79544128169027,-56.237869111170646,1395.0262854924372,922.0587425837348,33.37930613107782,10.344844474708376
2011-03-08,999.8173217773438,1009.9165060277408,996.4508950436788,999.8173217773438,12959548,16.67727783149671,-74.29279747858027,-59.84885478465257,1376.4096395236018,908.6946939724919,31.956899334862403,11.111125362145998
2011-03-09,1009.9165610103976,1046.94677734375,996.4509492932302,1046.94677734375,8305104,31.844658057799222,-70.07620775883993,-61.89432537949005,1352.3257941254071,906.1840813628739,33.28110852883793,28.395072133307046
2011-03-10,1097.4425048828125,1097.4425048828125,1097.4425048828125,1097.4425048828125,6160006,43.67495320403285,-61.94587335696633,-61.90463497498531,1325.190524527333,912.1110868007921,34.510724172425405,53.521121086215395
2011-03-11,1151.3048095703125,1151.3048095703125,1141.2056252156276,1151.3048095703125,6872392,53.03871994797818,-50.57330929658701,-59.63836983930565,1299.4989209350415,922.6539477173023,35.89297992350216,100.0
2011-03-14,1131.1065109392523,1151.3048809000231,1094.0762939453125,1094.0762939453125,9441279,44.56203120654788,-45.65208446384986,-56.8411127642145,1272.846492944707,930.7912634029492,37.416951854302766,68.51855118123311
2011-03-15,1070.5114058831236,1147.9383562078433,1067.145075143282,1124.3736572265625,2945511,49.191650954366956,-38.85928862700348,-53.2447479367723,1250.7966110436814,939.7122268469434,40.51526108360696,85.18513238193755
2011-03-16,1104.1752851420963,1144.572021484375,1100.8089544139707,1144.572021484375,7702225,52.06561431507178,-31.483191165865037,-48.89243658259085,1232.0042680605677,948.7420454159949,40.74724722552106,96.29625366662609
2011-03-17,1151.304782898282,1151.304782898282,1104.175288985124,1124.3736572265625,5293514,49.0760984906815,-26.956680148036867,-44.50528529568005,1212.2693241335965,958.0411861203098,41.203121988923684,85.18513238193755
2011-03-18,1110.9080775669645,1178.23583984375,1110.9080775669645,1178.23583984375,12257903,56.284482505203776,-18.806371419329707,-39.36550252040999,1201.370913076479,964.5632788180521,43.06916772377096,100.0
2011-03-21,1184.9686289077072,1184.9686289077072,1161.4039306640625,1161.4039306640625,7046811,53.72514277705164,-13.549200681322873,-34.20224215259257,1201.370913076479,964.5632788180521,41.67599133233337,89.06250965700183
2011-03-22,1158.037472780478,1195.0677804129464,1158.037472780478,1178.23583984375,13217558,55.88540390717269,-7.93321147132724,-28.948436016339503,1211.3882285471977,960.9420937184273,41.344156782343006,92.53731368957575
2011-03-23,1188.3347748295455,1201.800383126125,1188.3347748295455,1195.067626953125,16337255,57.99705628608368,-2.1001062927043677,-23.578770071612478,1224.7083805889706,956.3745295672793,40.07418438948816,96.87500688674527
2011-03-24,1211.8999686217553,1221.999058266448,1205.1671142578125,1205.1671142578125,14338090,59.257269506738936,3.299580299384843,-18.203099997413013,1240.3161119017507,953.5590834107495,39.13541631261921,92.85714683864535
2011-03-25,1215.2661109816172,1218.632537640393,1205.166926955886,1211.8997802734375,13880677,60.116345679101485,8.0295806984293,-12.95656385824455,1254.0560997441683,949.5816199823942,37.30185876775404,95.52234083900049
2011-03-28,1211.8997825667002,1221.9988706609458,1208.5333559015542,1215.26611328125,14204065,60.56408797218761,11.912455659005218,-7.982759954794598,1268.6147140155012,949.4984817852801,35.59926276715673,97.01485194628813
2011-03-29,1215.2661109816172,1218.632537640393,1198.434169588931,1211.8997802734375,13876008,59.840628832365134,14.550300295197985,-3.4761479047960813,1280.4887457023744,953.7831170905944,34.499198858892825,93.47819294710825
2011-03-30,1211.8998775808052,1211.8998775808052,1184.96875,1184.96875,17891850,54.25678273309407,14.302828004930007,0.07964727714913655,1282.9774497287826,969.4729286891861,33.958622339029425,76.08695138503788
2011-03-31,1191.7013539188706,1198.434110956431,1178.23583984375,1178.23583984375,6511879,52.927094339507775,13.408846021401814,2.745487025999672,1281.5759355920381,988.7162946325712,32.97574010857596,71.739042457894
2011-04-01,1195.0678755064264,1195.0678755064264,1174.8695068359375,1174.8695068359375,3273101,52.23777658697808,12.287086039138103,4.653806828627358,1276.5477989683482,1011.2496497621206,32.06307072014118,69.56516682362309
2011-04-04,1171.5029868555985,1191.7013539188706,1161.4038992745536,1178.23583984375,8041490,52.89841169063177,11.536729870875206,6.030391437076927,1267.4429410636285,1038.1963594734807,31.936955286153733,63.888785444090225
2011-04-05,1184.968691171182,1184.968691171182,1161.403991689344,1174.8695068359375,2576359,52.12201620538984,10.548831893739589,6.93407952840946,1250.9586938407783,1072.1858252021902,31.3389370144169,59.99996289544871
2011-04-06,1174.8694432015643,1208.5333251953125,1171.5030166219524,1208.5333251953125,6024580,58.65685478871088,12.34005594723044,8.015274812173656,1243.2264960295493,1096.076677798576,31.745463554341416,87.8786441650361
2011-04-07,1181.602323070923,1208.5334506517283,1181.602323070923,1184.96875,2074583,53.18460546053044,11.723014025441898,8.756822654827305,1239.4824896517168,1108.573308688127,31.401582413374562,42.10539344030076
2011-04-08,1184.96875,1188.3350809784731,1178.2359920924496,1184.96875,11161187,53.18460546053044,11.105981020901481,9.226654328042141,1240.4325911867998,1110.989601196013,29.87997573284949,42.10539344030076
2011-04-11,1184.96875,1184.96875,1184.96875,1184.96875,0,53.18460546053044,10.495986717960704,9.480520806025854,1232.380130653539,1128.1313073347421,27.74569175193167,38.88899891920177
2011-04-12,1184.96875,1184.96875,1184.96875,1184.96875,0,53.18460546053044,9.8984585692981,9.564108358680304,1228.2915608279752,1138.2793864376497,25.763856626793693,38.88899891920177
2011-04-13,1188.3349274247948,1188.3349274247948,1174.8694133496742,1178.23583984375,3699459,51.3437625329518,8.780408542134865,9.407368395371217,1226.241714870422,1143.6956142311408,24.885403587388474,27.777784499418573
2011-04-14,1178.2358423010571,1184.968599352659,1178.2358423010571,1181.6021728515625,6013839,52.23396526164088,8.072921170568634,9.140478950410701,1217.8029919405908,1157.8571887234716,23.588786153211377,33.333250457718336
2011-04-15,1184.96875,1191.7015079075504,1178.2359920924496,1184.96875,7617934,53.156985895723004,7.695181707016673,8.851419501731897,1217.8356154013893,1158.4978562782983,22.865695414774912,41.176675521800675
2011-04-18,1191.701356404261,1191.701356404261,1181.6021728515625,1181.6021728515625,7616533,52.073327908153466,7.042978745589153,8.489731350503348,1216.2733510524422,1162.0799448459952,21.95380171034089,39.999766822040684
2011-04-19,1181.6022023226462,1188.3349595421744,1161.4039306640625,1161.4039306640625,3225702,46.012679368207024,4.840475866315501,7.759880253665779,1217.804235861214,1158.8658691192547,22.309317936610245,6.660260486120929e-05
2011-04-20,1174.8695400405013,1174.8695400405013,1134.4728975084186,1158.03759765625,4186291,45.071156969460354,2.791166693996047,6.766137541731833,1218.6969928345304,1154.2701092162508,23.60126969342971,31.818153048672098
2011-04-21,1158.0375362980703,1158.0375362980703,1137.8391681269309,1144.572021484375,2528726,41.420113788756616,0.07959740061619414,5.428829513508706,1219.4450678948083,1147.4625248786292,23.358209681707525,13.636306437536705
2011-04-22,1144.5719964835748,1144.5719964835748,1121.0072021484375,1121.0072021484375,2920760,35.93418770358004,-3.925573216728935,3.557948967461178,1222.025522449001,1135.7928125119365,23.372967514152524,0.0
2011-04-25,1144.5719002758894,1168.1365966796875,1144.5719002758894,1168.1365966796875,1487815,50.15368265951698,-3.259181706837353,2.194522832601472,1216.324425912066,1136.7809573887153,25.06985515823092,53.84601229593201
2011-04-26,1144.5720821290895,1158.03759765625,1144.5720821290895,1158.03759765625,2297335,47.71003427174069,-3.505556580366374,1.054506950007903,1210.7430171553306,1136.9761478837318,24.962330829114283,42.30776040449194
2011-04-27,1158.0375369366914,1171.5030517578125,1147.9383528455523,1171.5030517578125,3092611,51.12914512514553,-2.5844686859368267,0.32671182281895705,1209.7056946125822,1136.6669006022616,24.862499977910417,71.42845391457257
2011-04-28,1144.5719896399455,1168.1366878835904,1144.5719896399455,1161.4039306640625,1505327,48.56431082160797,-2.6389938851198167,-0.2664293187687977,1209.1488089969582,1135.540595299917,25.010254416478745,57.142832201047
2011-04-29,1171.5030823290836,1178.2359358659396,1151.3048095703125,1151.3048095703125,1840856,46.07520836522516,-3.457266947398466,-0.9045968444947314,1209.121048251262,1133.2118863190503,25.14745955070363,42.85721048752142
2011-05-02,1151.3048095703125,1151.3048095703125,1151.3048095703125,1151.3048095703125,0,46.07520836522516,-4.058965022432858,-1.5354704800823569,1208.6199671190227,1131.019864423946,23.351212439939086,42.85721048752142
2011-05-03,1151.3048095703125,1151.3048095703125,1151.3048095703125,1151.3048095703125,0,46.075208365225166,-4.484124881534626,-2.125201360372811,1208.2194656566585,1129.0638961597479,21.683268694229152,42.85721048752142
2011-05-04,1151.3048645116444,1188.3350809784731,1151.3048645116444,1184.96875,3643654,55.55833022721879,-2.0806836555962036,-2.1162978194174897,1203.2636885709699,1131.663215725905,22.779483173795686,90.47623732172725
2011-05-05,1195.0678141155274,1195.0678141155274,1178.235873071647,1188.3349609375,4304439,56.38430486999038,0.09459548402060136,-1.6741191587298716,1203.8081966210632,1131.455328769562,22.354658735944604,90.90899602474352
2011-05-06,1198.4342658151008,1201.800692744178,1184.96875,1184.96875,6412645,55.277903777995775,1.5292663535603879,-1.0334420562718198,1203.8081966210632,1131.455328769562,21.960179022246987,79.16670932266253
2011-05-09,1184.968599352659,1188.3349299031645,1181.6021728515625,1181.6021728515625,6020610,54.133827379091976,2.3673098394663157,-0.3532916771241928,1203.3302130839932,1131.596654591788,20.872506024343775,74.9998177530402
2011-05-10,1184.968599352659,1188.3349299031645,1181.6021728515625,1181.6021728515625,5512063,54.13382737909197,2.996918726264994,0.31675040355364453,1202.8461770908775,1131.74403287006,19.86252395486222,74.9998177530402
2011-05-11,1178.2359920924496,1184.96875,1174.8695651633725,1184.96875,1451624,55.20896467828578,3.7246079830192684,0.9983219194467694,1203.7421525584148,1131.521348418148,19.165142589274026,79.16670932266253
2011-05-12,1184.9685363896272,1184.9685363896272,1168.1365966796875,1168.1365966796875,1579812,49.02173932331723,2.909553341157789,1.3805682037889735,1202.4692750336358,1131.4476683257394,18.99850049863392,41.17629498622688
2011-05-13,1178.23583984375,1181.6021703872343,1164.7702298180382,1178.23583984375,4456442,52.463992936589406,3.0434580953378827,1.7131461820987555,1201.5363798831625,1131.7072724605875,18.843746217959794,58.82336725767047
2011-05-16,1178.2359335978852,1184.968691171182,1171.5030800739896,1174.8695068359375,3163126,51.22242380714502,2.845146559153818,1.9395462575097682,1200.7181049089625,1131.8522808332252,18.459593709333546,52.94112141735972
2011-05-17,1174.8695113258038,1174.8695113258038,1154.671142578125,1154.671142578125,4066743,44.42857664226081,1.0460854255186405,1.7608540911115427,1200.7124600999382,1131.1846468336557,18.583791926358213,17.647006467690847
2011-05-18,1154.6709891261405,1154.6709891261405,1137.8390493901838,1147.938232421875,3558196,42.409334472689096,-0.9124548531901837,1.2261923022511976,1200.976230844908,1129.910939565248,18.458670587899853,15.789436453027768
2011-05-19,1127.7400799919578,1178.2359044692096,1127.7400799919578,1144.572021484375,2242231,41.39633073827309,-2.705055034050929,0.43994283499077236,1200.976230844908,1129.910939565248,20.74703872285356,22.72725118914521
2011-05-20,1141.2056369333666,1144.5720637363606,1087.3433837890625,1087.3433837890625,4964756,28.800912332166234,-8.6439344786927,-1.376832627745922,1209.7937666049495,1117.7270219692693,23.352870238885316,0.0
2011-05-23,1060.4123869865173,1060.4123869865173,1036.8475905152231,1043.5804443359375,3871543,23.030234051416727,-16.68945702584142,-4.439357507365022,1228.1895734538534,1086.8755998859901,25.29165045566775,4.081677597896376
2011-05-24,1003.1836830273768,1009.9165366991856,996.4509253061692,1006.5501098632812,5493617,19.474545027058895,-25.756722660020614,-8.70283053789614,1247.681750122879,1052.234674437668,26.85149821096065,4.918040416169839
2011-05-25,979.6189286486568,1003.1836273400947,959.4206566062512,962.7869873046876,9444548,16.276270931743568,-36.05825710560407,-14.173915851437727,1267.4637972443586,1011.5810208708756,28.299923571394178,1.3888646738714012
2011-05-26,919.0240377448072,1009.91650390625,919.0240377448072,1009.91650390625,3946961,29.671472454959968,-39.95872000950544,-19.330876683051272,1271.8158038358324,992.0802716036206,32.770819470683364,33.75001487425811
2011-05-27,1053.6794999074268,1060.412353515625,1026.7484692770338,1060.412353515625,3839088,40.63134023411677,-38.53110926726117,-23.170923199893252,1270.4924998379172,984.3143299960674,34.036893052018485,52.500036161805205
2011-05-30,1060.4122954821978,1063.7786261514668,1026.7484130859375,1026.7484130859375,3391248,36.54278912477915,-39.658952403571675,-26.468529040628937,1270.5872465045961,971.7639436809507,34.250701624412116,40.50630464792289
2011-05-31,1026.7484378814695,1077.2442626953125,1009.9164962768556,1077.2442626953125,3999497,45.41544213497614,-36.062477371687464,-28.387318706840645,1267.4102331581769,967.5349023398701,36.61334910970103,59.493666412176125
2011-06-01,1077.24417220242,1131.1063232421875,1043.5802918210943,1131.1063232421875,6207872,52.969256767932315,-28.537069284600875,-28.417268822392693,1261.5132033597588,968.0456894625067,40.24996927480047,79.7467754154697
2011-06-02,1161.4039306640625,1181.6022023226462,1144.5719896399455,1161.4039306640625,8449402,56.60695529123054,-19.89898236465865,-26.71361153084589,1257.799710649457,969.066079145465,40.98181997520464,91.1392238183712
2011-06-03,1181.6022023226462,1181.6022023226462,1110.908107591712,1161.4039306640625,10556441,56.606955291230534,-12.904481417528586,-23.951785508182432,1254.5327505924026,969.9765572689255,43.104125314899605,92.3077108520971
2011-06-06,1144.5720542793842,1144.5720542793842,1110.9081703299908,1127.7401123046875,1484313,51.47625965416692,-9.962832494256418,-21.15399490539723,1248.3079569929648,970.8151448136756,43.632099244840475,79.48721665239921
2011-06-07,1181.602264409234,1181.602264409234,1151.3048073540997,1174.8695068359375,2921227,57.3099844554878,-3.78497542658738,-17.680191009635262,1247.2662509785575,971.1835842265207,44.362817306248054,97.4359040889171
2011-06-08,1174.8694777904875,1174.8694777904875,1131.1064107200832,1144.572021484375,4085889,52.90646593462156,-1.3185338155572026,-14.40785957081965,1241.7169792957118,972.6931830578039,44.31998007836279,85.89744344180393
2011-06-09,1144.5719020450356,1154.6709891261405,1144.5719020450356,1147.938232421875,2735601,53.33548414506129,0.897419131865945,-11.34680383028253,1239.0742392359405,973.316086691794,41.875630578558656,87.17942747386232
2011-06-10,1147.9383522125006,1174.8694777904875,1144.572021484375,1144.572021484375,2728129,52.817310393627054,2.354807957404091,-8.606481472745205,1234.3671900778784,974.6567540139183,41.04861813052679,85.89744344180393
2011-06-13,1127.7400212640782,1144.57196187996,1127.7400212640782,1134.4727783203125,2981469,51.209833577468444,2.664163759682424,-6.35235242625968,1228.951753693302,976.0325175469321,39.318859708367505,82.05125890001813
2011-06-14,1161.4039670190014,1161.4039670190014,1124.3736572265625,1124.3736572265625,3875512,49.584676461152114,2.0705478051602313,-4.667772379975697,1225.516345562262,976.4381771428161,39.15539185722975,78.20512084735445
2011-06-15,1114.2744748424852,1124.3736589789446,1100.8089599609375,1100.8089599609375,4162475,45.92256861590942,-0.29793681635464964,-3.793805267251488,1221.1864052610304,976.055190197954,38.04177094014242,52.9411754234627
2011-06-16,1144.5719940736533,1144.5719940736533,1117.640869140625,1117.640869140625,4418617,48.829656593944044,-0.8074754676936209,-3.196539307339915,1218.2962411691517,976.2522390554576,38.450432595326234,62.74508017502559
2011-06-17,1127.7400251471877,1127.7400251471877,1067.14501953125,1067.14501953125,8724924,41.6039024931392,-5.225643605328514,-3.6023601669376353,1217.9704319770933,974.5582118217347,40.03218781108419,33.33329481932847
2011-06-20,1107.5417530694128,1107.5417530694128,1060.412353515625,1060.412353515625,3396152,40.73830003476003,-9.16469862488907,-4.714827858527922,1217.5038530525205,976.7079816642766,40.539131506991595,12.195204414849142
2011-06-21,1060.4124079777644,1110.9082369290866,1060.4124079777644,1094.0762939453125,1124734,46.70869829101344,-9.460969291123774,-5.664056145047093,1214.1346323995076,988.8298207254926,41.25032807173945,27.777840730686403
2011-06-22,1110.908203125,1110.908203125,1097.442591577366,1110.908203125,3943926,49.450878077831184,-8.242556467815575,-6.179756209600789,1200.695484046177,1017.0810906608542,39.506155293735745,41.66671073279739
2011-06-23,1077.2442649455286,1100.8089640510927,1077.2442649455286,1080.610595703125,3032837,44.96569152280198,-9.610930415198709,-6.865991050720374,1192.9345114555608,1031.911472431158,39.08885407128829,16.666603711947403
2011-06-24,1100.80890339148,1100.80890339148,1067.1450219669664,1070.5113525390625,5797625,43.54781613750418,-11.379129624495818,-7.7686187654754635,1192.1828633038783,1033.673020485184,38.70135602509011,8.333201129509263
2011-06-27,1070.5113821954687,1080.6105660927192,1050.3131103515625,1050.3131103515625,5455791,40.778351160108585,-14.246049981500846,-9.06410500868054,1188.5194160888132,1039.692937426812,38.101077433380574,0.0
2011-06-28,1046.9467422498285,1063.7786843691242,1026.7484692770338,1060.412353515625,1852298,42.73921191639501,-15.524226875109434,-10.35612938196632,1189.784105713961,1036.745056883695,38.024587266145566,22.727285330043877
2011-06-29,1073.8779048274814,1073.8779048274814,1043.580446377411,1046.94677734375,2000566,40.79948012131501,-17.422910268426904,-11.769485559258436,1190.5401646151633,1027.573043392649,37.47264949356878,13.636356023650494
2011-06-30,1036.8475033981676,1060.412297889522,1020.015562161826,1030.11474609375,3589017,38.4503261949597,-20.0546571832092,-13.42651988404859,1187.3048702475244,1017.6794193032569,37.681512796006444,7.142865740741462
2011-07-01,1016.6492614088388,1030.1147764140162,1003.1836504530634,1009.91650390625,4247933,35.78745939246268,-23.499279844412285,-15.441071876121331,1184.5015139171069,1005.3340329578932,36.91362802207404,4.25536593486762
2011-07-04,1020.0154705913426,1057.0457763671875,982.985260766084,1057.0457763671875,7269563,45.305637425866486,-22.170660139417805,-16.786989528780627,1181.0925514484502,1001.6735618327999,39.56697713486186,45.833289704628385
2011-07-05,1063.7785330671811,1067.1449593924713,1053.6793500418974,1057.0457763671875,2574257,45.30563742586649,-20.877061679500002,-17.605003958924502,1167.238537592788,1003.7452026415872,37.702593721698435,45.833289704628385
2011-07-06,1063.7787179462712,1063.7787179462712,1036.8475905152231,1043.5804443359375,1388114,43.18455233943108,-20.69980092075275,-18.223963351290152,1159.246642193202,1001.6379403263292,36.93320327236626,41.86057973906909
2011-07-07,1023.3819882579528,1026.7484148837111,1006.5500470303512,1016.6492309570312,2062908,39.22875604323981,-22.473385143746555,-19.073847709781433,1150.8605591006085,996.8951232724384,36.940145703310556,26.31581221816774
2011-07-08,1016.6492635444728,1016.6492635444728,993.0845642606116,999.8173217773438,5564833,36.95057200381465,-24.949554881010272,-20.2489891440272,1142.8526992007214,990.4275132016222,35.984756673349885,13.157965454002499
2011-07-11,999.8173217773438,1013.2828368108078,993.0845642606116,999.8173217773438,1410296,36.95057200381465,-26.605248494182433,-21.520241014058247,1134.6660545172863,985.1486122307607,34.857150664553195,13.157968931041058
2011-07-12,999.8173574470776,999.8173574470776,969.5198036149834,972.88623046875,5191945,33.355992634215156,-29.747599794143298,-23.165712770075256,1130.221490689034,974.4444333832316,34.531465176520406,2.5641316027798333
2011-07-13,1006.5502676711538,1009.9166950348496,972.8863778366588,989.7183227539062,4416515,37.45154367041044,-30.527820946075735,-24.638134405275352,1125.9452400056384,967.6116203459242,34.70996513291892,15.384764746889356
2011-07-14,993.0846588450872,993.0846588450872,976.2527154748316,982.9854736328124,2894376,36.48567281891116,-31.328303306154794,-25.976168185451243,1116.7014532188866,963.3898675818949,33.43296357844297,12.121322887245196
2011-07-15,982.9853245802124,982.9853245802124,969.5197143554688,969.5197143554688,2476657,34.565631896541674,-32.67263577214544,-27.315461702790085,1116.8241823330138,953.5046079501892,32.00673469979302,0.0
2011-07-18,969.5198036149834,972.88623046875,962.787045858052,972.88623046875,3595321,35.479784020424844,-33.084995982649616,-28.469368558761992,1116.0524991519712,945.5236788265445,30.441909693429093,9.09092314560025
2011-07-19,972.8861408993027,972.8861408993027,966.1533837622272,969.5197143554688,1310127,34.953896530776575,-33.29958722233607,-29.435412291476812,1108.5468417195257,940.5736783000057,28.748405194364356,6.4515169663642
2011-07-20,969.5197379493892,1016.6492309570312,969.5197379493892,1016.6492309570312,3873177,46.8345054749873,-29.328612228548764,-29.414052278891205,1093.357314255775,946.3373085469594,30.06134172344994,51.61293789302759
2011-07-21,982.985415079448,989.7181728363796,972.88623046875,972.88623046875,6640534,39.601372603010184,-29.374285850959495,-29.406098993304862,1084.949034517219,943.9731517620779,31.040031635223603,9.67744971958172
2011-07-22,982.985415079448,982.985415079448,969.5198036149834,972.88623046875,1189412,39.601372603010184,-29.07532033175471,-29.339943260994833,1077.186931545086,941.9727425271797,29.784715908740818,9.67744971958172
2011-07-25,962.7869556930566,986.3516536107838,962.7869556930566,979.618896484375,2301304,41.22106144662206,-27.97266663504297,-29.066487935804464,1072.0586674461247,940.0315852394222,29.340428909382705,16.66664727477081
2011-07-26,979.6190465785184,989.7182317907932,979.6190465785184,982.9854736328124,4243030,42.057792224744404,-26.521428477515542,-28.55747604414668,1063.6909126098572,940.6566520874085,27.966065080599527,31.579201280490825
2011-07-27,982.9854724695052,996.4509887695312,982.9854724695052,996.4509887695312,2281924,45.40538700078082,-24.00800787621006,-27.64758241055936,1057.4623683552372,941.8356174846064,26.930311596272848,62.500168335415175
2011-07-28,999.8173217773438,1006.5500792940758,996.4508950436788,999.8173217773438,3614701,46.24157354922076,-21.496668784806502,-26.41739968540879,1054.1459716222687,942.1222717859343,25.728088214424574,68.75009624603551
2011-07-29,993.0844752758974,1020.0155029296876,989.7180488438788,1020.0155029296876,4556144,51.08279440799966,-17.672868222012198,-24.66849339272947,1055.2767486229131,942.0013946876338,26.054471490952018,100.0
2011-08-01,1009.9165060277408,1009.9165060277408,999.8173217773438,999.8173217773438,1368734,46.5666480417486,-16.08686379069934,-22.952167472323445,1045.3303130226025,946.22498482896,25.636165038194296,64.70610887809616
2011-08-02,993.0845336914062,999.81729100089,986.3516804313274,993.0845336914062,3676810,45.13423964457124,-15.19803015147545,-21.40134000815385,1032.8742471851413,952.2849263988429,24.76684191732444,52.94137185253707
2011-08-03,979.618896484375,993.0845066877852,969.5197128194654,979.618896484375,5011688,42.329747632262176,-15.402635480262802,-20.20159910257564,1022.067322867387,956.6956959314412,24.680983271225614,29.411791149827692
2011-08-04,993.0847501176022,999.817508894378,979.6191366134346,989.7183227539062,4946777,45.08579848656296,-14.581757953050897,-19.077630872670692,1018.1052063990047,957.9647215795109,24.360813923995426,47.05932329453113
2011-08-05,993.0845336914062,996.4508643708504,982.9853497518832,993.0845336914062,4003933,46.0119086622468,-13.503916762038102,-17.962888050544173,1017.3611675498887,958.0354816200331,23.582578259350555,52.94137185253707
2011-08-08,993.0845392941897,993.0845392941897,962.7869873046876,962.7869873046876,5170463,39.547256535725374,-14.92246178839548,-17.354802798114434,1016.9141118766393,954.779503846017,24.06221924007566,5.5237521381137896e-05
2011-08-09,929.123138452026,952.6878380016044,922.390380859375,922.390380859375,5106486,32.90826640801686,-19.08632223159634,-17.701106684810817,1025.16342667164,941.4806040900788,25.22896118330687,0.0
2011-08-10,925.75677680139,949.3214755662152,915.6575927734376,915.6575927734376,4263110,31.945695450386623,-22.668186617237552,-18.694522671296166,1031.0800614114999,928.157896352172,25.83145558398335,0.0
2011-08-11,908.9248373111072,908.9248373111072,895.4592265953996,905.5584106445312,2713419,30.504358284549284,-26.021796472484766,-20.15997743153389,1036.8825779170288,914.6126735478148,25.429092054987255,8.10812939046694
2011-08-12,922.3903832032072,922.3903832032072,895.4592568135707,898.82568359375,3462464,29.54725273901579,-28.889807531530096,-21.905943451533133,1042.3726776917968,902.0531706968752,25.536380221747912,2.702759826662906
2011-08-15,902.1920799285516,905.5584106445312,895.4592265953996,905.5584106445312,933971,31.850011327191766,-30.270512527796427,-23.578857266785793,1045.069304176418,892.6237622298319,24.433723352275322,8.10812939046694
2011-08-16,905.5583781417536,922.3903189693,905.5583781417536,908.9248046875,2405208,33.028696591157455,-30.738754096625257,-25.010836632753687,1046.6071592044998,885.0264162349533,23.890738886223257,10.810838673404973
2011-08-17,915.657650815661,942.5887779471278,915.657650815661,939.2223510742188,3543486,42.643528289933144,-28.33841254737547,-25.676351815678046,1039.8485282948457,884.0423591563264,24.588827055752155,35.13522221984727
2011-08-18,959.4205027613144,976.25244140625,956.0540766520954,976.25244140625,4935570,51.75938988771996,-23.1808908791985,-25.17725962838214,1040.1308280852134,884.0966804597085,25.477488718343523,70.58809645970092
2011-08-19,959.4207204104696,959.4207204104696,939.2223510742188,939.2223510742188,3461530,44.19501173010563,-21.829895172735405,-24.507786737252793,1038.9201980205971,881.9409225848717,26.30267454789265,41.935458800903966
2011-08-22,939.22213800716,979.6187715648888,939.22213800716,976.25244140625,7815936,51.78363861908952,-17.56868169904544,-23.119965729611327,1038.5928907721734,881.9315843254828,27.30938590573809,77.41907305390876
2011-08-23,972.8861408993027,979.6188980363784,962.7869572183932,969.5197143554688,5635581,50.440591438423276,-14.566994876711874,-21.409371559031438,1037.3264599352376,881.8514392346842,26.560996970898593,70.96752277686174
2011-08-24,976.252692086356,979.6190231093944,942.5888061523438,942.5888061523438,11187805,45.371537868145325,-14.197574859728775,-19.967012219170904,1032.9705414933496,880.8211394148534,27.308798398480885,46.666813802677524
2011-08-25,959.42074911935,959.42074911935,942.5888061523438,942.5888061523438,5587014,45.37153786814532,-13.746347497594229,-18.722879274855572,1027.5744405492053,880.4943887964979,26.560451581946985,48.27598319951732
2011-08-26,942.5887779471278,949.321535742344,939.2223510742188,939.2223510742188,9065590,44.71999994989241,-13.504717376825397,-17.679246895249538,1016.8459818913689,883.1435322687873,25.384646802388296,52.00003599288861
2011-08-29,962.7868329199534,979.6187715648888,942.5885641163792,976.25244140625,10724556,52.75646742133112,-10.207538795584242,-16.184905275316478,1012.7368130788858,884.8962130441611,26.45691635155128,95.99977442604127
2011-08-30,989.717953941966,989.717953941966,972.8860152970308,976.25244140625,10044158,52.75646742133112,-7.507953994947002,-14.449515019242584,1009.8516605310568,886.0981563634745,25.769417943935846,85.71430687133447
2011-08-31,962.7869556930566,989.7180801492844,962.7869556930566,979.618896484375,10892904,53.469682621144855,-5.038784825880043,-12.567368980570077,1009.8516605310568,886.0981563634745,25.852396980528134,89.28569223565184
2011-09-01,979.6190465785184,989.7182317907932,976.2527154748316,982.9854736328124,9305153,54.21408972671349,-2.778269666469214,-10.609549117749905,1008.6256496802403,886.6508823021816,24.967619790201955,92.85717248551035
2011-09-02,982.9854736328124,982.9854736328124,982.9854736328124,982.9854736328124,0,54.21408972671349,-0.9755495881107663,-8.682749211822077,1006.6867421499367,887.5798838266257,23.1842183766161,92.00003580560214
2011-09-05,982.9854724695052,1026.7485443705004,976.2527143194924,996.4509887695312,19525832,57.377240048122744,1.5221274595506884,-6.641773877547525,1012.0236650027276,885.6093611203192,25.135047781929813,72.727237461626
2011-09-06,993.0847501176022,1009.9166950348496,979.6191366134346,989.7183227539062,11915836,55.31938809166003,2.924571988984212,-4.728504704241178,1016.6236609987211,887.742159313779,25.503798541893037,57.69251457340317
2011-09-07,1006.5500202863124,1006.5500202863124,993.0845060422477,1003.18359375,11048410,58.52337405316652,5.064177531801647,-2.7699682570326134,1022.428027407293,890.6903930028632,24.884362755501115,73.07675294850175
2011-09-08,1013.2828025570764,1050.3131115732008,1009.9164718878076,1026.7484130859375,21765261,63.461437335694534,8.562609883806886,-0.5034526288647134,1030.9829391065139,894.2544815477828,26.47330240319395,78.78792692976566
2011-09-09,1026.748443682112,1060.4123270815253,1009.9165019824052,1033.481201171875,8132786,64.75264265596701,11.743055820195764,1.9458490609473822,1037.7854864768306,900.9174859352788,28.189196881474395,77.77776116728778
2011-09-12,1026.748445638021,1036.847533916605,1006.5500771796568,1009.91650390625,15748386,57.14154291493083,12.22122928398096,4.0009251055540975,1038.2737945126728,910.8649872256085,28.339786871151095,58.33333346626712
2011-09-13,1016.6492309570312,1033.4811721846331,1006.5500470303512,1016.6492309570312,10019875,58.6374713708834,12.993676984342414,5.799475481311761,1038.2795101519564,921.6317142132781,28.239168177089013,63.88884826426935
2011-09-14,1016.6490749639788,1016.6490749639788,976.25244140625,976.25244140625,12892536,47.84640973195108,10.228259042006812,6.685232193450771,1036.9507943668482,926.6634390315895,29.107569703781316,30.555406933819928
2011-09-15,966.1534139537196,979.6189286486568,952.6878033081867,962.7869873046876,11588946,44.88147654654979,6.870892417636128,6.7223642382878435,1036.8885032164785,925.3791847718027,28.95210939211623,17.142911310924095
2011-09-16,962.7870513327764,962.7870513327764,939.2223510742188,939.2223510742188,22328212,40.18808015457186,2.282376161722823,5.834366622974839,1036.8885032164785,925.3791847718027,28.567294454004905,0.0
2011-09-19,939.22213800716,976.25244140625,939.22213800716,976.25244140625,7369265,49.181425882486465,1.6153421283148646,4.990561724042844,1036.8885032164785,925.3791847718027,29.171795092939558,30.555529025841615
2011-09-20,976.252471388432,976.252471388432,959.4205322265624,959.4205322265624,8348300,45.80968535278031,-0.2683877427155039,3.9387718306911745,1037.00589559132,924.2518741840706,28.29037681214885,16.666690904333993
2011-09-21,966.1535071160314,966.1535071160314,942.5888061523438,942.5888061523438,7731879,42.660090028144424,-3.08388772459773,2.534239919633394,1037.00589559132,924.2518741840706,27.952828537258764,2.7780038721764093
2011-09-22,942.5886858071668,969.5197143554688,935.8558327194984,969.5197143554688,5841755,48.73356935940609,-3.1062852016110583,1.4061348953845032,1035.7534286053262,928.1974319903768,28.36076090145245,27.02699831782786
2011-09-23,942.5887148236334,952.6878028648388,942.5887148236334,949.3214721679688,4950747,44.89291180802383,-4.699689607942219,0.18496999471915876,1034.7362403593427,930.2245323457355,28.258635089336945,10.810869009633583
2011-09-26,949.321442767985,949.321442767985,929.123075409916,932.489501953125,12095859,41.927516700015936,-7.237246927956335,-1.29947338981594,1037.1118881342563,923.4725906255095,27.6829037799595,2.564129584369412
2011-09-27,932.4894707779218,942.5886541193182,925.7567138671876,925.7567138671876,9668701,40.767501805951476,-9.67997439718215,-2.9755735912891823,1039.608602566702,915.9263034391572,26.90783495654315,0.0
2011-09-28,925.7567448172996,942.5886856321596,925.7567448172996,932.489501953125,5742287,42.481294210565835,-10.946390608128468,-4.56973699465704,1040.4634527369356,910.3585138157989,26.188130442859496,5.000005514230209
2011-09-29,932.4894707779218,932.4894707779218,922.3902874365256,925.7567138671876,5361927,41.19761954566319,-12.350940357370519,-6.125977667199736,1041.1376829582553,903.9614076179166,25.038922162412348,2.9412086470627705
2011-09-30,919.0240198284536,935.85586528149,919.0240198284536,929.1231079101562,6135489,42.139069698777895,-13.042075361384718,-7.509197206036733,1040.9049191581162,898.8079348457901,24.452702397456925,8.823466138905243
2011-10-03,922.3901948884052,925.7566209812962,919.0238647460938,919.0238647460938,5431508,40.06657601402649,-14.240572892017553,-8.855472343232897,1039.3326927578048,892.6374488437577,23.427455309357324,0.0
2011-10-04,919.023956956453,929.12304434726,915.6575305257912,925.7567138671876,10525620,42.11067305366571,-14.480187575679452,-9.980415389722209,1037.3451963784612,888.2287843344294,22.71588806022243,15.789497474705794
2011-10-05,925.7567138671876,929.12304434726,922.3902874365256,925.7567138671876,4252370,42.11067305366571,-14.502903495064857,-10.88491301079074,1032.6784363391037,885.1528563855055,21.574235835259003,16.666710450777806
2011-10-06,919.023956956453,932.4894707779218,919.023956956453,925.7567138671876,13359755,42.11067305366571,-14.355425614297815,-11.579015531492155,1021.6626193434844,886.0695034592501,20.99504140570256,16.666710450777806
2011-10-07,929.123138452026,929.123138452026,919.024050038349,922.390380859375,4893307,41.232491637304484,-14.344825057462003,-12.132177436686126,1006.1094669779559,890.5135737935284,20.216759049129305,11.111241693998982
2011-10-10,922.390380859375,925.756807631,915.657623266724,922.390380859375,7425069,41.232491637304484,-14.173045988061176,-12.540351146961136,994.9492532976135,892.9211751691835,19.494075143068354,12.500143616297335
2011-10-11,925.7566209812962,925.7566209812962,919.0238647460938,919.0238647460938,3462697,40.25874651067429,-14.145499045424117,-12.861380726653733,978.0364368956689,900.0714549500342,18.58255236393508,6.249902957792259
2011-10-12,919.0239883741464,919.0239883741464,908.9248046875,908.9248046875,7121996,37.404969937842246,-14.768337439252377,-13.242772069173464,972.7242483583708,898.6508798154574,17.97659745841446,0.0
2011-10-13,908.9248373111072,912.2911680270868,902.1920799285516,905.5584106445312,11888984,36.47676325199025,-15.35656035021782,-13.665529725382337,969.8901838376981,895.7620866701144,17.41391821842308,7.142746078381133
2011-10-14,919.0240522902164,919.0240522902164,908.9248679011944,912.2911987304688,2715987,39.69968416237573,-15.10532671121041,-13.953489122547952,969.5094557953909,893.4496994780467,17.131898463227518,24.999919240777086
2011-10-17,912.2911657095996,912.2911657095996,902.1920776367188,902.1920776367188,5033637,36.692451204886765,-15.541978657230743,-14.271187029484512,961.6453207348297,893.9077981616547,16.629557222550552,0.0
2011-10-18,895.4592568135707,898.82568359375,895.4592568135707,898.82568359375,5420534,35.721111725412925,-15.975512570990759,-14.612052137785764,957.5200960012369,891.9735380319662,15.922647479736087,8.333439137230291
2011-10-19,902.1920795527373,905.5584102673146,892.0928955078125,892.0928955078125,6235657,33.79424472466569,-16.670207278701128,-15.023683165968837,956.9309382430515,887.5131047256984,15.74713799971937,0.0
2011-10-20,892.092866987235,895.4591975941895,888.7264404296875,888.7264404296875,4104569,32.840357120099995,-17.29305901002033,-15.477558334779136,948.2029536335128,888.161761942659,15.103253654346702,0.0
2011-10-21,892.0928955078125,898.8256528875636,888.726468842639,892.0928955078125,3740320,34.821622669864766,-17.31542723761345,-15.845132115346,943.7097033459548,886.9321545642014,14.745822140313088,7.6924633676808964
2011-10-24,895.4594420914234,898.825869568144,885.3603515625,885.3603515625,1501124,32.74134240869168,-17.672694428799787,-16.210644578036757,943.1217796614638,882.80716320963,14.654371844979579,0.0
2011-10-25,875.2609559845291,888.7264707732834,875.2609559845291,881.9937133789062,4534429,31.720827661821744,-18.019770123961166,-16.572469687221638,943.2845770909722,878.2680657312934,14.569453483820629,11.76469006523031
2011-10-26,881.9937738389751,895.4592895507812,878.6273469357221,895.4592895507812,3582245,39.802716557037556,-17.012165003907057,-16.660408750558723,940.4286090219264,877.4210125601048,14.731059850337665,37.5000281105223
2011-10-27,905.5584102673146,905.5584102673146,892.0928955078125,892.0928955078125,1245917,38.573472665892005,-16.297404220923227,-16.587807844631627,938.5555211638379,875.9277185822558,14.640663772420837,33.33331149878675
2011-10-28,902.1919261827976,919.0238647460938,892.0927438547037,919.0238647460938,9233004,51.48254593350035,-13.403341625834628,-15.950914600872228,936.8682428449135,876.605072584774,15.518553566632923,86.6666648797802
2011-10-31,935.855898422726,935.855898422726,898.82568359375,898.82568359375,2337262,44.011958407800435,-12.594419950942665,-15.279615670886315,935.4758529709018,875.9776443435514,17.055100799657428,38.88893472133496
2011-11-01,898.8256548401472,898.8256548401472,875.2609559845291,881.9937133789062,4660515,38.94080196648976,-13.159844525348603,-14.855661441778773,933.5213697630741,873.555827502551,17.520074143197675,11.111088027262555
2011-11-02,875.2609302148111,875.2609302148111,841.5970482834722,844.96337890625,10550604,30.590075963851802,-16.40685804413681,-15.16590076225038,937.5601699508281,861.4376938187031,19.154116354071704,3.571368224633064
2011-11-03,844.963407002391,848.3298336877004,821.3987080570154,834.8643188476562,7600889,28.777562064788214,-19.569464788099367,-16.04661356742018,940.736900111104,849.171724156474,19.709617016686945,11.76475741507887
2011-11-04,828.1313448929795,844.9632839674374,821.3985884533129,824.7650146484375,1907869,27.051384493017423,-22.629919241134758,-17.363274702163096,943.6866310190434,836.459456627441,19.984979766503915,2.9412068097915762
2011-11-07,814.6659744651487,814.6659744651487,784.3684692382812,784.3684692382812,9642784,21.496889789056624,-27.99233681693113,-19.489087125116704,952.4995821154529,813.844314368922,21.44294874105051,0.0
2011-11-08,757.4373931536999,760.8037719726562,747.3382087215306,760.8037719726562,18289721,19.04080835279258,-33.754465049164196,-22.342162709926203,961.4271900740227,789.0946971330086,22.556328153600525,7.142864562189829
2011-11-09,764.1700288762738,767.5364071581598,740.6053329277795,750.7044677734375,3476473,18.08702749125186,-38.68992921225697,-25.611716010392357,968.289023584451,766.4108299311739,22.868810016227652,5.172397232273003
2011-11-10,723.7735007227334,733.8726370639175,713.67431640625,713.67431640625,10468181,15.100289005099441,-45.0698071788745,-29.50333424408879,978.0287979311422,737.4826461606547,23.88033439843907,0.0
2011-11-11,727.1398977844992,727.1398977844992,693.4760131835938,693.4760131835938,2213511,13.765069993985932,-51.165931686961926,-33.83585373266342,984.7175683499365,708.9123571871728,24.579159412900957,0.0
2011-11-14,693.4760316647053,693.4760316647053,666.5449040761471,673.2777099609375,9095010,12.568255268177921,-56.97027072744788,-38.462737131620315,990.803999591003,679.9344891785281,24.747157139733616,2.5000115205567544
2011-11-15,673.277587890625,683.3767229238084,639.6137084960938,639.6137084960938,14235586,10.87165444709035,-63.554043360608716,-43.480998377418,997.5439572882112,647.2733339715544,26.10543266030369,0.0
2011-11-16,642.9801913557941,663.178512680656,639.6138124642006,659.8121337890625,16469645,18.02217304632272,-66.37673678645956,-48.06014605922631,996.9342302776699,624.6549848102206,25.923959197750733,6.818213603528626
2011-11-17,673.2776526270175,673.2776526270175,653.0792846679688,653.0792846679688,7454023,17.517669664887677,-68.36891205812276,-52.1218992590056,994.0032505530163,604.0212489587024,25.514988394986304,4.545462000267383
2011-11-18,653.0792218736717,653.0792218736717,632.8809038320115,639.6137084960938,6005433,16.521534979996034,-70.22477725552267,-55.742474858309016,988.5652221467295,584.2113586638174,25.13523071219851,2.531655405327493
2011-11-21,636.2473447533205,639.6137714041066,629.5145874023438,629.5145874023438,6255504,15.796041812846482,-71.68414822671343,-58.93080953198991,981.6950260762355,565.4969783182958,24.061227375738824,0.0
2011-11-22,639.6137084960938,639.6137084960938,639.6137084960938,639.6137084960938,0,19.598226798722166,-71.2049887781252,-61.38564538121697,971.2204571096382,551.7335467966117,23.06393406988248,4.615364452520711
2011-11-23,646.3465850142102,663.1785278320312,642.9802060457064,663.1785278320312,15718032,27.791446473437603,-68.13831144228345,-62.73617859343027,954.0182838262889,545.7076439080862,23.09971158888641,15.625037870450328
2011-11-24,666.5448291622723,693.4759537240051,659.8120720094875,683.3767700195312,17703421,33.99969454100943,-63.34788325317902,-62.85851952538002,934.0874901761699,544.766825009377,23.85429516928864,29.090887987199892
2011-11-25,669.9111328125,676.6439371875514,669.9111328125,669.9111328125,7206053,32.0229961989281,-59.946967460530686,-62.27620911241016,904.3588207001368,549.5842212920508,23.11224817198454,29.268231270696592
2011-11-28,673.2775589876712,690.109497962363,666.5447546126198,669.9111328125,10350033,32.0229961989281,-56.59927597101387,-61.1408224841309,874.8445061894773,556.2070807245851,23.144569256110156,29.268231270696592
2011-11-29,669.911270463843,669.911270463843,656.445754897469,659.8121337890625,3678678,30.48156741135422,-54.13705292017357,-59.74006857133944,844.7102855287774,564.1231434263007,22.453208278271866,29.032304153797128
2011-11-30,649.7128764891017,653.0792550042721,632.8809359379546,636.247314453125,9308656,27.192443707528497,-53.47082896218069,-58.48622064950769,820.6436971422668,567.3181253674989,22.77306467633158,6.896497459957779
2011-12-01,649.7128764891017,649.7128764891017,632.8809359379546,636.247314453125,1414732,27.192443707528497,-52.33950444851462,-57.256877409309084,794.2833440542638,573.8167780160486,22.348698667389833,10.526227367794387
2011-12-02,639.6137395661896,649.7128750899521,636.2473130829733,646.3464965820312,8604441,30.89857963095588,-50.05104473722804,-55.81571087489287,764.2750728167618,585.98319744691,21.714188905931906,26.31574362411198
2011-12-05,653.0793548446311,676.6441040039062,653.0793548446311,676.6441040039062,9790818,40.65780423845439,-45.27080653960638,-53.706730007835574,742.6337184681213,596.852115272113,22.327290228499272,73.68434933761178
2011-12-06,683.3768286132018,710.3079554840465,683.3768286132018,693.4760131835938,15816566,45.28133312770375,-39.6669826434935,-50.898780534967166,726.6942957503456,606.0587621109826,23.137044603616484,79.16667828053492
2011-12-07,690.1096343185633,696.8423920486241,686.7432074782323,693.4760131835938,5617602,45.28133312770375,-34.824476939775536,-47.683919815928846,711.0679193862167,615.9622930161271,22.20576888695758,79.16667828053492
2011-12-08,686.7431183487155,700.2086800364989,666.5447998046875,666.5447998046875,10269712,39.56160053123552,-32.781989755524364,-44.70353380384795,702.5125732411765,619.804687501011,23.024205411589996,45.833232704071385
2011-12-09,666.5448156048518,666.5448156048518,646.3464965820312,646.3464965820312,8426987,35.899053811193596,-32.41942723570435,-42.24671249021923,697.700489820143,619.9038192618882,22.822356383820754,17.391294050858626
2011-12-12,646.3465423203594,649.7129210665,639.6137848280781,642.9801635742188,6388128,35.3122916575182,-32.0344555044378,-40.20426109306295,696.171799763365,618.4027546799944,21.913554944863694,13.043544353727974
2011-12-13,632.8809038320115,646.3464651848827,629.5145254876171,639.6137084960938,5317564,34.70145207515485,-31.636323578715405,-38.490673590193445,696.171799763365,618.4027546799944,21.55058242717812,12.500005271372897
2011-12-14,639.6137848280781,642.9801635742188,632.8809793604979,642.9801635742188,7666034,35.89564228183575,-30.695319829211144,-36.93160283799699,695.8255607837347,617.0657966381403,20.73262541193117,16.66674887697768
2011-12-15,636.2473433522933,653.0792846679688,626.1482073480666,653.0792846679688,6035320,39.4718506608301,-28.802634071218336,-35.30580908464126,695.8255607837347,617.0657966381403,21.175371976786238,31.999949995559184
2011-12-16,659.8121461666584,683.3768468251704,653.0793402818679,673.2777099609375,17578502,45.964648224246986,-25.380255074249476,-33.3206982825629,697.3570120487983,618.9007455195612,21.826956989673057,56.00005187363687
2011-12-19,673.2776191907051,673.2776191907051,656.4456787109375,656.4456787109375,3435846,41.92832717892664,-23.75239647178944,-31.40703792040821,696.3459375915903,622.6049291076284,21.470176579696414,35.99995488807568
2011-12-20,659.8120743655359,659.8120743655359,649.712890625,649.712890625,2253905,40.400102094022785,-22.743414605244197,-29.67431325737541,695.971711136901,623.9890737752083,20.65796280547066,27.999945103042695
2011-12-21,649.7128435292772,653.0792218736717,639.6137084960938,639.6137084960938,7604625,38.15367608257779,-22.49935029723406,-28.239320665347144,695.8791412522663,621.7251617262492,20.14421641776404,15.99993042549322
2011-12-22,649.7129253503246,649.7129253503246,609.3162841796875,609.3162841796875,13645317,32.34336883656924,-24.468617519364102,-27.48518003615054,696.3953140131769,613.8029403813543,21.590818185826397,0.0
2011-12-23,595.8507061109876,605.9498901367188,589.1179487440321,605.9498901367188,1388114,31.764541249890925,-26.00119030914027,-27.188382090748483,697.9953196006309,605.8068105263224,21.491355132242752,13.888885598295039
2011-12-26,589.1179679329698,589.1179679329698,575.6524047851562,575.6524047851562,6345632,27.069213404858402,-29.322507533629278,-27.615207179324642,703.640235414635,590.7360219095839,22.120364433622733,0.0
2011-12-27,558.820436316677,572.2859988252723,548.7212524414062,548.7212524414062,9630175,23.71372224689418,-33.73887355136435,-28.839940453732588,712.7995029694812,570.467666219972,22.463992141488966,0.0
2011-12-28,538.6221277573529,572.2860107421875,538.6221277573529,572.2860107421875,4614284,31.692585902635926,-34.93469101076539,-30.05889056513915,716.0747856285697,560.7962531897898,23.26398434458508,23.25581038160356
2011-12-29,572.2860107421875,575.6523894456113,565.5532053600416,572.2860107421875,2062675,31.692585902635926,-35.47346889478888,-31.141806231069097,718.3337600734872,552.1411483737784,22.323641468941126,23.25581038160356
2011-12-30,582.3851149090191,589.117919921875,572.2859793526786,589.117919921875,7784181,37.13905773498069,-34.148615862014026,-31.743168157258083,717.7711766652203,546.9808741160298,21.93137711895936,34.883693250003695
2012-01-02,589.117919921875,589.117919921875,589.117919921875,589.117919921875,0,37.13905773498069,-32.72146757864891,-31.93882804153625,712.8117505863006,543.1876817867462,20.364850181890837,34.883693250003695
2012-01-03,568.9195840634654,592.4843309380286,568.9195840634654,572.2860107421875,1353324,33.99538884616226,-32.573153643581236,-32.06569316194525,704.3380395815562,539.54239254735,20.593414231367433,23.25581038160356
2012-01-04,565.553191815921,579.0187542824351,558.8204345703125,558.8204345703125,642572,31.684748136567492,-33.15992625353738,-32.28453978026367,694.9567635793884,535.4581106881898,20.565193194278518,13.953470355254307
2012-01-05,558.8204045402678,558.8204045402678,538.6220859135678,541.9884643554688,8075113,29.028707007272246,-34.584478757068496,-32.74452757562464,691.2622727623291,526.6969679603271,20.5389900130261,2.499992655312943
2012-01-06,545.3548749949849,545.3548749949849,525.1565551757812,525.1565551757812,11082033,26.625123191580556,-36.64917243363266,-33.52545654722624,691.2439752675706,514.5962713144608,20.51465642775307,0.0
2012-01-09,521.7902221679688,528.52298003808,511.6910373875004,521.7902221679688,4371218,26.158619822172554,-38.11769492804683,-34.44390422339036,690.1041019249928,503.61715051641335,20.251605443669256,7.142877473934979
2012-01-10,535.2556910977344,538.6221177136828,521.7901765351302,525.1565551757812,4915489,27.526126067946848,-38.56531766888145,-35.26818691248858,687.3357750224737,494.93976208690117,20.007343710446637,9.756074190136976
2012-01-11,535.2556910977344,535.2556910977344,525.1565551757812,525.1565551757812,3323536,27.526126067946848,-38.47652844681306,-35.909855219353474,682.5021219700963,487.9910542994349,19.299614582697103,14.28567969536689
2012-01-12,531.8893112994865,548.7212524414062,531.8893112994865,548.7212524414062,11263924,36.9984189407343,-36.088680374751675,-35.945620250433116,673.0672524677343,486.9901205791407,19.604263345763382,45.833278266774855
2012-01-13,565.553191815921,565.553191815921,555.4540559475082,558.8204345703125,4017243,40.58264956255745,-33.00095946043473,-35.35668809243344,656.6609156025041,491.9507299053084,19.406240204959907,58.333303559827435
2012-01-16,562.1867831780202,579.0187233686829,562.1867831780202,565.5531616210938,4839371,42.914289035453436,-29.668641948466757,-34.2190788636401,642.5012487323085,497.0211450665195,19.462815104489227,66.66657821036583
2012-01-17,565.5531616210938,572.2859664825356,562.1867831780202,565.5531616210938,4280389,42.914289035453436,-26.719747693238673,-32.71921262955982,627.7990526694628,503.3073682289749,18.79398426163396,66.66657821036583
2012-01-18,565.553177128682,568.9195556640625,562.1867985933017,568.9195556640625,2827830,44.18441532081722,-23.836317652885782,-30.942633634225015,613.6866338730657,510.35037174216876,17.932468033714454,70.83325330805003
2012-01-19,572.2859793526786,589.117919921875,568.9195528586027,589.117919921875,5224634,51.20016064800112,-19.69431557047176,-28.692970021474366,609.4744803333753,512.5426888560779,18.094317964397153,95.8333038941552
2012-01-20,595.8507080078125,602.583465396201,585.7515239499318,595.8507080078125,8506141,53.307009851240615,-15.687632090836587,-26.091902435346814,607.1752272052744,513.8320237712882,18.004148213102297,92.59260915799943
2012-01-23,595.8507080078125,595.8507080078125,595.8507080078125,595.8507080078125,0,53.307009851240615,-12.369716178406293,-23.34746518395871,610.387523801026,512.6395574978021,16.718137626452133,92.59260915799943
2012-01-24,595.8507080078125,595.8507080078125,595.8507080078125,595.8507080078125,0,53.307009851240615,-9.629243982873618,-20.60382094374169,614.6543950586155,513.0856317968534,15.52398493884841,92.59260915799943
2012-01-25,595.8507080078125,595.8507080078125,595.8507080078125,595.8507080078125,0,53.307009851240615,-7.372415408221286,-17.95753983663761,617.7133766736631,512.3831199083681,14.41512887178781,92.59260915799943
2012-01-26,595.8507080078125,595.8507080078125,595.8507080078125,595.8507080078125,0,53.307009851240615,-5.520228742516792,-15.470077617813448,620.6000765369168,511.85288977167676,13.385476809517252,92.59260915799943
2012-01-27,595.8507080078125,595.8507080078125,595.8507080078125,595.8507080078125,0,53.307009851240615,-4.006176753802265,-13.177297445011213,621.6126250114818,511.5136201057056,12.429371323123164,91.66668731611377
2012-01-30,622.1085205078125,622.1085205078125,607.2963877467572,622.1085205078125,5421277,63.02001268752254,-0.6796589363899557,-10.677769743286962,627.8903483850247,508.53495679075655,13.41711712147151,100.0
2012-01-31,629.5144831295423,651.7326554680232,625.8114624023438,625.8114624023438,12213581,64.15250099900976,2.229723994039773,-8.096270995821616,635.8983366044989,505.87951373729794,14.57476125281002,78.37076956962564
2012-02-01,633.2174968525914,655.4356689453125,622.1084347938755,655.4356689453125,18027339,71.63619436070631,6.846929672373562,-5.10763086218258,650.567378163389,500.87199561590785,15.914223602711946,100.0
2012-02-02,666.5449024255533,685.06005859375,666.5449024255533,685.06005859375,8815200,76.84256365249402,12.749569994335161,-1.5361906908790322,670.4180072589343,495.3285259441907,16.89352117740663,100.0
2012-02-03,714.6841969325149,718.387218142363,688.7630004882812,688.7630004882812,25908144,77.40096007558955,17.524242876412018,2.275896022579178,686.1407524228543,495.96642531152065,18.06735248963566,81.03448453210494
2012-02-06,688.7630073973116,714.6842041015625,673.9508744340411,714.6842041015625,10465145,80.87711085392927,23.13316530443865,6.447349878951072,704.898663597553,496.4979123301814,19.68635085948464,97.62931876144067
2012-02-07,714.6842225142709,722.0902651990629,703.5751105117852,710.981201171875,11968839,79.00746092690318,26.968598137653203,10.551599530691497,718.8625892264216,501.1164513009222,19.60269399004129,92.74726619897466
2012-02-08,725.7932567180554,744.3084106445312,722.0902355278195,744.3084106445312,12398253,82.85007285516122,32.32481324254718,14.906242273062634,737.69871169653,504.1955143776887,20.583016524513788,100.0
2012-02-09,744.308482055055,777.6357239399605,736.9023909887312,766.526611328125,11672940,84.84209983447691,37.925296205556606,19.51005305956143,760.2706949628393,503.4040670000513,22.02232484070775,93.88887331836965
2012-02-10,759.1205578236397,759.1205578236397,729.496337890625,729.496337890625,9570443,70.20559506563156,38.92695994844928,23.393434437339,771.0383595352203,509.7039927597015,23.094321169050055,73.51850712090389
2012-02-13,718.3872433983101,722.0902647383434,696.1690673828125,696.1690673828125,10290662,60.14838638176237,36.60954147347195,26.036655844565594,774.8523972759986,518.9515455950952,23.8252461218188,55.18516411300052
2012-02-14,685.0600037998054,714.6842225142709,685.0600037998054,710.981201171875,7598066,62.705516881761724,35.55829218452914,27.940983112558303,779.1531886984023,529.1935581277696,24.239458449864994,63.33332402217102
2012-02-15,722.0903087163233,722.0903087163233,692.4660882165341,699.8721313476562,5335734,59.61583770463302,33.44324751707745,29.041435993462134,780.5081087599565,540.9338956345748,24.624084310573867,57.2222208780234
2012-02-16,703.575110062879,710.9812007182435,688.763024702746,696.1690673828125,5891871,58.5796871058654,31.109640495330723,29.45507689383585,781.8901871321791,550.2569320084458,24.452233718068417,52.173902765039315
2012-02-17,714.6842466550762,714.6842466550762,696.1690913423885,703.5751342773438,3106727,60.07428721475069,29.517587447140386,29.467579004496763,783.483251091226,559.4363106763523,24.02815840051094,52.38096795151333
2012-02-20,729.4963011337371,736.90234375,710.9811945930799,736.90234375,10115967,66.01682078958119,30.592450487577594,29.69255330111293,788.2298888372554,568.7948365045415,24.692376334235608,73.80949644682606
2012-02-21,759.1205326926347,759.1205326926347,722.0902709960938,722.0902709960938,9130840,61.62657753543264,29.90435788661057,29.73491421821246,788.8986638910434,580.7500177495816,25.57365386011456,49.99996202506869
2012-02-22,740.6054554235787,755.4175415039062,725.7933213679511,755.4175415039062,13157954,66.95193333934154,31.68304927523286,30.12454122961654,792.5322867804304,593.0730782098041,26.127483620664414,78.57142818653963
2012-02-23,759.1205143855584,792.44775390625,755.4174931027369,792.44775390625,22028981,71.65829416776131,35.66952757163108,31.23353849801945,800.8700625518165,604.3950070282615,26.90625341943932,100.0
2012-02-24,807.2598399081221,829.4779663085938,796.1507287325919,829.4779663085938,24661505,75.42692315963073,41.34032349325116,33.254895497065796,814.6278538246074,613.9999415855489,27.629393346789637,100.0
2012-02-27,840.587156810296,870.21142578125,829.4780919276644,870.21142578125,19492188,78.77093656556738,48.561532751675145,36.31622294798767,839.5982812906071,613.839804646893,28.565398070065825,100.0
2012-02-28,844.2900505755748,870.2112939933804,829.4779663085938,829.4779663085938,26339681,68.70242605308613,50.41637477397012,39.136253313184156,848.1879050113633,625.6168313167617,29.434545313107996,77.99992080172171
2012-02-29,814.6659196976619,851.6962280273438,810.9628984597531,851.6962280273438,20069976,70.88823042035942,53.06744994536689,41.92249263962071,862.2836786976491,631.1471135386792,30.24160133128533,89.99996999441798
2012-03-01,851.6962705693138,855.3992919921875,836.8840889272213,855.3992919921875,13203379,71.24863877125973,54.83514699200009,44.50502351009659,876.628766789544,633.8359487866278,29.40400145511968,91.99998918153221
2012-03-02,870.2113887011125,888.7264960498939,866.5083672313561,877.617431640625,17798941,73.378221279814,57.36758006895843,47.077534821868966,893.4570653337603,635.893093357646,29.6842302124473,94.54546288565344
2012-03-05,896.132663262973,918.3508911132812,896.132663262973,918.3508911132812,19806766,76.7746780421419,61.947311240246336,50.051490105544445,918.3641158688707,631.3527115237074,30.473460873890794,100.0
2012-03-06,955.3809186643844,955.3809186643844,881.3203979536759,888.7264404296875,26739379,69.79994200371189,62.46626339979787,52.53444476439513,932.5138965650013,634.9774547533581,33.586822290806346,74.99999822056682
2012-03-07,907.2414297052024,907.2414297052024,866.5082013363543,899.8353881835938,23680199,70.86869421373277,63.04716746642714,54.63698930480154,947.6859150416158,635.3581340306498,34.097279867809334,78.57137498136174
2012-03-08,873.9143991065558,888.7264847980505,855.3992919921875,855.3992919921875,26473197,61.49413974858002,59.23904568607952,55.55740058105714,954.1791254672905,637.7521916713813,34.835766748066256,59.090941263490606
2012-03-09,855.3992492652526,855.3992492652526,814.6659196976619,851.6962280273438,27721534,60.7726759163276,55.28498453691839,55.50291737222939,958.9132931512622,645.2380130010815,35.25702428709907,55.555573413098436
2012-03-12,851.696200696051,851.696200696051,810.9628724356102,814.6658935546875,11709874,53.955595344335315,48.603058270817655,54.12294555194705,956.7361834845766,659.2648052849546,35.64819080885868,38.70965733048206
2012-03-13,822.072021484375,829.4780644945242,807.2599354640763,822.072021484375,8413593,55.041813628772466,43.404852076430984,51.97932685684384,955.1617226186972,671.9483481820839,34.68890068182934,33.333359935409256
2012-03-14,822.072021484375,836.8841075046736,796.1508229735523,822.072021484375,13692652,55.041813628772466,38.837541216710065,49.35096972881709,950.7746678998155,688.5553919146375,35.120642385350195,16.27913196793063
2012-03-15,822.0720439439891,859.1023559570312,796.1508447249803,859.1023559570312,23665553,60.45187221053866,37.77055749575345,47.034887282204366,946.2470541687433,709.3763345031318,37.108561588685966,39.53494639964818
2012-03-16,892.4294131704138,892.4294131704138,818.368896484375,818.368896484375,31722114,52.909542167415125,33.254775106920306,44.27886484714756,936.7869351380165,730.3158297545616,39.7479869527826,13.953438522050671
2012-03-19,818.3689031083579,844.2900505755748,807.2598399081221,829.4779663085938,18494749,54.57414256638403,30.22399076994418,41.46789003170689,930.939666542009,745.4206606064286,39.55386007525904,20.93017855101391
2012-03-20,844.2900390625,847.9930600787494,833.1809760137518,844.2900390625,12780757,56.7684655671149,28.686601543052802,38.91163233397607,919.2418892353909,769.3384147196872,38.051091053465946,30.232485812491667
2012-03-21,870.2112788207684,885.0233628294926,851.696173809863,862.8052368164062,22274785,59.40804417961976,28.632177308129826,36.85574132880683,912.1554068876856,787.1636665986425,38.242679104432135,41.86043696932332
2012-03-22,851.6962705693138,870.2113776836821,851.6962705693138,855.3992919921875,10527976,57.88560030058542,27.672456997832228,35.019084462611914,909.215114884493,796.3991124104289,36.833566819427574,37.209340835713974
2012-03-23,851.6962705693138,866.5083562608085,851.6962705693138,855.3992919921875,10331630,57.88560030058542,26.605183740501275,33.33630431818979,909.4351386870966,798.7712211761847,35.26060388171808,37.209340835713974
2012-03-26,862.8052917410704,862.8052917410704,851.6962280273438,851.6962280273438,8760436,57.037962820200946,25.170406897926682,31.70312483413717,907.9917460418529,798.3630940460376,33.53549386971869,50.00009153606175
2012-03-27,847.9931030273439,859.1022625893287,844.2900818235462,847.9931030273438,20462669,56.15243934405471,23.464045760320687,30.055309019373873,907.8471539927448,800.3591997670208,32.19811436229468,53.84611464271464
2012-03-28,836.8839970300012,847.9930600787494,836.8839970300012,844.2900390625,5991212,55.22905770981769,21.564355484256453,28.357118312350387,907.6484609183359,799.8172739449454,30.69175662194096,49.9999179366016
2012-03-29,840.5870180462506,851.6961770455861,840.5870180462506,844.2900390625,9312752,55.22905770981769,19.830246516009538,26.651743953082217,907.2493890899356,799.1054204803769,29.292999648897712,49.9999179366016
2012-03-30,851.6962705693138,862.8053348379349,847.9931531958423,855.3992919921875,14540655,57.65197597163935,19.131836629112968,25.14776248828837,904.9235884393798,799.2094071660889,28.523163657936085,61.53857144925933
2012-04-02,855.3992919921875,855.3992919921875,855.3992919921875,855.3992919921875,0,57.65197597163936,18.36662276753748,23.791534544138194,891.6918401080127,806.1459955853468,26.485794825226364,61.53857144925933
2012-04-03,866.5082578185873,866.5082578185873,855.399194812044,862.8052368164062,7640095,59.35272017614909,18.148577616753187,22.662943158661193,886.7308841262565,808.5148312057748,25.38745683817757,69.23076772709055
2012-04-04,870.2113342168882,870.2113342168882,847.9931108388419,851.6962280273438,8150171,55.73673301640884,16.88473438875758,21.50730140468047,875.7873149300738,814.6444843863326,25.16108301959677,52.17401757124406
2012-04-05,847.9932000653837,892.4295555465131,847.9932000653837,870.21142578125,14485466,60.09986494974087,17.179121032220564,20.641665330188488,878.236561072926,813.6764516223866,26.537888195420535,73.91311031306518
2012-04-06,885.0235072007388,885.0235072007388,859.1023559570312,859.1023559570312,7184572,56.50115978051045,16.32779877508483,19.778892019167756,879.0509728274859,813.6026526607953,26.493835556012463,43.750213334559874
2012-04-09,870.211420775763,885.0235072007388,855.3993343507873,859.1023559570312,13682676,56.50115978051045,15.474736621772308,18.91806093968867,878.1021781523751,818.9950935761404,26.717431077008108,40.000243980669026
2012-04-10,851.6963589044602,888.7265769738494,851.6963589044602,873.9144897460938,17872385,60.18754741366852,15.81162752617604,18.296774256986144,880.002461097519,822.2790574571684,27.454058719321043,66.66688337481486
2012-04-11,888.7265191991986,914.6477661132812,881.3204760667755,914.6477661132812,61328997,68.17499768989401,19.144762075713516,18.466371820731617,893.3723870439862,818.1667059735919,28.40257426559722,100.0
2012-04-12,959.083984375,959.083984375,944.2718987361422,959.083984375,43304841,74.24538869546751,25.082787899497134,19.78965503648472,920.380219577509,801.1570362818659,29.547834551034473,100.0
2012-04-13,970.193129352118,973.8961510700306,955.3810424804688,955.3810424804688,28919989,72.99587497330938,29.153852221137072,21.662494473415194,937.34724694148,797.8912235175045,28.75978269664357,86.48652105407201
2012-04-16,951.6779472142232,999.8173217773438,947.9749257824908,999.8173217773438,14033976,77.81990881484157,35.55596931480909,24.441189441693975,965.1841286836093,787.0882773222502,30.40854078937281,100.0
2012-04-17,992.4112304903772,1007.2233154945696,970.1930070334956,985.0051879882812,32506225,73.13024322410081,38.985082070954036,27.34996796754599,983.1861932787849,783.1577276196526,30.88152419449433,86.6666939637331
2012-04-18,981.3022468944476,992.4113115550304,944.2719354085696,951.677978515625,46213737,63.81227183295815,38.56885362201285,29.593745098439364,991.6367239503627,783.5944711179966,32.114227905349075,65.11633135243441
2012-04-19,933.1627560640544,959.083903753088,925.7567138671876,925.7567138671876,30580122,57.65865077500649,35.73542442513792,30.822080963779076,995.3258222123543,786.9411150435051,32.20086804681702,48.83721853933349
2012-04-20,925.7567138671876,951.6778615562212,914.6476505718872,925.7567138671876,11632609,57.65865077500649,33.108259961202975,31.279316763263857,998.5141545875678,790.7885248557917,32.54582111378252,48.83721853933349
2012-04-23,925.7567321089,951.6778803087008,918.3506897660998,922.0537109375,10404013,56.75192825861954,30.377241871578576,31.098901784926802,1000.6631572454921,795.6752704888829,32.601633215840984,46.51165289825811
2012-04-24,925.7568225586126,944.2719302246048,914.6477579590174,940.5689086914062,13405456,60.12818105005757,29.36837177179609,30.75279578230066,1004.1056316195832,801.4903766811981,32.38895743368001,58.139572640825946
2012-04-25,959.0839115791508,981.30213430164,947.9748481932016,973.89599609375,12540896,65.36887183595246,30.901835255380888,30.782603676916708,1011.405390367977,807.1512136359291,32.98497658914813,78.57135500397295
2012-04-26,973.896107836791,973.896107836791,951.677978515625,951.677978515625,15773497,59.732189614050704,29.978731622266196,30.62182926598661,1013.631881780865,815.6635161683538,32.21591607000655,64.28571728222387
2012-04-27,959.08396596605,962.7869873046876,947.9749019501376,962.7869873046876,9472589,61.51890222298317,29.800053048186896,30.457474022426666,1017.1011890178656,822.9329784626032,30.972785304616803,71.42853614309847
2012-04-30,962.7869873046876,962.7869873046876,962.7869873046876,962.7869873046876,0,61.51890222298318,29.32046096823092,30.230071411587517,1019.2480534944328,831.524883517286,28.760443497144173,64.70585699906594
2012-05-01,962.7869873046876,962.7869873046876,962.7869873046876,962.7869873046876,0,61.51890222298318,28.61057588030826,29.90617230533167,1020.7998738575455,839.9712382030012,26.70612610449102,51.99999024906333
2012-05-02,959.0839291367976,962.7869503332377,929.459759565279,933.1627807617188,13391022,53.59806219209168,25.365167088561634,28.997971261977664,1016.9387629342832,851.9790043997011,27.17906193555656,19.999996981166767
2012-05-03,933.1627378229232,936.8657588489712,914.6476326926828,929.459716796875,10757648,52.68489984775477,22.238005045541172,27.645978018690364,1014.24735961822,860.595236817327,26.824709379894546,15.9999728394013
2012-05-04,929.4598130972846,962.7870057847144,929.4598130972846,959.083984375,8363710,58.74094706094293,21.897714191338082,26.49632525321991,1010.2766620962923,874.5640971810515,27.289179351890613,48.00002585712661
2012-05-07,962.7868901986,981.3020909749516,955.3808482682938,970.1929321289062,18939022,60.768776071226235,22.26774181366909,25.65060856530975,1004.3264784968426,891.6233383976887,27.191469591516846,71.42833292975541
2012-05-08,970.1930543728856,1018.3324289360064,966.4900329411532,999.8173217773438,30038631,65.62125115973848,24.66708522974477,25.453903898196753,1003.460841697841,905.0792583998152,28.952250048898012,82.1428909256743
2012-05-09,1003.5202388707856,1014.6293020109484,981.30211259046,996.1141967773438,14027183,64.54650030037585,25.97040032519169,25.557203183595743,1007.2103331569475,909.4764100071151,29.264745718297334,78.57136922319667
2012-05-10,992.4112789138788,1018.3324289360064,992.4112789138788,999.8173217773438,13387201,65.16098885411645,26.990963145553906,25.843955175987375,1012.653579073381,908.1064978309159,29.02591745428521,82.1428909256743
2012-05-11,999.8173641535064,1022.0354936855924,999.8173641535064,1003.5203857421876,21956810,65.7993501809558,27.778361191231966,26.230836379036298,1018.4168239507949,907.157187279674,28.539649915282602,82.75865840681259
2012-05-14,1003.5204207639348,1003.5204207639348,955.3810424804688,955.3810424804688,16368904,52.366259827349666,24.238530440429713,25.83237519131498,1013.4495522820167,907.6808310187645,29.93963051300999,37.931111962901845
2012-05-15,955.380901480101,962.7869438229012,922.0537109375,922.0537109375,21402795,45.44859027916457,18.530345650015306,24.371969283055048,1011.6534874585234,903.1817481371797,30.710602111037936,6.89656929222772
2012-05-16,936.8658250424944,936.8658250424944,910.944580078125,910.944580078125,17459739,43.39094011250055,12.96075059580869,22.08972554560578,1013.4482494604401,897.3136462915129,30.368505171990183,0.0
2012-05-17,892.4294496195531,929.4597574502804,892.4294496195531,903.5385131835938,11667208,42.02494084966489,7.858609526472719,19.24350234177917,1015.4883100716253,893.0517656119686,30.84434821904284,8.571408566702445
2012-05-18,914.6476850463208,914.6476850463208,870.2113342396586,888.7264404296875,18853691,39.35636659383141,2.5900589017358016,15.912813653770497,1019.2503736846746,885.5866746551691,31.815205546729935,12.195098762672412
2012-05-21,888.7265191991986,925.756830811916,888.7265191991986,914.6477661132812,8640930,45.8381128386043,0.500558792707352,12.830362681557869,1019.6659175460705,884.4305363113514,32.18771874926555,29.268353624211503
2012-05-22,914.6477661132812,925.756830811916,907.2416270302564,914.6477661132812,4173152,45.8381128386043,-1.1422183159925225,10.035846482047791,1020.2634666346643,881.2408729649452,31.211110537293695,29.268353624211503
2012-05-23,925.756761179448,925.756761179448,903.5385375027608,910.944580078125,11366852,45.04048995508622,-2.7116885171687954,7.486339482204475,1018.3926597027297,876.8165382953172,30.5687614758218,26.829225326929546
2012-05-24,888.7264829792359,907.2415900557124,881.3204401486454,892.4295043945312,12772903,41.18203589599082,-5.387414073850891,4.911588770993402,1019.5515097770872,869.7328408088504,30.50128850822593,14.63414665752504
2012-05-25,933.1627560640544,933.1627560640544,907.2415124244312,925.7567138671876,8679350,49.5584277431439,-4.763804405924361,2.9765101356098493,1017.6421697222532,867.9391535199342,31.23214301974716,36.58533650391082
2012-05-28,925.756830811916,947.9749602091854,910.944648596468,914.6477661132812,2017165,47.14813299851301,-5.107116829872666,1.3597847425133462,1015.6227645400161,865.1446365830309,31.64629791924503,29.268353624211503
2012-05-29,918.3506938862398,918.3506938862398,892.4294496195531,903.5385131835938,5087595,44.801517306759514,-6.204101249523774,-0.15299245589407784,1013.6059500570387,861.2366036538987,31.23736551549086,21.951169738438946
2012-05-30,892.4295043945312,922.0537716674912,888.7264829792359,892.4295043945312,2968754,42.52238157528101,-7.879048703938906,-1.6982037055030437,1014.1817020248291,856.5875240493897,31.386645742116894,14.63414665752504
2012-05-31,892.4294616676932,892.4294616676932,881.3203979536759,888.7264404296875,8372413,41.75976524164034,-9.396940858252492,-3.2379511360529336,1014.8491039304722,851.8467945070279,29.938250077741074,13.88885534569857
2012-06-01,892.4294616676932,892.4294616676932,881.3203979536759,888.7264404296875,6737752,41.75976524164034,-10.479084957976738,-4.686177900437695,1012.7159261678016,846.9442178751672,28.59330819461795,19.99998301213492
2012-06-04,859.1022705031615,881.3203979306147,851.6962280273438,851.6962280273438,12372144,34.569485401710224,-14.161475940477771,-6.58123750844571,1011.4524830570671,836.3579905757455,29.195944209455508,0.0
2012-06-05,847.9931108388419,862.8052917410704,847.9931108388419,851.6962280273438,13873503,34.569485401710224,-16.885155759354916,-8.642021158627552,1002.0450761544992,830.9532881033133,28.168532544653583,3.7037894496081463
2012-06-06,870.2114679391549,873.9144897460938,855.3993807113992,873.9144897460938,7151458,41.57024337550903,-17.054272565704878,-10.324471440043016,989.1817184301949,831.5966751244925,27.743513199946182,25.92608465486202
2012-06-07,862.8053330721689,903.5385686404172,862.8053330721689,892.4295043945312,7028344,46.68916927638171,-15.515439578032897,-11.362665067640993,971.8862018715098,838.1534099448965,28.671350511967766,44.44446050511849
2012-06-08,914.6476850463208,914.6476850463208,885.0234191916817,888.7264404296875,3263804,45.82447203622769,-14.428388185137464,-11.975809691140288,947.7124224647239,850.8477948204325,28.73941589358715,40.74072428883067
2012-06-11,899.8355041437047,899.8355041437047,888.7264404296875,888.7264404296875,2495188,45.82447203622768,-13.412283667226461,-12.263104486357523,936.68775342354,855.2070036565381,27.48010502361787,40.74072428883067
2012-06-12,885.0234375,892.4294801292191,885.0234375,885.0234375,3935626,44.86091318672864,-12.758740091547793,-12.362231607395577,933.1725129787023,855.0192167576258,26.04624342401796,37.03704911877938
2012-06-13,885.0234745801375,888.7264960498939,877.617431640625,877.617431640625,5936659,42.91722289629447,-12.692098269281928,-12.428204939772847,931.3228857141006,853.5361291784776,24.979302065821596,29.62969877867679
2012-06-14,888.7265769738494,888.7265769738494,873.9144897460938,873.9144897460938,6551594,41.938809076194836,-12.790638095055897,-12.500691570829458,930.3138465907343,851.5827659580939,24.253072434531177,25.92608465486202
2012-06-15,892.4295407654103,914.6477661132812,881.3204760667755,914.6477661132812,17955381,54.28508577446774,-9.47270123302269,-11.895093503268106,932.9847555592552,851.5039895579324,25.430229858292343,90.00008172848351
2012-06-18,910.9445335228644,936.8657771624876,910.9445335228644,925.7567138671876,3089533,56.97232429798023,-5.879043172907018,-10.691883437195889,935.0993629938404,850.5002768987378,25.46530227124455,87.50002249865632
2012-06-19,907.2414297052024,922.0536086990008,899.8353881835938,899.8353881835938,4146831,49.639891388053194,-5.064299525947376,-9.566366654946188,933.2523022002582,850.8660998993511,25.497875372126643,58.333208048421724
2012-06-20,896.1323674227893,907.2414297052024,896.1323674227893,899.8353881835938,1746738,49.6398913880532,-4.368254793703272,-8.526744282697607,931.9168212929839,851.0906616171725,24.470103008575677,58.333208048421724
2012-06-21,881.3202843795718,903.5384089443982,881.3202843795718,899.8353881835938,1657586,49.6398913880532,-3.773139920364315,-7.576023410230949,932.4581855163389,851.2898857727236,24.309247405450726,58.333208048421724
2012-06-22,888.7263259011806,899.8353881835938,888.7263259011806,899.8353881835938,1685393,49.6398913880532,-3.263883083185874,-6.713595344821934,928.1499334134468,853.0060053072563,23.366377039519467,58.333208048421724
2012-06-25,899.8353881835938,903.5384089443982,888.7263259011806,899.8353881835938,2782384,49.6398913880532,-2.827697434875745,-5.936415762832697,925.9678847261736,853.7068162015609,22.755356039783614,54.545198275553396
2012-06-26,885.0234191916817,892.4294616676932,885.0234191916817,888.7264404296875,2678798,45.96730253452274,-3.339915936541388,-5.417115797574436,924.6473513517794,853.5461423005643,22.18797125064993,34.99993508803044
2012-06-27,885.023407243526,903.5385131835938,885.023407243526,903.5385131835938,2322616,51.156237155588194,-2.521575159055601,-4.838007669870668,925.7647490384713,853.5396454927786,21.925623728465492,47.05864590433346
2012-06-28,885.0234191916817,903.5385253817104,885.0234191916817,888.7264404296875,1282936,46.361510933105286,-3.0332789273306844,-4.477061921362672,925.7647490384713,853.5396454927786,21.682015332862868,23.529225995998313
2012-06-29,907.2415466197164,907.2415466197164,888.7264404296875,888.7264404296875,1052415,46.361510933105286,-3.3996191568644463,-4.2615733684630275,925.7647490384713,853.5396454927786,21.455807536946153,23.529225995998313
2012-07-02,888.7264588146095,896.1325014438286,885.0234375,885.0234375,2486910,45.134959222913565,-3.9432920016665776,-4.197917095103738,922.8406053298266,859.796510148689,20.716754423152043,17.64689525795663
2012-07-03,885.0235122914254,885.0235122914254,866.5084041537061,870.21142578125,10115543,40.517380429253954,-5.505893689526829,-4.459512413988357,919.6908356909793,864.797799562927,20.55949397419256,5.263160730975123
2012-07-04,870.21142578125,885.0235122914254,870.21142578125,870.21142578125,1380791,40.51738042925395,-6.667409043952489,-4.901091739981183,920.070474285684,864.0478545717378,20.148964869619906,5.263160730975123
2012-07-05,866.5083618164062,873.9144047096373,862.8053403697908,866.5083618164062,1272535,39.35013020023181,-7.796847440838292,-5.4802428801526055,921.0116222189164,860.514592380693,19.50325768892181,4.999999469326165
2012-07-06,888.7265288069827,888.7265288069827,855.3993343507873,859.1023559570312,1949664,37.05116699288951,-9.183674601643816,-6.220929224450848,922.6869009844977,855.876905167846,20.49068174372707,5.555565104345347
2012-07-09,859.1022705031615,870.2113342168882,847.9931108388419,851.6962280273438,5698497,34.85795983805208,-10.756365065593059,-7.1280163926792905,924.8309512854248,850.0298336266846,20.614077574749874,6.250151822062558
2012-07-10,833.1811335569969,855.3993598062457,833.1811335569969,836.8841552734375,7348017,30.916336678271705,-13.047540149447855,-8.311921144033004,928.7391793060997,841.3076773833534,20.72865962292837,5.000001435726049
2012-07-11,818.3690466912346,851.6963380898052,818.3690466912346,836.8841552734375,2708516,30.916336678271705,-14.693930427118175,-9.588323000650039,931.6686503275891,834.3048787251453,21.628561892617093,20.833338318492785
2012-07-12,836.8840394159511,866.5083049969239,836.8840394159511,847.9931030273438,1330908,37.102650339927784,-14.930201274814863,-10.656698655483005,932.713502857246,830.6678875236133,22.199683584642504,33.33320921539109
2012-07-13,851.696173809863,870.2112788207684,847.993056857095,862.8052368164062,5709,44.26877781729398,-13.76357430023802,-11.278073784434008,928.3068530248386,829.8902844263332,22.201007754573283,49.999932668632816
2012-07-16,862.8052917410704,866.5083129789792,851.6962280273438,851.6962280273438,4537188,40.538334437880096,-13.578889203041967,-11.7382368681556,920.8211815191985,829.969907347989,21.67322755436344,37.499993094521315
2012-07-17,844.2901317729686,862.8053348379349,844.2901317729686,855.3992919921875,14892380,42.28426800833261,-12.984046611712301,-11.987398816866941,917.9077752096731,828.4397040383739,21.44765437654936,41.66670829643835
2012-07-18,870.2113776836821,870.2113776836821,847.9931531958423,855.3992919921875,1798955,42.284268008332596,-12.370035503271993,-12.063926154147952,914.508903841506,827.3949657874002,21.502695098784393,41.66670829643835
2012-07-19,855.3992974765598,870.2113832630218,851.6962760299443,866.5083618164062,7175444,47.633931498637835,-10.861809999248408,-11.823502923168043,910.6865809276325,827.884586064555,21.289295965519617,61.90480512771437
2012-07-20,877.6173766927059,881.3203979306147,851.6962280273438,851.6962280273438,7023462,42.03883545051456,-10.73796524850843,-11.606395388236121,906.3539428047853,827.4033081717772,21.88464410393043,47.36835420187598
2012-07-23,866.5083991695191,873.914442382007,855.3993343507873,859.1023559570312,4406645,45.48671241221052,-9.927763683041917,-11.27066904719728,901.2411970659822,828.4427506879241,21.908470550411344,57.89477968922267
2012-07-24,855.3992492652526,862.8052917410704,847.9931108388419,851.6962280273438,5656256,42.748185427169716,-9.770655696705148,-10.970666377098855,898.0154842126524,827.9654423010195,21.401592718398287,47.36835420187598
2012-07-25,851.6962280273438,855.3992492652526,847.9931108388419,851.6962280273438,5349319,42.748185427169716,-9.536218890353439,-10.683776879749772,890.049324705284,830.747373292763,20.40191741182775,47.36835420187598
2012-07-26,851.6962280273438,862.8052917410704,851.6962280273438,851.6962280273438,4787875,42.748185427169716,-9.243868470672169,-10.395795197934252,885.2253967924034,831.8682799654091,19.738142147677674,52.94116914087912
2012-07-27,825.7749834113886,851.6962280273438,825.7749834113886,851.6962280273438,2086576,42.748185427169716,-8.909475766127912,-10.098531311572984,879.3986856188219,833.9919698987562,20.17979232398321,52.94116914087912
2012-07-30,825.7749834113886,851.6962280273438,825.7749834113886,851.6962280273438,2086576,42.748185427169716,-8.545954692583223,-9.788015987775033,873.4699155889282,836.5880189813843,20.589896059124065,52.94116914087912
2012-07-31,862.8052917410704,862.8052917410704,851.6962280273438,851.6962280273438,2833328,42.748185427169716,-8.16375493761143,-9.463163777742313,871.140536108932,837.0658786859898,19.912693748738537,46.6667587960532
2012-08-01,851.6961770455861,851.6961770455861,836.8839970300012,844.2900390625,1152392,39.07808901703608,-8.362083537747935,-9.242947729743438,868.5819538633144,837.0323222597325,19.54837498078168,33.333184766679054
2012-08-02,836.8840758031661,851.6962572129733,836.8840758031661,840.5870971679688,251959,37.35144051538936,-8.717566170036775,-9.137871417802106,866.7979672778766,836.2241823803264,19.210075439997787,26.666672460340003
2012-08-03,844.2900818235462,847.9931030273439,844.2900818235462,847.9931030273438,201440,42.79549757047504,-8.305940230255601,-8.971485180292806,865.8842207822072,836.0270035830272,18.366927612810457,39.99991683969652
2012-08-06,840.5870606197486,862.8052837931263,840.5870606197486,847.9931030273438,2275280,42.79549757047505,-7.888786685068112,-8.754945481247868,865.7521516194151,835.7887602458193,18.64202015285097,39.99991683969652
2012-08-07,847.9931030273439,851.6962201817336,844.2900818235462,847.9931030273438,810644,42.79549757047505,-7.47205628145889,-8.498367641290072,864.8972131046725,837.7545935359525,17.83945716751786,39.99991683969652
2012-08-08,851.6962201817336,851.6962201817336,844.2900818235462,847.9931030273438,3570741,42.79549757047505,-7.060406463457753,-8.21077540572361,863.7688068931775,839.9938945228382,17.09422010970854,39.99991683969652
2012-08-09,847.9931951876968,859.1023559570312,847.9931951876968,859.1023559570312,1357442,51.32890083613907,-5.771220116348445,-7.722864347848576,864.5944086922187,840.2792180167656,16.666722453992755,69.23088305995255
2012-08-10,851.6961770455861,851.6961770455861,844.2900390625,844.2900390625,716822,42.27392229344667,-5.877014267705704,-7.3536943318200025,863.1531634199504,839.8689435136433,16.53426491403122,49.999733964598384
2012-08-13,840.5870180462506,844.2900390625,840.5870180462506,844.2900390625,670973,42.27392229344667,-5.892926901758187,-7.06154084580764,863.2209594002721,839.0605286368371,15.61774749276109,49.999733964598384
2012-08-14,844.2900818235462,851.6962201817336,840.5870606197486,847.9931030273438,1386947,45.082852928979285,-5.542837089056661,-6.757800094457444,862.7546781614255,838.7861909791995,15.29570549770565,59.99982343691731
2012-08-15,847.9930600787494,847.9930600787494,844.2900390625,844.2900390625,1582444,42.83802484555428,-5.500785078134982,-6.506397091192952,862.3250232385584,838.1049206090978,14.467659673929802,49.999733964598384
2012-08-16,840.5870971679688,847.9931398975742,840.5870971679688,840.5870971679688,769040,40.65787312156387,-5.700542712695778,-6.3452262154935175,859.0779513171425,838.75986606567,13.963258463620921,39.999974142012356
2012-08-17,836.8839970300012,847.9930600787494,836.8839970300012,844.2900390625,2362309,43.7412865532532,-5.496693156019319,-6.175519603598678,858.8206824961079,838.2765159902202,13.759387362558586,28.571265884092607
2012-08-20,847.9931030273439,847.9931030273439,844.2900818235462,847.9931030273438,1955183,46.72261973557572,-4.9789404730400975,-5.936203777486962,856.9838401980394,839.0024329953201,13.041078548436106,42.857077655365806
2012-08-21,847.9931218407871,847.9931218407871,807.2598876953125,807.2598876953125,11212959,28.70364872443257,-7.765927024565599,-6.30214842690269,865.9323076053503,825.6103315548061,15.019089662510286,0.0
2012-08-22,773.9327392578125,792.4478478672681,770.2296695606186,773.9327392578125,5023915,21.42366115442708,-12.519538847418175,-7.545626511005787,879.5912481506401,804.1750421325629,16.591313124809115,4.000048747063632
2012-08-23,740.6054130334288,773.9326527819094,736.90234375,736.90234375,8842795,16.435668699397382,-19.055197451730237,-9.847540699150677,896.0026192907688,776.2842825647,18.05124758073793,0.0
2012-08-24,703.5751442721596,770.2296275842336,703.5751442721596,755.4175415039062,5581113,25.74488573474251,-22.481578617740297,-12.374348282868603,900.6588215304786,762.0002116726465,21.522907275833365,33.33332904906018
2012-08-27,729.496332467971,733.1993539351593,718.3872680664062,718.3872680664062,7715662,20.762983324883493,-27.86384688677674,-15.472248003650233,909.6206632284159,739.7074739786153,22.630576287380983,9.523814922020776
2012-08-28,718.3872372093427,740.6054130334288,718.3872372093427,736.90234375,2415164,28.240180621283216,-30.28620092466076,-18.43503858785234,911.3720381288889,726.4767106504079,22.601119111431345,21.428532741503638
2012-08-29,762.8235108975066,770.2295532226562,759.1204897349318,770.2295532226562,721704,39.33687545917229,-29.1803339488348,-20.584097660048833,909.3094733008871,721.1332268944253,23.36726842294741,44.9999492247736
2012-08-30,803.5568288538053,803.5568288538053,777.6356330883124,799.853759765625,1973650,47.15885985141243,-25.618189967778903,-21.590916121594848,906.7227558328875,719.6466106221906,24.07869750924753,64.99994339241924
2012-08-31,799.853759765625,799.853759765625,762.8235006614758,799.853759765625,2649081,47.15885985141243,-22.535391236549685,-21.779811144585818,903.0128047065124,718.5426274223938,25.003809051740507,64.99994339241924
2012-09-03,799.853759765625,799.853759765625,799.853759765625,799.853759765625,0,47.15885985141243,-19.863279509956442,-21.39650481765994,899.0154665351079,717.7260312676265,23.2178226909019,66.66663325198672
2012-09-04,799.8537611030831,814.6658935546875,799.8537611030831,814.6658935546875,1729120,51.09667652537173,-16.361787803555558,-20.389561414839065,895.4884205636015,717.9203562918672,22.617416340770518,76.92306544031428
2012-09-05,796.1508545218578,807.2599674525919,785.0417895664256,803.5569458007812,1183808,48.1957795542062,-14.318178591689161,-19.175284850209085,891.1140329309899,717.8511282018226,23.11789402987705,69.23085561221782
2012-09-06,785.0416932435626,799.8537780333958,785.0416932435626,796.1507568359375,783262,46.30820486591697,-13.144697233813417,-17.969167326929952,884.0987668885766,718.5712343321266,22.789133924687167,64.10255435116164
2012-09-07,792.44775390625,796.1507751890715,788.7447326234284,792.44775390625,2302663,45.35181760335708,-12.370902133187087,-16.849514288181382,879.0530895316549,718.4326831734231,21.69034168475545,61.5384671149117
2012-09-10,785.0417616398613,785.0417616398613,755.4175415039062,755.4175415039062,7317875,37.10020271241154,-14.577650526522348,-16.395141535849575,873.8292463328071,714.7692766164116,22.78604673601176,46.66670948442356
2012-09-11,736.9023997292387,744.3084908834072,725.7933349609375,725.7933349609375,2666699,32.07267328731511,-18.503641948927566,-16.816841618465173,869.1144913330256,707.2640548095526,23.274486722222974,20.00003675578082
2012-09-12,725.793292368218,733.1993351124665,718.3872496239694,722.0902709960938,3697676,31.49807864546584,-21.664094554002418,-17.78629220557262,863.6202010753415,700.538368260596,22.670029491242556,16.66666832613232
2012-09-13,718.3872783277873,755.4175415039062,718.3872783277873,755.4175415039062,4080179,41.63293271736111,-21.234762684945053,-18.475986301447108,855.2904841378245,700.3511296317067,23.69576046873373,38.46159231983714
2012-09-14,785.0417113406068,792.44775390625,777.6356687749636,792.44775390625,1667138,50.411726970724395,-17.702422907178175,-18.321273622593324,846.5600533707272,703.897331883179,24.648221321134447,76.92308919565454
2012-09-17,796.1507287325919,829.4779663085938,792.4477076658467,829.4779663085938,4870022,57.32419867310345,-11.779206161365437,-17.012860130347747,842.0485250917391,706.5573464902923,25.532652558392492,100.0
2012-09-18,851.6961922687158,870.2112976808999,788.7446899414062,788.7446899414062,14827002,49.199730678037206,-10.25365148483354,-15.661018401244906,839.7179565467616,707.0363952598791,29.527935071328287,46.341433533016094
2012-09-19,796.1507758621586,825.7749941250737,792.4477545762064,807.2598876953125,6247629,52.495489913636106,-7.464569778010286,-14.021728676597982,843.0952406851919,706.9918259651987,30.063818579352514,58.536601552092684
2012-09-20,807.2598607989955,807.2598607989955,770.2295532226562,770.2295532226562,8989046,46.059405203281166,-8.14831227586194,-12.847045396450776,842.4210713660797,710.9987162315766,30.56142685744564,34.146305715183665
2012-09-21,781.3386907183498,807.2598876953125,781.3386907183498,807.2598876953125,18399654,52.35071191328124,-5.637162909968538,-11.405068899154328,845.5644256194264,713.0395965973705,31.02349168710354,58.536601552092684
2012-09-24,807.2598607989955,807.2598607989955,770.2295532226562,770.2295532226562,5573896,46.50892021495045,-6.559483815876661,-10.435951882498795,841.8821652893655,721.9060854430563,31.452551886071593,34.146305715183665
2012-09-25,740.6053894542953,770.229558976183,736.9023202887633,744.3084106445312,12614977,42.90011745740094,-9.27513141145721,-10.203787788290478,841.164641350087,723.3642160717881,31.58645808616788,17.073158931213595
2012-09-26,725.7932746133923,744.3084289963823,725.7932746133923,740.6054077148438,6477726,42.3940408061181,-11.592472280887591,-10.481524686809902,842.3857210173211,719.1807218537728,30.652793535940887,14.63414944814477
2012-09-27,740.6054503500679,740.6054503500679,729.496337890625,729.496337890625,2147284,40.837621589263044,-14.162138392135262,-11.217647427874974,842.2265102935839,712.3041903900098,29.256816316191035,7.317080797694146
2012-09-28,729.4962890895364,729.4962890895364,714.6842041015625,714.6842041015625,4792332,38.79261174180281,-17.195612389623193,-12.413240420224618,842.7254714509377,703.2882736662498,28.225053278538997,0.0
2012-10-01,744.3084532073839,748.011474609375,722.0902768201385,748.011474609375,13687345,45.41582198875416,-16.71771873017019,-13.274136082213733,839.7846711465663,701.0448454549962,28.589497366344247,21.428594684572833
2012-10-02,729.496295894931,744.3084289963823,729.496295894931,740.6054077148438,127359,44.269409291784456,-16.743582666855673,-13.968025399142123,834.0116354274309,699.4118325901474,27.869903176922804,16.66668039421591
2012-10-03,766.5265320600814,777.6356435231014,744.3084050846325,770.2295532226562,3805719,49.735059865384265,-14.209856677403536,-14.016391654794406,830.1175253564745,699.9732034032911,28.52421265058958,35.71425906751032
2012-10-04,770.2295365539276,807.2598433288848,770.2295365539276,788.7446899414062,6753247,52.84761905264042,-10.58581707075416,-13.330276737986358,829.0828151256463,700.2673069446661,29.13179080233013,47.61902517136931
2012-10-05,814.6658921924616,814.6658921924616,792.4477175398541,799.853759765625,2096765,54.661685843058756,-6.739640104401701,-12.012149411269428,830.2061828910332,699.8845397652167,28.902463048667645,54.76187698487137
2012-10-08,781.3386907183498,810.9629089812647,781.3386907183498,807.2598876953125,1674143,55.88033870261107,-3.058646348858133,-10.221448798787168,835.2636492896656,700.0113079857249,28.954016992542453,83.33335605423035
2012-10-09,796.1507751890715,807.2598870128335,792.44775390625,792.44775390625,2157897,52.82229950580416,-1.3214152318320203,-8.44144208539614,836.4492390059424,705.4911601639794,27.94388247800817,77.77779240333311
2012-10-10,796.1507751890715,799.8537964718931,770.2295782340233,792.44775390625,373800,52.82229950580416,0.054722141699244276,-6.742209239977063,836.3711145452485,712.605032915689,28.063906460855435,77.77779240333311
2012-10-11,814.6658921924616,822.0719344182324,796.1507386527395,799.853759765625,1535108,54.273371600115425,1.7230613246531448,-5.049155127051022,838.900051358673,714.5197179284364,28.175354607364508,79.31032289527914
2012-10-12,785.0416753140832,807.2598499666907,781.3386542011978,799.853759765625,1012934,54.273371600115425,3.0105286466294956,-3.437218372314919,839.7512492776813,714.4091205953656,28.01434326151654,79.31032289527914
2012-10-15,792.4478097484862,799.8538528360186,781.3387451171875,781.3387451171875,869229,49.82962566011248,2.5079388711329784,-2.2481869236253393,832.3714124157084,716.9750353381978,27.33582643703901,62.06904719847508
2012-10-16,777.6356518304997,810.962890625,777.6356518304997,810.962890625,1346616,56.03259593046669,4.4487711516818536,-0.9087953085639007,835.4452574542098,716.1230103680558,27.763784462571962,89.65520198585669
2012-10-17,847.9931030273439,847.9931030273439,844.2900818235462,847.9931030273438,7048722,62.306202820219326,8.872645054274017,1.047492764003683,844.3874819358762,711.2541074195926,28.42567217255567,99.99999999999991
2012-10-18,873.9144474087939,873.9144474087939,851.6963176435307,870.21142578125,3671779,65.48816008093404,14.0099321770806,3.6399806466190667,860.9916577776976,704.6481188336306,28.246791616048135,97.56098016989887
2012-10-19,870.2113776836821,870.2113776836821,851.6962705693138,855.3992919921875,2396060,61.74598409462249,16.693620165598418,6.250708550414938,869.3082820691875,701.1454349718281,27.55167473004014,87.17948178776608
2012-10-22,862.8053348379349,862.8053348379349,840.5871103500949,855.3992919921875,1624472,61.74598409462249,18.605984029359206,8.721763646203792,878.8309953886187,700.1396955293501,27.170713998454413,85.71428068893765
2012-10-23,870.21142578125,885.0235122914254,870.21142578125,870.21142578125,2706393,64.12358945154664,21.07383551799319,11.192178020561673,889.3649423597897,702.196050071851,27.34596444851038,87.09680850844774
2012-10-24,870.2112788207684,870.2112788207684,851.696173809863,862.8052368164062,3217954,62.047024397324286,22.17637262992116,13.389016942433571,896.260550062709,707.5204252790879,26.715199271572995,80.64507880363347
2012-10-25,904.1886565656432,904.1886565656432,885.4490634289234,890.1339111328125,5452232,66.3742377982733,24.967526749920808,15.704718903931019,905.6829049315312,714.1618277344845,27.762929305691852,89.50817995474875
2012-10-26,913.5586677078,913.5586677078,894.8189710840694,908.8737182617188,2315469,68.98554447143883,28.364711580717426,18.2367174392883,914.1037456426311,725.1599384394001,27.453059824927262,96.73133383929125
2012-10-29,885.4490356445312,904.1886281932238,885.4490356445312,885.4490356445312,934147,62.45640418560039,28.834443400845544,20.356262631599748,919.0142480759195,733.9931921096273,27.165318595802994,80.38804811607228
2012-10-30,899.5038554235916,899.5038554235916,880.76416015625,880.76416015625,1285625,61.2086762128412,28.500146999876733,21.985039505255145,919.6387253886039,747.3845900410836,26.563488358055757,75.87273403265704
2012-10-31,880.764083345621,885.4490320440331,871.394287109375,871.394287109375,1072297,58.683569177820196,27.165991605066438,23.021229925217405,920.8449717580824,756.2948170602771,25.670006684955922,68.97921935716359
2012-11-01,857.3396121668228,876.0792061691911,852.6546630859375,852.6546630859375,2279561,53.89478364159264,24.316230429427378,23.2802300260594,920.7927036697715,762.7380824630409,25.509616427691473,55.19227981459633
2012-11-02,810.4903946427065,838.5998857595499,810.4903946427065,815.17529296875,1624720,45.83817481527205,18.816596217747247,22.38750326439697,920.132285103428,764.930654349697,26.699234428801436,27.61831092104216
2012-11-05,796.435646124958,843.2847809521886,796.435646124958,801.1205444335938,939985,43.22847282009073,13.17215532866635,20.544433677250847,920.4587752480926,763.9902298788605,28.138513028689232,3.999980742745853
2012-11-06,801.1205928202954,805.8055419921875,796.4356942286977,805.8055419921875,801481,44.365520311432256,8.973494547551468,18.230245851310972,919.5495936604391,766.2351902751077,26.797894081174988,8.000046225414446
2012-11-07,810.490400364652,843.2847900390625,810.490400364652,843.2847900390625,1136508,52.55256161137951,8.571481021385466,16.29849288532587,918.327566649425,772.5409208994032,27.560847935867848,39.999944742688974
2012-11-08,838.5998485416469,871.394287109375,833.9149504235239,871.394287109375,2651734,57.592990455957334,10.401185506250386,15.119031409510775,919.4673250436463,778.5552152395569,28.269311418009508,63.99992074265105
2012-11-09,871.394373422586,871.394373422586,833.9150330243375,862.0244750976562,635737,55.47739200662736,10.968733241249538,14.28897177585853,918.8303151857475,785.4092966306588,28.927170630883722,55.99994611333242
2012-11-12,852.6546630859375,866.7094091680069,852.6546630859375,852.6546630859375,211912,53.36626153531929,10.540943947322603,13.539366210151345,913.4963943267096,797.8748092865717,27.8648545916827,47.999971484013784
2012-11-13,847.9697854910731,857.3396333035535,833.9150390625,833.9150390625,474237,49.32359052447058,8.59075789525582,12.549644547172239,911.7444547010878,801.9219637559436,27.547693138066325,32.000022225376526
2012-11-14,838.5999193773953,871.394360715239,838.5999193773953,866.7094116210938,1800193,55.65460471107175,9.581009279134037,11.9559174935646,912.6838679446676,802.8541813717386,28.257095174828663,59.99995948399482
2012-11-15,866.7094139958906,904.1887033699868,866.7094139958906,880.76416015625,1676902,58.07217032247252,11.368838488348501,11.838501692521382,913.9131772187668,802.6801455351394,28.91582350154755,78.26090153482166
2012-11-16,847.969695358182,880.764083345621,847.969695358182,871.394287109375,1430673,55.88481728002426,11.892545705636621,11.84931049514443,914.9967849576672,803.1960373079578,29.19286930844187,69.56521039951767
2012-11-19,847.969695358182,876.0791346472089,847.969695358182,871.394287109375,136027,55.88481728002426,12.167330041624268,11.912914404440397,916.0310043518299,803.7613174255138,29.11548144991223,69.56521039951767
2012-11-20,885.4490320440331,890.133879581867,871.394287109375,871.394287109375,2181742,55.88481728002426,12.243957882735685,11.979123100099455,916.1383794161288,803.7722284940273,28.37434652295364,69.56521039951767
2012-11-21,880.764128652883,890.1339253711193,843.2847900390625,843.2847900390625,1250070,48.97315750502355,9.922108614376612,11.567720202954888,915.6301735105893,802.3283897218327,29.693974295032437,43.478250280704586
2012-11-22,871.3942542015872,876.0791015625,871.3942542015872,876.0791015625,269047,55.83576765825015,10.605993911812561,11.375374944726422,913.6341401355058,802.9189421398847,29.915426954204225,73.9129426800708
2012-11-23,880.764115756735,880.764115756735,843.2847776916872,847.9697265625,484674,49.66955804830968,8.77859214870034,10.856018385521207,905.3194621652241,805.1432209402448,30.455706319264483,47.826072556571745
2012-11-26,843.2847900390625,852.6546373375905,843.2847900390625,843.2847900390625,349708,48.70415424925914,6.873099054378713,10.059434519292708,901.3716395899127,804.8746189550092,28.94957353206902,34.99998252107437
2012-11-27,880.7642050523103,880.7642050523103,852.6547112987384,857.3396606445312,1820182,51.73496722099408,6.4230517033732895,9.332157956108826,898.4818748126102,805.4219337811398,29.558847923581794,33.33351249769332
2012-11-28,852.6547112987384,862.0245088297316,843.2848631874492,857.3396606445312,471938,51.73496722099408,5.997253332034347,8.665177031293931,896.9601097847393,805.5382361625262,28.786047760631842,33.33343413682104
2012-11-29,885.4490320440331,885.4490320440331,862.0243897125508,871.394287109375,2345540,54.8301574257839,6.716472635650575,8.27543615216526,898.778152201046,805.5941561485632,28.73771373483684,53.33327700528354
2012-11-30,908.8736474142152,908.8736474142152,852.6546630859375,852.6546630859375,4422919,50.20693590253451,5.708523761848937,7.762053674101996,897.2769525518205,810.8432928095077,30.700661634368327,24.99996256001558
2012-12-03,871.3943631028727,880.76416015625,857.3396169425133,880.76416015625,5433305,56.17609518121411,7.096118869045199,7.628866713090637,894.9344641539321,821.1501427796616,30.515578451221483,60.000005630500766
2012-12-04,880.7641145644526,904.1886565656432,880.7641145644526,890.1339111328125,5403411,57.984172081769564,8.849843103650755,7.873061991202661,892.730548642341,831.7868952053153,30.00907584764785,71.42848114218064
2012-12-05,904.1886565656432,904.1886565656432,890.1339111328125,890.1339111328125,2835875,57.984172081769564,10.122990659496736,8.323047724861476,896.1165948802598,833.0857610767714,28.869480818018054,71.42848114218064
2012-12-06,913.558653204522,913.558653204522,894.8189568782951,899.50390625,4700280,59.90284130069958,11.752573219328383,9.008952823754857,901.1015639835177,830.911753887576,28.480570907567444,80.00004005477821
2012-12-07,908.8736054301144,908.8736054301144,890.1339111328125,890.1339111328125,3652923,57.09501611170276,12.14791523583881,9.636745306171647,904.0529426172724,830.771318857337,27.784794006834186,66.66650031642101
2012-12-10,894.8189568782951,899.50390625,885.449159295478,899.50390625,1051955,59.15672745019679,13.06668234945198,10.322732714827715,908.3604687153585,831.1487170756571,26.804076360240458,80.00004005477821
2012-12-11,899.5038028811173,922.9283447265624,890.1339052144742,922.9283447265624,4746447,63.83535839932542,15.5062222474279,11.359430621347753,915.8207175094481,832.5897988479737,27.231959442515294,100.0
2012-12-12,913.5584759867488,932.29806751716,899.5037317586538,927.6132202148438,5381477,64.70614336366836,17.614555856047787,12.610455668287761,925.0152884867924,829.4856087300044,27.629272036514646,94.7369125312616
2012-12-13,927.6133397898373,927.6133397898373,904.1886956163844,913.55859375,3721556,60.03585801756524,17.944481719098007,13.677260878449811,929.3390837956324,828.4412567805396,27.328941474867374,78.94755221009471
2012-12-14,927.613400159044,927.613400159044,894.8189568782951,899.50390625,2893541,55.70588168840344,16.87730347255217,14.317269397270284,931.4268992112017,829.1644032790326,27.719334461001765,63.158093774842364
2012-12-17,899.5037589531547,936.9830443076536,899.5037589531547,932.298095703125,6782080,62.501766384548944,18.46492191413961,15.14679990064415,939.2693255472308,827.4123578023786,28.416473810537273,94.99995779158368
2012-12-18,946.3529621623044,946.3529621623044,918.2434692382812,918.2434692382812,7205374,58.368569619792815,18.377189272442706,15.792877775003861,943.4007772293797,827.9658243331202,28.394546604357693,69.99999658359532
2012-12-19,936.9832024601722,955.7228988807656,927.6134048301722,941.6681518554688,10423152,62.7857228778623,19.967661864251113,16.62783459285331,949.8546759521707,831.3502617919698,29.04346682136674,86.36364839573389
2012-12-20,941.6681034513534,941.6681034513534,918.2434588395492,936.983154296875,8235926,61.38294410086536,20.61247492308223,17.4247626588991,955.9393264518535,831.3560165657245,28.642125835263368,80.95230793820022
2012-12-21,936.9831464066116,969.777587890625,908.873654037625,969.777587890625,15323316,66.94944730325042,23.49885051314277,18.639580229747835,966.8571583658376,832.618970784553,30.94654069367313,100.0
2012-12-24,932.2981624889331,969.7775516888696,927.6133147093788,960.4076538085938,3698737,64.10613865782592,24.745003592678927,19.860664902334054,972.4114119137931,838.7770036135506,31.747807299928354,88.88876000878014
2012-12-25,997.8870826438554,997.8870826438554,960.407691955266,983.8323364257812,8981157,67.78913479209294,27.30797566043657,21.35012705395456,983.29515011981,840.5425329856588,32.15720883816645,87.49999484201881
2012-12-26,941.6681673613298,979.1474596590712,941.6681673613298,965.0927124023438,5727117,62.283284126235394,27.50990142492492,22.582081928148632,987.5950427497787,847.0179455314712,32.871991711472525,70.83335473930657
2012-12-27,988.5171354955752,988.5171354955752,965.0925933443148,979.1473388671876,3153567,64.60520219158633,28.475769004840004,23.760819343486908,994.6635899890822,850.7247034679491,32.19717388574309,83.33325339120273
2012-12-28,979.1473872995606,983.8323364257812,969.777590207707,983.8323364257812,4191372,65.37050606234425,29.281724674634688,24.865000409716465,998.1924752145028,860.3135855765129,30.901286195195315,86.95653663922323
2012-12-31,983.8323364257812,983.8323364257812,983.8323364257812,983.8323364257812,0,65.37050606234425,29.579476556386794,25.807895639050535,1003.4931904081442,865.3196880098245,28.69405146696708,86.36363462158691
2013-01-01,983.8323364257812,983.8323364257812,983.8323364257812,983.8323364257812,0,65.37050606234425,29.47566989329914,26.541450489900257,1008.2449560901197,869.9377648571459,26.644476362183717,86.36363462158691
2013-01-02,983.832303072098,993.2020998462986,974.4624051373132,988.5171508789062,9579217,66.28105956508766,29.432152208869525,27.11959083369411,1012.4943396886156,875.5267052332595,26.079849101240978,90.90899179998475
2013-01-03,983.8323387102284,997.8870849609376,974.4624404360304,997.8870849609376,12737384,68.08838725153159,29.810107144035555,27.657694095762402,1018.0832715722778,879.776091220691,25.89019163150285,100.0
2013-01-04,1002.5721450137944,1044.7363884306026,993.2022457029932,1030.681640625,10075920,73.45186926803433,32.38259927277704,28.60267513116533,1028.438350298447,883.4757854437404,27.72190242408189,89.65518553089784
2013-01-07,993.2019243433429,1082.21533203125,993.2019243433429,1082.21533203125,16380224,79.33077454797785,38.140001830292135,30.51014047099069,1052.19731181524,877.9879665050727,32.0998670857837,100.0
2013-01-08,1124.3798699126062,1133.749667598675,1110.325122803206,1129.0648193359375,26182675,83.01346758741073,45.953424452875424,33.598797267367644,1086.8716683765028,863.9272574047473,33.48804340590093,97.91669721080964
2013-01-09,1082.2154175520411,1129.0645991679671,1082.2154175520411,1119.6947021484375,33206916,79.94543579231629,50.803892379225545,37.03981628973922,1111.258563883595,858.7485100910145,34.442426147186325,93.74990456844712
2013-01-10,1082.2156410005534,1124.3798828125,1077.5306915234723,1124.3798828125,17030820,80.3367561740163,54.398901407211724,40.51163331323372,1131.5133913531572,859.5758115277021,35.32862365731785,95.45456943676164
2013-01-11,1124.379806926814,1133.7496040880033,1105.6401114438477,1115.010009765625,15028443,77.09673911604747,55.848119161499085,43.5789304828868,1144.3829782557573,868.2568349766645,34.81297144209197,90.24390281734873
2013-01-14,1086.9003459162748,1105.6399372868502,1086.9003459162748,1096.2701416015625,7008143,70.93489844879012,54.85218211645429,45.83358080960029,1153.5445803065886,875.4924375156769,34.33416375689613,80.48769613377607
2013-01-15,1082.2155303131983,1096.2702761463493,1072.8457334779594,1091.5853271484375,17499575,69.44073095029606,53.073076075027984,47.281479862685835,1158.5037234626188,887.8674801506626,33.55490510771712,74.99995737703401
2013-01-16,1091.5852695568096,1147.8042499233209,1077.530524465182,1105.6400146484375,41524211,71.38789535118906,52.195539847984264,48.264291859745526,1165.7728839217184,896.9955059708595,36.1776779898901,76.3157746473264
2013-01-17,1100.9551939960277,1105.6400417008113,1072.845703125,1072.845703125,14813170,61.53539108748236,48.29712006312616,48.270857500421656,1166.0515099542645,910.3031348211263,35.93601088888447,56.756807976251785
2013-01-18,1077.5305508297834,1077.5305508297834,1044.7362122539723,1072.845703125,6096637,61.53539108748237,44.69240803723301,47.55516760778393,1167.8621094342573,918.7993468645707,35.71160572366494,56.756807976251785
2013-01-21,1054.1060150497726,1072.84570946133,1040.05126953125,1040.05126953125,12345399,53.04483493110557,38.74280809451352,45.79269570512985,1165.6173082013515,929.0085096697421,35.50323673840887,37.83787144697054
2013-01-22,1030.6816055347654,1040.0514033659667,993.2022118887696,1021.3117065429688,14182739,48.893336694203796,32.145033221870335,43.06316320847795,1164.4044893876044,933.9692654952082,36.31366207689375,27.027101104753008
2013-01-23,1002.572144294327,1025.996690233322,1002.572144294327,1016.6268920898438,6082840,47.8843783675421,26.235793827135694,39.6976893322095,1161.2237464033071,942.3034264482555,35.3930109241867,15.151756390871899
2013-01-24,1016.6267813710972,1086.9005126953125,1016.6267813710972,1086.9005126953125,14672190,60.913945857881174,26.91293732597478,37.140738930962556,1162.0754767378444,952.2270134965307,37.884490952760174,60.60619592911494
2013-01-25,1096.2702062350231,1115.0098998710184,1086.900409997315,1110.324951171875,17856182,64.13293464699093,29.005378893554962,35.51366692348104,1164.9854915517328,961.9662601572516,37.18627658997041,75.75756488858846
2013-01-28,1115.010009765625,1147.804350410081,1115.010009765625,1115.010009765625,48867205,64.75808949027682,30.687947429552878,34.548523024695406,1166.713559637455,973.3559594055137,37.20721392198724,78.78791266529896
2013-01-29,1115.010014082942,1147.8043548543776,1100.955267706444,1143.1195068359375,29213482,68.32528715020011,33.89883197556401,34.41858481486913,1170.9497634302415,985.0484726537429,37.89591915241199,96.96973927490625
2013-01-30,1147.8044202307665,1222.7631055617642,1147.8044202307665,1185.2838134765625,38436977,72.77658720207768,39.391705218266,35.4132088955485,1182.5461838571712,993.1287184865789,40.87789626479876,83.6734857207037
2013-01-31,1175.9138647166096,1185.2837632109968,1152.4893208018218,1166.5440673828125,20519945,68.18991448547533,41.751421543749984,36.6808514251888,1187.215846048279,1005.3247545376588,40.300510294080325,75.51018499734772
2013-02-01,1161.8590421160147,1161.8590421160147,1138.434499733878,1157.1741943359375,19230605,65.9517745355035,42.376948204777364,37.82007078110651,1191.9140861943322,1013.275769762699,39.42972867656991,71.42853463566972
2013-02-04,1157.1742660763496,1161.8591141468696,1138.4345703125,1138.4345703125,19506374,61.59725444641259,40.889206228444664,38.43389787057414,1195.5592142727965,1015.2525655123599,38.28650118784132,63.26528708788322
2013-02-05,1124.3797540724795,1175.9137877774135,1119.6948051318186,1157.1741943359375,14924963,64.14660074781779,40.75252134027073,38.89762256451346,1199.3622374682993,1014.260479816857,39.567392720538,71.42853463566972
2013-02-06,1180.5987600742287,1208.708251953125,1171.2289631681251,1208.708251953125,25639805,70.03728643292585,44.291994798026735,39.97649701121612,1214.3794809668445,1008.1445912987804,40.422154498870114,93.87750527375971
2013-02-07,1232.1327359114184,1241.5026335302923,1213.3931429948316,1222.762939453125,39668298,71.41659372926044,47.68150611338501,41.517498831649895,1230.6908047745953,1001.6715731550923,39.87731357589134,92.45281423475701
2013-02-08,1236.8176847208554,1236.8176847208554,1222.762939453125,1222.762939453125,13311033,71.41659372926044,49.79372715973841,43.1727444972676,1245.5908290164707,997.5468418819669,38.0328444110227,92.45281423475701
2013-02-11,1222.762939453125,1222.762939453125,1222.762939453125,1222.762939453125,0,71.41659372926044,50.881151316742034,44.71442586116249,1259.1722964173746,996.6146542662191,35.316212667378224,92.15684271308707
2013-02-12,1222.762939453125,1222.762939453125,1222.762939453125,1222.762939453125,0,71.41659372926044,51.15327962987317,46.00219661490463,1271.0914637103904,997.813248203672,32.79362604827978,91.66664899888805
2013-02-13,1222.762939453125,1222.762939453125,1222.762939453125,1222.762939453125,0,71.41659372926044,50.78354221560403,46.95846573504451,1281.704836971664,998.9121674228672,30.45122418768837,87.87876807401153
2013-02-14,1222.762939453125,1222.762939453125,1222.762939453125,1222.762939453125,0,71.41659372926044,49.91513207946059,47.54979900392773,1290.0348164812401,1005.5739115461035,28.27613674571063,86.66663443507419
2013-02-15,1222.762939453125,1222.762939453125,1222.762939453125,1222.762939453125,0,71.41659372926044,48.66592035365625,47.773023273873434,1296.696541531086,1013.90391012907,26.256412692445586,86.66663443507419
2013-02-18,1227.447842953763,1236.817639066189,1213.3930982048355,1232.1326904296875,23385715,72.81799042946888,47.88004035745348,47.79442669058945,1299.2585050996186,1030.5500886503814,26.05413613308187,92.3076018809295
2013-02-19,1227.4478759765625,1232.1327235785263,1218.0779784514757,1227.4478759765625,23170972,70.94507406446915,46.34496353388363,47.504534059248286,1293.8975691627618,1056.5246415305976,25.19703677550821,88.46153179272514
2013-02-20,1218.07794568076,1232.1326904296875,1204.023200931833,1232.1326904296875,21652031,71.72817584121339,44.9878376765339,47.00119478270541,1280.7767356450781,1091.1960548822658,25.405069112818666,92.3076018809295
2013-02-21,1232.1329281207693,1260.242423041234,1147.804443359375,1147.804443359375,41256402,47.11293988230702,36.68484086899525,44.93792399996338,1273.8026467862605,1104.2605368074896,31.621705582035826,20.00008157069827
2013-02-22,1171.2289064016163,1199.3383969181166,1129.064670626866,1161.8590087890625,25164152,50.18149507638415,30.88274499002705,42.126888197976115,1269.1290245547814,1114.0875648006875,34.382564204122595,29.999941859149292
2013-02-25,1194.6534546914545,1194.6534546914545,1157.174167516562,1189.968505859375,14260747,55.715693181419674,28.227356304250407,39.346981819230976,1264.0269130894649,1126.685525875379,34.60375870203473,46.42847900010077
2013-02-26,1180.5986281330838,1180.5986281330838,1119.6947021484375,1119.6947021484375,22913069,42.88853859500482,20.219356823589806,35.52145682010274,1267.2645461895238,1121.1054123065699,37.1516190598135,0.0
2013-02-27,1119.6947474095834,1138.4344410455788,1072.8456650604628,1110.324951171875,22827278,41.51611319010502,12.967418613277232,31.01064917873764,1272.5669611241262,1108.3071111414986,39.18284455447796,19.999965055563003
2013-02-28,1133.7496337890625,1147.8043804793354,1115.0100389757597,1133.7496337890625,9641659,46.15509299430802,9.00655944231471,26.609831231453054,1274.1807907735727,1103.4138381326773,39.061172036833845,32.50001194516348
2013-03-01,1138.4346300831487,1152.4893773537976,1124.3798828125,1124.3798828125,13008200,44.630149972882606,5.053238823717265,22.298512749905896,1276.2759897552435,1098.039207998663,38.27890935858126,27.500058329357625
2013-03-04,1124.3796937328214,1124.3796937328214,1049.4210205078125,1049.4210205078125,22944732,34.74105389038432,-4.081303255885132,17.022549548747694,1289.2568128104065,1076.157029963031,40.89890599758885,0.0
2013-03-05,1049.421201197168,1049.421201197168,1007.2569592158692,1021.3117065429688,17671687,31.887653261580027,-13.433823625921605,10.931274913813834,1304.386396095492,1047.4411978986484,40.989287139282425,5.555555293406708
2013-03-06,1040.0513942636835,1068.160888671875,1025.9966470595875,1068.160888671875,6407961,40.63869322630815,-16.870948149132346,5.370830301224597,1304.9570578043738,1032.8157998616418,41.407851067112695,24.074082571814344
2013-03-07,1091.5852695568096,1133.749504831693,1077.530524465182,1105.6400146484375,25457609,46.55453816420082,-16.381802633299458,1.0203037143197862,1299.4189052553427,1026.641659930204,43.13504857373451,38.8888175411066
2013-03-08,1119.6948577659257,1124.379806926814,1110.3250606047363,1115.010009765625,5153114,47.95109783417363,-15.064417759600019,-2.196640580464175,1292.6016860184789,1022.6835861983179,41.39253026692322,42.59258572426813
2013-03-11,1119.6948051318186,1157.1741943359375,1110.3250084110807,1157.1741943359375,13331552,53.80125895635837,-10.497079642008657,-3.8567283927730713,1285.8011656743402,1022.9252320307379,41.782291385347044,59.25922891109499
2013-03-12,1157.174167516562,1189.968505859375,1152.4892186844825,1189.968505859375,37420576,57.77638716059619,-4.182985557786651,-3.9219798257757876,1281.3569020340838,1024.0900523116193,41.47493394174315,72.22215216666802
2013-03-13,1199.338317209599,1199.338317209599,1124.3796470938555,1152.4891357421875,14919480,52.24373155431719,-2.178183699920737,-3.5732206006047775,1273.5554501286288,1024.8641238459804,43.86662938274317,75.60968840281596
2013-03-14,1161.8590723324548,1175.913818359375,1133.7495802786143,1175.913818359375,12111375,55.13542924521167,1.2859882630250468,-2.601378827878813,1267.0750947341303,1026.6595671311043,43.74503000403014,87.80490772509606
2013-03-15,1175.913805870069,1185.283703895556,1166.544009005167,1180.5987548828125,18484843,55.71301083052965,4.359155098963129,-1.2092720425104246,1260.7680418849466,1028.7502015232565,41.95893463877007,90.24394531436093
2013-03-18,1171.229016630006,1175.9138647166096,1161.859118135619,1166.5440673828125,8474372,53.488313703720976,5.596058259895244,0.15179401797070913,1250.5920714305826,1032.367309672933,40.30041336080032,82.92689609792484
2013-03-19,1161.8591055136535,1171.22900390625,1157.1742574779444,1171.22900390625,7291696,54.14561179156126,6.875096319362456,1.4964544782490585,1241.1512435805466,1036.1862503159377,38.42572286562213,85.36593368718972
2013-03-20,1171.2289580179104,1194.653500760458,1166.544009005167,1180.5987548828125,8804092,55.50007914933683,8.546287511441506,2.906421084887548,1230.9908600570598,1041.193240284737,37.688849214884186,90.24394531436093
2013-03-21,1185.2836581878769,1208.7082000271118,1185.2836581878769,1189.968505859375,18722581,56.87200791500315,10.505676272466417,4.426272122403322,1236.022946255228,1040.3775603365689,37.004606066985275,90.69765264672868
2013-03-22,1194.6535605447937,1199.3385097919872,1157.1742700490154,1166.5440673828125,14182385,52.51321019230314,10.052470935851716,5.551511885093001,1236.5178371463467,1040.3511753048251,37.373151329555746,79.06980742610237
2013-03-25,1171.2290204617034,1194.653564453125,1171.2290204617034,1194.653564453125,9943430,56.792716635783016,11.825190498974962,6.806247607869393,1237.2912141327374,1040.0463041778094,36.7114617396098,92.30774663905082
2013-03-26,1208.7085096023045,1218.0783085056812,1194.6537606669358,1204.0235595703125,13886097,58.14672483557619,13.826777339841783,8.210353554263872,1245.232405994811,1040.5379980579232,35.76241047624883,90.00002096701945
2013-03-27,1180.598817826154,1204.0233618175755,1171.2290204617034,1194.653564453125,7006728,56.24844794721982,14.489938048097656,9.466270453030628,1250.7409271308318,1043.4623382500274,35.550419664274564,78.26076414180282
2013-03-28,1189.968810634944,1204.0235595703125,1189.968810634944,1204.0235595703125,6276533,57.734404059410494,15.591844902397497,10.691385342904002,1257.0752543038454,1044.155403655139,34.015014612209846,86.95654896599034
2013-03-29,1189.9685121107036,1227.44790064307,1180.598715557903,1218.0780029296875,11231178,59.93258199392419,17.39862957301102,12.032834188925406,1265.09343430554,1045.5070356651631,34.931741074563924,90.90903610886511
2013-04-01,1218.0780204693867,1302.406494140625,1218.0780204693867,1302.406494140625,26911986,70.0108406970028,25.34298575544085,14.694864502228496,1284.4681833494933,1051.430833984491,38.46008037001918,100.0
2013-04-02,1311.7763855497658,1367.995367721294,1311.7763855497658,1335.200927734375,20123892,72.86890475886476,33.89446765792354,18.534785133367507,1301.5493085375851,1065.73863091554,40.39785131363703,85.99998730182334
2013-04-03,1330.5161733791952,1358.6256685750852,1316.46142578125,1316.46142578125,14644772,68.83206895695304,38.71319585696506,22.57046727808702,1315.0498446663682,1077.0681484976944,40.52402213365119,75.55560641884547
2013-04-04,1302.4065907147258,1344.5708306768445,1302.4065907147258,1311.7764892578125,21542007,67.82051219340272,41.67364955682933,26.391103733835486,1328.0597743778092,1084.671866247191,40.641180549970294,73.33337330469969
2013-04-05,1311.7764600913774,1363.3104962901689,1307.0915109240009,1344.57080078125,8480386,71.02994471252762,46.13425038842934,30.339733064754256,1346.3695585700846,1089.318161156478,41.753880893984416,88.88888929908147
2013-04-08,1363.3104062260284,1372.6802027811984,1339.8858642578125,1339.8858642578125,7439397,69.95653069673926,48.72954954649185,34.01769636110178,1363.0976792222461,1090.8612074965038,41.11391358179881,84.78262843736158
2013-04-09,1339.8858642578125,1367.995355083904,1330.5159665420608,1339.8858642578125,8427673,69.95653069673926,50.20758108575478,37.25567330603238,1378.3049742812807,1090.645648277313,40.854304650373415,84.78262843736158
2013-04-10,1335.2008475158186,1353.9405408339792,1264.9271240234375,1264.9271240234375,16366781,54.63548184000668,44.81380223217002,38.76729909125991,1379.144027244114,1101.0503941426045,44.29424123324258,49.999947847528844
2013-04-11,1264.9271881823963,1307.091424416457,1264.9271881823963,1278.98193359375,17019146,56.5566734291539,41.19838990825065,39.25351725465806,1381.9007218305965,1108.60051107956,44.14210260179807,53.48834982817524
2013-04-12,1278.9819459729697,1297.7216404230155,1250.8724548781918,1274.2969970703125,13677546,55.709740654333615,37.522577454213206,38.90732929456909,1383.6459813807028,1116.2250757482034,44.335465669157045,51.162755870624096
2013-04-15,1274.297102728107,1274.297102728107,1246.1876093026424,1250.87255859375,13335974,51.55285599977856,32.34644351683187,37.59515213902165,1381.9791244144305,1126.3247818355696,43.176467651750436,39.534907273830015
2013-04-16,1232.1327302675684,1264.9271694622496,1208.708188648842,1255.557373046875,10194435,52.3191383481881,28.296164878200216,35.73535468685736,1380.0964362224624,1136.6403069415999,44.108075734725944,39.02440499215434
2013-04-17,1260.2422206742722,1264.9271694622496,1250.8724242588976,1255.557373046875,7265162,52.3191383481881,24.800406231087663,33.54836499570342,1378.2496440779992,1145.9829609024696,41.96140926819923,39.02440499215434
2013-04-18,1222.762939453125,1250.8724299885855,1218.077990643688,1222.762939453125,10424390,46.365375532334525,19.162858101442907,30.671263616851324,1376.4761113580053,1151.0359369818384,41.64126449212693,8.571432679321827
2013-04-19,1222.762939453125,1222.762939453125,1222.762939453125,1222.762939453125,0,46.365375532334525,14.527595514382938,27.44252999635765,1371.6232195104553,1161.5107160364196,38.66688845697501,8.571432679321827
2013-04-22,1218.0780029296875,1222.7629517863786,1208.708206376887,1218.0780029296875,4264073,45.50737865068798,10.356695753256645,24.02536314773745,1369.9011998500416,1165.5751795444896,36.90887823929763,5.714276506527687
2013-04-23,1218.0781614459156,1241.5028076171875,1218.0781614459156,1241.5028076171875,6112911,50.44519207237055,8.839517160456808,20.988193950281325,1368.165466055455,1171.0588381437638,35.94573012845495,20.00013181631961
2013-04-24,1222.7630651682855,1278.9820520192145,1222.7630651682855,1250.87255859375,8404855,52.30680813645718,8.297553757841342,18.45006591179333,1365.0001744180634,1179.846029195218,37.39381989434595,25.71436971608666
2013-04-25,1246.1875059755348,1278.9819459729697,1246.1875059755348,1274.2969970703125,3656107,56.68750632241485,9.646995713947035,16.689451872224073,1362.737258251711,1189.1362891115705,37.0652927588523,40.000001688414905
2013-04-26,1274.2970603948042,1297.7217049115638,1274.2970603948042,1288.351806640625,6085847,59.1141205960908,11.715494924892937,15.694660482757845,1361.9733345645582,1196.9275931698166,36.09096526473795,50.00002183116992
2013-04-29,1288.351806640625,1288.351806640625,1288.351806640625,1288.351806640625,0,59.1141205960908,13.202604051133903,15.196249196433056,1360.6847948904299,1196.8106640939452,33.51303917439953,54.838757889327624
2013-04-30,1288.351806640625,1288.351806640625,1288.351806640625,1288.351806640625,0,59.1141205960908,14.217261012705876,15.000451559687622,1354.1166496386286,1198.6938972363714,31.119250661942424,80.95242789117485
2013-05-01,1288.351806640625,1288.351806640625,1288.351806640625,1288.351806640625,0,59.1141205960908,14.850200102111785,14.970401268172456,1350.650293905981,1199.3492910549567,28.89644704323225,89.47362303576037
2013-05-02,1274.297182987415,1330.5161733791952,1274.297182987415,1316.46142578125,8785519,64.46915027627381,17.41922228192857,15.46016547092368,1351.3913369377917,1199.0767416754895,30.848057282414242,88.46155477487112
2013-05-03,1325.831131092648,1344.570724376102,1316.461233290338,1335.200927734375,7178487,67.52302923446778,20.728368336086305,16.513806043956208,1349.2232170015309,1200.3078743070628,30.652445411224935,93.10347286573798
2013-05-06,1335.200978669212,1358.6255217474134,1335.200978669212,1353.940673828125,5046804,70.27450482943176,24.579691932023707,18.12698322156971,1352.7264399172666,1198.2101323483582,30.136170311354466,96.87504548243172
2013-05-07,1363.310418820139,1363.310418820139,1335.200927734375,1335.200927734375,55879,64.39889126995654,25.822091734102514,19.666004924076272,1351.6941048642004,1198.7739737490808,29.99140750952657,81.81818316728052
2013-05-08,1344.5707425484134,1358.62548828125,1335.2009457800505,1358.62548828125,5209541,68.00045919303871,28.369838953326962,21.40677172992641,1364.744605087464,1195.0933099515985,29.522347012194317,96.96968726071202
2013-05-09,1358.6254253809927,1419.529354457144,1358.6254253809927,1405.474609375,11276816,73.72548526727543,33.77988601913444,23.881394587768018,1387.9567366091899,1184.5304460079976,31.76388858819125,93.33333244310309
2013-05-10,1405.474735822389,1452.323924031312,1405.474735822389,1433.584228515625,7518113,76.44816562508149,39.8759336970777,27.080302409629954,1415.1162259046437,1173.2996798570753,32.84141902162844,91.99998526809843
2013-05-13,1438.269147525158,1447.6389445062289,1405.4747063505304,1414.8446044921875,2112932,71.1545179765493,42.70271405032486,30.20478473776894,1432.8069535677623,1172.0061567838002,33.507334674062015,83.67347128567444
2013-05-14,1405.4747742951624,1410.1597235924746,1367.9954833984375,1367.9954833984375,9753275,59.97368946886462,40.69353556119859,32.302534902454866,1439.6140931957589,1176.44282819096,34.46031941832544,59.09095470454109
2013-05-15,1382.0502371314162,1433.5842750205643,1372.6803384893226,1424.2144775390625,5340262,66.72975445111877,43.14035496058045,34.47009891407998,1455.3053505390992,1177.6172812968382,36.68378171859696,84.21055905942218
2013-05-16,1428.8994140625,1442.954160739171,1419.529515504326,1428.8994140625,7168050,67.22620986318773,44.93947785985097,36.56397470323418,1466.923873418445,1186.6124058784299,35.7367005411861,86.84213965190993
2013-05-17,1438.269048286863,1438.269048286863,1405.474609375,1405.474609375,5309660,62.22637462072343,43.96827089292765,38.044833941172875,1471.2517658140753,1200.5556804749874,35.52653899623445,73.68411375639347
2013-05-20,1428.899253499619,1466.3785400390625,1405.4746108969596,1466.3785400390625,10620913,68.73673991519232,47.564724052808515,39.948811963500006,1483.7119860681987,1212.925513931801,37.33920982965074,100.0
2013-05-21,1466.37864953035,1508.5428879707529,1466.37864953035,1471.0635986328125,13928727,69.17683678758496,50.214146740503566,42.001878918900715,1495.982076840229,1223.6115022613337,37.683862551225005,84.0000100148661
2013-05-22,1485.1183447796134,1485.1183447796134,1466.37864953035,1471.0635986328125,5105000,69.17683678758496,51.71766426800855,43.94503598872228,1505.5084802143508,1236.1042028911181,36.330707743942035,80.48783503021237
2013-05-23,1471.063547132267,1475.7483949101306,1452.3238525390625,1452.3238525390625,13908562,64.9363113188563,50.8113502291676,45.31829883681135,1511.0437636451136,1248.37160500723,35.40883878873676,67.56755527915615
2013-05-24,1442.9541063392105,1485.1183447796134,1442.9541063392105,1471.0635986328125,17422982,67.10770156162624,51.017136921552265,46.458066453759535,1518.8346614672932,1258.8518863842692,35.891367335284336,78.37840919369337
2013-05-27,1480.4334623993482,1517.9127534264562,1480.4334623993482,1513.2279052734375,14748252,71.39933272378093,53.96050837071789,47.95855483715121,1532.3618347715303,1267.8123229433133,36.674066439452865,97.43593574308832
2013-05-28,1517.912694509902,1536.6523898763855,1517.912694509902,1527.2825927734375,21790712,72.67896793825739,56.772805707007365,49.72140501112245,1544.9747877190262,1279.092448609099,35.727667736845376,94.73686633398137
2013-05-29,1541.3372927411376,1546.022140571691,1522.5975979371717,1536.65234375,17533183,73.52925907695801,59.07663354745023,51.59245071838801,1555.113674852591,1293.7836151864717,34.84887308667922,94.73685740637576
2013-05-30,1541.3372927411376,1541.3372927411376,1517.912648946034,1536.65234375,12006657,73.52925907695801,60.20838888058961,53.31563835082833,1564.9126259608092,1306.0037558751283,34.032856708709524,94.73685740637576
2013-05-31,1546.022140571691,1555.3920385539657,1536.65234375,1536.65234375,15761646,73.52925907695801,60.40895629110514,54.734301938883696,1573.4799664169914,1317.5815570205086,32.94048800122782,89.99997903461309
2013-06-03,1522.5977156494023,1522.5977156494023,1503.8580193966684,1508.54296875,10412362,65.85025015594854,57.635331541040614,55.314507859315086,1576.5055588305102,1330.0161940991773,32.93004774066381,74.35902036520345
2013-06-04,1499.1730569060949,1508.5428537378068,1475.7484130859375,1475.7484130859375,22849389,58.212017562512784,52.1893609113381,54.68947846971969,1570.5308575988274,1350.0456438660162,32.92036973519229,46.875005858756644
2013-06-05,1475.7484762270456,1489.80322265625,1475.7484762270456,1489.80322265625,10743143,60.33548449241718,48.44900564397403,53.44138390457056,1566.7462867547551,1366.9479881475886,31.57282972341516,56.25003960052018
2013-06-06,1489.8031974683452,1499.173095703125,1480.4334003941524,1499.173095703125,6012438,61.73162008653309,45.7138567101033,51.89587846567711,1568.0434739179077,1375.0206496172486,30.656177265240693,62.50006171433039
2013-06-07,1499.173108336557,1503.8579563328387,1489.803210022818,1494.4881591796875,5551290,60.583377591858515,42.67625099411748,50.05195297136519,1569.883004666223,1379.2715119353395,29.470360768439278,45.833333845065326
2013-06-10,1494.4881718528477,1508.542918282052,1475.7484762270456,1489.80322265625,10342137,59.39364165925411,39.43629430315218,47.928821237722595,1569.5484900949048,1387.1018883230638,29.70779514605121,41.66664700624182
2013-06-11,1480.4333956771509,1489.8031927214893,1471.0635986328125,1471.0635986328125,13773773,54.76118092170042,34.953551454478884,45.333767281073854,1558.7003238597774,1408.256866081629,28.924354351578803,25.000008217790043
2013-06-12,1461.6937555343377,1466.3787048134247,1428.8994140625,1428.8994140625,19899597,46.056881244268425,27.6795752232199,41.80292886950306,1558.1829266465213,1409.2427569472286,29.87005651005978,0.0
2013-06-13,1428.8992979925026,1461.693636800445,1428.8992979925026,1457.0087890625,15322078,51.58221040636674,23.90749754661283,38.22384260492502,1556.2173623245385,1414.0192587692113,30.078933817051386,22.22221682068697
2013-06-14,1457.0088476627743,1475.7484416894165,1442.9541015625,1442.9541015625,12523702,48.8859557880511,19.558544266688614,34.490782937277736,1550.8606906453747,1423.1238796671255,30.272891410613177,11.11115429044572
2013-06-17,1405.474744118598,1424.2144397449013,1386.735048492295,1400.789794921875,24280417,41.823026430785696,12.564820862177385,30.105590522257668,1557.934310896699,1409.4913849040825,32.1261886720126,8.33333170741446
2013-06-18,1391.419997689018,1405.474744118598,1382.0502004561608,1400.789794921875,15998499,41.8230264307857,6.942219096680901,25.472916237142318,1563.089358123612,1397.3089573060754,31.504642599900073,10.810774058563231
2013-06-19,1386.735094592843,1405.4747908421275,1386.735094592843,1391.4200439453125,16575509,40.32164364800483,1.710488642999735,20.7204307183138,1568.1177824509082,1384.3161775100293,30.59286071771324,5.405413714296087
2013-06-20,1382.0501962162632,1396.1049426027255,1372.6802978515625,1372.6802978515625,16513422,37.42770382526,-3.9028467414996157,15.795775226351118,1574.7804596686276,1369.68914482356,30.08084529153108,0.0
2013-06-21,1353.940681662076,1353.940681662076,1321.146240234375,1321.146240234375,59364827,30.866868211139902,-12.36726114905673,10.163167951269548,1587.5582517271062,1341.9196169252375,31.613217600506538,0.0
2013-06-24,1335.2009737222604,1358.6255167136733,1321.1462276952957,1325.8311767578125,12211494,32.03329172194995,-18.484260279614546,4.433682305092731,1590.580500073491,1320.1576957272903,32.03222270178304,2.5000169682014137
2013-06-25,1321.1460902301044,1325.8310388051527,1241.502571417736,1269.612060546875,11973225,26.299059924084844,-27.55084994825029,-1.9632241455758734,1596.6246107725774,1288.3465318055478,35.767678604518295,10.526307900364436
2013-06-26,1264.927111971827,1274.296907961348,1255.5573159823057,1269.612060546875,20102665,26.299059924084844,-34.34033359235809,-8.438646034932319,1594.7627248050799,1263.5043894527325,34.55138670269859,10.526307900364436
2013-06-27,1278.981945562847,1335.200927734375,1264.9272000199649,1335.200927734375,8466766,40.669422724157414,-34.0362264314183,-13.558162114229514,1581.6329243267562,1256.4890483294937,37.10298248924941,35.087715177455
2013-06-28,1344.5707834481118,1353.940681662076,1316.4612911273928,1321.146240234375,8547780,38.91827017431298,-34.53126026337259,-17.75278174405813,1566.5514087297684,1250.0199535749193,37.12986877820898,32.07550122043742
2013-07-01,1311.776425660136,1311.776425660136,1283.6669337148642,1297.7216796875,3825212,36.126278372099236,-36.394214559801185,-21.48106830720674,1555.977480678085,1239.5117527203527,37.1548286168734,24.000042435992846
2013-07-02,1288.35175419004,1330.5159912109375,1288.35175419004,1330.5159912109375,3378923,42.36063376940429,-34.82297481798469,-24.149449609362332,1546.9635371367613,1234.002454074176,37.51264350287512,37.999995342484794
2013-07-03,1330.5160372877524,1335.2009863947344,1321.146240234375,1321.146240234375,6358078,41.125553165125844,-33.942548034714946,-26.10806929443286,1534.1097460727494,1229.9905468960008,35.83707940698114,34.000031131506226
2013-07-04,1321.1462225883647,1330.5160195165934,1297.7216796875,1297.7216796875,6509495,38.132232961623494,-34.734571219257305,-27.833369679397748,1517.936798616444,1226.0183527507436,35.61974086570344,30.769270099683784
2013-07-05,1316.4613373687653,1330.516084022805,1307.0915399862693,1311.7764892578125,10287302,40.911208531662545,-33.83808524462302,-29.0343127924428,1499.0620928203589,1226.621891554641,35.41793111353213,42.85720964610121
2013-07-08,1311.7764383625693,1316.461286291756,1288.351794074289,1293.0367431640625,10648331,38.43240948540256,-34.24499950850395,-30.076450135655033,1478.6249591543306,1227.3823772714509,34.8958997638132,31.428599263480272
2013-07-09,1278.9819846704568,1302.4065275713217,1278.9819846704568,1297.7216796875,1813283,39.420617889294284,-33.79982344547511,-30.82112479761905,1459.112277145692,1229.560867385558,34.076517130745465,36.36367789113343
2013-07-10,1297.7216922538355,1307.0914892727958,1293.0367431640625,1293.0367431640625,3893138,38.75079242067568,-33.43958273761609,-31.34481638561846,1447.2145369926243,1227.8723404487819,32.64639062917317,44.00006473207616
2013-07-11,1297.7216153934985,1297.7216153934985,1283.6668701171875,1283.6668701171875,5633543,37.38267527198228,-33.523719260980215,-31.78059696069081,1425.405754926933,1232.346930619942,31.318415961111587,36.00003278001082
2013-07-12,1283.6669553789895,1349.2557373046875,1283.6669553789895,1349.2557373046875,9624677,50.54503376636444,-27.975441157365594,-31.01956580002577,1405.266790017265,1243.1160591038288,33.76630533442505,95.83331279118117
2013-07-15,1396.104883318379,1400.7897311412028,1372.6802395619222,1386.7349853515625,13594762,56.20956398618412,-20.319893611963835,-28.879631362413384,1401.9707041074348,1245.0066640566279,35.03542594171721,90.32258344374213
2013-07-16,1386.7347856915578,1400.7895294576172,1377.364990234375,1377.364990234375,7841819,54.52802502096451,-14.837855759678632,-26.071276241866435,1396.5248899534522,1248.1099977418603,34.20607689039756,82.75849808368098
2013-07-17,1377.364990234375,1382.0499385432513,1367.9951947771922,1377.364990234375,4252044,54.52802502096451,-10.373719484985713,-22.931764890490292,1393.2897250883213,1249.9396572358976,32.766695952944815,80.7690876930774
2013-07-18,1377.3652142467315,1424.2144014732585,1372.680265175903,1414.8446044921875,15413706,60.06951350425638,-3.7681310157572625,-19.099038115543685,1403.7195563381847,1243.7262566500967,34.107227406117005,93.54841213322685
2013-07-19,1414.8446341605263,1433.584228515625,1414.8446341605263,1433.584228515625,10546974,62.52838309130101,2.945028031984066,-14.690224886038134,1423.184770171717,1235.5048416446893,33.00954145021133,100.0
2013-07-22,1452.3239112621077,1457.008860389985,1419.52946968814,1438.2691650390625,11687374,63.139493545098134,8.544791133571152,-10.043221682116277,1440.6457278918215,1229.2876827527098,33.32881639675661,89.47367060440583
2013-07-23,1442.9541063392105,1480.4333956771509,1442.9541063392105,1471.0635986328125,14323719,67.1750419930538,15.450773552452347,-4.944422635202551,1462.2617551651017,1227.8168092880235,33.959917413994596,95.34885509239395
2013-07-24,1471.063593763049,1475.7484416894165,1428.8993554622257,1442.9541015625,16883649,61.00943427401393,18.443013304628266,-0.26693544723638807,1473.060732144063,1234.3520364106244,34.88057232922289,81.39536778255405
2013-07-25,1442.95406258677,1452.3238593470026,1419.5294189453125,1419.5294189453125,9600444,56.36648222722104,18.708548248641137,3.5281612919391168,1480.4407705151107,1235.4048471606707,34.73156290582769,69.76741119484412
2013-07-26,1414.8446044921875,1424.2144014732585,1405.4747063505304,1414.8446044921875,9375795,55.45748875775928,18.329668225625483,6.48846267867639,1486.3640220173936,1238.851432084169,33.58928663560629,67.44188047271413
2013-07-29,1410.159629108019,1414.8445780914274,1386.7349853515625,1386.7349853515625,6210023,50.22392269022352,15.581577014316963,8.307085545804505,1487.3431024834513,1246.7736821845174,33.1978818145362,52.380919437928284
2013-07-30,1377.365275474314,1428.8994140625,1377.365275474314,1428.8994140625,3902336,56.80828739566956,16.6144904409241,9.968566524828423,1494.0042685768558,1249.950858376269,34.50761444122547,73.80957890678096
2013-07-31,1428.899316866129,1428.899316866129,1405.4746732246715,1419.5294189453125,4360477,55.06508679992283,16.486950176741857,11.27224325521111,1498.2256339161327,1255.567810908086,33.7159806124114,69.04757913008426
2013-08-01,1400.7897242642634,1424.2143679057208,1400.7897242642634,1419.5294189453125,4765198,55.06508679992283,16.199139996237136,12.257622603416317,1499.7237457549186,1266.2504729950815,32.980885114486114,45.83337669549927
2013-08-02,1428.8994140625,1433.5842621809963,1419.529515504326,1428.8994140625,4262658,56.60928088091702,16.536506103523607,13.113399303437776,1502.2418995565056,1275.444611673963,31.629024980285955,54.16683902608601
2013-08-05,1419.529482169007,1438.269177684694,1419.529482169007,1433.584228515625,2188640,57.39757807236658,16.986091459014006,13.887937734553022,1501.4184600709382,1290.3227996946866,30.70835858995745,58.33340734150515
2013-08-06,1447.638974862243,1447.638974862243,1424.214431338076,1433.584228515625,5677765,57.39757807236658,17.144757005805786,14.539301588803575,1498.6712171894692,1306.6562974589683,30.188086085258124,56.521757703379805
2013-08-07,1447.6389214302164,1499.1730569060949,1438.2691245985045,1475.7484130859375,11482537,64.18859968218149,20.43721046823657,15.718883364690175,1498.1729608419505,1325.4257207986743,32.71671053563039,80.76917291751472
2013-08-08,1489.8031927214893,1499.1730909264145,1466.37864953035,1471.0635986328125,6771467,62.987202752917995,22.410147948601434,17.057136281472427,1487.3035796829238,1355.0347748092638,32.72226273994711,76.92307986209987
2013-08-09,1480.4332851364263,1480.4332851364263,1457.0087436943463,1466.3785400390625,6603953,61.74262784422743,23.32677351749294,18.31106372867653,1486.782390914143,1367.268243851482,32.05813979009946,73.07680893411302
2013-08-12,1466.3785400390625,1475.7483363837785,1461.6935912864146,1466.3785400390625,3179039,61.74262784422743,23.779095276396447,19.404670038220516,1490.0703923922085,1371.9445978421666,30.77218302633263,73.07680893411302
2013-08-13,1466.37864953035,1485.1183447796134,1457.0088524860116,1471.0635986328125,3309406,62.599691869507005,24.23622844795773,20.37098172016796,1491.6209971863325,1379.7638538878862,30.58199083113757,76.92307986209987
2013-08-14,1461.6937754683647,1480.4334716796875,1461.6937754683647,1480.4334716796875,3401211,64.32121003910814,25.065639142259442,21.30991320458626,1493.0126675757435,1388.6790316430063,29.736112644007942,84.61542128707157
2013-08-15,1480.4334875812467,1517.9127792458708,1480.4334875812467,1503.8580322265625,12453124,68.25518555192986,27.298439939058426,22.507618551480697,1503.01606280079,1387.5769791913974,30.289197995591895,90.00000238911922
2013-08-16,1494.488043731092,1536.6522794039852,1494.488043731092,1522.5975341796875,12466390,71.00912353649304,30.231581004730742,24.052411042130707,1516.6594486579402,1382.8349239006534,31.137414972541993,91.17646457177186
2013-08-19,1522.5975341796875,1550.7070246282829,1522.5975341796875,1522.5975341796875,12839802,71.00912353649304,32.185106557554036,25.678950145215374,1528.0713585667527,1379.8558509059035,30.921134649402948,81.25000224767808
2013-08-20,1522.5976436416695,1546.0221869793336,1513.2278465387217,1527.2825927734375,10928699,71.72046795982648,33.722601547357954,27.28768042564389,1537.5758592073475,1375.9732496793713,31.05493506306073,84.37509760516787
2013-08-21,1527.2825016388776,1546.0220947265625,1517.9126039344535,1546.0220947265625,9807757,74.4237038159135,36.03777753224131,29.037699846963378,1551.6702864383858,1372.1856217647394,30.844546186564177,96.42855795749125
2013-08-22,1546.0222600948762,1546.0222600948762,1503.8580193966684,1508.54296875,12828481,61.717006924494555,34.451187100248035,30.12039729762031,1556.096508373803,1376.6607548097907,31.65309579453872,67.85726040616082
2013-08-23,1508.5429054897086,1517.9127026428598,1475.7484637127968,1494.4881591796875,16262947,57.73603992146114,31.69434440746204,30.43518671958866,1557.4800833066868,1383.241535345657,32.403891732790456,55.55560686496898
2013-08-26,1494.4881465857352,1499.173095703125,1475.7484512767626,1499.173095703125,6366923,58.69251983369283,29.54696293883012,30.257541963436953,1554.4632192919405,1397.5022103955596,31.762516925188454,54.166763243079544
2013-08-27,1499.173095703125,1508.5428927773178,1489.8031974683452,1499.173095703125,3287295,58.69251983369283,27.527824033903926,29.71159837753035,1555.349702684773,1403.6430951667894,30.832315381173036,45.00013403501749
2013-08-28,1475.7484416894165,1480.4333907763698,1428.8993554622257,1442.9541015625,12133663,44.63447746909405,21.147464116730816,27.998771525370444,1553.2762486883873,1408.059017424894,33.649560014010625,11.53847388797322
2013-08-29,1438.269224341611,1447.6390218231131,1414.8446800575605,1424.2144775390625,11080646,41.10059061250828,14.412711107198447,25.281559441736047,1552.7057601059296,1409.0980118667267,33.588472996263626,6.896537455692607
2013-08-30,1424.2144356029196,1461.6937255859375,1419.5294864198218,1461.6937255859375,4574689,49.681352053010414,11.961745361507155,22.617596625690272,1550.7532776808212,1414.329925444179,34.20102772268164,34.482730057694546
2013-09-02,1461.6937255859375,1461.6937255859375,1461.6937255859375,1461.6937255859375,0,49.68135205301042,9.905156867173446,20.075108673986907,1548.9964632741512,1418.8976895578799,31.75809717106152,34.482730057694546
2013-09-03,1490.7341152782324,1490.7341152782324,1471.3738993882978,1481.053955078125,3802571,53.72052381601341,9.725396076206835,18.005166154430896,1546.9463222959916,1425.6948031922898,31.563975208292476,48.73261625931949
2013-09-04,1476.2138446795911,1476.2138446795911,1442.33349609375,1442.33349609375,5084304,45.80171624959637,6.3849155822376815,15.681116039992254,1548.2700830732874,1421.0295507157753,32.0751526208698,20.232843856069604
2013-09-05,1432.6534695352425,1471.3739013671875,1432.6534695352425,1471.3739013671875,2693657,51.56803327158062,6.011580965388248,13.747209025071454,1548.27179738975,1421.0588666727501,32.54981542166089,41.60771808276947
2013-09-06,1461.6937524581087,1519.7742919921875,1456.8536726601774,1519.7742919921875,6399116,59.333696548247595,9.511574110701076,12.90008204219738,1552.1801065471047,1422.490132710708,34.71915855811441,79.99050745163771
2013-09-09,1519.7742687181503,1519.7742687181503,1476.2138647346812,1495.573974609375,5729594,54.61806725980347,10.21483032665401,12.363031699088706,1552.9644453666785,1424.6253373481652,35.350677750928114,61.541991039055375
2013-09-10,1495.574123050976,1539.1345313579866,1495.574123050976,1534.2945556640625,9177680,60.08429301005289,13.7382274993372,12.638070859138406,1558.629464461094,1425.283413956875,35.93709767933408,91.05967313356632
2013-09-11,1548.8144593342815,1582.6947021484375,1543.9743798564305,1582.6947021484375,11019089,65.65331460059184,20.203143208889742,14.151085329088673,1574.7908979420297,1419.348103522814,36.82731545112272,100.0
2013-09-12,1582.694718045034,1616.5750657097512,1582.694718045034,1602.054931640625,7272945,67.60056169778503,26.58241863074909,16.637351989420758,1592.8078701068177,1411.1508212994324,36.61681888756494,92.80220774764153
2013-09-13,1602.0549155495744,1602.0549155495744,1573.0146477030023,1582.6947021484375,5645218,63.71070732185087,29.733087122791858,19.256499016094978,1602.4207417264715,1407.5476664766534,36.07563781971192,83.20512626207542
2013-09-16,1592.3749904595566,1597.2149658203125,1568.174695614675,1597.2149658203125,5569863,65.32239476353197,33.02103262032233,22.00940573694045,1614.3597836847816,1403.070367682406,35.57311156156374,90.40298275996058
2013-09-17,1597.2149658203125,1602.0550456913438,1587.5349105885252,1597.2149658203125,6198702,65.32239476353197,35.220750230976364,24.651674635747636,1624.842223603281,1399.581165068594,34.06932752879623,90.40298275996058
2013-09-18,1597.2148360717235,1602.0549155495744,1582.6947021484375,1582.6947021484375,6791101,62.12260570521889,35.384488006456195,26.79823730988935,1630.1344363895896,1397.956213024473,33.018676519677705,82.80582407207281
2013-09-19,1582.6948322337068,1597.2149673504357,1582.6948322337068,1587.534912109375,3771261,62.77715624029767,35.495644174939116,28.537718682899303,1638.5835623220485,1397.4062814279516,31.69736142555774,84.21057983162437
2013-09-20,1592.3749904595566,1597.2149658203125,1577.854855356738,1597.2149658203125,11418326,64.11283045851772,35.95042159242985,30.020259264805414,1648.1729845941281,1398.0895398199345,30.816129213987512,89.47372125290308
2013-09-23,1597.2149026124343,1694.015869140625,1582.6947680842327,1694.015869140625,16183171,74.11551958859715,43.61904665342399,32.740016742529136,1678.6906429680919,1387.0561587897207,36.56648434558785,100.0
2013-09-24,1694.0158453044785,1698.8558204055958,1669.8155517578125,1669.8155517578125,7325304,68.94198137698132,47.19963587975144,35.631940569973594,1698.4567544500144,1384.354292913267,36.028897510030376,89.09090451198662
2013-09-25,1660.1356218464557,1689.175892677349,1650.45556640625,1650.45556640625,6329069,65.03115430895282,47.922666944929006,38.090085844964676,1708.8629149767548,1394.6982788709015,36.22114242153529,80.00007254057022
2013-09-26,1645.6154890958858,1689.175895412767,1626.2552736738455,1684.3358154296875,20051368,68.40854100211189,50.64571494436018,40.601211664843774,1720.4652633550725,1409.1080642816462,38.12824808706287,93.478315921115
2013-09-27,1694.015869140625,1703.6959239893356,1679.4957346124231,1694.015869140625,13424772,69.3202722696475,52.97419598131842,43.07580852813871,1734.3458185968188,1418.4597233953687,37.133386750623565,95.34885110302424
2013-09-30,1694.0158598183525,1718.2160490620895,1694.0158598183525,1698.8558349609375,6903425,69.78973477767093,54.58090408447242,45.37682763940545,1745.5523085097375,1430.96944441995,36.2095869287031,88.88887245547392
2013-10-01,1694.0159771609626,1708.5361126150526,1674.65576171875,1674.65576171875,23724279,64.47705459573751,53.2872261962907,46.958907350782496,1751.2308494259557,1444.6510841677944,36.043212926388776,70.96781231141969
2013-10-02,1674.6557599738069,1689.175895412767,1674.6557599738069,1684.3358154296875,6990454,65.60493745917634,52.43859707911429,48.05484529644886,1749.1636128975479,1470.918552629796,34.505850248715305,77.41940281532041
2013-10-03,1674.6556313691997,1684.335686081704,1664.975576656695,1669.8155517578125,7982799,62.40419848273869,50.01781423480497,48.447439084120084,1745.0417240693919,1494.8846064970144,33.42402085759225,67.74189502280109
2013-10-04,1664.9755989723074,1713.3759776938084,1660.1355192960489,1703.6959228515625,11375166,66.50990962509998,50.25389358380994,48.80872998405806,1750.2021482393088,1508.116345413035,34.83948068188991,89.65517047325213
2013-10-07,1703.695942359796,1766.6165608305475,1694.015887406708,1756.9364013671875,16144255,71.73380904711364,54.11326579201136,49.869637145648724,1758.9010329689381,1525.5537033591868,37.536708734886304,94.87175672678845
2013-10-08,1756.9364095037174,1771.4566487660022,1747.2563545058006,1761.7764892578125,9635468,72.158976166332,56.906418940230196,51.27699350456502,1770.3248293156628,1536.878100371837,36.58410770098026,94.99996392712832
2013-10-09,1747.25634765625,1761.7764823513403,1742.416267921129,1747.25634765625,11763259,68.81489271919351,57.287978698507914,52.4791905433536,1780.6882198845524,1542.970874353729,35.35383010353049,87.49996026194137
2013-10-10,1747.2563419193516,1752.0964216385808,1718.2160726245208,1723.05615234375,11947046,63.530425475199884,55.00356715999624,52.98406586668213,1786.2445231160432,1549.5146931925506,35.24858145428259,74.35896683830471
2013-10-11,1732.7362142067122,1747.2563489122404,1723.0561592397844,1737.5762939453125,11600698,65.25449231499059,53.745266656044805,53.13630602455467,1790.7441707367823,1560.503204751499,34.459411105297434,76.66664327442734
2013-10-14,1737.5762845634304,1742.416259765625,1732.7362048509638,1742.416259765625,4111418,65.83428146962359,52.53303115108156,53.015651049860054,1795.470183180806,1570.2973217020062,32.689457091680566,79.99992150078069
2013-10-15,1742.4162760315749,1761.7764905519025,1742.4162760315749,1752.096435546875,6058075,67.01964716744617,51.75681472203837,52.76388378429572,1799.6535948322748,1581.602057023194,31.737369498437488,86.66664609282134
2013-10-16,1756.9364026162195,1756.9364026162195,1742.416267921129,1747.25634765625,7714282,65.79056726996097,50.172742819438554,52.245655591324294,1797.9726818227339,1599.739134583516,30.507567012484134,78.2608196440514
2013-10-17,1747.25634765625,1761.7764823513403,1747.25634765625,1747.25634765625,4216843,65.79056726996097,48.35989169552772,51.46850281216498,1793.0965992372862,1620.5873607236513,29.36560756124172,78.2608196440514
2013-10-18,1747.25634765625,1747.25634765625,1737.5762926962805,1747.25634765625,5368210,65.79056726996097,46.38845686402442,50.45249362253686,1785.1721581930308,1643.5159399515003,27.95949666115085,78.2608196440514
2013-10-21,1747.2563394780918,1756.936394392753,1742.416259765625,1742.416259765625,6384965,64.31737198797538,43.92913815446036,49.147822528921566,1787.9741125002884,1645.554024706743,26.999542230149224,73.91295871803429
2013-10-22,1742.416267921129,1761.7764823513403,1742.416267921129,1747.25634765625,8928091,65.15758541159924,41.887808419957764,47.695819707128805,1789.4797851333437,1651.7924316635313,26.453876541261085,78.2608196440514
2013-10-23,1761.7763923954124,1776.296630859375,1756.9363129074247,1776.296630859375,12494693,69.75872274138865,42.12772585306129,46.5822009363153,1791.643542996987,1662.2127802452005,26.638619874251365,100.0
2013-10-24,1785.976580814816,1800.4968192787785,1776.296630859375,1776.296630859375,12204596,69.75872274138865,41.83560730802242,45.632882210656724,1796.5665639643678,1666.4858408207886,26.46444619890509,77.27274922004028
2013-10-25,1790.8166603028037,1790.8166603028037,1766.6164718834,1776.296630859375,4796507,69.75872274138865,41.12998044443884,44.73230185741315,1801.098207683796,1670.182273273235,26.30271350036928,70.58827319458791
2013-10-28,1781.136607457052,1781.136607457052,1766.6165771484375,1766.6165771484375,6966575,66.123399010122,39.33622314196168,43.65308611432285,1803.4763897576913,1674.58016541809,25.46109327238679,58.82360879306891
2013-10-29,1756.9364175956637,1766.6165771484375,1732.7362277342756,1766.6165771484375,6438562,66.123399010122,37.482581686836056,42.4189852288255,1801.5261591287024,1685.7264775900478,26.06246871108501,58.82360879306891
2013-10-30,1766.6165852405054,1776.2967448376196,1761.7765054419483,1771.4566650390625,4423980,67.11710845817905,35.989250444758,41.133038272012,1799.900357419699,1696.0643642599885,25.238023759984035,62.50012044694188
2013-10-31,1761.7765185854105,1815.016978725636,1761.7765185854105,1800.4969482421875,9994197,72.35654104716099,36.7257314599633,40.251576909602264,1797.0602105439639,1711.972650784161,27.238197787144138,82.35307010412308
2013-11-01,1815.016978725636,1815.016978725636,1795.656868407522,1800.4969482421875,3830165,72.35654104716099,36.884219646121664,39.57810545690615,1799.5149438126339,1719.1980200545538,26.675477253641976,82.35306519628989
2013-11-04,1800.496807918137,1810.1767578125,1790.816649003241,1810.1767578125,3200442,73.96046166527654,37.360236855744915,39.13453173667391,1808.1201075827555,1715.9168919289634,26.152950936186045,94.1174322611079
2013-11-05,1810.1767578125,1815.016837269948,1790.816649003241,1810.1767578125,3292071,73.96046166527654,37.30742712703659,38.76911081474644,1815.3201748790452,1713.5568514881425,26.0134678883661,94.1174322611079
2013-11-06,1810.176791188246,1829.537109375,1810.176791188246,1829.537109375,5342385,77.04934410688405,38.38531162802565,38.692350977402285,1826.411864920311,1710.6932376187515,25.53824529366138,100.0
2013-11-07,1834.3770487888908,1844.056998122255,1834.3770487888908,1839.2169189453125,8111043,78.42722706790425,39.56454712440359,38.86679020680255,1836.1760027611783,1712.5451764380402,24.75121982606092,95.6521328768444
2013-11-08,1839.2169189453125,1848.8970772991968,1834.3770487888908,1839.2169189453125,3327979,78.42722706790425,40.0375715489231,39.10094647522666,1845.1167099683546,1713.768531730864,24.02042044636414,91.6665912911784
2013-11-11,1848.8972416472225,1863.41748046875,1839.2170824328705,1863.41748046875,2521014,81.62578372732037,41.882435233263095,39.657244226833946,1858.6700716554515,1712.31529211408,24.033287666155097,100.0
2013-11-12,1858.5777514185288,1868.257703438132,1844.0575098582551,1853.7376708984373,9364474,76.72557815733519,42.07837000332506,40.14146938213217,1867.981994087494,1713.1674932171936,24.045209517135227,89.2858069436728
2013-11-13,1839.2170594478405,1844.0571389945287,1819.856950281623,1829.537109375,6247523,66.0497531359753,39.82182544234911,40.07754059417556,1871.1424385896523,1718.2351248869102,24.747746024255154,71.42844419157237
2013-11-14,1839.217441308072,1931.1783447265625,1834.377569777061,1931.1783447265625,5243327,79.16328552371176,45.708200182536984,41.20367251184785,1898.422780168555,1709.3469830150386,30.24013811906282,100.0
2013-11-15,1931.1779806294517,1931.1779806294517,1882.777602279928,1911.81787109375,5744806,73.35141440006444,48.254715826704796,42.61388117481924,1914.2392288175997,1709.986686709744,31.537324142460797,90.2437678421033
2013-11-18,1921.498046875,1931.1779972157185,1897.297648471848,1921.498046875,4614842,74.36481368281059,50.47214562930958,44.185534065717306,1928.7169534396862,1713.417140798595,31.704683042561484,94.28560050325162
2013-11-19,1921.4980220574769,1931.1779722731717,1906.977783203125,1906.977783203125,4465549,70.060951062935,50.47595540249063,45.443618333071974,1937.3436389092722,1720.7625988836967,31.168647758810426,85.71410823914457
2013-11-20,1921.4980364635765,1936.01806640625,1906.9777975003617,1936.01806640625,12473997,73.37929560628544,52.22031949281063,46.79895856501971,1952.2828050046433,1721.7955763430132,31.01662171911861,100.0
2013-11-21,1916.6579507328104,1931.1779806294517,1911.81787109375,1911.81787109375,8086278,66.74068989329454,51.06138324812923,47.651443501641616,1959.9540740693058,1727.6764313017882,30.52973411864585,83.3333615157957
2013-11-22,1921.498030371871,1921.498030371871,1902.137711815629,1911.81787109375,3588889,66.74068989329454,49.571488660437126,48.03545253340072,1965.9546895231424,1735.227939871389,29.731918721331287,83.3333615157957
2013-11-25,1911.8178875137396,1936.0180768963487,1911.8178875137396,1921.498046875,9058634,68.08035169342813,48.611482835986635,48.1506585939179,1970.719090721652,1745.9516856455355,29.336796369993248,88.4616324923532
2013-11-26,1916.6578433778536,1960.2181396484373,1916.6578433778536,1960.2181396484373,9580455,72.79980583504764,50.39414683766313,48.59935624266695,1980.4868758499072,1755.5440567672802,30.35276064860685,100.0
2013-11-27,1940.8581624921187,1974.7385113392456,1940.8581624921187,1945.6982421875,2572311,68.69787066270143,50.058246222860134,48.89113423870559,1984.6062690185881,1768.8488213134433,30.604731234215425,81.25001520294504
2013-11-28,1945.698250362408,1950.538330078125,1911.8179013729316,1950.538330078125,1883685,69.31846812139479,49.61071575840219,49.03505054264491,1990.6458257098777,1777.8134028057473,31.18442391071385,84.37504045293221
2013-11-29,1960.2182804890156,1960.2182804890156,1945.698250362408,1950.538330078125,4559476,69.31846812139479,48.694722194984706,48.96698487311288,1994.3818438658984,1789.0815228333202,29.99411006899197,84.37504045293221
2013-12-02,1960.2182804890156,1965.0583602047325,1950.538330078125,1950.538330078125,1417760,69.31846812139479,47.42213781116743,48.65801546072379,1997.0221660545044,1800.477357871277,28.888818644535935,84.37504045293221
2013-12-03,1936.018185114283,1960.2183758496144,1936.018185114283,1955.3782958984373,2790061,70.05983536300995,46.2707696806101,48.18056630470106,1997.9828327713822,1814.0368449629927,28.553916651021332,86.20683558735524
2013-12-04,1950.5383218828813,1955.37819255772,1945.6982421875,1945.6982421875,3817606,66.59397207257669,44.06920039704323,47.3582931231695,1997.9424328756288,1825.693358139996,27.20578358387247,68.42107211770409
2013-12-05,1940.858505829745,1945.698586381336,1921.4983926439604,1931.1783447265625,4457058,61.66610168875205,40.683828649250245,46.023400228385654,1995.773784976288,1837.058148617462,26.991098594836988,43.75041160469573
2013-12-06,1926.3377685546875,1936.0179271672976,1921.4978982689088,1926.3377685546875,3299854,60.070216134037295,37.181695663345636,44.25505931537765,1991.3681889019276,1850.17582965276,26.100307902233546,33.33304439875534
2013-12-09,1911.8179691541368,1916.658049041453,1887.6177787381064,1897.2977294921875,9112408,51.46516527156772,31.69755193819674,41.743557839941474,1988.7624120667338,1856.1696313902976,27.00171375325837,11.110961151346583
2013-12-10,1906.9778892668205,1906.9778892668205,1887.6177787381064,1897.2977294921875,6628718,51.46516527156772,27.039632473328766,38.80277276661893,1983.9243343517157,1865.3637149646904,26.45588495150521,11.110961151346583
2013-12-11,1887.6176674926949,1902.1376972783648,1877.9375082885556,1882.777587890625,3983351,47.51791514791013,21.923819517272477,35.42698211674964,1971.4540832252328,1883.158013942736,26.294763811384072,5.000030422758008
2013-12-12,1863.4174620114431,1897.2976008850103,1863.4174620114431,1873.097412109375,3880755,45.03788836637569,16.89365210171809,31.720316113743333,1974.691468103632,1874.112535802618,26.836576315825724,8.695525380314825
2013-12-13,1873.0975209996536,1873.0975209996536,1844.0572509765625,1844.0572509765625,7150185,38.53950169364744,10.443523442449987,27.464957579484665,1982.7097236035238,1859.3182182910073,26.993983009201827,0.0
2013-12-16,1839.217429338164,1936.01841267825,1839.217429338164,1853.7376708984373,10019846,41.566215795307464,6.043216555680829,23.180609374723897,1986.261574012685,1848.9903302841901,31.980197318550687,10.714378416899999
2013-12-17,1853.7373192987457,1897.2976176762952,1853.7373192987457,1882.777587890625,890987,49.5867911257899,4.843388680173575,19.513165235813833,1986.6760206082859,1846.1558641573392,32.807347394193464,34.615254553900776
2013-12-18,1873.0974286864853,1892.4577470947645,1873.0974286864853,1882.777587890625,3475327,49.5867911257899,3.848157282780221,16.380163645207112,1984.9154715187922,1842.5923653952702,31.84684532377102,34.615254553900776
2013-12-19,1902.137703585008,1911.8178628212424,1887.6176737511955,1906.977783203125,3766309,55.49124606880983,4.955063850688248,14.09514368630334,1984.7340837619552,1842.2897443630447,31.64637600997434,53.84603673729064
2013-12-20,1911.8178564825043,1911.8178564825043,1873.0974286864853,1882.777587890625,38604844,49.276034649779504,3.8353304661352468,12.04318104226972,1984.5993991831147,1839.5204006215727,32.15166542326325,35.999849429557024
2013-12-23,1882.7774728389943,1926.3377685546875,1882.7774728389943,1926.3377685546875,5410310,58.324376838070975,6.389225212508563,10.91238987631749,1985.0060563006962,1839.5977156719603,32.96656758700825,74.99979924534149
2013-12-24,1936.0179271672976,1936.0179271672976,1911.8177396562987,1926.3377685546875,2431508,58.324376838070975,8.317328216504848,10.393377544354964,1980.1199299477648,1841.0958049155165,32.340397581579005,81.8176113368125
2013-12-25,1926.3377685546875,1931.1778478609929,1916.657818962604,1926.3377685546875,5441619,58.324376838070975,9.733165861043062,10.261335207692584,1977.6166299723043,1841.6630575276956,31.067514104208275,89.99943617354393
2013-12-26,1931.1778724612052,1974.738377752318,1931.1778724612052,1960.2181396484373,22836123,64.4796289913044,13.434228765398984,10.895913919233864,1979.451127184204,1840.796541272827,32.305592325167005,89.28561357207546
2013-12-27,1960.218267631937,1998.9386960831632,1960.218267631937,1984.41845703125,15823026,68.1034373055899,18.111334948746617,12.338998125136415,1986.73360479198,1836.9020763603637,32.76380404727836,90.9090133406622
2013-12-30,1984.41845703125,2018.298805798505,1979.5785863678216,1984.41845703125,7722419,68.1034373055899,21.569337400671202,14.185065980243373,1993.4762413167168,1833.5474525309396,33.18926228895016,81.08103174270711
2013-12-31,1984.418221671332,2018.2985664202429,1984.418221671332,1989.25830078125,7528903,68.84075440210077,24.418878567841148,16.23182849776293,2000.182969471427,1830.2287248645107,33.23862532180449,83.78362642098278
2014-01-01,1989.25830078125,1989.25830078125,1989.25830078125,1989.25830078125,0,68.84075440210077,26.37314724789917,18.260092247790176,2007.7158512385072,1827.0518489568053,30.864437798818457,83.78362642098278
2014-01-02,2008.618617220924,2008.618617220924,1984.418221671332,1989.25830078125,4886543,68.84075440210077,27.603720746544013,20.128817947540945,2016.0577135677804,1824.517982233001,30.38843478101657,83.78362642098278
2014-01-03,1994.0988721763936,2013.458984375,1984.418711566805,2013.458984375,8435456,72.77157547680065,30.183811828498847,22.139816723732526,2029.1035436827667,1820.1842737000459,30.292137497243594,97.05895861392078
2014-01-06,2032.8193234474152,2052.179435816052,2008.6191307314768,2047.33935546875,8010040,77.12274044514119,34.56398331239802,24.624650041465625,2049.1361897991537,1815.1557901813148,31.239863753481554,97.29728272265787
2014-01-07,2057.019139752054,2071.53937813692,2042.4989013671875,2042.4989013671875,4992322,75.2720265899286,37.21571695906141,27.14286342498478,2064.996068567772,1813.8160286001967,31.082764683213753,85.36575716467357
2014-01-08,2032.819097088185,2061.8593669177226,2032.819097088185,2057.019287109375,6326592,77.05110592539681,40.02749669062132,29.71979007811209,2081.1231869877847,1815.113080102059,30.936872193665465,92.68295283947936
2014-01-09,2057.019548402214,2090.89990234375,2057.019548402214,2090.89990234375,10630111,80.5647292600917,44.47703135152983,32.67123833279564,2101.479502627428,1816.5370134858533,31.147139553716148,100.0
2014-01-10,2090.899405444796,2129.619830607643,2086.059326171875,2086.059326171875,5245981,78.71052862950118,47.07013042141966,35.551016750520446,2113.579598748021,1828.6371248847913,32.03380847386271,79.99996040189568
2014-01-13,2095.73974609375,2105.41969682633,2090.8996662171844,2095.73974609375,2859401,79.71595034042588,49.33757623437282,38.30832864729092,2124.8117706716325,1841.6051604807114,31.12856291533359,84.09101968365901
2014-01-14,2095.739540888468,2187.700422477169,2086.059382083174,2178.020263671875,15063997,85.83798646515439,57.115501550076715,42.069763227848085,2156.0854607931624,1839.8557379373067,36.165168449523684,96.2263906994954
2014-01-15,2178.0202779932147,2236.1008131658195,2178.0202779932147,2226.420654296875,9030509,88.11109254883237,66.41942859599749,46.939696301477966,2193.90099641457,1836.4045089565238,37.73055280983946,96.49120285945901
2014-01-16,2250.6208978591817,2299.021484375,2236.100868218812,2299.021484375,11335719,90.55897809210002,78.74343277101684,53.300443595385744,2246.4954239650306,1823.0144515232505,40.22128690043129,100.0
2014-01-17,2323.221511888854,2444.22265625,2318.3814326711245,2444.22265625,23557120,93.45948695082306,99.08463000619167,62.457280877546935,2331.0640576340184,1794.5903246902008,47.71985011290048,100.0
2014-01-20,2492.62329667468,2613.6244539624518,2468.4231070212345,2516.823486328125,20692411,94.38789175288738,119.68381508264702,73.90258771856696,2420.605849831443,1764.09710427012,56.41141779858272,84.61538321356946
2014-01-21,2541.0237037951238,2613.624267578125,2415.1824757466184,2613.624267578125,12442511,95.338084877139,142.18085927265975,87.55824202938553,2519.375710315354,1734.0558936885527,66.55644451522014,99.99997037786386
2014-01-22,2565.223800611146,2565.223800611146,2444.22265625,2444.22265625,13989754,72.27580896733049,144.6729350503674,98.98118063358191,2557.7383757487437,1747.481717024694,73.90252785899906,73.07688307683445
2014-01-23,2323.221399409148,2366.7816922186785,2284.5009765625,2284.5009765625,14672720,58.02388336734068,132.23539108289788,105.63202272344512,2567.4363012904546,1770.2120751743892,80.03246727532056,45.59990387484555
2014-01-24,2284.5014722272017,2284.5014722272017,2226.4209298658416,2245.78125,17328524,55.18308967956651,117.89516743863669,108.08465166648344,2572.0978255335817,1791.6868302281366,78.4644726386091,36.66669916026916
2014-01-27,2231.261228676238,2245.781470200577,2182.860841636262,2207.06103515625,12287202,52.41924384468646,102.22762274475781,106.91324588213833,2572.0524706581364,1813.9964429160827,77.3541980618738,30.000056990828533
2014-01-28,2207.06103515625,2207.06103515625,2207.06103515625,2207.06103515625,0,52.41924384468646,88.78749373679284,103.28809545306923,2570.60680498693,1837.2223820247889,71.82889820031139,26.956551272758794
2014-01-29,2207.06103515625,2207.06103515625,2207.06103515625,2207.06103515625,0,52.41924384468647,77.24565484181448,98.07960733081829,2567.317744496617,1862.2917159526023,66.69826261457486,22.935880825013147
2014-01-30,2207.06103515625,2207.06103515625,2207.06103515625,2207.06103515625,0,52.41924384468647,67.3226112079501,91.92820810624465,2561.9521748338943,1889.437559052825,61.93410099924809,22.93587265776469
2014-01-31,2207.06103515625,2207.06103515625,2207.06103515625,2207.06103515625,0,52.41924384468647,58.780937577908844,85.2987540005775,2556.7230193256337,1914.0269196392103,57.510236642158944,22.93587265776469
2014-02-03,2207.06103515625,2207.06103515625,2207.06103515625,2207.06103515625,0,52.41924384468647,51.418874903911274,78.52277818124426,2552.7493938033854,1933.9727131302081,53.40236259629045,6.66677657495327
2014-02-04,2207.06103515625,2207.06103515625,2207.06103515625,2207.06103515625,0,52.41924384468646,45.06490699802862,71.83120394460114,2546.9189461267233,1956.2593741857763,49.58790812512685,5.6179753413485995
2014-02-05,2207.06103515625,2207.06103515625,2207.06103515625,2207.06103515625,0,52.41924384468646,39.57316682107785,65.3795965198965,2540.92478704308,1977.2577080741075,46.045914687617795,5.6179753413485995
2014-02-06,2182.860415635847,2357.102025799989,2182.860415635847,2342.581787109375,11346687,63.875749192781555,45.630317358803495,61.4297406876779,2544.2105493459076,1999.140134247842,55.2027500787981,37.078622462079224
2014-02-07,2371.6220316690888,2371.6220316690888,2294.181386491268,2308.701416015625,13809681,59.98704144914602,47.153236839755664,58.574439918093454,2541.243017752019,2024.3718748261065,56.79117115729972,29.213454149500134
2014-02-10,2313.54150390625,2337.741692548147,2289.341315264353,2313.54150390625,7179902,60.358329538615166,48.195152426195364,56.49858241971384,2536.8461196354997,2050.548948723875,56.19182873776361,34.1771972436234
2014-02-11,2323.221927721908,2410.3427421732085,2303.86181640625,2303.86181640625,14347599,59.17570585374465,47.69006674689672,54.73687928515042,2536.96890973295,2063.010313899862,59.78390709699182,53.19156112575183
2014-02-12,2318.3816046943325,2381.302221152461,2308.701445540609,2366.781982421875,9890718,64.09973107760985,51.770140307132806,54.1435314895469,2543.1253587099277,2070.8899977353844,61.045085500507454,80.8509256897462
2014-02-13,2366.7817645591304,2390.982160215788,2361.9418944483173,2381.302001953125,6995584,65.14453428794576,55.53509818380326,54.42184482839818,2549.5098301311527,2072.7335780719723,58.7590269481477,87.2338477181374
2014-02-14,2381.3022314569225,2386.1423110547285,2337.7417240972068,2352.261962890625,5145862,61.30193032968219,55.5353885815216,54.64455357902287,2537.535670705697,2075.51166816149,58.0191383773887,74.46800366135504
2014-02-17,2347.42236187103,2347.42236187103,2318.382087384178,2323.22216796875,8209747,57.6404552981003,52.586169342871926,54.232876731792686,2505.9368039989486,2087.7504030323016,56.294905315178596,61.70226692747056
2014-02-18,2323.2216861170014,2357.102034161415,2313.541526955587,2347.421875,6479247,59.79550732676499,51.60671586388298,53.707644558210745,2433.153935311373,2133.9130324620646,55.385305450224976,72.34032721092535
2014-02-19,2347.421875,2347.421875,2347.421875,2347.421875,0,59.79550732676499,50.25122705995864,53.01636105856032,2411.775947445059,2145.6109422033783,51.42921220378034,72.34032721092535
2014-02-20,2337.7419388447206,2337.7419388447206,2250.621125142816,2269.9814453125,10261299,50.2984678221911,42.43898671645684,50.90088619013963,2411.074987179708,2144.8599493437296,54.670036321880616,38.297933295641904
2014-02-21,2294.1814048213646,2323.221673122641,2226.420709111541,2299.021484375,5622222,53.294210670388715,38.1512347290527,48.35095589792225,2413.1549475508714,2148.104012410066,57.679388299682,51.06377735242427
2014-02-24,2299.0215053558363,2361.9421220862373,2299.0215053558363,2352.261962890625,7976608,58.261311642912254,38.60421667487935,46.401608053313666,2419.3501299901627,2156.4289227442123,58.05376325765024,74.46800366135504
2014-02-25,2357.1021092030587,2516.823486328125,2352.2620294682606,2516.823486328125,23145500,69.17379078243695,51.646597941696655,47.450606030990265,2464.4064813702366,2142.3488164813257,65.6614604133538,100.0
2014-02-26,2516.8234747880924,2516.8234747880924,2444.2229061606413,2468.423095703125,7865699,63.883510818991084,57.4154227824597,49.44356938128415,2486.718880068705,2146.1726238375454,66.15711182436308,83.3333582106542
2014-02-27,2444.222852671314,2492.6232306970883,2371.622076612113,2395.822265625,7781323,56.8590343476008,55.489331323464285,50.65272176972017,2491.4898970155455,2160.2777299375794,70.07454341440683,58.33331145697633
2014-02-28,2395.8222442672177,2395.8222442672177,2342.581787109375,2342.581787109375,20515877,52.31601208083394,49.10082455721067,50.342342327218276,2488.603300179477,2176.7164019689603,68.87211020735099,39.99998867476412
2014-03-03,2347.421875,2381.302223044413,2347.421875,2347.421875,7612041,52.686121313437305,43.92213453438717,49.05830076865206,2484.023970829697,2195.3318153031155,66.71841918790007,41.66666966763053
2014-03-04,2299.0214743293263,2342.581772080633,2299.0214743293263,2313.54150390625,8416706,49.77380979782647,36.66151150008773,46.5789429149392,2475.989243019772,2214.0145899880404,65.40998929381247,29.99998678722481
2014-03-05,2371.6220554700653,2371.6220554700653,2342.581787109375,2342.581787109375,6726891,52.212161564002045,32.871797965201495,43.83751392499166,2465.618891314064,2237.937016889061,64.88645802738411,39.99998867476412
2014-03-06,2352.26220310537,2381.302474637282,2347.422123013292,2371.622314453125,7594352,54.5864834132445,31.844665063977573,41.43894415278885,2467.317589205695,2239.142371731805,63.01747442027861,50.0000746319626
2014-03-07,2390.9823906525344,2390.9823906525344,2352.261962890625,2352.261962890625,3537769,52.70639221550589,29.1326136342268,38.977678049076445,2467.5631491061245,2243.252866518875,61.281971087537954,43.33335066049695
2014-03-10,2361.942138671875,2371.622088914921,2347.421899776495,2361.942138671875,4370383,53.567525382978346,27.447999173134576,36.67174227388807,2468.254909190744,2247.4011699108187,58.633272376887085,46.66671264622977
2014-03-11,2366.7820294771414,2420.0226968605903,2357.1020791515034,2415.1826171875,10252455,58.08767691910772,30.062450526253087,35.34988392436108,2473.5896212026455,2253.198537977042,58.93951132918707,65.00003542844198
2014-03-12,2420.022722220116,2565.224068831679,2420.022722220116,2492.623291015625,18569042,63.633261956453744,37.9458214299284,35.869071425474544,2494.1440703230437,2245.2282197160184,65.44679278025791,78.5714114889462
2014-03-13,2492.6232852456087,2516.8234747880924,2444.2229061606413,2468.423095703125,5639911,60.92054879652869,41.7593207007003,37.0471212805197,2506.079662581254,2242.0047368328082,65.95777676934314,63.6363524895328
2014-03-14,2468.423332955722,2468.423332955722,2420.02294921875,2420.02294921875,9347670,55.79730093402203,40.41023498872664,37.71974402216109,2510.5872660784653,2244.27323196841,64.70367726703091,45.45465648658596
2014-03-17,2332.9020917576167,2376.462394545204,2332.9020917576167,2371.622314453125,13348003,51.163563607003745,35.0317242075721,37.182140059243295,2510.596571985047,2249.1039407102658,66.3049044237525,27.272777058961793
2014-03-18,2395.82229849514,2420.0226968605903,2371.622109150232,2415.1826171875,17636133,54.80159036508405,33.893465275704784,36.524405102535596,2513.9581992396834,2252.5183876743795,65.02602465851005,43.63636766025101
2014-03-19,2405.502295994416,2541.023681640625,2405.502295994416,2541.023681640625,32640165,63.305824908147216,42.65402008288811,37.750328098606104,2540.106680887928,2245.7300866901965,70.06140758620285,90.90903406246106
2014-03-20,2541.023885002115,2541.023885002115,2492.62329667468,2516.823486328125,19234674,60.931526479615535,47.101117014209194,39.62048588172672,2550.427039364946,2260.0939323147413,68.51420621057656,81.8181402048183
2014-03-21,2492.62329667468,2565.224074655561,2492.62329667468,2516.823486328125,72398500,60.931526479615535,50.04854490040998,41.70609768546338,2560.435392949739,2271.8657789252616,68.8061041941697,81.8181384148313
2014-03-24,2565.22412109375,2589.4243111852907,2541.023931002209,2565.22412109375,27842950,64.05826936902434,55.6484487822936,44.494567904829424,2582.233242589315,2271.364145105997,69.077155670098,90.5660452550529
2014-03-25,2565.224068831679,2565.224068831679,2468.423101417122,2492.623291015625,24811967,56.724733740194985,53.61014829853639,46.31768398357082,2578.4275409735133,2272.7498271905492,71.05743167056444,62.26407974106954
2014-03-26,2492.623291015625,2541.023879233176,2444.2229118186187,2492.623291015625,24285723,56.724733740194985,51.40224736911432,47.334596660679516,2581.4379828368587,2272.1594048584534,72.89625565227823,62.26407974106954
2014-03-27,2468.42290947008,2541.023681640625,2444.222721753408,2541.023681640625,15031096,60.24374249323814,52.94762968373652,48.45720326529092,2596.0346285040278,2272.082900792847,74.60373452620242,81.13199330153459
2014-03-28,2516.82353189012,2637.8246913683724,2516.82353189012,2565.22412109375,32055903,61.91150232864299,55.48552689876078,49.8628679919849,2611.247111588485,2279.1346511068273,77.91783630849169,76.19049215528807
2014-03-31,2589.4243111852907,2589.4243111852907,2516.82353189012,2565.22412109375,16556052,61.91150232864299,56.84159421083132,51.25861323575418,2623.7002358777795,2288.461751426908,77.53804652182589,76.19049215528807
2014-04-01,2565.224074655561,2565.224074655561,2492.62329667468,2516.823486328125,9758582,56.42153125822122,53.3952533576653,51.68594126013641,2621.681974727843,2310.808210819032,77.18538780020046,60.317403434606135
2014-04-02,2516.823486328125,2541.023885002115,2468.4231070212345,2516.823486328125,17025337,56.421531258221215,50.08663584184933,51.366080176478995,2620.4223246036618,2329.492030865088,76.85791567024904,60.317403434606135
2014-04-03,2541.023681640625,2565.223869357297,2492.6230971867526,2541.023681640625,4966320,58.552766745166544,48.8541261795508,50.86368937709336,2623.1731548664648,2343.6813373210352,76.55383399169874,68.25390776173452
2014-04-04,2565.2241795607447,2686.225341796875,2541.023988917629,2686.225341796875,37335316,68.50531228810874,58.91478094457807,52.4739076905903,2653.0674573945807,2347.183372683544,81.45725014630955,100.0
2014-04-07,2662.024720075564,2758.82568359375,2637.8245314511514,2758.82568359375,27647135,72.11125899837857,71.91714706115044,56.36255556470233,2698.303346914312,2341.635837656,84.28181457461591,100.0
2014-04-08,2710.4252997160243,2758.825676846476,2710.4252997160243,2734.62548828125,7735862,69.26445662936402,79.35411750292451,60.960867952346774,2731.1790081289696,2340.7044635507177,81.71885523912376,92.30770264496702
2014-04-09,2734.62548828125,2734.62548828125,2734.62548828125,2734.62548828125,0,69.26445662936402,84.27648331909631,65.62399102569668,2761.1536557341915,2334.9300356720587,75.88179415061492,92.30770264496702
2014-04-10,2734.625494969337,2758.82568359375,2710.425306344925,2758.82568359375,10134293,70.61007552593824,89.10312188012449,70.31981719658225,2791.7955056621595,2333.328444533153,73.91883580048707,100.0
2014-04-11,2734.6254814737326,2758.8256699787157,2710.42529296875,2710.42529296875,9809526,64.52553900722828,88.0082562939765,73.85750501606111,2805.086046822484,2349.0781377478284,72.09608971652371,84.61540528993406
2014-04-14,2758.82568359375,2783.0258722181625,2710.425306344925,2758.82568359375,12688032,67.53799587858,90.00851235133678,77.08770648311625,2816.6112177888876,2376.2733036954874,72.13212468315862,92.85715360343734
2014-04-15,2734.625676992747,2758.8258672279835,2589.4243265607765,2637.82470703125,20481383,54.97024891554418,80.89742694569168,77.84965057563133,2811.035071019984,2404.1136594487657,79.07994011059064,57.14291175045677
2014-04-16,2589.4240796504578,2637.824455505792,2492.6231189192595,2613.624267578125,19868111,52.85194019504315,70.90668478323414,76.46105741715189,2812.2418588961873,2410.1669301663123,83.80291496783349,46.153809381173346
2014-04-17,2637.824455505792,2662.0246434334595,2589.4240796504578,2613.624267578125,7716935,52.85194019504315,62.271126852154794,73.62307130415248,2812.1141715961858,2419.9746955913142,83.0027470260598,46.153809381173346
2014-04-18,2613.6244539624518,2637.824643615897,2492.62329667468,2516.823486328125,13888220,44.83664321786207,47.07373422122828,68.31320388756764,2812.1141715961858,2419.9746955913142,87.44550416285674,15.38460072866617
2014-04-21,2516.823486328125,2565.224074655561,2468.4231070212345,2516.823486328125,5557481,44.83664321786207,34.63049231128571,61.57666157231126,2813.4932200985922,2413.7555836123456,88.11375155367598,15.38460072866617
2014-04-22,2516.823486328125,2516.823486328125,2516.823486328125,2516.823486328125,0,44.836643217862076,24.4868641218859,54.15870208222619,2811.892085440519,2417.7767378016683,81.81991215698484,15.38460072866617
2014-04-23,2686.225341796875,2710.4255324399905,2637.824751490091,2686.225341796875,10480287,58.569768782983054,29.774062824315024,49.28177423064396,2815.212799727047,2433.8162285932654,89.80435029661918,69.23087107619844
2014-04-24,2745.91898540386,2745.91898540386,2717.315673828125,2717.315673828125,5488002,60.51274519355805,36.05728985777887,46.63687735607095,2824.075633007505,2442.582594531558,87.65358553307388,79.11328009183083
2014-04-25,2723.0362196760025,2837.449462890625,2717.315600480604,2837.449462890625,11338088,66.96049530019002,50.15245899886531,47.33999368462982,2855.265334221736,2438.6154274970145,89.97360530999866,100.0
2014-04-28,2837.4494551959056,2843.1702892024528,2803.1255252899323,2820.28759765625,5468160,65.31960775420396,59.25510700809809,49.72301634932347,2877.9476080174977,2441.4395013575026,86.40725949589307,93.89383225965466
2014-04-29,2803.1254038381358,2843.170166015625,2785.963547042056,2843.170166015625,3771261,66.4984351472812,67.53692948265461,53.28579897598971,2898.0550538995735,2453.9667234441763,84.32149945858423,99.9999671280176
2014-04-30,2843.170166015625,2843.170166015625,2843.170166015625,2843.170166015625,0,66.4984351472812,73.25588521647933,57.27981622408763,2913.0774926200634,2471.578952692437,78.2985352115425,99.9999671280176
2014-05-01,2843.170166015625,2843.170166015625,2843.170166015625,2843.170166015625,0,66.4984351472812,76.90172363794863,61.20419770685984,2925.9300337349273,2488.9410600150727,72.70578269643232,99.9999671280176
2014-05-02,2843.170166015625,2843.170166015625,2843.170166015625,2843.170166015625,0,66.4984351472812,78.88177683268486,64.73971353202485,2941.699578371469,2488.865997800406,67.51251250383001,99.9999671280176
2014-05-05,2831.728916449342,2843.170369960761,2734.4777431489547,2763.0810546875,6791132,57.32525989818956,73.14528795528895,66.42082841667768,2942.092559926874,2488.8985533543764,70.45394924011404,78.62844557021216
2014-05-06,2757.360099461164,2757.360099461164,2602.902309864897,2740.1982421875,7476382,54.99114805461803,65.99191375840883,66.33504548502391,2942.48392046459,2489.064468207285,76.86286321029185,72.52224686965151
2014-05-07,2723.036124564885,2745.9188153738887,2671.550123951293,2705.874267578125,4765528,51.59742417170315,56.897278863142674,64.44749216064767,2940.907630774961,2487.7656358266013,76.68470808259929,63.36301396688474
2014-05-08,2637.226396691617,2637.226396691617,2517.092529296875,2517.092529296875,35162502,37.785458118704746,34.06393873913794,58.370781476345726,2944.1036483248286,2460.3963028470466,84.69163881107434,12.987265575704646
2014-05-09,2517.092301886737,2665.829467834112,2471.3269209060127,2642.94677734375,25639443,47.81470274126905,25.826031776900436,51.86183153645667,2942.1281656438223,2455.623933965553,92.53527510514756,46.15379318205196
2014-05-12,2602.902465268359,2602.902465268359,2494.209836739145,2517.092529296875,9508446,40.74175106371888,9.037862298167056,43.29703768879875,2941.2628857683467,2432.3158984113406,96.54967978368025,12.307762448740633
2014-05-13,2517.092778673301,2562.8579534961914,2488.4894638489845,2534.254638671875,5902998,42.00166882398268,-2.8492003609330823,34.06779007885239,2944.360550534695,2418.8612268090546,94.96530905964643,16.92317504203151
2014-05-14,2534.2543886356607,2711.595094910874,2534.2543886356607,2688.71240234375,13768997,51.91135089843765,0.1914604738349226,27.2925241578489,2946.1632277931585,2424.567363027154,100.84926600361551,58.4615600974943
2014-05-15,2688.712479432637,2734.47786587904,2545.6959153209746,2677.271240234375,12955618,51.21332382537348,1.6588774214228579,22.16579481056369,2947.204136057422,2429.8911520285155,107.13017204321908,55.384684025464736
2014-05-16,2688.712242233669,2700.1534804225817,2620.064168620217,2694.432861328125,4229018,52.25049786387807,4.158676685029604,18.56437118545687,2943.1315300843025,2451.7246955016353,105.19868202601518,59.999965305093575
2014-05-19,2700.1535658655057,2814.5670255083933,2688.7123273145494,2808.84619140625,10179084,58.57360510932641,15.196805838702403,17.890858116105978,2947.016548108344,2477.0419479854063,106.67411175228867,90.76918562320635
2014-05-20,2803.125725955712,2808.846345545116,2774.5224131820146,2785.9638671875,5801018,56.94933391996929,21.84635916001389,18.68195832488756,2943.626545193137,2507.3459889865503,101.50624179591816,84.61543347914723
2014-05-21,2785.9639151399174,2797.405154515653,2745.919147671478,2774.5224609375,9192200,56.11147247459174,25.894457028163743,20.124458065542797,2948.269676022871,2511.532570070879,97.93336787079363,81.53849175028665
2014-05-22,2774.522177932801,2831.7287986296983,2745.918867584353,2803.12548828125,12534008,57.78364679866955,31.052673128601327,22.310101078154503,2954.878658833736,2513.504568705326,97.06740809754733,89.23071475877607
2014-05-23,2860.33219592357,2946.142129577277,2843.170338088828,2917.538818359375,10097254,63.735609855740705,43.86712320636025,26.621505503795653,2969.426868563385,2506.9652945225525,100.34949618315304,93.97590669053201
2014-05-26,2888.9355071414725,2946.142129577277,2860.33219592357,2917.538818359375,4506041,63.735609855740705,53.40702428487384,31.978609260011293,2985.3822084970902,2500.7350766591594,99.31095600247833,93.97590669053201
2014-05-27,2917.538818359375,2946.142129577277,2831.728884705668,2917.538818359375,7709260,63.735609855740705,60.272678699266635,37.637423147862364,2997.6986838981534,2495.855466492472,100.38969092170196,93.97590669053201
2014-05-28,2917.5389798661467,3003.349133096729,2917.5389798661467,2974.74560546875,12286518,66.67013632231914,69.52838892212503,44.0156163027149,3021.24438375514,2485.467310580798,99.34830690853424,94.62362153824408
2014-05-29,2946.142129577277,2946.142129577277,2843.170338088828,2917.538818359375,8342521,61.325893074012356,71.42416304330754,49.49732565083343,3032.1793026025584,2481.969256967754,101.65023265649052,83.33326149575272
2014-05-30,2888.9355071414725,2974.74544079518,2888.9355071414725,2917.538818359375,9107602,61.325893074012356,72.09550558220235,54.01696163710722,3042.7232772745183,2478.862147530169,100.5187827277203,83.33326149575272
2014-06-02,2917.538818359375,2917.538818359375,2917.538818359375,2917.538818359375,214527,61.325893074012356,71.79988500062746,57.57354630981127,3059.041168399199,2477.9900327726764,93.33886967574028,81.70725301219491
2014-06-03,2917.538818359375,2946.142129577277,2860.33219592357,2917.538818359375,2145272,61.325893074012356,70.75004112616762,60.208845273082545,3075.0075484237013,2479.757710365361,92.80108853130935,81.24992649360105
2014-06-04,2917.538729675044,2917.538729675044,2803.12548828125,2803.12548828125,3409794,50.44754990123497,59.99425630517362,60.16592747950076,3078.1236053612283,2486.366775498147,94.3448200703676,47.76115335258634
2014-06-05,2803.1253660273483,2780.24267578125,2854.6113653744064,2780.24267578125,1908857,48.5910595268837,49.05825459294056,57.944392902188724,3063.758255054005,2527.047140453807,91.2834670005668,29.09079509600231
2014-06-06,2780.2429587900874,2860.332275390625,2780.2429587900874,2860.332275390625,1370039,54.8533037655839,46.32000758389904,55.61951583853079,3066.101904496976,2546.442040815524,90.4839050440531,44.444427534015645
2014-06-09,2860.33219592357,2917.538818359375,2854.6115766453227,2917.538818359375,3708351,58.72118259285201,48.210278938038755,54.13766845843239,3051.7378349511596,2600.8507392675906,88.51557194905305,66.66657878530268
2014-06-10,2917.53889941577,2917.53889941577,2860.332275390625,2860.332275390625,2686551,53.760987001738414,44.57837097083393,52.2258089609127,3021.4676392183906,2663.7286986722343,86.27921852591679,44.444427534015645
2014-06-11,2814.567105066512,2888.935587403198,2814.567105066512,2860.332275390625,4195486,53.76098700173842,41.22484340711753,50.02561585015367,3014.7793591343716,2687.5789660609407,85.42845165525746,35.897400351843785
2014-06-12,2860.3321915350957,2860.3321915350957,2831.7288803610777,2854.611572265625,5206058,53.23941965392865,37.67128460042068,47.554749600207074,3001.7123559482116,2718.380002450226,81.36951903913531,33.33328344975512
2014-06-13,2837.449661057167,3031.9524458980304,2837.449661057167,2974.74560546875,26479586,61.65292118459143,44.04119662162884,46.85203900449143,3001.4886807709313,2746.6349520415683,89.45046659640161,77.27267212429389
2014-06-16,2974.745154164969,2974.745154164969,2946.141845703125,2946.141845703125,6231857,58.933952523148044,46.24819304871835,46.731269813336816,3008.353420567327,2753.4997776748605,85.10427325134614,65.90887328847226
2014-06-17,2917.5387310409465,3031.9521873149647,2917.5387310409465,3003.348876953125,12151467,62.49629514926201,52.01380022893136,47.78777589645573,3022.1678331538146,2761.4238660649357,87.19778632439414,88.636276974082
2014-06-18,2974.745351764626,3003.348876953125,2974.745351764626,3003.348876953125,5262200,62.49629514926201,55.93826397150315,49.41787351146522,3030.3989080589795,2776.0754327613326,83.01248195754451,88.636276974082
2014-06-19,2974.745351764626,3003.348876953125,2917.5387310409465,3003.348876953125,6295075,62.49629514926201,58.37551318324495,51.20940144582117,3038.739832823262,2787.7568468642376,83.21231509716124,88.636276974082
2014-06-20,3060.5552943771445,3174.96852822452,2946.141845703125,2946.141845703125,40750793,56.38706707925474,55.05626704505676,51.978774565668296,3041.024893248097,2788.3320891737776,93.61334134174936,42.02891825597705
2014-06-23,3031.952110286717,3060.555419921875,3003.348800651558,3060.555419921875,6998630,63.97248046681046,60.955304999310556,53.77408065239675,3064.0488866425644,2779.6097559355608,95.09907226153511,71.01451814571388
2014-06-24,3060.555419921875,3089.158729557033,2974.7452761897457,3060.555419921875,6139875,63.97248046681046,64.88241103185374,55.99574672828815,3084.0891163018437,2773.871186432531,96.47867091194598,71.01451814571388
2014-06-25,3031.952110286717,3089.158729557033,3031.952110286717,3060.555419921875,8667995,63.97248046681046,67.2198028119733,58.24055794502518,3098.1493315034277,2768.39195267626,93.67352436611527,71.01451814571388
2014-06-26,3060.555419921875,3117.762039192192,3031.952110286717,3060.555419921875,11029841,63.97248046681046,68.2850550293092,60.24945736188199,3114.571983315659,2766.2709610202783,93.11183897606954,68.25397988162668
2014-06-27,3060.555419921875,3089.158729557033,3031.952110286717,3060.555419921875,5510613,63.97248046681046,68.34147707959482,61.867861305424555,3129.3447248393486,2765.799879652839,90.54718042565857,68.25397988162668
2014-06-30,3031.952312461933,3089.158935546875,3031.952312461933,3089.158935546875,10131863,66.10718087548415,69.88862406822727,63.472013857985104,3147.8865965515492,2764.420019659388,88.1657120441788,76.19055110111923
2014-07-01,3089.158935546875,3117.762247089346,3060.5556240044043,3089.158935546875,10193235,66.10718087548415,70.30432471096537,64.83847602858116,3164.3890690843605,2765.079558845327,85.95434854709045,75.00009302195056
2014-07-02,3060.555419921875,3089.158729557033,3031.952110286717,3060.555419921875,5859468,61.856511177913774,67.54706528193174,65.38019387925128,3166.28284689902,2788.92877419473,83.90095402659529,66.10171476846206
2014-07-03,3089.159096589047,3146.36572265625,3060.555783555445,3146.36572265625,37406063,68.41738281036523,71.46231847979652,66.59661879936033,3174.75076765154,2817.07315812971,84.03733607715098,88.8890851481838
2014-07-04,3146.3654395401795,3203.57206045982,3117.7621290803595,3174.96875,29419780,70.25403308494938,75.99716212970725,68.47672746542972,3195.549046389091,2827.738526853096,84.16395002731595,90.00000785994673
2014-07-07,3146.36572265625,3174.969035689852,3117.7624096226486,3146.36572265625,14131695,66.11352758957537,76.40231480657803,70.06184493365939,3210.772780589816,2835.3974830820584,82.2384268873079,80.00011469999156
2014-07-08,3117.7624096226486,3146.36572265625,3089.159096589047,3146.36572265625,10389812,66.11352758957537,75.8490604672993,71.21928804038737,3216.240145615129,2858.533462783308,80.45044111444327,80.00011469999156
2014-07-09,3146.3654395401795,3203.57206045982,3117.7621290803595,3174.96875,15282547,68.28154841320385,76.83294531189767,72.34201949468944,3221.439211357007,2884.798044502368,80.83326184765879,88.88890704346657
2014-07-10,3146.36572265625,3174.969035689852,3089.159096589047,3146.36572265625,12621222,63.88017828941961,74.44648316201756,72.76291222815506,3212.5184348552098,2922.894236043228,81.18873879431209,75.00015656556539
2014-07-11,3089.159096589047,3146.36572265625,3089.159096589047,3146.36572265625,11654795,63.88017828941961,71.72835488889768,72.55600076030359,3218.216169495098,2934.3585131220893,79.47573074237573,75.00015656556539
2014-07-14,3146.365641041697,3232.1755779166515,3146.365641041697,3203.572265625,22460834,68.57823425510365,73.34483496998382,72.71376760223964,3228.0515464825735,2950.266178126801,79.92817403755993,85.71430580529255
2014-07-15,3203.571945584823,3260.778564453125,3203.571945584823,3260.778564453125,11139204,72.43882017716327,78.33893482641224,73.83880104707417,3254.490564469408,2949.5701288899672,78.30520581118436,100.0
2014-07-16,3317.985637568825,3346.5889509189005,3232.1756975185995,3289.38232421875,43773433,74.14908185110761,83.64072113595557,75.79918506485046,3282.832554786057,2949.8314832998803,80.88435206754984,81.8182045734987
2014-07-17,3260.778729793491,3317.9853515625,3260.778729793491,3317.9853515625,11163661,75.7683588623042,89.12309468639887,78.46396698916016,3312.490591563488,2951.637093983387,79.19308561765408,90.90901138629259
2014-07-18,3289.3820406779955,3317.9853515625,3260.778729793491,3317.9853515625,14702045,75.7683588623042,92.40275379644527,81.25172435061718,3327.003190170516,2974.308845962297,77.62262391417943,90.90901138629259
2014-07-21,3289.38232421875,3289.38232421875,3289.38232421875,3289.38232421875,16957450,70.63684135174732,91.6375414729464,83.32888777508303,3343.4523956549265,2980.742330907574,74.12122415914875,81.8182045734987
2014-07-22,3260.778564453125,3260.778564453125,3260.778564453125,3260.778564453125,9477837,65.83497144228927,87.71193227553522,84.20549667517348,3351.9614280784735,2992.2556129371515,70.86997670246848,69.99984748036638
2014-07-23,3260.778602738739,3232.17529296875,3232.17529296875,3232.17529296875,12534162,61.34411382406431,81.35500389960134,83.63539812005905,3354.404240124432,3006.9747881958806,67.85092632974752,55.55540430693466
2014-07-24,3203.572384168524,3289.38232421875,3289.38232421875,3289.38232421875,8795355,66.29601802527863,80.01090576860406,82.91049964976806,3362.643194062944,3021.618524687056,67.09064810976555,77.77778072824074
2014-07-25,3289.381912508729,3232.17529296875,3232.17529296875,3232.17529296875,10905711,58.258847663186415,73.48250837800879,81.02490139541621,3360.2654795092885,3041.158226545399,66.38467547692515,55.55540430693466
2014-07-28,3203.572348723453,3146.36572265625,3146.36572265625,3146.36572265625,15586334,48.71819804477985,60.685051726511574,76.95693146163528,3356.624145275426,3050.5202394901985,67.7721679651805,22.222219025887473
2014-07-29,3146.36572265625,3146.36572265625,3146.36572265625,3146.36572265625,7218279,48.71819804477985,49.966986808939055,71.55894253109604,3352.458363890177,3060.4066995863855,62.93129882481047,22.222219025887473
2014-07-30,3174.969035689852,3146.36572265625,3146.36572265625,3146.36572265625,5950835,48.71819804477985,41.00021814920092,65.44719765471702,3343.107297618204,3078.338796131796,58.43620605160972,22.222219025887473
2014-07-31,3174.969070818449,3289.38232421875,3289.38232421875,3289.38232421875,17965868,61.75554693131539,44.916464843574886,61.34105109248859,3351.068851631924,3084.678902274326,64.47766287381617,71.42858804240365
2014-08-01,3260.778602738739,3232.17529296875,3232.17529296875,3232.17529296875,4877814,55.65994720685754,42.90935688510899,57.654712251012675,3352.4990123030457,3088.9693959000797,63.95833204354359,42.856950742965736
2014-08-04,3203.572265625,3203.572265625,3203.572265625,3203.572265625,7463770,52.851016124092574,38.566117905781994,53.83699338196654,3350.972595877061,3096.2164666229387,61.432953136415485,28.57138178478828
2014-08-05,3203.571945584823,3260.778564453125,3260.778564453125,3260.778564453125,23722126,57.47349099915037,39.28726085805965,50.92704687718517,3352.290063745362,3106.340282934325,61.13104925725188,66.66652440984758
2014-08-06,3260.778564453125,3260.778564453125,3260.778564453125,3260.778564453125,3395950,57.47349099915037,39.404540825137246,48.622545666775586,3354.5681701902686,3112.643157934732,56.76454573887675,66.66652440984758
2014-08-07,3232.17529296875,3232.17529296875,3232.17529296875,3232.17529296875,9646573,54.38179364804905,36.76562978833772,46.25116249108802,3351.7055233203523,3124.0867618358975,54.75302614926948,59.999726867373624
2014-08-08,3232.1755779166515,3203.572265625,3203.572265625,3203.572265625,9758859,51.40391776162254,31.997402381219672,43.400410469114355,3347.5385037649285,3133.9744356881965,52.88516909173238,39.999931716843406
2014-08-11,3174.968953333349,3203.572265625,3203.572265625,3203.572265625,6545334,51.40391776162254,27.896968915458274,40.29972215838314,3347.5385037649285,3133.9744356881965,49.1076570137515,39.999931716843406
2014-08-12,3203.57206045982,3174.96875,3174.96875,3174.96875,5841010,48.33429348627777,22.084702487406958,36.656718224187905,3346.7005488469345,3126.2314091608782,47.64307548598354,19.99979515053022
2014-08-13,3174.968636150672,3260.778564453125,3260.778564453125,3260.778564453125,17652083,56.689939328658944,24.124482336477286,34.150271046645784,3343.100528252602,3126.9710537786477,50.36927112649364,79.99969272579533
2014-08-14,3260.778564453125,3260.778564453125,3260.778564453125,3260.778564453125,9121445,56.689939328658944,25.447677576215938,32.40975235255982,3333.8341896300253,3130.5167136902874,46.771466046029815,79.99969272579533
2014-08-15,3260.778564453125,3260.778564453125,3260.778564453125,3260.778564453125,4271779,56.689939328658944,26.1943669797015,31.16667527798816,3323.772051636131,3134.8581729732437,43.430647042741974,79.99969272579533
2014-08-18,3260.778602738739,3232.17529296875,3232.17529296875,3232.17529296875,8631541,53.11377384798478,24.199126285904185,29.773165479571365,3316.6201258483243,3136.2893956360504,42.37154878857291,59.999726867373624
2014-08-19,3232.1756975185995,3289.38232421875,3289.38232421875,3289.38232421875,24191573,58.72226295365997,26.92365386158008,29.203263155973108,3321.195255091565,3134.5746423693727,43.431226107246275,100.0
2014-08-20,3289.38232421875,3289.38232421875,3289.38232421875,3289.38232421875,9158822,58.72226295365997,28.751432972305338,29.112897119239555,3328.031909924672,3133.4586906612653,40.3289956710144,100.0
2014-08-21,3260.778929284232,3346.5888671875,3346.5888671875,3346.5888671875,18611126,63.75103422517325,34.41928689448514,30.174175074288677,3340.990868956835,3126.2203859259776,41.5345347637098,100.0
2014-08-22,3346.5887862705995,3403.79541015625,3403.79541015625,3403.79541015625,26572799,67.9552720468414,43.031155510287135,32.74557116148837,3373.7880218756445,3110.5852447259176,42.65396392121267,100.0
2014-08-25,3403.795370034953,3432.398681640625,3432.398681640625,3432.398681640625,26498506,69.83889343645876,51.56970493725839,36.510397916642376,3405.289193627705,3107.687368872295,41.65034303286713,100.0
2014-08-26,3432.398602713484,3489.605224609375,3489.605224609375,3489.605224609375,20246037,73.22832762045809,62.23524760333521,41.65536785398095,3446.2459160637814,3101.054596631531,42.761500171144476,100.0
2014-08-27,3489.605304851969,3432.398681640625,3432.398681640625,3432.398681640625,15490968,65.32282355750448,65.31872349972537,46.38803898312984,3463.5159340983923,3112.3878744953577,43.793288942402015,81.81821003436661
2014-08-28,3403.795492456345,3346.5888671875,3346.5888671875,3346.5888671875,22025843,55.62267731458341,60.144951912320266,49.139421568967926,3468.3275849984275,3113.2968778921977,46.79446933602509,54.54552508591652
2014-08-29,3375.191973331509,3317.9853515625,3317.9853515625,3317.9853515625,15216560,52.80768263460136,53.124252676748256,49.936387790523995,3470.789356184745,3119.4161125652554,45.495115499523294,45.45455250859165
2014-09-01,3317.9853515625,3317.9853515625,3317.9853515625,3317.9853515625,0,52.80768263460136,47.01830025370191,49.352770283159586,3471.3357854380183,3130.3109919057315,42.24546439241449,33.33336494589984
2014-09-02,3317.9853515625,3317.9853515625,3317.9853515625,3317.9853515625,0,52.80768263460136,41.69861330967751,47.82193888846317,3473.2845485882435,3134.0829074664443,39.22793122152774,33.33336494589984
2014-09-03,3346.5887862705995,3403.79541015625,3346.5887862705995,3403.79541015625,16729648,60.3301320744968,43.900816380275046,47.037714386825556,3484.821797321312,3136.8473433036884,42.55522603382933,66.66672989179968
2014-09-04,3403.795291765537,3489.605224609375,3403.795291765537,3489.605224609375,27427555,66.14219400815526,51.97112231640176,48.0243959727408,3510.7878353729407,3136.624298416122,45.64484794882995,100.0
2014-09-05,3461.001913661429,3489.605224609375,3461.001913661429,3489.605224609375,7252272,66.14219400815526,57.70174808041702,49.95986639427605,3530.0864821859404,3145.9289475015594,44.427595305909655,100.0
2014-09-08,3489.605224609375,3489.605224609375,3489.605224609375,3489.605224609375,14035868,66.14219400815526,61.533984811991104,52.274690077819066,3544.8359834440407,3159.782742141897,41.254195641201825,100.0
2014-09-09,3432.398514964662,3432.398514964662,3375.19189453125,3375.19189453125,24849752,53.16960578891495,54.708218201584714,52.7613957025722,3535.9112821521353,3188.729757886927,46.47984810098205,33.3332859144611
2014-09-10,3346.5885843145443,3375.19189453125,3346.5885843145443,3375.19189453125,7630352,53.16960578891495,48.73693988059358,51.95650453817648,3534.954784311439,3201.1275887354354,45.20295253781946,33.3332859144611
2014-09-11,3375.192264268976,3289.38232421875,3289.38232421875,3289.38232421875,9809157,45.42085324347119,36.65797330924079,48.89679829238935,3532.970446534241,3205.9723024891964,48.103425236010935,0.0
2014-09-12,3289.3820406779955,3317.9853515625,3317.9853515625,3317.9853515625,8939327,48.134230228305896,29.05836380857363,44.92911139562621,3529.7114416456425,3214.951986088732,46.71053967227802,14.285592351297932
2014-09-15,3317.9853515625,3317.9853515625,3317.9853515625,3317.9853515625,10293216,48.134230228305896,22.77310435581603,40.49790998766418,3522.14583424569,3231.09859934806,43.37407255282959,14.285592351297932
2014-09-16,3317.985637568825,3317.985637568825,3289.38232421875,3289.38232421875,15324231,45.51024186191409,15.307510245968842,35.45983003932511,3522.14583424569,3231.09859934806,42.31901832406141,0.0
2014-09-17,3289.382241918655,3346.5888671875,3346.5888671875,3346.5888671875,16587522,51.235912499881145,13.847438399624025,31.137351711384895,3519.9471183680716,3239.0179695225534,43.382412941539165,28.57142857142857
2014-09-18,3346.5886624470045,3317.9853515625,3317.9853515625,3317.9853515625,12418954,48.49218109118648,10.263939969870535,26.962669363082025,3520.495643534634,3235.609092793491,42.326777418929225,14.285592351297932
2014-09-19,3260.778890208303,3260.778890208303,3203.572265625,3203.572265625,30001051,39.402785388640645,-1.7875820652052425,21.212619077424574,3529.7127743047417,3206.3696475702586,47.47579945597,0.0
2014-09-22,3232.17529296875,3232.17529296875,3232.17529296875,3232.17529296875,15673086,42.31387544487951,-8.927563449136414,15.184582572112376,3527.5291436715406,3188.5309393362722,46.127744305097146,9.999906110579545
2014-09-23,3203.572384168524,3289.38232421875,3203.572384168524,3289.38232421875,10977697,47.72309872361504,-9.8563034827107,10.176405361147761,3508.1920012353517,3187.8457917333985,48.96218685832064,30.00005974781302
2014-09-24,3289.382241918655,3346.5888671875,3289.382241918655,3346.5888671875,12961617,52.51793838248517,-5.908141352161238,6.959496018485963,3498.9038190233737,3188.552992500064,49.55107531621525,50.00004267700929
2014-09-25,3317.9855545530777,3346.5888671875,3317.9855545530777,3346.5888671875,8232696,52.51793838248517,-2.7475226874612417,5.018092277296522,3498.9038190233737,3188.552992500064,48.054806553230044,50.00004267700929
2014-09-26,3317.9853515625,3317.9853515625,3317.9853515625,3317.9853515625,3698660,49.86571916944457,-2.5217056332098764,3.5101326951952423,3498.9038190233737,3188.552992500064,46.66542862978504,49.99998307347559
2014-09-29,3317.9853515625,3317.9853515625,3317.9853515625,3317.9853515625,3326272,49.86571916944457,-2.3160460535746097,2.3448969454412723,3498.9038190233737,3188.552992500064,43.33218372765754,66.66666666666666
2014-09-30,3289.38232421875,3289.38232421875,3289.38232421875,3289.38232421875,9849149,47.106750027563244,-4.410246045058557,0.9938683473413066,3498.9924434953364,3185.6040652937263,42.280101128807004,60.000068283156594
2014-10-01,3317.9853515625,3317.9853515625,3317.9853515625,3317.9853515625,8669380,50.08111537396811,-3.7190188309646146,0.05129091168012234,3492.2926049253724,3183.722898004315,41.303167287017224,79.99986343368681
2014-10-02,3346.5885843145443,3375.19189453125,3346.5885843145443,3375.19189453125,6853735,55.474055365908846,1.428407842325214,0.32671429780914074,3470.557964919652,3194.016205002223,42.43912269285528,100.0
2014-10-03,3403.795204747956,3403.795204747956,3375.19189453125,3375.19189453125,6368445,55.47405536590884,5.445013836016187,1.35037420545055,3445.5549426967,3207.577894217363,41.45085037313034,85.71426913319807
2014-10-06,3346.5889509189005,3346.5889509189005,3289.38232421875,3289.38232421875,12893168,46.69767625676023,1.684668035933555,1.4172329715471512,3408.376978633448,3224.7335682415523,44.61933036879961,42.8572565009918
2014-10-07,3317.985637568825,3317.985637568825,3289.38232421875,3289.38232421875,7469153,46.69767625676023,-1.2806703320620727,0.8776523108253065,3400.4992589574044,3224.0303308863454,43.475329153176425,42.8572565009918
2014-10-08,3289.3819638811324,3375.19189453125,3289.3819638811324,3375.19189453125,13965574,54.961462994913454,3.2558612886773517,1.3532941063957156,3400.4992589574044,3224.0303308863454,46.4992292601008,85.71426913319807
2014-10-09,3375.1921798219228,3375.1921798219228,3346.5888671875,3346.5888671875,12292209,52.06391437153731,4.491297143159954,1.9808947137485635,3403.943301931457,3226.306942209168,45.2209495011238,71.42866262951215
2014-10-10,3317.9855545530777,3346.5888671875,3317.9855545530777,3346.5888671875,6731605,52.0639143715373,5.4080483437587645,2.6663254397506035,3406.481649459879,3226.628946243246,44.033975439216555,71.42866262951215
2014-10-13,3346.5888671875,3346.5888671875,3346.5888671875,3346.5888671875,12389882,52.0639143715373,6.0646705283443225,3.3459944574693474,3408.911838945517,3227.059108320108,40.88869147927252,50.00024723795391
2014-10-14,3346.588532048708,3346.588532048708,3232.17529296875,3232.17529296875,15799830,41.209836337429984,-2.6170037151805445,2.1533948229393696,3413.161348774769,3217.088895365856,46.14046881780662,0.0
2014-10-15,3232.17537091964,3232.17537091964,3174.96875,3174.96875,12336354,37.05068090667026,-13.952546750034344,-1.0677934916553733,3421.557983969354,3191.5302484525205,46.930908253651864,0.0
2014-10-16,3174.968954069544,3174.968954069544,3031.952392578125,3031.952392578125,23157467,29.13420169916776,-34.08337910159344,-7.670910613642986,3460.21042985563,3124.2745066678076,53.79416919920666,0.0
2014-10-17,3060.555419921875,3060.555419921875,3060.555419921875,3060.555419921875,22515285,32.25196785782276,-47.18526119460512,-15.573780729835415,3479.110976180615,3091.0722757725102,51.9948019238169,7.692236183574845
2014-10-20,3060.555783555445,3146.36572265625,3060.555783555445,3146.36572265625,13513201,40.68329583066413,-50.06727844314446,-22.472480272497226,3483.3549677498695,3078.2473271720055,54.41019483885677,30.76927301901675
2014-10-21,3117.7624096226486,3146.36572265625,3117.7624096226486,3146.36572265625,4470817,40.68329583066413,-51.75470188922918,-28.32892459584362,3484.8423215533935,3062.458313212231,52.56684613848138,30.76927301901675
2014-10-22,3146.365641041697,3203.572265625,3146.365641041697,3203.572265625,11436684,45.88988588842902,-47.92347521399142,-32.24783471947318,3476.9766451332107,3056.0223294761645,52.89825888454007,46.15387670005339
2014-10-23,3174.9688293811814,3174.9688293811814,3117.76220703125,3117.76220703125,8683685,40.19108732344361,-51.2209122626482,-36.04245022810819,3471.9832682729016,3038.133040320848,55.24910172091221,24.99996143867076
2014-10-24,3146.365518206216,3146.365518206216,3117.76220703125,3117.76220703125,5121151,40.19108732344361,-53.22066023794787,-39.47809223007612,3468.13738644492,3021.956607695705,53.34583096763035,24.99996143867076
2014-10-27,3089.1590171746925,3089.1590171746925,3031.952392578125,3031.952392578125,5419862,35.13133648139126,-61.026138462857034,-43.78770147663231,3470.219704599098,2991.2709936430892,55.66468693087997,0.0
2014-10-28,3003.349000919462,3089.158935546875,3003.349000919462,3089.158935546875,7151369,40.50843727173905,-61.882602151955325,-47.40668161169692,3466.5440293110482,2974.9243300639514,57.817918909203755,23.076915080354894
2014-10-29,3117.76220703125,3117.76220703125,3117.76220703125,3117.76220703125,4997329,43.050340688448514,-59.5666634178574,-49.83867797292902,3456.164734550163,2965.281310371712,55.731158378858844,33.33330925564516
2014-10-30,3089.1588958562843,3117.76220703125,3089.1588958562843,3117.76220703125,5885155,43.050340688448514,-57.07335912854569,-51.28561420405235,3433.793530414151,2961.909545757724,53.7934550071522,33.33330925564516
2014-10-31,3117.7624096226486,3146.36572265625,3117.7624096226486,3146.36572265625,10863873,45.73916964704618,-52.187745015796736,-51.46604036640123,3407.8928314476852,2964.92762753669,51.99417362271275,41.66673962823219
2014-11-03,3203.5719831987603,3232.17529296875,3203.5719831987603,3232.17529296875,11674945,52.9204996910458,-40.92004464594174,-49.35684122230934,3400.8716794005445,2966.228076458831,54.4095591005547,99.99996593448121
2014-11-04,3232.1755779166515,3232.1755779166515,3203.572265625,3203.572265625,4060743,50.52031079480514,-33.907471954577886,-46.266967368763055,3391.102840863363,2967.4159091366373,52.56625575706162,87.50000429713948
2014-11-05,3203.57206045982,3203.57206045982,3174.96875,3174.96875,4289622,48.16759976399648,-30.308643064425723,-43.07530250789559,3359.9771510851074,2978.5192844617673,50.85463146191436,74.99991973513018
2014-11-06,3232.175661757055,3232.175661757055,3146.36572265625,3146.36572265625,2233562,45.86730713299435,-29.42537311734668,-40.34531662978581,3330.831862196988,2987.642258896762,53.35143915040655,62.50002565841418
2014-11-07,3146.365363658781,3232.17529296875,3146.365363658781,3232.17529296875,5757488,53.1030206354144,-21.55281272798493,-36.58681584942564,3305.297005228224,3001.735758443651,55.66990273323244,99.99983883507996
2014-11-10,3203.5719831987603,3232.17529296875,3203.5719831987603,3232.17529296875,7402397,53.1030206354144,-15.139236209504816,-32.29729992144148,3275.6798325711197,3019.91157367888,53.736574664429384,99.99983883507996
2014-11-11,3232.1756975185995,3289.38232421875,3232.1756975185995,3289.38232421875,11550047,57.49577466912751,-5.378303553037313,-26.913500647760646,3288.6464350152496,3012.66567435975,53.98446442054157,100.0
2014-11-12,3289.38232421875,3289.38232421875,3289.38232421875,3289.38232421875,2804528,57.49577466912751,2.33044201602479,-21.064712115003562,3307.4749840801915,3005.2784827166834,50.12843124764574,100.0
2014-11-13,3260.779010868675,3289.38232421875,3260.779010868675,3289.38232421875,4307464,57.49577466912751,8.343499746588805,-15.18306974268509,3319.5751008994075,3018.92135906153,48.590922826390695,100.0
2014-11-14,3289.381873887276,3289.381873887276,3260.778564453125,3260.778564453125,5659507,54.318411634049625,10.677720839127687,-10.010911626322535,3325.726921501744,3032.791852912318,47.16326832205029,89.99985056437086
2014-11-17,3260.778564453125,3260.778564453125,3260.778564453125,3260.778564453125,3220908,54.31841163404964,12.384843110043676,-5.5317606790492935,3334.933970670583,3035.0260879231664,43.794463441903844,85.71407951628746
2014-11-18,3232.175255018974,3260.778564453125,3232.175255018974,3260.778564453125,3281203,54.318411634049625,13.581194255518767,-1.7091696921356814,3343.160650515162,3038.240692258275,42.70938101277864,85.71407951628746
2014-11-19,3232.17537091964,3232.17537091964,3174.96875,3174.96875,12444179,45.000543516764765,7.51850759824265,0.13636576593998484,3341.7587158423075,3036.7822753686296,45.78798340137481,33.3331597979078
2014-11-20,3203.5719831987603,3232.17529296875,3203.5719831987603,3232.17529296875,9015773,51.031419977880724,7.246343330382842,1.5583612788285564,3344.7439221761483,3045.238377628539,46.603594799044465,59.999827275022874
2014-11-21,3232.17537091964,3232.17537091964,3174.96875,3174.96875,4247014,45.641674160796114,2.387044897026499,1.724098002468145,3343.52302415552,3052.1799299460426,47.36095380765843,19.999995964971717
2014-11-24,3146.36572265625,3146.36572265625,3146.36572265625,3146.36572265625,3082781,43.18571186714499,-3.7290235200275674,0.6334736979690025,3329.454046808407,3077.690240300968,46.02110191737926,0.00025101740911526784
2014-11-25,3146.36572265625,3146.36572265625,3146.36572265625,3146.36572265625,7149831,43.18571186714499,-8.478319020340223,-1.1888848456928427,3323.6711203737327,3089.1938454465794,42.73388035185217,0.00025101740911526784
2014-11-26,3146.3653488273503,3146.3653488273503,3060.555419921875,3060.555419921875,10813883,36.375430303220625,-18.947924328223507,-4.740692742198976,3332.161522587391,3074.982764521984,45.81076766488951,0.0
2014-11-27,3060.5555846813186,3117.76220703125,3060.5555846813186,3117.76220703125,13481669,42.84629314322358,-22.37117140313103,-8.266788474385386,3332.161522587391,3074.982764521984,46.62476905378133,25.000026673068206
2014-11-28,3117.762039192192,3117.762039192192,3060.555419921875,3060.555419921875,6008362,38.616712424407034,-29.361764847716586,-12.485783749051627,3340.967250125781,3057.596006710157,47.38062748632373,0.0
2014-12-01,3089.158935546875,3089.158935546875,3089.158935546875,3089.158935546875,9284644,41.714835256058485,-32.22235658666341,-16.433098316573986,3341.0763700376215,3043.185251056129,46.03940521051489,12.500066682670507
2014-12-02,3117.762247089346,3117.762247089346,3089.158935546875,3089.158935546875,2594415,41.714835256058485,-34.09635459767105,-19.9657495727934,3342.1396552770893,3030.680632808848,44.793969948511766,12.500066682670507
2014-12-03,3117.7624096226486,3146.36572265625,3117.7624096226486,3146.36572265625,7403012,47.82318079907027,-30.61251982722615,-22.09510362367995,3341.6742821674543,3028.2857031841086,45.68059974571628,37.500167156088374
2014-12-04,3146.36572265625,3146.36572265625,3146.36572265625,3146.36572265625,5254663,47.823180799070265,-27.534159026139605,-23.182914704171882,3341.6742821674543,3028.2857031841086,42.417699763879405,42.857334468134916
2014-12-05,3174.96875,3174.96875,3174.96875,3174.96875,10723285,50.812382146537544,-22.526835316657525,-23.05169882666901,3337.267422529923,3026.971908524765,41.43093744815588,57.142909400400434
2014-12-08,3174.9688293811814,3174.9688293811814,3117.76220703125,3117.76220703125,6484115,45.23110998446071,-22.910487287457727,-23.023456518826755,3332.211465838909,3020.586556622028,42.55777208399699,33.33341303081947
2014-12-09,3089.1590715006337,3089.1590715006337,2974.74560546875,2974.74560546875,14549306,34.90793595113563,-34.358712890221796,-25.290507793105764,3331.280482977157,2990.0538676087804,49.73340276103291,0.0
2014-12-10,3003.349080279841,3031.952392578125,3003.349080279841,3031.952392578125,8343597,40.73463703245861,-38.373063745312265,-27.90701898354707,3316.352197950397,2979.2391594714777,50.267215928771634,22.22228925593624
2014-12-11,3003.348876953125,3003.348876953125,3003.348876953125,3003.348876953125,2427524,38.86149487138398,-43.362672485109215,-30.9981496838595,3299.9942162733987,2966.9937964219134,48.719808764216516,14.285691202777146
2014-12-12,2946.1422408566,3031.952392578125,2946.1422408566,3031.952392578125,1266828,41.74629117162115,-44.49598666175734,-33.697717079439066,3283.083776348476,2961.0216191593363,51.369118975452835,37.50007911004055
2014-12-15,3031.9524458980304,3031.9524458980304,2974.74560546875,2974.74560546875,1303744,37.89509080481053,-49.44033848795061,-36.84624136114138,3267.7089784597006,2947.793121149675,51.78609907929767,12.500017937853114
2014-12-16,2974.7456035971218,2974.7456035971218,2848.89111328125,2848.89111328125,10016808,31.098084106091264,-62.79037033838176,-42.035067156589456,3268.7545805720997,2905.558773920088,57.076698587026414,0.0
2014-12-17,2831.7289579280314,2831.7289579280314,2734.477783203125,2734.477783203125,23348661,26.452920993363804,-81.66122651987052,-49.96029902924567,3300.711759170998,2829.5524986415016,61.17217226496203,0.0
2014-12-18,2745.9189818337054,2763.0810546875,2745.9189818337054,2763.0810546875,8286378,29.296290490205067,-93.23373062889459,-58.614985349175456,3299.581247696463,2783.7735862879117,58.845822209205814,6.4934966856994665
2014-12-19,2763.0810546875,2763.0810546875,2763.0810546875,2763.0810546875,8542943,29.296290490205067,-101.23801469574937,-67.13959121849024,3299.162957482301,2743.003106970824,54.64254919426254,6.4934966856994665
2014-12-22,2780.2426136591025,2946.141845703125,2780.2426136591025,2946.141845703125,6134337,45.0613283713404,-91.75232783297042,-72.06213854138628,3284.53926617656,2737.6044105812525,63.81528075293129,48.051842219385456
2014-12-23,2974.745154164969,2974.745154164969,2946.141845703125,2946.141845703125,7149370,45.0613283713404,-83.27491131275337,-74.3046930956597,3268.2617517601557,2733.8595373023445,61.300139874996475,48.051842219385456
2014-12-24,2974.745154164969,2974.745154164969,2946.141845703125,2946.141845703125,2879282,45.0613283713404,-75.68405892440387,-74.58056626140853,3262.076568981497,2728.603362659128,58.96465191691415,48.051842219385456
2014-12-25,2917.538818359375,2917.538818359375,2917.538818359375,2917.538818359375,2892818,43.18231671658873,-71.1560364831821,-73.89566030576326,3247.7131334505048,2722.9444593229327,56.795964447402426,41.55840095833698
2014-12-26,2917.53889941577,2917.53889941577,2860.332275390625,2860.332275390625,4211483,39.62356705187494,-71.36103045998152,-73.38873433660692,3240.8764091806306,2709.7588691396822,56.82529727438405,35.48382628009757
2014-12-29,2860.331920317594,2946.141845703125,2860.331920317594,2946.141845703125,6374906,46.716977064088276,-63.863199272032034,-71.48362732369193,3228.4684834519635,2707.865085883974,58.8956278537517,71.15364400533363
2014-12-30,2946.142041402786,3003.348876953125,2946.142041402786,3003.348876953125,5924994,50.861793313475,-52.6975205005956,-67.72640595907266,3218.548884396416,2709.2036790801467,58.775013810626575,90.38453605232199
2014-12-31,3003.349080279841,3031.952392578125,3003.349080279841,3031.952392578125,10546243,52.83726188424863,-41.06717810273949,-62.39456038780603,3200.4054121069075,2715.9058183618426,56.619906797367534,99.99998207581616
2015-01-01,3031.952392578125,3031.952392578125,3031.952392578125,3031.952392578125,0,52.83726188424863,-31.487084450827297,-56.213065200410284,3180.987362946235,2723.882534514703,52.57562774041271,99.99998207581616
2015-01-02,3031.952392578125,3031.952392578125,3031.952392578125,3031.952392578125,0,52.83726188424863,-23.622485897894876,-49.694949339907204,3152.4713210508835,2738.096940667867,48.82022575895466,100.0
2015-01-05,3031.952392578125,3031.952392578125,3031.952392578125,3031.952392578125,3184299,52.83726188424863,-17.191561266419285,-43.19427172520962,3136.358648353577,2745.6286319198603,45.33306677617219,100.0
2015-01-06,2974.7452761897457,3060.555419921875,2974.7452761897457,3060.555419921875,4005062,55.25667693161494,-9.675449345204015,-36.4905072492085,3147.4217694169565,2743.146492301794,48.22428655874056,100.0
2015-01-07,3060.5557048764085,3060.5557048764085,3031.952392578125,3031.952392578125,3580376,52.36381737815462,-5.958219117027511,-30.384049622772302,3147.4217694169565,2743.146492301794,46.822788397279346,90.38462192320614
2015-01-08,3031.952392578125,3031.952392578125,3031.952392578125,3031.952392578125,1651676,52.36381737815462,-2.9779593186895,-24.902831561955743,3150.975328077661,2742.4532852035895,43.47830351175939,89.79594132615466
2015-01-09,3031.952312461933,3089.158935546875,3031.952312461933,3089.158935546875,6294614,57.522137705758595,3.9544238292951377,-19.13138048370557,3160.3593804432885,2738.789887134836,44.45889776698671,100.0
2015-01-12,3060.5556240044043,3089.158935546875,3060.5556240044043,3089.158935546875,10694522,57.522137705758595,9.340713488493748,-13.436961689265708,3174.978887937538,2735.6117126484,43.326355893807,100.0
2015-01-13,3060.5556240044043,3089.158935546875,3060.5556240044043,3089.158935546875,1195919,57.52213770575859,13.454294121900148,-8.058710527032538,3188.763386424061,2745.853996388439,42.27470986871155,100.0
2015-01-14,3060.5556240044043,3089.158935546875,3060.5556240044043,3089.158935546875,3527924,57.52213770575859,16.52385964241057,-3.1421964931439166,3183.6153810656647,2786.47011698121,41.2981814168372,100.0
2015-01-15,3060.5556240044043,3089.158935546875,3060.5556240044043,3089.158935546875,3067707,57.522137705758595,18.74048380073191,1.2343395656312484,3175.1914169952493,2827.501869137563,40.3914049972396,100.0
2015-01-16,3060.5557048764085,3060.5557048764085,3031.952392578125,3031.952392578125,3395181,49.722914491728325,15.70010347369589,4.127492347244177,3147.8562064375046,2881.72421348437,41.59248628091891,60.00015011435315
2015-01-19,3031.9521873149647,3031.9521873149647,3003.348876953125,3003.348876953125,4519115,46.33971152437968,10.85735862660249,5.47346560311584,3146.9082243942635,2888.392898652611,40.66470266263899,25.000162501661087
2015-01-20,3003.349080279841,3031.952392578125,3003.349080279841,3031.952392578125,2254789,50.003227811900466,9.221216660912887,6.22301581467525,3146.8273146779175,2897.054863056457,39.80318930280763,50.00025059054685
2015-01-21,3031.952110286717,3060.555419921875,3031.952110286717,3060.555419921875,9673799,53.42738003482051,10.115976941302506,7.0016080400007015,3148.3394353653794,2906.9840997908705,39.00319789797552,74.99991191111425
2015-01-22,3060.5557048764085,3060.5557048764085,3031.952392578125,3031.952392578125,3983374,49.757480612465976,8.419995185510288,7.285285469102619,3142.3600343830244,2924.4048581951006,38.26034892656895,50.00025059054685
2015-01-23,3031.951985915301,3031.951985915301,2946.141845703125,2946.141845703125,19917332,40.72061260414843,0.1499943989433632,5.858227255070768,3121.913109592244,2953.4327400171314,41.656791637171175,0.0
2015-01-26,2946.1422908138165,2946.1422908138165,2848.89111328125,2848.89111328125,17960023,33.33207063631623,-14.088953469188255,1.8687911102189636,3145.6639870159256,2919.9567893512617,45.62781920112799,0.0
2015-01-27,2888.935546875,2888.935546875,2888.935546875,2888.935546875,16793021,38.29669956824326,-21.88983868068226,-2.8829348479612813,3156.601484175206,2897.577959184169,45.229005943458134,16.6665819901091
2015-01-28,2917.5388584863035,2917.5388584863035,2888.935546875,2888.935546875,2890357,38.29669956824326,-27.752186482500292,-7.856785174869084,3163.365661381027,2876.5120974080355,44.04145634830423,16.6665819901091
2015-01-29,2888.9357928594814,2888.9357928594814,2826.008544921875,2826.008544921875,4695081,33.720285399123995,-37.04874760574057,-13.695177661043381,3177.009800190298,2842.2735738331394,45.390441461825816,0.0
2015-01-30,2826.008338501861,2826.008338501861,2734.477783203125,2734.477783203125,12154390,28.40348535368713,-51.21176939090674,-21.198496007016054,3201.9293502399314,2787.6065628460065,48.686178623034685,0.0
2015-02-02,2734.477746704233,2791.6843698557022,2717.315673828125,2717.315673828125,298233,27.527075147211093,-63.09360123095439,-29.577517051803724,3219.4294509682672,2738.64279024267,50.52064415193058,0.0
2015-02-03,2717.3154291592223,2745.918738159496,2671.550048828125,2671.550048828125,701662,25.28641273103497,-75.33453243063968,-38.728920127570916,3232.9021551572137,2686.269548944349,52.22407595046205,0.0
2015-02-04,2648.667724031356,2700.1537302993816,2580.019858891773,2585.740478515625,928572,21.716996914754475,-90.91170029087016,-49.16547616023077,3254.9648601886483,2619.585652506664,57.07477562597253,1.1904667823750763
2015-02-05,2574.298988206567,2580.01960727251,2517.092367893828,2568.578369140625,1496137,21.07619793522801,-103.4490604700718,-60.02219302219898,3268.2220912066646,2559.9910191448976,57.901442411388565,9.473684376329386
2015-02-06,2625.784996153835,2671.5501636248155,2614.343543166096,2631.505615234375,311077,29.312247632295723,-107.07303459193872,-69.43236133614693,3256.6759490531394,2525.7718292671734,61.12075327373156,21.052615614475993
2015-02-09,2631.505742789616,2660.109054405445,2562.857666015625,2562.857666015625,566719,26.11107406921137,-114.16831471521664,-78.37955201196087,3245.817346536926,2484.000304830262,63.70151292488074,8.42104609593268
2015-02-10,2574.2992398297106,2660.109178686255,2522.813233550449,2648.667724609375,1077589,35.581433669714926,-111.58098461383634,-85.01983853233597,3220.119123617866,2465.649406655571,68.95825808280398,24.210530455666117
2015-02-11,2648.667673854074,2768.8017578125,2648.667673854074,2768.8017578125,588284,46.013791733863705,-98.698954283288,-87.75566168252638,3186.8838696254516,2466.848942874549,72.61367421677697,48.88893615039237
2015-02-12,2774.5224962040697,2826.0085037026765,2745.919182574476,2791.6845703125,505931,47.74955096794558,-85.65601152535646,-87.3357316510924,3150.309128757182,2473.676247219381,73.14764899616436,64.0000586761274
2015-02-13,2791.6839615117897,2837.449124442823,2774.521891146004,2814.566650390625,519406,49.49812857717565,-72.63569372843358,-84.39572406656063,3123.266583344463,2478.980218413349,72.41761930335402,74.28565101336578
2015-02-16,2814.566650390625,2814.566650390625,2814.566650390625,2814.566650390625,0,49.49812857717565,-61.60683284789911,-79.83794582282833,3099.6284860928176,2483.7400930087447,67.2449322102573,74.28565101336578
2015-02-17,2814.566650390625,2814.566650390625,2814.566650390625,2814.566650390625,0,49.49812857717565,-52.263915259470195,-74.32313971015671,3067.675594636345,2493.9544102464674,62.441722766667496,79.99987697087136
2015-02-18,2814.566650390625,2814.566650390625,2814.566650390625,2814.566650390625,0,49.49812857717565,-44.34836540802917,-68.3281848497312,3024.2834257227123,2512.747702206975,57.98159971190553,92.85719012182015
2015-02-19,2814.566650390625,2814.566650390625,2814.566650390625,2814.566650390625,0,49.49812857717565,-37.64132930894539,-62.19081374157405,2982.937016548713,2532.3555371622247,53.84005687534085,92.85719012182015
2015-02-20,2814.566650390625,2814.566650390625,2814.566650390625,2814.566650390625,0,49.49812857717565,-31.957567928649496,-56.144164578989134,2960.293839000815,2541.841195178873,49.99433852710222,92.85719012182015
2015-02-23,2814.566650390625,2814.566650390625,2814.566650390625,2814.566650390625,0,49.498128577175656,-27.14028971982907,-50.34338960715712,2955.7429150407243,2542.959672849901,46.42331434659492,92.85719012182015
2015-02-24,2814.566650390625,2814.566650390625,2814.566650390625,2814.566650390625,0,49.49812857717566,-23.056777850014896,-44.886067255728676,2943.9578738921005,2547.3078243500872,43.10736332183814,92.85719012182015
2015-02-25,2785.9638311856106,2814.5671435896784,2768.8017578125,2768.8017578125,750530,44.15177730889898,-23.245450546848133,-40.55794391395256,2926.6304670611826,2552.621852274755,43.29722206864816,78.18196568877612
2015-02-26,2768.801552470265,2791.6842436618085,2717.3155509959565,2740.1982421875,993267,41.15944468222673,-25.410127546681906,-37.52838064049843,2917.8794489731954,2552.791840089305,45.516612825591295,69.09097624574902
2015-02-27,2728.7567907215216,2728.7567907215216,2671.550170123641,2694.432861328125,1709157,36.85550307749556,-30.467325064716533,-36.11616952534205,2916.7929964707428,2549.873800404257,47.168859914039004,54.5454707315578
2015-03-02,2665.829467834112,2694.4327772404013,2637.2261584278226,2642.94677734375,977424,32.71137536053567,-38.189462867460406,-36.53082819376573,2917.405094970922,2541.82481225564,47.88584869877211,2.8571242499218616
2015-03-03,2654.388312840272,2705.8743143436964,2654.388312840272,2694.432861328125,1030567,39.97939123245673,-39.697211279774365,-37.16410481096746,2917.3345859171695,2544.183602559393,48.96025500599884,28.571499083684788
2015-03-04,2694.432861328125,2717.315552532609,2688.712242233669,2694.432861328125,498487,39.97939123245673,-40.42610577626192,-37.816505004026354,2910.940424236918,2561.4470025208943,47.50618752692324,28.571499083684788
2015-03-05,2700.153433755883,2734.4775773827146,2700.153433755883,2705.874267578125,1157788,41.604973625721925,-39.62377582876661,-38.17795916897441,2899.955939444561,2586.1610771570017,46.97322527889941,38.7096694470534
2015-03-06,2705.874398552276,2705.874398552276,2682.991706635668,2700.153564453125,456602,41.006946735288665,-38.99996912968936,-38.3423611611174,2895.9397019437274,2597.04210957971,45.252472895878604,35.48384823049772
2015-03-09,2711.594819869605,2803.1253660273483,2711.594819869605,2780.24267578125,1707896,51.514390380321075,-31.677912617003585,-37.00947145229464,2879.7453814052747,2634.974931094725,49.375282087188936,80.64493226024368
2015-03-10,2780.2428757369066,2803.125567628733,2740.19832604621,2745.9189453125,1422460,47.60129316096709,-28.318332165916672,-35.27124359501905,2873.6631875516787,2650.782247018634,50.34327919399852,61.290280295598635
2015-03-11,2734.477746704233,2780.2429163294078,2717.315673828125,2717.315673828125,747346,44.56337509025893,-27.6452086583663,-33.7460366076885,2872.814304728439,2646.4825214434363,51.24213371594739,45.16131188016475
2015-03-12,2694.433099031768,2717.315792254969,2671.550405808566,2677.271240234375,1153820,40.651828387154886,-29.997215329065057,-32.99627235196381,2871.746633577099,2636.1088595869637,50.85093748240849,22.58083869896403
2015-03-13,2677.2712042527933,2694.4330628195366,2654.388511337127,2660.109130859375,726627,39.069062686871405,-32.867164148512074,-32.970450711273465,2867.485864790234,2624.923876420704,50.07905276812285,12.903375049296997
2015-03-16,2660.109092012537,2660.109092012537,2568.5785365132115,2580.019775390625,1596149,32.67544240817283,-41.130039424520874,-34.60236845392295,2872.1741185437254,2596.7809351672117,53.03987716655433,4.6511255189379375
2015-03-17,2580.0194468352083,2625.7848261701647,2574.298828125,2574.298828125,984991,32.26920497210392,-47.59145556879912,-37.20018587689818,2872.1432208541028,2572.785050630272,52.92888580074078,2.438867626924304
2015-03-18,2591.461055440081,2597.18188979635,2539.975050020388,2551.41650390625,1680655,30.62896403204394,-53.93683646773388,-40.547515995065325,2870.701994321633,2547.9112625143043,53.23445394182799,4.347874360973338
2015-03-19,2545.6958412873696,2562.857699585664,2488.4892173063804,2517.092529296875,1954079,28.30482563169285,-61.03171877656223,-44.64435655136471,2869.2544853361524,2519.61135939041,54.74402739450338,9.090911447831704
2015-03-20,2517.092613925348,2648.667724609375,2505.6511598484685,2648.667724609375,3365525,45.4062936518134,-55.39884211294839,-46.79525366368145,2852.4974269270447,2519.778525221393,61.04920863496074,50.90909144442081
2015-03-23,2648.6673010109985,2648.6673010109985,2574.298828125,2574.298828125,1753779,39.649470867711145,-56.28685536256944,-48.693574003459055,2836.077214178496,2512.1719557433794,62.00061490991891,27.272631001060628
2015-03-24,2545.6960934976173,2562.8579534961914,2522.8133986728258,2534.254638671875,1237296,36.934111491650235,-59.53555486935829,-50.861970176638906,2819.381669423291,2500.836299326709,61.24953023436572,14.545497148885323
2015-03-25,2522.81314872964,2545.6958412873696,2511.371695037439,2517.092529296875,1178154,35.80244502194036,-62.771421557078156,-53.243860452726764,2810.372309510584,2484.6747363878535,59.32628852119178,9.090911447831704
2015-03-26,2511.371826171875,2545.6959742140843,2505.651206440401,2511.371826171875,766957,35.412937211570394,-65.04765329609381,-55.604619021400175,2803.6023873375634,2468.562016959311,57.949037039226894,7.272716214147165
2015-03-27,2511.371826171875,2534.2545199244537,2505.651206440401,2511.371826171875,389431,35.412937211570394,-66.0897419429457,-57.70164360570928,2800.905325672689,2452.9529751085615,55.852913928143025,7.272716214147165
2015-03-30,2522.81314872964,2539.9750070279338,2505.6510756046746,2517.092529296875,1054547,36.21770940582289,-65.69668132360812,-59.30065114928905,2801.1545081203276,2440.1183678562347,54.31512946350847,9.803924367120711
2015-03-31,2517.092369212311,2534.254226419128,2517.092369212311,2522.81298828125,1028937,37.06221979781154,-64.18371480744054,-60.27726388091935,2794.11270599515,2429.998182676725,51.66132430231621,14.999905925516416
2015-04-01,2522.81314872964,2551.416460720134,2511.371695037439,2517.092529296875,881473,36.54117853256733,-62.72323674586414,-60.76645845390831,2785.6265687822124,2420.750286686538,50.831570115200414,13.88888894408226
2015-04-02,2517.092369212311,2528.533607350189,2499.930297178836,2522.81298828125,692772,37.487614953967125,-60.40785992113615,-60.69473874735388,2773.119416767694,2414.9513107713683,49.243837262068446,19.99988115224878
2015-04-03,2528.5336060257127,2580.01960727251,2517.092367893828,2568.578369140625,1589719,44.6055872500033,-54.254609976557276,-59.40671299319456,2759.6615615337532,2415.2516464740593,50.22122312754084,49.999936435134515
2015-04-06,2562.8575446903587,2568.578378604036,2534.254234428606,2539.974853515625,418010,41.43035228647508,-51.09716343192622,-57.7448030809409,2722.7422041882014,2428.1442215930488,49.08571748810434,32.14266200636648
2015-04-07,2528.533615341587,2562.8575446903587,2528.533615341587,2539.974853515625,722120,41.43035228647508,-48.041076669814174,-55.80405779871556,2689.2309509402776,2441.0610656612853,48.0313040495806,32.14266200636648
2015-04-08,2551.4161369193075,2551.4161369193075,2528.533447265625,2528.533447265625,514791,40.10593567963909,-46.011934814372125,-53.84563320184688,2657.8306946707417,2453.5830992745705,46.23497444987359,19.23063386325322
2015-04-09,2528.533447265625,2557.136755626067,2528.533447265625,2528.533447265625,612034,40.10593567963909,-43.897798775899446,-51.8560663166574,2633.3623943060893,2463.177620342348,44.975569729199904,19.230688631502375
2015-04-10,2534.2540659723845,2545.695518212548,2528.533447265625,2528.533447265625,598159,40.10593567963909,-41.741164571672925,-49.83308596766051,2608.827106176782,2474.5553401122806,42.98889124475155,35.71406727481384
2015-04-13,2551.4161369193075,2551.4161369193075,2528.533447265625,2528.533447265625,309308,40.10593567963909,-39.5758111117043,-47.78163099646927,2603.974376875057,2474.2594366015055,41.552733988246615,35.71406727481384
2015-04-14,2528.5340186723506,2545.6960934976173,2528.5340186723506,2534.254638671875,649288,41.366592649522005,-36.971911381466725,-45.61968707346877,2599.8363572655066,2474.3930372657437,39.810584862799885,42.857581683364
2015-04-15,2539.974686210461,2602.9021365026865,2539.974686210461,2574.298828125,1894767,49.39523752452163,-31.31607840132847,-42.758965339040714,2602.88481343245,2473.632813520675,41.870364360515,72.22220311348619
2015-04-16,2585.7402263384524,2608.62291742888,2568.578369140625,2568.578369140625,1116566,48.37616612184864,-26.984324750101223,-39.60403722125282,2606.008486142562,2475.657724794938,41.73994892678215,63.15798791478772
2015-04-17,2557.137043073344,2660.109050676656,2557.137043073344,2608.623046875,1510535,55.32459539212588,-20.088539765342375,-35.70093773007073,2591.2746980278057,2486.387045136257,46.11366740367713,67.85715790805135
2015-04-20,2602.902467972124,2608.6230874108314,2574.2991559519182,2580.019775390625,577440,50.133922508313844,-16.73867244822668,-31.90848467370192,2592.430488506705,2485.8033493839202,45.27154340762256,50.00006334353139
2015-04-21,2580.019775390625,2580.019775390625,2568.5785365132115,2580.019775390625,653518,50.133922508313844,-13.923378425435658,-28.311463424048668,2597.686010756216,2485.1243408062837,42.8550930840362,50.00006334353139
2015-04-22,2580.019775390625,2637.2263994310374,2580.019775390625,2580.019775390625,984068,50.133922508313844,-11.558992756007683,-24.960969290440474,2602.1303526107595,2486.9727235611153,43.88020243806307,44.000046898271904
2015-04-23,2585.7403510001004,2602.902423851989,2539.9749666128414,2545.69580078125,747007,43.95329256138113,-12.312922268673447,-22.43135988608707,2601.6881942451723,2490.8472793876404,45.24072063814055,13.043720165972776
2015-04-24,2551.41642012299,2557.1370394647306,2545.69580078125,2545.69580078125,570672,43.95329256138113,-12.763289581802837,-20.497745825230226,2600.924765481182,2495.0431056125676,42.826471927093415,13.043720165972776
2015-04-27,2574.299153277864,2602.902465268359,2517.092529296875,2517.092529296875,607235,39.273870068194036,-15.252433326378195,-19.448683325459818,2600.924765481182,2495.0431056125676,45.89671935883558,0.0
2015-04-28,2517.092529296875,2517.092529296875,2517.092529296875,2517.092529296875,0,39.273870068194036,-17.028800267838506,-18.964706713935556,2601.269391092206,2494.1264341031065,42.6183822617759,0.0
2015-04-29,2517.092529296875,2517.092529296875,2517.092529296875,2517.092529296875,0,39.273870068194036,-18.226480347127108,-18.817061440573866,2601.269391092206,2494.1264341031065,39.57421210022048,0.0
2015-04-30,2517.092529296875,2517.092529296875,2517.092529296875,2517.092529296875,0,39.273870068194036,-18.957124507856406,-18.845074054030377,2601.6003222063414,2493.2234570905334,36.74748266449045,0.0
2015-05-01,2517.092529296875,2517.092529296875,2517.092529296875,2517.092529296875,0,39.273870068194036,-19.313530907198583,-18.93876542466402,2599.6800298117214,2489.995165500779,34.1226624741697,0.0
2015-05-04,2557.137170944814,2557.137170944814,2459.8859926548694,2477.0478515625,1608423,32.30023736047447,-22.567116698516656,-19.664435679434547,2604.3689557566995,2479.013539360488,38.631842175296484,8.571369889757266
2015-05-05,2477.047449251501,2557.136755626067,2471.3268305447414,2528.533447265625,1180045,45.660046549708795,-20.751934208861258,-19.881935385319892,2604.071102361564,2478.1672521306236,42.00170524001285,34.285489038573175
2015-05-06,2534.254428846226,2545.6958827246635,2488.4892578125,2488.4892578125,1528531,39.183355478634304,-22.287701682356783,-20.36308864472727,2606.168117337397,2472.065818209478,43.08777093088076,14.285699879041042
2015-05-07,2488.489021955195,2517.0923317002744,2488.489021955195,2505.65087890625,831191,42.92018168140862,-21.867929197618196,-20.664056755305456,2606.5479717605385,2469.397706950399,42.05316656046639,25.80623732815908
2015-05-08,2543.9279656795416,2605.759611909351,2490.929443359375,2490.929443359375,579804,40.6148077259125,-22.46419998171723,-21.02408540058781,2607.7502793729304,2464.4349989473817,47.25152384543136,17.505007047653518
2015-05-11,2482.096188654657,2508.5955589871905,2437.9307925714475,2446.763916015625,415375,34.60881853322789,-26.198537392901017,-22.058975799050454,2614.0549161316317,2449.953409063681,48.92389831473934,4.432171678726847
2015-05-12,2482.096158876876,2482.096158876876,2376.09912109375,2376.09912109375,701616,27.58107763377545,-34.46281914878864,-24.539744468998094,2631.730472667243,2416.4623007702576,53.00055113390981,0.0
2015-05-13,2358.433102395758,2376.099127985736,2296.6014599866426,2323.100830078125,1324745,23.694864284220998,-44.772728991270924,-28.58634137345266,2648.9969999065934,2374.0759737262188,54.893202338565764,8.571460893616498
2015-05-14,2305.434711573816,2367.266357421875,2296.601587718709,2367.266357421875,753380,32.26057061301533,-48.81688718241776,-32.63245053524568,2650.3522467856683,2352.589525675269,56.019742864608624,22.85720010802081
2015-05-15,2367.2662123719374,2367.2662123719374,2305.4345703125,2305.4345703125,569047,27.590880751141057,-56.36151964081728,-37.378264356360006,2650.2365876307954,2322.386337173892,56.43488888209194,2.8571494139561846
2015-05-18,2261.2690082117706,2296.6012777253886,2190.604248046875,2190.604248046875,1818618,21.39660726320669,-70.79051357510252,-44.06071420010851,2671.3779855739554,2262.303386496357,60.605991266630014,0.0
2015-05-19,2172.938478302224,2225.9369993474184,2172.938478302224,2208.270751953125,881242,24.215533571926045,-79.8792576441997,-51.224422888926746,2675.760410231898,2220.7460594946647,60.06260053652745,8.163250568760818
2015-05-20,2208.2706715010554,2358.43310546875,2208.2706715010554,2358.43310546875,927141,42.94519063946419,-74.1110003507165,-55.80173838128469,2659.1781200741552,2215.16968266022,66.49830292446796,42.85710949939425
2015-05-21,2358.43310546875,2376.0991310817467,2323.10083310508,2358.43310546875,595565,42.94519063946419,-68.74714064384807,-58.390818833797375,2646.3117080766056,2209.3098251265196,65.53401685676789,42.85710949939425
2015-05-22,2340.7668488786003,2376.09912109375,2331.9337255403934,2376.09912109375,513007,44.80635867834896,-62.35198845164268,-59.18305275736644,2631.644852670816,2207.017012563559,64.0076867636671,46.9387067813411
2015-05-25,2376.0991310817467,2402.5985012077567,2331.9337353427395,2358.43310546875,207692,43.285731420409995,-58.040232414140974,-58.95448868872135,2620.158351905606,2202.6375709459567,64.48319241376353,42.85710949939425
2015-05-26,2376.09926123496,2411.43175667168,2349.600110795109,2402.5986328125,698611,48.03396620204438,-50.47747285404239,-57.25908552178556,2608.4227474357867,2202.923785767338,64.29379623253551,53.06121551789546
2015-05-27,2393.7655078495063,2402.5986317046136,2358.433233566768,2367.266357421875,424634,44.802393468564425,-46.795521117558565,-55.16637264094016,2594.5695266905655,2201.79438932506,62.85605359062096,44.89796454718472
2015-05-28,2340.7669858565546,2393.7655078495063,2340.7669858565546,2367.266357421875,433935,44.802393468564425,-43.37751880415908,-52.808601873583946,2579.2542071416447,2202.1270916864805,62.15194419078745,57.894765313185445
2015-05-29,2367.266345275821,2384.9323717577045,2340.766973846464,2349.60009765625,573528,43.120152717515786,-41.61454034842154,-50.56978956855147,2561.9064010130724,2202.72565465099,60.86719088510551,57.142885476968644
2015-06-01,2349.60008541818,2358.433209181958,2331.933837890625,2331.933837890625,557398,41.44429785797437,-41.168323928808604,-48.689496440602895,2550.2063882694615,2199.9142660274133,58.41234662840746,66.66659986202932
2015-06-02,2314.2677067142977,2340.7668556681037,2314.2677067142977,2323.100830078125,972630,40.594775252109415,-41.054196885051624,-47.162436529492645,2525.5417535091115,2204.0356390690135,56.13283250879308,62.9629282647038
2015-06-03,2305.4344358240346,2331.93358308214,2261.26904296875,2261.26904296875,1501952,35.16145981654101,-45.42937726821128,-46.81582467723638,2509.4171447570375,2197.438226336713,57.170811623407154,37.03691997964435
2015-06-04,2261.2691716207364,2287.768320386477,2261.2691716207364,2270.102294921875,1104491,36.46964599280083,-47.634864566241504,-46.979632655037406,2484.240905212568,2199.059607482744,54.97998775157287,40.74069394489682
2015-06-05,2278.935419203889,2278.935419203889,2217.1039923448125,2234.77001953125,1985026,33.553496507210355,-51.63849208655711,-47.91140454134135,2460.5801982212333,2197.1043720912667,55.46937625925171,25.92590518766782
2015-06-08,2252.43616484713,2305.4346862581115,2252.43616484713,2296.6015625,940339,42.25537406535185,-49.25433367235655,-48.17999036754439,2441.371166873945,2201.2971680869923,56.554754149795265,43.47825319241626
2015-06-09,2296.601342078265,2455.596891051237,2287.7682191679337,2384.93212890625,2860732,51.93865200090052,-39.778787353355256,-46.49974976470657,2442.7227703689814,2200.828865373206,64.50289113076013,70.37028669269833
2015-06-10,2429.0976843143258,2508.595574671279,2429.0976843143258,2499.762451171875,3275482,61.07665391279986,-22.741353135189,-41.74807043880306,2475.4142527240333,2185.8035451275296,68.7286450332079,96.96968144709204
2015-06-11,2552.7611024698376,2579.2602531947846,2517.4288277906785,2543.927978515625,1481843,63.91820186674676,-5.610599322763392,-34.52057621559513,2512.4656162461342,2166.418343714803,69.4978705324723,90.24391443731069
2015-06-12,2543.9279665755075,2570.427117176079,2508.595692062183,2526.26171875,1367732,61.969398689893595,6.4655956124806835,-26.32334184997997,2541.6065978576453,2159.360076947042,68.95026728828827,85.36583785120868
2015-06-15,2526.2618463442354,2543.9280950620146,2508.595818764158,2535.094970703125,1714577,62.58367706195978,16.557966778947048,-17.747080124194568,2560.2503731775646,2175.1653738927475,66.54898221754314,87.80490985079072
2015-06-16,2543.9278627757885,2605.7595065044625,2526.261615671116,2552.760986328125,1851996,63.84157166299018,25.68565521530718,-9.060533056294219,2579.048845163723,2190.81592534409,67.4739042615291,86.36362582146023
2015-06-17,2535.094853842432,2543.927977794139,2499.7625791732926,2508.595703125,1621292,58.54270461259366,29.021107549923272,-1.4442049350507205,2593.725159939534,2191.1558703339033,66.43994018247935,75.00001933857807
2015-06-18,2535.0947240318096,2535.0947240318096,2482.096204173068,2499.762451171875,910160,57.514496427876594,30.5989819292181,4.964432437803044,2605.6298170070577,2193.384147836692,65.4798387307838,72.72724778862998
2015-06-19,2490.9295492489005,2499.76267353404,2429.097900390625,2429.097900390625,2658597,49.95560413237988,25.849443766010154,9.141434703444466,2608.375359419242,2195.9384833541953,65.85019118882889,54.54545228933269
2015-06-22,2464.43004685636,2464.43004685636,2437.930677771656,2455.596923828125,538253,52.47786349740667,23.947597288243287,12.102667220404232,2613.474350682235,2200.55587392714,63.67033085146505,61.363578489033245
2015-06-23,2446.7640449488517,2517.4288150883035,2446.7640449488517,2490.929443359375,822259,55.68497949938836,25.003188104015862,14.682771397126558,2621.2449655098467,2201.618340154216,64.16993365774982,70.45453905539645
2015-06-24,2464.43017578125,2490.9293251145696,2455.597052290917,2464.43017578125,1068806,52.806582335292184,23.43137964171865,16.43249304604498,2626.2968381579344,2206.282849342065,62.110109187086124,63.63635003898133
2015-06-25,2446.76404314988,2464.4302909561766,2420.264892578125,2420.264892578125,921030,48.32325293963837,18.409725010989405,16.827939439033866,2627.675821736049,2210.2037192795765,60.828344129297946,47.5000397493586
2015-06-26,2420.265009094016,2473.2633127889585,2402.5987604372344,2411.431884765625,744879,47.45546992729825,13.560955374965488,16.17454262622019,2628.259761737715,2215.802957988847,61.53093043089981,38.889010649785064
2015-06-29,2411.4317588002887,2473.26318359375,2411.4317588002887,2473.26318359375,1087079,53.72056249883913,14.539932286022577,15.847620558180669,2631.985749210057,2226.209905086818,61.55239431393992,34.78251804269903
2015-06-30,2464.430193080123,2552.760986328125,2455.5970695277865,2552.760986328125,3515845,60.278367626132656,21.482944815820247,16.974685409708584,2644.2041670666604,2236.9575028552144,64.09607449153982,73.91301164113676
2015-07-01,2552.7610895891844,2561.5942134988272,2473.2631955400893,2490.929443359375,1106296,53.88304829660467,21.745376335211404,17.92882359480915,2638.2679084100105,2265.8598015509274,65.82714188205398,43.478223343849606
2015-07-02,2490.929444236675,2535.0948426627538,2473.2631964111674,2526.26171875,948860,56.70948772378083,24.521703609938413,19.247399597835003,2632.7102141763817,2297.0334381673683,65.54174933702058,60.86951377499086
2015-07-03,2535.094970703125,2561.5943437797937,2526.2618463442354,2535.094970703125,1100410,57.41223255208051,27.12208606235299,20.8223368907386,2610.7000208039826,2349.0761266569552,63.38395474364723,65.21742651114609
2015-07-06,2535.094628503076,2605.7593926978,2535.094628503076,2596.92626953125,1911974,62.055523842167275,33.78275044227394,23.41441960104567,2604.328768684006,2385.479849480057,63.904012561581304,95.65214821972931
2015-07-07,2596.9264122152103,2711.7563562764844,2561.594138745409,2658.758056640625,2930144,66.04267449892782,43.54868133051241,27.44127194693902,2628.1388343355516,2389.0523766019483,70.06531291654517,82.85718987690133
2015-07-08,2658.758161058832,2694.0904359162478,2614.5925410649456,2632.2587890625,1798232,62.98790796834241,48.58986872867763,31.670991303286744,2646.7835481614807,2383.6572965650817,70.73906876902781,74.28574672468339
2015-07-09,2614.592281110144,2623.425404230692,2570.426886645077,2579.260009765625,1855288,57.2812417083544,47.75796342744752,34.8883857281189,2651.097421249719,2382.8766266018433,70.10284260105604,57.14278145061251
2015-07-10,2605.7595065044625,2605.7595065044625,2552.760986328125,2552.760986328125,1382478,54.616835073788764,44.44805326278038,36.80031923505119,2653.328742247098,2383.295232362277,68.88110528500471,48.57141726802958
2015-07-13,2561.5943437797937,2596.9266200776506,2526.2618463442354,2535.094970703125,1199365,52.85184738982174,39.93903347407786,37.42806208285653,2653.328742247098,2383.295232362277,69.00851017417689,42.85717447964095
2015-07-14,2535.094615300559,2623.425404230692,2490.9292208354923,2579.260009765625,2353488,56.62559916043474,39.47431700103107,37.83731306649144,2656.583380211336,2382.690496741789,73.54334397567852,57.14278145061251
2015-07-15,2588.0933650015863,2596.92648891434,2526.26171875,2526.26171875,955587,51.31746629468923,34.432589233140334,37.156368299821224,2657.394697275143,2383.6457812404824,73.33773156058292,39.99997411581164
2015-07-16,2517.4288291607304,2623.425653255895,2499.7625812426904,2614.592529296875,1622410,58.32879139282685,37.13645590610349,37.15238582107768,2668.9788683255206,2383.5446180026042,76.93239873577019,67.64706327882091
2015-07-17,2676.424188453668,2729.422711319232,2658.758161590275,2667.591064453125,2743257,61.87656045176444,43.05946586569189,38.333801830000525,2686.4664066675928,2389.9063960667822,79.63938325624066,77.41933645746737
2015-07-20,2658.758058536258,2694.09033203125,2614.5924402454125,2694.09033203125,1426161,63.54764904870404,49.32319625774744,40.53168071554991,2708.443911324115,2391.778232230572,79.62927672264044,86.20688394865446
2015-07-21,2694.089986045624,2773.587646484375,2694.089986045624,2773.587646484375,2764658,68.06950133237756,60.01025573772404,44.427395719984744,2748.6483714725555,2379.839592394632,79.61987555950549,100.0
2015-07-22,2782.420942585405,2959.08251953125,2782.420942585405,2959.08251953125,5235559,75.6574053894335,82.4967422885934,52.04126503370648,2838.2805892091405,2339.672609033047,87.18237538003189,100.0
2015-07-23,2985.5818844373034,3012.0810324857835,2914.9171210785757,2923.750244140625,1640960,72.14081678328338,96.35569705040916,60.90415143704702,2891.7947719234517,2336.5069614749855,87.89534223911588,83.05085267468453
2015-07-24,2923.750159221198,3082.745706307108,2923.750159221198,3056.246337890625,3387326,76.54377352456434,116.68527082903483,72.06037531544459,2970.7446432878814,2322.0385354230557,92.97392829960117,95.5223673103047
2015-07-27,3091.5790934883457,3171.076763260696,3091.5790934883457,3144.577392578125,2476756,78.9340696514854,138.32960483774104,85.31422121990389,3062.5814257585757,2297.333173850799,94.5351066617776,96.10387908069441
2015-07-28,3144.577252205252,3171.0766217049004,3029.747314453125,3029.747314453125,2060171,69.07886429857578,144.5507764774652,97.16153227141615,3111.6776375410714,2295.935594880804,97.87754956106316,79.2207660850126
2015-07-29,3003.2480311006198,3056.246550482488,2950.24951171875,2950.24951171875,3151690,63.1961723521271,141.4359064445648,106.01640710604589,3135.8982138981664,2317.6470253596462,98.45751307553995,67.53244880448412
2015-07-30,2941.4163802860653,3012.0809198649986,2932.583257554283,2967.91552734375,1397982,63.93124495875187,138.79293081115702,112.57171184706813,3160.0833036011604,2337.627316516027,97.10323802090963,70.12982871443839
2015-07-31,2959.082496778099,2976.748742791912,2870.751708984375,2870.751708984375,2348812,57.16819804189318,127.38957771573223,115.53528502080096,3167.42289552106,2363.853398424252,97.73850914852586,55.84413152395562
2015-08-03,2826.586315087513,2906.083979874331,2782.420921190651,2870.751708984375,2928698,57.16819804189318,117.00359363566213,115.8289467437732,3175.5306754999233,2383.128162390702,99.59026268675116,55.26311489896902
2015-08-04,2870.751594143328,2941.416354234047,2853.085569973892,2879.584716796875,1021861,57.640643846521655,108.23767973876102,114.31069334277078,3184.7279958726076,2396.013508033642,98.7860142277086,56.57889341953409
2015-08-05,2914.9170120907197,2985.581772807314,2906.083889358937,2967.91552734375,1087602,62.13818702364559,107.18265311400228,112.88508529701708,3201.748184920192,2412.5589928141826,99.30108864076078,63.492010913060994
2015-08-06,2976.748892207459,2976.748892207459,2923.7503726434725,2932.58349609375,1023932,59.420476508213525,102.31610095085534,110.77128842778474,3207.9244091305577,2441.71511723663,95.99376227813406,57.14285968117092
2015-08-07,2950.249413935067,3029.7473009418154,2932.5833888184225,3012.0810546875,2769683,63.30891343608434,103.67896531540282,109.35282380530836,3217.039815010668,2478.531718192457,96.07734440993826,66.66664231207704
2015-08-10,3038.580327409238,3109.2448679032614,3038.580327409238,3073.91259765625,2285552,66.03500620961077,108.49764064906049,109.18178717405878,3226.1140369310306,2523.3392589674067,96.15494932463993,74.99994723173752
2015-08-11,3091.57894577217,3091.57894577217,3029.7473049381783,3047.413330078125,2030125,63.84563336180873,108.92261404499232,109.1299525482455,3228.3842960701418,2567.884331859546,93.70328443245076,68.18176396785411
2015-08-12,3029.7472926610635,3029.7472926610635,2923.7502577002188,2941.41650390625,2960794,55.86674244319089,99.5586997854166,107.21570199567972,3199.12708121655,2638.6570252287624,95.84326928569757,40.909093728982
2015-08-13,2923.750239808174,2941.4164859060947,2835.419451593905,2888.41796875,25568739,52.3443569408779,86.85992427288147,103.14454645112008,3174.3343445012415,2690.832305889384,96.56853950188669,27.27272720121516
2015-08-14,2879.584716796875,2941.416354234047,2826.5862020132504,2879.584716796875,1876494,51.758613271207004,75.21623761269257,97.55888468343457,3152.4160819066046,2733.949933718395,97.87294041038027,24.999966674272855
2015-08-17,2897.251068691406,2897.251068691406,2800.087158203125,2800.087158203125,14702968,46.69431159071107,58.89484039722856,89.82607582619337,3135.3209559860984,2761.644742256089,97.82229541594461,5.405429189070017
2015-08-18,2800.087162759877,2844.252556586636,2773.587793781221,2835.41943359375,14589247,49.07902474917305,48.25478374508111,81.51181740997092,3127.9825280814885,2775.1663488716367,95.88247165804961,18.42107453693879
2015-08-19,2817.753289327381,2826.586412639137,2755.921868420439,2808.920166015625,16834141,47.36747406367277,37.25474327069833,72.6604025821164,3131.562594683954,2756.5700469176086,94.712121194854,14.999956887256861
2015-08-20,2808.920041206453,2826.5862870449982,2729.4223772083296,2747.088623046875,12414903,43.55107632180587,23.279491684763343,62.78422040264579,3142.3754763822776,2728.0910031099097,94.88724895498362,4.651184769554537
2015-08-21,2694.090436454753,2694.090436454753,2596.926514724169,2667.591064453125,25853504,39.180200673875284,5.723241560843235,51.37202463428529,3146.7017183211183,2684.899233827319,98.83545319553522,13.793093550223373
2015-08-24,2614.592379802762,2614.592379802762,2482.09619140625,2482.09619140625,45179465,31.289276331051838,-22.89418919594891,36.518781868238456,3160.663365484774,2604.6894665464756,105.0254117563452,0.0
2015-08-25,2437.9307318574306,2649.9248046875,2437.9307318574306,2649.9248046875,28653981,42.5609249177872,-31.6663132115018,22.881762852290404,3151.1038339790093,2576.266747075678,112.66603040446837,31.578967497802925
2015-08-26,2685.2567528163454,2808.919799638089,2685.2567528163454,2782.420654296875,19410355,49.5914544408414,-27.60872079659748,12.783666122512827,3141.869635835971,2568.7180594765287,115.97524215776271,51.315755760567804
2015-08-27,2782.420884452428,2817.753154875867,2747.088614028988,2764.754638671875,23102145,48.734925728113645,-25.52432091116998,5.122068715776265,3129.295498707253,2560.9761077380595,112.73876349269958,48.68419853922636
2015-08-28,2764.7545385389167,2826.5861753937875,2755.9216371062125,2791.25390625,24133020,50.12643291963365,-21.486466938734793,-0.19963841512594627,3126.0350565677722,2556.2867696041026,109.73346169233353,54.0540258308816
2015-08-31,2782.4208935863003,2782.4208935863003,2738.2555001276023,2747.088623046875,10458158,47.79778685123796,-21.6012026068629,-4.479951253473337,3122.503472541316,2547.452045036809,105.6809577230524,52.23880365389508
2015-09-01,2747.088623046875,2791.254016505573,2738.2555001276023,2747.088623046875,14873499,47.79778685123796,-21.444927673266648,-7.872946537432,3117.651335876059,2539.0545723270657,101.9179261984037,61.40350321800027
2015-09-02,2747.088623046875,2747.088623046875,2747.088623046875,2747.088623046875,0,47.79778685123796,-21.078103407078288,-10.513977911361259,3100.9838933541423,2533.639324419295,94.63807432708916,61.40351927630391
2015-09-03,2738.2557272320983,2738.2557272320983,2632.258685685011,2658.758056640625,14558996,42.82788965578117,-27.59681216076706,-13.93054476124242,3090.2835120925074,2516.957161735618,96.08035025814449,48.07697527728104
2015-09-04,2658.7582788099144,2685.257430842147,2605.759753607745,2623.42578125,8511872,40.99184856889063,-35.20809811392701,-18.186055431779337,3063.960600411263,2504.4145460731124,94.89587361359148,45.652248563363116
2015-09-07,2596.92625600672,2632.258527351239,2570.426886645077,2579.260009765625,9187125,38.75526403108329,-44.293319898045866,-23.407508325032644,3018.041040408517,2500.8688472867952,92.53414269163223,36.363620782266096
2015-09-08,2588.0933907236254,2667.591064453125,2579.2602667230826,2667.591064453125,8361030,45.195692846913985,-43.86025203420104,-27.498057066866323,2963.326944939332,2517.6007161934804,92.2339221199085,59.09096873319072
2015-09-09,2702.9234451701413,2720.5894712800423,2676.4240742987645,2711.75634765625,14630675,48.13261642279836,-39.49796542342756,-29.898038738178574,2930.9332924549494,2527.0283530528627,89.43138531326628,70.45459425636588
2015-09-10,2676.424200179508,2711.7564751987825,2649.925049199476,2685.25732421875,7155932,46.521721316301516,-37.74398245075963,-31.467227480694785,2906.9748166929853,2530.6707643617024,87.45995964798345,63.636466817731105
2015-09-11,2676.424306452169,2685.257430842147,2623.42578125,2623.42578125,9033616,42.9127836755069,-40.872079191039575,-33.348197822763744,2882.608907512522,2529.4207799874785,85.62936607256658,47.727377160798014
2015-09-14,2623.4255348220727,2641.091781942575,2570.427014598248,2588.09326171875,6091115,40.95751514734253,-45.67563712177389,-35.813685682565776,2873.675620381174,2517.154677470388,84.56046616340659,6.896636526424572
2015-09-15,2579.260009765625,2596.92625600672,2570.426886645077,2579.260009765625,4922421,40.46116427230618,-49.623235233319065,-38.57559559271644,2855.2337681138765,2509.9805873548735,80.4132449632806,3.448293116246569
2015-09-16,2588.093504827788,2623.42578125,2579.260380437809,2623.42578125,3653746,44.10830371395158,-48.627380356336744,-40.585952545440506,2837.0888706299766,2509.576046362211,77.82413971478735,20.68981955087887
2015-09-17,2632.2585582391034,2685.2570764466204,2632.2585582391034,2649.9248046875,6238471,46.2362954999331,-45.1791117841276,-41.50458439317793,2828.745536312856,2508.2029988433937,76.68179367777543,36.000068511801295
2015-09-18,2694.0902068630844,2729.422478716529,2685.257083615305,2720.58935546875,16332393,51.535413440897436,-36.325557008146916,-40.46877891617173,2833.077677344306,2509.170686913507,76.88292798857925,68.00000929167342
2015-09-21,2711.7561495556874,2853.0856749365207,2685.257001757823,2800.087158203125,22084600,56.70536728649211,-22.633339720426648,-36.90169107702272,2832.431610210607,2541.615850726893,83.37905264501627,81.25000214790774
2015-09-22,2800.0872638415444,2826.586412639137,2782.421017218032,2808.920166015625,8063037,57.25103211315816,-10.943261852179603,-31.710005232054097,2848.9726981510353,2540.974298919277,80.57807712902262,84.3749740852361
2015-09-23,2782.4207836796386,2808.919930253065,2764.7545385389167,2791.25390625,10912018,55.73794635117484,-3.068933681982344,-25.98179092203975,2850.5170560501406,2540.3132662154844,77.97718786814303,78.1249438376679
2015-09-24,2800.087014055729,2800.087014055729,2764.75452396059,2773.587646484375,10373354,54.19543760610124,1.72611107042394,-20.440210523547012,2851.8378581468837,2539.8757648999913,74.93113802721416,71.87491359009968
2015-09-25,2755.921745966148,2773.587770667028,2738.2555001276023,2747.088623046875,5197239,51.87635578056733,3.3493595216486938,-15.682296514507872,2845.128597826753,2542.1684968998093,72.10264749237213,62.499997778114604
2015-09-28,2738.255835319774,2755.92208332086,2667.591064453125,2667.591064453125,10308341,45.575578346572826,-1.7587195513556253,-12.897581121877423,2839.4114294327283,2539.935909434459,73.26181687632663,34.37507759633639
2015-09-29,2649.924932988754,2658.758056640625,2623.42556203314,2658.758056640625,10316134,44.92270330241623,-6.445360820930546,-11.607137061688048,2833.0627164110665,2537.451565815496,71.18350870087366,31.250105659008025
2015-09-30,2667.5910761402656,2711.7564751987825,2667.5910761402656,2685.25732421875,5681759,47.3590095079362,-7.929877668970221,-10.871685183144484,2827.0840874223154,2537.2470649214342,69.88457369067964,40.62510784390459
2015-10-01,2685.2571979225568,2711.75634765625,2685.2571979225568,2711.75634765625,3117748,49.75261936505406,-6.888709481748265,-10.07509004286524,2829.869957177858,2539.7610242674546,66.78561483660918,50.00002365588968
2015-10-02,2711.75634765625,2711.75634765625,2711.75634765625,2711.75634765625,0,49.75261936505406,-5.994475608776611,-9.258967156047515,2831.7734556987243,2546.690582387213,62.01521377685139,50.00002365588968
2015-10-05,2729.4222550031072,2773.587646484375,2720.5891324793224,2773.587646484375,13335031,55.25805894131581,-0.2931406096599858,-7.46580184677001,2836.325835680654,2561.5709660771586,62.0020769947995,70.96760962215644
2015-10-06,2800.08727686045,2835.419549134076,2782.421030154799,2826.58642578125,32896638,59.36759918694884,8.404880779251926,-4.291665321565623,2854.6453674564136,2559.1509704342116,61.98992168443533,88.46153612820912
2015-10-07,2835.41916611695,2835.41916611695,2773.5875321372546,2782.420654296875,15493788,54.84661600593319,11.600592338429124,-1.1132137895666738,2861.9981049365365,2558.8646636181506,61.978615419811035,69.23060789864938
2015-10-08,2791.253926732826,2853.08556404143,2773.587681462465,2844.25244140625,19693786,59.49692741463235,18.904604727268634,2.890349913800388,2880.6866389707347,2556.075641302703,63.229991645464914,96.15377985380208
2015-10-09,2861.918701171875,2897.2511946216587,2835.419552222214,2861.918701171875,16296605,60.7410076139383,25.820958748520297,7.476471680744369,2898.1855511432614,2562.4260211223636,63.13010955646347,87.09671804068165
2015-10-12,2870.751608469615,2914.9170008200963,2861.9184857719865,2897.2509765625,20664468,63.177080638249976,33.76402778495185,12.733982901585867,2915.4317959164828,2576.0955478335172,62.40642423443821,93.9394363240603
2015-10-13,2879.584947896767,2888.418071259213,2861.918701171875,2861.918701171875,9263212,59.21974940751704,36.78392568506979,17.543971458282652,2917.8528082652715,2601.9404046253535,60.47255645988013,81.81823113955795
2015-10-14,2861.918595257254,2879.584841328349,2853.085693359375,2853.085693359375,12338713,58.23762123841965,38.02612511823827,21.640402190273775,2920.7192037873488,2622.0400003142136,58.0458844248154,78.78795078235137
2015-10-15,2861.918595257254,2941.416481439512,2853.085693359375,2853.085693359375,26085356,58.23762123841964,38.56601213717977,25.025524179654973,2923.550918134412,2639.524374834338,60.20909182876696,72.22222941301791
2015-10-16,2870.7518214077013,2897.2511914661777,2817.7533024284244,2826.58642578125,24030271,55.06048209996409,36.43560014137529,27.307539371999038,2927.1753132524072,2646.499686747593,61.58686305798027,63.88888843976181
2015-10-19,2844.252672486901,2844.252672486901,2808.920179075599,2826.58642578125,17607733,55.06048209996409,34.35125341940466,28.716282181480164,2929.5236259038193,2646.801300853993,59.71155094036036,58.06449897051312
2015-10-20,2826.586160489428,2826.586160489428,2764.75452396059,2773.587646484375,17718378,48.875667674512535,28.09892811304553,28.59281136779324,2927.547693296557,2645.24398150813,59.863004574667464,34.482626336660395
2015-10-21,2773.587900528013,2808.920172721716,2747.0887516671555,2755.921875,11627160,46.981304847172545,21.470931608021147,27.16843541583882,2926.408095845408,2642.8503758342795,60.00360575180268,19.230820175969445
2015-10-22,2747.0885000506764,2782.42076900816,2747.0885000506764,2773.587646484375,9042743,49.105648287307375,17.442609204171276,25.223270173505316,2926.408095845408,2642.8503758342795,58.241367409351305,23.999977473173868
2015-10-23,2826.586412639137,2826.586412639137,2791.2541405297884,2808.920166015625,10770199,53.14899762079742,16.906288546050746,23.559873848014405,2928.7475063412962,2646.694119635266,57.86689589116636,31.81820009812588
2015-10-26,2817.753173828125,2861.9185674388978,2817.753173828125,2817.753173828125,14066990,54.13010847697164,16.998057445146515,22.24751056744083,2924.8549899012583,2665.6028470128044,57.51914628631682,36.36361231790591
2015-10-27,2817.753183022479,2826.586306000989,2791.2540352246147,2800.087158203125,8585089,51.79399835106014,15.466991291217255,20.891406712196115,2914.8863641178823,2689.70438295243,55.93436946417808,27.27278787834585
2015-10-28,2800.087014055729,2808.9199154418584,2773.587646484375,2773.587646484375,10118019,48.41841433455137,11.977254864948463,19.108576342746584,2906.1318805694136,2707.2918987274616,54.462790856557035,13.636299952437506
2015-10-29,2782.420654296875,2808.919799638089,2773.5875321372546,2782.420654296875,15167800,49.59758390891659,9.811265355165233,17.249114145230315,2900.0102092930465,2720.4800006678906,53.09632490257685,18.181712172217534
2015-10-30,2782.420654296875,2800.0868986161154,2773.5875321372546,2782.420654296875,10731438,49.59758390891658,8.002455735190779,15.399782463222408,2892.047651266723,2735.508989358277,51.19654215802571,18.181712172217534
2015-11-02,2782.421023860858,2782.421023860858,2738.2556283343106,2755.921875,12316974,45.94339277430589,4.380238388335329,13.195873648244993,2893.439746779955,2732.350316696608,50.694317398634404,8.69569427164268
2015-11-03,2755.921508955661,2782.420654296875,2729.4221424768,2782.420654296875,9586841,49.9171765025816,3.606264303930857,11.277951779382166,2892.06835943353,2729.305126894595,50.858902714451574,24.99996560257054
2015-11-04,2791.254016505573,2791.254016505573,2729.4223772083296,2747.088623046875,11661410,45.15119737681159,0.1402677072728693,9.050414964960307,2894.3200392318186,2723.5202439713066,51.64266961322242,10.52647362090037
2015-11-05,2747.0887385249616,2764.75476396846,2738.255615234375,2738.255615234375,6680743,44.0196483264806,-3.2814825880550416,6.584035454357237,2892.8577298565083,2714.382870729429,49.84670383614117,6.6669517763228106
2015-11-06,2738.255615234375,2764.75476396846,2720.5893686532017,2738.255615234375,9494141,44.0196483264806,-5.924945268576266,4.082239309770537,2886.803305885269,2708.070986106919,49.44089608464952,12.500068445135248
2015-11-09,2720.5894712800423,2747.0888421514187,2711.75634765625,2711.75634765625,5699602,40.48913964534318,-10.042415206629357,1.2573084064905578,2872.258801102497,2704.0660279990657,48.433153113972324,0.0
2015-11-10,2711.756358209904,2720.589481868073,2685.257208373081,2694.09033203125,6911570,38.28466556993421,-14.56316452183728,-1.9067861791750096,2866.3361032206944,2693.2058889668056,47.497375998330874,5.000031532010382
2015-11-11,2694.090319499789,2702.923443116872,2676.424072265625,2676.424072265625,7487765,36.164178001356355,-19.34837442791195,-5.395103828922398,2861.9431604954407,2679.932669582684,45.99751848782489,0.0
2015-11-12,2676.424082806684,2685.2572064585547,2632.258685685011,2658.758056640625,14418921,34.12851029822458,-24.286231020387277,-9.173329267215374,2856.684048806652,2665.7590175995983,46.49759007966193,11.53852852019304
2015-11-13,2658.758056640625,2667.590959154812,2641.0918093368823,2658.758056640625,13401787,34.12851029822458,-27.878155917393542,-12.914294597251008,2853.465007960738,2652.1952215314495,45.06913006096678,13.636440827364455
2015-11-16,2667.5910519133035,2667.5910519133035,2614.592529296875,2614.592529296875,12483710,29.339979631320304,-33.897818278169325,-17.11099933343467,2854.1774273424608,2630.2834125012896,45.63551524349976,0.0
2015-11-17,2614.5925415875613,2694.090436454753,2614.5925415875613,2667.591064453125,20654214,40.18563007008652,-33.999974664851834,-20.488794399718103,2852.601287825124,2621.2598938155006,48.05425752309822,27.272824376728654
2015-11-18,2676.424082806684,2685.2572064585547,2649.924932988754,2658.758056640625,6119110,39.10822411526786,-34.39717502504618,-23.27047052478372,2852.4506275515873,2611.6941722531005,47.14554437643413,23.809632338618343
2015-11-19,2658.758161058832,2658.758161058832,2632.2587890625,2632.2587890625,4476047,35.990706600933535,-36.430282977014485,-25.90243301522987,2851.557305419736,2598.454608642764,45.6708177778554,10.000062857364647
2015-11-20,2623.4255496546148,2658.758044095385,2614.5924260444226,2641.091796875,8335701,37.77140444788538,-36.90338649876185,-28.102623711936268,2841.988993859445,2591.2400832889925,45.56330351164874,15.00007486709731
2015-11-23,2649.9250375897323,2676.424188453668,2649.9250375897323,2667.591064453125,9906881,42.90319525880031,-34.739598550892424,-29.4300186797275,2826.723945407086,2591.488920803851,44.832524087864414,30.00009128773089
2015-11-24,2667.590959154812,2685.2572064585547,2658.758056640625,2658.758056640625,11250721,41.66964134591785,-33.35305763602719,-30.21462647098744,2813.461129875472,2590.6188261792154,43.52299735429765,29.411922594428763
2015-11-25,2658.757836129479,2747.088623046875,2641.0915902909337,2747.088623046875,22500519,55.46073305030094,-24.8403315918481,-29.13976749515957,2809.143901209828,2592.2861525011094,47.98542845441506,88.23530509326402
2015-11-26,2773.587789267593,2826.586306000989,2755.92176444824,2800.087158203125,28914853,61.36330752019562,-13.659932808680878,-26.043800557863833,2813.0748583651725,2590.12184573639,50.236303775822144,87.50004113170938
2015-11-27,2808.920031985591,2835.4194006564194,2764.754638671875,2764.754638671875,34735868,56.0320423117656,-7.563240929106087,-22.347688632112284,2809.748288142563,2591.6818143964992,51.69547936215945,67.99994108115386
2015-11-30,2738.2557291844114,2738.2557291844114,2685.257208373081,2694.09033203125,11766517,47.19978479067866,-8.337478408701827,-19.545646587430195,2803.527212500102,2591.7197357420855,53.68133300049049,36.00008836171799
2015-12-01,2702.923443116872,2711.7563455962704,2676.424072265625,2676.424072265625,10679858,45.27822519027117,-10.258335008961694,-17.688184271736496,2790.701218058293,2593.94607198077,52.37068588121584,28.0000422637875
2015-12-02,2676.4239700049898,2711.7562419856617,2676.4239700049898,2702.92333984375,13763665,48.6548821179107,-9.532473848985774,-16.057042187186354,2785.2461161282067,2594.984645590543,51.15365631689128,40.00005613196889
2015-12-03,2702.92333984375,2729.4224885448352,2694.0902165641637,2702.92333984375,6754575,48.6548821179107,-8.855147027363273,-14.616663155221739,2780.995195065633,2595.7023391140547,50.02355743573273,40.00005613196889
2015-12-04,2702.923443116872,2702.923443116872,2658.758046169144,2676.424072265625,8380821,45.405473421474106,-10.337466195830075,-13.760823763343407,2774.971720594363,2595.542659288449,49.605117400875244,28.0000422637875
2015-12-07,2658.758044095385,2676.4240701780877,2632.2586732648074,2641.091796875,7091330,41.43228451874379,-14.19955057612242,-13.84856912589921,2772.6027288958835,2590.845195908804,49.216566086585416,12.00006062535522
2015-12-08,2623.4255517008155,2685.2571958827075,2614.592428083733,2676.424072265625,7967261,46.476145100232756,-14.245052830647182,-13.927865866848805,2771.5565974671354,2590.12470136099,50.74858049461321,28.0000422637875
2015-12-09,2676.424187918693,2685.2573119174704,2632.2587890625,2632.2587890625,5440371,41.647873247544865,-17.64152245560308,-14.67059718459966,2771.914902076431,2585.3498684313813,50.90929066321014,8.000092855104322
2015-12-10,2623.4254178932265,2649.924787392875,2596.92626953125,2596.92626953125,10961649,38.22647130700965,-22.92007973171485,-16.320493694022698,2775.4591569436693,2575.6224348532055,51.05852117738262,0.0
2015-12-11,2605.759638203861,2641.091913061277,2596.926514205084,2632.2587890625,8711218,43.24737515366345,-23.975955472823443,-17.85158604978285,2775.760778099492,2572.6708869395707,50.56617277400007,14.814900271784465
2015-12-14,2738.255611824422,2738.255611824422,2702.92333984375,2702.92333984375,16191600,51.70243039412064,-18.892920102562584,-18.059852860338797,2776.888860129861,2580.375885963889,54.525504915994496,44.44449607937308
2015-12-15,2694.0902165641637,2720.5893652652485,2694.0902165641637,2702.92333984375,14355036,51.70243039412064,-14.69518105061934,-17.386918498394905,2779.0891708792747,2581.708802753538,52.523622329215236,44.44449607937308
2015-12-16,2711.756358209904,2711.756358209904,2694.09033203125,2694.09033203125,7734896,50.60938564853389,-11.943515111198394,-16.298237820955602,2780.488943249908,2583.8422579219673,50.03379403274659,40.74082219542204
2015-12-17,2694.090448257992,2702.9235722972344,2676.424200179508,2685.25732421875,6612244,49.48279564391125,-10.356170452977494,-15.109824347359982,2780.2910191750975,2589.3400355124027,48.35276389595945,62.50010076050279
2015-12-18,2685.25732421875,2711.7564751987825,2667.5910761402656,2685.25732421875,97673294,49.48279564391125,-8.994505316730738,-13.886760541234136,2780.2579246450296,2593.7896827768454,48.053666407570695,62.50015266063226
2015-12-21,2667.590829998224,2667.590829998224,2632.2585582391034,2649.9248046875,9038846,44.85106835525148,-10.643720738782577,-13.238152580743824,2780.478021058595,2591.802960386717,48.40688780557612,37.50002249802482
2015-12-22,2641.092030029957,2641.092030029957,2614.592656860021,2623.42578125,4465895,41.698603807496674,-13.928427332398769,-13.376207531074813,2782.131767301754,2586.6159866044964,47.4729778071406,18.750183994898748
2015-12-23,2632.258917779442,2632.258917779442,2596.926641194285,2605.759765625,6818357,39.69546196117988,-17.75244169540383,-14.251454363940619,2776.400395403066,2578.2144727609966,46.605784862713215,6.250291659481366
2015-12-24,2605.759765625,2632.258917779442,2605.759765625,2605.759765625,2365075,39.69546196117988,-20.54615731661397,-15.51039495447529,2753.182840499403,2581.999288406847,45.16959681212242,6.250291659481366
2015-12-25,2605.759765625,2623.425793348727,2596.926641194285,2605.759765625,4140317,39.69546196117988,-22.500821608825845,-16.9084802853454,2736.3041553827043,2582.978486218858,43.835993622288115,6.250291659481366
2015-12-28,2605.7595065044625,2614.592408919117,2552.760986328125,2552.760986328125,10276860,33.64023391844502,-28.00365697701818,-19.127515623679958,2741.0170746826298,2564.13263234862,45.121381405766975,0.0
2015-12-29,2561.594109880461,2570.4270122951166,2535.094739223452,2552.760986328125,4779885,33.64023391844502,-31.995865234410303,-21.70118554582603,2744.568790243927,2548.214608193573,44.42215938190252,8.695693653261365
2015-12-30,2579.260138158499,2605.759508839252,2561.5941121756787,2588.09326171875,6693254,40.64108304197354,-31.940509390842635,-23.74905031482935,2738.3367022634984,2542.963688361501,45.03475674827568,26.086973252666034
2015-12-31,2588.0931328861725,2588.0931328861725,2552.7608615416534,2579.260009765625,4003421,39.51859666104632,-32.23779189837251,-25.44679863153798,2731.2073585934954,2537.7266990236917,44.34173127890575,21.73906322450108
2016-01-04,2570.4271292405715,2588.093377148997,2543.927978515625,2543.927978515625,4148213,35.31684502121476,-34.92183291540232,-27.34180548831085,2730.4533444501067,2525.231103792081,44.32913608993907,4.7619920213659475
2016-01-05,2535.0947368882184,2552.760983976618,2517.4287109375,2517.4287109375,6447558,32.52378722015058,-38.74064613537121,-29.621573617722923,2735.2269621977475,2508.0911774506903,43.68650301488041,0.0
2016-01-06,2517.4288394434434,2561.59423828125,2517.4288394434434,2561.59423828125,6754883,40.9113591479184,-37.76792899954444,-31.250844694087228,2729.4384533706148,2502.3967028793854,43.720719038371094,22.727337759295914
2016-01-07,2526.261717860256,2535.0948417698987,2482.096319449732,2490.929443359375,10563368,33.6944902648997,-42.2125025877549,-33.443176272820764,2734.983453837575,2482.718767842113,46.27623330931014,3.846171696972457
2016-01-08,2446.763916015625,2482.096188654657,2429.097669127269,2446.763916015625,8862778,30.11844907451598,-48.7368401718918,-36.50190905263497,2746.8527092643567,2455.8332770637685,47.387343375224134,7.40744381257748
2016-01-11,2464.4301629039805,2464.4301629039805,2437.9307925714475,2446.763916015625,5007430,30.11844907451598,-53.29309508627966,-39.860146259363916,2752.193598626085,2431.942900397353,45.89534530074621,8.333356987955609
2016-01-12,2437.930909263531,2482.096307460727,2437.930909263531,2473.26318359375,3522797,34.924423577353735,-54.14158006896878,-42.716433021284885,2740.1763036798816,2420.994179718556,45.771777650492645,21.739143049910858
2016-01-13,2482.096424963761,2482.096424963761,2429.097900390625,2429.097900390625,7025804,31.087079959518306,-57.71250593692139,-45.71564760441218,2729.252892655194,2404.5350467979306,46.28797385925288,0.00011383241515486279
2016-01-14,2420.2649869336697,2420.2649869336697,2331.9339655962367,2340.76708984375,15174671,25.1380195127188,-66.89887996897778,-49.952294077325305,2729.24218122902,2369.213434005355,49.921971068905414,3.030316258133187
2016-01-15,2340.766825376076,2349.599948625593,2234.7697886572155,2252.43603515625,22553227,20.842594723959692,-80.38015310342053,-56.03786588254435,2739.9118133341362,2315.261672993989,54.558270276010546,4.651183356813501
2016-01-18,2128.7728316824578,2199.4373707096943,2111.106586356819,2190.604248046875,29717978,18.464177249489722,-94.9588412476387,-63.82206095556323,2750.1988518801763,2255.509326830761,60.75621159911199,16.071402406983477
2016-01-19,2199.437640480032,2252.436161819782,2190.6045167337925,2225.93701171875,25294536,23.81425984957309,-102.48017028426784,-71.55368282130416,2747.8826550599697,2215.426744354093,60.83304746866877,23.214342853904586
2016-01-20,2217.1038879725106,2252.436161819782,2181.7716141252395,2225.93701171875,20399084,23.81425984957309,-107.20508425559592,-78.68396310816252,2742.403597581309,2181.156924879628,61.53529748480259,24.07413110355128
2016-01-21,2190.6043935473026,2252.43603515625,2190.6043935473026,2252.43603515625,20686618,27.927671825532272,-107.57134735771206,-84.46143995807242,2730.989417037392,2157.2387323766707,61.5564649222415,29.629635773500425
2016-01-22,2261.26904296875,2287.7681902268555,2234.769674572982,2261.26904296875,28253444,29.297997083604244,-105.9277939243816,-88.75471075133426,2714.266872777594,2139.512204370844,60.945182831643805,33.33331246049792
2016-01-25,2296.6015887777185,2411.43175667168,2296.6015887777185,2402.5986328125,12703770,46.74511601951439,-92.15879994863099,-89.43552859079361,2691.5765083906967,2141.886455476491,67.31786360816425,64.70589043017289
2016-01-26,2340.7669616544026,2393.765483099381,2323.100935264534,2331.933837890625,13329698,41.26233954353555,-85.95796152893536,-88.74001517842196,2675.2169530148494,2136.163296008588,68.18785174672149,52.08334162904116
2016-01-27,2358.433233566768,2384.9323839943995,2349.6001097116614,2367.266357421875,12493452,44.75165141519722,-77.30162831410007,-86.45233780555758,2657.2595745066483,2135.571211626164,67.10290134365385,69.04765155480533
2016-01-28,2376.099365696104,2402.5987384386435,2340.76708984375,2340.76708984375,7979361,42.70274157587556,-71.75257231652586,-83.51238470775124,2629.6359561276377,2138.462212817675,66.72638329017097,61.904796193152
2016-01-29,2358.43334838491,2429.097900390625,2340.767099814632,2429.097900390625,8819094,50.79046148688068,-59.54099572418545,-78.71810691103809,2605.6265696607647,2147.4553883470476,68.26955666564983,85.71429212936286
2016-02-01,2429.0976501960904,2473.263045935097,2358.43310546875,2358.43310546875,8776128,45.28354772817764,-54.93206897780965,-73.96089932439241,2582.4137036774596,2152.1187670256654,71.59529836569963,66.66665589565368
2016-02-02,2340.7669858565546,2376.0992601392927,2331.933862001448,2367.266357421875,2969572,46.07068989773524,-49.99043312068079,-69.1668060836501,2562.9918962910833,2156.524339060479,69.63601977799573,70.73179679394575
2016-02-03,2331.933862001448,2376.0992601392927,2323.1009592840296,2367.266357421875,12637731,46.07068989773524,-45.54908955032988,-64.44326277698606,2529.8803878660983,2170.203059399527,68.44761128351483,70.73179679394575
2016-02-04,2376.0990059959186,2393.765251816581,2376.0990059959186,2384.93212890625,1818310,47.812043223845656,-40.141091141184006,-59.582828449825655,2512.9713119647085,2176.512403855604,65.45127436288563,75.60973587722106
2016-02-05,2384.93212890625,2402.5983747269133,2367.266104223252,2384.93212890625,1599481,47.81204322384565,-35.44660701844941,-54.75558416355041,2504.160872453178,2179.139664656197,63.2999169443696,69.69690790552426
2016-02-15,2384.9323593356035,2384.9323593356035,2296.601563973202,2331.933837890625,10599156,42.98303708273332,-35.5924263535253,-50.92295260154539,2490.7141029234504,2181.103426373425,65.08783683137189,51.515141571412514
2016-02-16,2331.9337353427395,2367.266228844087,2331.9337353427395,2358.43310546875,5023837,45.92394960563243,-33.187158887839814,-47.37579385880428,2471.450181664838,2188.8843398195368,62.962455164941574,59.37504849177382
2016-02-17,2340.7668587180765,2367.266228844087,2340.7668587180765,2358.43310546875,6207297,45.92394960563243,-30.924488834806198,-44.08553285400467,2460.8578040019074,2192.4102379902797,60.35794909073221,51.851936256963896
2016-02-18,2367.266357421875,2393.7655078495063,2367.266357421875,2367.266357421875,5157247,46.98116701183436,-28.094678935629418,-40.88736207032962,2463.288792979264,2192.629175770736,58.57041004001965,40.00011358668163
2016-02-19,2367.266104223252,2393.765251816581,2367.266104223252,2384.93212890625,7224637,49.123434989375966,-24.14818879437962,-37.539527415139624,2467.2937687025105,2201.873809422489,56.279605579541744,49.99990034732104
2016-02-22,2376.09926123496,2446.764030970711,2376.09926123496,2402.5986328125,11188169,51.24504277515496,-19.371722545387456,-33.90596644118919,2462.4376529582246,2227.929363643338,57.30711730498524,60.000101698547425
2016-02-23,2464.4302786890707,2464.4302786890707,2402.5986328125,2402.5986328125,8278379,51.24504277515496,-15.408716537825057,-30.20651646051637,2459.469838407399,2248.563340303538,57.63029791724135,60.000101698547425
2016-02-24,2402.5986328125,2411.43175667168,2367.266358513469,2402.5986328125,6866963,51.24504277515496,-12.128199391867838,-26.590853046786663,2451.366349854888,2274.3329909654244,56.668519363024885,60.000101698547425
2016-02-25,2411.431884765625,2464.430409598269,2402.5987604372344,2411.431884765625,9657289,52.48248545110699,-8.715133672799311,-23.015709171989194,2444.9575994093607,2296.641326371889,57.037323464649454,65.00020237416061
2016-02-26,2420.264905883307,2508.595703125,2411.4317819316,2508.595703125,19094006,63.46659974940044,1.8091982972791811,-18.05072767813552,2462.7100978213793,2303.6214939754955,59.90350901670305,100.0
2016-02-29,2543.927844918888,2543.927844918888,2464.43017578125,2464.43017578125,9652674,57.015045778970425,6.510963918240577,-13.138389358860302,2473.422990546405,2299.0917555473447,61.303091882484104,67.85716874338323
2016-03-01,2464.4302909561766,2464.4302909561766,2411.431768674977,2420.264892578125,9885655,51.38937022930209,6.59732790799535,-9.191245905489172,2475.1601243471305,2306.1877272153697,60.70990833953522,50.00007606635231
2016-03-02,2429.097783252351,2437.930907111531,2367.266358513469,2402.5986328125,16573371,49.29415377811054,5.180534495212669,-6.316889825348804,2476.341452538232,2308.5396265633303,61.4209540722871,42.85717976836261
2016-03-03,2420.264620547576,2429.097522320242,2384.93212890625,2384.93212890625,7561186,47.22077158576563,2.6021799770610414,-4.533075864866835,2475.0761742362997,2314.2214087715124,60.188414025266034,35.7141847584107
2016-03-04,2393.7656243877677,2446.764148960904,2376.0993758174886,2429.097900390625,7781348,52.58957706274032,4.075642624247848,-2.811332167043899,2475.0761742362997,2314.2214087715124,60.93672539084814,45.83342680707085
2016-03-07,2437.930677771656,2482.0960717751605,2429.0975547434214,2455.596923828125,22575376,55.51353588313282,7.2975010679210754,-0.789565520050904,2482.4232204754207,2316.590744368329,60.36971050805464,56.52171081535632
2016-03-08,2490.929342599451,2588.093259399789,2490.929342599451,2552.760986328125,69395956,64.22574836090638,17.489566075722905,2.8662607991038582,2514.7942811229773,2302.769146611398,65.52161229831246,84.00003249445558
2016-03-09,2561.594107520817,2605.759504104135,2517.4287109375,2517.4287109375,27401509,59.65098322940972,22.456961807646167,6.78440100081232,2530.847897268078,2301.7317658178595,67.15083950319264,62.96300308069222
2016-03-10,2526.26171875,2535.0948426627538,2508.595692062183,2526.26171875,12772269,60.41019800174589,26.797503681715625,10.787021536992981,2546.8567242632525,2299.8558978070596,64.24714743871965,66.66663724978503
2016-03-11,2535.0948545614124,2570.4271292405715,2517.4288277906785,2543.927978515625,21988619,61.95218972180392,31.302102753167674,14.890037780227921,2564.482518005476,2298.1296890257745,63.44365843951775,74.07408693638786
2016-03-14,2561.5940147208626,2667.590829998224,2561.5940147208626,2649.9248046875,39690283,69.60236577529967,42.93021519319382,20.4980732628211,2604.2233673267724,2290.187936384165,67.7450293711664,94.11768703915936
2016-03-15,2667.590829998224,2694.090199670819,2623.425435014905,2649.9248046875,27650485,69.60236577529967,51.5513264759129,26.708723905439463,2637.144695505318,2286.4157781274944,67.95358189150551,86.48648310756025
2016-03-16,2667.5909465678947,2667.5909465678947,2632.2586732648074,2641.091796875,16758771,68.27560555193908,57.01365148472769,32.76970942129711,2661.472072652423,2290.3542701210145,65.62348842090421,83.78380150966318
2016-03-17,2667.590829998224,2685.2570764466204,2641.091681463301,2649.9248046875,21539271,68.91375354895027,61.348150032406465,38.485397543518985,2683.6455887383067,2296.4465987616936,64.09076746107672,86.48648310756025
2016-03-18,2658.7582788099144,2658.7582788099144,2623.42578125,2623.42578125,26499429,64.70847132302974,61.93111824959169,43.174541684733526,2697.677789126845,2306.2637636075306,62.03660532527942,78.37843831386907
2016-03-21,2641.091913061277,2676.424187918693,2632.2587890625,2632.2587890625,15508964,65.46497739033092,62.38671940479844,47.01697722874651,2711.5467020236633,2315.3608663357113,61.391019706951816,81.08111991176614
2016-03-22,2641.0920422101576,2641.0920422101576,2605.759765625,2605.759765625,16437398,61.224880057894914,59.918829899991124,49.59734776299543,2718.581002649817,2328.642678990808,59.52968091253794,72.2223324008367
2016-03-23,2588.09326171875,2623.4255348220727,2570.427014598248,2588.09326171875,16163195,58.50430892644166,55.89316880940214,50.85651197227678,2721.1500332745095,2344.6231112567407,59.063169434772696,66.66666771461341
2016-03-24,2579.2602531947846,2614.592527873944,2543.927978515625,2543.927978515625,18035649,52.25316070126263,48.57904514889697,50.40101860760082,2718.894989336585,2360.127764569665,59.89183942931173,43.333438104919765
2016-03-25,2543.9279902910503,2579.260265133757,2535.0948662959504,2561.59423828125,17476682,54.35413925829464,43.70427331471774,49.0616695490242,2721.187449111409,2363.1351583104656,58.76852224420423,34.7827316248106
2016-03-28,2570.4270291311427,2641.091796875,2570.4270291311427,2641.091796875,12048821,62.37692422699637,45.728638821745335,48.395063403568436,2731.3004761538705,2370.6882933773795,60.24916769774321,71.42858649613649
2016-03-29,2649.9250370600544,2685.2573119174704,2632.2587890625,2632.2587890625,20964204,61.09208668769509,46.08892868042267,47.93383645893929,2734.3064928098956,2388.8816663697917,59.731264494688006,66.66671622494968
2016-03-30,2623.425793348727,2641.0920422101576,2605.759765625,2605.759765625,16195702,57.28024326795134,43.732094891717225,47.093488145494874,2728.224987357491,2415.2792851034465,57.98847964400726,50.00014258592503
2016-03-31,2605.759765625,2667.5911943646,2596.926641194285,2605.759765625,25231677,57.28024326795134,41.38720124083193,45.95223076456229,2712.66340345994,2452.9236326728724,58.893913467314974,44.4446373545069
2016-04-01,2605.7596371190566,2614.592539976464,2543.9279902910503,2561.59423828125,15620737,51.115365353795205,35.5552088631066,43.87282638427115,2698.0594064525953,2480.7772634692797,59.73467319717919,16.666760855692008
2016-04-04,2561.593984662201,2605.7593791272675,2552.7608615416534,2579.260009765625,10115763,53.28129475385308,31.990031832438035,41.49626747390453,2684.446813184855,2506.75616533077,59.253519224924545,29.41157710030346
2016-04-05,2579.260138158499,2596.9263852790014,2570.427014598248,2588.09326171875,5504563,54.36996270866479,29.536890077235967,39.10439199457082,2684.004343563794,2510.7318624908935,56.913937186055165,35.294041198809786
2016-04-06,2588.0933907236254,2667.591064453125,2588.0933907236254,2667.591064453125,20047050,62.776877305065995,33.62001524411062,38.007516644478784,2688.3107239924784,2521.4417174137716,58.52707043950658,88.23524257931132
2016-04-07,2685.2572064585547,2711.7563562764844,2658.758056640625,2658.758056640625,27700219,61.42276907987211,35.731283452555544,37.55227000609413,2689.5179061647964,2533.484169030516,58.132158239246074,70.0000834128031
2016-04-08,2658.75793500964,2747.088725212089,2649.9248117618595,2720.58935546875,72600868,66.81832727319986,41.910628155403174,38.42394163595594,2705.7866868772294,2534.8815260133956,60.92014075431631,87.49993519679194
2016-04-11,2747.0883867960406,2800.0868986161154,2747.0883867960406,2782.420654296875,51866464,71.16198309447753,51.206792394289096,40.980511787622575,2738.601056309883,2515.3167415416797,62.24709806810553,93.33329226371005
2016-04-12,2782.420912246104,2808.920060043968,2773.587789267593,2800.087158203125,29229356,72.27858768833723,59.31585252389414,44.64757993487689,2770.208557706877,2498.7254754962482,60.3246104044105,96.77425523928548
2016-04-13,2800.0871394248456,2800.0871394248456,2729.4223772083296,2747.088623046875,31851304,64.24234013742057,60.76533725657464,47.87113139921644,2784.5718887761946,2494.9618270441183,61.063194018009426,77.4193761535353
2016-04-14,2747.0885000506764,2808.9199154418584,2747.0885000506764,2773.587646484375,21969649,66.26215548283233,63.322373178828,50.96137975513875,2802.6532429915806,2489.246757008419,61.11806697323603,86.66661474340063
2016-04-15,2791.2540073427035,2817.753154875867,2764.754638671875,2764.754638671875,28041076,64.94525358361606,63.89949901117643,53.54900360634629,2817.9719805309,2488.0609052112873,60.53809906114718,80.64512577419602
2016-04-19,2773.58775651459,2773.58775651459,2729.42236328125,2729.42236328125,31252550,59.823622987135806,60.80493461491869,55.000189808060775,2825.9497997151993,2489.799443448863,59.368620073446685,67.74190139589717
2016-04-20,2755.921875,2782.421023860858,2720.589381668621,2755.921875,28849328,62.22945361775771,59.801405784988674,55.96043300344636,2837.0334641722575,2493.731989929305,59.54455022478884,77.41943112875774
2016-04-21,2773.5875321372546,2826.5860439573294,2773.5875321372546,2782.420654296875,37641761,64.51758090355882,60.447530482828824,56.85785249932285,2850.2921883907497,2499.9060049686254,60.33880870568459,84.37497566844554
2016-04-22,2791.2540574867703,2897.2510917989607,2782.42093443781,2888.41796875,44373469,71.86087844694138,68.72051901462964,59.23038580238421,2880.475468410541,2504.171723972271,64.23106790542752,97.43588576013809
2016-04-25,2914.9169921875,2959.082384407185,2906.0838695160314,2914.9169921875,31235835,73.34599348144879,76.53294757997674,62.69089815790272,2912.277262364072,2507.702205409365,64.69059274483878,88.63636124688131
2016-04-26,2897.250967982222,2950.249261735716,2870.7515999678158,2914.9169921875,30962453,73.34599348144879,81.78162582826872,66.50904369197593,2942.707742047107,2504.6542452575804,65.74824053220033,88.0952284375971
2016-04-27,2914.917116759213,2914.917116759213,2861.918599603118,2888.41796875,23808468,69.11546925065386,82.84797157959974,69.7768292695007,2962.8420901705367,2510.135815102901,64.83754600533567,77.14291289954804
2016-04-28,2879.584831991281,2897.251078005093,2844.2525611013248,2870.751708984375,17115009,66.36713051995395,81.3300169410245,72.08746680380546,2974.8911808620364,2524.5859187473384,63.991901069509424,71.42859071281893
2016-04-29,2861.9186079835013,2959.08251953125,2861.9186079835013,2959.08251953125,35430911,72.29845041719264,86.2602309066665,74.92201962437767,3000.3032506863838,2534.506124313616,66.36133038938367,100.0
2016-05-04,2994.414947947043,3126.911127829724,2985.5818250606644,3091.578857421875,65670224,78.4403804105887,99.70942001738558,79.87949970297926,3047.8558555170184,2539.9519813970437,73.60899309717584,91.30436144713747
2016-05-05,3100.4117591705885,3250.574184826026,3047.4132429899832,3091.578857421875,81093872,78.4403804105887,109.11024430621228,85.72564862362586,3085.384831222881,2553.6548904568062,82.86270372138061,70.00002142383515
2016-05-06,3056.2465665352406,3082.7459369342005,2994.4151445463594,3003.248046875,42029107,66.96140639874122,108.18580842840584,90.21768058458186,3094.641602659165,2585.913597536148,83.88420437524739,53.333352866427305
2016-05-09,3038.580433700612,3065.07958202841,2994.4150390625,2994.4150390625,35436141,65.92249596936665,105.52402119518501,93.2789487067025,3106.21931439968,2607.0182832565697,82.93994284600903,51.66669983036344
2016-05-10,2959.08251953125,3003.247913767711,2941.4164945192674,2959.08251953125,50653983,61.79258597898854,99.41747384250311,94.50665373386262,3106.8358025546695,2636.4342413906434,81.43219116046865,44.99999555492853
2016-05-11,3003.2479355217515,3047.413330078125,2994.415033520614,3047.413330078125,25611602,67.30683312108036,100.54651167143493,95.7146253213771,3124.401221094228,2651.551220312022,81.9249496880691,61.66666411233636
2016-05-12,3056.2465665352406,3065.0796900015607,3003.248046875,3003.248046875,17871374,62.45340926323551,96.76209978135785,95.92412021337326,3135.312271783723,2662.7229088803397,80.48971350510422,48.148205708304474
2016-05-13,2985.5818982836568,2994.415021386672,2923.7502577002188,2941.41650390625,39584252,56.329373315945375,87.76197194084034,94.29169055886668,3138.3401896259365,2673.827925608439,80.418861767224,33.96229105246903
2016-05-16,2932.58349609375,2941.4166195440275,2906.0841257429174,2932.58349609375,23165825,55.49223539750743,79.00582589338819,91.23451762577098,3135.3736721513574,2695.3439303877053,77.19840691250158,21.73916666868631
2016-05-17,2941.4163802860653,2985.581772807314,2941.4163802860653,2967.91552734375,13740080,58.170128864008674,74.06375583178442,87.80036526697367,3135.6913660596947,2714.4590245653053,75.46982618400604,30.434748982547816
2016-05-18,2976.7487613752537,2976.7487613752537,2923.750244140625,2923.750244140625,18184953,53.8116873682555,65.82457571795067,83.40520735716908,3129.703264084605,2736.3466870872703,73.86473268762195,19.565211004660448
2016-05-19,2923.7503726434725,2967.915768757181,2914.917249193195,2932.58349609375,17699305,54.54524592791573,59.3238868874987,78.588943263235,3114.999095083695,2771.3669693694296,72.37428889307652,21.73916666868631
2016-05-20,2932.58349609375,2941.4166195440275,2914.917249193195,2932.58349609375,14630470,54.54524592791573,53.554698921902855,73.58209439496858,3099.7774786161244,2804.2547479463756,69.09750899720197,18.181879360727844
2016-05-23,2932.583144340035,2994.414779937797,2923.750021949261,2976.74853515625,11790820,58.37833983228342,51.94750692054504,69.25517690008387,3086.2692547029415,2837.195759945496,69.20945535372584,20.512757204493013
2016-05-24,2967.9154127654765,3012.080803581692,2959.082290374703,2976.74853515625,15652731,58.37833983228342,50.096316527223735,65.42340482551185,3085.9119610683692,2846.386110220693,68.05153091467322,20.512757204493013
2016-05-25,2985.581657547024,3020.9139259724657,2967.9154127654765,2976.74853515625,18894353,58.37833983228342,48.075055489411625,61.95373495829181,3086.6032734753985,2851.8779521105394,66.97631536412436,39.99982165744905
2016-05-26,2967.915768757181,2985.582015657737,2932.58349609375,2932.58349609375,18982028,52.81562704846261,42.42044551475101,58.04707706958365,3086.021856104709,2854.2260198718536,65.97790137840026,16.666735625231144
2016-05-27,2923.7502577002188,2959.0825289746103,2914.917134597204,2941.41650390625,16355158,53.764536540338106,38.211399057939616,54.07994146725485,3083.09527497777,2862.4524545144177,64.41986516404354,22.222241436783886
2016-05-30,2950.249296012991,3003.2478115199046,2950.249296012991,2985.581787109375,32539067,58.28211753413849,38.0014120432179,50.86423558244746,3077.8898222747143,2879.140915029973,64.23496819615862,49.99992404639423
2016-05-31,3003.2478115199046,3020.914057068097,2976.748664335279,2985.581787109375,35841703,58.28211753413849,37.403827777629886,48.17215402148395,3078.8297283174716,2880.8509357450284,62.80142709163429,49.99992404639423
2016-06-01,2985.5818064159903,3082.745715284043,2967.9155607535577,3038.580322265625,58288592,63.27594541567867,40.73718390363456,46.68515999791408,3065.8876714760167,2888.4931390708584,66.51776476583794,75.00000247188053
2016-06-02,3038.580332435952,3118.0779959076563,3020.9140867143897,3109.244873046875,53517218,68.66236257235023,48.52160447603319,47.0524488935379,3071.777926000902,2884.369486108473,68.70677508208284,95.83331213590415
2016-06-03,3144.577392578125,3171.076763260696,3118.078243033235,3144.577392578125,66268979,70.9561894849905,56.88610529193147,49.01918017321662,3104.6112136202787,2865.669133059409,68.21571187720701,89.65513386288418
2016-06-06,3162.2436501759225,3241.7413202116377,3118.078253363005,3126.911376953125,76004817,68.26561460712773,61.381959610178,51.4917360606089,3127.0491761262947,2856.4808043424555,72.17623723230885,64.8649187199439
2016-06-07,3135.744391557297,3206.408935546875,3135.744391557297,3206.408935546875,31251729,73.19191082251797,70.5465286691583,55.302694582318786,3168.8505065989907,2839.4121154713216,72.69918875812607,89.18917686635174
2016-06-08,3241.7412240469457,3303.5728662058978,3224.0751985284423,3259.407470703125,38196524,75.88010480705313,81.15060092248541,60.47227585035211,3214.6912627091892,2814.7707734236233,74.44667032247582,88.63637098056762
2016-06-09,3285.906827399345,3285.906827399345,3224.075185490437,3241.7412109375,30410766,73.24359244468084,87.12456728299094,65.80273413687988,3250.724411918765,2802.586940620298,73.54559686436382,84.09089324053734
2016-06-10,3250.574232483857,3312.4058724573765,3241.7411094679733,3268.240478515625,25013976,74.66555210518797,92.92605438326109,71.22739818615612,3287.618643861968,2798.3751061380317,73.33982301615235,88.88889426666275
2016-06-13,3259.40746745194,3259.40746745194,3206.408948673942,3224.0751953125,30026021,68.16359919028824,92.88923616489501,75.5597657819039,3309.1303763060814,2806.012543615793,72.51780207511881,77.77781639288878
2016-06-14,3215.2420939682797,3347.73828125,3197.575847208979,3347.73828125,35307961,74.78471475842588,101.66668474478047,80.78114957447923,3355.483186834122,2797.642008478378,78.06384721554038,100.0
2016-06-15,3347.738165986975,3418.402929453503,3321.239017898071,3356.5712890625,21833265,75.18175226795596,108.08963585372476,86.24284683032833,3393.863785726718,2802.5435140779696,79.42813752553265,87.71928800719184
2016-06-16,3356.571174102004,3418.402812375312,3356.571174102004,3365.404296875,28857326,75.59558115785646,112.59469918789773,91.51321730184222,3427.576736308163,2812.112643574649,78.17124472180231,88.67922220553746
2016-06-17,3347.7381479076907,3383.0704188813097,3303.57275390625,3303.57275390625,58034180,67.15427747723885,109.90874596003732,95.19232303348124,3443.311019504519,2833.477286159543,78.2659890256064,74.5097901682261
2016-06-20,3356.571534842171,3391.90380859375,3330.072384812908,3391.90380859375,16900487,71.9696477284063,113.59819726986098,98.87349788075718,3474.094868333528,2844.2089646742843,78.98492228717024,94.11767727556348
2016-06-21,3427.236087846474,3506.7337540700755,3427.236087846474,3462.568359375,37026907,75.113020748564,120.83128485674752,103.26505527595526,3513.717928044801,2853.167887384887,81.5452810863956,90.90909700394232
2016-06-22,3462.568363198088,3524.400004294532,3444.9021168454838,3497.900634765625,23441463,76.53022048485991,127.93976821260003,108.19999786328422,3553.078794869831,2865.9222305207936,81.39903868372797,93.47823029545641
2016-06-23,3489.0676422051943,3559.7324091233286,3489.0676422051943,3542.066162109375,41223111,78.20126016336697,135.57426569303925,113.67485142923525,3588.222014820545,2891.7272771716425,80.63230498618557,95.9999817088689
2016-06-24,3524.399996431582,3533.232898450506,3294.739678910785,3427.236083984375,124885199,65.20257504316632,130.8504695587044,117.10997505512908,3591.998167020861,2936.533082979139,92.53903200135731,68.74998357275068
2016-06-27,3383.070458822297,3444.902099609375,3330.0721623049985,3444.902099609375,32882590,66.13518910654057,127.06757104680446,119.10149425346417,3596.5967077872738,2977.8665734627266,94.13123952300154,68.29263318964489
2016-06-28,3409.5699527172314,3471.401595762058,3400.736829262588,3418.403076171875,18771505,63.390731304145916,120.54181597213301,119.38955859719795,3588.516702697148,3029.2287074591018,92.4550628784636,60.975625512791844
2016-06-29,3427.2362149945443,3506.733884167453,3418.403091500292,3471.401611328125,45704183,66.39441437108171,118.28315236800745,119.16827735135986,3588.2139606623305,3072.8135784001697,92.16047324397178,75.60977569251004
2016-06-30,3515.566881118229,3559.7322758620685,3489.0675115893227,3497.900634765625,35260073,67.81625311178367,117.27947019035355,118.79051591915861,3595.7322445215336,3104.160870712841,91.88691547896975,82.92678336936308
2016-07-01,3515.56689453125,3568.565412653598,3506.733771321247,3515.56689453125,58025156,68.76506243494958,116.56586561434551,118.34558585819599,3604.8375830570103,3132.154482372677,90.37104850818426,85.71428334949775
2016-07-04,3533.233048879363,3550.8992959447023,3506.7338994190363,3524.400146484375,42647755,69.25315654349056,115.38303465659055,117.75307561787491,3605.2213249483216,3171.5196174344906,87.07064479514725,83.87103156246648
2016-07-05,3559.732293141053,3603.897688099272,3542.0660467026964,3550.899169921875,50529290,70.73079370130523,115.25529107892953,117.25351871008584,3616.2267604195567,3194.963205400756,86.5297088537008,82.8571421078453
2016-07-06,3542.066076343561,3621.56396484375,3515.566927601948,3621.56396484375,50833948,74.28046613037878,119.47883412633655,117.69858179333599,3643.487984158375,3203.9176310759995,87.92023230999375,100.0
2016-07-07,3701.061680769191,3798.225374855141,3665.7294082708745,3780.5595703125,37743587,80.12189417405831,134.10970579202512,120.98080659307382,3705.768753087758,3195.5186980841167,94.25888786009357,96.4912996168627
2016-07-08,3798.225491263783,3815.8917386232174,3701.061794199944,3771.7265625,59007118,79.04777183787978,143.33969629386593,125.45258453323225,3753.522922434004,3198.1131371363085,95.72824904317785,91.52547221101123
2016-07-11,3771.726233973673,3789.392479794336,3577.398193359375,3577.398193359375,52944920,59.99261235066667,133.43569135624057,127.04920589783393,3747.7208092200167,3239.247550154983,104.03296599973379,54.23724404055098
2016-07-12,3603.89782314342,3656.8963433067615,3550.8993029800795,3630.39697265625,56881585,62.63787539119559,128.38333151874895,127.31603102201694,3759.1516477065416,3256.082580809083,104.17325702308725,64.40678636685769
2016-07-13,3665.729353719501,3709.89474896957,3665.729353719501,3674.562255859375,38414533,64.73066594099319,126.48502852245929,127.14983052210542,3775.051165182027,3271.9821600132855,102.41072268667531,72.88133470261502
2016-07-14,3683.39535479653,3692.228478015709,3550.899169921875,3550.899169921875,52725578,55.37726691144677,113.69146771243186,124.45815796017071,3773.212305845449,3292.370506654551,105.1906216443295,45.45453052559405
2016-07-15,3542.066050309312,3595.064568540673,3471.4015067592786,3586.2314453125,38209445,57.27676862991443,105.19092246266064,120.6047108606687,3762.565535484624,3331.283146156001,106.51008165411984,44.68081958505274
2016-07-18,3586.231604823793,3780.559661074046,3577.398481202734,3736.39404296875,61375270,64.24328935107619,109.31097688099999,118.34596406473497,3782.6673424293217,3345.630362648803,113.41373152677643,80.00000849586975
2016-07-19,3798.225095428681,3798.225095428681,3621.5637459336576,3709.89453125,45556520,62.31227185733878,109.1793094433774,116.51263314046346,3798.7898911028046,3354.24043116282,117.93141852450836,69.23070741376421
2016-07-20,3701.061739919932,3727.560889432762,3630.39697265625,3630.39697265625,27978319,56.79679725871692,101.49025695407636,113.50815790318605,3803.4383431213773,3362.84161293331,116.44802554250863,46.15383868410204
2016-07-21,3639.22998046875,3692.22849894659,3621.56395506792,3639.22998046875,29583543,57.249579309789084,95.01411380984791,109.80934908451843,3808.7676345779396,3367.2287033126854,113.17777685223447,48.71791946070551
2016-07-22,3621.563934537629,3621.563934537629,3444.9021335670814,3550.899169921875,53226608,51.4433908189189,81.81109809698546,104.20969888701184,3802.5727845108513,3385.7898619735233,118.97421042719405,28.57143028003568
2016-07-25,3586.2313439550576,3648.0629836670473,3542.065950200113,3612.730712890625,38625158,54.892080956935345,75.46696558900794,98.46115222741108,3798.816279547837,3406.329228264663,118.04726921574692,45.23808134682069
2016-07-26,3612.730975686971,3736.39404296875,3595.0647284448523,3736.39404296875,51164140,60.876942983629355,79.50135003384457,94.66919178869779,3803.0705749776403,3433.8740295145476,119.7102724520434,78.57144928833296
2016-07-27,3736.39404296875,3736.39404296875,3736.39404296875,3736.39404296875,0,60.876942983629355,81.75619425662171,92.08659228228257,3809.798300269078,3453.645547387172,111.15953870546888,78.57144928833296
2016-07-28,3824.724531859969,3957.220933333133,3824.724531859969,3939.5546875,60525077,68.77139437599703,98.79766272132838,93.42880637009173,3867.901573584745,3439.7076793449423,118.99292096681988,96.55170845942015
2016-07-29,3948.3879260379567,3957.221049213185,3886.5560638113584,3930.7216796875,63466245,68.12771923264724,110.31871388417449,96.80678787290829,3911.5095493521508,3437.6151820931614,115.54092556932035,94.82756370760474
2016-08-01,3939.555022636864,3939.555022636864,3842.3911045642576,3895.389404296875,47710765,65.48735387270884,115.26945605884293,100.49932151009523,3938.4979194988764,3447.7257377276865,114.22828217669793,87.93102440140595
2016-08-02,3851.2242333420886,3868.890480701524,3771.7265625,3771.7265625,65321164,57.140270229699446,107.969788547407,101.99341491755759,3942.3639337052914,3465.9424627790836,114.90217929242486,63.793160656726634
2016-08-03,3754.060180300732,3815.8916015625,3745.2270569382863,3815.8916015625,31281057,59.143200131212495,104.54338790329166,102.50340951470442,3953.743236125151,3473.9959240310995,111.74234824469549,72.41377522193392
2016-08-04,3851.224351929193,3860.0574758809007,3762.8935546875,3762.8935546875,31599046,55.77482488973423,96.4397439111408,101.29067639399169,3951.9543249449684,3474.018233648782,110.70103202674586,62.069037743685186
2016-08-05,3754.060053500172,3807.058349609375,3727.560684307901,3807.058349609375,49164429,57.92531550383573,92.51482420836692,99.53550595686674,3956.0602372999315,3473.445500004756,108.47222011779789,70.68960465485948
2016-08-08,3815.891621673138,3842.390991900134,3771.726446903501,3780.5595703125,20292848,56.160760093863765,86.27158194224512,96.88272115394243,3958.86523226333,3490.9566427366694,105.77167189485755,65.5172835697681
2016-08-09,3771.7260723192,3824.724365234375,3771.7260723192,3824.724365234375,24113434,58.4334783950821,83.92011842902639,94.29020060895922,3968.195095648765,3501.0595186090472,102.00214482488023,74.1378504809424
2016-08-10,3842.390663121484,4063.2178449004,3842.390663121484,4001.385986328125,58488450,66.02162731615806,95.21411401527621,94.47498329022262,4011.066765046667,3490.87022225802,111.751525884962,89.9999535125927
2016-08-11,4001.386877654408,4080.884556966181,4001.386877654408,4063.21875,40311187,68.2091635126709,107.91015308356646,97.1620172488914,4054.0510934654767,3499.1178518470233,109.44774336732588,96.72138141772618
2016-08-12,4151.549042058156,4169.215289121555,4036.7188784214254,4045.552001953125,46794841,66.88421516348113,115.21813367084042,100.77324053328121,4086.5502932665427,3512.5507077100197,111.09407674824041,78.46152287604173
2016-08-15,4045.551867104627,4089.717041015625,4027.885620630089,4089.717041015625,46893386,68.5299517368588,123.15386934197113,105.2493662950192,4130.171401139669,3504.2618996415813,107.57531557947583,81.99990507526303
2016-08-16,4125.049944059985,4204.547618823387,4107.383695829143,4151.54931640625,36889190,70.72358703615294,132.9003523708334,110.77956351018204,4181.34449529929,3497.2542839975845,108.09354859578198,88.88894043377276
2016-08-17,4160.382440779985,4328.21091443263,4160.382440779985,4292.87841796875,48205642,75.01118226843988,150.29606823181257,118.68286445450815,4255.176698281483,3489.670225546641,112.99126641225325,94.11762541795038
2016-08-18,4337.0438045116925,4390.042104072209,4292.878186315122,4310.54443359375,42207534,75.49430190405813,163.62166944646287,127.67062545289909,4319.1701239201275,3492.8082452204967,111.86074150831287,88.00001507865045
2016-08-19,4319.377318215825,4345.876687667397,4257.5458984375,4257.5458984375,37497379,71.0559727383822,167.96951751446295,135.73040386521188,4347.445314844187,3535.1977271479996,110.18003063128319,80.00001182193944
2016-08-22,4248.712870754345,4301.711168573003,4239.879747405344,4284.044921875,28188944,71.9441099605976,171.57565086173327,142.89945326451618,4377.615510651773,3572.1589522388526,106.72655852673866,83.9999765978463
2016-08-23,4275.211849842252,4354.7099609375,4275.211849842252,4354.7099609375,36110778,74.21620921592847,178.08278807199713,149.93612022601238,4425.996815672629,3585.6092390148706,104.78166942448931,94.6666967433925
2016-08-24,4390.041869109253,4460.706854441648,4319.377326052201,4328.21044921875,59591209,71.86580008675924,179.0376178509414,155.7564197509982,4459.043754188098,3611.7439411244013,107.39223077912914,81.92769591925622
2016-08-25,4443.021656452212,4505.89453125,4422.064183600257,4505.89453125,52317520,77.102209644029,191.91961789276775,162.9890593793521,4533.576467535193,3593.845212152307,112.41307729713776,100.0
2016-08-26,4505.894929880821,4516.373895354822,4453.501014994749,4463.97998046875,20544028,73.62121775834468,196.48162392711538,169.6875722889048,4588.155393938143,3592.5921158274823,108.8744918016331,92.96393365222187
2016-08-29,4453.501180534156,4474.458656019194,4348.712890625,4348.712890625,43838733,64.93835978175154,188.62164286760571,173.47438640464497,4614.706890182964,3611.3729682154735,110.07958277253029,75.1238611420267
2016-08-30,4317.276087277368,4401.106894672361,4285.839648564733,4390.6279296875,27370875,66.48622206626005,183.65765349699268,175.51103982311454,4633.20340802033,3654.7665870968576,110.4501301536087,75.58269211740154
2016-08-31,4432.543102013218,4495.415976156624,4422.064137575343,4484.93701171875,26957667,69.72480729840913,185.1987549384976,177.4485828461912,4663.682065372827,3691.192470759986,110.04569560471695,93.56445481648731
2016-09-01,4484.937377585148,4484.937377585148,4422.06449831278,4443.02197265625,20363461,66.64244348902554,180.9519936362458,178.1492650042021,4669.958803925388,3752.9285740043,106.67620872383488,84.98389286008836
2016-09-05,4463.980306831729,4474.458816829851,4390.628455634879,4401.107421875,32332579,63.61393723796647,172.219017127587,176.9632154288791,4665.01842708134,3817.273858074911,105.04436247177321,71.81681282008697
2016-09-06,4422.064491754079,4474.458405656023,4411.585526476906,4432.54345703125,29902642,64.90220182166331,165.92204953779674,174.75498225066264,4645.55752251285,3901.9331513152747,102.78054970814823,76.45155880955315
2016-09-07,4432.54343412899,4610.68310546875,4390.62802947883,4610.68310546875,40384783,71.13825838895914,173.30824860020857,174.46563552057182,4649.489437997021,3976.597109854541,111.15730158541761,100.0
2016-09-08,4610.682905351228,4736.429113843946,4568.767958762259,4704.99267578125,49414721,73.79302821841489,184.6434044877078,176.50118931399902,4694.458104928923,4001.9891118679516,115.19329112086542,93.66902060752447
2016-09-09,4704.992470245732,4715.470978314258,4621.161668246033,4642.119140625,26558904,69.22169019964352,186.40447362370924,178.48184617594106,4719.855406115308,4034.4818497440665,113.70157818853399,81.00692910045086
2016-09-12,4594.964817415138,4600.204299688608,4500.655505218456,4505.89453125,28621020,60.47970544244885,174.79304073312687,177.74408508737824,4709.282091643334,4091.089417145729,115.68458227553472,50.016055211433
2016-09-13,4505.89425883986,4621.16149316178,4505.89425883986,4579.24609375,30411261,63.17640470257844,169.5552274629199,176.10631356248658,4706.575758747994,4142.748655314505,115.65477170741933,65.116135150531
2016-09-14,4542.570653868492,4605.443987717166,4542.570653868492,4568.76806640625,12779929,62.520127916699465,162.68342026980463,173.42173490395018,4703.033374868833,4188.012914193668,111.88466900322328,62.790730730066535
2016-09-15,4547.8098231370695,4663.0770616381205,4547.8098231370695,4631.640625,26919413,64.87778339570934,160.46105839356278,170.8295996018727,4722.251059108623,4202.671450657002,112.12628111021098,76.74413253780527
2016-09-16,4631.641196203686,4684.035111648135,4615.922747825169,4663.07763671875,80486366,66.0284830655815,159.39907143796245,168.54349396909066,4744.27893660394,4215.896893474186,108.9824298754078,83.72099598916662
2016-09-19,4715.47090957702,4815.019700349347,4704.992401661239,4778.34423828125,38446254,69.91988808409624,165.94557327616167,168.0239098305049,4780.4329234398565,4231.822740622644,112.05097514363558,93.06937932667493
2016-09-20,4746.908016386728,4788.823422696816,4710.23254913762,4762.62646484375,27002073,68.7631907511926,167.92964181220214,168.00505622684435,4806.281192596335,4253.832625763041,109.66096788760422,87.65450900623775
2016-09-21,4757.38630996587,4841.217110743572,4715.47090957702,4778.34423828125,26718695,69.30995637130903,168.82422282762218,168.16888954699994,4835.696021779583,4266.781224314166,110.80991312181477,86.04651664309156
2016-09-22,4830.738807845389,4893.611688914115,4788.823401718915,4841.2177734375,38430115,71.46185501699694,172.6167352843313,169.05845869446622,4869.081633406913,4284.696345108712,111.12830865831836,89.58337622032509
2016-09-23,4841.217198519886,4862.174670973338,4809.78076171875,4809.78076171875,27332621,68.86192576274331,171.11313886362677,169.46939472829834,4899.91770387529,4284.24889768721,106.93299441519477,83.33327025186375
2016-09-26,4799.302515182018,4846.457405557434,4731.190149218631,4815.0205078125,25632084,69.06395106269542,168.40308564276256,169.2561329111912,4926.610723411358,4292.6599308855175,107.52829883830965,84.37500311842105
2016-09-27,4809.780625036015,4856.935050776743,4799.301660986119,4846.45654296875,30951712,70.30860005578455,166.86841899337924,168.7785901276288,4943.294267381275,4325.750752149975,103.96437676347497,87.99989721452351
2016-09-28,4872.654340917999,4925.048257759619,4846.457382497188,4893.61181640625,29675084,72.120578351651,167.52608466772654,168.52808903564835,4966.731806237978,4352.611601965147,102.15204376543171,92.59260645589835
2016-09-29,4893.611242353166,4925.047680018833,4841.217331657699,4862.1748046875,30722905,69.09328951773945,163.62442482057486,167.54735619263366,4986.743341347392,4370.323846152609,100.84335123655326,85.1850785161509
2016-09-30,4825.499164296123,4872.654051647769,4778.344733186434,4788.8232421875,62909070,62.50102543311439,152.85149630989417,164.6081842160858,4986.715964093595,4404.9313503595295,100.37663460975197,67.50000812990031
2016-10-03,4788.8233987790045,4820.259839294068,4663.07763671875,4663.07763671875,59711658,53.14064172788755,132.63828184037266,158.21420374094316,4965.507153470959,4452.337182466541,104.43417517872098,31.506938347313167
2016-10-04,4631.64080315536,4694.513678849996,4516.3735602205725,4605.44384765625,112300697,49.48276152905667,110.6926032072397,148.70988363420247,4944.93109885699,4490.20327614301,109.69888542519972,21.794911202489427
2016-10-05,4610.683013982772,4631.640944012978,4563.528583898698,4568.76806640625,44525065,47.253683675458596,89.31153793105568,136.83021449357312,4947.704205260679,4483.238665833071,106.72841933156259,12.820589701585691
2016-10-06,4558.288890320411,4579.24636313824,4458.740096012356,4495.416015625,50313631,43.07434504695869,65.69075011182576,122.60232161722365,4957.2646972551665,4452.720507822958,107.71255131687126,7.865167848492906
2016-10-07,4495.415952687417,4537.331353978168,4243.924001184833,4306.796875,107825853,34.59999950061966,31.38928119947286,104.3597135336735,4996.457592079006,4379.995386436619,120.97646570804724,9.230749486347706
2016-10-10,4296.318293203781,4306.796801165389,4107.69921875,4107.69921875,52895155,28.276253453545905,-11.725235754073765,81.14272367612405,5064.91262139876,4271.720825866865,126.55655074675815,0.0
2016-10-11,4118.178490016693,4390.6279296875,4118.178490016693,4390.6279296875,78611950,43.952726938309816,-22.800983084441214,60.35398232401101,5072.984228008671,4244.787402850704,137.72599076038256,34.615408770814035
2016-10-12,4422.064024990001,4463.979425432417,4254.402879462247,4275.3603515625,56061625,40.106660859607196,-40.413857075932356,40.200414444022336,5091.236981285245,4197.193878089754,142.85817327536736,20.512795000732456
2016-10-13,4212.487641218067,4353.951838006986,4160.093730829097,4327.7548828125,42223174,42.56678769519866,-49.57293982338524,22.245743590540826,5097.963086210993,4160.079198945257,146.50102569697606,26.92309571063313
2016-10-14,4296.318646651639,4369.67003338498,4233.4453125,4233.4453125,38991343,39.42748938798977,-63.70719613394431,5.055155645643797,5108.201675654873,4106.8773770795015,145.76700392469067,15.38462612036179
2016-10-17,4212.487667947295,4275.360543309775,4170.572265625,4170.572265625,24314527,37.44483483308747,-79.07054944838364,-11.769985373161692,5107.085201817024,4047.2166536517248,142.83995205041097,7.692313060180895
2016-10-18,4149.614598989329,4270.120861771678,4149.614598989329,4264.8818359375,35104567,42.14451606332145,-82.68300527438714,-25.952589353406786,5092.179365254044,4012.3480273240825,141.2446885312637,19.230796243684534
2016-10-19,4296.318668445068,4390.627985787996,4270.121255648184,4322.515625,32316529,44.87033299975481,-79.97345324391154,-36.75676213150774,5067.685722424497,3991.2588088255025,140.13765005406603,28.08223401063325
2016-10-20,4338.233577413037,4359.191507462024,4285.839664774463,4312.03662109375,14232844,44.460175328222824,-77.7751383949626,-44.96043738419871,5028.578879682171,3977.447536333455,135.3672352421728,28.67649382416479
2016-10-21,4306.79735697014,4338.233797395749,4285.83988210039,4296.31884765625,19782527,43.81325210400685,-76.4203250593755,-51.25241491923407,4989.811036180001,3964.869188429375,129.4405695316861,32.142975630509916
2016-10-24,4296.318600101336,4317.276073763512,4212.48779296875,4212.48779296875,25648937,40.43395494442119,-81.17535230645808,-57.237002396678875,4946.780035018959,3947.64691810604,127.67969176476294,20.00004373886318
2016-10-25,4212.487620751819,4222.966585275472,4112.938826502888,4149.61474609375,30080891,38.062769408983904,-88.99123947518092,-63.58784981237929,4891.478582474334,3933.2641909631657,126.41883940817874,8.888936735716847
2016-10-26,4149.61448192828,4186.290399184343,4091.9810932009927,4144.375,22745425,37.86348637189943,-94.51863806242727,-69.77400746238888,4810.798117039292,3939.0209747575827,124.1253013064053,11.764651649148076
2016-10-27,4149.61448192828,4165.332471471224,4112.938564672217,4144.375,14568386,37.86348637189943,-97.772085524658,-75.37362307484271,4720.830045192886,3957.2090661352395,119.00163027016262,14.084446692199801
2016-10-28,4144.375124391621,4306.796787833835,4144.375124391621,4275.3603515625,30459590,46.05236139537161,-88.7578971094581,-78.0504778817658,4631.564597766801,3995.1282244988233,122.10307009613922,49.29572056452797
2016-10-31,4306.797014033149,4306.797014033149,4212.487700265881,4270.12109375,19762107,45.79240379130193,-81.10195926368124,-78.66077415814888,4566.243751125481,4021.1534168432686,120.11780178693411,47.88731161251132
2016-11-01,4243.924277565598,4312.036638008088,4233.4453125,4233.4453125,13551060,43.92327336472307,-77.10518185728961,-78.34965569797703,4505.594838458398,4044.6024759947272,117.15162490987365,47.36838815685821
2016-11-02,4233.445552683913,4233.445552683913,4139.13623046875,4139.13623046875,25049991,39.46268983130065,-80.61834363133039,-78.8033932846477,4445.765697209777,4061.4684336495984,115.52003186025145,15.789595819758864
2016-11-03,4139.135695023424,4139.135695023424,4071.0233395277137,4118.17822265625,30466634,38.52634471771483,-84.12395711305544,-79.86750605032925,4398.999371061276,4070.5109805012235,112.13380750887895,14.75412941592028
2016-11-04,4139.135781570097,4170.572218899131,4128.656817046443,4149.61474609375,13564970,40.79554510052591,-83.40408595286226,-80.57482203083586,4391.667243842183,4062.1248948296925,107.86667813273625,24.590195257059033
2016-11-07,4186.290609561251,4317.275839383167,4160.093654845251,4306.796875,36764176,50.61207378458662,-69.35086509178109,-78.33003064302491,4395.23394596821,4078.4679583286656,112.1377077867849,73.77037168610961
2016-11-08,4327.755415139962,4380.149331973548,4317.276449276452,4348.712890625,41633056,52.85690234372045,-54.20645587621311,-73.50531568966255,4385.495451801176,4084.0149485894485,109.36733272869658,89.8305409066963
2016-11-09,4348.712990938545,4348.712990938545,4139.136406285845,4291.07958984375,83922126,49.52375769369646,-46.32096887931493,-68.06844632759304,4387.3331008985615,4083.749223320189,116.52513643755398,71.18658918809452
2016-11-10,4380.149331973548,4385.388814905304,4343.473407693245,4348.712890625,33908369,52.7336412900628,-35.0174782196591,-61.458252706006256,4391.322295198483,4081.855829801518,114.93828562498253,88.33334855354215
2016-11-11,4317.276548864839,4338.234024833312,4275.3611406859,4291.07958984375,30393605,49.35371813259548,-30.359935705673706,-55.23858930593975,4396.092695980647,4082.848856753729,111.96781879027664,70.00013282365782
2016-11-14,4275.360477231779,4338.233351622524,4270.12099499223,4317.27587890625,35578945,50.89435900258261,-24.275149301345664,-49.045901305020934,4403.582736852151,4090.029177210348,108.83528577884931,78.33320089706352
2016-11-15,4317.276604438029,4432.543864353364,4317.276604438029,4401.107421875,40917387,55.553868320651965,-12.543810094735818,-41.74548306296391,4424.869213142714,4082.365259513536,109.29476432658254,91.3043823739952
2016-11-16,4401.106940367041,4469.219300991922,4390.627975273383,4411.58544921875,37679493,56.114383980025295,-2.3737864827080557,-33.87114374691274,4441.094847069367,4075.046608008758,107.10166156886517,85.52625909081392
2016-11-17,4401.106855564741,4448.261285093715,4369.669960889504,4380.14892578125,27236497,53.91742187152456,3.1134755770881384,-26.474219882112568,4451.142802968095,4071.8098825787806,105.06520889996128,77.63152220752042
2016-11-18,4369.669828626906,4406.345748395956,4317.275918237935,4327.7548828125,27657552,50.377321895337005,3.1975495400820364,-20.539865997673648,4454.443531700571,4071.6527573619287,103.92268184696557,64.47366827648315
2016-11-21,4338.234080676272,4401.107421875,4306.797638197908,4401.107421875,29458671,54.847137620009214,9.078464740688105,-14.616199850001298,4471.808564624806,4073.1496873283186,103.23604626340318,82.8948845019755
2016-11-22,4443.021842127911,4448.261324620342,4380.14896470264,4390.6279296875,26876791,54.097423361759176,12.746590210643262,-9.143641837872387,4481.713741759001,4087.345828553499,100.7272115244245,80.26314204307013
2016-11-23,4390.627618425542,4432.543019151556,4359.191181941509,4364.4306640625,19671958,52.17732267652434,13.38540703655417,-4.6378320629870755,4484.160158798533,4106.904977920216,98.77182764482612,69.23071627989482
2016-11-24,4380.14839722098,4427.303277301632,4359.190926208405,4369.66943359375,22497001,52.54009346888546,14.15127183955883,-0.8800112824778941,4483.977859622297,4129.616720455828,96.58186503399764,69.84094935097552
2016-11-25,4401.106590338113,4422.0640626166905,4359.191189539045,4374.9091796875,28890399,52.9247355789958,15.008025754353184,2.2975961248883214,4490.820143257003,4132.729319633622,94.17407989425821,71.4283524481326
2016-11-28,4369.66965249159,4374.909134567676,4243.923907633156,4264.8818359375,27234803,44.72730495709744,6.731130023728838,3.184302904656425,4490.829910839181,4132.195626270194,96.80345076283577,38.09510631068159
2016-11-29,4264.8819741669,4285.839446908591,4212.48760794979,4228.2060546875,26010160,42.37141269641041,-2.7560287256055744,1.9962365786040253,4491.062775639423,4131.438835688702,95.12833563397612,6.122519020326238
2016-11-30,4217.727332437765,4453.500853351435,4212.487849890935,4411.58544921875,54752361,55.10467438857507,4.470975564167929,2.491184375716806,4490.504957859894,4159.241575343231,105.5486690501564,77.55094001436211
2016-12-01,4432.543026876936,4453.500499155513,4374.9091796875,4374.9091796875,39156037,52.60134584216104,7.156464825011426,3.42424046557573,4472.886917504975,4202.532711401274,103.62314408000334,63.265103662544384
2016-12-02,4390.627528999995,4437.781954644676,4380.148564971442,4422.06396484375,42527864,55.40631488427856,12.940560756084778,5.32750452367754,4458.7620299254495,4243.9025208558005,100.71240342837284,81.63244452237016
2016-12-05,4432.543463605493,4511.134334574976,4422.06449831278,4443.02197265625,54417711,56.634641641432275,18.996652940617423,8.061334207065517,4470.8295940382595,4245.457466508615,99.88082959286233,77.19299900306308
2016-12-06,4453.500502550935,4463.979466819171,4254.40291890596,4285.83935546875,44194873,46.327881063386585,10.986184159232835,8.646304197498981,4472.210873521336,4237.788833509913,107.71623804431577,24.561376696761744
2016-12-07,4285.839580064939,4338.233491667947,4275.360615247561,4280.60009765625,26642812,46.02720106849868,4.167030682686345,7.750449494536454,4472.976638688339,4235.97511912416,104.51314078546365,22.80704378586549
2016-12-08,4291.078837602868,4338.233264326096,4280.599873334633,4285.83935546875,17050308,46.40182608420975,-0.8051519669752452,6.039329202234114,4473.747929614043,4228.916474682832,101.16458722874931,24.561376696761744
2016-12-09,4285.83935546875,4332.994238433892,4275.360391200516,4285.83935546875,22874988,46.40182608420975,-4.691561143012223,3.8931511331848476,4474.0500447882805,4228.0903360710945,98.05524865765125,24.561376696761744
2016-12-12,4280.59982592385,4285.839307999937,4243.923907633156,4264.8818359375,21514184,44.95428013606426,-9.354828452735092,1.2435552160008598,4476.58555839547,4220.31541816703,94.04526288464717,17.543881555235355
2016-12-13,4264.882021129543,4280.600011798409,4222.966618942689,4249.16357421875,23962133,43.84941217175328,-14.15565615782998,-1.8362870587653082,4473.771255497674,4207.9353362992015,91.44441502543806,12.280719324605222
2016-12-14,4249.163426126438,4380.14865418356,4249.163426126438,4364.4306640625,23480532,52.97663290136736,-8.560574900407119,-3.18114462709367,4467.75319411195,4209.237919169301,94.2687588134155,50.87718784991241
2016-12-15,4359.191320294268,4369.669828626906,4306.79695366337,4327.7548828125,16323048,50.18159661869739,-7.005111167093673,-3.945937935093671,4463.694724805457,4208.056984178918,92.02619568128122,38.59653047775589
2016-12-16,4317.276048914658,4411.585364214546,4317.276048914658,4380.14892578125,32888814,53.92172517628935,-1.5270308979925176,-3.4621565276734407,4467.75319411195,4209.237919169301,92.18927565403885,56.14035008054255
2016-12-19,4380.149331973548,4416.825256253852,4332.994898071717,4348.712890625,21670318,51.4270233208756,0.2745964900977924,-2.7148059241191946,4461.873063892832,4209.878596263417,91.5922101203314,45.6141450578892
2016-12-20,4348.712355719703,4374.909310914189,4322.515400525218,4327.7548828125,11705446,49.773685552614324,0.011134743700495164,-2.1696177905552565,4456.08720262231,4209.37715284644,88.79233156809136,36.36363762675102
2016-12-21,4348.712525990004,4416.824885907706,4338.233561005144,4390.6279296875,21448110,54.499587688673046,4.820105664685798,-0.7716730995070457,4459.355126405066,4208.728955626184,88.81216524859953,58.18185093251511
2016-12-22,4411.585571270179,4526.852821763571,4401.107062128571,4453.5009765625,54625117,58.68594172875295,13.548401656457827,2.0923418516859287,4473.756577420652,4202.710658907472,92.19878859341894,75.86206793195329
2016-12-23,4453.500874812006,4526.852718337185,4411.585470477339,4500.65576171875,38061135,61.543752523966724,23.994047740466158,6.472683029441974,4497.72256197892,4191.319332552331,93.84653568387802,91.37931903401932
2016-12-26,4547.809697879237,4594.964579658614,4537.331190116411,4589.72509765625,34117648,66.2874247302604,39.00976822021039,12.980100067595657,4544.291407408282,4177.234813294843,93.87955584501985,98.59152937497826
2016-12-27,4589.725642888274,4600.204608137841,4521.61328125,4521.61328125,34162767,60.17462597987001,44.89624457255741,19.363328968588007,4561.24012534183,4189.626818017545,92.78753949093567,79.16664568817208
2016-12-28,4526.852662587783,4584.48605768696,4521.613180080231,4568.76806640625,30916223,62.73662594004402,52.758153412957654,26.042293857461935,4587.884888173399,4178.700316904726,90.650777927778,91.66665536557919
2016-12-29,4558.288485335963,4574.006474492377,4526.85205078125,4526.85205078125,18023496,59.09726172675928,54.97280834161302,31.828396754292154,4605.223581852348,4176.555910335152,87.54389548373146,80.55536307117666
2016-12-30,4526.852763874784,4553.049720756745,4521.61328125,4521.61328125,17559907,58.6394067775088,55.663558555684176,36.595429114570564,4617.740350098191,4173.994073729935,83.53622005680387,79.16664568817208
2017-01-03,4537.331717633413,4626.401553303293,4526.852752410385,4610.68310546875,27148845,63.77773812483709,62.6756871960597,41.8114807308684,4645.45265519152,4163.047881917856,85.05422377083885,95.83328229514447
2017-01-04,4642.1195448958815,4663.077475341939,4594.965113876162,4610.68310546875,20921657,63.777738124837086,67.45526733087081,46.940238050868885,4671.664658459638,4169.320253649737,83.84409074904873,85.29406838568107
2017-01-05,4615.922626719626,4642.119583754535,4610.683144064253,4621.162109375,26915579,64.38150555217825,71.2671635619954,51.80562315309419,4694.861134218543,4180.1799790627065,80.10068985881558,87.87877586278451
2017-01-06,4631.6408647969065,4657.837820644666,4526.85258516393,4547.81005859375,37495092,57.194833091058754,67.59008489372354,54.96251550122007,4702.052865063622,4199.185318530128,83.73530026038135,66.15377187544382
2017-01-09,4558.289203381529,4568.768168631096,4500.655806992821,4521.61328125,23344193,54.840393366050264,61.84915401345279,56.33984320366662,4703.195234138655,4221.62034203322,82.61937607308802,58.461553839172986
2017-01-10,4526.852486288373,4621.161799025565,4526.852486288373,4594.96484375,26622392,59.82706249079699,62.497846725338604,57.571443908001015,4707.640899646834,4250.182977306291,83.82860048040784,79.03219713042843
2017-01-11,4594.965113876162,4610.68310546875,4558.289191837516,4610.68310546875,14889661,60.825326957780234,63.54773401021703,58.76670192844422,4705.516577700113,4288.459252378012,81.58326570546684,79.99989035765073
2017-01-12,4631.641178477433,4631.641178477433,4574.00732421875,4574.00732421875,16201243,57.250532349155165,60.72040122474846,59.15744178770507,4708.8903188977665,4306.043177195984,79.87259345926797,64.58330706332261
2017-01-13,4558.288485335963,4574.006474492377,4526.85205078125,4526.85205078125,23000091,52.94224581509841,54.05160983684891,58.136275397533836,4700.271479919047,4334.571732971577,77.5356420291417,16.12854002467267
2017-01-16,4521.613708668397,4537.332158028578,4401.107421875,4401.107421875,36921648,43.53419903825867,38.17988994968346,54.14499830796376,4698.2208798795045,4338.718182620495,81.72772018088718,0.0
2017-01-17,4401.107421875,4448.261857471547,4374.910006274697,4401.107421875,22849753,43.53419903825867,25.3096833150139,48.3779353093738,4691.719290445443,4350.4592251795575,81.12944382488455,9.09103851489579
2017-01-18,4401.106809132832,4427.303764843876,4359.19140625,4359.19140625,25032157,40.73565751378688,11.59403090676824,41.02115442885269,4686.22514463993,4359.097023328821,80.19965202266964,0.0
2017-01-19,4327.755152930287,4385.388549203742,4322.515670315982,4343.47314453125,17021150,39.70490462763923,-0.5378547457085006,32.70935259394045,4692.986257256926,4347.620432196199,78.96202537017608,6.153794672796841
2017-01-20,4348.712129127687,4437.781954644676,4348.712129127687,4422.06396484375,10580850,46.93494081904256,-3.767410776188626,25.413999919914637,4694.519104872258,4342.9438834089915,80.05822428040823,29.230610438002774
2017-01-23,4411.585931873122,4453.501340591608,4401.107421875,4401.107421875,10656554,45.3725691342431,-7.926503278758901,18.74589928017993,4697.168647015362,4330.339507281513,78.0822024544225,23.0770892094103
2017-01-24,4422.064898113244,4422.064898113244,4395.867938754939,4401.107421875,10413123,45.3725691342431,-11.094721014063907,12.777775221331163,4690.663650132183,4317.982736586568,74.37611366184271,23.43768566495896
2017-01-25,4401.107017441692,4458.740413982223,4401.107017441692,4432.54345703125,8090635,48.36295321139746,-10.942789415139487,8.033662294037034,4688.710960699339,4311.028443597536,73.18020529603473,32.81256147481413
2017-01-26,4432.54345703125,4432.54345703125,4432.54345703125,4432.54345703125,0,48.36295321139745,-10.699050533758054,4.287119728478017,4681.262074138011,4304.854869221364,67.9530477748894,35.59324087153705
2017-02-03,4621.1613544453885,4663.076752598967,4526.85205078125,4526.85205078125,48157977,56.62437524578555,-2.8629678570778196,2.8571022113668496,4681.262074138011,4304.854869221364,79.56592261723421,59.99992104073636
2017-02-06,4558.289229994435,4621.162109375,4526.852790304153,4621.162109375,40987652,62.999546911492736,10.832349089191666,4.452151586931813,4694.5033992289855,4301.56842694289,80.61907518698534,87.69247415383231
2017-02-07,4631.64075027854,4720.710580455426,4631.64075027854,4673.55615234375,77701626,65.99015417810085,25.61843446523835,8.685408162593122,4707.024581587206,4295.334549272169,81.97117489365966,88.15795307499968
2017-02-08,4694.513857800046,4694.513857800046,4642.119488562676,4678.79541015625,28826465,66.28362555618504,37.3289728108266,14.414121092239817,4720.085679835336,4289.084681492788,79.85854591821038,89.4737051549711
2017-02-09,4704.992323954271,4731.189277673922,4657.837442265379,4668.31640625,51394267,65.0741297326891,45.24256268096542,20.57980940998494,4728.753040483946,4285.132750531679,79.39378088180561,84.6153824734626
2017-02-10,4657.837851624326,4704.9927374574745,4647.35888671875,4647.35888671875,35713322,62.613367022460345,49.255259024808765,26.314899332949707,4741.908800733714,4281.931873094411,77.83950015729982,79.48720214717738
2017-02-13,4663.07697179454,4704.99237191842,4663.07697179454,4689.27392578125,20434261,65.42907161796022,55.181445783236086,32.088208623006985,4763.615874197512,4276.990864083738,76.39621337461197,89.74356279974782
2017-02-14,4715.470743243196,4767.865105941574,4694.513271908981,4725.94970703125,40347064,67.7199356263198,62.12132455940264,38.09483181028612,4785.212972871316,4268.492251738059,76.55299671644856,90.58819983650709
2017-02-15,4725.9504586789,4757.386898801037,4694.5140185567625,4731.18994140625,33597259,68.04575198795378,67.26864059275886,43.92959356678067,4804.738196132921,4261.017712070205,75.57584553986472,91.25017199827528
2017-02-16,4752.147520721539,4752.147520721539,4684.03515625,4684.03515625,40045852,61.98298690995258,66.77320857688119,48.498316568800774,4818.083899105437,4258.674792300813,75.04273974927001,77.46489568037063
2017-02-17,4663.077069245883,4673.556033556323,4589.725231556624,4642.119140625,48501277,57.111803275943174,62.280373602027794,51.25472797544618,4827.572546000919,4260.712854389706,76.4189672452776,66.1970637390671
2017-02-20,4484.937783069972,4495.416749310093,4359.192013156515,4401.107421875,118166305,38.416785755776075,38.824592298628886,48.76870084008272,4827.572546000919,4260.712854389706,91.16955011836386,10.256464019404012
2017-02-21,4385.388308565026,4443.021701675972,4364.430835499754,4427.3037109375,38564046,40.68936418797182,22.094842629457162,43.43392919795761,4826.329792357212,4264.575236939663,90.27107269392485,16.66654814898919
2017-02-22,4422.064354558273,4437.782345744418,4191.530319306575,4212.48779296875,70629833,30.68839528762325,-8.40061672286447,33.0670200137932,4845.853865950521,4230.38080201823,101.41256938991904,3.6363367522092562
2017-02-23,4212.487432056136,4285.839267952109,4202.008468001881,4254.40283203125,40370248,34.092359878233566,-28.853687267727764,20.682878557489005,4855.515142112675,4211.812494606075,100.15672871565543,10.909026174138138
2017-02-24,4243.924541452339,4270.12149950331,4202.0091348256,4238.68505859375,21421002,33.429360709590156,-45.80319526492531,7.385663793006142,4869.358188336191,4179.631557757559,97.86784557008788,8.181831182270628
2017-02-27,4233.445041130153,4238.684523327094,4175.811649447644,4217.72705078125,35215850,32.52119302227561,-60.23261445842854,-6.137991857280796,4882.998898678083,4147.652810306292,95.36824296837486,7.079664998803252
2017-02-28,4243.924679525288,4264.882611641497,4191.53076171875,4191.53076171875,21032762,31.37388320656585,-72.94103586620531,-19.4986006590657,4897.335107305536,4112.358935663213,93.7956434651157,2.6550157082423436
2017-03-01,4186.290563646262,4296.318319736984,4128.6567164128855,4285.83935546875,33907656,39.63093264667114,-74.54334674561778,-30.507549876376117,4901.018344325826,4094.0052884866736,99.07178345504308,24.590202761850616
2017-03-02,4306.797638197908,4406.346448753061,4285.840161959664,4401.107421875,70561262,47.88455071784035,-65.75404829969466,-37.556849561039826,4900.754909111229,4091.125120185647,100.60287701427649,42.623142925736964
2017-03-03,4401.107134488937,4401.107134488937,4296.31884765625,4296.31884765625,15864810,42.23180841402848,-66.47771443159581,-43.341022535151026,4898.543386867265,4070.283322117111,100.9018553860246,26.22965123580242
2017-03-06,4296.318406189976,4348.712316101623,4275.360477231779,4317.27587890625,22832900,43.66415814906382,-64.61532256135797,-47.59588254039242,4884.521055935086,4053.917030002413,98.93399706344026,30.00001714199858
2017-03-07,4338.233351622524,4348.712316101623,4306.796914427152,4317.27587890625,17097657,43.664158149063816,-62.41982667941738,-50.56067136819741,4860.317877700785,4042.4921808929653,94.86124024994248,30.252116180367956
2017-03-08,4317.276142440624,4327.7551075593765,4306.797177321871,4322.515625,17964733,44.06630406752291,-59.570386323644925,-52.36261435928692,4831.6932452494775,4035.4888348286468,89.5824323919113,35.57701441128501
2017-03-09,4327.75557067815,4416.825414993183,4322.51608755809,4401.107421875,38292082,49.84899732935463,-50.38962291728603,-51.96801607088675,4802.796620444994,4037.6645611956305,89.92010079200212,74.28582207006036
2017-03-10,4401.106940367041,4505.8947663358285,4395.867457820212,4411.58544921875,53572480,50.58253778437699,-41.78662236445689,-49.93173732960078,4775.765858395385,4041.11797949524,91.35632991511746,75.00005178789819
2017-03-13,4411.58544921875,4422.064414312408,4380.149010179724,4411.58544921875,17693571,50.582537784376996,-34.570178941420636,-46.859425651964756,4737.360303114231,4051.754687120144,87.8248352163722,75.00005178789819
2017-03-14,4422.064149825355,4422.064149825355,4401.10667713347,4406.345703125,14241850,50.157060277005876,-28.940293566845867,-43.275599234940984,4684.105728373691,4073.04886147006,83.04859503605171,73.61107575676338
2017-03-15,4401.107036143191,4406.346062562081,4343.473183115801,4353.9521484375,23024969,45.991214611760284,-28.379153620904617,-40.29631011213372,4616.233185136208,4103.197625410668,81.6074724939252,59.722350932159344
2017-03-16,4380.14892578125,4390.627890672996,4369.669960889504,4380.14892578125,8816557,48.303222247565884,-25.526333492009144,-37.3423147881088,4551.33827715277,4137.703910347229,78.39806318975168,66.66671334446136
2017-03-17,4390.627757776036,4416.8247129705205,4327.7548828125,4327.7548828125,39658057,44.22551125315583,-27.17990139431913,-35.309832109350864,4480.9445488509655,4176.661212867785,79.16033225891374,52.777859084014324
2017-03-20,4380.14870141626,4395.86714794873,4359.191228948217,4385.38818359375,8548783,49.29609555209627,-23.568161068629706,-32.961497901206634,4478.741665646014,4177.292172244612,78.3711846072935,68.05555993975318
2017-03-21,4453.50083636652,4495.416240339347,4443.021871312827,4490.1767578125,31942555,56.958048556659065,-12.110664453347454,-28.7913312116348,4492.829859652111,4169.491282926014,80.63238976002944,93.18192162024349
2017-03-22,4505.894851928619,4516.3738172213325,4432.543463605493,4443.02197265625,23172989,53.07156781040491,-6.757615329012879,-24.38458803511042,4501.5801595815965,4183.794400965279,80.86081574973014,69.56523461802487
2017-03-23,4453.500312315356,4495.415711355923,4443.02134849474,4479.697265625,23182085,55.60863751022376,0.43904328532516956,-19.419861771023303,4518.340957847156,4189.563046059094,78.8274976862625,84.7823561974112
2017-03-24,4505.894794763864,4516.373759923636,4479.697838106389,4511.13427734375,26205172,57.7187079435155,8.58024349594325,-13.819840717629992,4536.827361502421,4198.321564278829,75.81671173000345,97.49994402640442
2017-03-27,4537.331690243178,4542.570716581111,4500.655768425932,4511.13427734375,28964498,57.718707943515504,14.860896156729723,-8.08369334275805,4547.629139582968,4216.860508854533,73.39515718894452,86.66668052058397
2017-03-28,4505.894788048876,4526.852718337185,4463.9798399561605,4500.65576171875,26295232,56.67726557562589,18.77638749459129,-2.711677175288182,4544.808803525473,4250.5933449120275,72.64356584552169,80.95247755139206
2017-03-29,4505.894655492171,4568.767988265508,4490.176664480291,4547.81005859375,52465451,60.16091311298103,25.391700544259947,2.9089983686214436,4562.548348870017,4259.050869879982,73.0684056983571,91.30423649271442
2017-03-30,4684.035120357136,4770.485674115776,4636.880687617852,4707.61279296875,48100344,69.19987319602463,43.033070484379095,10.933812791772976,4627.534818644014,4224.714937215361,83.75463497147634,85.79884607484695
2017-03-31,4715.470846065999,4841.217045538919,4715.470846065999,4801.92138671875,20157125,73.08148372464763,63.88744392197168,21.524539017812717,4704.503714224893,4198.306295540731,87.3153219428115,92.3469221935432
2017-04-03,4825.49871974564,5029.835785708234,4817.639496537407,5021.9765625,26695689,79.55580752317772,97.0525374875715,36.630138711764474,4838.18135846938,4135.098719655621,97.35811316043095,98.88058154326399
2017-04-04,5029.835839147764,5234.172907281339,5021.976615856031,5076.99072265625,45773516,80.79915151795655,126.31916730228386,54.567944429868355,4954.554184132089,4094.6973783679105,105.5608439904958,82.65897407355757
2017-04-05,5029.835829505086,5037.695052781753,4935.526518910832,4943.3857421875,27272611,69.71108051794431,137.15138119605126,71.08463178310494,5012.9426602857975,4098.395913932952,108.12536968727593,67.9190884068926
2017-04-07,4919.808242513034,5037.695227014506,4880.513037254478,5006.2587890625,25727436,71.68059791050378,149.09069347098466,86.68584412068088,5078.834677501883,4093.019033435616,111.62942826390105,73.95212678589739
2017-04-10,5029.835785708234,5037.695008916468,4966.962912526192,5021.9765625,25669595,72.1678282636291,157.99965574441194,100.9486064454271,5138.621342572065,4094.2714796935597,108.70819027292788,73.52937239825931
2017-04-11,5029.836155392298,5037.695379178171,4990.540492704881,5014.1181640625,18660636,71.50543332924792,162.55216527707398,113.26931821175648,5188.147584895198,4104.998508854802,104.31152571581086,72.54906927946847
2017-04-12,4998.399327077406,5006.2585502509855,4935.526454172594,4966.962890625,25152654,67.50166658522083,160.50482568768348,122.71641970694188,5221.829453869983,4127.378358630018,102.47439601396054,66.22517977893354
2017-04-13,4951.24462890625,4990.540289997543,4935.52663821489,4951.24462890625,17888791,66.17163930023202,155.8177914484877,129.33669405525106,5243.139345507859,4165.797715039017,99.08434285458145,63.26527848949913
2017-04-14,4911.949163702347,4943.385599660728,4794.062186676987,4856.93505859375,20870177,58.69840972163644,142.8466417324671,132.0386835906943,5248.4264994291325,4208.189174398992,103.23420709563014,51.02035259838069
2017-04-17,4864.794599589635,4880.51304671708,4770.485285550766,4794.0625,26588152,54.29596381399109,126.04070332944593,130.83908753844463,5236.769994629118,4266.476440917757,103.71946095782185,42.85713206822172
2017-04-18,4817.639474456372,4825.498697628584,4723.330165115563,4754.7666015625,31457477,51.68670412618649,108.30258073571713,126.33178617789913,5223.629089296026,4316.555188047723,103.60868035462174,35.563343181151396
2017-04-19,4786.203113122075,4872.653656889301,4762.62589947734,4864.79443359375,24771487,57.80155932722613,101.94812278887002,121.45505350009333,5224.266866343751,4353.379178578125,104.62856428120594,38.157829362703566
2017-04-20,4864.794941965733,4872.654166082575,4786.20361328125,4786.20361328125,12881967,52.67336444822359,89.53840371397382,115.07172354286944,5209.960656272681,4402.003552711693,103.33013488978588,13.636492411370348
2017-04-21,4778.344845406375,4817.64005350665,4746.907948939008,4786.20361328125,11669748,52.67336444822359,78.79530866994992,107.81644056828553,5195.311578761827,4447.3032649881725,101.00170415248988,12.307789261941457
2017-04-24,4794.062172888396,4801.921395915863,4699.752865284502,4723.330078125,15029923,48.667217228171765,64.4648489657875,99.14612224778594,5180.014777459131,4483.819646368993,101.0850489009807,4.411738143727292
2017-04-25,4715.471597064405,4746.908037878809,4660.4579396996905,4684.03515625,18983367,46.29723996317327,49.36800102559391,89.19049800334753,5162.738824802875,4518.385686915875,100.03969527799057,6.249967283974856
2017-04-26,4668.31641520791,4668.31641520791,4511.133780104589,4589.72509765625,27193607,41.121389556097164,29.454078437900534,77.24321409025812,5149.378892270311,4540.652553042189,105.24410105423487,14.925379611793229
2017-04-27,4605.443447695287,4668.316317929713,4511.133686101757,4636.8798828125,38087648,44.46449285485283,17.277978606012766,65.25016699340905,5137.700885939104,4561.23754179527,108.95399610950062,23.880619947128366
2017-04-28,4636.8798828125,4636.8798828125,4636.8798828125,4636.8798828125,0,44.46449285485283,7.541399209450901,53.70841343661743,5143.09066274499,4548.77447397376,101.17156781596486,23.880619947128366
2017-05-03,4621.162212931859,4636.880661250219,4574.00732421875,4574.00732421875,13766937,40.875595271337794,-5.1883915925927795,41.929052430775386,5155.341132605586,4513.732597863164,98.43597990278661,12.698541856714964
2017-05-04,4581.865874652704,4621.161533428533,4574.006651649157,4589.72509765625,15206358,42.13305150019925,-13.848907968495041,30.773460350921304,5138.760912439894,4487.08767154448,94.77304432254303,16.393477043461242
2017-05-05,4589.72509765625,4605.443543663343,4589.72509765625,4589.72509765625,14834584,42.13305150019925,-20.476390508379154,20.523490179061213,5103.9623595364665,4473.159661947908,89.12628730001089,18.181853934990357
2017-05-08,4589.724945399079,4605.443390884736,4574.006499913422,4581.86572265625,19716037,41.61972737022089,-26.06247209366211,11.20629772451655,5089.93781818213,4451.03220134912,85.00561613367539,19.14888705115125
2017-05-09,4597.584311837612,4684.03439598503,4574.006642872216,4668.31640625,25354770,48.982672652223904,-23.24567268327155,4.315903642958929,5055.817101536891,4451.358679713109,86.7929116321853,43.47823397351732
2017-05-10,4715.47119140625,4754.766853104259,4699.753200472208,4715.47119140625,23248486,52.50157100539222,-17.01223532439508,0.050275849488127466,5013.025671031281,4463.499573109344,86.76844986233343,56.52169562159657
2017-05-11,4731.189604593471,4778.34448954071,4731.189604593471,4739.048828125,23695815,54.202514313311205,-10.053779361109264,-1.970535192631351,4966.7448661426815,4482.2734444041935,85.06165331034248,63.04349397725293
2017-05-12,4739.048500662388,4746.907267408952,4636.879970538039,4668.31640625,17994783,48.58185076906358,-10.129897039604657,-3.6024075620260128,4924.119423229891,4495.034238879483,86.84491356466897,51.28204072204665
2017-05-15,4668.316317929713,4676.175540769488,4629.020659972724,4636.8798828125,20367147,46.284615462754694,-12.58184983070987,-5.398296015762785,4877.72109982047,4509.99608767953,84.00991122410431,43.24329827802196
2017-05-16,4636.880386958845,4644.739154411176,4558.2890625,4558.2890625,33789121,41.05767265262144,-20.628865748034514,-8.444409962217131,4855.383501088818,4502.469086801808,84.18420984460944,17.647256694475676
2017-05-17,4558.289213545301,4621.162092698981,4558.289213545301,4566.1484375,14926428,41.765926804373755,-26.071462369892288,-11.969820443752162,4842.107795120891,4492.9533865197345,82.66198272706454,20.588520632479423
2017-05-18,4558.288581795828,4589.72501701578,4479.697265625,4479.697265625,23284272,36.56170449456692,-36.934884119269555,-16.962833178855643,4842.208197975938,4465.346050070938,84.61668048875853,0.0
2017-05-19,4511.13427734375,4526.852725083407,4463.979846608685,4511.13427734375,15316214,39.513247016549236,-42.51740581863396,-22.073747706811307,4806.678055858128,4465.510176563747,83.0635517734702,14.999915478809491
2017-05-22,4511.1343609611895,4605.444136663331,4511.1343609611895,4542.57080078125,14069041,42.39929327968335,-43.898890684163234,-26.438776302281692,4783.824019728854,4464.000931443021,83.86685945533524,24.99993429272474
2017-05-23,4574.007205212743,4574.007205212743,4542.570765635902,4566.1484375,19990855,44.53675685003305,-42.600141245868144,-29.671049290998987,4755.105016863898,4470.714416729852,80.12182946401427,32.50002606476546
2017-05-24,4558.289080778373,4629.021181826575,4550.429857052585,4613.302734375,19554523,48.64152572090064,-37.33553448514431,-31.203946329828053,4739.791238004176,4475.0254612145745,80.0125077004411,47.49989896242976
2017-05-25,4621.161958100788,4660.457620487783,4597.584743165368,4613.302734375,12371566,48.64152572090064,-32.785366402124964,-31.520230344287437,4731.322656875833,4476.420800155418,78.78824838772493,47.49989896242976
2017-05-26,4605.443543663343,4621.161533428533,4574.006651649157,4589.72509765625,10974292,46.6398710537951,-30.72763460635906,-31.361711196701766,4731.322656875833,4476.420800155418,76.52872220141433,39.99980719038904
2017-05-29,4605.444282334976,4699.75360477819,4605.444282334976,4684.03515625,27415340,54.674518377538035,-21.24196958389166,-29.33776287413975,4737.925487266929,4474.533497108071,78.92156398145185,70.00001895534335
2017-05-30,4691.89405914899,4691.89405914899,4613.302734375,4613.302734375,20144879,48.746146546266,-19.210579421458533,-27.31232618360351,4736.011462201658,4474.089807329591,78.89797546663314,47.49989896242976
2017-05-31,4605.443610888911,4856.935100738197,4605.443610888911,4778.34423828125,49584885,59.72079636680802,-4.234406425077395,-22.696742231898288,4766.365436984426,4464.1695239530745,91.22608363682264,80.00004793648974
2017-06-01,4825.499346187897,4825.499346187897,4739.049248400189,4762.62646484375,23282370,58.437467188848245,6.2934783141117805,-16.898698122696278,4788.0773101073055,4459.747787548945,90.88494179045729,76.00015907578
2017-06-02,4762.626076692248,4770.485300280237,4691.893976884218,4715.47119140625,21157360,54.64365240304596,10.708426273571604,-11.377273243442701,4798.4330414462875,4461.966665584963,90.00682619085457,63.999995458688296
2017-06-05,4715.4715609306495,4754.767225708034,4691.894344561008,4707.61279296875,27379435,54.01431710551931,13.418516950230696,-6.418115204708023,4806.504162798964,4466.470251263537,88.0686872591525,62.00017528707406
2017-06-06,4699.753185961132,4794.0625,4684.034738833686,4794.0625,42337905,59.535484112369424,22.285162719904292,-0.6774596197855605,4826.4954992354815,4459.053524202018,89.63719253823547,84.0000610559401
2017-06-07,4817.639390387217,4951.244357015729,4817.639390387217,4935.5263671875,48812505,66.60186635175316,40.26286989093205,7.510606282357962,4877.7727044746625,4429.781836540962,94.46181142948502,96.77423873634898
2017-06-08,4951.24462890625,4982.681522772828,4904.090200590242,4951.24462890625,32010502,67.28547426076017,55.14301040544524,17.037087106975417,4922.840159808867,4405.933961284883,93.32820505470657,93.3332450256299
2017-06-09,4943.3857421875,4982.681402328918,4919.8080723574985,4943.3857421875,23477590,66.55199614137172,65.54591004004396,26.738851693589126,4965.169661783559,4391.111392903942,91.15285683447179,91.07138829303761
2017-06-12,4927.667153560585,4935.526376610656,4841.217068735512,4856.93505859375,26155445,58.94047337305845,66.05301721591059,34.60168479805342,4986.208233375128,4392.0783388904965,91.9397008785801,70.90896943808134
2017-06-13,4841.217059492416,4935.5263671875,4833.35783645735,4935.5263671875,22231487,63.07496530262022,71.96697460942869,42.074742760328476,5017.722310712169,4398.287992022207,92.6703315822637,88.46144969577576
2017-06-14,4959.10381879813,4990.540256209944,4927.667381386317,4974.822265625,28568351,64.97409639673307,78.91499609384482,49.442793427031745,5052.349078736362,4404.528606810513,90.54194181378966,96.2264771886729
2017-06-15,4974.822453684797,5124.145422975184,4974.822453684797,5092.708984375,69752116,69.96485048337301,92.86335520734428,58.12690578309426,5099.488865924057,4418.6899914978185,94.74060006638928,93.93940065993914
2017-06-16,5305.372278626065,5322.161525253759,5145.875120025863,5179.45361328125,52978042,73.0121018629014,109.65308439468936,68.43214150541328,5160.510742694889,4424.500048320737,104.36288155298708,80.08869192296166
2017-06-19,5204.637181966948,5221.426428358722,5103.902159858226,5120.69140625,25487082,67.98053496956061,116.87023935784055,78.11976107589874,5197.488203548264,4445.334648014235,105.30298062066629,71.88990048026068
2017-06-20,5103.902365433135,5187.84814453125,5103.902365433135,5187.84814453125,18702581,70.48400293020084,126.5500836008896,87.80582558089691,5242.260557781326,4462.7322644843,103.77746622619834,78.9519287419332
2017-06-21,5171.058995562335,5171.058995562335,5095.508066685933,5137.48095703125,21532198,66.29735031934283,128.67394565910945,95.97944959653941,5271.231784934998,4486.178859596252,102.96050991327824,71.05895377647803
2017-06-22,5129.085571222859,5179.453308138571,5120.691176524522,5162.6640625,11817013,67.34186375269213,130.88047909642864,102.95965549651727,5297.384733507701,4514.962043836049,99.8034828919047,75.00536474130034
2017-06-23,5171.05859375,5171.05859375,5120.691311746142,5171.05859375,16863773,67.70120588530747,131.78737839522273,108.72520007625837,5313.629231524976,4556.85089542815,96.27232568561567,76.3208605688762
2017-06-26,5154.269971460672,5196.242859908944,5129.085873398169,5179.45361328125,13976277,68.07947141139113,131.6657497355718,113.31331000812106,5333.997082881657,4586.024889774593,94.19265860169855,71.71424163376733
2017-06-27,5179.453983939623,5179.453983939623,5137.481092487636,5145.87548828125,14880654,64.8100405201073,127.39139537561095,116.12892708161904,5331.380233201023,4641.8990148458515,90.46267523386204,63.93520732084057
2017-06-28,5145.875168018147,5162.664414802423,5129.085921233871,5154.27001953125,10899557,65.25922034282934,123.26043766765724,117.55522919882668,5343.2823086729295,4667.5895174989455,86.39951940062564,65.6525698208393
2017-06-29,5145.875505871572,5280.189032722233,5145.875505871572,5229.8212890625,25122994,69.08406544249365,124.64613688850386,118.97341073676212,5360.504057284693,4697.087251309057,89.82194850419954,81.10893221394672
2017-06-30,5271.7937850751605,5372.52880859375,5238.215748063581,5372.52880859375,40805678,74.74099003491526,135.6954055068909,122.31780969078788,5392.8469122220795,4730.45015809042,93.599489291846,100.0
2017-07-03,5372.528381439885,5708.311462310115,5372.528381439885,5540.419921875,44406937,79.49467326874475,156.1988767886687,129.09402311036405,5455.796026851163,4750.781756351962,110.89831726173053,78.49320265947122
2017-07-04,5540.419921875,5632.760086617557,5515.236282058111,5540.419921875,26729279,79.49467326874473,170.482805835205,137.37177965533226,5512.755908861918,4768.457616528707,111.37156635442449,77.11055810505302
2017-07-05,5582.392991720266,5582.392991720266,5490.052823921922,5523.630859375,16714008,77.79665276590883,178.3917959048822,145.57578290524225,5566.100051288239,4773.9239233211365,110.01218074327586,69.86299288583332
2017-07-06,5540.420314453588,5624.366090619306,5523.63106797206,5590.78759765625,31301200,79.66752046699264,187.91257584054256,154.0431414923023,5625.9924947819745,4777.9857767024005,109.34954149334948,80.82192992188651
2017-07-07,5624.365692092557,5632.760086617557,5532.025071108111,5540.419921875,29413082,74.59108849598171,189.21248825384555,161.07701084461095,5663.18799311893,4800.493696334196,108.73421820878498,72.60270722486683
2017-07-10,5540.420226441427,5590.787508843981,5532.025375213058,5557.20947265625,29947193,75.15930374348997,189.41400786215854,166.74441024812046,5683.502316272186,4850.206814587189,105.16478359608057,75.34250124381947
2017-07-11,5573.998140675568,5573.998140675568,5406.107050926373,5523.630859375,31783274,71.70557587777176,184.73469358569855,170.3424669156361,5697.164096729865,4895.35548334826,109.64523403558876,68.5714384948072
2017-07-12,5540.419921875,5573.997956216889,5490.052642241221,5540.419921875,19644080,72.38876289406537,180.3026239265264,172.33449831781417,5709.449040796055,4939.63030490707,107.80952545988013,71.42855971260015
2017-07-13,5540.419921875,5540.419921875,5540.419921875,5540.419921875,0,72.38876289406537,174.77547392089036,172.8226934384294,5727.111839246734,4966.73860020639,100.1088450698887,71.01448146472728
2017-07-14,5699.917225567815,5783.863004828447,5657.9443359375,5657.9443359375,21200834,76.91414908474951,177.82850938105003,173.82385662695353,5766.56691827537,4975.132593443381,110.34700491871428,80.76923092670224
2017-07-17,5666.339126189144,5666.339126189144,5456.474680312365,5515.23681640625,28136157,63.339004561974285,166.80987737861324,172.42106077728548,5772.896117217393,5008.257935516982,117.45539355857602,58.97440592338683
2017-07-18,5338.95045033654,5397.712586895022,5288.583165424661,5380.92333984375,42541304,53.72748320020771,145.56161340729068,167.04917130328653,5770.558594522339,5029.902977743286,125.25526908879121,36.842075174903385
2017-07-19,5380.923082814804,5431.290821562719,5338.9501953125,5338.9501953125,22049947,51.11698881151097,123.90700630581432,158.4207383037921,5760.9776160378115,5059.630880055938,122.90422317175037,18.461459486880287
2017-07-20,5271.794198109342,5330.556337785905,5171.05916669837,5313.76708984375,32570055,49.561061418953244,103.52019168685638,147.44062898040497,5752.198734602803,5083.520064225323,126.11756641763463,23.28770060919365
2017-07-21,5296.977587897129,5322.161686723696,5255.004698175435,5271.7939453125,25473335,46.993567713552466,83.0196138126812,134.5564259468602,5744.368227220845,5101.424106763529,121.90609656982225,16.438340027620306
2017-07-24,5229.821172903199,5338.950597379145,5221.4267772673375,5305.37255859375,16949870,49.25826437737893,68.69045085321159,121.38323092813049,5735.147081255668,5123.237147259956,121.59307682282119,21.9178444288513
2017-07-25,5280.1886365095,5406.107301847255,5280.1886365095,5372.52880859375,12814722,53.53412869098995,62.03829524846151,109.5142437921967,5717.734156574659,5163.315403972216,121.9020474310308,32.87669387159012
2017-07-26,5406.107230919957,5523.63104328148,5380.923133189277,5506.841796875,15473815,60.6721113215871,66.83392972018555,100.97818097779447,5701.487554639381,5214.819183641868,123.98777509222359,54.79447243692934
2017-07-27,5515.236607007429,5515.236607007429,5439.685226863499,5448.080078125,8304912,56.57720428478074,65.14200845478172,93.81094647319192,5687.596728084138,5250.535889103363,120.52803259591684,45.20547917453287
2017-07-28,5422.895980582412,5498.447360726343,5422.895980582412,5448.080078125,8626814,56.577204284780734,63.07407004508059,87.66357118756966,5686.9143810641635,5258.7733630764615,117.31541456363207,45.20547917453287
2017-07-31,5389.31795967745,5439.685242422859,5347.345071975636,5422.89599609375,17135866,54.7408049786264,58.72611095755019,81.87607914156577,5679.675551838643,5254.259799723858,116.13109967689867,41.09583095364423
2017-08-01,5372.528949430106,5523.63126054805,5372.528949430106,5490.05322265625,21106611,58.599842006670045,60.0076185098269,77.502387015218,5674.673738397265,5254.22494324336,118.62904335125904,52.05483975610622
2017-08-02,5456.474488751968,5481.658130124673,5414.501601050154,5422.89599609375,12010244,53.671503135520155,54.97052950437592,72.9960155130496,5668.490656629612,5250.334538682888,115.55208465517597,41.09583095364423
2017-08-03,5422.89599609375,5456.474488751968,5397.712354721045,5422.89599609375,7447673,53.671503135520155,50.39764746871606,68.47634190418289,5651.178194018599,5250.857841137651,111.4956596105865,50.847369163555115
2017-08-04,5406.107301847255,5422.896092232082,5364.134413401337,5372.52880859375,8838968,50.012937935031886,42.222677669054065,63.22560905715713,5641.0716209907405,5244.175302837384,107.72894669774068,57.142821400175016
2017-08-07,5372.5285781978,5431.290710750511,5355.739332291038,5414.50146484375,8278198,52.89458827418321,38.684862767107916,58.31745979914729,5626.719833454836,5244.25628959204,105.4305489664358,69.04752315683055
2017-08-08,5431.290847379263,5448.080093708372,5406.107206006559,5422.89599609375,7951787,53.47229835892336,36.14186654459081,53.882341148235994,5617.161105544433,5243.741531174318,100.89785887610563,71.42846350816166
2017-08-09,5389.3181036669785,5422.896140980402,5330.555968066074,5347.34521484375,13285833,47.79141085652965,27.71077451504334,48.648027821597466,5603.48928509425,5238.105880921375,100.28659559312159,41.666634528200944
2017-08-10,5338.950315340245,5372.52880859375,5330.555920147832,5372.52880859375,10534077,49.70936358024035,22.79837342904466,43.4780969430869,5587.210123962807,5237.595930724693,96.12133079689278,49.9999304067427
2017-08-11,5364.134554017641,5498.447618068715,5364.134554017641,5490.05322265625,16247238,57.547217644294946,28.064982549797605,40.395474064429045,5541.258050104903,5266.758893254471,98.84931174362005,86.20700133166385
2017-08-14,5490.0527010313845,5708.3115234375,5481.657850174599,5708.3115234375,35736211,67.63530649149357,49.28233297681345,42.17284584690593,5601.639015628128,5225.685398434372,107.97819470928297,100.0
2017-08-15,5775.468018620589,5775.468018620589,5607.576477273125,5624.36572265625,25454302,61.57467653261943,58.64746008122165,45.467768693769074,5635.196018286043,5216.472634057706,112.257719469153,66.03771925217919
2017-08-16,5624.366005623073,5750.28466796875,5590.78751316746,5750.28466796875,40785865,66.4334611951409,75.36127940355072,51.44647083572541,5696.648456130365,5196.15364347901,115.63196485001994,94.33970199095837
2017-08-17,5750.284828626876,5750.284828626876,5649.5498046875,5649.5498046875,17255410,59.90722578110062,79.5615045435834,57.06947757729701,5720.914243802003,5205.466127291747,114.56789764211682,71.69818164861637
2017-08-18,5624.365979930675,5708.311754444325,5599.182338824963,5666.3388671875,16869561,60.60190201253685,83.2848938465304,62.312560831143685,5739.353166802966,5226.481696478284,114.17943464049146,75.47175008103967
2017-08-21,5657.94403746136,5666.338888689728,5548.814621427881,5557.20947265625,18231748,54.04670785619032,76.54748483242656,65.15954563140026,5739.676020897154,5251.342533790346,114.41835125630257,50.943445522485995
2017-08-22,5523.630933274814,5615.971102308563,5506.841687202703,5582.39306640625,16566191,55.24968140678236,72.40549966659,66.60873643843821,5745.9169883353825,5266.087992133367,114.04057010269955,56.60379817112094
2017-08-23,5548.814346553135,5624.36572265625,5532.02510117001,5624.36572265625,1159244959,57.25797841314261,71.68346677692807,67.62368250613619,5757.567255797929,5266.190117248947,112.49057377295243,66.03771925217919
2017-08-24,5590.787803777383,5683.12843470924,5590.787803777383,5657.9443359375,1860290550,58.8490603715513,72.9795017060178,68.69484634611251,5774.43137788461,5270.3124209435155,111.05129214144563,73.584965864828
2017-08-25,5641.155663105343,5699.917344823669,5632.760811258477,5691.52294921875,31493206,60.43516395261996,75.84187427168854,70.12425193122772,5794.874193527723,5274.213892409776,107.9159522431418,81.13221247747686
2017-08-28,5708.312216204991,5775.46875,5691.522968695752,5775.46875,29281238,64.15482523701692,83.9167101131352,72.88274356760923,5827.960562682878,5276.384798645247,106.20379856729238,100.0
2017-08-29,5758.679637516626,5842.625420789182,5750.285241686154,5783.86328125,28594913,64.51410433573145,89.95648188220912,76.2974912305292,5859.5047031810245,5274.221664006476,105.2135400341306,88.52457733460322
2017-08-30,5783.863030827319,5876.203662174254,5783.863030827319,5851.02001953125,19904485,67.33484884046273,99.02058439172924,80.84210986276922,5898.664575160502,5277.874194370747,104.29404655647377,95.0819836147387
2017-08-31,5842.625254092506,5934.965886802911,5842.625254092506,5884.59814453125,21808408,68.67558250174184,107.67224636480933,86.20813716317724,5938.203406273477,5284.505578101523,103.44023128175458,88.88884859701709
2017-09-01,5884.597824405018,5909.781466049868,5851.019787625861,5892.99267578125,15693815,69.01795012014085,113.89322907745282,91.74515554603236,5967.028773021493,5307.726598072257,100.24890607762977,90.19601997250881
2017-09-04,5892.99267578125,5892.99267578125,5892.99267578125,5892.99267578125,0,69.01795012014085,117.46928984573515,96.88998240597293,5992.297319686627,5330.307172500873,93.08826992922765,90.19601997250881
2017-09-05,5892.993064946613,5951.754747251163,5867.808965396717,5943.3603515625,18066512,71.20777662689517,122.95029974251429,102.1020458732812,6021.225649577943,5353.425278156433,92.43523506674326,98.11325033080644
2017-09-06,5943.360188139902,6044.09521484375,5943.360188139902,6044.09521484375,33846424,75.0118298759387,133.87922479812642,108.45748165825026,6052.075039536736,5392.250888197639,93.02807732653648,100.0
2017-09-07,6060.883984165508,6060.883984165508,5926.570919866872,5960.1494140625,29523054,67.06046302876524,134.21955263067775,113.60989585273578,6053.86066432501,5449.22732395624,95.97700496740075,81.81825274798997
2017-09-08,5960.149751736139,6052.489931642763,5918.176859734589,6035.70068359375,23333328,70.12937104358215,138.98350559450682,118.68461780109,6080.264689794687,5477.388044580313,98.71529546317024,95.45462490683293
2017-09-11,6027.305825102076,6044.095071862535,5926.57080078125,5926.57080078125,16459892,61.2521983718421,132.42657204443458,121.43300864975893,6096.190414112132,5483.288247997243,100.05879372160703,74.60320934319988
2017-09-12,5926.5712389309565,5951.7548828125,5859.414703166185,5951.7548828125,17572137,62.433979458070446,127.78922527072427,122.70425197395201,6110.333321969197,5501.884256155804,99.50746414480045,76.7857928003355
2017-09-13,5993.727220710111,6195.197265625,5976.938430502138,6195.197265625,32932752,71.4869070305841,142.11959408809253,126.58732039678011,6177.187312018346,5479.521525872278,109.78852976392184,100.0
2017-09-14,6211.986882982055,6262.3541690971615,6128.041101962244,6161.619140625,16581051,69.01637255782154,149.04889764485688,131.0796358463955,6222.163884727615,5485.75188675676,111.54028243327866,82.35292177419097
2017-09-15,6128.041036286113,6220.381211921486,6111.251789013697,6211.98681640625,23599911,70.65463715925381,156.7972104921664,136.22315077554967,6271.134090302003,5491.346476104247,111.368078181458,90.16395059439242
2017-09-18,6262.354073868808,6379.878348006191,6253.959678391256,6321.1162109375,25802306,73.87749483744894,169.78644193922264,142.93580900828425,6325.027792584923,5513.843447649452,115.40546771134966,90.1408344089493
2017-09-19,6363.089170587591,6489.007841583367,6337.905527636825,6379.87841796875,28467910,75.44152144907525,182.71588546360636,150.89182429934868,6381.836010718869,5536.783764671756,119.15447934952947,83.11689922863836
2017-09-20,6388.272508937478,6413.456150687456,6329.510374026247,6363.0888671875,17070917,74.07682107021003,189.42422166154302,158.59830377178756,6424.602467689545,5567.889622154205,116.63957201464947,80.2631140795226
2017-09-21,6379.878397583118,6396.667188668686,6262.354122532474,6295.9326171875,23937062,68.72188853487003,187.16416629911055,164.31147627725215,6445.300323915336,5610.9905940534145,117.90196445190395,69.333334082823
2017-09-22,6287.537851415507,6413.456523731486,6270.748603858319,6329.5107421875,18410620,69.8937675181002,185.93913954735763,168.63700893127327,6466.24450397079,5653.845193294835,119.67381841056562,74.66663950676974
2017-09-25,6337.90550738531,6337.90550738531,6279.143369859988,6295.9326171875,11389368,67.18303572253294,180.18179933390547,170.94596701179972,6482.062888203343,5690.073195781031,115.32298406161965,69.333334082823
2017-09-26,6279.14306640625,6312.721103196596,6220.380931720741,6279.14306640625,20402087,65.80868173074825,172.27837147661376,171.21244790476254,6488.78824033431,5732.87582216569,113.68135459120793,66.66660381580336
2017-09-27,6279.143455757889,6354.694385402306,6279.143455757889,6329.5107421875,11211386,67.92830379428862,168.14087510970057,170.59813334575014,6503.941212251134,5765.57192251449,110.95778062012563,74.66663950676974
2017-09-28,6337.90576171875,6413.456693361419,6329.510909597145,6337.90576171875,16412809,68.28125370996926,163.65279974085297,169.2090666247707,6517.488653575886,5797.355242908489,109.02836423111086,76.00004341780271
2017-09-29,6337.905746097687,6539.3753528902025,6337.905746097687,6530.98095703125,33899685,75.07507930067341,173.6735220865903,170.10195771713464,6563.515287243275,5815.1274373661,115.63131012835402,98.76545858023407
2017-10-02,6539.374815918758,6572.953309081242,6489.0075324169575,6556.1640625,24095454,75.8030704923346,181.5542386388879,172.39241390148533,6603.5789671905795,5841.380896090671,113.36805773806334,97.18308264027445
2017-10-03,6547.76990060879,6589.742334194366,6447.034873774361,6514.19140625,19480068,72.02708735686994,182.311348958905,174.37620091296927,6629.5974019640225,5872.4455667859775,115.46372935820204,84.21057036438636
2017-10-04,6530.98026381063,6656.89892578125,6497.401771455033,6656.89892578125,14311592,76.34212062043375,192.21097998182358,177.94315672674014,6687.905126241174,5875.418213602576,118.60897399877456,100.0
2017-10-05,6656.899322911946,6698.872212739463,6514.19140625,6514.19140625,29726358,65.46658126271313,186.3925870031917,179.63304278203046,6698.495627501319,5920.231911561181,123.32839060525231,61.403516884096184
2017-10-06,6514.191541856526,6581.3480757301695,6463.824255511781,6522.5859375,17353807,65.7754391843547,180.37953417659173,179.7823410609427,6711.508163039076,5955.90790141405,122.91377843476202,63.15789185037097
2017-10-09,6547.769873153672,6623.32080078125,6514.191378935679,6623.32080078125,12131235,69.321318096743,181.64867522460736,180.15560789367566,6715.509283360743,6021.581781092382,121.92918153553413,84.2104934916762
2017-10-10,6623.32056884951,6665.29345703125,6606.53132232843,6665.29345703125,11057948,70.68420263561484,183.92119221123448,180.90872475718743,6715.657604966329,6092.787316908671,117.41724961891168,92.98236832305014
2017-10-11,6665.293014990486,6673.68740957335,6614.925735009514,6640.109375,16275733,68.71178907776772,181.5966996346042,181.04631973267078,6738.59659834691,6114.33953446559,113.2275656864063,87.71914137821797
2017-10-12,6648.504579484088,6715.661113053492,6598.137293367522,6631.71533203125,36213611,68.0303794659064,177.03642766811663,180.24434131975997,6748.635513410287,6151.310238542837,113.53444097208941,83.05084996610364
2017-10-13,6623.321273576633,6640.110521884104,6530.9810922485,6539.37548828125,19368426,60.87815535991323,164.079914487329,177.01145595327378,6745.322900352698,6187.361718787928,113.21979730519757,64.40688898597267
2017-10-16,6547.769979296451,6547.769979296451,6346.299923206431,6379.87841796875,30485034,50.92007716837522,139.3355305801615,169.47627087865135,6743.009460988763,6195.551378854988,119.52338721839918,23.076950159348332
2017-10-17,6363.0892096875605,6547.77001953125,6363.0892096875605,6547.77001953125,23424879,58.59729269494067,131.75409795041196,161.93183629300347,6750.15467087318,6205.19532912682,124.17748883449136,56.52181663521474
2017-10-18,6547.770187498116,6598.137475001194,6413.456660419975,6447.03515625,18131404,53.218351548066416,116.27692832973571,152.80085470034993,6749.46235110807,6214.28227779818,128.49915495925757,28.888910575049536
2017-10-19,6379.878298822731,6455.429226264094,6337.905409274661,6346.2998046875,21411317,48.43065744676419,94.78997903413801,141.19867956710755,6745.481713954104,6223.299633702146,127.71520224712724,2.2221756889086617
2017-10-20,6346.299733613845,6371.483375812261,6195.1974241814105,6287.53759765625,28574933,45.8399973487278,72.18766345208405,127.39647634410287,6749.234066883739,6215.349966319387,131.18454148882176,17.741905045278706
2017-10-23,6228.775390625,6295.932377377058,6153.224464891825,6228.775390625,19751158,43.343132418680064,48.9690616408343,111.71099340344917,6757.196101433842,6200.672209113033,132.0076394171369,13.432788560296425
2017-10-24,6287.537765402772,6295.9326171875,6220.381232334666,6295.9326171875,14118751,46.902738387248014,35.57706904565748,96.48420853189083,6755.588259742273,6203.959005882727,127.975049805401,25.37319585452315
2017-10-25,6279.142898028917,6329.510179984783,6270.748046875,6270.748046875,10380750,45.742113001617646,22.670304918574402,81.72142780922755,6760.529262367882,6193.141733725867,123.03127004142826,20.89543460002166
2017-10-26,6270.748497496791,6270.748497496791,6161.619074589002,6211.98681640625,16645498,43.0644623502956,7.612311164309176,66.89960448024388,6772.233294095334,6168.845807467166,122.03828096045406,10.447816959739505
2017-10-27,6220.381317428708,6329.5107421875,6195.197674213902,6329.5107421875,12839767,49.43932259706717,5.103115707885081,54.540306725772126,6767.076454246113,6153.855625832011,122.91505146139289,31.34331268630334
2017-10-30,6346.299258588976,6346.299258588976,6178.40771484375,6178.40771484375,17712051,42.80345613132554,-8.974736084062897,41.83729816380512,6769.188722576462,6113.967722736037,126.12765805309526,4.477526497292967
2017-10-31,6178.408321861418,6279.143349253971,6094.462541741281,6211.98681640625,20016684,44.58355601006334,-17.223441083205216,30.025150314403053,6767.575846785778,6085.360139542347,130.31002587163775,18.918954436213937
2017-11-01,6178.40834733668,6195.197594678322,5985.333143512652,5993.7275390625,31699404,36.60833262312154,-40.90081964746787,15.839956322028868,6767.435850127139,6019.18299752911,137.19171494463492,1.282022841217632
2017-11-02,5993.727307759735,6077.673084986467,5842.625,5842.625,25838982,32.300479798330585,-71.03912996180588,-1.535860934738082,6802.438343748654,5917.023863282597,144.18145566190864,0.0
2017-11-03,5876.203739796449,6077.67333984375,5842.625245000925,6077.67333984375,22044604,43.44844424704386,-75.09190859704995,-16.247070467200455,6790.333444346554,5884.637502919071,150.67194738918303,31.11111300225435
2017-11-06,6128.040736067344,6220.380907178881,6111.25148961745,6195.197265625,16204997,48.05432961758744,-68.0362862848815,-26.604913630736664,6752.202942688085,5879.955651061915,150.1030630996079,46.66663718880922
2017-11-07,6211.986512074895,6211.986512074895,6144.829526275317,6195.197265625,14460021,48.05432961758745,-61.733034772102656,-33.63053785900986,6699.121080204838,5886.027894404538,144.17834329246287,57.53424185313233
2017-11-08,6195.197218014657,6262.353747056212,6153.224330333444,6220.380859375,25747097,49.08489603103282,-54.08213183733642,-37.720856654675174,6644.543102796085,5898.63302025079,141.67484853748468,71.4285481051167
2017-11-09,6245.564500735344,6253.959352016736,6203.591613054132,6220.380859375,16608767,49.08489603103282,-47.471514075485175,-39.670988138837174,6583.531463583516,5918.511212197734,135.15291213927895,75.00003284528943
2017-11-10,6245.56462121292,6253.95947265625,6195.197337520643,6253.95947265625,15003483,50.600425061411386,-39.07263341256112,-39.551317193581966,6540.399078409163,5933.101995809587,129.69642806758813,81.66676490646705
2017-11-13,6253.959635626508,6253.959635626508,6094.4624727081255,6153.224609375,14146355,46.16129996858066,-40.08287117871805,-39.657627990609186,6523.440794184057,5927.394899175318,131.82505198550206,61.66676261064696
2017-11-14,6178.408043551366,6346.299596228865,6144.829550519097,6279.14306640625,17937784,51.847900501925196,-30.372805948241876,-37.800663582135726,6470.423672812531,5953.549325234344,136.7996943943782,86.66668314712864
2017-11-15,6295.932902772696,6530.981007293884,6287.538050607174,6505.79736328125,32967592,60.03135744726259,-4.3383914904816265,-31.108209163804908,6485.656842062032,5944.192376687967,145.01671200103937,96.34147973638841
2017-11-16,6497.402208031984,6581.347988319594,6463.824169662106,6489.0078125,21279473,59.22836561878976,14.769044748752094,-21.93275838129351,6514.0584254577125,5930.061594073538,143.05293390507143,87.5000267651553
2017-11-17,6480.613077156986,6497.402324764534,6371.483652070859,6413.45654296875,15720696,55.622801726454995,23.544068224305192,-12.83739306017377,6531.515510127268,5925.196403935232,141.8290581042574,77.27274661740876
2017-11-20,6413.45612605148,6413.45612605148,6245.564573373981,6279.14306640625,28005425,49.816744670021606,19.436312780231674,-6.3826518920926825,6534.88419312759,5926.864488513035,143.69069463929392,59.09090055518875
2017-11-21,6295.932265082929,6379.878040783819,6287.537413767688,6304.32666015625,22908020,50.852629617982046,18.0054370729913,-1.5050340990758868,6535.70498226267,5926.88310367483,140.6224289063136,62.49997190509844
2017-11-22,6363.08907321375,6480.612890599516,6346.299826089516,6430.24560546875,22359717,55.768927798066436,26.724006591414764,4.140774039022244,6556.134068059504,5922.403773737371,143.16984330181015,79.5454540668363
2017-11-23,6480.613077156986,6497.402324764534,6346.300008780514,6413.45654296875,28097922,54.97923769476619,31.91094915893973,9.694809063005742,6575.236881260105,5923.44793319302,143.73644849339655,65.51726433266494
2017-11-24,6413.45628387039,6581.347840679275,6413.45628387039,6564.55859375,35511870,60.41239440180835,47.66486035924845,17.288819322254284,6614.917873839202,5907.271725770173,145.4618133730743,96.55167507940574
2017-11-27,6581.34827987739,6623.321171880621,6539.37538787416,6589.74267578125,29229869,61.25172340076055,61.473465588658655,26.125748575535162,6662.068143767164,5901.254951935961,141.06781127545904,93.65076226373684
2017-11-28,6631.715060053603,6656.899158320993,6564.558529238401,6614.92626953125,20509500,62.11668578788386,73.60056872465066,35.620712605358264,6708.453689225412,5895.163351790213,137.58729826168278,92.53731311214055
2017-11-29,6598.13671875,6614.925964740699,6547.769437019812,6598.13671875,20600550,61.13684856340772,80.9237700512158,44.68132409452977,6732.053289284298,5932.004669700076,132.55655070809385,89.55216807969036
2017-11-30,6648.504280918692,6950.709352772762,6648.504280918692,6917.130859375,63766013,70.61955557302386,111.18593877514832,57.98224703065348,6797.475228711434,5974.033316210441,148.27198523057015,96.0784098395515
2017-12-01,6908.7368527676745,7001.077030442824,6883.552753181766,6967.49853515625,24306772,71.79000127741016,137.64647315080583,73.91509225468396,6891.1634435961405,5969.327620856984,146.07572037560502,96.07841236629795
2017-12-04,6950.709762293016,7068.233583625566,6933.920514604951,7051.4443359375,24630289,73.6724983468371,163.50557139176726,91.83318808210062,6996.829147323888,5949.286624160488,145.23553099310575,97.9591734368441
2017-12-05,7051.444130207224,7093.417020081825,6984.28759765625,6984.28759765625,31452467,69.66719974759768,176.5450046077858,108.77555138723767,7066.182208029085,5958.8425966584155,142.65652323828215,87.12872471509426
2017-12-06,7034.655795824028,7093.41748046875,6816.396480565164,7093.41748046875,39915604,72.30238223697009,193.4546935956032,125.7113798289108,7149.125389401769,5963.2030773951055,152.25398585723244,100.0
2017-12-07,7093.417090540542,7101.811942344013,6984.287667030987,7043.0498046875,21976762,69.30953809555342,200.48047928048163,140.66519971922497,7206.107011302096,5988.488350026029,149.773292246932,93.137247507435
2017-12-08,7034.655130025238,7034.655130025238,6900.341612676119,6917.130859375,19617143,62.359920663571124,193.65551824763133,151.26326342490626,7232.733354925853,6028.1791450741475,149.2686422301069,77.31955544625609
2017-12-11,6816.395787897862,6891.947169395095,6749.2392578125,6749.2392578125,21029586,54.51155795277208,172.70836382947073,155.55228350581916,7220.633137833975,6099.880827009776,150.59885361099214,53.33328520534971
2017-12-12,6766.02847991581,6866.76350280037,6379.878091140575,6665.29345703125,38433259,51.05184817921979,147.63205801127515,153.96823840691036,7210.486988469277,6148.6420154369725,174.6193220430495,42.222158787902906
2017-12-13,6782.817566437539,6782.817566437539,6665.293299804171,6766.0283203125,23263593,54.76222342385827,134.3387925976731,150.0423492450629,7218.297354324497,6166.854745284878,170.5411037995009,53.488311779289255
2017-12-14,6766.028393392376,6849.974168682363,6757.633542118227,6824.79052734375,12140196,56.818503219571134,127.08049811831097,145.44997901971252,7229.1266423458965,6189.603728747854,164.95535542554626,61.62786735398568
2017-12-15,6875.158473353568,7043.050040132144,6875.158473353568,7001.0771484375,30779777,62.34788160712793,134.00833976026843,143.1616511678237,7254.49623944319,6222.996192197435,168.76279523717827,86.04653407807493
2017-12-18,7085.0228677879295,7219.3359375,7009.471480923667,7219.3359375,33305133,67.83883180795871,155.31993288347985,145.59330751095493,7296.487884384366,6275.023834365634,172.2982233675584,100.0
2017-12-19,7286.491819957466,7437.594580156954,7244.518932400257,7320.0703125,41262653,70.01248011190468,178.28281287592745,152.13120858394944,7347.7141039155495,6325.371980068826,175.58111045965808,88.88886872074335
2017-12-20,7252.913989286984,7471.172828275648,7252.913989286984,7387.22705078125,24196132,71.4002464046886,199.59919298502973,161.6248054641655,7414.246097198133,6354.538131317493,178.6295196403013,92.307689697581
2017-12-21,7336.859584205293,7588.696910421572,7336.859584205293,7404.01611328125,34292268,71.75219723357577,215.36472434703228,172.37278924073885,7463.608835600281,6404.231349946594,183.85864868144262,84.7222102936675
2017-12-22,7437.594862479184,7538.329431446717,7404.01636866205,7445.9892578125,32745421,72.65809303422569,228.61062256366313,183.62035590532372,7524.684880171081,6431.298371782043,180.31969650173005,88.19445475758275
2017-12-25,7445.989235075819,7462.778481933119,7353.649061723566,7362.04345703125,13054480,67.96366669856295,229.6866826703399,192.83362125832696,7556.896125301603,6476.317204776521,175.23467676657458,81.25000622300576
2017-12-26,7303.281455855329,7454.383767874136,7294.887060392816,7370.43798828125,20688149,68.18503333338712,228.58188686878657,199.9832743804189,7581.91771178511,6526.846790168014,174.11053610334207,81.94444703713812
2017-12-27,7370.438049746171,7655.853885238955,7370.438049746171,7622.275390625,42371002,73.99129443950528,245.20097767426432,209.026815039188,7645.334646582172,6565.843722558453,182.06091902151084,97.36840661325542
2017-12-28,7622.275141870026,7723.010622424363,7538.329364316676,7689.43212890625,18393702,75.28654163569786,260.7845524112572,219.37836251360184,7735.2475911259335,6553.160904967817,182.24808609909482,97.4999865809208
2017-12-29,7714.615439541143,7874.11213629614,7697.825737261362,7865.71728515625,28463569,78.33637361109285,284.084635653503,232.31961714158209,7855.344862436295,6522.885508657455,182.42179476272307,99.4381836522125
2018-01-01,7865.71728515625,7865.71728515625,7865.71728515625,7865.71728515625,0,78.33637361109285,299.1022548814326,245.6761446895522,7957.337853797757,6502.319812217867,169.39166656538572,99.30553273274163
2018-01-02,7874.112235458143,8016.82014421436,7798.561311699144,8008.42529296875,22846522,80.58576318292123,318.8437377501077,260.3096633016633,8076.74904635336,6485.322389193515,172.882178418945,99.33331158133073
2018-01-03,8058.792300692302,8142.738072834592,7941.268949680135,7991.63623046875,26870974,79.53940911682523,329.33786620562114,274.1153038824549,8176.571344683299,6475.321965863576,174.9241030429101,88.07949872120803
2018-01-04,8025.2150210227,8125.949586355568,7991.6365284171325,8092.37109375,25825013,81.12316271385569,341.8424531922856,287.66073374442107,8283.281800579627,6473.543638873498,172.02333538890352,95.55559305779391
2018-01-05,8075.583161359106,8134.345301538743,8000.032229335544,8058.79345703125,20371867,78.93002112847296,345.0652958715964,299.14164616985613,8361.632201138205,6509.359498080544,169.32974516135323,90.65432787785505
2018-01-08,8008.425275935441,8310.6298828125,7974.846783508251,8310.6298828125,20607284,82.70629116656173,363.74746246760515,312.06280942940595,8459.161823635177,6567.968938083573,181.21927045727435,100.0
2018-01-09,8360.998451844069,8881.4619140625,8344.208748637231,8881.4619140625,31734911,87.96955470739607,419.77567568422,333.60538268036873,8665.954640920541,6582.792966501335,209.04875337104048,100.0
2018-01-10,8982.195808636774,9066.14158091345,8495.310876922333,8679.9912109375,34683460,78.84843223851549,442.8169185455654,355.44768985340806,8781.118004719172,6659.025891765203,234.89032127247458,78.19904674894225
2018-01-11,8646.412719530068,8713.56970234493,8461.7323855149,8679.9912109375,29410522,78.84843223851549,455.822827698521,375.5227174224307,8868.689496314102,6756.974468529648,236.10082095515708,78.19904674894225
2018-01-12,8730.358735086522,8881.461494388683,8596.04567819784,8747.1484375,30016650,79.6635877109177,466.1753520575494,393.65324434945444,8962.11282448017,6838.158269269829,239.62332061484898,81.99055303922741
2018-01-15,8713.5705336496,9166.8779296875,8663.203247975141,9166.8779296875,18968329,83.85221915661218,502.45645909957875,415.41388729947937,9149.950056309643,6845.075236659108,258.48413212181396,100.0
2018-01-16,9116.508992361922,9401.9248046875,8998.985639478284,9401.9248046875,24091447,85.63637047391605,543.9060063934821,441.11231111827993,9366.955034424645,6836.255707762855,268.80234877091414,100.0
2018-01-17,9301.189943921558,9435.50299469405,8998.9853515625,8998.9853515625,27986058,71.12770051522698,538.0390456890655,460.4976580324371,9461.200928893555,6903.1856433720695,280.78201265381676,74.87924519559644
2018-01-18,8965.407147589895,9401.9248046875,8864.672584408545,9401.9248046875,30845393,75.58273481885873,559.4542431563841,480.2889750572265,9616.092659913791,6948.084781492458,299.1013131984695,97.94872411428143
2018-01-19,9401.92509782748,10056.702516372825,9334.769024440677,10023.1240234375,40255037,80.5622901745995,619.4113384723023,508.11344774024167,9894.398142507882,6927.492775460868,329.30361167944653,98.51300295721865
2018-01-22,10023.1240234375,10023.1240234375,10023.1240234375,10023.1240234375,0,80.5622901745995,659.3274520278246,538.3562485977583,10106.578878475972,6981.420096133404,305.78192513091466,98.41268979257892
2018-01-23,10023.1240234375,10023.1240234375,10023.1240234375,10023.1240234375,0,80.5622901745995,683.087057212033,567.3024103206133,10269.815565553681,7083.452012571319,283.94035905013504,98.38708838440395
2018-01-24,10023.1240234375,10023.1240234375,10023.1240234375,10023.1240234375,0,80.5622901745995,693.9176646103497,592.6254611785606,10416.92600212961,7176.426439276639,263.65890483226826,98.38708838440395
2018-01-25,10896.159739260022,10912.948528656692,10241.382353049044,10325.328125,76652975,82.85076659968658,718.6027393107652,617.8209168050015,10597.579462829477,7259.3625781861465,308.38501914562,79.99999814073817
2018-01-26,10409.27519312144,10829.00410514117,10241.38362831355,10728.26953125,27817871,85.33068509110004,761.8971665482877,646.6361667536587,10844.687114130971,7298.510151494029,328.33040898004856,92.8105213753768
2018-01-29,10829.002756705737,10912.948528656692,10325.328125,10325.328125,28384262,73.83259946969937,754.9912390529207,668.3071812135112,10956.662670231068,7432.495679378306,346.85112288552307,76.02739336958172
2018-01-30,10157.437906412926,10325.329472220872,9821.654774797033,10291.7509765625,57277035,72.95046465081539,738.2982043700522,682.3053858448195,11042.897931208005,7574.592986760745,358.0528067811171,74.65757747099421
2018-01-31,10291.751011743145,10711.479927697785,10241.383724325373,10459.642578125,30841553,74.58553917016303,730.1990234255518,691.884113360966,11122.355198319538,7741.936354414838,366.0559065376382,80.43483133347965
2018-02-01,10459.641646867298,10577.165915367792,10157.43703678305,10241.3828125,15655970,68.76609507330764,698.1211194627595,693.1315145813247,11142.14652014484,7937.046204464536,369.8896902552884,70.14925547690251
2018-02-02,10241.38308440441,10308.540071754494,10023.124244242432,10258.171875,20441991,68.96667736472597,666.3723607231059,687.779683809681,11120.726911003045,8178.4036554032045,363.85584291648655,68.03279091885061
2018-02-05,10056.702260200214,10140.648034158265,9569.81640625,9569.81640625,40723255,53.73098729144756,578.9924427137121,666.0222355904873,11043.518530330119,8381.53068841988,387.0343876188804,34.42621214302692
2018-02-06,8915.04086004156,9972.75754131822,8915.04086004156,9737.708984375,83332401,56.26856841609554,517.3273286512085,636.2832542026316,11027.562446101727,8483.111479679525,434.9402657372933,42.62298751386826
2018-02-07,10157.43745681406,10325.32901519062,9922.389822577205,9989.5458984375,31622935,59.82758654867569,483.2082913633367,605.6682616347726,10990.68987242383,8650.93952210742,445.8459632428881,53.78151629703404
2018-02-08,9989.545530502175,10207.804365856013,9872.021261470469,10023.1240234375,25787001,60.291610623877055,453.64880156385516,575.2643696205892,10929.239612619182,8846.70306316207,437.9843304673635,55.46218080057814
2018-02-09,9536.238825922866,9972.757439730243,9536.238825922866,9788.076171875,50249104,55.46219920916702,406.5696142565539,541.5254185477821,10834.97009870474,9045.06535051401,441.4772495421685,43.697480396508645
2018-02-12,9788.076674641565,10023.125241263768,9720.920593095188,9872.0224609375,36603022,56.79332192711538,371.7475092058867,507.56983667940307,10794.321970503654,9156.227931840098,431.52920658691215,47.899190534629696
2018-02-13,9905.599474999708,10258.171359666036,9905.599474999708,10174.2255859375,29395551,61.27983241457281,364.33616611256,478.9231025660345,10790.862405131324,9236.917575337426,428.28775602559955,63.02517106652659
2018-02-14,10174.2255859375,10174.2255859375,10174.2255859375,10174.2255859375,0,61.27983241457281,354.37757917491035,454.0139978878097,10687.233713603777,9458.070290302474,397.69577345234245,63.02517106652659
2018-02-15,10174.2255859375,10174.2255859375,10174.2255859375,10174.2255859375,0,61.27983241457281,342.5367765408573,431.71855361841926,10639.371003344218,9583.16307868703,369.28893249146086,63.02517106652659
2018-02-16,10174.2255859375,10174.2255859375,10174.2255859375,10174.2255859375,0,61.27983241457281,329.3562414111475,411.2460911769649,10645.93910987027,9591.705128410978,342.91115159921367,70.09337241472772
2018-02-19,10174.2255859375,10174.2255859375,10174.2255859375,10174.2255859375,0,61.27983241457281,315.2762638432978,392.0521257102315,10652.04836996879,9600.70602456246,318.41749791355556,70.09337241472772
2018-02-20,10174.2255859375,10174.2255859375,10174.2255859375,10174.2255859375,0,61.27983241457281,300.6520504913551,373.77211066645623,10657.694983792906,9610.169566988345,295.6733909197302,75.75752028169714
2018-02-21,10325.32853683513,10375.695819517889,10023.12392825474,10073.4912109375,48862652,58.14059523405703,277.7323086858032,354.5641502703256,10658.451409271749,9614.4498602595,299.73756951568873,79.31033563951789
2018-02-22,9989.547081967095,10006.335874800285,9855.23400184964,9888.8125,27431299,52.800283194427436,241.87800060169866,332.02692033660026,10639.866749809882,9589.382957221367,293.91754377084385,66.66678079178638
2018-02-23,9905.599526821466,10409.274171827692,9872.02103465762,10342.1171875,59526069,62.02141105716138,247.19163172552908,315.059862614386,10549.111248394345,9641.523224261904,311.2986575850744,95.50558913404119
2018-02-26,10560.377507483132,10845.792425265152,10442.853234728487,10812.21484375,48761306,68.82365765728842,286.0384021162736,309.2555705147636,10667.835000904834,9571.488143626415,325.0398418836514,97.43595210367747
2018-02-27,10896.160656097674,10896.160656097674,10644.32331905441,10761.8466796875,43301203,67.43011531825049,309.1962358918863,309.24370359018815,10758.596795234078,9527.735919609671,319.8110915379094,90.12340463768354
2018-02-28,10761.8466796875,10761.8466796875,10761.8466796875,10761.8466796875,0,67.43011531825049,323.8162340250092,312.1582096771524,10819.555425552537,9496.997699447462,296.96744214234445,90.12340463768354
2018-03-01,11064.0512584887,11383.045582492854,10912.949404342422,11198.365234375,36265536,72.93771995348132,366.4024279901314,323.0070533397482,11014.791025695686,9397.460341491813,320.12683218970227,88.88890129828442
2018-03-02,10929.73796078583,11198.364994316007,10862.581886766173,11131.2080078125,43110700,70.94991778652364,390.23488179269043,336.4526190303367,11158.35326001304,9341.20172045571,321.24515471963974,83.51645072788823
2018-03-05,11114.419218631389,11131.208009017157,10358.9072265625,10358.9072265625,105535063,53.045878322545825,342.8518715178561,337.7324695278406,11140.188294863563,9438.275767636436,353.4634138435695,32.96697257006077
2018-03-06,10409.27519312144,10761.847114224449,9939.178994156127,10728.26953125,47546602,58.44665148630699,331.28608581870685,336.4431927860138,11169.62731857172,9507.892798615781,386.9780357167661,57.14287942710901
2018-03-07,10325.328862350085,10728.26896148286,10157.437306458738,10258.171875,37358247,50.48719114372056,280.94856506218093,325.3442672412472,11167.83483571729,9536.547879126458,400.11047779351577,26.37353180558573
2018-03-08,10224.594434176215,10510.009353122708,10090.280457632132,10375.6962890625,26587195,52.23835955855931,247.68381043385307,309.8121758797684,11170.622812448333,9569.017128957918,401.51179334330584,34.065868710966555
2018-03-09,10409.273896950956,10476.43087950524,10274.960844326186,10325.328125,26672457,51.39932380779253,214.7811000114143,290.8059607060976,11149.95282149097,9643.412315227779,387.22309633157363,30.769116369208888
2018-03-12,10325.32863794129,10476.431399953006,10308.539847710585,10409.2744140625,16505695,52.76114583791343,193.25154538900642,271.29507764267936,11135.205152230641,9711.885179800609,371.55655746806275,36.26366099277813
2018-03-13,10392.485107554285,10409.273896950956,10274.960844326186,10325.328125,16283803,51.21565837285388,167.48479383211452,250.53302088056643,11134.779261514233,9727.421324423265,354.61062977293784,30.769116369208888
2018-03-14,10392.485992372449,10459.642068160614,10358.907498236427,10375.6962890625,14773743,52.12186614930885,149.40648255085034,230.30771321462322,11135.06975502477,9747.27790122523,338.8751521577719,33.333360144709026
2018-03-15,10325.328343642394,10325.328343642394,10140.64800643314,10174.2255859375,23092123,48.260181944548144,117.46818847663053,207.7398082670247,11135.06975502477,9747.27790122523,331.45894719145673,16.27896882440755
2018-03-16,10123.859103577824,10224.594587496442,10006.334828581384,10107.0703125,53604706,47.00992504205855,85.74952385963115,183.341751385546,11137.774439321818,9737.857689584433,323.37329088599967,11.627896905438911
2018-03-19,10241.383172706805,10728.269053983238,10241.383172706805,10593.955078125,29045042,55.92514300374561,98.76132606016108,166.42566632046902,11150.60628519174,9766.998792933262,344.646537357231,45.34879394384678
2018-03-20,10543.586949575729,10560.376651456196,10325.328125,10325.328125,19046300,50.84268293627622,86.4013420527699,150.42080146692922,11148.305925836665,9784.409406194585,339.2165670549288,26.744100456587205
2018-03-21,10342.117476396068,10644.32300182865,10342.117476396068,10577.166015625,27084519,54.97398154817353,95.82259552073629,139.50116027769064,11149.169330402625,9833.913482097376,337.77216061019465,50.666622833153085
2018-03-22,10577.16638489913,10795.425228955164,10493.220605455745,10543.587890625,36630738,54.31849140279415,99.43332720623039,131.4875936633986,11117.619339101982,9930.941012460518,335.2316222451393,50.704210126910084
2018-03-23,10157.437274245944,10409.274607284298,10157.437274245944,10308.5400390625,30169642,49.83867713424908,82.37884874735573,121.66584468019002,11118.296057213041,9926.906579505709,338.8686932547048,43.13724602748912
2018-03-26,10191.017158385272,10291.751740352369,9821.65550369928,9888.8125,61585100,43.016225418596854,34.59574884727226,104.25182551360648,11118.914333333214,9833.948069010537,349.44125340531303,6.896599325171375
2018-03-27,9838.444738801849,10056.703597621838,9838.444738801849,9972.7578125,32269913,44.64822186876814,3.461085833278048,84.0936775775408,11102.174560898597,9771.778954726402,340.07108236350416,15.51725268117308
2018-03-28,9972.757343823254,10107.070411209268,9872.021858920818,10056.703125,13415730,46.30434204497768,-14.275119073223323,64.41991824738798,11069.161634315627,9734.277525840622,332.5694730724289,24.137906037174787
2018-03-29,10073.4916240104,10274.961675486737,10039.913130017032,10207.8046875,20499872,49.24789286264273,-15.954640791158454,48.3450064396787,10908.480559803815,9795.902545664936,325.60369252937716,39.65508207797785
2018-03-30,10274.961498678384,10291.750289144236,10090.280241134731,10140.6484375,14345152,47.9887529255973,-22.445879848899494,34.18682918196306,10727.85613029773,9877.47101813977,316.73700363510056,32.75855939317649
2018-04-02,10157.437935367296,10174.226727002382,9905.6005859375,9905.6005859375,33914377,43.770590636584565,-46.02607091794016,18.144249161982422,10739.510041245858,9820.48644312914,313.30051345151355,8.620629709571391
2018-04-03,9905.600075694168,9989.545854513335,9653.762739236665,9821.654296875,35339231,42.33920575051442,-70.67263602923413,0.3808721237391133,10686.79744744905,9782.53751348845,314.9064135818819,14.705883669676517
2018-04-04,9905.6005859375,9955.967873326676,9821.654802794234,9905.6005859375,16187521,44.300793374301925,-82.48066670655317,-16.191435642319345,10692.216311647644,9741.861520383605,302.0069252154386,22.05887019752493
2018-04-05,9955.968247233435,9972.757951982998,9838.444876406287,9872.0224609375,11631407,43.660970010036905,-93.4706190411307,-31.64727232208162,10684.687901085805,9699.022548132945,290.02879309838664,19.117709801839215
2018-04-06,9855.232612193526,10140.6484375,9821.654118777966,10140.6484375,27265506,49.89547260864259,-79.58693548584233,-41.23520495483376,10671.831347678804,9693.411132789946,292.0977592143615,42.64707850595906
2018-04-09,10174.226193506633,10274.961675486737,10073.4916240104,10207.8046875,24928594,51.34505383101399,-62.44523827886951,-45.47721161964091,10650.269112043257,9694.826395769243,285.6243515187883,48.529399297330485
2018-04-10,10207.8046875,10258.171972248118,10090.280414765148,10207.8046875,25889293,51.34505383101399,-48.30350698247821,-46.04247069220837,10639.344758928924,9693.998405133574,277.21486623051555,48.529399297330485
2018-04-11,10241.382294911922,10409.273837860766,10140.647734136131,10157.4365234375,40023239,50.08465123500714,-40.69130886086168,-44.97223832593903,10618.07695515689,9693.440232343111,276.60138319438124,66.66656150649371
2018-04-12,10107.06989587287,10392.485719817889,10056.702612231717,10358.9072265625,25116705,54.858087166024006,-18.191880352633234,-39.61616673127787,10636.156909398407,9693.828442164093,280.8286492223663,93.33343859673384
2018-04-13,10409.274980670734,10426.063771815305,10224.594628144898,10274.9619140625,18219894,52.600940754537135,-7.053300263820347,-33.10359343778637,10646.185999099871,9700.58851261888,275.1601131115121,80.43484970513506
2018-04-16,10157.437260483612,10241.383038049327,10090.2802734375,10090.2802734375,12122164,47.92868564929262,-12.978551580121348,-29.07858506625337,10578.418555393593,9717.988475856408,268.69736507676123,56.52168206267244
2018-04-17,10140.648292469208,10140.648292469208,9905.599754405792,10023.1240234375,18752058,46.3175718542769,-22.83013250793556,-27.82889455458981,10558.313759447214,9707.872861646538,266.2938774329509,47.82607670063224
2018-04-18,10056.703360588945,10107.07064797812,9905.6005859375,9905.6005859375,15348204,43.55812158468984,-39.66352417493363,-30.195820478658575,10480.886914301715,9718.143163823286,261.6636049049273,32.608767317061904
2018-04-19,9838.44343040605,9922.3892043641,9569.81640625,9569.81640625,28486443,36.81026084816317,-79.18627529451987,-39.99391144183084,10442.000085801048,9659.652843886453,268.15711870558255,0.0
2018-04-20,9569.817812768915,9872.0224609375,9435.50473719221,9872.0224609375,18353241,45.059554419422064,-85.14138049525536,-49.023405252515744,10408.156716507456,9649.844455367544,280.1828762084188,44.06781509103936
2018-04-23,9888.811501069778,9888.811501069778,9317.97982762886,9334.76953125,15707784,36.04946111438726,-131.69457263050208,-65.557638728113,10489.002595279748,9513.594279720252,300.94350458216877,1.515201416754286
2018-04-24,9317.979031208435,9553.02756194334,9234.033257729372,9401.9248046875,21196326,37.725705079878,-161.309962631698,-84.70810350883002,10529.430093834133,9416.083480384616,302.23284741301154,14.084500771934497
2018-04-25,9401.9248046875,9401.9248046875,9401.9248046875,9401.9248046875,0,37.725705079878,-182.67461334338623,-104.30140547574126,10550.33616450902,9329.69957767848,280.64478688351073,14.084500771934497
2018-04-26,9401.925172895686,9536.238233225537,8915.0402151395,8982.1962890625,25882225,31.702306528450364,-230.8141544540449,-129.603955271402,10609.98391379438,9147.49098854937,304.9700176836912,4.444409461804924
2018-04-27,8982.196193534955,9066.14196940881,8696.781285550915,9032.5634765625,28578884,33.0830228466658,-261.88206310821806,-156.05957683876522,10634.563200329276,9012.103205920723,309.56935098184874,19.417428539217138
2018-04-30,9032.5634765625,9032.5634765625,9032.5634765625,9032.5634765625,0,33.0830228466658,-283.2386062064088,-181.49538271229395,10663.02263154849,8896.340063764008,287.4572544831453,19.417428539217138
2018-05-01,9032.5634765625,9032.5634765625,9032.5634765625,9032.5634765625,0,33.0830228466658,-296.7431501584779,-204.54493620153073,10684.090794600013,8796.362818681237,266.92459344863494,19.417428539217138
2018-05-02,9133.2998046875,9301.191372052606,8948.618533095529,9133.2998046875,23361823,36.29987549466103,-295.9059985877793,-222.81714867878046,10679.565141332267,8723.658393823982,273.0423252706666,25.24275372033381
2018-05-03,9116.509765625,9150.08826036152,8965.407908036503,9116.509765625,29639649,35.989334497770045,-293.21733880845386,-236.89718670471515,10671.974634420467,8655.697631204532,266.7307557745487,27.17389640372797
2018-05-04,9200.454655014331,9284.400427482204,9049.352812062449,9066.1416015625,14467201,35.02142073407006,-291.7873040483446,-247.87521017344108,10625.75587140611,8594.465710625138,264.4676743206349,25.581325305017305
2018-05-07,9133.298694548022,9401.9248046875,9049.35292106896,9401.9248046875,21003095,45.53738029174521,-260.5555705363113,-250.41128224601513,10548.905761813896,8590.727831936105,270.76083212762813,49.99991760010049
2018-05-08,9385.13606853582,9720.919164368015,9267.611802497786,9569.81640625,26096493,49.90299261746793,-219.7239071696349,-244.2738072307391,10469.926215510053,8605.908550114948,283.79986996638536,71.23282309928989
2018-05-09,9536.237914170017,9653.76218020805,9418.714560615805,9569.81640625,11222406,49.90299261746793,-185.22931157272615,-232.4649080991365,10394.210775609055,8622.861978297195,280.3175663682326,73.23934488683015
2018-05-10,9519.44964020811,9553.028134107632,9234.033810787978,9267.6123046875,14626928,42.749495839874996,-180.2002056134952,-222.01196760200827,10248.870964237045,8659.072297481704,284.2793541606461,47.88729444145135
2018-05-11,9166.878235945664,9368.347385374424,9150.088531837324,9351.55859375,15186696,45.103578259471995,-167.50988921750286,-211.11155192510722,10102.92556795175,8712.677361735748,279.5636041161071,63.93448789877454
2018-05-14,9418.71585754745,9452.293441767157,9234.03458191934,9368.34765625,15575216,45.58548911029817,-154.3190905970805,-199.75305965950187,9988.130551124925,8755.279116843825,275.1846938112292,65.5738240513824
2018-05-15,9385.137190241194,9435.504478139124,9267.612910156737,9301.19140625,13817774,43.9244727881623,-147.58299093040296,-189.3190459136821,9870.58956147967,8800.626844770331,267.5208991091691,59.01647944095097
2018-05-16,9250.8228484821,9435.503182917895,9049.352812062449,9066.1416015625,17498674,38.62026346869238,-159.37397428992517,-183.3300315889307,9768.688795278558,8818.581712533942,275.99443280533177,36.065487240663714
2018-05-17,9066.141543867314,9099.720035137536,8864.672421213576,8898.25,22915589,35.337748377041336,-180.18875882114662,-182.70177703537388,9747.68573272075,8772.42813446675,273.06966002809094,3.921483971165044
2018-05-18,8931.829242536029,9049.353515625,8814.304969447056,9049.353515625,20831402,40.25919574036314,-182.3893635883851,-182.63929434597614,9620.373143986919,8817.473828669332,270.35386618165194,25.925972425176557
2018-05-21,9150.087941006395,9166.877644030608,8931.8291015625,8931.8291015625,13169405,37.84648226652983,-191.41013980031494,-184.3934634368439,9615.885187615744,8781.667742071755,267.8320573449703,12.962970663137524
2018-05-22,8881.460548027218,8898.249336167944,8478.5205078125,8478.5205078125,35067751,30.30293118430737,-232.45775667803355,-194.00632208508182,9667.902614862558,8637.309885137443,281.080381373901,0.0
2018-05-23,8444.943596053086,8730.358491806744,8444.943596053086,8679.9912109375,18318123,36.37300997354763,-245.8967422254991,-204.3844061131653,9658.71072933979,8574.308411285212,281.3899895438837,18.421012182452742
2018-05-24,8730.359610144988,8797.5166015625,8663.203531211395,8797.5166015625,20313932,39.67360090411012,-244.24837504359311,-212.3571998992509,9665.171272713043,8549.379899161955,270.8844953158281,27.631642349941426
2018-05-25,8797.515719772779,8948.617566591112,8696.781155227221,8747.1484375,29760753,38.74594756826698,-244.19143521040678,-218.7240469614821,9673.106941840606,8512.902726128143,269.5239178906897,23.684218487506747
2018-05-28,8495.31171388488,8730.359351926309,8176.3173828125,8176.3173828125,29538303,30.14362500977893,-286.9003962824372,-232.35931682567312,9760.784205756829,8339.600852836922,291.045856233319,0.0
2018-05-29,8176.316489833552,8747.148100203554,8176.316489833552,8730.3583984375,27731719,43.30135881331334,-272.8953087387872,-240.46651520829593,9759.96109835381,8310.20345242744,311.03055295736783,40.243860136454835
2018-05-30,8747.148582653228,8965.407417779681,8545.678537735026,8864.6728515625,35080440,45.958811009613335,-248.0982004853413,-241.99285226370503,9748.81830578478,8294.483549683971,318.79471917788834,53.947397771238634
2018-05-31,8881.461691771454,9418.71484375,8864.672901468688,9418.71484375,51380773,55.271618240858466,-181.64585475061358,-229.92345276108676,9784.496575084588,8289.02578819666,335.598095821432,97.36840089734599
2018-06-01,9485.870632291952,9636.973390409968,9418.714560615805,9569.81640625,36975236,57.42641775331899,-115.45832698408412,-207.03042760568627,9846.850452410063,8277.039391339937,327.2167196766271,95.40227522743592
2018-06-04,9720.919319674353,10073.4912109375,9620.183841825,10073.4912109375,31423304,63.70345769931825,-22.107050702083143,-170.04575222496567,9991.297390021327,8199.749094353674,339.8208686059752,100.0
2018-06-05,10073.492152224033,10107.07064797812,9821.654802794234,9905.6005859375,34072769,60.501316869590816,37.89036149267122,-128.4585294814383,10056.779723488802,8167.845178854946,335.93479550439747,89.56521413196228
2018-06-06,9939.1785605208,10241.38318149337,9821.654287785948,10207.8046875,33744855,64.0083345679084,108.5725317243996,-81.05231724027071,10191.265822911206,8097.157907557544,341.92008823318486,98.37397532346134
2018-06-07,10241.383555873128,10476.432109935173,10207.80506065228,10392.486328125,30313675,65.99535200123594,177.44544518402108,-29.352764755412352,10386.978468944702,8013.932663867797,336.6848978190411,96.35036686518986
2018-06-08,10409.275255124843,10409.275255124843,10274.962184975271,10291.7509765625,20037276,63.92237028903071,221.34766620085975,20.78732143584207,10529.824795443701,7965.105575650048,322.22976727122193,91.97078913083016
2018-06-11,10241.382569913856,10358.90683563057,10157.43679618532,10174.2255859375,44751380,61.49542810383317,243.84626784566535,65.39911071780674,10635.108886907947,7940.409277154555,313.6040724265097,86.86124639315649
2018-06-12,10412.632735044494,10412.632735044494,9801.50760855124,9989.5458984375,42103760,57.782833688204306,243.96221978566246,101.11173253137788,10705.654676079816,7938.698937201437,334.85557628842,78.8320983848559
2018-06-13,9966.041232796531,10248.099124052796,9942.536560605822,10201.0888671875,14575106,60.70895548585502,258.14809166417217,132.51900435793675,10810.454778192972,7947.393561650777,332.76321822831676,88.02915643277498
2018-06-14,10295.108678254774,10447.890419333982,10001.298901157072,10013.05078125,26135038,56.931593788215984,251.32033096241503,156.2792696788324,10874.182352337357,7995.146065631395,340.89381108178776,79.85399844096966
2018-06-15,9989.54603750356,10107.0703125,9825.0124175021,10107.0703125,19164096,58.32776770410288,250.6070299885323,175.1448217407724,10945.070416147033,8030.029681509218,336.69124564722443,83.94159866542475
2018-06-18,10036.554041833151,10036.554041833151,9448.9345703125,9448.9345703125,29369807,46.87301563254947,194.69139845285827,179.05413708318957,10947.577167002473,8079.233477528779,359.6515668286727,46.782564361550754
2018-06-19,9119.868167848685,9284.401796651404,8814.305584003074,9014.0966796875,52327638,41.12622039541422,113.97622693256926,166.03855505306552,10911.623070206158,8168.745191512593,379.292811077298,12.020209807576828
2018-06-20,9166.87718643641,9401.9248046875,8884.81931454805,9401.9248046875,22929169,47.32880380337681,80.37682643168591,148.9062093287896,10889.143252276439,8263.418368817313,389.13657386745166,35.35345904878673
2018-06-21,9390.17326083158,9390.17326083158,9166.877513656207,9225.6396484375,15421245,45.00767926438156,39.073901022939026,126.93974766761949,10870.433522273674,8324.940403507575,378.1301965220118,24.74745803143689
2018-06-22,9166.87826814634,9625.2216796875,9119.868008961766,9625.2216796875,28535752,50.88720691390436,38.14426222950169,109.18065057999593,10849.741871851307,8433.439378148694,387.2175875365633,48.787868013217285
2018-06-25,9872.021405133126,9907.27886885249,9648.725655716904,9754.498046875,13771343,52.65100562722616,47.29386497632913,96.80329345926258,10712.512977165863,8728.486339240388,379.70613051002243,56.56563734488736
2018-06-26,9542.95424405771,9672.230395291412,9401.925300673733,9660.478515625,10625063,51.21055784206369,46.423262185651765,86.72728720454042,10644.129693027708,8889.881635097294,377.76803163082565,50.90905646592719
2018-06-27,9613.469522055331,9672.23074749484,9284.4013671875,9284.4013671875,13413289,45.8116008861016,15.211669671607524,72.42416369795384,10591.181779951145,8984.802399736356,378.48669939343375,28.77694338348831
2018-06-28,9119.867325151605,9354.915865998702,9072.857981975723,9131.6201171875,16936068,43.79174490058204,-21.602887650467892,53.6187534282695,10614.016626889816,8933.258080141435,371.5989268669727,19.424429409578174
2018-06-29,9119.86731910189,9213.88691787513,8920.077154495011,9025.8486328125,20556480,42.3980303250596,-58.63762632701764,31.167477477212074,10647.605136814394,8845.272792873106,366.0425580464832,12.949621239999745
2018-07-02,8931.829034039258,9049.353304384847,8696.781405831935,9025.8486328125,24738361,42.3980303250596,-86.98521216959125,7.536939547851411,10636.046525959524,8752.067145915475,365.0803680826567,18.791932680562418
2018-07-03,9025.84883428526,9119.86752267331,8532.2470703125,8532.2470703125,23149081,36.16808298666654,-147.57919794745249,-23.48628795120937,10694.144748965826,8556.633571346674,380.97608838823913,0.0
2018-07-04,8649.771205163557,8802.55294008036,8508.742262349531,8720.2861328125,14982851,39.79728392433135,-178.3710371130437,-54.46323778357625,10655.549428201934,8446.477036641818,374.7499876269956,13.235322400996072
2018-07-05,8720.285838951364,8814.304522669847,8414.723291898637,8485.2373046875,16879539,36.967895628277496,-219.21331292382638,-87.41325281162628,10583.37997629734,8327.921586202661,376.5236478515823,4.347803418557073
2018-07-06,8473.48598452993,8884.820034146946,8273.694899720556,8649.771484375,20986168,40.17423931253505,-235.5888558441111,-117.04837341812325,10483.933009496275,8263.170603784976,393.28089689264,23.02156434935426
2018-07-09,8814.305684007442,8814.305684007442,8320.704791999044,8391.2197265625,15293917,36.98998012044764,-266.3591353268803,-146.91052579987468,10410.310530686998,8158.492496656752,400.4466108294799,7.194293593882098
2018-07-10,8344.208984375,8485.237932877388,8344.208984375,8344.208984375,12019156,36.424664987438014,-291.1816170867187,-175.7647440572435,10351.305032789998,8052.9643031475025,381.91677780611616,4.316526483295128
2018-07-11,8203.178551440667,8320.702806006335,7944.626286376675,8085.654296875,27941805,33.40117681968462,-327.93656656138955,-206.19910855807274,10247.808736418458,7944.917142487792,383.1786292484168,7.185581990289036
2018-07-12,7827.103515830115,8026.894603975401,7803.59884295724,7932.875,13227325,31.725398498770616,-365.1835328058023,-237.9959934076187,10170.641157051978,7814.067143729273,375.95554529622706,6.145238603372908
2018-07-13,8038.645678420818,8379.465682125356,8003.388216403567,8367.712890625,18802107,40.82533140607822,-355.51607026588863,-261.5000087792727,9990.309526846553,7820.463031747198,381.0009122125934,30.188612658165674
2018-07-16,8485.237932877388,8520.495398123958,8308.95151912843,8344.208984375,13234759,40.51102761075484,-345.7653377743227,-278.3530745782827,9931.034816177917,7769.265183822083,368.8968384113744,28.930799057053257
2018-07-17,8226.684099494014,8496.990096394224,8226.684099494014,8485.2373046875,13431337,43.33020571133038,-322.93540684831714,-287.2695410322896,9913.543337862604,7733.870724637395,361.8546354462912,43.93934003211423
2018-07-18,8532.247140054982,8779.04848030065,8485.237795476703,8743.791015625,25166221,48.178869335843466,-280.74316599847407,-285.9642660255265,9846.329528515565,7735.271155078186,356.99438831535247,66.66667536861219
2018-07-19,8802.55315258979,8873.067169457208,8720.28634333586,8743.791015625,13969749,48.178869335843466,-244.4872147229744,-277.66885576501613,9802.254000819898,7731.161819492603,342.407705301495,71.42859107386549
2018-07-20,8649.772252693225,8696.782514313645,8520.496086326,8626.267578125,19781537,46.09960043383759,-222.6704648379182,-266.6691775795966,9671.137569757262,7762.382840398987,333.89964987274533,62.50006156381509
2018-07-23,8720.2857827215,8837.809136611793,8602.761516347382,8685.0283203125,22243392,47.3237001182714,-198.35254786073347,-253.00585163582397,9483.221317158328,7843.352120341672,326.8387906150072,81.52166129720342
2018-07-24,8685.0283203125,8685.0283203125,8685.0283203125,8685.0283203125,0,47.323700118271404,-177.0396209086848,-237.81260549039615,9287.589883970453,7941.438533998297,303.4931627139353,81.52166129720342
2018-07-25,8320.70431170525,8414.723914868142,8273.694966365754,8344.208984375,22746782,41.052248570890974,-185.51178048361908,-227.35244048904073,9171.354454264765,7963.6547254227335,311.19603351627893,49.999957994062974
2018-07-26,8344.208303453153,8579.2568359375,8320.703632701483,8579.2568359375,32664325,46.334303256664555,-171.28516201473576,-216.13898479417975,9082.525426938479,7997.24742462402,307.4358313534031,72.52743945383996
2018-07-27,8638.019741501068,8779.048691106222,8544.000137602998,8767.2958984375,19123667,50.180335517488274,-143.18671621131216,-201.54853107760624,9031.857837285603,8022.059740839399,302.2653115069617,90.10992019129128
2018-07-30,8837.809351793836,8884.819606978377,8673.275739857556,8708.533203125,24010605,48.9985525795519,-124.2281293394135,-186.08445072996773,8967.60801296409,8054.5780221921605,295.7852083365231,83.69561427975583
2018-07-31,8673.276429907368,8849.562847786172,8591.009617394042,8779.048828125,22947972,50.50493213914934,-102.33365239602244,-169.33429106317868,8995.435667211119,8051.430543726382,293.12578134049505,90.21746692507013
2018-08-01,8790.800226449477,8967.086634661613,8767.295554517967,8837.8095703125,27265808,51.78295636867801,-79.32619783685914,-151.33267241791478,9014.376032649627,8044.242522037873,286.4590169692916,86.58531944228044
2018-08-02,8814.305106206215,8814.305106206215,8579.257468865242,8755.54296875,24141949,49.842525516736416,-66.95898999820565,-134.45793593397298,9037.68497318683,8047.96414790692,284.465665860575,71.42856002461856
2018-08-03,8814.304960444399,8826.057752734841,8532.2470703125,8532.2470703125,23651359,44.921991858709234,-74.31929495725853,-122.43020773863009,9029.246082951935,8044.650596735565,285.1331670435583,41.269843943648596
2018-08-06,8543.999576997616,8543.999576997616,8367.713173437041,8496.990234375,18472476,44.18035947639081,-82.05148324831498,-114.35446284056707,9030.196424349751,8054.277306119001,277.35839822334515,32.203338779370696
2018-08-07,8496.990234375,8496.990234375,8414.7234285435,8496.990234375,19344495,44.18035947639081,-87.17440588947466,-108.9184514503486,9029.494555684854,8070.257299783894,263.4232844810704,32.203338779370696
2018-08-08,8508.743292799903,8661.525046219323,8485.238618231679,8626.267578125,13648546,47.842184006242945,-79.88192861813877,-103.11114688390664,9004.478059510862,8149.335124082887,257.1992233029686,50.84754084596368
2018-08-09,8673.27559364379,8743.79051898994,8579.256909827362,8591.0087890625,18232846,46.93777955494963,-76.07078083939268,-97.70307367500386,8911.439622600985,8308.186939899017,250.58025086436928,45.76256641165079
2018-08-10,8567.504189942742,8720.285921151182,8567.504189942742,8696.78125,16721363,49.991872083073346,-63.780246170552346,-90.91850817411355,8907.498637857658,8345.034760579842,243.59464231751727,61.01692636054603
2018-08-13,8673.276559122789,9014.096607105816,8626.267211981658,9002.3447265625,45318812,57.586617154193966,-29.04863545156877,-78.5445336296046,8955.077155260393,8363.269817395858,253.89712466084873,98.41276951634399
2018-08-14,9049.353515625,9143.37220410908,8990.591379080513,9049.353515625,21121328,58.62760479480424,2.2437679195900273,-62.38687331976568,9018.876845051136,8355.881748698865,246.67453182997147,88.57149868710637
2018-08-15,9049.353226159345,9108.115360824178,8767.29534476167,8814.3046875,18625445,51.78376279185029,7.984704295346091,-48.31255779674332,9026.404491802354,8355.405469135145,253.39920927515274,57.57575125194211
2018-08-16,8696.781330654174,8861.314942722176,8685.028538727669,8814.3046875,27799847,51.7837627918503,12.391595139080891,-36.171727209578485,9033.730741182242,8355.130586942758,247.89115175510665,57.57575125194211
2018-08-17,8908.323793266014,8978.837803477534,8802.552321706835,8861.314453125,14888398,53.054885816235,19.453139409653886,-25.04675388573201,9051.766638388193,8360.599377236807,242.7764610419347,63.63637373760701
2018-08-20,8861.31536366152,8861.31536366152,8732.03829626429,8755.54296875,14082807,49.869276350393896,16.326388852015953,-16.772125338182416,9055.822042747091,8363.595437721659,234.66936149588437,50.00003609536252
2018-08-21,8720.286002023338,8814.3046875,8708.533210096833,8814.3046875,13607641,51.60769368486933,18.378144311393044,-9.742071408267325,9065.161792762927,8367.183324424572,225.46236977497597,57.57575125194211
2018-08-22,8837.809502078484,9025.848701046516,8802.552950695357,8931.8291015625,24078026,54.970958474594184,29.151374419179774,-1.9633822427779055,9059.913408651795,8431.193720254454,225.30761124470334,72.72730746610436
2018-08-23,8908.323668330771,9014.095138406552,8908.323668330771,8955.3330078125,15297614,55.63504010684423,39.1346854076819,6.256231287314056,9081.809790998379,8446.90495509537,216.76931544692317,75.75749280793374
2018-08-24,8931.829865286141,9025.84947280938,8884.82051776649,9014.0966796875,22567934,57.32942031779842,51.19808880571145,15.244602790993536,9113.243876866998,8440.150947351753,211.35928970377793,82.25818408584625
2018-08-27,9072.858191302248,9237.39180869775,9049.353519172017,9155.125,21743222,61.16295219273584,71.31614164897292,26.458910562589416,9173.639953708176,8424.414050198075,212.21184965424024,89.0624928883472
2018-08-28,9166.877933522715,9448.935828398357,9166.877933522715,9378.4208984375,43780257,66.32206563920104,104.07820752233602,41.98276995453874,9284.124602365651,8373.866608571849,218.04034813596283,91.99995474584868
2018-08-29,9401.924933595988,9554.706663165209,9307.90625,9307.90625,27342849,63.4553766583718,122.93531615149732,58.173279193930455,9355.576156927606,8349.424721978643,220.0946384951947,75.00002077997307
2018-08-30,9307.906323824209,9354.915665995048,9202.133935214064,9319.658203125,25624015,63.736699663980936,137.24590958714907,73.98780527257418,9422.647918437384,8338.764483906367,215.28657365846536,74.68349069607339
2018-08-31,9354.916362629428,9484.19251946799,9307.907016957934,9390.173828125,24386031,65.45510505808464,152.51903510411648,89.69405123888265,9484.881248192158,8362.323829932842,212.50078286215043,81.08118044861487
2018-09-03,9390.173828125,9390.173828125,9390.173828125,9390.173828125,0,65.45510505808464,162.74705042249116,104.30465107560435,9528.75254912528,8407.77088837472,197.322155514854,81.08118044861487
2018-09-04,9331.411549548804,9378.42089451378,9166.8779296875,9166.8779296875,17787534,55.75251815398212,151.09300727324262,113.66232231513202,9522.30772853738,8481.20447849387,199.17742286647157,55.40548594015341
2018-09-05,9119.86676214882,9225.63914649061,9049.35275173809,9072.857421875,18417378,52.24109765208132,132.74027760404897,117.47791337291541,9514.245207372445,8533.925984033805,197.54234942976078,43.05550008181682
2018-09-06,9072.858535372245,9213.887485985755,9049.353862350645,9084.611328125,17831064,52.64265723271843,117.78628217828191,117.53958713398872,9494.83481898854,8602.69662632396,195.18458330157145,44.444565906013764
2018-09-07,9072.858871588283,9354.91678326762,9072.858871588283,9331.412109375,21496038,60.20817278598153,124.41570669167595,118.91481104552618,9511.164282774802,8649.830248475197,201.38982104284034,73.6112551179072
2018-09-10,9319.658194781618,9354.9156576201,9213.88671875,9213.88671875,10238904,55.64907401418394,118.81661260881629,118.8951713581842,9524.044354350797,8658.104376117954,197.07832945907322,54.687460985061655
2018-09-11,9178.629065482868,9448.93505832477,9178.629065482868,9401.9248046875,27503053,60.76783270153829,128.07601170576345,120.73133942770006,9562.719239441147,8654.686619933855,202.30887684356102,77.19286187255413
2018-09-12,9425.430315706886,9460.687780957707,9284.4013671875,9284.4013671875,22294753,56.38749013517839,124.4958819474632,121.48424793165269,9570.45100705335,8693.9645202904,200.45012948117864,59.649069049364826
2018-09-13,9331.411206370396,9460.687356511677,9284.400950650412,9343.1630859375,18887496,58.017019834029334,124.95972500637617,122.17934334659739,9579.608648398078,8737.692718789423,198.7241492226134,58.13951916780263
2018-09-14,9354.916297689142,9413.678435612544,9284.4013671875,9284.4013671875,18495135,55.77283509742859,119.21154784448117,121.58578424617416,9579.852634953564,8779.757423640185,193.7636434513585,46.51168421465921
2018-09-17,9237.392921938674,9319.65974055078,9202.135453252347,9272.650390625,9432160,55.3120619207006,112.41205424149484,119.7510382452383,9553.717526093045,8857.603274688205,188.31797515472095,44.186387764629714
2018-09-18,9213.888246975785,9272.650390625,9119.86863464024,9272.650390625,28947870,55.3120619207006,105.80376661246919,116.96158391868448,9524.606559911632,8932.54881118212,185.7796737854381,51.351705951975205
2018-09-19,9354.915665995048,9378.420337080468,9307.906323824209,9319.658203125,17849867,56.961686653932816,103.17050332349027,114.20336779964565,9511.137114463816,8984.801166786185,180.06469326186883,62.16208163251756
2018-09-20,9378.42021718308,9613.46875,9331.410875613225,9613.46875,39650253,65.5272004674514,123.36955145664433,116.03660453104538,9554.360072228928,9007.39178323982,188.18939709137823,100.0
2018-09-21,9636.974262734646,9730.992954088451,9554.707451558115,9707.48828125,56741239,67.73978950766028,145.28922925092047,121.8871294750204,9620.61041184887,9010.48060377613,187.33911890844666,96.55174786384299
2018-09-24,9801.507885087703,9801.507885087703,9660.478935573095,9707.48828125,17610554,67.73978950766026,160.807048272065,129.67111323442933,9684.888697699258,9001.438646050741,184.03124966602962,87.49997179185618
2018-09-25,9636.9732195851,9730.991900761896,9601.7157579019,9695.7353515625,17794252,67.11527433252704,170.19476908823708,137.7758444051909,9735.35939032553,8982.69939873697,180.12017060845574,85.93738379005121
2018-09-26,9695.736749826743,9742.746097194562,9636.974609375,9636.974609375,19933433,63.941278956173136,170.922812868419,144.40523809783653,9770.701853573806,8980.263771426195,174.80955040924906,77.41940596028346
2018-09-27,9683.983192357906,9778.00279215624,9660.478520529286,9766.25,22232062,67.57444771802544,179.8579459897228,151.4957796762138,9828.613693866188,8967.011110821313,172.39659557867697,94.82748608379605
2018-09-28,9778.00156167108,9954.287034443494,9754.496892800338,9942.53515625,38234535,71.75389114235213,198.87137675724261,160.9708990924196,9920.237332647283,8930.623604852719,174.35327744042547,98.59160845491121
2018-10-01,9942.536343946484,10095.31716609876,9883.774208508268,9966.041015625,27096023,72.26718967448478,213.37671013769614,171.45206130147488,10004.323586821778,8904.12406942822,177.00968316543015,86.74700444928021
2018-10-02,9813.25976526498,9883.774696264236,9672.230815750372,9707.48828125,42146256,59.46630384323539,201.68435480029984,177.49852000123988,10024.99548510461,8937.513206301639,185.35257721608713,60.24096891418087
2018-10-03,9636.974262734646,9778.003212249254,9636.974262734646,9707.48828125,19848441,59.46630384323539,190.22528033595518,180.04387206818296,10029.780555528812,8996.19122181494,182.1866038088386,60.24096891418087
2018-10-04,9683.983817371236,9730.9931640625,9613.46979733434,9730.9931640625,47331618,60.20942125261305,180.95459691632823,180.22601703781203,10029.094058181869,9061.515902755633,177.56780116021878,62.65061760957178
2018-10-05,9730.993300670232,9848.517581532167,9683.983953319032,9742.74609375,24043600,60.59840172377406,172.56663595674763,178.69414082159915,10046.336244615157,9085.407114759842,176.6367888068557,63.855492014367556
2018-10-08,9683.9833984375,9742.745535501464,9648.725933702346,9683.9833984375,14871304,57.568207259804105,159.34067790414883,174.8234482381091,10042.558680410031,9136.19434693372,170.7356010383413,47.76122634112303
2018-10-09,9754.498890278486,9754.498890278486,9636.974609375,9636.974609375,14741710,55.190619064832624,143.41262300434573,168.54128319135646,10045.95703150776,9156.30097630474,166.93479245728022,40.00015938703173
2018-10-10,9660.479144025603,9813.259977014171,9625.221677765196,9730.9931640625,26804953,58.851047378591346,136.79910147097326,162.19284684727984,10045.60049300193,9201.31669449807,168.4421857995442,32.608683818080245
2018-10-11,9425.430243422144,9542.954518367642,9237.39195099968,9378.4208984375,63569229,44.25223742419865,101.93318048789297,150.14091357540246,10042.703589759223,9207.739378990778,191.66783060406397,16.438373060469317
2018-10-12,9260.896627195616,9589.9638671875,9260.896627195616,9589.9638671875,26224919,51.95347273339949,90.33016662094633,138.17876418451124,10026.654756739352,9254.344462010647,201.48207413176542,41.095879918519806
2018-10-15,9566.458207760908,9566.458207760908,9448.93485737661,9484.19140625,16769265,48.35642782228744,71.77239344104783,124.89749003581856,10005.056072666584,9297.097247645916,197.16399810884582,28.767012661099873
2018-10-16,9484.19231228943,9578.2119140625,9484.19231228943,9578.2119140625,11562157,51.566479212973725,63.91511999521754,112.70101602769836,9975.04166811201,9357.66780454424,189.79660594482112,39.726069016803535
2018-10-17,9683.98395674282,9695.736749826743,9601.717142607167,9636.974609375,20375048,53.511417446244955,61.71838150851181,102.50448912386105,9945.097924266931,9419.343189014318,184.63433664620842,46.57546501056898
2018-10-18,9636.974609375,9672.231163658897,9566.459675839336,9636.974609375,16237173,53.511417446244955,59.29394672253329,93.8623806435955,9945.186920585937,9421.604778632813,179.00127601573357,46.57546501056898
2018-10-19,9566.45912165941,9648.72593102939,9495.94510469252,9578.2119140625,19847607,51.1301603108031,52.03112386844805,85.49612928856602,9942.57396638415,9411.29009611585,177.1283867529576,52.727268102326455
2018-10-22,9589.963297725768,9625.220760626671,9425.4296875,9425.4296875,10197998,45.46522453921594,33.56017479694492,75.1089383902418,9950.66263205718,9374.99557106782,178.7471500653657,30.769080383108616
2018-10-23,9390.17376293996,9390.17376293996,9143.372418668112,9284.4013671875,39801911,40.95458102676297,7.456058949077487,61.57836250200894,9975.411212964611,9309.113591722888,186.12644426297442,19.999988079983034
2018-10-24,9213.88671875,9378.42032868448,9213.88671875,9213.88671875,20726304,38.8776736464415,-18.70595315978062,45.52149936965103,10005.465630474197,9236.750385150803,184.58409895379629,9.999969339005794
2018-10-25,8931.829379894843,9202.134482169287,8896.571914929167,9166.8779296875,28788779,37.511932229944634,-42.740071709771655,27.869185153766498,10018.867216667997,9163.411591925753,194.06486358715603,29.487240637073707
2018-10-26,9237.39265650896,9307.907591855415,9143.373046875,9143.373046875,20461629,36.815525556537615,-62.95818861335647,9.703710400341905,9989.863624724336,9112.498972931915,191.955555115246,26.92313145046139
2018-10-29,9084.610774011622,9143.371996739545,9072.857981975723,9131.6201171875,17733470,36.45112655758783,-79.01867700447656,-8.040767080621789,9940.666751815637,9078.253755996864,183.28123438553393,25.641023591353022
2018-10-30,9072.858608040142,9249.14502583995,9072.858608040142,9096.36328125,10673681,35.32167063445064,-93.51369411499036,-25.135352487495503,9936.81017199138,9020.99783582112,182.78160462941074,25.000019720141825
2018-10-31,9190.383352227562,9460.6884765625,9178.630558785188,9460.6884765625,16852825,51.90548525507994,-74.74152733487972,-35.05658745697235,9911.65567911369,9021.472348230061,195.74900396391712,70.5882612697332
2018-11-01,9378.42026269699,9390.173054388402,9260.89599571818,9307.90625,8908654,46.51879049076032,-71.3699899271287,-42.319267951003624,9877.614709251098,9013.204626686402,196.0378237410888,51.470524866569114
2018-11-02,9401.9248046875,9437.182266794498,9354.915463534046,9401.9248046875,14293934,49.96030188387101,-60.41508315194369,-45.938430991191645,9837.47024184713,9019.266965184119,191.26912324490377,63.23512593282471
2018-11-05,9307.906122380591,9401.9248046875,9284.400539320048,9401.9248046875,8879078,49.96030188387101,-51.14368800726152,-46.97948239440562,9805.313446762204,9023.217900894047,186.00163339651436,63.23512593282471
2018-11-06,9425.429604494984,9437.182396186396,9307.90625,9307.90625,6758661,46.490671763203885,-50.79699602559049,-47.7429851206426,9776.913956201779,9018.710555516971,181.9498128815059,53.030288202514306
2018-11-07,9307.906175992728,9354.91551741695,9202.1337890625,9202.1337890625,11184943,42.88254030988342,-58.3841772996293,-49.87122355643994,9725.57912799693,9017.15944622182,179.86637827243047,40.624907611025414
2018-11-08,9366.668821332189,9366.668821332189,9143.373046875,9143.373046875,11136166,40.97977407189785,-68.35066995607485,-53.56711283636693,9728.149429630013,8991.084359432485,182.9684779999132,33.87106607018375
2018-11-09,9072.858114595349,9131.620250666056,8837.8095703125,8837.8095703125,22701305,32.823547183472314,-99.75568461262264,-62.804827191618074,9741.548636775764,8902.469722599237,191.72526361152654,0.0
2018-11-12,8837.809496813588,8873.066960659573,8732.038017759494,8826.0576171875,11144951,32.55517771844016,-124.1614138992336,-75.07614453314119,9755.684984722753,8822.519995745995,188.10409784642312,12.903251249228179
2018-11-13,8696.780973512732,8767.294984724504,8649.770720221077,8673.275390625,21480614,29.211330722657905,-154.05552285071826,-90.8720201966566,9764.742472024858,8722.96885610014,187.2600120692803,2.8985270355859596
2018-11-14,8661.524056298127,8661.524056298127,8285.446568736315,8414.7236328125,32892944,24.605411630856224,-196.34642623819855,-111.966901404965,9789.200839619361,8576.285390849387,201.58635562780918,11.000038648664695
2018-11-15,8344.208844170422,8449.980325649001,8167.923345867419,8226.6845703125,27147463,21.90077063905703,-242.24302588664432,-138.02212630130086,9816.39410008098,8408.06312648152,207.3342573530787,4.545390577906982
2018-11-16,8344.208348573811,8391.218602815177,8238.436873377432,8273.6943359375,9230215,24.14560565590874,-271.69122919797155,-164.755946880635,9808.745044427715,8285.260424322287,204.27709843519287,8.181763845472164
2018-11-19,8344.208911239924,8414.723841115017,8261.942101374905,8332.45703125,6617339,26.97132738784346,-286.97936459704033,-189.2006304239161,9795.483905520747,8189.224297604253,200.59885852840142,12.727268200227234
2018-11-20,8367.712974204824,8614.513385823095,8320.703632701483,8579.2568359375,22698880,37.50171866648923,-275.9990946400758,-206.56032326714805,9768.116940238027,8146.076809761972,207.25677957077357,32.407371053742665
2018-11-21,8473.485361313073,8649.770848192511,8461.732569695327,8579.2568359375,15128863,37.50171866648923,-264.25103020495953,-218.09846465471037,9743.709493448809,8107.021268269943,205.88402949408865,32.407371053742665
2018-11-22,8602.761920351473,8638.019384416239,8414.7236328125,8414.7236328125,10906156,33.7400937039546,-265.1604542705518,-227.51086257787867,9728.20285389468,8047.31247813657,207.12772393049224,19.44443783032769
2018-11-23,8414.723069512991,8461.732410129862,8344.20814610388,8355.9609375,8173425,32.48676877457736,-267.5388168623085,-235.51645343476466,9711.870969118067,7984.903151975683,200.72747679445578,14.814752873759337
2018-11-26,8367.712890625,8508.741826210195,8355.961011608459,8367.712890625,9847577,33.022613080072404,-265.4158532092715,-241.49633338966603,9688.380045811411,7932.003352626091,197.30272050272285,16.666552562387775
2018-11-27,8414.723144142607,8508.741826210195,8367.712890625,8367.712890625,7538175,33.022613080072404,-260.72788051006137,-245.34264281374513,9662.355579639618,7885.162779735383,193.28316443718512,16.666552562387775
2018-11-28,8391.218602815177,8426.475152891418,8214.932202498661,8273.6943359375,16259395,30.757578903644486,-261.58376517367105,-248.59086728573033,9567.683310862338,7861.135634450164,194.58743486258314,10.975545271900797
2018-11-29,8320.704383824495,8379.466522250132,8038.646484375,8038.646484375,16137592,25.96304542854429,-278.02357447722716,-254.4774087240297,9507.159483953554,7794.733484796446,205.0326207920509,0.0
2018-11-30,7991.636923215675,7991.636923215675,7803.5986328125,7803.5986328125,29692242,22.231066451600356,-306.4856630935192,-264.8790595979276,9430.470133508668,7711.590218053833,207.17656584708297,0.0
2018-12-03,7991.637000741441,8226.684637904606,7991.637000741441,8179.67529296875,14984203,37.66909292130044,-295.29188882779636,-270.96162544390137,9290.821900933353,7729.013499457271,222.59866865029886,43.83558871915753
2018-12-04,8226.684706278118,8273.69496408857,8050.399205061574,8132.666015625,17136899,36.6886787352691,-286.90671585697055,-274.15064352651524,9151.993929207445,7750.317447745681,222.64846082006298,38.888937361848704
2018-12-05,8073.903470972346,8344.20856170829,8050.3987994932,8297.19921875,32168726,42.34478643438597,-263.94238788573057,-272.10899239835834,9013.209595928223,7798.6083239936515,227.73141091970777,58.333348338059864
2018-12-06,8250.190291425291,8320.70430941513,8109.161342961721,8132.666015625,18414476,38.628346679345704,-256.0676583810764,-268.900725594902,8864.572936262191,7846.174280534682,226.57509345782933,38.888937361848704
2018-12-07,8203.180598981307,8226.685273264537,8120.91378274802,8144.41845703125,13370912,39.039905587687585,-246.04233186631973,-264.32904684918554,8783.945911890116,7857.462193578633,217.946264676307,40.277832103679955
2018-12-10,8109.161415272412,8132.666088145287,7909.370327127126,7932.875,21458472,34.548799347350425,-252.25909163228062,-261.91505580580457,8705.109322637725,7846.980521112276,219.16782647829393,15.277784455430593
2018-12-11,7897.617392276424,7979.884202092475,7709.579100194577,7862.36083984375,27741888,33.17865970509551,-259.8800860866522,-261.5080618619741,8659.743560113911,7811.254828557965,222.82048900826564,16.455742199645524
2018-12-12,7862.36083984375,7862.36083984375,7862.36083984375,7862.36083984375,0,33.17865970509551,-262.88935426501666,-261.78432034258265,8654.335198850447,7761.426910524551,206.90473979338952,19.117725924342857
2018-12-13,7956.378768923199,8015.140900671183,7921.12130737765,7991.63623046875,21785876,38.37500119882162,-251.93858615815043,-259.8151735056962,8652.757487140014,7739.49978825061,203.0386912958212,35.294079802798606
2018-12-14,7979.88378137681,7979.88378137681,7850.60763347697,7874.1123046875,15367619,35.660064307706705,-249.86295751955913,-257.82473030846876,8653.006978227413,7699.292094038211,198.60939884553258,20.58819801484428
2018-12-17,7874.112827812578,7874.112827812578,7615.56005859375,7615.56005859375,17813175,30.540891856305734,-266.0145620350413,-259.46269665378327,8672.281796467812,7608.3275785321875,202.8910681579108,0.0
2018-12-18,7451.026011378583,7533.2928176268115,7204.225136391976,7309.9970703125,32432208,25.82287628741905,-300.0128431333087,-267.57272594968833,8685.624616906047,7468.058781531455,217.7799148753296,9.00001780002752
2018-12-19,7309.997382801896,7380.511856349305,6816.396067970024,6980.9296875,43606458,21.899341692531266,-349.4811127864159,-283.9544033170339,8734.103279079327,7259.747404514422,242.5181915541833,10.769228567269638
2018-12-20,6957.424601376593,7086.701204567053,6886.910132021972,7039.69140625,24241609,24.116588584920876,-379.5680688504008,-303.0771364237073,8752.603925076395,7103.743535861106,239.46625448210457,14.615362761801668
2018-12-21,6886.910132021972,7051.443741768784,6886.910132021972,7039.69140625,17732874,24.116588584920876,-398.8149082868513,-322.2246907963361,8750.679200238803,6974.041307573699,234.11392271529803,14.615362761801668
2018-12-24,7039.692133455174,7168.96875,7039.692133455174,7168.96875,12967659,29.242038231313188,-399.0367190756724,-337.58709645220335,8708.755880938235,6896.090212811766,226.6255956463482,23.0769602601755
2018-12-25,6969.177452634292,7145.4638671875,6804.643830711524,7145.4638671875,19084312,28.86035147266894,-396.53810884596714,-349.3772989309561,8651.97077861779,6830.650412788461,236.46126162078588,22.480635915488904
2018-12-26,7145.463624313743,7145.463624313743,6992.68234397249,7121.95849609375,15213457,28.46028477650195,-391.93662776924975,-357.8891646986149,8598.287162942215,6769.160444479659,230.48413744894472,22.314023760977467
2018-12-27,7251.235074213723,7309.997210155722,7121.958466389712,7274.73974609375,19373991,34.787986830346696,-371.6772864382683,-360.64678904654556,8561.485755001908,6729.571178591844,227.4523236144494,35.39819553104686
2018-12-28,7239.48273827371,7274.73974609375,7168.968266391697,7274.73974609375,29710489,34.787986830346696,-351.5689445243861,-358.8312201421137,8546.295013641073,6691.876031280803,218.7608347635639,38.83494863790892
2018-12-31,7274.73974609375,7274.73974609375,7274.73974609375,7274.73974609375,0,34.787986830346696,-331.8080618907243,-353.42658849183584,8473.783251972798,6673.894238261578,203.13506085188078,38.83494863790892
2019-01-01,7274.73974609375,7274.73974609375,7274.73974609375,7274.73974609375,0,34.787986830346696,-312.54460043254767,-345.2501908799782,8399.988607750003,6661.896255531247,188.62541364817503,38.83494863790892
2019-01-02,7262.987582594333,7392.264193487678,7239.48291015625,7239.48291015625,16681133,33.85842647144027,-296.702894174774,-335.5407315389374,8276.641808106884,6679.47142431499,186.06511862555027,37.00002533087564
2019-01-03,7227.730134453627,7262.987140966942,6933.919921875,6933.919921875,27340066,27.099824463643785,-305.2854664661936,-329.48967852438864,8189.308227262758,6646.930395784117,196.2795543731497,12.087876461486678
2019-01-04,6910.41521395259,7051.4441610474105,6745.881594422614,6980.9296875,23220796,29.43360521124029,-304.78060058806113,-324.5478629371231,8073.854442081067,6646.035304012683,204.08548381969587,29.850742045675826
2019-01-07,7121.958849536401,7133.711186108666,6851.653739648441,6898.6630859375,9894167,27.75884357943204,-307.4743451034783,-321.13315937039414,7996.782695270861,6619.68585941664,209.65490972259082,23.636386829699735
2019-01-08,6910.41531671395,6933.920445740582,6745.881694737277,6781.13916015625,12524614,25.524479912520135,-315.45597553994776,-319.9977226043049,7929.184442771397,6579.1619439473525,208.11089838549898,5.4545969808953085
2019-01-09,6816.395654346783,7004.434391143547,6816.395654346783,6933.919921875,7457715,33.067052609192174,-305.92681069591436,-317.1835402226268,7832.480260143602,6583.022034778272,209.19549357134173,29.090870905925787
2019-01-10,6957.424770850349,7074.9490413847625,6933.9200992402375,7004.4345703125,7091392,36.274886947425976,-289.34949522257284,-311.616731222616,7667.672117331329,6649.110011574921,204.3264668526575,39.99999013956439
2019-01-11,7004.435027571797,7027.939700716326,6898.6630859375,6898.6630859375,10571755,33.66832845415418,-281.5017511383585,-305.5937352057645,7504.2192214844845,6715.017985546766,198.9657631330981,23.636386829699735
2019-01-14,6910.414827370258,6922.1676191723045,6781.138679966924,6886.91015625,12827372,33.38129873950177,-273.08279217407744,-299.09154659942715,7399.794384662321,6746.577832134554,194.82741856683256,21.818124750166714
2019-01-15,6886.91015625,6957.424625852691,6851.653149569614,6886.91015625,10496463,33.38129873950177,-263.37468709181667,-291.9481746979051,7368.713825043727,6735.349700346898,188.46627983227862,21.818124750166714
2019-01-16,6910.415176354424,6969.177313364543,6851.653495586245,6922.16796875,11852234,35.300346791638034,-249.9546118895696,-283.549462136238,7369.6202874649525,6728.567066050672,183.3989611141371,27.27275990757927
2019-01-17,6922.167718786878,6922.167718786878,6792.89111328125,6792.89111328125,7783012,31.695123000288078,-246.9045059777418,-276.2204709045388,7377.189310383442,6696.318013835308,179.5330964251809,7.272707979241826
2019-01-18,6886.9104337862245,6922.167898129373,6851.653425685013,6863.40576171875,8430070,35.560977034129266,-236.07599513468358,-268.1915757505677,7377.072163620127,6678.806596145498,175.94335988396244,18.18182721288043
2019-01-21,6886.9102286211855,6992.682162257686,6863.405557253928,6945.67236328125,7621179,39.83895004952216,-218.33921648474188,-258.2211038974026,7361.167418593607,6672.381702500144,172.6100202496621,30.909057444865557
2019-01-22,6980.9292638927545,7016.186726647986,6922.167586370561,6933.919921875,6620082,39.43616532337902,-202.89220042976194,-247.15532320387447,7346.923215316815,6665.471511245684,166.99638596593087,36.36362609316286
2019-01-23,6910.41501025365,7145.463552644432,6898.662674382497,7063.1962890625,15061164,45.91394460513707,-178.16503091953837,-233.35726474700726,7340.780431208495,6665.738074650879,172.69670684421683,79.41166714632715
2019-01-24,7074.94914787039,7145.463620003971,7016.18701171875,7016.18701171875,9489125,44.06813634866634,-160.51154951394074,-218.78812170039396,7302.959050587441,6677.704181834434,169.59527123286003,67.64703303360436
2019-01-25,7051.4441610474105,7074.949289724509,6945.672678847267,6980.9296875,6399772,42.68221252564659,-147.6638329712905,-204.56326395457327,7258.159777717863,6693.122448844637,166.71536692174448,58.82347971716791
2019-01-28,7004.434953635711,7004.434953635711,6957.425151600913,6992.6826171875,6803860,43.322109162997826,-134.97762381925713,-190.64613592751004,7206.90903506574,6716.167478606135,158.1649694298198,58.064632412775374
2019-01-29,7016.187152394677,7016.187152394677,6933.920342629689,6980.9296875,7213354,42.807444446979,-124.4376352698655,-177.40443579598116,7143.636193086672,6750.059314725827,152.7436723109032,54.83868535400281
2019-01-30,6957.424941701474,6957.424941701474,6781.138987812788,6816.39599609375,26895351,36.305025646187204,-127.88691152973115,-167.50093094273117,7075.345092300029,6776.0417241062205,156.10417426635382,9.677436884568042
2019-01-31,6816.396062472087,6851.653527338325,6487.3288236775525,6510.83349609375,28509317,27.845581547986598,-153.50729137401686,-164.70220302898832,7142.720879974536,6666.35729385359,170.97706922309803,3.571407035062737
2019-02-01,6546.090567853387,6628.357372611725,6346.299495587758,6416.81396484375,28225243,25.84970626516153,-179.33100125060537,-167.62796267331174,7196.069749654007,6556.596851908493,178.91141263744575,8.823527871387144
2019-02-04,6416.81396484375,6416.81396484375,6416.81396484375,6416.81396484375,0,25.84970626516153,-197.51959444450677,-173.60628902755076,7231.89431734122,6472.587372111905,166.13202602048534,8.823527871387144
2019-02-05,6416.81396484375,6416.81396484375,6416.81396484375,6416.81396484375,0,25.84970626516153,-209.51898119819543,-180.78882746167972,7260.158757630217,6407.890412291657,154.26545273330782,8.823527871387144
2019-02-06,6416.81396484375,6416.81396484375,6416.81396484375,6416.81396484375,0,25.84970626516153,-216.5325294388549,-187.93756785711477,7270.035017647242,6346.303556571507,143.24649182378585,8.823527871387144
2019-02-07,6416.81396484375,6416.81396484375,6416.81396484375,6416.81396484375,0,25.84970626516153,-219.55986746855888,-194.26202777940358,7262.337373710072,6295.239139961803,133.0145995506583,8.823527871387144
2019-02-08,6416.81396484375,6416.81396484375,6416.81396484375,6416.81396484375,0,25.84970626516153,-219.42960675144877,-199.29554357381264,7260.5957887500645,6248.7958128124355,123.51355672561127,8.823527871387144
2019-02-11,6499.080895082235,6792.89111328125,6487.328559352982,6792.89111328125,11275778,48.76446710241143,-186.82647204928162,-196.80172926890643,7252.457532612102,6247.532164653522,141.55381327646046,55.882340566742215
2019-02-12,6792.890983337906,7016.186726647986,6757.6335205826745,6933.919921875,31613061,54.44924623853452,-147.90346757088173,-187.0220769293015,7257.9348712753645,6246.7558025527605,149.91091276137837,73.52938005275156
2019-02-13,6933.920544336287,7309.997595448513,6933.920544336287,7262.98779296875,44044216,64.38029268523721,-89.47229807666918,-167.51212115877505,7320.0427356543405,6218.729920595659,166.0656813908165,95.12193678844494
2019-02-14,7262.987028573602,7357.006167396099,7239.482357928456,7286.49169921875,25663807,64.96779045598231,-40.798308964946045,-142.16935872000923,7391.423728893431,6196.708985950319,162.59840482487556,93.02325094468945
2019-02-15,7286.492052893726,7639.064410893786,7239.482709321673,7427.52099609375,37074308,68.3418685647245,9.051721103669479,-111.9251427552735,7483.2945672550495,6161.249671026201,179.52578316396398,83.63635860662582
2019-02-18,7427.52099609375,7427.52099609375,7427.52099609375,7427.52099609375,0,68.3418685647245,48.00485895111888,-79.93914241399503,7559.401848525723,6133.327253036777,166.70251293796656,83.63635860662582
2019-02-19,7627.312323817327,7639.064660093722,7439.273574669159,7451.0263671875,23471835,68.92048265605085,79.8517075632808,-47.980972418539864,7634.43070288102,6110.009043212731,169.90545229953835,85.45456684098683
2019-02-20,7451.025991605589,7592.054476055498,7439.273199679667,7568.5498046875,23367881,71.7050324335001,113.26804029288633,-15.73116987625463,7717.656938487794,6077.318159168456,168.68229687641636,94.54542423154099
2019-02-21,7592.054619023655,7686.07421875,7498.03547553924,7686.07421875,23891903,74.19489116702248,147.53329081488118,16.921722261972533,7823.118506193091,6038.845312166283,170.06490018601235,100.0
2019-02-22,7674.321167032699,7979.883715203393,7650.816496017081,7968.1318359375,32872232,78.97641839611762,195.19831648878153,52.57704110733433,7986.116753088836,5974.567280114288,181.42220868603377,99.24815388032499
2019-02-25,8097.408483089059,8355.96170520404,8038.646345677296,8179.67529296875,46836735,81.71322718408739,247.1934891134033,91.50033070854813,8179.665688359274,5899.717612421976,196.16561301321275,90.9090778094847
2019-02-26,8179.674656447816,8320.703592764765,8050.398511692202,8109.16064453125,29351958,78.06518721934926,279.48832774322545,129.09793011548362,8331.500815114652,5860.705581369722,201.46128930316632,87.27270462502592
2019-02-27,8214.931341890726,8214.931341890726,8026.893082075897,8085.654296875,19873168,76.83375705383112,299.73034933255076,163.22441395889706,8462.995514360844,5856.136712201657,200.5025014825708,86.06050468961087
2019-02-28,8120.912938708597,8132.665730870676,7897.6171875,7897.6171875,27639365,67.64175068785322,297.1736412904829,190.01425942521425,8534.570354950118,5923.240240753008,202.9700759031498,75.47166929358468
2019-03-01,7897.617190044318,8050.398925781251,7897.617190044318,8050.39892578125,18329207,70.70807907408975,303.97164526525194,212.8057365932218,8606.695762102827,6014.4733296940485,199.38519464444275,80.88235054835278
2019-03-04,8167.92314175045,8308.951171875,8156.170349664808,8308.951171875,19957603,75.02183634885336,326.45890282259097,235.53636983909564,8702.836744257898,6107.546068242103,203.61141260510755,96.6941510117504
2019-03-05,8250.190292575226,8367.713655908003,8214.932827333445,8238.4375,22678606,71.91144135634167,334.731772920818,255.37545045544013,8757.01085722251,6235.534308793114,199.98065660292542,88.54169742148508
2019-03-06,8226.6845703125,8273.694827345997,8085.655624179769,8226.6845703125,13409592,71.3802349332889,336.46120355921994,271.5926010761961,8779.236253150104,6394.295973412397,199.1276956431613,87.49998074222196
2019-03-07,8226.685065535183,8238.437858622012,8015.14208984375,8015.14208984375,18109175,62.43972223649513,317.1066712463962,280.6954151102361,8736.991301507005,6596.373737555495,200.8539865813828,62.50007247090104
2019-03-08,8015.14208984375,8015.14208984375,8015.14208984375,8015.14208984375,0,62.43972223649513,298.3291126395234,284.2221546160936,8649.568791812919,6843.629059749581,186.50727325414118,62.02539821492405
2019-03-11,8038.6461287407055,8038.6461287407055,7897.617185255159,7944.62744140625,19314640,59.55595145115182,274.5924880705834,282.2962213069915,8590.418080014975,7017.953404360025,183.25882112781304,54.43044175170009
2019-03-12,8015.142022787154,8026.894815775656,7921.122416330922,7956.3798828125,20920218,59.88845979417381,253.80367510942688,276.5977120674786,8528.055718997719,7182.561761471032,177.72407672187884,52.70276035658522
2019-03-13,7991.636515428674,8073.9033203125,7968.131844388128,8073.9033203125,12724690,63.15099194259922,243.99888304459546,270.077946262902,8513.806251910319,7277.902781292807,173.42403106317323,59.016390071874916
2019-03-14,8073.903949927163,8144.417968547585,7968.132465754578,8038.646484375,17818144,61.534013477535055,230.7239407190773,262.2071451541371,8483.03344005626,7383.891071662489,173.62842190101844,30.000076138412084
2019-03-15,7756.587903882657,7780.092574692378,7486.28282084514,7498.03515625,67697682,43.24807271932738,174.568322229351,244.6793805691799,8473.645631732754,7400.33029600162,200.6809391602214,1.333324741699298
2019-03-18,7404.016394848192,7615.55981166367,7180.720642027732,7486.283203125,42054307,42.94928168411027,127.64489470487297,221.27248339631853,8465.365727627803,7414.486420809697,217.40652705134409,25.74257451595159
2019-03-19,7474.53048544028,7509.78749165486,7309.996877288415,7498.03515625,29361061,43.37061647499545,90.36436062922894,195.09085884290062,8458.85363036151,7425.6993969822415,216.1482475738513,26.732635366148422
2019-03-20,7404.016398835164,7662.569616051733,7404.016398835164,7592.0546875,22361736,46.7583586787182,67.62630524940141,169.59794812420077,8456.544066858061,7430.359448766938,219.17717397690254,34.653451255590845
2019-03-21,7592.054542060791,7627.312005661239,7509.78773531565,7521.54052734375,10884252,44.60320839666274,43.41585814163773,144.36153012768818,8470.489883378648,7399.960263105725,211.91625228895157,28.712880474492497
2019-03-22,7545.045551184071,7568.550223853819,7486.283413267752,7509.7880859375,16667378,44.23724068398766,23.01527481805897,120.09227906576236,8479.911306615213,7344.704464869163,202.6555778816027,27.722778488312194
2019-03-25,7309.996762901093,7439.272906573543,7309.996762901093,7380.51123046875,14852819,40.31840228795899,-3.5430541459909364,95.36521242341169,8472.29950477524,7272.399860459136,202.45098824980306,18.279534057141618
2019-03-26,7427.52099609375,7462.7784600147215,7357.006524493739,7427.52099609375,13976945,42.31942000061519,-20.560418279978876,72.18008628273358,8458.670879191533,7217.864521199091,195.54534162631592,23.333302152411328
2019-03-27,7498.035678690073,7603.8076171875,7439.273541329495,7603.8076171875,10095039,49.19811802502449,-19.596053815881533,53.82485826301056,8431.544672659367,7196.806059762508,194.16971873113263,43.902474720734055
2019-03-28,7556.79754070378,7627.31201171875,7545.045204908273,7627.31201171875,9990489,50.053376057558374,-16.742186323673195,39.71144934567381,8422.159181206383,7179.161033637367,186.17665359394294,46.34145570412332
2019-03-29,7650.816610717415,7686.074074011333,7498.035334341584,7568.5498046875,25975589,47.8830122530885,-19.00303957502092,27.968551561534866,8394.652470169545,7158.48283256483,186.30965974221485,40.24387657692425
2019-04-01,7533.293214849196,7568.550223853819,7498.035749602625,7509.7880859375,14590689,45.746816186071115,-25.245349007556797,17.325771447716534,8311.604791712398,7161.614202428228,178.03857506428477,34.14634811721554
2019-04-02,7568.550082386662,7580.3024185018685,7509.787945568692,7545.04541015625,7143031,47.26695089007632,-27.035800915798063,8.453456975013614,8231.34250972424,7172.53727543201,170.35828205491993,37.80489559353498
2019-04-03,7521.540737925838,7556.797746271456,7498.035609453486,7545.04541015625,15009883,47.26695089007633,-28.130476332046783,1.1366703136015346,8139.650970599428,7196.064898541198,162.3871288237092,60.784422538577786
2019-04-04,7556.797920421578,7615.56005859375,7521.540911263444,7615.56005859375,10992499,50.48500224465709,-23.04245262233053,-3.6991542735848784,8090.702706837494,7205.054959178131,157.50370157418035,86.04659413495949
2019-04-05,7615.560267987887,7674.321951533795,7580.30280161838,7639.06494140625,7301446,51.54645118153823,-16.918483820590154,-6.343020182985934,8036.781101469413,7221.368849702462,152.96909074141143,87.50014126980838
2019-04-08,7639.064731365839,7674.321740523972,7592.054929579711,7615.56005859375,5489432,50.38330662473944,-13.802732717993422,-7.834962689987432,7992.305791364226,7232.9374215264,147.91892789875783,81.25012774383687
2019-04-09,7627.312219204632,7639.064555319838,7521.540737925838,7545.04541015625,11464922,46.95982993295034,-16.829421242679018,-9.633854400525749,7936.238850949649,7247.870914675352,145.74784857698947,62.500087165922345
2019-04-10,7521.540878514322,7533.293214849196,7439.273611686306,7509.7880859375,8774965,45.30232110344681,-21.821520209751725,-12.071387562370944,7823.960829038302,7303.737413149198,142.89241642648622,53.125066876965086
2019-04-11,7521.540878514322,7533.293214849196,7486.283413267752,7509.7880859375,6030229,45.30232110344681,-25.484030566178262,-14.75391616313241,7671.084114916782,7403.728287426969,136.04365822326895,53.125066876965086
2019-04-12,7509.787840606174,7533.29296875,7486.283168704281,7533.29296875,6268747,46.75537985952599,-26.18806904766643,-17.040746740039214,7671.584833265102,7406.753350328649,129.68409692487253,53.571506675359856
2019-04-15,7533.29296875,7533.29296875,7533.29296875,7533.29296875,0,46.75537985952599,-26.44122661524125,-18.920842715079623,7671.631496676267,7411.407663479983,120.4209471445245,38.09530976244274
2019-04-16,7498.035817919611,7521.54094704547,7415.769006583984,7462.77880859375,6147659,42.79952089083198,-31.963306128052864,-21.529335397674274,7673.2604310618535,7406.253094328771,120.2140196460596,17.391387611481143
2019-04-17,7462.7784600147215,7486.283131800748,7404.016324307723,7427.52099609375,7395382,40.934587445246855,-38.73805653121872,-24.971079624383165,7671.581623188849,7391.47853306115,117.50350449227143,8.333283453734511
2019-04-18,7380.511964960498,7415.768974132073,7357.0068359375,7357.0068359375,9496599,37.42251801041347,-49.229511286548586,-29.82276595681625,7683.680299434887,7362.926487674487,114.14712275398419,0.0
2019-04-19,7368.759316628682,7451.026124121708,7368.759316628682,7427.52099609375,4825718,42.71543383709306,-51.263230740093604,-34.11085891347172,7685.14931252783,7353.230765597169,112.70942028471444,22.22212453501957
2019-04-22,7368.759386833246,7545.045339391844,7368.759386833246,7486.283203125,7250602,46.756966901345955,-47.584820853739075,-36.805651301525195,7678.114190407684,7370.843084982941,117.25060116142042,40.74068988001573
2019-04-23,7521.540283301632,7521.540283301632,7486.28282084514,7498.03515625,6702132,47.55389363183059,-43.22312088319086,-38.08914521785833,7675.380202919509,7380.628488486741,111.3939483967827,44.44424907003914
2019-04-24,7521.540544780664,7838.85498046875,7498.0354169119,7838.85498046875,23061983,64.2609015908838,-12.125357197839548,-32.89638761385458,7740.433423577599,7339.080004156776,127.78151095549465,100.0
2019-04-25,7874.112371561967,7909.369834919123,7756.588102027345,7780.0927734375,16277800,60.67223309517778,7.689584811812892,-24.779193128721083,7772.277623603798,7322.513880302452,129.56724109380062,76.59563335705552
2019-04-26,7803.59850013882,7944.627443664453,7780.092915814662,7897.6171875,11213406,64.89476631535388,32.50164836496788,-13.323024829983293,7838.002213086695,7289.696029100805,132.06491460331148,91.99989660908953
2019-04-29,7897.6171875,7897.6171875,7897.6171875,7897.6171875,0,64.89476631535388,51.57091014176967,-0.3442378356327005,7893.746976076625,7272.734176267124,122.63170641736066,91.99989660908953
2019-04-30,7897.6171875,7897.6171875,7897.6171875,7897.6171875,0,64.89476631535388,65.92351227297695,12.90931218608923,7940.877216320766,7260.86111375736,113.87229881612062,91.99989660908953
2019-05-01,7897.6171875,7897.6171875,7897.6171875,7897.6171875,0,64.89476631535388,76.41716337551134,25.610882423973653,7982.063069912835,7254.932437899665,105.73856318639773,91.99989660908953
2019-05-02,7921.12130737765,7991.63623046875,7827.102626567916,7991.63623046875,15136376,68.53048522863328,91.26792862571074,38.74229166432107,8037.303085799498,7237.3000392005015,109.93820895171464,100.0
2019-05-03,7991.637066018176,8085.655756657844,7921.122135554531,8026.89453125,13897479,69.79389266257118,104.67568119316638,51.92896957009013,8093.008903147712,7220.377180836663,113.83788124825736,91.93559151233593
2019-05-06,7850.608047376934,7944.627649659801,7803.598702477444,7862.36083984375,17888983,58.076478006603274,100.86225062878748,61.7156257818296,8114.3186925976215,7223.7474695117535,121.65630607142155,69.35493754751683
2019-05-07,7944.627230802932,7944.627230802932,7850.60763347697,7874.1123046875,11210583,58.61094602786069,97.66253156299172,68.90500693806203,8135.772149026115,7235.200702536385,119.6822554467459,70.96771216497353
2019-05-08,7815.350864704845,7827.1036575961025,7756.588725216397,7791.84619140625,11180888,53.47167620155128,87.48012688714971,72.62003092787957,8144.33917417247,7254.839487936904,119.52806430562858,59.01645637413926
2019-05-09,7768.340959749434,7815.350302967775,7662.569481266238,7733.08349609375,8397512,50.092864660907004,73.81791246505418,72.85960723531448,8146.563285654978,7274.944917470022,121.90326126247919,50.819633714931854
2019-05-10,7780.092765189923,7803.598349059006,7662.569408263733,7721.33154296875,7589893,49.420293078755016,61.33519080284168,70.55472394881993,8147.8837638413215,7292.428296705554,123.26938122910734,39.215771697282555
2019-05-13,7744.836384592835,7744.836384592835,7521.540632799053,7533.29296875,15147945,40.134793751851916,35.8560759924585,63.614994357547644,8147.8837638413215,7292.428296705554,130.41412198372697,6.000056406036503
2019-05-14,7451.026436705228,7615.56005859375,7451.026436705228,7615.56005859375,7238080,45.00334854799007,22.047807157129682,55.301556917464055,8141.392276499544,7314.1979090473305,132.85122911978377,25.925940815467985
2019-05-15,7615.56005859375,7686.0745331519665,7592.054929579711,7615.56005859375,10085975,45.00334854799007,10.978105851307191,46.436866704232685,8130.0842614393305,7344.309830357545,130.07754158067462,25.925940815467985
2019-05-16,7627.312151775866,7686.074288074353,7592.0546875,7592.0546875,5480368,43.822397072401245,0.30508399053269386,37.210510161492685,8106.417453525275,7391.481423427849,127.50197436593736,22.222145488850394
2019-05-17,7592.054581941658,7615.559709879404,7568.549910245842,7580.30224609375,5929416,43.211826992733855,-8.997963607899692,27.968815407614212,8090.915661854079,7422.261340099046,121.75253331362487,20.370286295340794
2019-05-20,7580.3024905820785,7768.341238939232,7580.3024905820785,7709.5791015625,8810862,51.25689863183797,-5.871451590841389,21.200762007923093,8078.128778703478,7457.377813093397,126.48728042304327,40.74073742394643
2019-05-21,7744.836288140263,7803.598423405117,7709.578824484579,7733.08349609375,8537243,52.57247319885133,-1.47999957394768,16.66460969154894,8063.56397252303,7495.447453258219,124.16816031572145,44.44437887136725
2019-05-22,7756.58837890625,7850.607980386838,7733.083706657073,7756.58837890625,9995259,53.912097326566986,3.8524962143474113,14.102186996108633,8058.211901069515,7492.572864555485,123.69361202839048,48.14809725838646
2019-05-23,7756.58830820426,7768.34110046366,7674.32149984007,7697.826171875,10070471,50.10203124342013,3.2988909723208053,11.941527791351069,8056.195924555433,7486.362180913317,121.57403978519045,49.99982347946245
2019-05-24,7639.064661757129,7674.321670593994,7556.7978515625,7556.7978515625,14580552,42.36391443961137,-8.422561945617417,7.868709843957372,8047.971471546769,7460.504700328231,122.96363125142686,21.428534176210352
2019-05-27,7545.045133319502,7603.807267981419,7545.045133319502,7568.5498046875,6755043,43.15183923270611,-16.572575099893584,2.9804528551871816,8034.551500141432,7441.017933452317,118.37781006646182,29.411610681377176
2019-05-28,7639.064448550451,7639.064448550451,7533.29296875,7533.29296875,11285994,41.32652699289774,-25.581562915494942,-2.731950298949243,8019.732965016098,7419.4040467026525,117.47735790460389,20.588171136933916
2019-05-29,7592.0551383275615,7639.06494140625,7533.293454781653,7639.06494140625,6600007,48.38092595273495,-23.910708679749405,-6.967701975109275,7996.615797995788,7416.665989113588,116.64125895829291,47.0588563647106
2019-05-30,7639.064341447412,7639.064341447412,7509.78773531565,7521.54052734375,16673500,42.29594616226446,-31.704315073485304,-11.91502459478448,7951.2272828857995,7415.0449339110755,117.54382661060055,17.646983889403174
2019-05-31,7521.540737925838,7568.550082386662,7521.540737925838,7545.04541015625,13493232,43.81788680101945,-35.57408082628717,-16.646835841085018,7879.41961273644,7438.66769195106,112.50566435576567,23.52935838446466
2019-06-03,7533.2927169036675,7545.04505246172,7380.511442165144,7404.01611328125,48795795,37.43766123245694,-49.45074627134454,-23.207617927136923,7862.718375339798,7409.534456691453,116.22197175828997,4.999966858939339
2019-06-04,7516.839451017594,7577.951688683227,7348.779999013725,7425.17041015625,10206698,38.87538249683653,-58.07171407705846,-30.180437157121233,7829.706275314998,7397.652367263127,124.28980875194802,15.222429593005996
2019-06-05,7455.726786356176,7547.395827577106,7241.833269324538,7272.38916015625,9139212,32.9805005665674,-76.3519257302305,-39.41473487174309,7836.033534714041,7339.379404739084,137.23786228770652,5.0192444391115085
2019-06-06,7302.945293225437,7302.945293225437,6829.323296188716,6936.2705078125,21657967,24.263587897577068,-116.61680540922134,-54.85514897923875,7921.86381045346,7173.867830171539,161.2653004840647,10.471831535176232
2019-06-07,7027.939306371758,7119.607891485374,6982.104785693984,7012.6611328125,15599387,28.865296467602178,-140.74055808752928,-72.03223080089685,7946.664076882274,7078.200522727101,162.84187785469396,17.951687659717976
2019-06-10,7104.330520915932,7150.164587588842,6982.105126476296,6997.38330078125,20082011,28.49243263021684,-159.2557975492373,-89.47694415056495,7976.849540684031,6994.424092128468,163.21456237311193,16.45574512110587
2019-06-11,7027.939453125,7089.05214863815,6936.270866097215,7027.939453125,13482639,30.428095648448803,-169.50963058669458,-105.48348143779087,7983.70628688534,6928.805285380285,162.46932809938505,21.15147934704433
2019-06-12,6997.38291164749,7104.330125834695,6982.104738192175,7058.49560546875,9579062,32.39877954964712,-173.17399895515427,-119.02158494126355,7978.768645640879,6878.036481312245,159.59476092389465,27.121035521675257
2019-06-13,7150.16438790936,7150.16438790936,6997.383105368424,7027.939453125,7715907,31.439718164694725,-176.508977790284,-130.51906351106766,7972.627592988491,6827.766010527134,159.10808389654045,24.52833667495593
2019-06-14,7027.939306371758,7043.217479931016,7012.6611328125,7012.6611328125,6324067,30.946442027442544,-178.3291380103683,-140.08107841092777,7962.639486873648,6780.990005313852,149.9258169838244,22.641522479003896
2019-06-17,7012.6611628168375,7027.9393364414655,6859.8798828125,6859.8798828125,11143520,26.47342346560707,-189.91062663852063,-150.04698805644637,7939.76431706716,6718.89525324534,151.22107674419163,3.773621722960168
2019-06-18,6859.879663757147,7058.495458293002,6859.879663757147,7043.21728515625,15467591,38.0458869214762,-182.19501296491035,-156.47659303813916,7886.896489956314,6702.776459262435,154.6064137293105,26.415110141687236
2019-06-19,7165.442545954465,7287.66748046875,7119.60802442088,7287.66748046875,25582308,49.46640201441224,-154.57341957216795,-156.09595834494493,7822.157125222594,6720.623734152406,161.02382669953832,61.22452592971813
2019-06-20,7364.058133180157,7364.058133180157,7211.27685546875,7211.27685546875,13363564,46.576915758920165,-137.2648886283132,-152.3297444016186,7760.219032063365,6733.906895671009,160.43507320038609,51.0204479431141
2019-06-21,7302.945735912761,7302.945735912761,7211.277148063273,7241.83349609375,13543706,47.8881993208712,-119.7022347776774,-145.80424247683038,7723.344908512777,6739.284583674723,155.52320228921644,55.10213131651408
2019-06-24,7272.389339448185,7348.780209015616,7119.608056555264,7134.88623046875,9446715,43.83295374637696,-113.10959856532554,-139.26531369452942,7676.674392550666,6742.588742214958,160.78384158715465,42.55321307016571
2019-06-25,7089.05195237938,7150.164189958711,7027.93925855812,7058.49560546875,10044812,41.1523167739032,-112.74926850077281,-133.96210465577812,7631.43725528243,6740.3461431550695,158.02963371668585,42.857187044221355
2019-06-26,7043.217823696114,7104.330520915932,6997.38330078125,6997.38330078125,5828502,39.09261081983176,-116.05712231699727,-130.38110818802195,7551.831198731541,6755.784035643459,154.38088988939984,27.272810197838197
2019-06-27,6997.383287121454,7012.661461396583,6890.4365234375,6890.4365234375,11488208,35.72297988183959,-125.85752424240764,-129.4763913988991,7496.904646212334,6747.60018777204,152.08403618009152,6.060722845884909
2019-06-28,6890.4363132369,7180.720703125,6859.879965618797,7180.720703125,11997228,48.65880135913697,-108.94505530015158,-125.3701241791496,7423.495722572936,6784.576640708314,164.1380862748138,63.636402350744746
2019-07-01,7089.05214863815,7119.608040152785,6966.826757611849,7027.939453125,11731801,43.67662882329112,-106.6406844160465,-121.62423622652898,7373.051539638556,6797.413157627068,167.69207622040932,33.333392748838236
2019-07-02,7027.939287370425,7027.939287370425,6890.436181950799,6905.71435546875,14606422,40.13610442007974,-113.37013741770352,-119.97341646476389,7309.171764777065,6809.347327019811,165.53573300282298,9.090965697931763
2019-07-03,6905.714534771053,6920.992708685691,6752.933251866612,6768.21142578125,19312059,36.54684675708448,-128.31942817848721,-121.64261880750855,7294.91625183375,6773.185066525625,165.71599898969836,2.5000084895576284
2019-07-04,6722.376342289297,6875.157612426738,6722.376342289297,6814.044921875,15461384,38.52043223750524,-134.91327249722417,-124.29674954545169,7303.748690266784,6752.13006949884,164.79208978596566,14.285675686454741
2019-07-05,6814.044921875,6859.879439788803,6768.2108602031,6814.044921875,9378402,38.52043223750524,-138.5419166501124,-127.14578296638385,7309.964290174544,6726.052848497332,159.56898191451833,14.285675686454741
2019-07-08,6783.489899432504,6814.045792369988,6630.70860977724,6645.986328125,22717534,34.020641317336484,-153.2124297567898,-132.35911232446506,7336.572257310361,6664.305184095889,161.2667105343919,2.0832792359184835
2019-07-09,6645.986328125,6645.986328125,6645.986328125,6645.986328125,0,34.020641317336484,-162.9604109115162,-138.47937204187528,7352.475352077084,6610.206776829166,149.74765978193534,2.0832792359184835
2019-07-10,6539.039404690368,6645.986167999739,6508.4830562471325,6523.76123046875,11454907,30.969230814751143,-178.49076962456093,-146.4816515584124,7375.979930404794,6533.2287610014555,148.8730606459305,1.8181870748081574
2019-07-11,6539.039015221329,6615.429881779532,6539.039015221329,6584.87353515625,9491881,34.14954393138143,-183.74929109561253,-153.93517946585243,7383.159272604388,6481.742827004987,144.7870314077056,9.090888700198233
2019-07-12,6630.708075309023,6722.376659216451,6615.429901950798,6691.8203125,10295653,39.41031703714805,-177.24383945610134,-158.59691146390222,7377.8090721413855,6455.00894543674,144.2667523114553,27.272685054810136
2019-07-15,6722.376337178865,6722.376337178865,6554.31689453125,6554.31689453125,11933165,35.485070564160964,-181.0960364487937,-163.09673646088052,7389.840073923287,6412.421644826713,145.96623019260952,6.818100488270427
2019-07-16,6600.15185546875,6615.430029120672,6554.317334512986,6600.15185546875,10628690,37.712113815344416,-178.39401685034682,-166.1561925387738,7380.566383089456,6377.388792691793,139.90529479238185,13.636367978997157
2019-07-17,6615.430275798455,6615.430275798455,6508.4830562471325,6523.76123046875,16699777,35.51187458332326,-180.33790871081965,-168.99253577318296,7327.453538440451,6354.111012340799,137.55114656087764,2.272734098212929
2019-07-18,6523.761564890243,6539.039739895051,6370.980271084133,6401.53662109375,25937209,32.26799796556145,-189.55587933556762,-173.1052044856599,7291.891784240286,6308.698743103463,139.7303124358805,4.081647952711022
2019-07-19,6416.814289618002,6477.926984813597,6233.476660273155,6294.58935546875,34193571,29.710602457631225,-203.14916093660395,-179.11399577584874,7247.926473336884,6257.939639944367,147.21031330049203,7.692331031213195
2019-07-22,6294.589275272938,6477.926902281984,6202.920233647449,6340.42333984375,21057026,32.1909698892393,-207.82780547802486,-184.85675771628397,7206.652228355366,6219.7675958633845,156.33862439578084,19.148917550276256
2019-07-23,6355.7018144356925,6645.986214179574,6355.7018144356925,6630.70849609375,27560960,45.34546790085519,-185.9683514950575,-185.07907647203868,7158.610140817038,6225.030972464212,166.99749939149822,63.63648853075068
2019-07-24,6630.708055091171,6661.263945472529,6539.039015221329,6584.87353515625,11306965,43.897421501255266,-170.37905136671998,-182.13907145097494,7117.124095038188,6225.266041680562,163.7994587386198,58.13957669490642
2019-07-25,6584.87353515625,6584.87353515625,6584.87353515625,6584.87353515625,0,43.897421501255266,-156.22357062381525,-176.955971285543,7091.025245310693,6220.808592579931,152.09949740014696,62.49997174184857
2019-07-26,6584.87353515625,6584.87353515625,6584.87353515625,6584.87353515625,0,43.897421501255266,-143.35276866713684,-170.23533076186177,6984.818954016586,6267.430167077164,141.23524758585074,73.52942089231392
2019-07-29,6584.87353515625,6584.87353515625,6584.87353515625,6584.87353515625,0,43.897421501255266,-131.63515723478577,-162.5152960564466,6908.869519074165,6299.073010222711,131.14701561543285,73.52942089231392
2019-07-30,6584.87353515625,6584.87353515625,6584.87353515625,6584.87353515625,0,43.897421501255266,-120.95457668539711,-154.2031521822367,6857.721689754593,6318.136757511033,121.77937164290194,73.52942089231392
2019-07-31,6539.039427593426,6890.4365234375,6508.483079043167,6890.4365234375,19993668,57.12033773028855,-86.83280566061512,-140.7290828779124,6885.680099491896,6302.400857539355,140.36323398228987,100.0
2019-08-01,6875.158008432849,6951.548419780672,6798.767140843095,6905.71435546875,18191610,57.65769678102368,-57.890932294995764,-124.16145276132907,6907.211022854748,6290.036877535877,141.2502371933818,93.87759302135528
2019-08-02,6783.4894709312985,6890.436230061755,6752.933123682044,6859.8798828125,21840371,55.414080739239296,-38.212260869496276,-106.97161438296253,6916.8326882771335,6284.998708207241,142.0738796643335,87.75513149703144
2019-08-05,6829.323665197861,6875.158186941776,6722.376904037335,6768.21142578125,18848877,51.12889164723797,-29.671614463184596,-91.51161439900694,6931.234939281207,6282.818966968793,142.83869418148402,75.51027367184972
2019-08-06,6768.21142578125,6768.21142578125,6768.21142578125,6768.21142578125,0,51.12889164723797,-22.64208677204988,-77.73770887361555,6944.956813959818,6281.319602055808,132.63593031137802,75.51027367184972
2019-08-07,6691.820411135068,6768.2112790521705,6661.264063968228,6752.93310546875,10656884,50.37588706243441,-18.09537596464179,-65.8092422918208,6959.235781238753,6289.957822276872,130.80103256149548,73.46943142258645
2019-08-08,6768.211286097588,7119.60791015625,6768.211286097588,7119.60791015625,34014470,64.05732580325842,14.923488728082702,-49.6626960878401,7051.618008349364,6251.049032666262,147.64915914192437,100.0
2019-08-09,7150.164189958711,7180.720536869341,7027.93925855812,7058.49560546875,11262901,61.03692924823076,35.7478457204943,-32.58058772617322,7109.404211968645,6229.930358343855,148.01573908258842,85.18519300506891
2019-08-12,7058.495577757342,7287.66726620349,7058.495577757342,7211.27685546875,24852751,65.4259846469644,63.843520335967696,-13.295766113745039,7200.290560619801,6204.74000578645,153.81259260855694,90.1961035665856
2019-08-13,7119.607377164564,7302.944990389409,7119.607377164564,7165.44189453125,19629409,63.128488628881975,81.4718893720401,5.6577649834119885,7266.808302084116,6194.751268228384,155.92152265257752,82.69229853635707
2019-08-14,7272.388645478285,7272.388645478285,7150.163722075688,7165.44189453125,11838400,63.12848862888197,94.35483503423893,23.39717899357738,7322.993122166101,6202.734514552649,153.51462270615033,82.69229853635707
2019-08-15,7027.939211361434,7104.330078125,6966.826517950582,7104.330078125,21040391,59.877142115083664,98.4980255117116,38.41734829720423,7350.820945916989,6245.186036504886,156.7361051257588,75.00007118933499
2019-08-16,7104.329977703257,7134.885867734843,6997.382765745994,7043.21728515625,27081449,56.73050858940407,95.7465357001256,49.883185777788505,7344.368908939105,6326.500866451521,155.36231918740808,67.30772092106443
2019-08-19,7027.939112019498,7119.60769459809,7012.660938882746,7043.21728515625,7769848,56.730508589404074,92.49968145230014,58.406484912690836,7330.267126629444,6410.882043292431,151.9040646536892,67.30772092106443
2019-08-20,7043.217823696114,7119.608238978933,6951.548777866386,6997.38330078125,14649539,54.250715643615415,85.24545009486064,63.7742779491248,7337.433169384692,6440.383481005933,153.05802154360757,52.381054660241375
2019-08-21,6997.383201563818,7104.330420182072,6966.826853387174,7089.05224609375,14737851,58.18735549744508,85.90309979592803,68.20004231848546,7347.097063893892,6481.137457590484,151.94698906155688,66.66680658741195
2019-08-22,7119.60769459809,7134.885867734843,7027.939112019498,7043.21728515625,10135449,55.610684693568025,81.78304954624127,70.91664376403662,7344.401115614834,6529.667780869541,148.7326866796846,59.523854529738486
2019-08-23,7104.330484344285,7165.442725007555,7058.495961665368,7150.16455078125,16471657,60.05541793657742,86.15449518912192,73.96421404905368,7347.44819647754,6583.149801569335,146.83931190622894,76.19059047613355
2019-08-26,7058.495702143662,7073.773875808231,6936.270769069048,6966.82666015625,17361478,50.68581990109399,73.97235454392467,73.96584214802787,7322.086931928639,6646.706378618235,151.62891689236992,47.61908662179239
2019-08-27,7027.939687184668,7043.217861571783,6844.60205078125,6844.60205078125,27507325,45.58033083870609,53.83484127297015,69.93964197301634,7286.92565926928,6707.840502840096,154.98512359938158,14.285758326161812
2019-08-28,6844.6016100537845,6875.157956860475,6752.933025875642,6798.76708984375,13257302,43.79863194435988,33.78773466084931,62.709260510582936,7292.2047664419115,6693.394452308088,152.64510984119954,8.333284896561729
2019-08-29,6798.767317368584,6798.767317368584,6722.376904037335,6768.21142578125,15112629,42.60305608944595,15.258777821172771,53.219163972700905,7299.718574522387,6672.130351258864,147.1983458047745,7.894771142504579
2019-08-30,6768.211084667872,6859.879667293723,6737.654738378615,6783.4892578125,10181103,43.4344810411112,1.7866440738198435,42.93265999292469,7304.111154548359,6660.098708732891,145.41453031265553,10.526302635605814
2019-09-02,6783.4892578125,6783.4892578125,6783.4892578125,6783.4892578125,0,43.4344810411112,-8.788807085204098,32.588366577298935,7302.8043823762455,6662.933264108129,135.02777814746585,11.111099849443075
2019-09-03,6783.489633436238,6814.045525175555,6615.43017578125,6615.43017578125,16430344,36.65973224810445,-30.380682120148776,19.994556837809395,7322.844300846947,6627.615220637429,139.56974752224005,0.0
2019-09-04,6569.595508164908,6661.264093834501,6569.595508164908,6600.15185546875,17887133,36.10833533105342,-48.16995811695597,6.361653846856322,7341.494964598988,6593.686431885387,136.14823596133672,5.128218516444176
2019-09-05,6615.430321765972,6707.098911490688,6600.1521474381925,6630.70849609375,7580625,38.11321202174775,-59.12091290087028,-6.734859502688998,7338.513685523006,6547.7777695551185,134.0624373942368,10.256486260467135
2019-09-06,6661.263993634913,6691.820340479123,6539.0390625,6539.0390625,12860629,34.60499920092222,-74.33963955214676,-20.255815512580554,7347.351566538303,6486.994234242947,135.3994974360144,0.0
2019-09-09,6569.595341151681,6584.873514415199,6477.9267578125,6477.9267578125,10859195,32.45990475033294,-90.29102360383422,-34.26285713083129,7329.728097734763,6431.282693280863,133.3671588050633,0.0
2019-09-10,6477.92701864083,6523.761084034931,6447.370670883471,6508.48291015625,10549612,34.64145217097739,-99.32206136501372,-47.274697977667785,7305.15339685044,6390.161495727684,129.29739125837736,8.510599865542046
2019-09-11,6508.483114310694,6737.6552734375,6493.204939952776,6737.6552734375,14375274,48.16459772055618,-86.9842293621341,-55.21660425456105,7260.621970623328,6391.914259845422,137.52260141740211,40.42555352026936
2019-09-12,6768.211585478416,6905.7146977126295,6768.211585478416,6890.4365234375,17018564,54.86876772880398,-64.13888543552366,-57.001060490753574,7231.230722266219,6399.916152733781,139.70380305009692,70.73173461927726
2019-09-13,6875.158008432849,6920.992528986701,6844.601661396947,6905.71435546875,14264333,55.48872947359681,-44.29043979895596,-54.458936352394055,7212.892214831045,6404.504367200205,135.18145051721527,76.92302518969815
2019-09-16,6859.879496443542,6920.9921875,6798.766805387083,6920.9921875,16514162,56.13760990409395,-27.01618451084505,-48.97038598408426,7195.3865082313605,6409.7875640342645,134.2560170597654,99.99992789887233
2019-09-17,6920.992334723388,6936.2705078125,6844.601469277828,6936.2705078125,10999584,56.8155950647814,-11.95556368171765,-41.56742152361094,7186.863218675876,6412.199574292875,131.21409002225874,100.0
2019-09-18,6936.270866097215,7043.217627003288,6905.714518340639,7027.939453125,18809736,60.73700813967729,7.292936180067954,-31.79534998287516,7175.056040081808,6417.895473590067,131.66330563942947,97.43588958181813
2019-09-19,7027.939306371758,7043.217479931016,6936.270721258142,7012.6611328125,10419926,59.76294810312363,21.071775919444008,-21.221924802411326,7169.561419531247,6420.334478906253,129.89783799896125,94.87175458782686
2019-09-20,7012.660767842781,7012.660767842781,6890.435841971771,6920.9921875,15593332,54.15150962287598,24.314406563035845,-12.114658529321893,7124.902729193618,6442.075932915757,129.34979891623038,79.48710851873348
2019-09-23,6905.714585197473,6905.714585197473,6722.376953125,6722.376953125,16382580,44.41971442297927,10.733891572253015,-7.544948509006911,7102.392240481032,6440.141450925218,134.29733002042823,46.15384528140966
2019-09-24,6707.098730122697,6768.21142578125,6676.542382293421,6768.21142578125,6069649,46.79596024945634,3.627874608210732,-5.3103838855633825,7096.768349782697,6438.126279123552,131.25245241095686,53.846168315956355
2019-09-25,6752.933005932902,6752.933005932902,6645.985792425324,6691.8203125,12116425,43.46089352178347,-8.074738883012287,-5.863254885053164,7092.750138911648,6431.449812260227,130.60767962131183,41.02557529342714
2019-09-26,6722.376679068952,6798.76708984375,6630.708094890809,6798.76708984375,10191592,48.94657507405287,-8.62006648679926,-6.414617205402383,7094.678944185538,6432.576573392587,133.2827735735711,58.97427440908468
2019-09-27,6798.767317368584,6859.8800130271375,6768.21142578125,6768.21142578125,9754678,47.527722211432824,-11.386571953591556,-7.409008155040217,7093.792568421184,6431.935165953815,130.31033169302225,53.846168315956355
2019-09-30,6783.489501277371,6798.76721872841,6707.0986328125,6707.0986328125,10461789,44.73463776548565,-18.299395083730815,-9.587085540778338,7090.733205186692,6427.355466688308,127.55020699465707,38.88886527449876
2019-10-01,6707.098485858226,6783.489352649353,6676.542139141775,6691.8203125,12426345,44.03786450116262,-24.72566787348387,-12.614802007319446,7089.307332879001,6436.420352667875,126.07856460272289,14.814740715501276
2019-10-02,6722.377201073614,6737.655375663336,6630.70860977724,6645.986328125,13340752,41.928028586704166,-33.1349952472392,-16.718840655303396,7087.406056023125,6442.905076789375,124.71200755153525,3.7037285310598174
2019-10-03,6630.708055091171,6630.708055091171,6554.317188532969,6584.87353515625,13938788,39.229282659401335,-44.22098741225,-22.219270006692717,7089.75865085087,6435.968985867879,122.35180269728492,6.250014158073977
2019-10-04,6600.152101576838,6630.7084500200735,6508.4830562471325,6523.76123046875,14603456,36.68630391530743,-57.27770657743167,-29.23095732084051,7091.260567515391,6432.9392860002345,122.34277348840321,2.8571510160663482
2019-10-07,6523.761084034931,6569.595605670971,6477.92701864083,6508.48291015625,10154928,36.057009753568906,-68.07337584485413,-36.999441025643236,7087.475480441237,6439.779988308763,120.15176016995589,5.405342148516228
2019-10-08,6539.03903515967,6691.8203125,6493.204515084994,6691.8203125,12161407,47.65942443167013,-61.13055043043005,-41.8256629066006,7075.951422295733,6469.637786688641,125.75633425888807,37.83776810438164
2019-10-09,6691.8203125,6691.8203125,6630.708075309023,6691.8203125,9422221,47.65942443167013,-54.994370399977925,-44.45940440527607,7075.465766374105,6465.539946516519,121.13889875403729,39.999961509515565
2019-10-10,6691.820142360052,6752.932834239161,6569.59521484375,6569.59521484375,12030590,41.79579260992292,-59.31025571166174,-47.4295746665532,7066.531675933522,6442.389906097727,125.58166451413541,21.4284386385461
2019-10-11,6600.151560783304,6630.707906722858,6539.038868904196,6569.59521484375,12684647,41.79579260992292,-62.015746987633975,-50.34680913076936,7051.625319832532,6423.6843481362175,123.15933403588733,23.999863216206787
2019-10-14,6630.707757662849,6630.707757662849,6554.31689453125,6554.31689453125,9043468,41.063377737242575,-64.64748511211201,-53.206944327037895,7031.029651102487,6407.612487569389,119.8187289712953,19.999810713136867
2019-10-15,6569.595753133603,6630.7084500200735,6523.76123046875,6523.76123046875,11048113,39.56992787571082,-68.4101535951122,-56.24758618065276,7004.49534601994,6392.895864917559,118.89933544129732,11.999961383091817
2019-10-16,6539.0392579136105,6569.595605670971,6508.48291015625,6508.48291015625,8015276,38.80986988176787,-71.79729372956899,-59.35752769043601,6947.43857002723,6398.006986613395,114.77171830368474,7.999908880021894
2019-10-17,6508.48271565579,6615.4299296105255,6508.48271565579,6539.0390625,14773231,41.24076028648287,-71.19530540031701,-61.72508323241221,6878.261861873265,6419.82148773611,114.21282513590263,19.04750210306814
2019-10-18,6584.873582766315,6584.873582766315,6508.48271565579,6539.0390625,7000325,41.24076028648287,-69.91231961072845,-63.36253050807546,6824.83836571291,6435.049671396465,111.51125670551849,19.999861585513713
2019-10-21,6539.038994624647,6554.3171678881645,6477.9267578125,6477.9267578125,9694895,37.76116488408462,-72.98546536762387,-65.28711747998514,6818.7717441472205,6416.671273430905,109.00262480338607,0.0
2019-10-22,6477.926922495314,6615.430029120672,6477.926922495314,6600.15185546875,12524748,47.332288907672435,-64.81130721178579,-65.19195542634527,6797.523325249137,6421.113735297738,111.03838526801363,44.44450800666043
2019-10-23,6600.151583319692,6752.932857297224,6600.151583319692,6676.5419921875,21086352,52.27235822030071,-51.574661770680905,-62.4684966952124,6795.469028364399,6421.640200151226,114.02002017583636,72.22211970830594
2019-10-24,6691.820605072598,6752.933301177403,6676.542431046396,6722.376953125,15727086,54.99975153222036,-36.95997501958027,-57.36679236008598,6777.899895237359,6431.570319606391,111.33225509112687,88.88886508716324
2019-10-25,6722.376362611486,6722.376362611486,6645.985499190879,6661.263671875,7272876,50.82901364755662,-29.963659117496718,-51.886165711568125,6757.223602907484,6441.551836545642,108.83648357991218,66.6663824864822
2019-10-28,6661.263872655472,6814.045147859838,6615.429809463507,6783.4892578125,22264963,57.732520075359695,-14.390559642302833,-44.387044497715074,6775.090165678792,6431.324336274332,115.24925892394211,90.9091882645771
2019-10-29,6783.4892578125,6859.879667293723,6752.932911523243,6783.4892578125,16341695,57.732520075359695,-2.025418348150197,-35.9147192678021,6793.921334471881,6421.660062012494,114.65622298440913,80.00004514038696
2019-10-30,6798.767367014062,6798.767367014062,6722.376953125,6722.376953125,9376139,53.38616281786782,2.810396461064556,-28.16969612202877,6804.068696682035,6419.15176230234,111.92295090617004,64.0000872475399
2019-10-31,6722.376362611486,6737.654535295607,6630.707782748663,6661.263671875,17638128,49.382396758948,1.6919794003524657,-22.197361017552524,6808.684454216535,6422.175018439714,111.56750816622537,47.9998736785412
2019-11-01,6691.8203125,6752.933005932902,6661.263965783549,6691.8203125,12413593,51.34712802494575,3.234011674433532,-17.11108647915531,6814.907377311314,6432.7580035480605,110.14621001563086,55.99998046304056
2019-11-04,6752.9335502530585,6783.489899432504,6630.70860977724,6645.986328125,18465537,48.31760887396897,0.7490295267825786,-13.539063277967735,6814.045426433518,6447.370296222732,113.19157284703323,44.000075962443155
2019-11-05,6661.263965783549,6768.211179291128,6645.985792425324,6691.8203125,16872824,51.40528184297366,2.4498425005403988,-10.341282122266108,6814.045426433518,6447.370296222732,113.83684527694545,55.99998046304056
2019-11-06,6722.376953125,6768.211475203605,6707.098779098799,6722.376953125,13839070,53.40394904768545,6.192036618150269,-7.034618374182833,6818.207934348236,6446.263452370513,111.162153664564,64.0000872475399
2019-11-07,6768.211060074185,6951.548224659695,6752.932886985073,6936.2705078125,40494950,64.43178436448888,26.1161242737644,-0.404469844593387,6878.17611493325,6422.962801082375,119.59137636957334,96.77427694549075
2019-11-08,6936.2705078125,6966.826397748807,6875.157815456052,6936.2705078125,16151738,64.43178436448888,41.42854480994356,7.962133086314003,6926.183932385602,6411.622512926899,117.59689107837201,93.75006693953523
2019-11-11,6905.71442173991,7058.495702143662,6905.71442173991,6966.82666015625,24463846,65.77383747833032,55.39086313995631,17.447879097042467,6972.943456227237,6406.1139656477635,120.1100617444706,79.9999523889128
2019-11-12,6951.548583733561,7058.495800881575,6890.436344462351,7027.939453125,20040179,68.34630657647175,70.57386112092081,28.07307550181814,7024.532732158188,6404.942511982437,123.53501850695294,93.10343191568897
2019-11-13,7058.495286135125,7073.773458899239,6920.9921875,6920.9921875,19917128,59.86629276190679,73.13370602912983,37.08520160728048,7042.253617763905,6428.472554111095,125.62403657068765,66.66665468424657
2019-11-14,6920.9921875,6982.104422314551,6875.157669207656,6920.9921875,16899825,59.86629276190679,74.30584997682581,44.52933128118955,7057.423020428498,6451.498463946502,124.28994489470246,66.66665468424657
2019-11-15,6920.9921875,6966.826249550437,6890.435841971771,6920.9921875,10492766,59.86629276190679,74.3774060614669,50.49894623724502,7067.359615657309,6479.75718121769,120.86854937212843,65.51724053042734
2019-11-18,6936.2710598033855,7027.939649391159,6936.2710598033855,6997.38330078125,11729416,63.86597139184466,79.67974073641017,56.33510513707805,7074.533140357506,6524.529310814368,119.87418598063061,82.75872805547057
2019-11-19,7012.661181149956,7012.661181149956,6936.270769069048,6966.82666015625,12748771,61.2370504023851,80.48839354314532,61.16576281829151,7085.697144594631,6550.032787045993,116.76820213065045,75.86208896338813
2019-11-20,6966.826989636211,6966.826989636211,6798.767527619906,6844.60205078125,21280468,52.01415480557131,70.45459549522366,63.023529353677944,7085.849551345936,6566.686386154065,120.43186355105433,48.275876867206414
2019-11-21,6814.045541040264,6829.323715066465,6722.376953125,6722.376953125,22936633,44.75507262529921,52.04030609484107,60.82688470191057,7085.849551345936,6566.686386154065,120.55995170142546,20.689599621684053
2019-11-22,6783.489452635591,6829.32351714392,6722.376758301909,6752.93310546875,17630758,46.75565577586383,39.45763218071079,56.55303419767062,7081.240090139565,6580.46279071981,119.58758078289587,25.000092668624767
2019-11-25,6768.211199278987,6829.32343665044,6722.376679068952,6798.76708984375,12946801,49.6981894788383,32.80602450946208,51.80363226002891,7081.488276226778,6581.742387835721,118.68466483993816,24.999902037097474
2019-11-26,6829.323150915312,6966.826249550437,6829.323150915312,6920.9921875,16780628,56.588108754991744,36.970943389073,48.83709448583774,7090.3467740638725,6586.6341829673775,122.21141447327736,56.52172126533789
2019-11-27,6951.548419780672,6966.826593298622,6890.436181950799,6905.71435546875,10779017,55.56362029014816,38.59399074366593,46.78847373740338,7095.025022278709,6600.289674986916,118.93848567860205,52.173977373481875
2019-11-28,6905.71435546875,6936.270702504651,6859.879834914898,6905.71435546875,11482276,55.56362029014816,39.42579148309051,45.31593728654081,7092.166613432741,6627.593152192259,115.8993701008271,52.173977373481875
2019-11-29,6905.714566783383,7012.661328439674,6859.880044826996,6982.10498046875,19382024,59.78555639799862,45.722029481408754,45.3971557255144,7098.601745878856,6650.18648654302,118.53379249453079,73.91311369593032
2019-12-02,6982.104785693984,7089.05200060879,6982.104785693984,7012.6611328125,27816449,61.36672366372249,52.57145853336442,46.83201628708441,7097.41152525013,6688.044187640496,117.70617981026473,79.16661871993738
2019-12-06,7058.495785284707,7302.945654313277,7058.495785284707,7287.66748046875,21794136,72.02691234657871,79.27654368871936,53.320921767411406,7172.51598042429,6672.52444926321,130.03320421672993,97.36841366039276
2019-12-09,7287.667528477519,7471.005159577686,7287.667528477519,7394.61474609375,24164048,74.92466759041179,107.8273006131285,64.22219753655483,7266.3393975107,6645.924811473676,133.84066670903036,89.7959514668712
2019-12-10,7394.614326429523,7501.561081734295,7364.057980273326,7455.7265625,31072575,76.42735874996261,133.84234281009503,78.14622659126287,7364.009853201553,6600.199961251572,134.10226919131165,94.1176287567475
2019-12-11,7425.170216343803,7455.7265625,7302.945287960933,7455.7265625,16521378,76.42735874996261,152.69922951358603,93.0568271757275,7443.7306482156855,6572.42477170619,135.4364838590085,94.1176287567475
2019-12-12,7425.170637742159,7455.72698563251,7364.058398203399,7394.61474609375,12696572,71.46074978772558,160.85796474444305,106.61705468947062,7497.402814129025,6561.531414386601,132.31020554258728,86.27457951228035
2019-12-13,7394.614548450821,7486.28313342982,7272.38916015625,7272.38916015625,28977966,62.6865573454555,155.66680783064658,116.4270053177058,7522.062074594945,6561.317124623805,138.13761752337174,70.58823036060264
2019-12-16,7272.389045178347,7302.945391768888,7195.998634943918,7257.111328125,15657763,61.66731164242625,148.60693694890597,122.86299164394585,7544.573089319019,6572.418023962231,135.90969890205736,68.62748371590732
2019-12-17,7257.111554809337,7287.667446112403,6997.383056918739,7073.77392578125,30171286,50.959440287665636,126.75696684662762,123.6417866844822,7547.896352721292,6584.372934388083,146.93646249431495,45.098085319762454
2019-12-18,7073.774158497102,7073.774158497102,6875.1583491623705,6890.4365234375,23199460,42.931426160504074,93.568314678143,117.62709228321437,7548.495701528448,6580.718019174677,150.62784441148756,9.09103305844911
2019-12-19,6890.436248075342,7058.495702143662,6890.436248075342,6966.82666015625,17591556,46.699226552000056,72.59330391768526,108.62033461010856,7548.053303405472,6578.104753235152,151.87295938697565,16.66665899485952
2019-12-20,7012.661279246712,7104.330322516438,6966.826757611849,7027.939453125,16559021,49.56787709206951,60.20771140579927,98.9378099692467,7549.322276360918,6582.947059576582,150.8465810279194,26.190514222305556
2019-12-23,7073.773631429754,7180.720387145097,7012.660938882746,7043.21728515625,12259474,50.28818476053884,51.03651627897125,89.35755123119162,7548.118027935109,6604.012831439891,152.0760715446645,28.571397592311914
2019-12-24,7043.217723828784,7119.608138028447,7012.66137565214,7089.05224609375,9845375,52.48098001067154,46.92584443069882,80.87120987109307,7536.120812816482,6652.677575855394,148.85254946121037,34.146386311751904
2019-12-25,7089.052099553752,7150.164338401823,7073.77392578125,7073.77392578125,7274008,51.66292802145323,41.95168173910952,73.08730424469636,7522.238276409626,6698.644194293499,143.67668254402201,31.707329213490326
2019-12-26,7119.608040152785,7119.608040152785,7027.939453125,7027.939453125,9197251,49.185954391980765,33.92015267495481,65.25387393074806,7509.206229413454,6734.593477617796,139.96181857857653,24.390235868756676
2019-12-27,7027.939564358348,7195.9990234375,6982.105041998047,7195.9990234375,12786873,57.27473137760778,40.64755115190019,60.33260937497849,7512.304426134467,6758.995964490533,145.2426873543534,51.219552149429695
2019-12-30,7226.55517578125,7287.66741436308,7180.720654663426,7226.55517578125,8984084,58.566171439535495,47.89261281052495,57.84461006208779,7514.175260689075,6789.209211967174,142.5072639504463,57.50001238128416
2019-12-31,7226.555224552154,7241.833398361206,7134.886181697845,7180.720703125,8796787,55.83964114779522,49.36684719942696,56.14905748955563,7509.008172498683,6821.876934923192,139.9672605727973,49.99999375396054
2020-01-01,7180.720703125,7180.720703125,7180.720703125,7180.720703125,0,55.83964114779522,49.95928898902912,54.91110378945034,7507.931426352004,6842.815253335496,129.9695991033118,49.99999375396054
2020-01-02,7180.720671939936,7333.501953125,7134.886150711836,7333.501953125,12941786,62.5751544215853,62.041794220323936,56.33724187562506,7521.8722061966555,6860.958555522094,134.87289933972977,100.0
2020-01-03,7394.614599423387,7440.448664107864,7348.780078496976,7379.33642578125,23950208,64.33273318526818,74.45742668784533,59.96127883806912,7534.521261922712,6857.476394327287,132.87817159995365,89.18922954968609
2020-01-06,7333.501953125,7409.892821838501,7287.6674318969,7333.501953125,16424228,61.23571160301577,79.6799451705865,63.905012104572606,7524.957747198736,6860.9286297543895,132.11725862435702,81.08109971896903
2020-01-07,7364.058431973716,7394.614780004194,7211.277148063273,7241.83349609375,14895762,55.48285684244117,75.55104490049052,66.2342186637562,7491.630794893111,6872.866275419389,135.7758567183973,63.888966462464424
2020-01-08,7180.720066986812,7226.554584353498,7073.773316039777,7165.44189453125,19635250,51.1687231657869,65.3612540240556,66.05962573581607,7449.060686415187,6886.407917100438,138.0818798137956,41.93537802945193
2020-01-09,7211.277019425336,7379.3364743531,7211.277019425336,7333.501953125,14107493,58.76505283393349,70.03944243861133,66.85558907637513,7436.806333148791,6892.550991069959,143.49707267151382,76.66669594079352
2020-01-10,7364.058398203399,7501.561507468037,7348.780224258223,7394.61474609375,30598017,61.132830619922466,77.78161408355027,69.04079407781016,7458.165022194599,6883.4148606179015,145.25153564805123,79.41179511982303
2020-01-13,7394.614404884804,7455.726641603667,7364.05805840441,7409.892578125,13627645,61.724542342992926,84.1797623539187,72.06858773303188,7483.069485575087,6873.7885222374125,141.4241819017088,82.35291397131851
2020-01-14,7409.893234972303,7654.343116000775,7394.615060377778,7639.06494140625,29249845,69.27962149631318,106.51479909696809,78.95783000581912,7569.74574595107,6843.641363423931,149.87445859608653,97.72726729035837
2020-01-15,7654.342578736972,7746.011619869805,7608.508058170556,7684.89892578125,17985170,70.53239765403538,126.456187901671,88.4575015849895,7636.6085537031595,6856.224795906215,148.99082310345528,91.99997802626403
2020-01-16,7639.064326213363,7746.011539762311,7623.786152849228,7730.73291015625,20962078,71.77208016937345,144.29495921844136,99.62499311167987,7707.733243484109,6861.4907311252655,147.07900623271448,97.72718846478907
2020-01-17,7730.733532731437,7837.680298651148,7608.5085922172,7639.06494140625,19353983,65.80906297708819,149.31427303678538,109.56284909670099,7748.389361594719,6881.947161842781,152.9427705328026,74.00005998558315
2020-01-20,7639.06490248146,7791.84619140625,7547.39631162337,7791.84619140625,17466151,70.24608674162386,163.7328747686861,120.39685423109802,7815.252180806336,6889.947233256164,159.47899262209387,94.00004080493973
2020-01-21,7868.2361332780065,7944.627457496798,7807.124351380384,7898.79248046875,18077336,72.89746121270431,181.69492625286694,132.6564686354518,7898.3870564979525,6887.786381002047,159.00058358412633,94.73677911764167
2020-01-22,7898.793266911842,8066.852736951836,7898.793266911842,8036.29638671875,27276269,75.87421204610122,204.66613374044118,147.0584016564497,7999.07447180795,6883.3512117858,159.64770307690915,96.9230708451271
2020-01-23,8036.29638671875,8036.29638671875,8036.29638671875,8036.29638671875,0,75.87421204610122,220.33114093167023,161.7129495114938,8073.95560013572,6909.305776817406,148.2442957142728,96.9230708451271
2020-01-24,8036.29638671875,8036.29638671875,8036.29638671875,8036.29638671875,0,75.8742120461012,230.09339852101857,175.38903931339877,8146.609640166518,6920.6814731147315,137.6554174489676,96.9230708451271
2020-01-27,8036.29638671875,8036.29638671875,8036.29638671875,8036.29638671875,0,75.8742120461012,235.11974394263234,187.3351802392455,8208.293963097089,6939.971271277911,127.8228876311842,96.9230708451271
2020-01-28,8036.29638671875,8036.29638671875,8036.29638671875,8036.29638671875,0,75.8742120461012,236.37833657845476,197.14381150708735,8254.750654882067,6979.072147852308,118.6926813718139,96.42856270846191
2020-01-29,8036.29638671875,8036.29638671875,8036.29638671875,8036.29638671875,0,75.8742120461012,234.6706432124638,204.64917784816265,8289.06009459601,7030.32027649774,110.21463270239863,95.7446706714251
2020-01-30,7807.124233218853,7914.0709905258755,7623.786152849228,7730.73291015625,39840893,54.95189811136101,206.28296346247043,204.9759349710242,8290.377658393123,7068.725808403751,131.80717564290748,52.173823016091035
2020-01-31,7639.064313066033,7730.732896851152,7364.05810546875,7364.05810546875,33621650,40.51446613599985,152.44068905692166,194.4688857882037,8291.230691633935,7066.344943131689,148.58343486037836,0.0
2020-02-03,7119.608086478882,7577.951937084057,6936.270911230367,7501.5615234375,36937069,46.22058048825224,119.48828873034381,179.47276637663174,8284.101162580648,7090.280429216227,183.8046913599006,49.999973407178956
2020-02-04,7532.1180180251295,7577.952084608565,7364.058557240657,7516.83984375,24726551,46.83086938233621,93.52797455376276,162.28380801205796,8266.50172581703,7135.38050074547,185.95389393190115,51.3513413457844
2020-02-05,7593.229813604112,7639.064333741688,7394.614472158466,7471.0048828125,21217475,45.17464180232633,68.46650104086984,143.52034661782037,8235.484360888238,7196.954164502388,190.1321773355669,47.297237529968065
2020-02-06,7440.448716549432,7700.1767578125,7425.170542799612,7700.1767578125,28176059,53.94493864936177,66.33271551320922,128.08282039689814,8221.829959248058,7247.276046611318,196.19460859823266,67.56749747809313
2020-02-07,7700.176772217708,7730.733119774512,7394.614665375482,7440.44873046875,24830979,45.133038449824475,43.185972926928116,111.10345090290414,8217.779913819173,7255.9094904777,206.1891690125753,44.59454484124994
2020-02-10,7333.501970261874,7532.117773139162,7318.223796483472,7440.44873046875,14662168,45.133038449824475,24.558912804606734,93.79454328324468,8215.110309569754,7261.634709961495,206.7395124156549,44.59454484124994
2020-02-11,7471.004890705564,7516.8394108915645,7165.44233528275,7211.27685546875,38381749,38.669130785002125,-8.596328462790552,73.31636893403764,8247.800274843945,7186.1659360935555,217.07219550088058,24.99996139782919
2020-02-12,7180.720575177253,7379.336374914001,7165.442401640431,7272.38916015625,29300729,41.09198342045181,-29.599637589381018,52.733167629353915,8263.254764821162,7129.460469553837,216.84517962750127,30.555496796713268
2020-02-13,7257.111670108989,7302.945735912761,7211.277148063273,7241.83349609375,16094341,40.23610599535896,-48.155392726716855,32.55545555813976,8273.660656344939,7070.164636623812,207.90399450050032,27.777773485447767
2020-02-14,7211.277148063273,7257.111670108989,7134.886277987078,7241.83349609375,15449458,40.23610599535896,-62.14459811663255,13.6154448231853,8283.836786195863,7020.265362241637,201.78409433060108,27.777773485447767
2020-02-17,7241.833154829729,7287.667218473617,7211.276808239188,7257.111328125,8307857,40.949318181074425,-71.17785678582186,-3.343215498616132,8277.13207961914,6973.496582490236,192.82740260944595,29.166635141080516
2020-02-18,7287.667363506885,7287.667363506885,7119.60791015625,7119.60791015625,22799883,36.70382945156396,-88.41298615906544,-20.357169630705993,8262.054747520404,6910.655457557721,191.05826337667372,18.74994723440547
2020-02-19,7119.607795235788,7165.442315293928,7058.495558066861,7104.330078125,16762403,36.25407981155083,-102.12748168579128,-36.71123204172305,8213.345831512877,6866.167742705873,185.0502986517018,21.15382771983602
2020-02-20,7165.442288353377,7257.111328125,7104.330051414218,7257.111328125,15978354,43.68551318287186,-99.52093280575264,-49.27317219452897,8142.860142578667,6858.734925780707,182.74536851306465,40.38460400559194
2020-02-21,7257.1117199179,7272.389437796051,7180.720849317399,7195.9990234375,13803292,41.59659576961065,-101.21967883998695,-59.66247352362057,8062.10661589882,6855.458716132431,176.23988422489234,20.454594209425892
2020-02-24,6951.548224659695,7073.773609372591,6936.2705078125,6936.2705078125,39563357,34.12755742474836,-122.11618847404588,-72.15321651370563,7985.610250249274,6821.952493891351,182.2033578963286,0.0
2020-02-25,6905.714327157529,7058.49560546875,6905.714327157529,7058.49560546875,16218645,39.621854196199266,-127.34631001562775,-83.19183521409005,7873.8650784172605,6835.917587598364,180.10178078310665,18.51852099351516
2020-02-26,6951.548828125,7027.939700202067,6936.271109951544,6951.548828125,13769410,36.734657733626975,-138.52411044154633,-94.25829025958132,7740.480181706702,6860.827728449549,175.9676889783995,5.555570537015642
2020-02-27,6936.270721258142,7043.217479931016,6936.270721258142,7012.6611328125,10146885,39.44986089080166,-140.82796840197807,-103.57222588806067,7672.843331612498,6856.657400809377,171.03762252800485,17.073150912727755
2020-02-28,6890.435934060714,6966.826342660319,6798.766896250893,6829.3232421875,20133200,34.64592813488868,-155.6533530259394,-113.98845131563641,7686.755034812118,6789.272211281633,174.0988092446907,4.255328718701526
2020-03-02,6783.489032841035,6875.157612426738,6783.489032841035,6814.044921875,12101809,34.271394109183106,-166.71363886136987,-124.5334888247831,7672.26626648626,6735.009319451239,168.21093569762016,5.128140528018581
2020-03-03,6966.8261920124405,6966.8261920124405,6814.044921875,6814.044921875,13491324,34.271394109183106,-173.4792344434154,-134.32263794850957,7643.593852147725,6693.402241602275,167.10881672903588,5.88227832142271
2020-03-05,6905.714107029018,6920.992279997322,6829.3232421875,6829.3232421875,7934700,35.085258000451546,-175.58416002329704,-142.57494236346707,7612.161025202929,6660.666904484572,162.81156968569917,9.090872526380442
2020-03-06,6829.323876394135,6859.880225168365,6798.767527619906,6844.60205078125,9282200,35.93951033899738,-174.0135368146057,-148.8626612536948,7505.516104791992,6681.754354192382,155.54736453303914,12.121309906259865
2020-03-09,6370.9794921875,6584.873459862814,6370.9794921875,6370.9794921875,50661498,24.969969916669257,-208.581787843028,-160.80648657156144,7532.3280426364045,6547.995492519846,178.26702125166133,0.0
2020-03-10,6264.033086480642,6645.986067520566,6264.033086480642,6615.43017578125,24885226,35.85270772371129,-213.7878355376697,-171.4027563647831,7488.102609920995,6509.7190697665055,192.81601837939442,34.84850259952323
2020-03-11,6630.708627453984,6661.264520472926,6157.086582635842,6279.3115234375,26077628,29.513802564659997,-242.24320317157526,-185.57084572614156,7526.496053023095,6378.129093461281,215.05615548351508,10.958901453193233
2020-03-12,5973.748632862516,6050.139045802881,5851.523698412768,5882.07958984375,39878352,24.092431329147075,-293.4647058133496,-207.14961774358318,7610.057745510903,6155.536443942221,230.25127473645915,2.1505122253313527
2020-03-13,5515.404724353619,6019.582630308606,5484.848377024969,5820.96728515625,39253132,23.3808676143655,-335.1262412392307,-232.74494244271267,7659.033719883257,5964.473848476118,252.00005891840047,21.153853012622175
2020-03-16,5866.801497323248,6065.417303708186,5790.411083324085,5836.24560546875,28389410,23.985320236773646,-362.729159496811,-258.74178585353235,7668.019688576389,5814.929090720487,253.64335616595056,22.330114532167848
2020-03-17,5683.464100554965,5897.357616441273,5683.464100554965,5866.80126953125,18510764,25.255327137803008,-377.78422299851263,-282.5502732825284,7643.158136574179,5700.759636863322,250.80408186026187,24.509783452072778
2020-03-18,5927.913935474196,6141.807906596557,5912.635762091032,6019.58251953125,31791673,31.424678153586456,-373.0865892975835,-300.6575364855394,7605.846989122452,5628.068245252547,252.53283580347934,34.313702800518115
2020-03-19,5927.913847034203,5958.470193344652,5775.132571723877,5851.5234375,23769761,28.625744303102948,-378.5608305281512,-316.2381952940618,7571.5288240897025,5537.105746222798,251.95548666090033,24.742274782596464
2020-03-20,5882.079201463495,5897.357374291174,5683.4638671875,5683.4638671875,40979873,26.120293950056677,-391.9421438758536,-331.3789850104202,7507.29832500412,5443.971499214631,249.23677383538418,13.402055560744708
2020-03-23,5316.78925941858,5500.126898750594,5286.23291015625,5286.23291015625,39591306,21.36124567966769,-429.64744128893017,-351.0326762661222,7482.197992881245,5278.09522000938,259.80778692080315,0.0
2020-03-24,5194.563771145567,5301.51052605042,5087.616559998797,5225.1201171875,42295173,20.7353147519634,-459.1674561794289,-372.65963224878357,7477.570831791593,5111.607342036531,256.52822828729023,7.500020628003817
2020-03-25,5454.291845022029,5454.291845022029,5316.788742940691,5439.013671875,23723923,28.619056169520505,-460.0002617034161,-390.12775813971007,7398.136890363501,5029.093090105249,254.5741925406644,19.827586537050724
2020-03-26,5362.623266183652,5377.901439341513,5164.00747137339,5179.28564453125,26037998,25.32515512206757,-476.1296213555761,-407.3281307828833,7341.808059034425,4908.19560307495,256.0336216807319,5.825259958703446
2020-03-27,5164.0077489986525,5194.564096957131,4827.8888339392815,4950.11376953125,41106410,22.82849353829829,-501.62212254908445,-426.1869291361235,7271.097419095008,4772.651506686242,263.9365960619546,6.66666065715416
2020-03-30,4675.107504272232,5102.895002745276,4659.829330443702,4995.9482421875,33241154,24.43305021322891,-512.2220772603196,-443.3939587609628,7198.867532336617,4661.543893444634,276.73153007907024,16.79389437231241
2020-03-31,4995.948684887167,5301.511276050333,4659.829743359287,5148.72998046875,34136817,29.68150591642805,-502.5018794388752,-455.21554289654534,7089.687959742843,4604.191971897782,302.7993874084971,32.98972454070224
2020-04-01,5102.895129787815,5347.345460888244,5087.616955578916,5270.95458984375,14860382,33.65161029360394,-479.4097114014039,-460.0543765975171,6949.742451697248,4589.828446740252,299.7228958299851,41.23711835204122
2020-04-02,5270.95458984375,5270.95458984375,5270.95458984375,5270.95458984375,0,33.65161029360394,-455.85419842160354,-459.2143409623344,6779.423839583682,4604.310193619443,278.3141175564147,41.23711835204122
2020-04-03,5270.954746439556,5408.457862162801,5255.676571776756,5393.1796875,19886488,37.729062412597905,-422.4539545540629,-451.8622636806801,6567.7893268729695,4670.8024700020305,269.3474870442455,49.48454511130926
2020-04-06,5545.96052077971,5759.8544921875,5469.570110003881,5759.8544921875,31212841,48.044652906522366,-362.22097047132775,-433.9340050388097,6472.433305509948,4705.045991365053,276.299438304478,74.2267924411843
2020-04-07,5820.967138122158,5836.245311400566,5576.516821909559,5805.68896484375,23408989,49.17798304562841,-307.2457005596116,-408.59634414297005,6297.923856673095,4798.581319108156,275.1157991035157,88.23529792835765
2020-04-08,5622.351434588966,5744.576366592654,5591.795087527562,5714.02001953125,15615808,46.971137471224054,-267.98515480687547,-380.4741062757511,6192.232838603332,4847.743186787292,270.7428046901352,85.18519594999006
2020-04-09,5744.575952783821,5805.688642504396,5668.185546875,5668.185546875,21817345,45.86293836686635,-237.82781729446833,-351.94484847949457,6163.856550887489,4854.73007020626,261.2256826143681,85.71425692560972
2020-04-10,5652.908070529451,5805.689357402086,5591.795373283615,5744.57666015625,16997250,48.06233920770077,-205.39610716066545,-322.6351002157288,6153.235550141996,4857.712008451755,257.8448470075183,92.20780296016082
2020-04-13,5744.576291780363,5958.470262182699,5714.019945116897,5912.6357421875,27641750,52.62255288954333,-164.2395287780064,-290.95598592818436,6166.104854286339,4852.481717979286,256.8880948688243,96.47057790379189
2020-04-14,5897.357827046353,6095.9736328125,5866.801479045109,6095.9736328125,26740706,57.052657947279975,-115.49742590665755,-255.864273923879,6210.97119724024,4830.53261135351,254.9083847901505,100.0
2020-04-15,6111.251757713007,6202.920344738296,6095.973583835134,6141.80810546875,18226531,58.10730078012617,-72.33664748038245,-219.15874863517973,6237.540334559004,4816.186032628497,244.33969736965133,96.03962185616881
2020-04-16,6095.973504018705,6233.47661087724,6034.860809307385,6187.64208984375,20383032,59.18662441433933,-34.04060127056164,-182.13511916225613,6301.03578071023,4786.302451711645,241.07370481252303,97.08737011124484
2020-04-17,6187.641916524258,6355.701366031009,6172.363743274379,6325.14501953125,26967053,62.322804111861444,7.320245293635708,-144.24404627107776,6408.65482801587,4742.85151964038,236.94969895138777,98.19819223983363
2020-04-20,6416.814064758431,6569.595341151681,6279.310961628698,6477.9267578125,28814276,65.49543239418931,51.82976237584171,-105.02928454169387,6547.741633894118,4722.934098527756,240.75931899221598,93.8144453231177
2020-04-21,6340.423219752916,6493.204496659711,6157.086052458302,6172.36376953125,36495598,55.440449303105154,61.735843504698096,-71.67625893241548,6603.744960010332,4761.655137645917,247.5706850785869,69.7674178283177
2020-04-22,6264.032591417968,6508.48244346466,6202.91990028534,6355.701171875,33754608,59.461781900147166,83.41868168715337,-40.657270808501714,6688.914762153193,4768.154085503057,253.89554142536,83.7208985622119
2020-04-23,6508.482813557223,6707.098614790265,6508.482813557223,6600.15185546875,25521150,64.11228429954494,118.95635950496398,-8.734544745808577,6798.331595708209,4800.823873041791,260.8599629603532,91.3580366910437
2020-04-24,6630.708173043318,6783.489452635591,6508.482784375955,6752.93310546875,25384002,66.68470704326491,157.63131951031392,24.53862810541592,6891.081837037093,4888.355565306658,261.87044191030196,97.46834796506856
2020-04-27,6798.76721872841,6905.71443457923,6676.542285426551,6707.0986328125,20292793,65.17536774910181,182.47953457884705,56.12680940010215,6947.072295608868,5003.480145797381,259.5348495704718,84.88371434575429
2020-04-28,6722.3766873233335,6752.933034167543,6493.204542233685,6539.0390625,23506200,59.82821749326978,186.4615090426114,82.193749328604,6965.185531068273,5124.3978185411015,259.54868116785656,72.09300154929916
2020-04-29,6539.038868904196,6630.707906722858,6416.8139413878935,6569.59521484375,22772423,60.46334212121833,189.89389994571593,103.7337794520264,6982.241489134927,5237.205922974448,256.2876300369357,74.41857496122756
2020-04-30,6569.59521484375,6569.59521484375,6569.59521484375,6569.59521484375,0,60.46334212121833,190.41906204990664,121.07083597160246,6974.621445668432,5374.690028940942,237.98137074858315,71.79484987908855
2020-05-01,6569.59521484375,6569.59521484375,6569.59521484375,6569.59521484375,0,60.46334212121833,188.66049603980082,134.58876798524216,6961.243695790435,5505.709331553316,220.98270140939863,67.64702779525199
2020-05-04,6569.595238858079,6584.873411883704,6416.81396484375,6416.81396484375,14783720,55.030048347724374,172.9450469317144,142.2600237745366,6962.710512034219,5569.938462575156,217.20246895443827,43.85962743361544
2020-05-05,6539.0390625,6615.4299296105255,6508.48271565579,6539.0390625,18024954,58.26139800306767,168.41163964374937,147.49034694837917,6974.020604020472,5631.9633803545275,215.87486151246236,57.89471830415023
2020-05-06,6584.87346317425,6783.4892578125,6569.5952900296215,6783.4892578125,23304163,63.85536674442527,182.44090433316524,154.4804584253364,6999.751189932161,5713.179718270964,217.91595678389362,83.67345138312069
2020-05-07,6814.045259673934,7211.27685546875,6814.045259673934,7211.27685546875,45052981,71.14392834408875,225.47890121815453,168.68014698390004,7099.0910149081155,5768.149024154385,232.9067882747762,100.0
2020-05-08,7272.389488349743,7379.336707933882,7150.16455078125,7150.16455078125,38176838,69.00324381900538,251.75351377442166,185.29482034200439,7159.7904135544795,5848.0084145705205,232.6400289089088,81.24998697067902
2020-05-11,7241.833221870888,7364.058153122624,7119.607834377225,7318.2236328125,22078858,71.53940478648087,282.87647301872676,204.81115087734887,7263.6735286864105,5884.684088501089,233.4836210400867,94.80515113996569
2020-05-12,7226.55517578125,7302.945588069022,7150.164307251544,7226.55517578125,32192535,68.25874291881091,296.7243109196779,223.1937828858147,7340.217442960567,5921.198328523808,228.81045707729163,84.12696951565223
2020-05-13,7165.442308318746,7394.614452144431,7119.607788305223,7364.05810546875,29381060,70.44792010663514,315.16117761578244,241.58726183180826,7433.830869775314,5949.809901709062,232.11018613171424,96.87499174529584
2020-05-14,7272.389112502376,7364.058153122624,7241.833221870888,7318.2236328125,19928871,68.7458851692006,322.358124614615,257.7414343883696,7500.822920382532,5995.876005398717,224.26123935457295,92.18748420648436
2020-05-15,7318.2236328125,7318.2236328125,7318.2236328125,7318.2236328125,0,68.7458851692006,324.32316144145443,271.0577797989866,7563.835827768918,6032.170959340457,208.24257940067488,92.18748420648436
2020-05-18,7318.2236328125,7318.2236328125,7318.2236328125,7318.2236328125,0,68.7458851692006,322.1667297651438,281.27956979221807,7623.901534180937,6056.134940428437,193.36810944348383,92.18748420648436
2020-05-19,8066.851395250492,8204.3544921875,7959.904643464352,8204.3544921875,57620082,80.26128201483439,387.4943036467803,302.5225165631305,7873.841879431131,6009.393667443868,242.85116301002068,100.0
2020-05-20,8204.3544921875,8204.3544921875,8204.3544921875,8204.3544921875,0,80.26128201483439,434.26098627601914,328.87021050570826,8081.179675430888,5986.921203475363,225.50465136644777,100.0
2020-05-21,8051.57462453884,8112.687322017994,7975.183296447941,8097.40869140625,34290844,76.32510726096295,457.4214174898698,354.58045190254063,8236.430550499199,5981.396012000801,225.7665473930986,94.01715378502946
2020-05-22,8051.574821778386,8387.693753663734,8021.018472290269,8326.5810546875,49699662,78.73210646501117,488.635830839512,381.3915276899349,8424.810436197497,5950.380921224379,235.8314569631248,96.74795976927548
2020-05-25,8402.971094668288,8494.640139014471,8296.024332506355,8341.8583984375,34153452,78.88621416166418,508.74177378194327,406.8615769083366,8586.3198382136,5952.347495770775,233.17319621633848,92.06347111042432
2020-05-26,8357.136303843708,8677.9765625,8341.857674869325,8677.9765625,35176660,81.97995869757473,545.5095111260771,434.5911637518847,8787.576448777225,5964.984635207152,240.5264598887911,100.0
2020-05-27,8739.08970388847,8739.08970388847,8311.3017578125,8311.3017578125,60482869,69.94017175555453,538.8490985730359,455.442750716115,8880.010386547527,6046.721351733724,253.90228033073248,73.58488897223005
2020-05-28,8402.970798932463,8433.527145972452,8219.633629176396,8311.3017578125,44298044,69.94017175555453,527.4900961617013,469.85221980523227,8949.787898260081,6151.114494318045,251.04451150682698,73.58488897223005
2020-05-29,8341.857716881155,8464.08309935653,8250.189592508445,8372.4140625,38469725,70.76994178877302,517.454365345423,479.37264891327044,9005.73851087132,6275.445766472429,248.3908683169169,77.35846026681847
2020-06-01,8494.639663348462,8494.639663348462,8387.69290717512,8448.8046875,24533291,71.8171946535538,509.7885364683334,485.45582642428303,9023.74846852422,6460.634881085156,239.37906349774156,82.07543946028407
2020-06-02,8494.639922212018,8494.639922212018,8234.911426101973,8265.4677734375,35132350,65.73047646943067,483.34782227795495,485.03422559501746,8996.377196348643,6660.649024354481,240.83259439862036,68.36734813712373
2020-06-03,8265.467479059751,8311.30154218871,8127.96437718904,8234.9111328125,36750353,64.7455472165069,454.6863589475679,478.9646522655276,8971.874292459013,6830.294115744111,236.72577801298112,64.51610877764332
2020-06-04,8250.189740131133,8372.41421230968,8127.96435546875,8127.96435546875,41245728,61.28428758576029,418.5178187274205,466.8752855579062,8970.836116849843,6923.001041353282,237.27749792926326,56.98923629326039
2020-06-05,8097.408319334037,8341.858185534382,8005.739277327455,8265.4677734375,41379848,63.95255432166973,396.3801431367501,452.77625707367497,8963.42855910197,7041.93892136678,244.3375986633821,39.21573262798784
2020-06-08,8265.4677734375,8265.4677734375,8265.4677734375,8265.4677734375,0,63.95255432166972,374.51865778067804,437.1247372150756,8960.812150960595,7139.279743570654,226.8849130445691,38.000005519283185
2020-06-09,8265.4677734375,8265.4677734375,8265.4677734375,8265.4677734375,0,63.95255432166972,353.12269452129567,420.3243286763196,8929.722039596885,7274.26111469999,210.67884782709987,38.000005519283185
2020-06-10,8250.1904296875,8372.414912081651,8143.242752927241,8250.1904296875,30185872,63.34671909727577,331.1165797081476,402.48277888268524,8899.195716151602,7393.400670567147,211.99979863619345,33.33347108099164
2020-06-11,8204.355534630595,8296.024581730644,7791.84619140625,7791.84619140625,69944110,48.501662453902576,273.538840208651,376.6939911478784,8838.248500688142,7501.710141889983,232.8696980424935,0.0
2020-06-12,7486.283541582529,8097.40869140625,7486.283541582529,8097.40869140625,57737231,55.918328847955266,249.68618002860603,351.29242892402397,8746.123210189133,7671.753938248366,259.88794459829546,48.78050317847024
2020-06-15,8036.295263682949,8097.407955608899,7746.011345760427,7761.2890625,34654827,47.768705912512786,201.33981000295898,321.30190513981097,8633.164492210795,7829.019199195456,266.4243303874046,21.95116285278241
2020-06-16,7944.627475774283,8066.851952334584,7837.679804118701,8005.7392578125,27596463,53.119926038839935,180.6674295804096,293.1750100279307,8635.634234485658,7806.687933483091,269.2199417764889,51.51509190686024
2020-06-17,8005.738948842202,8082.130270288525,7914.070823080747,8021.017578125,21607542,53.44099302022743,163.6310154329085,267.26621110892626,8636.031799804592,7787.956676757907,261.9941921644381,53.030262595120504
2020-06-18,7929.348659079988,8204.354865466132,7898.792312538877,8189.0771484375,27689668,56.93485386236529,161.82511804389378,246.17799249591977,8637.369519837122,7795.785802428503,265.10621793321076,69.6969464720634
2020-06-19,8250.18996055499,8357.13671875,8250.18996055499,8357.13671875,32208253,60.15489591429636,171.9725417321988,231.3369023431756,8640.796550744575,7795.4143379273,258.17431453173145,86.3636303490063
2020-06-22,8372.414746552895,8494.640139014471,8234.911636275567,8341.8583984375,29753392,59.71774033101713,176.74421802452252,220.41836547944501,8640.796550744575,7795.4143379273,258.285327975101,84.84844141784048
2020-06-23,8341.858563362137,8464.083958240199,8173.799101646756,8250.1904296875,34807478,57.03939459355983,171.15598720768776,210.56588982509356,8560.633382920325,7832.798892470298,260.5710085906968,75.75761293677954
2020-06-24,8250.1904296875,8357.137193963848,8189.077732248469,8250.1904296875,19927678,57.03939459355983,164.82724810951004,201.41816148197688,8554.540423685788,7832.780718892338,253.96304095674557,75.75761293677954
2020-06-25,8158.521222229028,8494.640139014471,8112.687156297883,8341.8583984375,74643754,59.16352364898014,165.30300560398973,194.19513030637947,8558.41639730104,7831.960409339586,263.1051796538772,84.84844141784048
2020-06-26,8372.414451892475,8433.527145972452,8250.189976216385,8311.3017578125,28633890,58.13172162896617,161.35438837056154,187.6269819192159,8550.073058105816,7834.192518066057,257.4074646611765,81.81810069286077
2020-06-29,8219.634988821872,8250.191340916319,8021.019156449975,8143.24365234375,37851048,52.68917361097258,143.0156013454898,178.70470580447068,8514.155845480595,7839.5536271756555,259.75568871127285,65.15156566975917
2020-06-30,8189.077148437499,8372.414315200314,8112.686738326647,8189.0771484375,45337306,53.95529965083701,130.67403169690806,169.09857098295817,8507.83208686301,7838.23832329324,259.75368072287245,69.69693148682009
2020-07-01,8250.189592508445,8402.970408118843,8219.633246889602,8372.4140625,33157031,58.71481033024368,134.14071492654512,162.10699977167556,8525.529694290402,7834.291008834598,256.4779363627632,87.87868529588108
2020-07-02,8402.970995993424,8479.361409142923,8372.414648236849,8433.52734375,39755363,60.19195775845374,140.20324171698394,157.72624816073724,8557.739469603075,7832.637532350051,245.7971799542032,91.83670254000869
2020-07-03,8464.083396508193,8479.361113612065,8372.414356433403,8402.970703125,24804253,59.05423795930529,140.91776013009894,154.3645505546096,8575.28409527203,7828.843199649845,235.87929261309316,86.04642761210008
2020-07-06,8464.083691506576,8479.361409142923,8387.693278357077,8433.52734375,29859348,59.87108169624196,142.30923437678211,151.95348731904411,8597.0269763287,7823.906275624424,225.5784953397183,89.74355656779856
2020-07-07,8479.361138071568,8830.758669796638,8464.083420923624,8662.69921875,85770670,65.43970522693485,160.05918018968987,153.57462589317328,8666.432204884022,7794.22419160035,237.83941181878401,81.96721912353789
2020-07-08,8601.586620556016,8693.255661911564,8525.196209001657,8571.0302734375,27997936,61.74854631501888,164.82917423254185,155.825535561047,8708.38484784825,7784.355533011122,232.85512903957851,67.9244507550734
2020-07-09,8586.308221395884,8647.419998296138,8540.473248115955,8601.5859375,23204904,62.50767937664275,169.12544277557208,158.485517003952,8722.318353933348,7851.396001535403,223.86167340676454,71.6979684800777
2020-07-10,8601.5859375,8601.5859375,8601.5859375,8601.5859375,0,62.50767937664275,170.56410966511976,160.90123553618554,8759.55712771661,7864.574952361517,207.87155387770994,71.6979684800777
2020-07-13,8418.24925357948,8509.917380308721,8326.5802143664,8448.8046875,44958523,56.05643977084158,157.55984173339675,160.23295677562777,8714.334137157904,7978.549505420221,212.66685168170204,52.83001804888865
2020-07-14,8387.693181979806,8540.474006523302,8372.414552035134,8525.1962890625,17605377,58.36997798124063,151.66967590887543,158.5203006022773,8711.227067449163,8033.602278253962,209.48060902502104,62.26411386653902
2020-07-15,8525.1962890625,8525.1962890625,8525.1962890625,8525.1962890625,0,58.36997798124063,145.32644426961815,155.88152933574548,8699.34611228611,8095.901104510764,194.5177083803767,62.26411386653902
2020-07-16,8616.864453633938,8830.758886337047,8540.474041053336,8739.08984375,54787722,64.44805563308522,155.76326778350995,155.85787702529836,8746.439007709538,8103.809478618587,202.44948615853176,88.67919663521614
2020-07-17,8769.646567015352,8784.924285192497,8723.8125,8723.8125,20669650,63.73231750907031,160.94648080398292,156.87559778103528,8789.343595889279,8097.572468563846,192.3539360895293,85.10645669333236
2020-07-20,8708.533759467042,8769.64645637242,8555.7529296875,8555.7529296875,35479699,56.32221616161688,149.76679330729894,155.453836886288,8800.038357414589,8108.267160163537,193.8924782749144,55.0000950871254
2020-07-21,8586.30859375,8632.142656533779,8494.639555698612,8586.30859375,35852397,57.294430705438096,141.7385236746286,152.71077424395614,8807.658060285563,8134.259273698814,189.86466560064673,51.515146082720605
2020-07-22,8647.420373300429,8677.976719317558,8540.47361848239,8586.30859375,22816702,57.294430705438096,133.83331500316854,148.93528239579862,8811.365696411694,8164.163453978933,186.1245538316839,51.515146082720605
2020-07-23,8586.308823461743,8616.8642578125,8464.083436123297,8616.8642578125,31120890,58.369128573720296,128.55209833389745,144.8586455834184,8822.370865163735,8180.658871164389,183.74285867864953,57.57562935208804
2020-07-24,8555.752005180591,8571.029721514124,8036.295050099623,8204.3544921875,65098298,42.73396964753759,90.0426498584402,133.89544643842277,8833.512272199354,8158.822737566272,212.08759789538004,21.15381901884992
2020-07-27,7959.905959578144,8296.024899328771,7883.515540312262,7929.349609375,56233289,35.841217018411655,36.90759102956872,114.49787535665197,8878.83799667435,8092.107608794399,226.40343797546075,4.838679443364388
2020-07-28,8097.408225645076,8402.970782981045,8005.739184699129,8357.13671875,43175424,49.489378189170544,28.9824272701444,97.39478573935047,8867.254212300155,8120.4973501998475,244.06184766335963,49.999947788004356
2020-07-29,8329.123516983025,8515.874781884888,7899.594957075484,8123.6962890625,47257175,43.99009607973821,3.8209407340400503,78.68001673828839,8887.03011395078,8075.84967120547,270.64884603093424,25.355759927814127
2020-07-30,8179.721746063469,8329.122933412553,8161.046713829336,8254.421875,28940741,47.507790137288936,-5.5077662577386945,61.842460139082974,8890.255372436686,8054.713865844564,265.9901173394427,39.15639378669577
2020-07-31,8011.645831369623,8235.747156183586,8011.645831369623,8105.02099609375,19510090,44.09900762930191,-24.671834540029522,44.539601203260474,8905.92618296298,8009.248084615145,264.3319692173666,23.384218713286412
2020-08-03,8105.021998487949,8590.576633008946,8105.021998487949,8553.2265625,43055528,54.619036908914936,-3.650967246850996,34.90148751323818,8913.750812686974,8013.39337676615,280.1336597672116,70.70105321913917
2020-08-04,8665.277238359184,8702.627306863214,8515.875105390816,8590.576171875,28250239,55.37272439994877,15.839435707881421,31.08907715216683,8904.549131778344,8015.3827529872815,273.46355560329636,74.64403255298636
2020-08-05,8590.577078719007,9094.806774655728,8553.227006272204,9001.4306640625,66032984,62.70946087668396,63.703905368765845,37.61204279548663,8986.293177387299,7976.678746440825,292.61471365902696,92.29119241139072
2020-08-06,9001.429917487001,9113.481055010148,8889.378779963854,8982.7548828125,35025349,62.208815855099246,98.98878189374591,49.887390615138486,9051.147156692314,7949.94166166706,287.7209680438318,89.37155793105644
2020-08-07,8964.079163879114,9076.130292849017,8945.404130630144,9038.779296875,30992982,63.159007877962246,129.97473491524033,65.90485947515886,9122.396460198888,7922.411694097988,276.507053342049,93.92651604923272
2020-08-10,9132.15498002834,9244.206103936056,9076.1298828125,9076.1298828125,36043150,63.812269295659846,155.74981909615235,83.87385139935756,9201.271629142992,7906.269044685133,271.42989289340665,87.64772641062969
2020-08-11,9113.480176749395,9169.505275373793,9001.42905002455,9057.455078125,24656734,63.208770555785094,172.6793186463383,101.63494484875372,9265.594270798063,7895.172281936311,264.04748806882355,86.27527589272756
2020-08-12,9076.1298828125,9150.830012433622,9001.428823715347,9076.1298828125,22494561,63.57970767007861,185.4650440963851,118.40096469828,9327.24757285267,7888.612339256706,255.85846668664152,87.64772641062969
2020-08-13,9150.8310546875,9188.182053228264,9076.130916558242,9150.8310546875,19272108,65.09567974977726,199.32785644646356,134.58634304791673,9386.186137029526,7870.847896173599,245.58658838157882,93.13767202148597
2020-08-14,9150.831883325933,9188.182885248956,8926.730519168894,9001.4306640625,39131258,59.73991630442592,195.99951181109464,146.8689768005523,9417.392202989813,7867.403646619561,246.7198582171848,81.94456141164727
2020-08-17,8982.753791310066,9076.1298828125,8945.403726499504,9076.1298828125,21477881,61.44783428433801,197.11713375704676,156.9186081918512,9465.781256356377,7871.052288565499,238.434593795457,87.50001280920628
2020-08-18,9113.480590274496,9113.480590274496,9001.42945846532,9020.1044921875,13074128,59.41210151086728,191.27715245393665,163.7903170442683,9501.542802315067,7878.670332450558,229.40720365357978,81.81820258721041
2020-08-19,9038.779115774149,9113.480176749395,9001.42905002455,9057.455078125,23614572,60.355073970103696,187.50140583877874,168.53253480317042,9539.638095925691,7887.689687277432,221.0246267300988,84.84852790020535
2020-08-20,9057.456702208923,9094.806774655728,8964.080591615697,9001.4306640625,24680203,58.17193907647108,177.93724761577505,170.41347736569136,9567.24081565514,7898.543608172986,214.57473789509396,78.68865631880824
2020-08-21,9001.4295648717,9113.480698005438,8982.754530928762,9094.8056640625,22758484,60.72201967982331,175.864904305834,171.50376275371988,9587.695764767768,7967.133776247856,208.58555426520704,79.48728803635066
2020-08-24,9150.83070356692,9318.907866860842,9113.480635935424,9262.8818359375,35506715,64.87331439144599,185.6449008444215,174.33199037186023,9576.238328548197,8111.944435123676,209.69388630328808,92.68284819340134
2020-08-25,9300.23301778551,9356.259055421062,9169.5068359375,9169.5068359375,27323768,61.01514562935519,183.7429619405284,176.2141846855939,9592.851872195657,8176.567903194969,208.0551958161648,59.99997658914191
2020-08-26,9150.8304258449,9169.50545909387,9038.779296875,9038.779296875,41605925,55.994265635877035,169.73049430496576,174.91744660946827,9543.426803931841,8317.501272240035,202.5317917623316,26.086457184843354
2020-08-27,9038.778888525909,9094.80491521778,9001.428823715347,9076.1298828125,22428051,57.08095948862465,159.79734851935427,171.8934269914455,9497.729566336282,8445.369310616843,194.73495602948168,34.78217418269426
2020-08-28,9150.830012433622,9150.830012433622,9057.45485040722,9076.1298828125,29568862,57.08095948862465,150.1939169378129,167.55352498071898,9353.51601116516,8686.69375445984,187.49497074354736,34.78217418269426
2020-08-31,9038.780654089493,9262.88294567928,9038.780654089493,9169.5068359375,33978906,59.9486158870183,148.40712301993517,163.72424458856221,9307.774238228949,8794.0635547398,190.10977937542157,56.52158035574074
2020-09-01,9169.505737382666,9318.907866860842,9132.155669751171,9262.8818359375,42694592,62.637018061402955,152.76468193875007,161.5323320585998,9245.970355488673,8923.098003886327,189.86995207072505,78.26053181511044
2020-09-02,9262.8818359375,9262.8818359375,9262.8818359375,9262.8818359375,0,62.637018061402955,154.43781577042864,160.11342880096558,9272.49114581292,8922.72233074958,176.30781263710185,78.26053181511044
2020-09-03,9337.5830078125,9412.28314393257,9300.232010276352,9337.5830078125,37087197,64.82753056480112,159.94776834344702,160.0802967094619,9311.832590042874,8918.863699019626,174.38591944838524,84.00012223053747
2020-09-04,9206.857066711156,9374.933306593854,9206.857066711156,9318.908203125,47959680,63.8201915682666,160.9521881524397,160.25467499805745,9342.120560176603,8916.588619510896,173.93522805083612,79.16679850998382
2020-09-07,9337.583258962915,9374.933328027546,9150.8310546875,9150.8310546875,36532110,55.4664033660931,146.49705008581077,157.50315001560813,9344.540181149618,8921.639115725384,177.5185884286368,41.66653271081183
2020-09-08,9188.181412083317,9225.531478541683,9132.155382919696,9206.8564453125,31241947,57.46503317474373,137.97157934174538,153.59683588083558,9351.314610924523,8929.804822669228,171.50841037101895,54.16654868247255
2020-09-09,9113.480985622871,9318.908224430605,9094.805951090557,9150.8310546875,50028408,54.81571362023263,125.25049185033822,147.92756707473612,9352.878472722452,8935.711078058797,175.26511486880673,39.13046038617421
2020-09-10,9225.532873573056,9281.557981732396,9150.831799884389,9169.5068359375,30849872,55.551357712213424,115.34627774054206,141.41130920789732,9354.102482642837,8936.354646263415,172.0838157385274,40.90939390226901
2020-09-11,9169.5068359375,9169.5068359375,9169.5068359375,9169.5068359375,0,55.551357712213424,106.27207833553803,134.38346303342547,9351.374154914321,8955.89059117943,159.79211461434687,40.90939390226901
2020-09-14,9150.831616354177,9244.207724223195,9150.831616354177,9188.1826171875,32422301,56.37508654728529,99.44139094318052,127.3950486153765,9354.059033476164,8964.410986055087,155.0481141325377,45.454990803897296
2020-09-15,9244.206282766552,9318.907343308809,9206.856217233448,9225.53125,22575672,58.04942889067071,95.93585567844639,121.10321002799049,9354.876977207748,8984.135718104752,153.31072927459277,54.54547153506094
2020-09-16,9244.206282766552,9262.881315533104,9188.181184466896,9225.53125,17550478,58.04942889067071,92.09606758580958,115.30178153955431,9357.025882808624,8998.794429691376,147.6956865454225,49.99982623649145
2020-09-17,9244.207069423052,9524.334443711492,9225.532035067305,9486.984375,68190112,68.01574077784026,108.89481830997283,114.02038889363803,9409.925200194117,8994.450483399633,158.48907991442746,92.30773819300869
2020-09-18,9543.010096637572,9599.0361328125,9524.335061071326,9599.0361328125,31791327,71.17624696303389,129.75386786739546,117.16708468838952,9494.244703273233,8960.554027195516,155.17212833571836,100.0
2020-09-21,9673.736275077486,9692.411310643733,9561.685132203818,9599.0361328125,29640009,71.17624696303389,144.617751505064,122.65721805172441,9558.577113228946,8929.837046927305,153.42598905744663,84.37511037366727
2020-09-22,9524.333756055092,9599.034817560789,9486.983690040272,9543.0087890625,38952396,67.31873719438975,150.14576110432063,128.15492666224367,9601.971549170135,8923.792806298614,150.47073575135963,74.99980226199116
2020-09-23,9580.358737812478,9673.734831182648,9543.008672254828,9636.384765625,32081268,70.21592029112588,160.21455580268957,134.56685249033285,9653.343291304434,8932.181611039316,149.06040883539256,90.62482554362914
2020-09-24,9599.035338497008,9673.735474580595,9524.334272937307,9580.359375,31688097,66.41177893164503,161.80814378371724,140.01511074900972,9685.227753869976,8950.720097692525,149.0847511788137,81.24984425716784
2020-09-25,9636.384994159218,9636.384994159218,9524.333865352844,9617.7099609375,25722671,67.66935045238935,164.19224784610378,144.85053816842856,9717.05907798651,8973.046781388488,146.4394924379251,87.49988625234451
2020-09-28,9636.385045872126,9860.4873046875,9599.034979228256,9860.4873046875,44780904,74.38313119995361,183.55585254915786,152.59160104457442,9807.160306608519,8952.043599641482,154.65469479659075,100.0
2020-09-29,9879.16153997776,10009.887692147417,9841.810546875,9841.810546875,47032776,73.12508348181522,195.1450795132405,161.10229673830764,9879.065342339689,8938.031435004063,155.61344125914974,80.43467126203413
2020-09-30,9841.811341889488,9916.512404653306,9748.436175279812,9860.4873046875,33090379,73.6058291340592,203.49096645290047,169.58003068122622,9944.550738486383,8932.306585732365,156.50364041017428,82.60877355160285
2020-10-01,9935.187667681712,10159.289931678442,9897.837600174287,10084.5888671875,43732550,78.56139121761903,225.58782910986338,180.78159036695365,10055.472189537582,8896.085720618668,166.667853737372,92.59254811470095
2020-10-02,10103.264256287404,10177.965323405688,9711.085745237697,9972.5380859375,51508285,71.34827299050573,231.39086056065025,190.90344440569297,10123.535929218324,8893.384969219176,188.11154833955908,79.24524859648298
2020-10-05,10028.564155421143,10233.990464166523,10028.564155421143,10215.3154296875,32595685,76.40348813443845,252.66731592168435,203.25621870889125,10228.507235595733,8894.862100341767,193.3501790459494,98.21429826245306
2020-10-06,10252.666341896316,10551.46875,10159.29024081037,10551.46875,60163654,81.31840991421893,293.27315332723447,221.2596056325599,10406.965335477833,8850.865230928417,207.55220262764095,100.0
2020-10-07,10495.442784774395,10570.14385201679,10383.392578125,10383.392578125,37593485,73.11781375592636,308.3369136141773,238.6750672288834,10503.618096900012,8877.468621849988,206.06642200365164,82.7586648357698
2020-10-08,10458.092315359829,10495.4423828125,10346.041183525716,10495.4423828125,46479421,74.9327168982661,325.56363998370034,256.0527817798468,10606.441670226377,8907.238603211124,202.01890609530392,93.10337733729264
2020-10-09,10532.79262618248,10719.543879560992,10458.091567145457,10644.84375,24118898,77.14805579681187,347.26829375274247,274.29588417442596,10720.718412199905,8940.495552643846,206.26414940389185,93.93943353062225
2020-10-12,10700.86995405184,10738.22002269577,10476.767683236016,10551.46875,31238456,72.8166927811044,352.8671729877169,290.0101419370842,10790.537409766112,9007.00516835889,210.20616297931062,84.61542117717613
2020-10-13,10532.792857552957,10551.467890353431,10420.741731274044,10458.091796875,27179206,68.66496771968718,345.78360720471755,301.16483499061087,10826.248382120571,9094.55025069193,204.52908124692817,76.92302328960217
2020-10-14,10439.41812458699,10588.8193359375,10383.393018884111,10588.8193359375,36288063,71.14538626989761,346.7216586993218,310.27619973235306,10864.972371455442,9192.155069950808,204.5931695188182,87.69236424235257
2020-10-15,11205.098927092207,11205.098927092207,10850.2705078125,10850.2705078125,77786044,75.34829514578095,364.36185909453525,321.0933316047895,10968.745494551305,9224.710560136195,233.99934249281029,77.90695571296365
2020-10-16,10906.296307596202,11018.346504456656,10812.920214069774,10868.9453125,44133493,75.62143993404484,375.51998503058894,331.9786622899494,11064.011718065236,9256.435254591013,231.9584101995297,77.49995658171224
2020-10-19,10887.621265693837,10924.9722639475,10775.571059361231,10794.24609375,27875772,72.1764636745379,374.02376442458444,340.3876827168764,11125.590454690337,9314.377514059663,226.06146694143968,72.50005298934393
2020-10-20,10738.21999537926,10962.322265625,10719.544961104802,10962.322265625,33940784,74.94247660984848,381.9969185218779,348.70952987787666,11195.63137567053,9386.26794073572,227.25545533992238,83.75003216733002
2020-10-21,10999.67147164658,11055.697499552854,10831.59524687985,10868.9453125,27188889,70.735249068032,376.4415766847542,354.2559392392522,11237.218117982386,9467.937253111366,227.03022657799968,77.49995658171224
2020-10-22,10831.59597446107,11055.6982421875,10794.245906332037,11055.6982421875,33310905,73.89208854543972,382.69683799330414,359.9441189900626,11285.539167161765,9567.150090650735,229.48894866924712,87.30163455411441
2020-10-23,11130.398413966128,11541.251953125,11074.373311593785,11541.251953125,75262808,79.9484325099082,421.9700955834105,372.3493143087322,11429.877642525198,9615.165814506052,247.77928883126518,100.0
2020-10-26,11578.602429798437,11952.104954424904,11466.551300620067,11503.9013671875,51875820,78.44103926286357,444.9514319044829,386.8697378278823,11556.19274417688,9653.192119104371,264.76317204366313,72.09303918321575
2020-10-27,11429.200578130569,11840.055038110277,11410.52554439987,11728.00390625,64423937,80.78231096014336,475.76320641851817,404.64843154600953,11704.500629225067,9693.503569993683,276.53219501985905,86.0465660059416
2020-10-28,11634.628354633558,11821.379630188883,11279.799908654686,11354.5009765625,65396455,67.60479850808048,464.6865771718967,416.656060671187,11738.051215082956,9809.354351323294,295.4641611994546,61.90479817721361
2020-10-29,11186.42479128767,11485.227205453726,11186.42479128767,11429.201171875,52949886,68.70434504534786,456.67172280506384,424.6591930979624,11790.365200997916,9891.501595877085,295.7026078399261,66.66667915867934
2020-10-30,11503.901487496189,11541.25155445423,11167.74809644556,11410.525390625,48516806,68.08217645129953,443.6982364315627,428.4670017646825,11801.200017743522,10024.465509600228,301.25981142340765,65.47616222393302
2020-11-02,11410.52613717414,11466.552170752866,11335.825998370698,11429.201171875,26464419,68.39044340322849,429.9672397835875,428.7670493684635,11826.39993796402,10120.654163598478,289.0788372061763,66.66667915867934
2020-11-03,11578.602891458551,11690.653095628497,11410.525726251415,11466.5517578125,44648114,69.0345742223324,417.288958783367,426.4714312514442,11874.996854259365,10163.565548084383,288.4394466469552,60.60612065588086
2020-11-04,11466.551009371871,11578.602135704166,11335.824850230209,11447.8759765625,46616339,68.28528609528806,401.1105970021854,421.39926440159246,11893.39923182109,10251.61151036641,285.17786370602687,59.090918040899524
2020-11-05,11447.876740775562,11485.226808887646,11298.474609375,11298.474609375,29555509,62.44615310631212,371.94612361448526,411.50863624417104,11892.222898964317,10333.091065879433,278.1474591207854,46.96969327316525
2020-11-06,11317.150907346664,11466.552113686152,11279.799908654686,11354.5009765625,34173440,63.6997374914103,349.3271025466056,399.072329504658,11902.236440204726,10394.043247295273,271.619226685834,51.51522188768598
2020-11-09,11503.902149483863,11765.3544921875,11466.552080376528,11765.3544921875,46669751,71.2728017471928,360.39935107551355,391.3377338188292,11956.096441332045,10461.571820386705,281.56453303863157,83.87105386057102
2020-11-10,11989.45665893675,12026.806727711231,11690.6533203125,11690.6533203125,52609235,68.4756060503222,359.0080067126855,384.8717883976004,11957.941178489556,10582.983235572945,285.4637383500673,72.72723572191863
2020-11-11,11690.6533203125,11802.704456112077,11634.628217150776,11690.6533203125,37113597,68.4756060503222,353.82666276217606,378.6627632705156,11957.376917518333,10693.730894981665,277.07891696515543,64.7058364700132
2020-11-12,11690.65268136174,11765.35374430406,11671.97764799518,11746.6787109375,24982453,69.51623167897326,350.2042545002405,372.97106151646057,11987.238357966915,10753.510274845587,263.9572869182787,67.39128080687433
2020-11-13,11765.353461761197,11933.4296875,11746.678428843115,11933.4296875,30990995,72.74579604592505,358.2727674737944,370.0314027079273,12041.98691135569,10805.21015895681,258.44257061389345,89.1303064991435
2020-11-16,12064.156479208605,12232.233643225749,11914.755278563667,12045.4814453125,65078738,74.49198949774183,369.4499732190434,369.91511681015055,12089.448526829909,10882.872078638842,262.65941304590694,82.45610769651789
2020-11-17,12138.857526223488,12456.3349609375,12101.507458486803,12456.3349609375,41355456,79.64236784430318,406.7714265653867,377.2863787611978,12254.292240656574,10867.429634343425,273.24470608727074,100.0
2020-11-18,12549.71136875834,12923.21484375,12456.33526764139,12923.21484375,56355279,83.675967819317,468.62028890935653,395.55316079082957,12515.850979792818,10811.29784833218,287.0757901390728,100.0
2020-11-19,12960.564167660912,13259.366558693882,12867.18807190958,13147.3154296875,67613313,85.19255761198156,529.6139424569465,422.3653171240529,12800.629432615011,10735.681114259989,294.583125613732,94.33961321766238
2020-11-20,13184.66618996691,13334.0673828125,13053.940030042511,13334.0673828125,46228086,86.33214562697059,586.2630981357488,455.14487332639214,13097.779065499706,10617.813024344045,293.5505704106075,100.0
2020-11-23,13334.068152106398,14137.100190903995,13259.367086635782,14006.3740234375,60346721,89.47306447872599,677.5965777842612,499.635214217966,13537.635925383565,10428.203430085185,335.2778942575793,95.4248362246482
2020-11-24,14099.750122906742,14379.87749183836,13558.170419042135,14006.3740234375,124702950,89.47306447872599,741.4322489871229,547.9946211717973,13888.706618607557,10304.969748579944,370.02283558176833,87.95180254755802
2020-11-25,13744.921367360796,13782.27143448538,13147.31564598698,13296.7177734375,141931609,69.82861723268012,726.3858261519053,583.672862167819,14026.479658883114,10361.418387991887,404.95394571525054,65.06023835414815
2020-11-26,13109.9658203125,13222.016953226024,12811.163418860504,13109.9658203125,84508965,65.73820440020225,691.4218253775653,605.2226548097683,14116.997259683661,10438.977252035087,410.7111177768038,56.41023599596272
2020-11-27,13072.61551309108,13595.520170793769,13072.61551309108,13539.494140625,40841498,70.07945219072208,690.4132939083247,622.2607826294796,14258.164520453056,10510.706866265695,418.7249420572242,69.38772158280607
2020-11-30,13539.49455856255,13595.52059046073,13259.3671875,13259.3671875,44490759,64.35257146279923,659.4088665089657,629.6903994053769,14331.92382639295,10619.964161888302,412.8269749789032,59.18365903344508
2020-12-01,13035.265444613222,13296.7177734375,12904.539280201085,13296.7177734375,55559101,64.76601519054203,630.5825514246098,629.8688298092235,14394.123811037241,10740.78077880651,411.35208342586833,60.00000809248586
2020-12-02,13296.718126008454,13315.393160065929,13109.965926481496,13184.6669921875,37315802,62.42684541774717,591.8731818266133,622.2697002127015,14421.01004205542,10887.573649350828,396.64316558005146,54.609945125405105
2020-12-03,13278.042079329229,13763.5966796875,13184.666909626569,13763.5966796875,57364415,68.71407333402826,600.9827598415559,618.0123121384725,14489.094994904577,11066.000903532922,409.66363732868575,74.999989500229
2020-12-04,13838.297285178767,13912.99741845915,13707.571122462025,13800.9462890625,45275215,69.07362024013636,604.2505432525031,615.2599583612786,14530.991551311816,11268.748878375683,395.0752558050029,74.59011511294177
2020-12-07,13838.297607092652,14342.527236369197,13763.596542598458,14267.826171875,62178308,73.21712223918965,637.1687055993698,619.6417078088969,14673.51493627399,11376.47266138226,408.20778708826975,94.17474082170777
2020-12-08,14267.826278696528,14491.92854438084,14193.125213643056,14342.52734375,51816013,73.82147509237222,661.6571746463524,628.044801176388,14780.613430036236,11534.561569963764,400.39318306323514,91.11111967029967
2020-12-09,14379.8779296875,14417.227998822016,14230.4767236733,14379.8779296875,38897659,74.13573441957315,676.2825783374792,637.6923566086062,14847.549266762227,11736.548194175273,385.1330467836266,93.33335675568284
2020-12-10,14379.878022176128,14417.22809155087,13894.32340239988,14043.724609375,77474162,66.40902183660037,653.2186544997585,640.7976161868368,14814.103644185585,11999.698406595666,394.9738783812955,73.3333391917515
2020-12-11,14193.125376765547,14491.9287109375,14081.075172111698,14491.9287109375,42405798,70.78167984191077,663.4587148142236,645.3298359123141,14839.466494204893,12230.185458920108,398.776037179953,100.0
2020-12-14,14716.030965187178,14753.381965204802,14547.954718274472,14660.005859375,36907825,72.24097964709826,677.328634710153,651.729595671882,14861.24696747358,12469.857427057668,388.9672669719065,95.19229666478277
2020-12-15,14585.303774284075,14622.65477170362,14379.877471119064,14417.2275390625,49899797,67.03306038358795,661.1096046924613,653.6055974759979,14859.192115579966,12668.001536763784,381.19306134933726,82.69224507329403
2020-12-16,14491.9287109375,14697.355015612344,14379.877576807532,14491.9287109375,44141902,67.80220662315406,646.8274426949265,652.2499665197837,14908.531487325481,12775.53355173702,376.64194545329974,85.85854511105812
2020-12-17,14342.52871423582,14435.903892629902,14062.400390625,14062.400390625,78092880,59.243294590550015,594.002094293639,640.6003920745547,14906.22792613544,12869.345609020811,380.4195436575283,62.62626451755613
2020-12-18,14230.476269869208,14473.253570453764,14155.775204506224,14417.2275390625,50855395,63.35821191546645,574.1507580221896,627.3104652640817,14951.566585366209,12932.32296541504,382.5933748126166,81.81811633467201
2020-12-21,14566.627984310997,14585.303017313488,14323.85069632647,14398.5517578125,40236439,62.99768866318642,550.5648822907424,611.9613486694138,14991.474005040685,12931.633319178063,373.9404423965025,78.40898475909037
2020-12-22,14398.552098133076,14734.704559075282,14305.17600143754,14697.3544921875,66384491,66.30161203677434,549.6477917129341,599.4986372781179,15077.429052567553,12914.776318526197,377.9110220565911,96.4284480589338
2020-12-23,14734.704608414657,15388.335428519951,14716.02957490823,14940.1318359375,71600015,68.74362514849808,562.0323345882953,592.0053767401535,15185.28721681039,12971.259560533359,400.27315879058114,73.33334656340543
2020-12-24,15164.234329508658,15238.934464679876,14417.227400939884,14921.45703125,47161870,68.33341670252912,563.8406691214022,586.3724352164032,15238.062344767477,13099.633553670024,430.3755805726819,71.26440431040987
2020-12-25,14940.132393619915,15257.609834032046,14753.381122108569,15220.259765625,57762734,71.28585752004349,582.6680363083524,585.6315554347931,15376.641607418273,13129.130853519227,435.65080424059585,88.75004618728262
2020-12-28,15612.437620029925,15668.462720299727,15313.635226305469,15519.0615234375,53576656,73.90588490814645,614.6147686443273,591.4281980767,15522.930110425541,13208.811784105708,436.5473864144624,91.57894786757322
2020-12-29,15407.01114277684,15631.112470712207,15332.310080481004,15537.7373046875,34258680,74.06516947841469,634.1299087947991,599.9685402203199,15633.075764763038,13322.768082893213,426.7084581156582,92.63161498686729
2020-12-30,15537.738476349285,15537.738476349285,15220.260099496823,15276.2861328125,55826005,67.82340704917132,621.3364931073356,604.2421307977231,15617.108368099462,13547.897393619287,418.90630945400125,75.58148396602678
2020-12-31,15276.28657446482,15593.76403101972,15201.585504376282,15481.712890625,30241832,69.96516122032776,620.6197236835997,607.5176493748985,15702.034456138314,13634.782926674186,416.9971821103896,88.37219289536856
2021-01-01,15481.712890625,15481.712890625,15481.712890625,15481.712890625,0,69.96516122032776,612.9855627540783,608.6112320507345,15762.141027737405,13742.753015231345,387.21166910250463,88.37219289536856
2021-01-04,15687.138365823535,16060.642766767096,15556.413126759857,15799.1904296875,4034558,73.1665040340119,625.3446356518416,611.957912770956,15913.460278478777,13744.570190271223,400.9058267481897,86.91588466938788
2021-01-05,15612.438966611177,15985.9415262435,15575.088896543177,15817.8662109375,4748453,73.34647892700391,629.3910412908099,615.4445384749267,16046.95961635296,13758.604739115788,401.6163126733421,87.85049507866447
2021-01-06,15873.890227169586,16172.692626169552,15799.190092157643,15985.9404296875,4573769,74.97331924189234,638.7963846257189,620.1149077050852,16196.10724993994,13770.06335552881,399.6081856260968,90.74071181714324
2021-01-07,16116.667524910596,16135.342558663582,15780.515058404657,15985.9404296875,5550288,74.97331924189234,638.8855124849706,623.8690286610623,16287.539017146159,13872.853170353843,396.4095652427274,89.99997140540313
2021-01-08,16023.291606025788,16172.691869055598,15911.23954980132,15967.2646484375,5091041,74.38820394343456,630.1847895116207,625.132180831174,16389.912705678016,13918.013075571986,386.7697619578382,88.99993847382588
2021-01-11,16097.993394175564,16172.693533377816,15911.241187217634,16079.318359375,4241604,75.61773879430814,625.1251482880671,625.1307743225526,16503.705360196396,13946.151671053605,377.8185179722914,94.68089003385441
2021-01-12,16135.34390946271,16770.298828125,16023.293697564312,16770.298828125,5794437,81.51185154470404,669.1580576765846,633.936230993359,16736.287844325117,13948.876315831136,404.188990300034,100.0
2021-01-13,16882.349856838246,16975.725027656248,16583.547451268394,16695.59765625,4110802,79.2805541248973,690.0719751655779,645.1633798278028,16910.283749749236,13995.247304938264,403.3310321634497,87.3949585072337
2021-01-14,16695.59586391885,16695.59586391885,16378.118458267722,16602.220703125,4466335,76.46292029474833,691.1445812091988,654.3596201040821,16968.15240854032,14191.360677397179,397.1987582933661,78.94729700622831
2021-01-15,16546.19635237324,16826.323706331958,16546.19635237324,16620.896484375,3768443,76.64172641495107,685.5984564575137,660.6073873747685,17039.091417843087,14340.788562625667,388.83651512660543,79.99996400366226
2021-01-18,16620.897977518765,16751.62322026559,16527.522804128177,16658.248046875,4615637,77.01776869061473,676.4197260229193,663.7698551043987,17072.870600399034,14532.979008975966,377.06965091309155,82.10529799853012
2021-01-19,16658.246732792544,16658.246732792544,15500.386308801546,15537.7373046875,6568955,50.66621099014982,572.1344537868645,645.442774840892,17012.33848646754,14677.549404157462,432.8405142816889,18.947314791215085
2021-01-20,15687.13809359223,16041.967454226198,14940.132093096852,15575.087890625,9661880,51.26479380758311,486.8889515822684,613.7320101891672,16972.840647586952,14780.542848506797,480.62586048509297,31.192670535849736
2021-01-21,16004.616020726373,16508.84375,15612.4366259055,16508.84375,5307949,63.2648274234865,489.04021981562255,588.7936521144583,16989.04138205705,14923.080785911703,512.9922889772292,77.06411386433189
2021-01-22,16546.196231496753,16695.596494408845,16266.068879584478,16303.4189453125,3771068,59.77758418722545,468.76541455539336,564.7880046026453,16993.133251387553,15027.304834549948,507.03052653773904,66.97246925307938
2021-01-25,16154.018530634092,16975.725640346398,16097.993426121224,16322.095703125,8432498,59.99349965868455,449.02842342708936,541.6360883675341,17014.22920058557,15086.51230332068,533.5092185154131,67.88995828245919
2021-01-26,16284.745035542785,16284.745035542785,15537.738092607902,15799.1904296875,6141179,51.636032231964684,386.7345946229816,510.6557896186236,17004.857840568216,15122.028975838037,551.4269608012477,42.201859882656365
2021-01-27,15463.037136441872,15836.540610564334,14753.38118624248,15052.18359375,7149423,42.5226937258875,273.93136754072657,463.31090520304423,17037.418908309857,15067.057654190141,589.4078510527196,13.445368784111405
2021-01-28,14043.724091434751,14585.30379529936,14006.3740234375,14006.3740234375,12724685,33.58569497474011,99.0046413682685,390.44965243608914,17305.2394113908,14651.70326439045,622.0079738569897,0.0
2021-01-29,13819.623208243243,14921.457686189748,13819.623208243243,14622.6552734375,10256236,41.40141643875443,9.987566545194568,314.35723525791025,17380.368365120343,14490.668548942156,656.2812955776693,25.443789689016345
2021-02-01,14566.628865165443,14884.107233834146,14267.826460104645,14323.8515625,5433884,39.00470289137777,-83.70516778180354,234.7447546499675,17476.55879104593,14246.944236297822,653.4241154456573,15.976298776866704
2021-02-02,14379.877767420923,15126.8837890625,14286.50166616218,15126.8837890625,7273014,47.75766730165595,-92.09770033179484,169.37626365361504,17475.189611297435,14179.215173858816,666.7782588352761,41.420093578779316
2021-02-03,15388.336260661948,15817.865772441364,15313.636122596754,15687.138671875,8878035,52.84218586450179,-52.93080269980237,124.91485038293158,17459.60784757596,14164.91676179904,668.5070963026753,59.171573287223346
2021-02-04,15687.138614353787,15761.840611097336,15519.06237484726,15612.4384765625,5670617,52.11390042725185,-27.600276799954372,94.41182494635439,17441.111035766353,14146.063378296149,638.0978920132039,56.80472376571648
2021-02-05,15668.464353541163,15948.591743042129,15575.089176691628,15873.8916015625,5955589,54.47868940244295,13.416769438388656,78.21281384476124,17434.898611836037,14142.938497538962,619.1982258944394,65.08877444609233
2021-02-08,15873.890958338783,15911.24102756514,14940.132721346865,15276.2861328125,8388464,48.57405882048453,-2.2724969069367944,62.11575169442164,17404.071403894523,14093.462482824229,644.3346602032848,46.153854505874506
2021-02-09,15276.2861328125,15276.2861328125,15276.2861328125,15276.2861328125,0,48.57405882048453,-14.538759748353186,46.78484940586667,17269.009838306876,14079.122778880623,598.3107559030502,46.153854505874506
2021-02-10,15276.2861328125,15276.2861328125,15276.2861328125,15276.2861328125,0,48.57405882048453,-23.983395766575995,32.63120037137814,17131.584233570542,14074.617231273209,555.5742733385466,46.153854505874506
2021-02-11,15276.2861328125,15276.2861328125,15276.2861328125,15276.2861328125,0,48.57405882048453,-31.109724319125235,19.883015433277468,16996.285206289307,14077.322801523194,515.8903966715076,46.153854505874506
2021-02-12,15276.2861328125,15276.2861328125,15276.2861328125,15276.2861328125,0,48.57405882048454,-36.33850339227138,8.6387116681677,16839.945680149474,14099.201292506774,479.04108262354276,59.09091017075543
2021-02-15,15276.2861328125,15276.2861328125,15276.2861328125,15276.2861328125,0,48.57405882048454,-40.02101117445454,-1.0932329003567496,16652.761015866505,14148.189765383499,444.82386243614684,68.42106403920438
2021-02-16,15276.2861328125,15276.2861328125,15276.2861328125,15276.2861328125,0,48.57405882048454,-42.45008694483295,-9.36460370925199,16639.113738378495,14135.691925684003,413.0507294049935,68.42106403920438
2021-02-17,15855.2133301927,16228.7158203125,15799.188235517528,16228.7158203125,6180345,60.14069234643863,32.107849695979894,-1.0701130282056122,16725.411475775385,14114.756981255863,451.57779784035114,100.0
2021-02-18,16210.0429517822,16434.145219338527,16041.967645329129,16378.1201171875,5438955,61.599753796793905,102.07457758754754,19.55882509494502,16697.047157369077,14130.04893638092,447.3349247095688,97.41381078328288
2021-02-19,16172.690725637329,16396.792963289998,16097.990599403762,16228.7158203125,4333953,59.263521777431315,143.81028000159495,44.40911607627501,16682.79997838823,14136.825802861773,436.72545607933074,90.43466041083967
2021-02-22,16228.717025132326,16583.546368988238,16060.641728628896,16210.0419921875,5443720,58.962520741591604,173.38067845275327,70.20342855157067,16661.17693661915,14147.243473537099,442.8811120993315,77.27264968641391
2021-02-23,16135.343290175724,16340.770529724015,16041.968117177536,16172.693359375,4566915,58.32446687259942,191.59314324337356,94.48137148993125,16715.16340854362,14130.607294581381,432.589776416985,75.00002447935769
2021-02-24,16172.693359375,16172.693359375,16172.693359375,16172.693359375,0,58.32446687259942,203.6787707204312,116.32085133603124,16800.348046845207,14157.47363284229,401.69050667291464,75.00002447935769
2021-02-25,16172.693359375,16172.693359375,16172.693359375,16172.693359375,0,58.32446687259942,210.82644158455696,135.2219693857364,16745.51546466381,14428.938148617437,372.9983276248493,75.00002447935769
2021-02-26,16322.09498930148,17069.101926994015,16284.744921259688,17031.75,10429645,68.20779293766489,282.55262294865133,164.6881000983194,16942.16989350185,14473.19319243565,410.38477333871833,97.91657753600572
2021-03-01,17274.526595758238,17293.201629016472,17106.45129643411,17255.8515625,5605713,70.19360944186303,353.40542389831353,202.43156485831824,17093.197101081896,14615.365984855605,399.746691601415,98.14815907821777
2021-03-02,17479.955538938215,17592.007608455187,17255.853258856598,17442.60546875,6031935,71.77576820486415,419.78721290276917,245.90269446720845,17347.813147460627,14592.322106445623,395.20450262668453,93.54835452896063
2021-03-03,17386.57796242434,17573.32828757566,17367.90292990921,17479.953125,5673165,72.09477834759423,469.9911374030944,290.72038305438565,17585.304982302143,14534.111716916605,381.64884941523917,95.16114158659393
2021-03-04,17517.303292693687,17517.303292693687,16807.648335055474,17143.80078125,7125470,64.97618707384883,477.15310054547626,328.0069265526038,17719.964146214163,14552.588783473337,405.0778571454516,80.64504596431246
2021-03-05,17050.427103985894,17218.50241225403,16844.99986826148,17181.15234375,5452460,65.38517426824001,480.3062948815859,358.4668002184002,17846.458477500833,14556.820526405418,402.82247763453023,82.25800170587605
2021-03-08,17405.253227414498,17517.303424001897,17181.1509752876,17293.201171875,4530220,66.64354721831813,486.2415383300304,384.0217478407263,17955.71944648957,14649.251061322933,398.0603327116564,83.33315441083325
2021-03-09,17181.152054939277,17255.85219069165,16826.3245511633,17125.126953125,4151064,62.946964069617756,471.9428137431423,401.6059610212095,18012.941982511747,14776.912607332004,402.97578185451664,69.87944398616658
2021-03-10,17125.127029056704,17125.127029056704,16863.67469381193,17031.75,4019243,60.92505515830023,447.91296985747977,410.8673627884636,18034.30184800821,14931.099128554291,392.8669642395352,63.85526874587024
2021-03-11,17143.80248375624,17423.929859895747,17106.452414797943,17330.5546875,3967487,64.8193033205078,447.81801915096366,418.2574940609636,18071.339987986194,15099.48784404506,392.817885357836,83.13249937008511
2021-03-12,17405.25557459896,17405.25557459896,17255.853433382716,17349.23046875,3097078,65.0537273713224,444.1300942338821,423.43201409554734,18076.42005092773,15301.702214697274,375.4310464905795,84.33735778531208
2021-03-15,17405.254364844954,17517.304568754815,17330.554228905046,17367.904296875,3033729,65.30268922499597,437.6690328617042,426.27941784877873,18040.85233097084,15546.431751060409,361.953853159093,84.21045151026831
2021-03-16,17405.252175309044,17405.252175309044,17106.449810185764,17218.5,3592358,61.526050844250776,415.7009749662793,424.1637292722789,17924.734283418045,15856.771185331954,357.4430325851063,73.68393865578071
2021-03-17,17237.1760735813,17349.2281291208,17199.82600805217,17293.201171875,3106787,62.687960432709126,399.71126838905184,419.2732370956335,17943.48479386579,15944.469210040457,342.5829674767866,77.14258660428658
2021-03-18,17442.605930552076,17461.280966140617,17311.87882247993,17405.255859375,2845540,64.42358217991871,391.56744180131864,413.73207803677053,17977.82888909806,16012.838689026943,330.1184551045602,76.19053469327471
2021-03-19,17405.254407336524,17722.73184480841,17405.254407336524,17610.681640625,4686785,67.41598649839437,397.11188566505007,410.40803956242644,18013.738457837284,16115.125702318966,329.21552527365503,87.7551935982691
2021-03-22,17666.70455155986,17722.729646702912,17442.602312035648,17461.27734375,2815292,63.24915797745598,385.0120401019849,405.3288396703382,18001.16612867961,16252.821566632887,325.7092259446271,71.42834525244572
2021-03-23,17423.930894963538,17592.008074212765,17330.555717020845,17405.255859375,3182063,61.708992455359315,366.6755522024141,397.5981821767534,17945.432649076454,16431.811296236043,321.119449605148,65.30633739437329
2021-03-24,17199.826872768575,17311.87707498927,16844.99937345086,16975.724609375,6027526,51.3785419429092,313.8661180679628,380.8517693549953,17827.296766964402,16630.2503033481,338.200666485076,16.666537551717873
2021-03-25,17069.102738296733,17087.777773205264,16732.94839203857,16807.650390625,5078427,47.9929160811435,255.50675344048068,355.7827661720924,17656.14843702108,16864.89433641642,339.3884318194774,7.547307279929074
2021-03-26,16994.399237932543,17255.8515625,16826.323938608413,17255.8515625,7163107,56.268651979042545,242.6257862786042,333.15137019339477,17652.486925054112,16890.966004633385,347.16077039487186,52.83005782710571
2021-03-29,17367.903161885366,17405.253227414498,17237.1760735813,17293.201171875,3376928,56.8843626626814,232.74835023264677,313.0707662012452,17654.392941644317,16892.79494898068,334.3690834976094,56.60357104057474
2021-03-30,17367.905504032988,17461.280680447922,17218.50336281674,17349.23046875,3397798,57.84324385872009,226.8267889760391,295.821970756204,17643.233667375614,16894.616723249383,327.8268145071503,62.26433418206854
2021-03-31,17349.227897394077,17685.38034161852,17311.87597341174,17479.953125,4159703,60.074263058593395,230.03048662142464,282.66367392924815,17643.233667375614,16894.616723249383,331.08949691426653,75.47153176495208
2021-04-01,17554.65359314972,18114.91015625,17535.97856027492,18114.91015625,7054067,68.73059490547755,280.5709190459129,282.24512295258114,17844.316145714147,16790.64518241085,352.7943207953904,100.0
2021-04-02,18226.96077098725,18413.7129629649,18152.26063777705,18320.3359375,4250115,70.92678209219103,333.35797635517156,292.46769363309926,18061.25331616522,16687.626371334776,348.9377840753553,94.44437209826268
2021-04-05,18488.413023541736,18525.763090000102,18282.98579906857,18413.712890625,3918663,71.89312600703006,378.3652798939911,309.6472108852776,18257.807014020626,16603.123845354377,341.3548917079394,93.75004011833987
2021-04-06,18413.712434466896,18507.08759829965,18339.01044444859,18451.0625,3576049,72.28986807687616,412.29501327319304,330.17677136286073,18427.16432750674,16566.36008655576,328.97791043244797,95.83333458359984
2021-04-07,18451.063247726644,18525.763381820063,18264.311053540925,18469.73828125,3671482,72.49890504195383,435.6694249574866,351.2753020817859,18567.490838458656,16569.832403728844,324.15465456435436,96.87502051860403
2021-04-08,18488.413773836157,18525.763841810254,18301.661575013422,18432.388671875,3050267,71.33983792377109,446.03836071489786,370.2279138084083,18686.769057772195,16560.737582852802,317.00805543810276,94.79170207133447
2021-04-09,18413.71272531735,18637.81498100784,18320.33570105757,18507.087890625,3981248,72.29387999797606,455.0380245765191,387.18993596203046,18806.054541327758,16557.23784148474,317.04171433182887,93.13720492868866
2021-04-12,18637.816385483664,19235.42120639013,18581.789423124967,19123.369140625,6882952,78.61782791806647,506.0654617948603,410.96504112859645,19053.446437536757,16485.392429650743,346.4196858627788,95.52234633189558
2021-04-13,19235.42028292738,19235.42028292738,18712.515625,18712.515625,6869318,67.54850512156577,507.502455955444,430.272524093966,19166.45940750333,16521.781022184172,359.0257552959647,79.10444507563517
2021-04-14,18712.5163559408,19907.725987060367,18637.81621873389,19795.67578125,7327088,76.81624967104332,589.2507406999976,462.06816741517235,19525.061404869357,16413.426485755645,424.08889908385845,96.36366160440963
2021-04-15,19982.427157938968,20430.62982162177,19608.922769425768,20355.9296875,8174333,79.99814900243575,691.2760532839129,507.9097445889205,19977.199791093895,16256.355482343606,452.49019573472583,97.67443358535893
2021-04-16,20206.52904204886,20804.13573570204,19982.428623250264,20393.28125,7245646,80.19332343178951,766.3122370372985,559.5902430785961,20357.523678525085,16154.291555849912,478.8628326430865,88.54164501612219
2021-04-19,20617.38296347508,21588.4921875,20430.630760635147,21588.4921875,8870008,85.17751063711637,911.7128291570516,630.0147602942873,21000.51227604945,15924.024442700553,530.0305544185803,100.0
2021-04-20,21663.19106364884,21887.293322217258,20916.184154738163,21364.388671875,9639889,81.0587059655991,997.3635786693158,703.484523969293,21455.861848988592,15864.588151011407,561.5361696371886,87.98283555775579
2021-04-21,21364.388671875,21364.388671875,21364.388671875,21364.388671875,0,81.0587059655991,1053.1029000402414,773.4081991834827,21804.54134410534,15954.775062144663,521.4264432345323,85.9999980048199
2021-04-22,21102.93635786632,21625.841008485168,20542.681640625,20542.681640625,8421948,67.23355112928088,1019.2228570255465,822.5711307518955,21910.087119872922,16222.732411377081,561.5502235649349,62.88660606435936
2021-04-23,20729.433547596345,21065.587890625,20467.981202436447,21065.587890625,7260884,70.66266926701982,1022.7769075750002,862.6122861165164,22100.310648389546,16413.482515672957,564.1256853237647,77.31963971514357
2021-04-26,21102.93789175163,21140.28796108892,20542.68313378771,20580.033203125,6410504,63.96819928974491,975.1721355544832,885.1242560041098,22164.965747549802,16677.510619637695,566.5170526078682,63.91756784473943
2021-04-27,20580.03180854497,21065.58639493131,20318.57948194864,21028.236328125,5426366,67.06951317139101,962.5159721702694,900.6025992373418,22255.736278939134,16954.640674185866,579.4091854917826,76.04168373503019
2021-04-28,21028.23564950496,21102.935780706863,20729.43140679313,20916.18359375,3980152,65.55047782308242,932.6926519940862,907.0206097886906,22289.38474493593,17264.61525506407,564.7016989504934,72.77484535542278
2021-04-29,21102.936235233985,21924.643273009664,21065.58616882857,21700.541015625,7103962,70.57441368173977,961.2676495897394,917.8700177489004,22480.980429168503,17431.582656769,596.3986975440056,93.29607971367358
2021-04-30,21700.541015625,21700.541015625,21700.541015625,21700.541015625,0,70.57441368173977,972.7008511294662,928.8361844250136,22641.422074599366,17609.161519150635,553.7987905765766,93.1818056233554
2021-05-03,21700.541015625,21700.541015625,21700.541015625,21700.541015625,0,70.57441368173977,970.5735776790643,937.1836630758237,22764.074161635108,17815.19224461489,514.2417341068211,93.1818056233554
2021-05-04,21401.73884708714,22559.59835345569,21289.688646710376,22335.49609375,8408238,74.35566365189517,1008.4979300378182,951.4465164682226,22960.454728998404,18007.255036626593,568.2180178667136,92.40505256089115
2021-05-05,22410.198424190155,22522.248626256423,22148.74609375,22148.74609375,6235133,71.4476238497854,1011.8204519139035,963.5213035573588,23059.580189200784,18276.03035767422,554.3097689124071,84.05800538123883
2021-05-06,22148.74563654058,22522.248161336916,21961.993444666343,22186.095703125,5506713,71.6861278654282,1005.872305961675,971.991504038222,23092.800666285257,18618.18058371474,554.7344080379904,83.33335541795255
2021-05-07,22111.39712776705,22970.45429658814,22074.04705855121,22709.001953125,7530796,74.85320429917138,1031.4624644781725,983.8856961262122,23158.88877063847,18972.283885611527,579.139610180772,90.14084895637568
2021-05-10,22709.001887156755,23642.75919169701,22709.001887156755,23530.708984375,7175925,78.85569666782969,1105.306454817557,1008.1698478644812,23445.265427259004,19126.641213365994,604.4694454921636,96.62923737265425
2021-05-11,23642.757807035792,23642.757807035792,23157.205078125,23157.205078125,7533981,73.15589169729586,1120.7701646439418,1030.6899112203735,23456.93773155704,19559.437854380463,595.97539430778,85.39326522726523
2021-05-12,23007.80373510867,23418.658203125,22895.753530532707,23418.658203125,7470555,74.54302164560416,1140.969956791174,1052.7459203345336,23641.373623774103,19737.300204350897,590.7560570423881,93.25845748005686
2021-05-13,23306.605589749648,23530.707852566808,22970.453125,22970.453125,6282582,68.05113186073841,1108.0392468932441,1063.8045856462757,23746.123806689302,19894.0023651857,588.5773906512752,79.77527915457073
2021-05-14,23157.205782917103,23343.956123200347,22783.701384446187,22933.103515625,8107391,67.52340107657213,1066.6321492522075,1064.370098367462,23810.93468775355,20083.17371068395,586.5543440871955,78.65170544207048
2021-05-17,22933.1031780904,23306.6057121118,22634.300779082834,23119.853515625,8665154,68.82518870175953,1036.9327747556417,1058.882633645098,23950.243409562572,20097.001121687426,592.6793861544649,82.05125840004779
2021-05-18,23343.95505989735,23792.159574066125,23343.95505989735,23680.109375,9975495,72.39953390258,1046.5399114420252,1056.4140892044834,24174.500974058275,20104.315627504227,598.367005603512,95.89043893515266
2021-05-19,23904.209446643625,24912.66866027355,23717.459117417427,24688.56640625,7238969,77.41837575400449,1122.5872043707677,1069.6487122377403,24600.584410654268,20010.649964345732,643.6664541513718,93.8144220176598
2021-05-20,24725.920038800363,24912.67038092491,24464.46770087376,24875.3203125,5492035,78.20863310978403,1184.2731477124216,1092.5735993326766,24931.63858964653,20112.859652540974,629.7047560013558,98.96907930635741
2021-05-21,24688.56673798553,24800.618795978982,24427.11441460365,24501.81640625,5848740,72.72689182604074,1189.311416809589,1111.921162828059,25155.593660440496,20232.527433309504,616.7405518509983,88.65978343763354
2021-05-24,24501.81722852834,24688.567566531183,24277.71496397272,24427.115234375,6011905,71.64528749184797,1173.7463043366042,1124.2861911297682,25251.747826730596,20521.081470144407,602.0342697586742,83.54427959959627
2021-05-25,24389.766022874872,25323.52518147361,24352.41595396329,25174.123046875,5781747,75.55966695084817,1207.765756195815,1140.9821041429777,25499.695779305457,20687.722189444543,628.3967667409348,95.55553401555831
2021-05-26,25174.12131319037,25323.5234375,25099.421180511625,25323.5234375,3945980,76.26538486505257,1232.5734404522227,1159.3003714048268,25687.432144132938,20940.719808992064,599.5185874728949,99.9999463306554
2021-05-27,25286.173852609005,25323.52391965952,24725.91912894689,24950.01953125,4883791,70.76408854909424,1208.168055932856,1169.0739083104327,25829.633135218286,21123.466669469217,599.3818877043045,86.11102703472582
2021-05-28,25062.072265625,25136.77240173577,24725.919794174304,25062.072265625,7679971,71.42991508112806,1184.217410907051,1172.1026088297565,25943.158367487707,21346.094562199793,585.9155105512444,90.27775757143309
2021-05-31,26842.921875,26842.921875,26384.5029492941,26842.921875,11383945,79.44291927905442,1294.0193825218012,1196.4859635681655,26424.185995331696,21379.3050202933,671.2679461815127,100.0
2021-06-01,27810.69240319331,28676.593773707304,27505.081038467222,28269.111328125,6307113,83.44694349242567,1479.0700074547603,1253.0027723454846,27279.20576952502,21117.64676953748,754.2967999333549,93.25616209037165
2021-06-02,28014.4335867794,28269.1103411066,26995.7265694706,27505.080078125,7550418,75.01719425102088,1546.2488303229802,1311.6519839409839,27723.024265005944,21209.461672494057,791.3745112705724,80.6114384617803
2021-06-03,27505.07909406417,27810.69043718583,26995.72560363313,27657.884765625,6978438,75.54918945943811,1593.4502896320082,1368.0116450791888,28107.541247415145,21372.12359633485,793.0595342907243,83.1403573281104
2021-06-04,27759.7578125,28167.240258241032,27657.8867316041,27759.7578125,5979803,75.91738410647096,1620.399137107659,1418.4891434848828,28474.417955357712,21510.32247432979,772.7949598853892,82.80708650235444
2021-06-07,27810.692450162096,28014.43461221862,26486.374030322364,26842.921875,65411569,66.24848211641984,1549.9089099206903,1444.7730967720443,28662.314068775155,21653.647649974842,826.742504314737,63.024357558398194
2021-06-08,26842.921875,26842.921875,26842.921875,26842.921875,0,66.24848211641984,1477.018744347759,1451.2222262871874,28790.786304891164,21893.74709354634,767.6894682922558,58.315016666304956
2021-06-09,25416.73050914334,26180.76074402967,24958.311617074574,25620.47265625,77310055,55.34798502148381,1305.5616257296788,1422.0901061756856,28780.802453159522,22123.912390590478,847.4695246946251,30.52499853612238
2021-06-10,25569.53904860838,26791.98831268183,25467.66796362849,26282.634765625,55331030,59.25843110295126,1209.1729788339762,1379.5066807073438,28750.279562721473,22485.653445091026,881.5302978631049,45.57797312386632
2021-06-11,26537.31046085739,27097.598588716548,26282.633697677305,27046.662109375,54797594,63.25687154042917,1180.82310935633,1339.7699664371412,28746.89759149302,22900.391275694477,876.7756259471148,62.30655323908966
2021-06-14,27250.40329095794,27657.8857218219,26893.855459761045,27301.337890625,53961765,64.50729026359444,1165.471016282885,1304.91017640629,28731.23851624936,23334.198788438138,868.7223856695247,65.18934089127693
2021-06-15,26995.726578914982,27301.337933077542,26842.920901833702,27097.59765625,40975454,62.66985575048835,1123.9085199215551,1268.709845109343,28700.107710084932,23707.07842272757,839.4148603534043,60.03224108693818
2021-06-16,26893.85745202281,26995.7285367459,26231.69821808668,26384.50390625,54606757,56.593740767886096,1021.652264710574,1219.2983290295892,28681.29142792087,23895.48845489163,841.3066159112554,41.98230784590718
2021-06-17,25926.08689843189,26435.440445318105,25926.08689843189,26180.763671875,38159532,54.95434364493532,913.6414219631042,1158.1669476162924,28653.685073073066,24053.639145676934,817.5956824094668,32.87679641578025
2021-06-18,26435.43946570425,27148.53327821436,26180.762701698663,26537.310546875,54726620,57.28623411070228,847.0481600160747,1095.943190096249,28584.198956336168,24326.674676476334,828.3224605599119,42.465817904211036
2021-06-21,26486.37503992788,26741.051813285,26078.892578125,26078.892578125,42680146,53.45471556627305,748.6520266813277,1026.4849574132647,28452.87144533503,24623.179921852472,816.4536587456325,33.84624238605893
2021-06-22,26231.697278301577,26690.1162042107,26078.891595612724,26333.568359375,34843397,55.245598151904794,683.3454087360842,957.8570476778287,28404.217172468805,24787.778725968692,801.7944408779427,42.857193041242404
2021-06-23,26282.634756820768,26435.440445318105,26027.957983377662,26180.763671875,35032345,53.90543493838805,612.2022952891166,888.7260972000863,28358.55116259082,24919.168759284184,773.6292995252642,38.09533310021065
2021-06-24,26180.763712573887,26333.569401308763,25722.34476852662,25773.28125,37724818,50.3946718829048,516.9810041450291,814.3770785890749,28263.524244452292,25096.52184929771,762.0289661864699,26.66678121987734
2021-06-25,25824.21484375,26078.891607629623,25365.797795472205,25824.21484375,49438509,50.8257803636404,440.54898575128755,739.6114600215176,28168.80051719916,25267.45983436334,758.5335980415377,32.075549441398756
2021-06-28,26129.82524775165,26741.049834139627,25875.15037108603,26690.115234375,73915584,57.576003335530615,444.720524031105,680.6332728234352,28160.001954972442,25260.97773252756,769.8408403521156,64.15099382732151
2021-06-29,26741.051763859494,26791.98824514235,26333.56930280977,26384.50390625,37431674,54.72091100780662,418.5415318468513,628.2149246281184,27871.10558240086,25361.413362911637,747.596419065006,44.444460400790746
2021-06-30,26435.439427673387,26588.2451102884,26180.762664034184,26231.697265625,35673941,53.297778902549126,381.0715178424143,578.7862432709776,27745.229593583725,25359.951070478775,723.3025638642354,37.7777597533878
2021-07-01,26333.5673608551,26944.79194627657,26282.63276117101,26893.85546875,74881092,58.352373949802086,400.193710904834,543.0677367977489,27602.307595693805,25426.470138681194,722.5734293490451,66.66662546891608
2021-07-02,26995.727531837096,27199.469693699026,26588.2450859558,26639.1796875,56738802,55.84872926205178,390.2988572682116,512.5139608918414,27378.74754307076,25537.972378804243,714.6199420914866,65.7894851823239
2021-07-05,26639.1796875,26639.1796875,26639.1796875,26639.1796875,0,55.84872926205178,378.0986288376007,485.6308944809933,27355.04956751591,25541.29613560909,663.5756605135233,69.4443696966272
2021-07-06,26639.1796875,26639.1796875,26639.1796875,26639.1796875,0,55.84872926205178,364.2312290262962,461.3509613900539,27330.657877571128,25545.31360680387,616.1773990482717,69.4443696966272
2021-07-07,26639.1796875,26639.1796875,26639.1796875,26639.1796875,0,55.84872926205178,349.2156738575941,438.92390388356193,27297.476007200006,25680.366180299992,572.1647276876809,69.4443696966272
2021-07-08,26639.1796875,26639.1796875,26639.1796875,26639.1796875,0,55.84872926205178,333.4716842085254,417.83345994855466,27311.8677961735,25701.628883514,531.2958185671322,69.4443696966272
2021-07-09,24703.638673572248,25009.25004018709,23430.25484960614,24092.4140625,88514471,34.44270033977293,114.17561187141109,357.10189033312594,27671.33856692402,25046.73330807598,722.5550342333271,17.56756354527248
2021-07-12,24092.4140625,24092.4140625,24092.4140625,24092.4140625,0,34.44270033977293,-58.938696790104586,273.89377290847983,27782.38522430408,24614.79426788342,670.9439603595181,17.56756354527248
2021-07-13,23175.578125,23430.25489023484,22691.69189548529,23175.578125,48131157,29.691277212675786,-267.0358088834291,165.70785655009806,28027.397382588904,23977.580156473596,723.0709751206031,10.734473862186697
2021-07-14,23175.578125,23175.578125,23175.578125,23175.578125,0,29.691277212675786,-427.03171369861593,47.15994250035527,28217.657136770515,23466.427824166985,671.4230483262743,10.734473862186697
2021-07-15,22717.15730888234,23863.20265721474,22717.15730888234,23684.9296875,53884373,35.430454308510676,-506.8861388250589,-63.64927376472756,28273.307897800434,23161.193664699567,705.3246411838549,22.0338676056369
2021-07-16,23684.9296875,23684.9296875,23684.9296875,23684.9296875,0,35.430454308510676,-563.6736669004749,-163.65415239187706,28253.390685025894,22895.872791536603,654.9443096707224,22.0338676056369
2021-07-19,23251.980030706058,23379.318413339035,22411.547832033943,22564.353515625,74420706,29.32321300397288,-691.132380192892,-269.14979795208006,28382.18121930988,22415.62835100262,699.118420084675,3.1914824010498077
2021-07-20,22920.901320019693,24092.4140625,22640.757254315664,24092.4140625,77326666,43.60002217909047,-661.2204751277714,-347.56393338721836,28290.595263015228,22283.09887760977,758.3285719982697,35.10638391833544
2021-07-21,24194.28467097118,24347.090351291143,23735.865752168756,23812.26953125,40273267,41.92784175904246,-652.5976576963767,-408.57067824905005,28210.294848514237,22126.549878048263,747.8211453642781,29.255316600528904
2021-07-22,23786.801740950534,24296.155290299463,23583.061447916545,24041.478515625,40573206,43.82614176376548,-620.120401323391,-450.8806228639183,28149.692278107817,22013.97217501718,745.3406237227524,38.55422466560473
2021-07-23,23837.736321221364,23939.60739853413,23328.3828125,23328.3828125,54559945,39.50005299716084,-644.4934855958563,-489.60319541030594,28099.881417602992,21814.19983239701,743.0374151086273,21.686727033259732
2021-07-26,23175.577119050904,23481.188472930447,22742.62551023865,23226.51171875,44330663,38.9091693385474,-664.3710208025332,-524.5567604887515,27906.249359361573,21661.47153907593,742.7178113645681,19.27707791449157
2021-07-27,23430.253922544915,23837.736354522764,23277.448245283533,23532.125,34366211,41.72553186793864,-647.9940014966232,-549.2442086903259,27716.001684247974,21566.481323564527,733.3254416794392,26.50602527079606
2021-07-28,23583.058560040132,23990.540974052277,23532.123962479523,23786.798828125,40045811,44.040695089212946,-607.4625955062838,-560.8878860535175,27521.061121789422,21516.932042273078,713.6891252432474,52.94105659127114
2021-07-29,23914.139188214067,24296.15433520861,23837.737285520696,23990.54296875,61881757,45.89271039042982,-552.5314759425528,-559.2166040313246,27165.800906540735,21581.861007521762,699.0938668032733,81.57894342316105
2021-07-30,23990.5429810142,24245.21974580742,23990.5429810142,24092.4140625,43445567,46.84005353888698,-495.0711499915633,-546.3875132233723,26827.79372617124,21665.19162539126,667.3497889642837,86.84212378403966
2021-08-02,23990.541536525336,24398.02396009115,23888.670461173268,24066.9453125,45693133,46.62028384805221,-446.44223478789354,-526.3984575362765,26440.595495132296,21795.166418930206,656.0643396752549,83.3333689282767
2021-08-03,24092.412611877404,24270.68558536168,23812.26856304106,24066.9453125,53413983,46.62028384805221,-403.25499655381645,-501.7697653397845,25986.166362309694,21992.372114252805,641.946674149924,83.3333689282767
2021-08-04,24066.9453125,24066.9453125,24066.9453125,24066.9453125,0,46.62028384805221,-364.8233427059895,-474.38048081302554,25422.995833753193,22298.319205309308,596.0933402820723,83.3333689282767
2021-08-05,24168.81499532272,24958.31255893016,24117.88039554514,24856.443359375,56069459,54.826319028243766,-267.5756404510721,-433.01951274063487,24766.960447111924,22776.080959138075,617.1843335783642,96.00005456022986
2021-08-06,24754.57224913751,25009.249003372533,24601.76657216499,24652.701171875,37944157,52.57989658118839,-204.58806372199615,-387.3332229369072,24862.261119918116,22736.80899726938,602.2056262661628,84.94620757536899
2021-08-09,24499.896434456576,25314.861328125,24423.49265411904,25314.861328125,57420036,58.527348106451875,-100.08544198301024,-329.8836667461278,25117.24456783204,22604.07027591796,622.8601296761483,100.0
2021-08-10,25314.861328125,25314.861328125,25314.861328125,25314.861328125,0,58.527348106451875,-17.069593703374267,-267.3208521375771,25337.742759143435,22597.500404919065,578.3701204135663,100.0
2021-08-11,25365.79930735623,25365.79930735623,24932.84765625,24932.84765625,41330700,53.99611739412417,17.691813245957746,-210.31831906087015,25437.076887731528,22673.89322945597,567.9830868916135,83.49512138379971
2021-08-12,24907.377926110024,24958.312525820034,24652.701171875,24652.701171875,40673249,50.88485375521653,22.377049985505437,-163.77924525159506,25498.548289213482,22709.19897641152,549.2422488240009,72.81544454794411
2021-08-13,24652.70068788245,24805.50636185502,24296.152863384817,24780.0390625,48718012,52.23216217035516,35.950818763092684,-123.83323244865753,25569.939061815105,22747.319141309894,546.3930523701581,71.95106438307076
2021-08-16,24958.313969858376,25212.99073882849,24932.846668529884,25187.5234375,41947568,56.35784433079543,78.68171801889184,-83.33024235514766,25557.515607437235,23022.059587875265,538.2900969386103,90.27767536089027
2021-08-17,25187.5234375,25187.5234375,25187.5234375,25187.5234375,0,56.35784433079543,111.26368503674894,-44.41145687676834,25669.676470281993,23019.40966253051,499.84080430013813,88.52447107927584
2021-08-18,25722.3428028634,25926.08495750199,25416.73144874801,25671.408203125,38060811,60.99718717600281,174.1233990745386,-0.7044856865069491,25862.49006094917,23012.50993905083,516.8922839931275,87.95180342794448
2021-08-19,25773.280254666297,26129.826221997413,25671.409173496308,25926.0859375,51920891,63.21369925677907,241.70432308192903,47.777276067180246,26089.515710070747,22973.94503211675,512.7155507702194,91.20883643563104
2021-08-20,25875.15031657159,25977.019515886223,24550.830069214007,24958.3125,93121914,51.28636263857407,214.69657538878528,81.16113593150126,26073.428387896416,23153.025323041085,577.9636861917905,49.450503746043964
2021-08-23,24958.313573174382,24958.313573174382,24194.28515625,24194.28515625,61961980,44.196468842603984,130.141924271491,90.95729359949922,25986.169033311733,23337.06202137577,591.2540241012614,6.172912995788217
2021-08-24,24245.21926780633,24576.2998066472,24194.2846669889,24321.623046875,41393935,45.54757201315637,72.57031225768878,87.27989733113714,25927.319577194725,23474.861282180278,576.3083894981926,10.126646982793044
2021-08-25,24423.49171749498,24703.6376494275,24143.34766340495,24652.701171875,30961925,49.00469287240405,53.048126922003576,80.43354324931043,25893.40830553108,23595.36278821892,575.1642178213608,25.641027247279023
2021-08-26,24754.5732236822,24754.5732236822,24219.752394302177,24296.154296875,26157983,45.64383410800442,8.705944657041982,66.08802353085674,25874.085091588993,23645.24713497351,572.2825472184081,7.692337418347038
2021-08-27,24194.28609929224,24372.55909054954,23812.270937018617,24245.220703125,46229211,45.16728360521788,-30.197373082253762,46.83094420823465,25864.424888138485,23670.188002486517,571.4258048121593,18.68131340436802
2021-08-30,24448.96184499374,24830.975113344364,24270.68698339805,24805.5078125,32097882,51.20277868639478,-15.63778283575084,34.33719879943755,25850.642669058685,23757.826471566314,572.4492766269597,42.85709522957381
2021-08-31,24958.313532769927,25314.86137865248,24856.44432923997,25111.12109375,48837119,54.16627614635768,20.32691894239906,31.535142828029855,25850.86737185152,23862.01934689848,567.9424401644968,56.043977252662025
2021-09-01,24958.312516525428,25238.45844835362,24907.377916834383,25060.18359375,28439525,53.58218586631701,44.20935573220777,34.06998540886544,25831.313939144155,23980.896607730847,551.0237324041211,53.84607930691935
2021-09-02,25060.18359375,25060.18359375,25060.18359375,25060.18359375,0,53.58218586631701,62.41685628567939,39.73935958422823,25843.682616382375,23988.901953930126,511.66489437525536,53.84607930691935
2021-09-03,25060.18359375,25060.18359375,25060.18359375,25060.18359375,0,53.58218586631701,75.97068884141117,46.98562543566482,25857.555366140237,24015.77744635976,475.11740191987997,53.84607930691935
2021-09-06,25212.99117314225,26180.763663036378,25162.05656960788,26078.892578125,90791483,63.43183442241431,166.9885599524132,70.9862123390145,26017.196869702304,23932.539067797697,521.2218781603441,95.69890657495674
2021-09-07,26282.633769870357,26486.37405426852,25773.280242111097,25824.21484375,58981459,60.00383617709875,216.07968175644055,100.00490622249973,26100.905629280423,23899.765659782075,534.9270163029925,75.23808239678146
2021-09-08,25824.21484375,25824.21484375,25824.21484375,25824.21484375,0,60.00383617709875,252.07894035781646,130.4197130495631,26204.57305079822,23885.23495701428,496.7179437099216,75.23808239678146
2021-09-09,26282.63377036287,26690.1162170094,26231.697290880453,26435.439453125,69309274,65.23349727934817,326.16945151579057,169.5696607428086,26432.526789413743,23835.555046523754,523.0881886777415,91.15043586063754
2021-09-10,26486.374029264203,26588.2451102884,26180.762664034184,26231.697265625,32500508,62.308874035064484,364.24760397271166,208.5052493887892,26581.815908034343,23831.43174821566,514.8306356474898,84.0707575708911
2021-09-13,26231.69832496964,26231.69832496964,25824.2158622596,25875.15234375,51394440,57.45441700581324,361.4876145062226,239.10172241227588,26648.19746430717,23833.813082567827,507.1629090091005,71.68145629906797
2021-09-14,25875.149401212107,25977.01859692301,25569.536180552124,25620.47265625,42344342,54.205780669379635,334.88938427457106,258.25925478473494,26679.666999522844,23845.638469227153,500.04287382065667,62.831790569268364
2021-09-15,25518.60444503975,26486.375057742152,25416.733360059858,26282.634765625,48905639,60.46492471480368,363.055960376274,279.21859590304274,26772.350880239097,23814.0772447609,540.728504096488,85.84074501094429
2021-09-16,26486.37401636475,26639.179698905336,26129.826171875,26129.826171875,33942823,58.478515316877676,368.79654146305984,297.13418501504617,26803.54736208822,23803.25478634928,538.4874343060486,76.84205690537661
2021-09-17,26180.76361464645,26486.374990973087,26129.827133363597,26384.50390625,46337937,60.790497378051036,389.4075106810524,315.58885014824745,26939.963663714592,23809.457625347906,525.4918189340514,83.3333153658607
2021-09-20,26690.116178313907,26690.116178313907,25926.0858877684,26129.826171875,61022899,57.351431227322024,380.80184096516314,328.6314483116306,26967.240277715897,23975.7351129091,542.5302811920125,68.57138004611254
2021-09-21,26129.826171875,26129.826171875,26129.826171875,26129.826171875,0,57.35143122732202,369.7198850229106,336.8491356538866,26981.668100197927,24142.12760292707,503.7781182497259,65.6249566921374
2021-09-22,26129.826171875,26129.826171875,26129.826171875,26129.826171875,0,57.35143122732202,356.8241088855575,340.8441303002208,27009.309608168078,24262.19859495692,467.79396694617407,65.6249566921374
2021-09-23,26129.82717276876,26435.440427398906,25926.08688085796,25977.021484375,33549069,55.01895657865891,330.4646612407887,338.7682364883344,26946.026599905133,24493.56832196987,470.7625083458005,53.33331824794768
2021-09-24,25977.02155104553,26333.569410107808,25875.15234375,25875.15234375,2998339344,53.458051667809016,297.92038008758027,330.5986652081836,26812.72395294046,24789.86413299704,469.8806910609439,36.00009071806653
2021-09-27,26180.763721321877,26486.375098893743,25875.15234375,25875.15234375,53738839,53.458051667809016,269.02761986683254,318.2844561399134,26751.068345853655,24958.484193208842,479.9765527811438,36.00009071806653
2021-09-28,25773.27930946979,26842.920927920764,25773.27930946979,26791.986328125,67219512,64.09158808666174,316.4627538335808,317.9201156786469,26856.475221241868,25021.16384125813,522.0954860432745,96.4286184409699
2021-09-29,26842.9218383006,27301.3388855372,26791.98723677739,27148.533203125,65874974,67.2274307718183,378.4631051883407,330.02871358058565,27013.671823459794,25072.802199977705,521.1852768553406,91.8919009656678
2021-09-30,27352.27541521288,27352.27541521288,26893.85648929054,26944.79296875,43695108,63.79883962589215,406.47312695274377,345.3175962550173,27071.28862692998,25203.646334007517,516.7019660744119,78.9473731465543
2021-10-01,26944.791995430005,27352.274427173492,26842.920918033506,27199.46875,57530839,66.12452072087707,444.10214505075055,365.07450601416394,27148.292843052383,25340.57063351012,516.1770762933816,92.10522629533878
2021-10-04,27454.146436960396,28472.851611994876,27454.146436960396,28269.111328125,7610,73.75170838147992,553.8501894503206,402.8296427013953,27628.194124052625,25079.691227509877,570.2632038434883,93.33336385982854
2021-10-05,28269.111315184586,28472.85159896119,28065.369153565414,28167.240234375,50156363,72.08701970761634,625.3969724334529,447.34310864780684,27954.021536238884,24988.166354386114,558.636006811509,88.6792668107456
2021-10-06,28167.240234375,28167.240234375,28167.240234375,28167.240234375,0,72.08701970761634,674.3251132614532,492.73950957053614,28218.845614598235,24957.64481508927,518.7334348964013,88.6792668107456
2021-10-07,28727.52933418472,28880.336899491274,28269.11227179289,28320.046875,50535393,73.14165152631107,717.1642135809816,537.6244503726252,28484.683240019676,24880.267931855324,532.6165227692494,81.96718251085264
2021-10-08,28320.046875,28320.046875,28320.046875,28320.046875,0,73.14165152631107,742.5547997164394,578.610520241388,28716.61366048215,24857.17247233035,494.5724854285887,81.96718251085264
2021-10-11,28320.046875,28320.046875,28320.046875,28320.046875,0,73.14165152631107,753.9855461220941,613.6855254175293,28904.319697627132,24913.95588831037,459.2458793265467,81.96718251085264
2021-10-12,29185.946302137883,29338.751979275767,28931.26954762725,29033.140625,34179905,77.98889613507802,811.2338027519145,653.1951808844063,29191.242692159773,24968.299690652726,499.2072525372053,91.42858794392617
2021-10-13,29033.14060856509,29236.88088535277,28778.463854198617,28931.26953125,29413904,75.8819985987961,838.7151267895024,690.2991700654255,29442.087884610002,24982.317974765,496.2936652955587,88.57143257676574
2021-10-14,28931.26953125,28931.26953125,28931.26953125,28931.26953125,0,75.8819985987961,850.688071527904,722.3769503579213,29646.89508100251,25057.65511430999,460.8441177744474,88.57143257676574
2021-10-15,29185.947265625,29389.68754925389,29033.14158344269,29185.947265625,34958352,77.63390231829088,870.6903053724891,752.0396213608349,29878.42320824425,25106.271323005752,460.6708249336932,94.36622554424186
2021-10-18,29185.947265625,29185.947265625,29185.947265625,29185.947265625,0,77.63390231829088,876.4391745627145,776.9195320012109,30055.144621491312,25235.162019133688,427.765766009858,92.15689805901225
2021-10-19,29338.75199576754,29542.49415062757,29084.075241113744,29135.01171875,44775570,76.34753994315116,866.892129025855,794.9140514061397,30182.22639600285,25408.59879930965,429.9552762601416,84.90567223894071
2021-10-20,29236.88184081431,29287.8183200577,28421.91695134554,28982.205078125,65425914,72.46813652584598,837.3434339368541,803.3999279122827,30245.350583788007,25630.712502149494,461.09428286385713,79.24527233646556
2021-10-21,29135.01171875,29644.36335021509,28829.39848645995,29135.01171875,73979385,73.89654548332952,816.8400751114314,806.0879573521124,30266.365474792612,25925.496634582385,486.3707529275202,76.7442380531987
2021-10-22,29236.8819037586,29440.624065485703,28880.3359375,28880.3359375,37467161,67.60144006085416,771.1514544492165,799.1006567715333,30171.539579709814,26320.840889040188,491.6505654316761,51.61303224950344
2021-10-25,28880.3359375,28880.3359375,28880.3359375,28880.3359375,0,67.60144006085416,726.5674758170062,784.594020580628,29981.701952796084,26811.196875328915,456.5326679008421,48.27598292099285
2021-10-26,28880.3359375,28880.3359375,28880.3359375,28880.3359375,0,67.60144006085416,683.3570369932895,764.3466238631604,29906.019504620697,27095.7142844418,423.92319162221054,44.44451455427003
2021-10-27,28880.3359375,28880.3359375,28880.3359375,28880.3359375,0,67.60144006085416,641.7151600004254,739.8203310906135,29847.690019726877,27327.224042773123,393.6429636491955,42.307792207221425
2021-10-28,29491.55766300599,29644.36334017803,29185.94630866191,29542.494140625,41383364,75.03798703453528,654.5985015231017,722.7759651771113,29785.566117111426,27649.118062576075,420.0989950083981,92.30778960342192
2021-10-29,29542.49509605935,29593.42969748314,29084.076171875,29084.076171875,45072112,64.0730623667317,620.6635208611187,702.3534763139128,29615.929592072604,28007.215329802395,426.4743186226655,54.166728385128884
2021-11-01,29084.076171875,29084.076171875,29084.076171875,29084.076171875,0,64.0730623667317,587.0031967429131,679.2834203997129,29622.82842096914,28081.812985280856,396.01186729247513,54.166728385128884
2021-11-02,28269.110313120367,28269.110313120367,28116.30463624382,28727.52734375,48453748,56.611103582041544,525.4990112529449,648.5265385703594,29583.790025858878,28176.880091328625,436.8518436023825,39.999949080338176
2021-11-03,28625.6601277705,28676.59473097761,28167.24118753606,28320.046875,56377137,49.51404716696346,438.8178141596327,606.5847936882142,29561.502377382993,28214.44840386701,445.66858021749374,13.333403807938298
2021-11-04,28320.04590621929,28982.20511447344,28320.04590621929,28676.59375,28029161,54.84798877491157,394.34690829838655,564.1372166102486,29533.340357388595,28278.265111361405,461.13219650582636,36.66672678434219
2021-11-05,28676.592760535725,29033.140592014024,28370.98140660718,28829.3984375,36577157,56.94732761245318,367.2005963467127,524.7498925575414,29497.015691994337,28365.524933005665,475.49126714161326,46.66664930714081
2021-11-08,28982.204130986294,29033.14060856509,28625.658177147237,28931.26953125,40121693,58.33806104127911,349.8739651584001,489.7747070777132,29449.154631313395,28474.508259311602,470.6334931613446,53.33334953394344
2021-11-09,28931.27052605563,29338.75297148482,28727.528364419755,28778.46484375,46656375,55.44487994832162,320.1222537982321,455.84421642181695,29441.854410578973,28456.340901921027,480.67571558303894,43.33342701114481
2021-11-10,28778.46484138994,28829.39944287345,28116.305632891486,28167.240234375,81877670,45.68497001450672,244.40573328045866,413.5565197935453,29515.29061433599,28306.501768476508,497.2770080401051,3.333353489629498
2021-11-11,28014.4335867794,28167.239263807216,27301.337923526244,27505.080078125,102483089,37.90128588481291,129.4765297177546,356.7405217783872,29711.287173252003,27967.886264247998,523.6073868121516,8.695686916188317
2021-11-12,27454.14738088339,27912.564443733725,27403.21089978272,27810.693359375,39350608,42.74953307869442,62.336172955318034,297.85965201377337,29739.103315736535,27802.544731138467,522.5892551792126,21.73921939680157
2021-11-15,27759.756798998507,27810.69139866557,27148.532213781327,27301.337890625,57849277,37.49526732810471,-31.609399484830647,231.96584171405257,29824.85606877782,27528.331040597182,532.5586759231026,6.122436539377653
2021-11-16,27148.5342341618,27301.3399223772,26486.375,26486.375,75083065,30.942339937769333,-169.8645441019289,151.5997645508563,30030.878595259634,27057.44484224037,552.7305506698237,0.0
2021-11-17,26486.37504886967,26791.988303706978,26180.763671875,26180.763671875,56633096,28.902436301046876,-300.6275748164371,61.15429667739761,30210.535314286994,26597.643982588008,556.9086993242634,0.0
2021-11-18,26180.76219565928,26180.76219565928,25263.926238528893,25442.19921875,110625251,24.669676781467786,-458.56810995810156,-42.790184649702226,30422.658303174296,26016.239743700706,582.617894611538,4.37498308282143
2021-11-19,25263.92781955446,25314.86242342156,24398.02640891525,24448.962890625,91494614,20.35286123745486,-656.3173746635912,-165.49562265248005,30745.321809750745,25250.438932436755,615.5861028417673,1.0309512389460687
2021-11-22,24550.82961261992,25060.18311109012,24448.960415199843,24780.0390625,42717143,25.060170642117896,-777.3590996859675,-287.86831805917757,30856.754243784784,24728.976810902717,615.2744309166608,7.731912477788927
2021-11-23,24907.378445824183,25365.797364149537,24754.572765663244,25238.458984375,29540184,31.129696988611613,-826.7644562953974,-395.6475457064215,30831.41085533671,24390.132504038287,614.9851571716345,17.01030333932621
2021-11-24,25212.98878506269,25314.85986032522,24703.637164434946,24780.0390625,51204547,28.632324136531707,-892.619650184035,-495.0419666019442,30803.281828164632,24008.231843710368,614.7164099372517,7.731912477788927
2021-11-25,24805.50827356969,25136.58882422807,24805.50827356969,25085.65234375,41080593,32.51904318828025,-909.6638890548056,-577.9663510925166,30574.984536560754,23790.844955626744,596.2759350651673,13.917506385480449
2021-11-26,25111.121587885773,25442.200261558224,24958.31402389876,24983.783203125,50454981,31.895500601774373,-920.7774106238685,-646.528562998787,30381.777070077922,23574.023125234577,588.2480995361884,11.855681280712457
2021-11-29,24550.83009461249,24907.377926110024,24550.83009461249,24652.701171875,41152511,29.88952768309443,-945.402497985684,-706.3033499961665,30159.859417341042,23352.80327797146,577.1556001773542,5.7470847299052
2021-11-30,24932.84765625,25442.201214368382,24703.640057370867,24932.84765625,41859795,33.689762853983694,-931.5739722593535,-751.3574744488039,29930.289419924728,23202.90530663777,592.3230603427849,14.18920257158249
2021-12-01,25212.989253971555,25212.989253971555,24907.377900342683,24958.3125,26093993,34.03974863820022,-908.0920460804991,-782.704388775143,29729.085031774404,23067.936257288093,571.8436527203625,15.941955543915102
2021-12-02,25060.183619773583,25085.650919645548,24754.572265625,24754.572265625,24222249,32.55906519634462,-895.5986804935819,-805.2832471188309,29428.428966592634,22976.390174032364,554.6461528132329,10.447725099903064
2021-12-03,24856.4443049552,25034.717288801017,24296.154296875,24296.154296875,40927887,29.454524185528058,-912.1731331050469,-826.6612243160741,29058.44710203861,22893.04762452389,567.7830698927174,0.0
2021-12-06,24194.284675127547,24423.492256725604,23175.577635696067,23302.916015625,65374949,24.093963442752994,-993.996363335049,-860.1282521198691,28666.63791475747,22722.021460242533,616.3638949739188,3.5211261003986443
2021-12-07,23659.465247677697,24245.220703125,23430.255774744997,24245.220703125,41404883,35.995228941756906,-971.605684161008,-882.4237385280969,28124.334922141534,22811.000038795966,639.6453801543532,35.59325712235212
2021-12-08,24398.026375737783,24398.026375737783,23965.076609928245,24041.478515625,20968970,34.72739230293827,-959.2436378376296,-897.7877183900034,27664.016779885056,22858.742009177444,624.8814077011522,38.20223561056125
2021-12-09,23888.671887316275,24092.414050183725,23837.737285520696,23990.54296875,19480787,34.40116805480433,-942.6899569892557,-906.7681661098538,27304.39563203908,22866.90944608592,598.4382189127148,35.95503641285258
2021-12-10,23965.07373041277,24041.47562692948,23633.993211979778,23684.9296875,36671160,32.43255157296706,-943.3570504756935,-914.0859429830218,26774.981465136552,22983.74724580095,584.7985186296426,22.471841226600507
2021-12-13,23710.3984375,24016.009797956183,23583.060057669503,23710.3984375,27010800,32.77779132478,-931.0974992132105,-917.4882542290596,26284.232485272107,23115.402280352893,573.9521773194309,23.59548390991356
2021-12-14,23710.39886577976,25009.24998794341,23532.12588193394,24296.154296875,67343527,40.32936757942796,-864.1546768299158,-906.821538749231,25940.204255007055,23240.408440305444,638.4644579401482,49.438145430187205
2021-12-15,24448.962882417647,24754.574261202943,24296.155315182357,24347.091796875,17074285,40.95058850456753,-797.7952897566247,-885.0162889507097,25624.121183990046,23373.124323822452,625.6041369678479,51.68543079681333
2021-12-16,24499.896523019757,24499.896523019757,24092.41407471256,24194.28515625,20820228,39.61808547444084,-748.9023362902917,-857.7934984186262,25476.618399674444,23395.835701888056,610.02401634923,44.943833203687284
2021-12-17,24117.879345796217,24219.750418759853,23735.864230564384,23786.798828125,41556646,36.23229984832234,-734.5674235811675,-833.1482834511345,25483.190873230044,23323.046822082455,601.0141714811042,26.96615345310043
2021-12-20,23786.8007936188,24117.88133864707,23684.93159008016,23888.671875,18850328,37.66652794936926,-706.8386030631227,-807.8863473735322,25446.66803932243,23270.432937240068,589.0095698443761,35.000008486626406
2021-12-21,23888.671901255093,23914.139202167746,23481.189453125,23481.189453125,32267389,34.339575021381705,-709.5643231707763,-788.2219425329811,25343.324949106638,23198.049074330862,577.8624397871167,16.000004816412904
2021-12-22,23583.060548988884,23684.931630544128,22971.8359375,22971.8359375,46559352,30.690444795329427,-744.2458450352242,-779.4267230334297,25370.519410292538,22990.034300644962,587.5219578769032,0.0
2021-12-23,22971.83549506301,22971.83549506301,22462.4819749395,22895.43359375,50349842,30.17250665329408,-769.0313172790484,-777.3476418825535,25312.1981880334,22829.333647904103,581.9385296400175,17.00004148787131
2021-12-24,23073.707500823468,23761.33402945418,23048.240199363558,23455.72265625,36182649,38.38460422683293,-734.9908211193215,-768.8762777299071,25186.301699063682,22802.42408218632,602.2215229303149,39.00004540024727
2021-12-27,23710.39890459357,23735.86620549287,23201.045375237347,23379.318359375,20150130,37.732918265066054,-706.0398826124729,-756.3089987064203,25110.542658975286,22750.84484102471,597.4071877392585,35.999996063799024
2021-12-28,23379.31741223514,23786.799843643734,23226.51173518723,23328.3828125,23324506,37.278529127861404,-679.3747193437193,-740.9221428338802,24959.472621609246,22741.468394015756,594.7558249333475,33.99998873627956
2021-12-29,23328.3828125,23583.059566860684,23175.57713545209,23328.3828125,28537114,37.278529127861404,-650.7410476164223,-722.8859237903887,24769.435513010118,22768.51253386488,581.3791539672936,33.99998873627956
2021-12-30,23583.060586053474,23583.060586053474,23277.44921875,23277.44921875,19413966,36.76508191945075,-624.9544855353051,-703.2996361393721,24603.03431477987,22787.20142740763,561.681454919878,32.00005809909821
2021-12-31,23430.253864065835,23761.33251766541,23353.85008670459,23633.994140625,26013393,42.71328225634284,-569.1870202163664,-676.477112954771,24524.814567424248,22799.205159138255,556.1244437767017,45.99995601105822
2022-01-03,23633.994140625,23633.994140625,23633.994140625,23633.994140625,0,42.71328225634284,-519.0080998642989,-644.9833103366766,24524.906695068414,22832.220843994088,516.4012692212231,51.11103827303977
2022-01-04,23837.736831662907,24041.477112808683,23735.865752168756,23812.26953125,37942081,45.676495553682706,-459.55811002448536,-607.8982702742385,24463.443851420267,22850.388570454732,508.6213908613988,66.25002052637399
2022-01-05,23888.67092787489,24117.880382434385,23837.736328125,23837.736328125,35412697,46.10536207341086,-405.71181384629017,-567.4609789886489,24437.80361002919,22855.654593095813,494.12063802732644,78.26091443352028
2022-01-06,23684.93161611133,23786.800819761927,23481.189453125,23481.189453125,32415188,41.2011353260907,-387.34353406171067,-531.4374900032612,24398.40437408721,22844.118477475287,484.2939406682317,61.538472257469
2022-01-07,23481.188489547912,23532.124967125543,23251.9790350548,23328.3828125,30834512,39.27305946722866,-380.7279638636792,-501.2955847753448,24390.719353788325,22816.148810274175,469.7119400541254,52.30770028774333
2022-01-10,23353.851552344047,23761.334008877624,23175.578564436422,23251.98046875,32990529,38.30778436537439,-377.30081846506437,-476.4966315132888,24381.263737839163,22779.762629348337,478.00076179605946,47.69235552215184
2022-01-11,23455.722166505475,23455.722166505475,22971.8359375,22971.8359375,24082944,34.918755434502856,-392.6637205064362,-459.73004931191826,24284.309120507838,22744.28541074216,478.42115231101775,30.769267401392884
2022-01-12,23022.77149056707,23557.592299903143,22997.302312821423,23532.125,27722614,45.33502226859024,-355.5299581968975,-438.89003108891416,24136.86186644836,22810.235985114145,486.08795303188384,48.88894710641685
2022-01-13,23583.058560040132,24092.41204701591,23532.123962479523,23786.798828125,47171312,49.306612345680726,-302.06907028974456,-411.52583892908024,24044.38866874699,22861.960550003012,491.38796242506265,71.11093240992582
2022-01-14,23684.9321351966,23863.20512333479,23532.1264485292,23557.59375,14915815,46.06297824210096,-275.0255424603274,-384.2257796353297,24014.290857954828,22869.137852982672,479.9372990236715,51.11126493297009
2022-01-17,23557.59330071837,23684.931683486426,22768.095703125,22768.095703125,40887681,37.02730855736466,-313.68330026536205,-370.1172837613362,23992.3962313935,22778.9748623565,511.14434769065394,0.0
2022-01-18,22666.225604710176,23048.24076958794,21902.195274954644,22411.548828125,40473730,33.80247645374895,-368.8384646395025,-369.86151993696944,24076.455822481777,22587.95120876822,556.4944296151285,22.98853530453734
2022-01-19,22615.288145081428,22691.69192589129,22131.403792760902,22156.87109375,33420713,31.680062831496627,-428.1640854566904,-381.52203304091364,24191.67895709819,22391.23158977681,556.765408437647,11.49422442456368
2022-01-20,22309.6777419224,22513.4199143276,22055.000965337214,22411.548828125,27682409,36.00716863873565,-449.44873736665613,-395.10737390606215,24235.72239665075,22298.79967366175,549.7406613342711,22.98853530453734
2022-01-21,22411.54784718185,22640.757311644644,21953.12891825625,22055.0,30725031,32.868518521498245,-489.44546532470486,-413.9749921897907,24301.385982136024,22093.063822551478,559.5897850524227,6.896500072574216
2022-01-24,21953.128992136262,22004.065472100847,20730.681640625,20730.681640625,55543007,24.3710981867994,-620.847836805231,-455.34956111287886,24620.15590033544,21509.43023247706,614.2132546468924,0.0
2022-01-25,20628.81096116286,22055.000504683063,20476.00527397188,22029.533203125,33764633,40.592842435477934,-613.1111332722503,-486.9018755447532,24616.14343684083,21383.55773503417,683.1262529371987,42.95777623061665
2022-01-26,22156.869643071677,22640.75584155325,22131.40234375,22131.40234375,28701713,41.649949073517874,-591.9362787361824,-507.9087561830391,24593.294485110146,21286.708639889857,677.990280472274,45.77463691632027
2022-01-27,22004.06496187502,22156.87064254038,21392.84036137105,21469.244140625,27749230,37.036612986269596,-621.4223174117869,-530.6114684287887,24618.880149422752,21080.302467764748,684.1359948077779,27.46479942622943
2022-01-28,21520.1782373738,21800.322291670607,21240.034183077,21494.7109375,28203764,37.32415285933427,-635.4106395019408,-551.5713026434191,24569.957997215657,20915.29629965934,675.2897172210514,28.169001095821034
2022-01-31,21494.7109375,21494.7109375,21494.7109375,21494.7109375,0,37.32415285933427,-639.1290042221262,-569.0828429591606,24493.496405002425,20777.829571560073,627.0547374195478,28.169001095821034
2022-02-01,21494.7109375,21494.7109375,21494.7109375,21494.7109375,0,37.32415285933427,-634.758731518883,-582.2180206711051,24357.612924298242,20681.957192889255,582.2651133181515,28.169001095821034
2022-02-02,21494.7109375,21494.7109375,21494.7109375,21494.7109375,0,37.32415285933427,-624.1010109506024,-590.5946187270047,24184.586975855666,20620.680602269334,540.6747480811407,30.075156732181757
2022-02-03,21494.7109375,21494.7109375,21494.7109375,21494.7109375,0,37.32415285933427,-608.6386827452443,-594.2034315306526,24053.298329341713,20553.32139722079,502.0551232182021,31.745996433811374
2022-02-04,21494.7109375,21494.7109375,21494.7109375,21494.7109375,0,37.32415285933427,-589.5882696755798,-593.280399159638,23927.289301909743,20495.96323715276,466.1940429883305,39.60390350200556
2022-02-07,21800.323723798265,22258.74266301156,21290.97018149132,21927.662109375,31352280,44.09486556248976,-533.4063623098773,-581.3055917896859,23792.879295236275,20497.941407888724,502.0210743120382,65.51724424324962
2022-02-08,21902.193822965462,23201.044921875,21902.193822965462,23201.044921875,50075762,58.347129514468655,-381.73009813663157,-541.390493059075,23831.51070744941,20482.230894113087,558.937504640431,100.0
2022-02-09,23328.383768120337,24601.76759208645,23277.44916629872,24092.4140625,76064994,65.06168686959009,-187.43884748794517,-470.60016394484904,23971.401817066293,20398.368690746207,619.0650164669324,87.65431718278869
2022-02-10,24143.34966860395,24398.02644399087,23786.80180749373,23939.609375,44543962,63.181394326755765,-45.2698501422492,-385.5341011843291,24008.945561351542,20376.106001148455,618.504989326233,83.95064557695973
2022-02-11,23735.865705943557,24194.28462385321,23583.06002592117,24016.009765625,32737213,63.74555774008395,72.72663022280904,-293.88195490290144,24114.101779415385,20316.791384647117,617.984961369505,85.80243404013794
2022-02-14,23684.93067726138,24194.284186694316,23506.65582225436,23532.125,34442470,57.71374449594571,125.74472749346387,-209.95661842362838,24228.344232440097,20278.951861309906,622.9594901602514,68.18181390529641
2022-02-15,23532.125,23532.125,23532.125,23532.125,0,57.71374449594571,165.85013444348078,-134.79526785020656,24365.17295310855,20254.18075782895,578.4623837202336,68.18181390529641
2022-02-16,23481.188506020877,23684.93066078935,23226.511751481525,23430.25390625,17649626,56.41046950311399,187.25525053601814,-70.38516417296162,24486.977100778106,20259.714891409396,569.8878498336329,65.15149944083038
2022-02-17,23430.25294342613,23812.26805953693,23430.25294342613,23684.9296875,21430489,58.908675850750825,222.20769440582808,-11.86659245720368,24630.69210133466,20243.33797679034,556.4683688534305,72.30764100357187
2022-02-18,23532.126413979277,24270.68754476109,23455.72263183645,23965.076171875,40348771,61.52114105239304,269.4076740328237,44.3882608408018,24820.457763418617,20244.579931893884,574.93240771566,80.76924253432342
2022-02-21,23990.543452764592,24194.285619742583,23710.399381551804,23761.333984375,22985871,58.6030357287502,287.06460409348074,92.92352949133759,24868.628163760503,20499.474765926996,568.4291098924542,74.615371963808
2022-02-22,23583.05954094583,23735.865217825827,23277.44818718584,23633.994140625,33353136,56.78995906548191,287.46882553310206,131.8325886996905,24965.425651522724,20563.12337191478,562.390301842219,70.76917336094303
2022-02-23,23761.33152934469,24041.47557161289,23557.59126125983,23786.798828125,24503124,58.451122626449106,296.6990729512363,164.80588554999966,25072.356947299642,20621.731724575355,556.7827310215648,75.38451729624389
2022-02-24,23812.26903805902,23863.20363782989,22971.83499694218,23430.25390625,42368692,53.3019972955932,272.10723231214797,186.26615490242932,25086.0045716477,20804.185076789803,580.6817245834324,64.61536178301331
2022-02-25,23481.18944081476,23608.52782315381,23379.318359375,23379.318359375,24115411,52.58926067624219,245.67594907141756,198.14811373622697,25074.745674278547,21003.904716346453,555.576563097388,54.71695396160656
2022-02-28,23455.723060579312,24347.091771939948,23455.723060579312,24041.478515625,66443708,60.06517231150364,274.98984561703764,213.51646011238913,25111.866868508503,21221.460279928997,585.0191952022137,65.62501552943931
2022-03-01,24296.154322682247,24499.896485444653,23863.20457411534,23888.671875,44120762,57.80011095620301,282.6330827397651,227.3397846378643,25087.673612831826,21485.049629355675,588.7101034970063,59.99999901550665
2022-03-02,23939.60835461189,24117.88133864707,23735.86619184948,23888.671875,37555878,57.80011095620301,285.4004841009919,238.95192453048983,25013.84704959325,21798.272286344254,573.9461780184765,59.99999901550665
2022-03-03,24245.21783869727,25518.6015625,24092.412167409428,25518.6015625,143904583,71.22411219362758,414.3391299355608,274.02936561150403,25215.041220661198,21999.467177776303,649.3735715528711,100.0
2022-03-04,25977.01958385705,26129.825261071317,25365.796875,25365.796875,63006011,69.00784741143627,498.4480753337484,318.91310755595293,25263.251927165216,22338.36506502228,657.5632011613316,75.80649963523528
2022-03-07,25569.538104684765,26741.050844099456,25467.66702346554,26027.95703125,72589734,72.9376533498578,611.4869700863601,377.4278800620344,25511.595367073875,22500.051117301125,708.8268274426262,81.08110965873
2022-03-08,25773.280757268305,26078.892128895408,25187.5234375,25187.5234375,76465543,62.163569534405624,626.0385585525255,427.15001576013265,25648.987451466033,22561.306884471465,721.8655320106819,58.78380359216842
2022-03-09,25467.667529049228,25620.47509283288,24881.912086634755,25391.265625,65641667,63.56854058825873,646.5579712134495,471.03160685079604,25817.476268595936,22522.70322359156,723.0582087383564,64.18922996629504
2022-03-10,25467.666536474677,25518.603015031567,25009.24949651782,25034.716796875,50641099,59.41090770489223,626.8236105564683,502.19000759193057,25912.28708694619,22537.403147428806,707.7935880080272,54.729733811573446
2022-03-11,25060.185631505006,25111.12211318041,23863.205540851377,24245.220703125,83696561,51.395196142759275,541.2391824997867,509.99984257350184,25920.88669796264,22551.72463016236,746.3738011738133,33.7838361563507
2022-03-14,24092.413075582048,24550.830106725774,23328.3828125,23328.3828125,63886388,43.975093455206306,394.8798224340135,486.9758385456042,25930.971747116182,22521.265362258815,780.3790506775248,9.459469290588036
2022-03-15,23404.787048533715,23786.80030971733,23150.11028918295,23506.65625,39383263,45.619133089016955,289.9319960584471,447.5670700481728,25931.917554696873,22517.772679678124,770.1155485244432,14.189191459045247
2022-03-16,23888.670954329056,24016.00933168729,23532.125,23532.125,21554126,45.86354738912961,206.43554239031437,399.34076451660115,25927.610423673854,22532.266920076145,751.4896580360752,10.638291137791665
2022-03-17,23735.865770686127,23786.80037155167,23379.317931099693,23404.787109375,28234154,44.779874857569496,128.50754277265878,345.1741201678127,25936.998583768713,22494.864502168784,726.9177139229255,7.092203735964409
2022-03-18,23532.12401662416,23863.20265721474,23455.72024226504,23684.9296875,33462617,47.70724793173068,88.3359248853485,293.8064811113199,25936.09784604202,22467.750591457978,707.7389877741266,14.89357426384589
2022-03-21,23786.801296014743,24041.478065925447,23633.995609636848,23863.205078125,36455596,49.540493505347015,70.07715656326764,249.06061620170945,25936.334238414285,22477.701308460713,686.2920926680175,19.8581618948195
2022-03-22,23888.671875,23914.13917588466,23583.06050869896,23888.671875,43349489,49.81117203672397,57.00479302387612,210.64945156614277,25934.99528631123,22504.50803400127,660.9197051335661,20.56735761904647
2022-03-23,24041.47660496705,24168.814982184274,23837.736328125,23837.736328125,32638869,49.2422146734762,42.05005097849789,176.9295714486138,25934.984707211428,22509.61236310107,637.359630056831,19.148911780246326
2022-03-24,23939.60737222748,23939.60737222748,23608.526840785413,23633.994140625,28177149,46.932940992311146,13.601231843469577,144.26390352758497,25927.669933743826,22537.301160006173,615.4825515843479,13.475128425045746
2022-03-25,23710.397917986244,23914.13819454541,23532.124941266666,23633.994140625,25378026,46.932940992311146,-8.842728810392146,113.64257705998955,25917.085153198594,22573.35351867641,598.8061731339476,16.521676175428496
2022-03-28,23481.18944081476,23863.20458783193,23328.383757576405,23379.318359375,36818015,43.945313514476844,-46.64227336757176,81.58560697447729,25926.646348879694,22497.576307370306,594.2357914997746,9.278308606623517
2022-03-29,23532.12642832776,23557.59372977669,23328.384261051066,23353.8515625,24512373,43.64611076052622,-77.75730462755382,49.71702465407107,25937.41808941061,22433.32253558939,568.1624827301926,8.60214899938315
2022-03-30,23328.383808572387,23633.99517571717,23124.641645247488,23175.578125,29685718,41.51523785334584,-115.47029786967687,16.679560149321482,25955.388811846,22344.042438154,563.9618432830133,2.564157089624717
2022-03-31,23251.98000339499,23404.787564649137,22819.030254088422,22971.8359375,35661105,39.16205088871957,-159.95455200103243,-18.647262280749302,25780.15198141907,22264.60270608093,565.5186623742778,8.823518675028787
2022-04-01,22920.90137166756,23430.25490240173,22666.224606300475,23277.44921875,37189306,44.26534031645408,-168.6046369102005,-48.63873720663955,25585.513955502985,22250.405966372015,579.6980647833477,40.67805985313945
2022-04-04,23430.255344689413,23583.06103122563,23302.91695960213,23353.8515625,22946231,45.49623606110956,-167.36557473749417,-72.38410471281048,25138.94138177515,22429.567993224853,560.1204753327963,45.76276856525678
2022-04-05,23430.2548512997,23633.995136443464,23404.78755038705,23481.189453125,22885639,47.57437779258075,-154.32949116500822,-88.77318200325004,24886.078981687155,22511.796994875345,540.1221252335583,54.23732641340631
2022-04-06,23430.25343885265,24423.491259468552,23430.25343885265,24066.9453125,56075688,55.90345528666464,-95.63033159351107,-90.14461192130226,24536.277301430095,22729.166643882407,572.4875320465828,79.71019672365857
2022-04-07,24194.2846564244,24245.219257219585,23710.3984375,23710.3984375,27394550,50.63054274161546,-76.99364296520798,-87.5144181300834,24187.32237517032,22945.68973420468,569.7970525946545,59.42034063623998
2022-04-08,23812.26899518707,23965.074672067065,23608.526840785413,23633.994140625,25933358,49.55194755600922,-67.60975797334322,-83.53348609873537,24070.22879552508,23001.660657599918,554.5649653580115,55.07243494206118
2022-04-11,23633.994140625,23633.994140625,23633.994140625,23633.994140625,0,49.55194755600922,-59.48722975495184,-78.72423482997867,24077.941893165626,23024.508692771873,514.9531821181536,55.07243494206118
2022-04-12,23684.931630544128,23684.931630544128,22946.36863657183,22971.8359375,34417554,40.81302274411953,-105.26724544846002,-84.03283695367494,24111.573130601075,22937.395424086422,530.9253115363067,17.391289514801613
2022-04-13,23073.7060841676,23150.109861698984,22768.09472972703,23022.771484375,23996303,41.6652753150377,-135.8719178741594,-94.40065313777184,24127.445481846633,22870.587721278367,520.2888701388531,20.28985626237923
2022-04-14,23073.707006751847,23201.04538916736,22869.96484375,22869.96484375,22724438,39.81313259991184,-170.49124318205577,-109.61877114662863,24160.27927460815,22784.271701954352,506.77398980160365,11.594156019646377
2022-04-15,22869.96590693965,22920.90238897936,22487.952619776475,22513.419921875,34691256,35.81280763526536,-224.11405600098078,-132.51782811749905,24215.535943285402,22611.8640567146,501.5008311874095,1.315773375755301
2022-04-18,22437.01570935719,22691.69248116532,21723.921875,21723.921875,43765893,28.890569790470522,-326.5521261254871,-171.3246877190967,24380.67966323446,22232.79201645304,534.805815114403,0.0
2022-04-19,21902.19431630566,22360.613245231256,21851.25971435507,22055.0,35967840,34.59948298392031,-376.6776910250228,-212.3952883802819,24388.308020381526,22041.796471805974,542.0833547656068,12.264108746557643
2022-04-20,22156.87209694572,22411.5488740528,21953.129924122983,22004.06640625,24985783,34.145315655523305,-415.72031270101434,-253.0602932444284,24375.663254683775,21871.074245316227,536.1073258487648,10.377378439011686
2022-04-21,21902.19381627536,22462.48193631068,21443.77677565807,22080.466796875,33622119,35.51271792219853,-435.47708983090706,-289.5436525617242,24356.006213005992,21735.378552619008,570.5785997633253,21.367484189382026
2022-04-22,22411.54882054314,22437.01612262451,21571.11470695931,22309.677734375,23968744,39.56694975966398,-427.70871120240554,-317.17666428986047,24298.432209322917,21660.520915677083,591.6730866134593,29.059863400388952
2022-04-25,22309.676298595397,22309.676298595397,20756.1484375,20756.1484375,54844406,27.121374099967383,-540.6764643216447,-361.87662429621736,24483.624086941534,21213.012045870964,660.3771016321407,0.0
2022-04-26,20450.53661332796,21087.22849917979,20170.392559121647,20985.357421875,43943516,30.59033373580762,-604.7379306692383,-410.4488855708216,24544.288574343962,20915.49814440604,678.695590091141,19.999988297263425
2022-04-27,20985.356469338352,21851.25777036161,20934.42187191915,21647.515625,35449883,39.543145057267665,-595.2152008555931,-447.4021486277759,24516.894045788318,20790.086422961682,695.7056121162354,38.92613457235857
2022-04-28,21647.517539028457,22131.40376866471,21647.517539028457,21953.12890625,25693633,43.18559097935041,-556.5918863907063,-469.240096180362,24484.914778112456,20720.194987512543,680.5757929411265,50.72461312563542
2022-04-29,21851.25971435507,22105.936479793163,21825.7905355372,22055.0,23307707,44.38834498118595,-511.8620583325719,-477.764488610804,24410.864593682654,20672.000250067347,651.9736608921863,53.623175118539045
2022-05-02,22055.0,22055.0,22055.0,22055.0,0,44.38834498118595,-470.9841354000455,-476.4084179686523,24317.109301010998,20635.870386489005,605.4041136856016,62.18486730629341
2022-05-03,22055.0,22055.0,22055.0,22055.0,0,44.38834498118595,-433.5899321292636,-467.84472080077455,24191.618255831374,20618.742486356125,562.1609627080586,62.18486730629341
2022-05-04,22054.999029173312,22054.999029173312,21392.83984375,21392.83984375,28127693,37.878415981764135,-452.17317642275884,-464.71041192517146,23929.932854352195,20613.017340960305,569.3037622467687,44.44438886777552
2022-05-05,21698.452666799287,21698.452666799287,21138.164520700717,21418.30859375,26081535,38.25351747313426,-459.5480324769487,-463.67793603552695,23710.10146802507,20603.63974291243,568.6597896647545,49.49494598868821
2022-05-06,21087.2284734812,21902.193335241373,21087.2284734812,21290.96875,28334008,37.048970394718246,-470.24720316069215,-464.99178946056,23472.63338705842,20606.805284816583,586.2530091001416,48.88885232968545
2022-05-09,21138.163597120605,21341.90575653223,20348.666015625,20348.666015625,49612923,29.616995627231077,-548.440250704527,-481.6814817093534,23291.985601936452,20458.92025743855,615.3234899435051,7.777770722099149
2022-05-10,20119.457048366807,20934.423828125,19711.974597409004,20934.423828125,36694944,37.949671519239935,-556.7254595983613,-496.690277287155,23150.620375128456,20396.544273309046,658.6896142843973,44.44449987194511
2022-05-11,20883.485863419144,21036.29153693448,20654.276414224925,20705.212890625,18045078,36.14631082911397,-575.1569036365727,-512.3836025570386,22981.13664017652,20334.272148885982,638.9271506004801,36.448556252273875
2022-05-12,20679.747584920497,20705.214886654416,19482.765625,19482.765625,47666807,28.396110696869684,-680.5601598572575,-546.0189140170824,23010.574352181673,19966.114515005826,680.6073013900469,0.0
2022-05-13,19431.830610625693,19635.572775873967,18209.38325266384,18285.78515625,81162458,23.159800495650927,-850.8710087070067,-606.9893329550673,23293.66062309389,19260.264767531113,733.8631743771955,1.94802406755547
2022-05-16,18871.542495668316,19100.751962387814,18489.52734375,18489.52734375,55475997,25.672242917069,-958.355960698038,-677.2626585036614,23471.22272731972,18759.26321018028,739.6562909315254,7.142851240661334
2022-05-17,18438.58985872767,19457.296875,18336.72065937443,19457.296875,44198342,36.32269351295904,-954.4453939736522,-732.6992055976597,23408.65621078927,18562.059414210726,766.8648569811,31.818130916066924
2022-05-18,19559.16795219573,19711.97362906808,19279.02389828934,19457.296875,30339772,36.32269351295905,-940.5046890588383,-774.2603022898954,23323.216376484885,18392.822295390117,743.0137765380745,32.02608945895308
2022-05-19,18998.88081809245,19406.363269916717,18769.671352115485,19304.4921875,30277104,35.393982730094365,-931.0540299197783,-805.619047815872,23207.104939640085,18231.336271297412,739.0574727056774,28.476808969451696
2022-05-20,19202.62159867315,19253.55808011209,18973.41400464716,19177.154296875,26293135,34.60004799898175,-923.1973733801206,-829.1347129287217,23023.156186010154,18102.032681177345,709.9160948590462,25.16556141174313
2022-05-23,19329.959053170234,19457.29743386175,18489.526867311768,18718.736328125,19213691,31.831798631381716,-943.0900602264846,-851.9257823882743,23052.736937595262,17868.710718654736,728.3342714083988,13.245032917029526
2022-05-24,18718.734751979224,18846.07312194865,17419.883753859503,17776.4296875,79659173,27.0423245124111,-1023.0977940707708,-886.1601847247737,23140.898595638566,17459.656287173937,778.1810640284523,7.954513787300152
2022-05-25,17572.691911407826,17801.901385388563,16834.128885399965,17547.224609375,74405416,26.01691096757746,-1092.4068476844332,-927.4095173167057,23112.825184086534,17077.700597163464,791.723309454177,14.070375999211091
2022-05-26,17827.3671875,18132.97854186633,17598.157732804008,17827.3671875,30627820,29.533929469429268,-1111.9121757913235,-964.3100490116293,22935.71869996211,16842.230909412887,777.0112110996879,22.033883452854962
2022-05-27,17827.36865148135,18285.785720676,17725.49756571277,18056.578125,33206470,32.36690206184379,-1096.2381309942575,-990.695665408155,22661.177647454933,16716.929774420067,761.5309928042268,29.090954848062093
2022-05-30,18082.045426981484,18260.31841869452,17980.1743412129,18056.578125,28416874,32.36690206184379,-1071.4651542330903,-1006.8495631731422,22326.000019169143,16652.265215205858,727.1462131383263,29.090954848062093
2022-05-31,18005.63918308432,18005.63918308432,17572.68947502506,17674.560546875,35562761,30.03302102586042,-1070.320034464563,-1019.5436574314265,21944.61848907805,16595.602799984452,709.7706729123701,21.71048799232793
2022-06-01,17572.690888870267,17725.496570018262,17216.143047629917,17496.287109375,40856346,28.982741218864803,-1071.446724424095,-1029.9242708299603,21665.061601077963,16485.50441454704,695.4551621606539,23.0088237189281
2022-06-02,17496.287109375,17496.287109375,17496.287109375,17496.287109375,0,28.982741218864803,-1060.119239641117,-1035.9632645921915,21311.091473327404,16447.272393860098,645.7797934348929,23.0088237189281
2022-06-03,16961.465866068032,17318.013698471812,16935.998566148297,17012.40234375,27766407,26.108563309502557,-1077.7637928138174,-1044.3233702365167,20952.298035997006,16378.209190565492,639.6732755628794,6.194686448679187
2022-06-06,17394.41655279729,17445.353033274532,16859.59571376311,16961.466796875,33541519,25.81831758292688,-1083.3688989783077,-1052.1324759848749,20759.592264490988,16232.195040196515,635.8221358449184,4.42476654639574
2022-06-07,16961.465849790588,17088.80422710956,16630.387195466767,16910.53125,36574892,25.512876834193577,-1079.4775141117061,-1057.6014836102413,20351.673456463483,16237.724590411519,623.1503426876237,9.909902717402483
2022-06-08,16961.466851537793,17037.87063357859,16681.322780459202,16757.7265625,46891381,24.573652915525287,-1076.316517972784,-1061.34449048275,19925.208612265727,16269.44080179677,604.107307718464,4.50454228449546
2022-06-09,16757.7255471826,17598.157709498246,16681.321769770955,17216.142578125,50927259,32.591077528280536,-1025.0054397745043,-1054.0766803411009,19729.403436732267,16238.58367264273,626.4450671476659,20.720692673666356
2022-06-10,17216.142561544923,17445.352015716628,17114.271484375,17114.271484375,28658109,31.782583390672315,-981.2499479265716,-1039.511333858195,19706.451306298582,16144.384435888915,605.3476003043775,21.839028858957263
2022-06-13,16808.660132102777,17063.33688612748,16146.500947207054,16197.435546875,40085073,25.62206078599587,-1008.9241536248956,-1033.3938978115352,19728.728796521453,15892.897765978547,631.2349529374894,2.3809172252160256
2022-06-14,16044.629897347242,16070.097197224575,15382.470711324086,15433.40625,53680323,21.825460744372307,-1080.0567184825595,-1042.72646194574,19641.158006577112,15578.079493422892,644.3585159813055,1.7543924276850789
2022-06-15,15331.536173988365,15739.018632166872,14694.844246258634,14974.9892578125,54178650,19.918375583646366,-1160.047898662553,-1066.1907492891028,19543.805569631684,15227.201168649564,672.9167924046578,7.801436296015381
2022-06-16,15357.004343834162,15968.228967212632,15229.665958873757,15789.9541015625,63019224,31.395251659949835,-1144.4876916250796,-1081.8501377562982,19280.750572205186,15138.802357482316,695.7970007614774,30.71428377661482
2022-06-17,15860.189146985682,15894.006461557305,14845.678341106695,15691.1044921875,43904414,30.818324990622074,-1127.1394903734981,-1090.9080082797382,18992.948028641506,15077.99992057725,720.9777950249868,30.09127007074795
2022-06-20,15386.750502437151,15555.836115422817,14608.958984375,14608.958984375,54120250,25.33054629100201,-1187.0276981030474,-1110.1319462444,18902.90253027264,14757.06768457111,746.7754887955235,0.0
2022-06-21,14439.87334026268,14541.324324223406,13864.98379179859,14067.88671875,57985765,23.11427867871464,-1263.5837373358481,-1140.8223044626898,19004.595967924193,14284.51995004456,746.5754676370154,5.435131912537229
2022-06-22,14101.702971765597,14879.49544153949,14101.702971765597,14541.32421875,31134510,28.970387690553736,-1271.396631465981,-1166.9371698633481,18991.14374700009,13997.38213190616,751.2207001479064,18.11703504475796
2022-06-23,14541.324608149318,14778.043895023053,14541.324608149318,14744.2275390625,10056842,31.382564430396485,-1246.8429744607784,-1182.9183307828343,18870.91131483127,13809.300599231228,714.4706270139883,23.55217749420288
2022-06-24,14778.043895023053,15217.666112809964,14676.592909081448,14744.2275390625,18627417,31.382564430396485,-1213.3967420554363,-1189.0140130373547,18665.550461101637,13683.426394367114,702.0850967793117,23.55217749420288
2022-06-27,14879.495279168254,15488.201171875,14439.87307795124,15488.201171875,30113899,40.04139005513142,-1114.0162218319601,-1174.014454796276,18389.00985234658,13703.12930780967,726.8167394324865,43.480893627281645
2022-06-28,15454.385300986964,15454.385300986964,15048.58040078218,15217.666015625,25901211,38.155846979733134,-1045.039801393832,-1148.2195241157872,18161.972455330808,13684.477251700442,706.3027416939389,36.23410678546472
2022-06-29,15082.39705740006,15657.286588331008,14947.128763234556,15386.75,29316315,40.055779075085766,-965.6009797739989,-1111.6958152474294,17940.19591366157,13695.300082432177,706.5781047941184,42.50306429477033
2022-06-30,15488.201395261582,15826.3716602083,15082.3974609375,15082.3974609375,28968271,37.804437687635584,-916.6374220224316,-1072.68413660243,17688.06665028197,13706.040380968032,709.2492543995958,38.06376698362506
2022-07-01,15082.39758008833,15285.299548853296,14575.141699145955,15150.03125,22070400,38.62991355272916,-862.4343617275008,-1030.6341816274444,17508.240481603574,13699.629440271427,709.3141540644347,58.275799105813505
2022-07-04,15319.116354588785,15319.116354588785,14879.4951171875,14879.4951171875,18067526,36.54076710803688,-831.7204947495338,-990.8514442518623,17317.32410508453,13682.348648821719,690.0503743027812,48.235523715830944
2022-07-05,14947.128644654884,15116.213291747925,14710.409371500691,14811.8603515625,21915616,36.01635310659226,-803.5739934377434,-953.3959540890385,17108.840914112418,13680.964749950082,669.7470561559563,45.01978993378694
2022-07-06,14676.592464268118,15048.5800407999,14406.05682963314,14507.5078125,26475187,33.67435002013519,-796.6431879085612,-922.045400852943,16913.054013068628,13651.729775993872,667.8024957995851,31.666675305200865
2022-07-07,14507.508185302268,14710.41015625,14473.690870467655,14710.41015625,15722256,36.63268826852118,-765.9485728169384,-890.8260352457421,16526.266879529423,13787.943667345578,637.0108379412108,43.10347678130997
2022-07-08,14879.495678295178,15251.482303028584,14879.495678295178,15183.8486328125,28321114,43.01909833953569,-695.4041546254448,-851.7416591216827,16075.032972953652,14046.1352887651,630.1580742867375,67.24140911931119
2022-07-11,15150.030799636346,15319.116407934063,14845.677855536373,14913.3115234375,18115732,40.506820585510724,-653.7907855124467,-812.1514843998356,15859.062235700714,14133.693623674286,618.9638227232341,47.05880944616373
2022-07-12,14913.3115234375,14913.3115234375,14913.3115234375,14913.3115234375,0,40.506820585510724,-613.7371113012669,-772.4686097801219,15808.59767718586,14132.14870953289,574.7521211001459,35.714243270905335
2022-07-13,15014.762832530185,15420.56772588422,14980.94647735648,15082.3974609375,25926476,42.92293765195663,-561.8735355084482,-730.3495949257872,15815.46757539157,14136.019631639678,569.9309840534728,47.61906422046398
2022-07-14,15014.7626953125,15150.03099186098,14947.129026553232,15014.7626953125,18179475,42.184939277308054,-520.2319285353442,-688.3260616476987,15685.025029273389,14188.943037132862,543.7146255716353,42.85710833793538
2022-07-15,15116.21398058978,15894.006461557305,15116.21398058978,15691.1044921875,69256334,51.21750091553852,-427.72497712724,-636.205844743607,15685.025029273389,14188.943037132862,567.680992762576,86.36365337800991
2022-07-18,15691.103705550488,15758.737372273112,15217.665161402376,15285.298828125,28936908,46.52118525969332,-382.74562398767375,-585.5138005924204,15717.55347652386,14224.04857425739,565.7803654845875,59.090844180985805
2022-07-19,15217.665567452896,15285.29923598018,14947.128975283887,14980.9462890625,23634058,43.31340417629241,-367.4224515786118,-541.8955307896587,15630.66314072852,14402.24486708398,549.522500856852,38.63635213820597
2022-07-20,15116.2138671875,15386.750463670976,15082.397511899531,15116.2138671875,24528781,45.12446964487047,-340.4393905919824,-501.60430275012345,15618.210824769001,14472.186147887249,539.2569061248253,47.727222905792146
2022-07-21,15116.213343227146,15555.835537032031,15082.396989111325,15352.9326171875,33459016,48.24094528605529,-296.5356175615234,-460.5905657124034,15645.992926346551,14505.274554122198,534.5555948245311,63.63627956477889
2022-07-22,15352.93295716873,15420.567584957944,15014.7626953125,15014.7626953125,24164474,44.364713906011744,-285.73526929621767,-425.61950642916634,15638.885090530943,14539.435905562807,525.3591158831678,40.90903701439158
2022-07-25,15014.762311686116,15082.396937747268,14744.226684531268,14811.8603515625,30088489,42.17500781996469,-290.2031575436704,-398.53623665206715,15584.538759278656,14526.148154783843,511.9884828355129,27.272665231590455
2022-07-26,14744.227351840882,14879.49565105538,14608.959052626386,14642.7763671875,38301146,40.38613081771004,-303.8846623880436,-379.6059217992625,15580.544536788097,14472.653412430653,494.7419196636188,11.90478354110894
2022-07-27,14507.507552218089,14541.323906547035,14236.970963406911,14372.2392578125,41528652,37.63550147385972,-332.7220249098391,-370.22914242137784,15574.92194329442,14376.824931705582,488.3893113862595,8.163270766171097
2022-07-28,14541.324098267043,14676.592394456076,14372.23944730321,14473.6904296875,34137246,39.30493118400931,-343.4307251416194,-364.8694589654262,15582.354171738221,14308.522000136778,475.24387033321074,14.285720887984496
2022-07-29,14608.95884691988,14845.67812745455,14541.32421875,14541.32421875,29893195,40.44941089967129,-342.5117039718825,-360.39790796671747,15568.707708720318,14261.297760029684,467.86842943562783,18.3673346577555
2022-08-01,14676.59224106346,15454.384696263802,14608.95857319079,15420.5673828125,55384942,52.88675556159855,-267.7493500365126,-341.8681963806765,15633.28184701656,14250.830848295938,499.6678614412117,71.42854940203368
2022-08-02,15488.201171875,15657.286781424613,15352.9328760413,15488.201171875,40263814,53.6880172610405,-200.7282935518342,-313.64021581490806,15705.396175509684,14246.350601834065,485.71686457993326,75.51016317180469
2022-08-03,15352.93298157644,16130.724489179293,15285.299312709649,16063.0908203125,85444392,59.9266879609698,-100.07127399700585,-270.92642745132764,15895.911420937187,14211.393657187811,511.41031542919825,96.42859179157395
2022-08-04,16164.541681661389,16198.358995355638,15894.00604919718,15995.45703125,43606318,58.921069534065886,-25.463811376448575,-221.83390423635183,16041.999114628396,14193.810650996604,496.6205033384311,89.65518496082358
2022-08-05,15826.371951873787,15995.457566978215,15657.28729579933,15758.73828125,61734103,55.41596123272866,14.395967729418771,-174.5879298431977,16114.126515249116,14179.172215219633,485.3026296127493,77.58624469280281
2022-08-08,15826.371353276178,16164.54161166452,15758.737685210484,15961.6396484375,44090996,57.7367251519961,61.64694683040398,-127.34095450847738,16225.13339934388,14172.998143624869,479.6241508156983,87.93102929852452
2022-08-09,16164.542263789088,16435.078865025967,15995.457607288516,16299.8115234375,70019215,61.348001364454916,124.9410891821135,-76.88454577035921,16395.542449330318,14141.239093638433,479.1823697994675,93.84619192311561
2022-08-10,16232.1765181471,16502.713113126203,16096.9091796875,16096.9091796875,43740628,58.138093207070824,156.92074492282882,-30.123487631721606,16501.00818058872,14137.22453425503,473.9410529165558,82.0895800747239
2022-08-11,16265.993285572711,16333.625993499409,15758.737426793386,15826.37109375,49880120,54.07536577591336,158.60637438936647,7.6224847724960085,16553.264198251014,14166.129356436486,481.15158961580346,70.14920610185071
2022-08-12,15758.738122790972,16265.994003973672,15724.920808304136,16198.359375,49073679,58.38187104552341,187.79382305244508,43.656752428485824,16628.782595047312,14141.336447921434,485.43170433392726,86.56715027506947
2022-08-15,16299.811387070866,16367.4440982693,16096.9094173557,16232.1767578125,45757456,58.76047776791311,211.21906467320696,77.16921487743005,16731.014025550983,14133.792810386516,470.08191694676094,88.05970240933107
2022-08-16,16232.175513098491,16705.61404548302,16232.175513098491,16604.162109375,95091915,62.77230685291653,256.8391644759613,113.1032047971363,16893.710165016746,14133.418252952004,470.3216751923158,95.65213677275996
2022-08-17,16637.98008727656,16671.797400665964,16333.62618483179,16435.078125,39848542,59.91896116085157,276.1662847761145,145.71582079293194,17005.000432918216,14154.014410831784,460.88235666673427,87.50001422446309
2022-08-18,16299.810581664136,16468.895228395304,16265.993268705935,16333.6259765625,33708325,58.209253757546634,280.0683724888968,172.5863311321249,17088.27636419722,14168.807815490281,442.4551854540653,82.25802599251878
2022-08-19,16299.811058921134,16401.261082706347,15995.45715144571,16063.0908203125,45675854,53.80073333174575,258.3527492867888,189.73961476305772,17123.074819732345,14238.842172455157,439.83723872596335,54.76191224772413
2022-08-22,15995.456646727987,16063.090313460678,15657.286395004705,15792.5546875,34555712,49.743556736842045,216.81366354184138,195.15442451881444,17113.170838800197,14346.815586981054,437.4063234818085,35.71429367629393
2022-08-23,15623.469457703037,15995.45703125,15623.469457703037,15995.45703125,24230104,52.62888852318577,197.9839267639818,195.72032496784792,17086.000349802525,14509.254142384978,432.73355562931954,34.375034329755756
2022-08-24,15995.45684021619,16063.090507767009,15894.005859375,15894.005859375,17606080,51.05069464566213,172.88208592789306,191.15267715985695,16973.60257502708,14773.828577316674,413.9014908266545,25.00002353908805
2022-08-25,16063.090940004247,16265.993866176414,15961.63995643314,16130.724609375,26512213,54.480679487853195,170.12878229929993,186.94789818774555,16840.936143354615,15072.198426957884,410.90767053913726,46.874988555142686
2022-08-26,16232.176115188942,16232.176115188942,15894.005859375,15894.005859375,23914149,50.65791402472394,147.1492990313236,178.98817835646116,16609.014055392832,15439.388678982164,405.71214091590906,25.00002353908805
2022-08-29,15589.652292486384,15724.920589521767,15319.116657445566,15555.8359375,47143536,45.722207486018455,100.49199730107102,163.28894214538315,16588.894283184705,15473.035306659043,417.79621670258945,17.073186152157376
2022-08-30,15623.469657877537,15758.73795535772,15522.018674524885,15589.65234375,22229684,46.28580395788509,65.48952838362311,143.72905939303115,16574.701383743322,15497.37332328793,404.8621498547498,19.512167036056923
2022-08-31,15555.8359375,15657.286920519047,15386.750326448284,15555.8359375,21747184,45.773946389466694,34.622017156179936,121.90765094566092,16590.193663511818,15431.155555238181,395.2674672987508,17.073186152157376
2022-09-01,15555.8359375,15555.8359375,15555.8359375,15555.8359375,0,45.773946389466694,10.043516711246411,99.53482409877802,16602.951240106384,15374.435869268615,367.0340767774114,17.073186152157376
2022-09-02,15555.8359375,15555.8359375,15555.8359375,15555.8359375,0,45.77394638946669,-9.327599212403584,77.7623394365417,16615.0954077564,15342.001467243603,340.81735700759634,17.073186152157376
2022-09-05,15589.65244349108,16299.811249563078,15589.65244349108,16164.5419921875,38161609,56.57120127714334,24.15964594171419,67.0418007375762,16630.551293075412,15346.835816299588,369.61435379727357,62.49999040639742
2022-09-06,16232.17616817193,16367.443503715089,15927.822265625,15927.822265625,22263370,52.216812293187544,31.23714306383772,59.8808692028285,16595.335698237595,15344.852485356154,374.61484553247465,52.94111610348003
2022-09-07,15927.822555559867,16096.90912564153,15555.8359375,15555.8359375,36337026,46.19896358007064,6.752088786997774,49.255113119662354,16591.56804217125,15294.51281720375,386.5047271474072,21.875017283149464
2022-09-08,15691.104355114909,15860.18900843602,15488.201428487637,15623.4697265625,29570706,47.38623954687901,-7.113017160379968,37.981487063653894,16595.30699306529,15270.483729590962,385.4677880617627,29.03226891498357
2022-09-09,15792.555270578525,16096.9091796875,15623.469658959097,16096.9091796875,37821841,54.89059718699237,19.872317941080837,34.359653239139284,16583.19150471484,15272.454198410162,391.75148325223705,74.19370447391607
2022-09-12,16164.541889887349,16435.07848486645,16096.9091796875,16096.9091796875,38000146,54.89059718699238,40.78820934033138,35.6453644593777,16565.910717847026,15276.208227465475,387.924184818431,69.69705442698707
2022-09-13,16063.090768872633,16232.176379043054,15894.006117732151,16029.2744140625,21317247,53.62340217486305,51.3151149241894,38.77931455234005,16454.97116273467,15329.659013046581,384.3703331393218,63.63638425323107
2022-09-14,15724.92050756173,16096.909041742649,15724.92050756173,16029.2744140625,39246253,53.62340217486307,58.97790288961187,42.819032219794416,16378.757706042843,15365.292098644657,383.48591892800727,63.63638425323107
2022-09-15,16164.54161166452,16164.54161166452,15860.188666823991,15961.6396484375,19936540,52.22512159610489,58.91403292218456,46.038032360272446,16314.027639940161,15392.82353193484,377.83356363604446,57.57571407947507
2022-09-16,15826.371572540816,15961.6398695762,15555.8359375,15555.8359375,39945536,44.69459012205674,25.820801358135213,41.994586159845,16295.861136221041,15360.264547372708,379.83144709605557,16.12907272345436
2022-09-19,15623.46915112364,15724.920131185689,15183.847917844798,15319.1162109375,39899653,40.98227095086629,-19.28482322675518,29.738704282524964,16324.719974735777,15284.061861201724,391.3486446849723,10.810820695875886
2022-09-20,15420.567640464616,15555.8359375,15285.299343429231,15555.8359375,16713972,45.8279055294943,-35.5205928113337,16.68684486375323,16305.887312274084,15258.932414288414,382.7192124982435,29.729773988870633
2022-09-21,15488.201171875,15522.01848559091,15352.9328760413,15488.201171875,14398467,44.698673918710845,-53.231497945278534,2.7031763019468755,16298.679284422016,15225.559973390484,369.87520170970475,24.32431416334916
2022-09-22,15352.933012431951,15623.469606502716,15319.116657445566,15555.8359375,16834778,46.12822278094558,-61.10557054514538,-10.058573067471578,16247.93494257029,15218.81544805471,365.1950408059509,29.729773988870633
2022-09-23,15589.651891147854,15691.103830585082,15352.9326171875,15352.9326171875,21189181,42.572737511459806,-82.7643758201666,-24.599733618010582,16241.792219699088,15170.850846707162,363.2647674196388,13.51347256047142
2022-09-26,15183.848564470814,15285.299548853296,14778.043667910924,15150.03125,37571371,39.30976710584855,-114.97620553127854,-42.67502800066417,16273.719214380591,15098.34338327566,378.38078040942,22.44899010465749
2022-09-27,15183.848564470814,15217.665878941629,14947.129281235037,15150.03125,13083391,39.30976710584855,-138.90312390287545,-61.92064718110643,16297.982827799953,15030.117660481295,370.67762450207516,22.44899010465749
2022-09-28,15014.763181896782,15183.848797819435,14608.95923813037,14744.2275390625,20426445,33.37616524440138,-188.43814943799953,-87.22414763248506,16378.845371941592,14868.094276495907,385.2641913011459,7.407418829515216
2022-09-29,14980.946635708762,15082.397620362144,14642.7763671875,14642.7763671875,15001047,32.07275844562541,-233.19317005596713,-116.41795211718149,16451.504066749985,14704.129624656265,389.1468385778244,1.8518576548367833
2022-09-30,14541.323836110583,14642.7757756958,14000.25162013905,14338.421875,33932514,28.479538335638026,-289.87916370544554,-151.11019443483428,16551.845206473823,14482.047078682428,407.24526061144053,15.151507841465497
2022-10-03,14338.42197376814,14338.42197376814,13357.728515625,13357.728515625,48747124,20.507115989977677,-409.2197496350327,-202.73210547487398,16748.216632435826,14004.994305064174,448.205846149419,0.0
2022-10-04,13594.447594618225,13695.898574402623,12613.753191652497,12749.021484375,44301100,17.274697570367962,-546.6145616210597,-271.50859670411114,16996.569618882524,13438.761240492478,493.48724162089815,3.8095283841791185
2022-10-05,12985.7412109375,13087.192194269206,12749.021930153538,12985.7412109375,36759558,22.397521092560865,-629.1472189028955,-343.036321143868,17118.847349176373,13059.47403754238,482.39320364042015,11.111129350283244
2022-10-06,13053.374291159414,13053.374291159414,12174.1318359375,12174.1318359375,54398889,18.229397139093493,-751.3835561590004,-424.70576814689446,17309.01674509042,12524.37085256583,510.7395787533841,0.0
2022-10-07,11937.413016997752,12038.86399958607,11531.608127614543,11903.595703125,52961409,17.087857020539673,-860.1712206591237,-511.79885864934033,17382.133672145028,12031.922577854973,520.1527308654964,8.94309315537455
2022-10-10,11700.693726072624,12579.936213632263,11633.060057425706,12410.8515625,36385958,26.394929264135897,-895.1363454237871,-588.4663560042297,17300.57778245233,11744.87270582892,550.6329755327151,21.13822197862923
2022-10-11,12444.66876243307,12444.66876243307,11734.510932505727,11835.9619140625,38403512,23.214431483119867,-958.1898328449752,-662.4110513723789,17241.073882342873,11385.045355938379,562.0276079894742,7.3170838049093305
2022-10-12,12038.864413570836,12647.5712890625,11835.96244141694,12647.5712890625,42103208,35.10339100707364,-931.92740324226,-716.3143217463552,17045.142398313077,11242.806527468174,579.8548770616545,26.829289922116818
2022-10-13,12715.20497958313,13256.278184862398,12546.120322205845,13188.6435546875,35135641,41.59573750748683,-857.5687103897944,-744.5651994750431,16803.969373469026,11206.67994293722,589.1622331755759,44.14415680781026
2022-10-14,13357.72910232511,13459.180088035177,13053.375186164933,13154.826171875,32798647,41.31752071262207,-792.2352954119087,-754.0992186624162,16608.85456128931,11161.69377855444,576.0652809394808,44.03669594368271
2022-10-17,13019.55859375,13087.192263317991,12782.839311717093,13019.55859375,24773007,40.16041999177585,-742.810400502889,-751.8414550305108,16432.473490750905,11108.119087374096,561.488250883654,40.74075616851346
2022-10-18,13188.642716450708,13323.911009173213,12647.5705045906,12749.021484375,35410795,37.875787264914734,-717.2034243220023,-744.9138488888092,16189.769721851451,11070.141410961049,569.6919832907225,34.285709114747384
2022-10-19,12749.021894455407,12749.021894455407,12410.851631286638,12444.6689453125,29382091,35.4336566528477,-713.246555224332,-738.5803901559137,15932.15222260553,11023.405687550721,553.1547175677259,29.347850099337037
2022-10-20,12410.851230640956,12579.935877251995,12207.949271095742,12241.765625,37799916,33.86594106957622,-718.2042980904098,-734.505171742813,15618.77089654075,11005.3799823655,540.2141381811922,25.30119688409842
2022-10-21,12377.034349514532,12377.034349514532,11430.1572265625,11430.1572265625,65566366,28.444741911401948,-778.6475951048269,-743.3336564152158,15358.16856917532,10873.704770668432,569.2614942362522,0.0
2022-10-24,11497.792209484103,11531.608565611336,10956.71900308863,11091.9873046875,40616941,26.538484846692228,-844.1064957060935,-763.4882242733913,15114.305049145925,10711.763896166576,569.663499113856,5.405410793900876
2022-10-25,11091.98720924281,11835.962382119817,10855.267923239217,11565.42578125,45170994,33.279876607972994,-848.0053399761073,-780.3916474139345,14743.569176410381,10724.039222027119,599.0228533829093,27.2727270762772
2022-10-26,11497.791854790474,11768.32749061252,11396.340871478464,11430.1572265625,16325852,32.365981303140316,-852.1867654621437,-794.7506710235764,14420.24185270254,10715.959514484959,582.8059795079913,22.077906893158634
2022-10-27,11463.974207350811,11903.595441930443,11430.156894220094,11768.3271484375,31024593,37.02211678592617,-818.7747629957939,-799.55548941802,14028.10831044954,10820.648134862962,574.994020093874,35.064901095457266
2022-10-28,11768.327366467172,11937.412976223455,11362.5234375,11362.5234375,45308353,33.997482346235145,-815.6383076568218,-802.7720530657805,13670.15452936051,10881.012072201991,574.9865571388442,19.480515553431946
2022-10-31,10584.732421875,10821.451711020223,10584.732421875,10584.732421875,96264986,29.09166073471974,-865.9319543481488,-815.4040333222542,13626.645611829097,10647.221380358404,589.4725898878554,0.0
2022-11-01,10652.365227361965,10821.450831159253,10009.842042798056,10145.109375,118413939,26.74271639042918,-930.5372829385251,-838.4306832455084,13710.91814438533,10302.557636864669,605.3394612073798,3.9215446682218373
2022-11-02,10145.109821251695,10618.548381873305,10145.109821251695,10381.8291015625,58256708,30.019299440654166,-951.6659549808319,-861.0777375925732,13661.742097657192,10091.34247265531,595.9180001835173,10.784302781749298
2022-11-03,10314.195243119577,10449.463537817954,10212.74426185328,10280.3779296875,29954324,29.41213788703945,-965.4675327706045,-881.9556966281796,13696.772379817021,9866.936799870478,570.2609484535998,8.16325458626013
2022-11-04,10145.109907319042,10246.561850338594,9806.939641010404,9908.390625,63727699,27.23685193892308,-994.9524566804484,-904.5550486386334,13770.348572320148,9593.84009955485,563.3450441838496,2.8846121668198905
2022-11-07,9840.75672252628,10009.842331195154,9265.8671875,9265.8671875,55558021,23.94293471214276,-1057.970121918299,-935.2380632945665,13843.027142715604,9206.663091659397,576.2471941489428,0.0
2022-11-08,8860.062568256912,9265.86746583408,8792.4288981757,8893.8798828125,67189557,22.264183382627976,-1124.9604979410506,-973.1825502238632,13969.986114936628,8785.495916313374,568.9037208281884,2.6785689161038095
2022-11-09,8927.697007249299,9198.233599872894,8758.611397102064,8792.4287109375,47605417,21.81494511282449,-1172.7187436019976,-1013.0897888994901,13947.40098946528,8422.56678397222,559.6693266812342,0.9345870916745461
2022-11-10,8589.526559828078,8657.160227003214,8183.7216796875,8183.7216796875,115796274,19.29879728255402,-1245.3296822269313,-1059.5377675649784,13836.188058536056,8033.287527401443,563.1720198647175,0.0
2022-11-11,8318.990234375,8555.709515468432,8116.08826744633,8318.990234375,88159777,21.466550878237825,-1277.2361490693802,-1103.0774438658589,13621.2665935236,7764.625398663899,554.3469647331021,5.3097284944832985
2022-11-14,8217.539131638574,8420.441095622256,8014.63716765489,8251.3564453125,87512185,21.160490444295093,-1293.073983482902,-1141.0767517892675,13361.622981851315,7547.448795492435,543.7367478212639,6.0344839779153725
2022-11-15,8116.088514222399,8488.076104255504,8116.088514222399,8454.2587890625,58685193,24.63216485827752,-1274.5607154053705,-1167.7735445124881,13066.6309454439,7412.9645623686,531.4689508363954,11.206901512121584
2022-11-16,8318.990565917306,9029.1484375,7980.82028788221,9029.1484375,50678575,33.559286832027865,-1199.6709668606618,-1174.1530289821228,12743.584507161384,7394.458949869867,568.3874650350664,26.49573085212592
2022-11-17,9401.135222030864,9637.8544921875,9333.500596826165,9637.8544921875,31238618,41.46512530934834,-1078.7674504832066,-1155.0759132823396,12414.143493668022,7463.508850081978,571.2673642959545,58.333305433718785
2022-11-18,9874.573887408204,10280.37780765639,9637.854614253456,10212.744140625,144704577,47.784506966065685,-925.888684209749,-1109.2384674678215,12256.855673213471,7499.055361942777,576.3570750940213,78.5714234476959
2022-11-21,10280.377612635872,10314.194925025007,9976.02467822336,10111.29296875,45890314,46.82381545254495,-803.653406005933,-1048.1214551754438,12141.97407487451,7515.867526687991,559.3437302159946,80.769230373712
2022-11-22,9908.390828335992,10449.464032757463,9773.123486260602,10009.8427734375,62794208,45.83151864134389,-706.8194753468924,-979.8610592097335,11918.35255116447,7583.930749616782,567.700645664628,82.19179011825464
2022-11-23,9942.207833020691,10043.6588159254,9333.5009765625,9333.5009765625,44000682,39.77911437009288,-676.8507046342893,-919.2589882946447,11669.6123755387,7623.00530024255,577.876159500219,54.794487519244875
2022-11-24,9265.867047972735,9739.305594280531,9198.233380941589,9705.48828125,45179851,44.14779763352419,-615.9832992332831,-858.6038504823724,11304.33409198283,7781.999697079671,575.247306202985,69.862976257635
2022-11-25,9874.574137034611,10348.0126953125,9705.488526636818,10348.0126953125,38527222,50.78852973406551,-510.019899586674,-788.8870603032328,11083.163070014767,7901.7196448289815,580.0528139072361,95.8904018590949
2022-11-28,10550.915009498449,11058.1708984375,10550.915009498449,11058.1708984375,85442794,56.889622647302865,-364.5371526104227,-704.0170787646708,11187.329728815512,7844.896833684488,589.3460559942192,100.0
2022-11-29,11227.254933495637,11802.144461568216,11058.170285901895,11768.3271484375,93371586,61.9674737412345,-189.75003286993706,-601.163669585724,11533.72074684205,7660.827593001701,600.3909216850836,99.11503678846236
2022-11-30,11869.7794020226,12444.6689453125,11633.060121901466,12444.6689453125,83811618,66.06686287639255,3.307028020699363,-480.2695300644394,11998.74670244901,7402.08562176974,615.4779146655087,100.0
2022-12-01,12681.38700100466,13290.093845581265,12174.13209638243,12309.400390625,96685050,64.56788292287933,143.7342191933276,-355.468780212886,12371.1445536161,7232.590016696398,651.2267599893178,81.52866970785209
2022-12-02,12174.132670657698,13154.826171875,12038.864370034284,13154.826171875,66331861,69.2619732749871,319.55889888192905,-220.463244393923,12939.867698114884,6988.5104268851155,684.4221201215605,97.45223763220655
2022-12-05,13391.545178761784,13797.350072163934,13188.643211575683,13526.8134765625,67538037,71.07759771093872,483.3457816457103,-79.70143918599634,13528.795542391692,6825.6772115145595,681.4293901335158,95.34883159487092
2022-12-06,13459.179991680154,13492.996347321434,12579.9365234375,12579.9365234375,91149880,61.17254687732764,530.6262800672412,42.364104664651165,13819.653097471044,6903.425320497707,700.3899303471932,73.52940509098343
2022-12-07,12174.132147632428,12951.923644014105,11971.23018492937,12343.216796875,50267804,58.960419550301495,542.7387575655375,142.43903524482846,14022.502637155376,7055.654589407123,720.4116109713033,68.3823357197215
2022-12-08,12782.8388671875,13087.191808204376,12512.302280263664,12782.8388671875,43478107,61.728381449366715,581.1131001596113,230.17384822778504,14204.662470567631,7333.40647474487,722.0947109968798,77.94117277100881
2022-12-09,12782.83924427409,13154.82586348036,12512.302649369574,12985.7412109375,50166309,62.9697648262532,620.7420387286456,308.2874863279572,14370.612465623803,7634.131577344946,716.4110326478732,82.35294045103417
2022-12-12,12985.741422402563,13222.46070704136,12579.9365234375,12579.9365234375,52028790,58.85781408001632,612.344485171865,369.0988860967388,14393.462227642443,8044.139823138807,711.1334005733008,73.52940509098343
2022-12-13,12579.93606676097,12850.47265625,12343.216790715553,12850.47265625,35346036,60.70027484141062,620.3681505563327,419.35273898865756,14409.561381713564,8467.662055786437,696.5707194990971,79.41175491978495
2022-12-14,13087.192194269206,13256.277805842015,12850.472913485242,12985.7412109375,49782255,61.62562989341533,630.3754295014987,461.55727709122584,14454.855957213533,8818.026757630216,675.8017502200198,80.16529024268631
2022-12-15,12918.106768803724,13290.09435239906,12918.106768803724,13087.1923828125,30467461,62.341811582241675,639.1250956109416,497.07084079516903,14532.948268395954,9084.868235510297,654.1007383182568,78.12499940262599
2022-12-16,12985.74080882353,13831.166922448372,12816.655202486592,13797.349609375,80417277,66.98649121855814,695.3474891761907,536.7261704713734,14741.531108193005,9234.745942588244,679.8443798642228,98.780477674308
2022-12-19,13932.618369964652,14372.239618544516,13526.8134765625,13526.8134765625,69753499,63.76021488422296,709.8909551448196,571.3591274060627,14845.028677812135,9472.800423750365,691.6716485869223,69.13578890985012
2022-12-20,13391.544876198128,13594.447797829866,12681.387048061872,12850.47265625,66141213,56.441454401383574,659.2423692532084,588.9357757754918,14802.672919821376,9799.219170022374,707.4851558141418,36.6197008229482
2022-12-21,13121.009121327335,13154.825475420374,12241.765693339828,12782.8388671875,40223594,55.75227363665746,606.6524071707136,592.4791020545363,14553.904850317082,10392.921028589168,722.1690576903135,33.80281105501982
2022-12-22,12918.106201619496,13256.277414789254,12647.570573725585,12782.8388671875,27537470,55.75227363665746,558.5360276796346,585.6904871795559,14250.853816120489,11003.70712137951,714.0646136455532,33.80281105501982
2022-12-23,12749.021823794474,12782.839137632904,12241.765952337792,12410.8515625,36025136,51.723639796614094,484.79872567958773,565.5121348795624,13958.169098370281,11502.67572584847,701.7080830490931,18.30985632191796
2022-12-26,12377.034624829474,12377.034624829474,11565.42578125,11565.42578125,45549240,43.950582009470864,354.061190557848,523.2219460152195,13851.988728954304,11659.581583545696,711.9736329205865,0.0
2022-12-27,11565.425300493323,12343.216796875,11565.425300493323,12343.216796875,34347060,51.214423772755055,309.642619380611,480.5060806882978,13798.797352154837,11770.261925188912,716.674908882093,27.710828300238514
2022-12-28,12444.66868486757,12512.302352473893,12140.314783064305,12309.400390625,20779862,50.90552979409133,268.6154486505184,438.12795428074196,13803.317447234178,11752.214974640821,692.0543846340569,26.506031601272014
2022-12-29,12377.033793445647,12512.302084794384,12072.680857183426,12174.1318359375,25297905,49.616400471470726,222.61985526981334,395.02633447855624,13811.238676969644,11730.766889436605,674.0234448466927,21.68674042773194
2022-12-30,12241.765502096914,12478.484772199725,12106.49721074818,12174.1318359375,20985465,49.616400471470726,184.04644330180054,352.83035624320513,13778.354893453226,11665.581239359275,652.4494531756106,21.68674042773194
2023-01-02,12174.1318359375,12174.1318359375,12174.1318359375,12174.1318359375,0,49.616400471470726,151.72771377356366,312.6098277492768,13666.017144660265,11642.650824089735,605.8459208059242,21.68674042773194
2023-01-03,12377.03441721927,13019.55859375,12309.400747651278,13019.55859375,40642351,57.93236793844131,192.11913184590048,288.5116885686016,13700.221851191865,11652.408324589385,622.9588377349653,51.80724937538085
2023-01-04,13154.826121378564,13391.54540680337,13053.37513605793,13121.009765625,29373960,58.81092780791492,229.66840892569962,276.74303264002117,13744.908814871542,11685.500657784709,605.0322645434228,55.4217090573964
2023-01-05,13121.00929049314,13526.8132170809,12951.923681728284,13391.544921875,31221194,61.141490342204555,278.0512064648501,277.004667404987,13818.826670438553,11672.453407686447,602.8792124583653,65.06022181936049
2023-01-06,13323.91173626627,13594.44833647461,12985.741465520829,13121.009765625,28502905,57.62984318526529,291.2081298905123,279.84535990209207,13833.636128079925,11671.170805513826,603.2954737794664,76.6666734455953
2023-01-09,13391.54467745711,13594.44759607761,13188.642717866527,13256.27734375,23500620,58.90089116468952,308.9882256454821,285.6739330507701,13886.87356890447,11685.567446720532,594.0199278275481,83.33330934505324
2023-01-10,13256.277585699036,13594.447844198816,12985.740995287242,13391.544921875,38989249,60.18709678999293,330.1878427894553,294.5767149985071,13946.68795475434,11679.86028743316,595.0689936192643,89.99994524451118
2023-01-11,13526.813730905846,13898.801317094776,13459.180060248756,13662.08203125,37329903,62.701241061390384,364.61571289183485,308.5845145771727,14040.92055907981,11653.26176513894,588.796665162158,89.85507332892038
2023-01-12,13594.448173753754,13695.899157860056,13459.1798752687,13560.630859375,29291050,61.14197328316218,379.34097959863357,322.7358075814649,14102.801968775946,11638.724203099055,563.6482806928151,85.50724549692085
2023-01-13,13695.899018934397,13763.532687975898,13459.179738744224,13492.99609375,27841664,60.06947644884461,381.15952942335025,334.420551949842,14046.219599485827,11664.871220826673,545.1271855884478,82.60866570764584
2023-01-16,13526.81379803569,13966.435057063429,13492.996483024332,13695.8994140625,32408204,62.21101381527721,394.426640685042,346.421769696882,14076.935545277554,11651.063868784944,540.0065982830893,85.7143211606833
2023-01-17,13831.16753093048,14642.7763671875,13831.16753093048,14642.7763671875,60380984,70.23391502817383,475.86055442215184,372.309526641936,14403.951274437433,11503.278510718817,569.068766486083,100.0
2023-01-18,14879.495702475411,14913.312058123429,14575.141788433528,14676.5927734375,37534490,70.47500251121983,536.9367465447049,405.2349706224898,14686.766716711023,11409.838459070226,552.576016714927,91.56626647791558
2023-01-19,14608.958391402077,14778.04303849469,14101.702532064395,14304.6044921875,63801460,64.30501507327045,548.9952478909254,433.98702607617696,14849.970392764162,11398.811345517088,561.4163374088819,77.77774675044323
2023-01-20,14304.6044921875,14304.6044921875,14304.6044921875,14304.6044921875,0,64.30501507327045,552.1864355793787,457.62690797681734,14987.108530530155,11451.048500719846,521.3151704511046,76.62333722781227
2023-01-23,14304.6044921875,14304.6044921875,14304.6044921875,14304.6044921875,0,64.30501507327045,548.3939309412217,475.78031256969825,15005.076240667431,11706.998661676318,484.07837256173997,68.96547500425804
2023-01-24,14304.6044921875,14304.6044921875,14304.6044921875,14304.6044921875,0,64.30501507327045,539.1730919119964,488.45886843815794,15082.695768787313,11825.517903087688,449.5013459501871,68.96547500425804
2023-01-25,14304.6044921875,14304.6044921875,14304.6044921875,14304.6044921875,0,64.30501507327045,525.8043651294174,495.9279677764099,15130.831849217318,11976.90223281393,417.39410695374517,68.42100518772628
2023-01-26,14304.6044921875,14304.6044921875,14304.6044921875,14304.6044921875,0,64.30501507327045,509.3382189022759,498.6100180015831,15129.036833603928,12191.744514052323,387.5802421713348,68.42100518772628
2023-01-27,14203.153954990465,14575.14153283494,14101.702971765597,14541.32421875,38513428,67.15916427574572,509.5165928500737,500.79133297128124,15118.999752542237,12438.500833395265,393.71297923547826,80.70173149278897
2023-01-30,14676.592841415388,15014.763112671597,14439.873555633045,14710.41015625,61479567,69.06207483813932,517.3382245145876,504.1007112799425,15075.704123089374,12735.424294879376,406.65416336426927,80.43480269056884
2023-01-31,14811.860610790238,14947.12890625,14676.592315330474,14947.12890625,40809766,71.54767774272574,536.4542382173877,510.5714166674316,15182.299935585823,12821.585513632926,396.9314796182162,95.65216448342198
2023-02-01,15014.762256674954,15319.116154775204,14203.15346012415,14270.7880859375,75366640,57.36638896286346,491.3646195468773,506.73005724332074,15169.011018676276,12949.852262573724,448.2908521205618,43.6363490815031
2023-02-02,14338.422013581165,14676.592271710537,14270.788345567264,14406.056640625,36864247,59.11194017588764,461.22905236360566,497.62985626737776,15183.337929657391,13036.976523467609,445.25609023859573,50.000017617970904
2023-02-03,14507.5073582244,14575.141025007832,14203.15346012415,14270.7880859375,30428547,56.615613719957835,421.5717397821136,482.418232970325,15135.76368288795,13199.528602268301,440.0226241418162,29.545412251605917
2023-02-06,14270.78813818693,14304.6044921875,13898.800571941292,14304.6044921875,32353899,57.103327533262615,388.39456444296957,463.61349926485394,15088.837799864134,13351.287200135866,437.57843100641566,28.57139111552377
2023-02-07,14304.60466034012,14338.42197376814,13323.91120219698,13357.728515625,62986888,42.64669089124193,282.44063618147266,427.3789266481777,15094.040605797669,13342.70275357733,478.7878839038974,1.6949293045970752
2023-02-08,13357.728920256692,14270.788738232091,13357.728920256692,14101.703125,49095750,52.76522115257153,255.5580044033013,393.01474219920243,15078.492449788228,13402.213018961771,509.80733666841127,38.98305894830252
2023-02-09,14203.15379663589,14372.239406145456,13932.6181640625,13932.6181640625,23731342,50.58109011599307,218.09551248632124,358.0308962566262,15048.693080170799,13469.21111904795,504.79404419802165,30.508492928455453
2023-02-10,14000.25169289078,14067.886319632384,13628.26412290174,13864.9833984375,22983272,49.69496908614203,180.86377241619266,322.5974714885395,15006.52123313533,13548.581696552168,500.13891223606606,27.11862736413828
2023-02-13,13797.350331594153,13797.350331594153,13357.729074748131,13662.08203125,27213093,47.032975638592966,133.44661603385612,284.76730039760287,15010.644734343183,13541.076457063067,500.647155911302,16.949177507605558
2023-02-14,13729.715240845033,14135.520128250027,13695.898886167071,13932.6181640625,25111759,50.81603439958158,116.35689309787995,251.08521893765828,14969.091129597473,13511.614241496278,498.70365170335384,30.508492928455453
2023-02-15,13932.618420459045,14236.971372341226,13695.899138207364,14067.88671875,29150642,52.63752993427471,112.43215848667023,223.35460684746067,14912.311276143588,13507.523489481413,501.72997901981876,37.288175111616866
2023-02-16,14169.337364031446,14473.6903086389,13932.618087437892,14406.056640625,34724434,56.93175277014532,135.05246378715492,205.69417823539953,14921.715120223193,13508.264860245557,504.540139175618,54.23730715131101
2023-02-17,14406.057227238764,14439.873583107748,14203.154296875,14203.154296875,17842030,53.78098938002131,135.04992383696845,191.56532735571332,14915.389575037108,13504.445385900392,485.4100782511273,44.06780834930535
2023-02-20,14203.153512161733,14811.8603515625,14203.153512161733,14811.8603515625,35924948,60.791459650868845,182.06665132870876,189.66559215031242,14989.850325509473,13480.710221365527,494.21698976181585,74.57625580984939
2023-02-21,14913.311936913244,15082.397549898908,14608.958984375,14608.958984375,29973781,57.652356368766185,200.64242105424637,191.86095793109922,15023.01734550078,13477.978650592968,492.7328166019652,73.07692686141016
2023-02-22,14473.690168750363,14947.128717361678,14338.421875,14338.421875,47385148,53.67272168236586,191.3282556064005,191.7544174661595,15025.354620515529,13479.023113859472,501.0166755848019,57.69226892940229
2023-02-23,14304.604938215329,14541.32421875,13797.350022090995,14541.32421875,48772680,56.11922247558639,198.03639550502157,193.01081307393193,15047.744746065655,13480.304960965594,518.3707842329592,69.23073461127478
2023-02-24,14541.324324223406,14541.324324223406,13966.434775759317,14067.88671875,21195715,49.54467544565888,163.26814163066774,187.0622787852791,15017.37810295236,13463.327854078889,522.407838820897,42.307722065928026
2023-02-27,13797.350211421504,13898.801196038505,13492.996298540536,13594.4482421875,45470977,43.99414315077187,96.40027916422878,168.92987886106903,14979.521792076517,13389.587973548481,526.1565946343661,13.725495893081558
2023-02-28,13831.167386371602,13864.983741549317,13459.17980717712,13526.8134765625,22095955,43.248721433554465,37.516983630244795,142.6472998149042,14874.716683487333,13352.361539168918,517.5599760442111,9.803878499001785
2023-03-01,13526.813639875176,14135.5205078125,13391.545340441333,14135.5205078125,27036094,51.25388482163858,39.513629409828354,122.02056573388901,14864.466091840757,13349.085373002992,533.7324897104222,45.098025752246194
2023-03-02,14203.15379663589,14270.788424051692,13932.6181640625,13932.6181640625,12875464,48.78368231747953,24.441713303693177,102.50479524784984,14830.943410118312,13335.264207069189,519.7637590160487,33.333310001164726
2023-03-03,14067.886124620856,14270.78808397315,13763.5322265625,13763.5322265625,19759396,46.76114735733723,-1.1336429139773827,81.77710761548441,14813.148122788363,13302.333908461638,518.8703374728059,21.999964517330614
2023-03-06,13966.434256682016,14101.70254994558,13797.349609375,13797.349609375,16504593,47.23234858222796,-18.46071319732073,61.72954345292339,14786.948382064298,13277.808160904451,505.963193609254,23.999984544116316
2023-03-07,13932.61783396049,14439.872732411048,13898.800521053816,14270.7880859375,42578302,53.4446883659766,5.941497254587375,50.57193421325619,14768.498567501985,13387.563932498015,515.7174742825964,51.999976140920566
2023-03-08,14135.519913889417,14338.421875,14067.886246529197,14338.421875,23463739,54.27290865511713,30.387616852898645,46.53507074118468,14790.08977393785,13389.64460106215,498.20448529603976,55.99995843885286
2023-03-09,14338.421875,14575.141149305657,14338.421875,14338.421875,33795009,54.27290865511713,49.194261930173525,47.066908978982454,14814.698848403612,13405.615897690139,479.5269702252981,55.99995843885286
2023-03-10,14304.604700059248,14507.507622160818,14203.15371852343,14406.056640625,32609451,55.19730121248409,68.76356046586989,51.40623927635994,14843.66353155479,13430.75853875771,467.01460832616164,59.99999849242427
2023-03-13,14236.970773030824,14473.690045317722,14135.519793340713,14270.7880859375,30390795,52.894253685356645,72.52134771431338,55.62926096395063,14839.513488138198,13495.779187643051,457.8114400155079,56.521737024269406
2023-03-14,14236.970698577748,14270.788011307572,13662.08117732026,13729.71484375,44816996,44.83576608619793,31.4764910795966,50.798706987079825,14850.118364574826,13464.883979175172,468.5896877727745,28.571367081228967
2023-03-15,14067.886382495628,14406.056640625,13932.618087437892,14406.056640625,38883688,54.223889500080624,52.913325192514094,51.22163062816668,14874.288508647951,13474.530827289549,483.42912413721916,85.71433698781888
2023-03-16,14203.154109327272,14270.788738232091,13864.983841893049,14101.703125,43919224,50.09254795387097,44.82665181012817,49.942634864558975,14851.052752223823,13467.331232151177,487.5465294654143,60.000025282285605
2023-03-17,14236.970843209148,14236.970843209148,13797.349609375,13797.349609375,49307887,46.294062957885224,13.701181083924894,42.69434410843216,14848.898360045561,13428.90515557944,484.12329406318105,34.28571357675234
2023-03-20,13797.350072163934,13932.618369964652,13526.8134765625,13526.8134765625,33379882,43.161058465255444,-32.422240263058484,27.671027234134037,14760.393512981573,13388.905315143427,478.52912258739326,11.428575118980755
2023-03-21,13662.081384998006,13898.800659645343,13425.362110350668,13831.1669921875,27675991,47.46826037806231,-43.9104267925959,13.35473642878805,14680.938297696346,13390.581331209905,478.16551020934196,35.29416245104448
2023-03-22,13898.80044836922,13932.617761099043,13628.263864590432,13729.71484375,18669380,46.21117755057007,-60.50378788861599,-1.416968434692759,14647.810677544072,13362.838248237178,465.7503949450041,26.470541129011348
2023-03-23,13662.081316111437,13797.349609375,13560.630335921242,13797.349609375,15600142,47.214790489469046,-67.41941669873086,-14.617458087500378,14564.43516049415,13371.8163043496,449.3910291242008,32.3529553437001
2023-03-24,13831.166922448372,13864.983276491825,13729.714983228258,13797.349609375,19877299,47.214790489469046,-72.06933195795318,-26.107832861590943,14553.647447160347,13355.550306745903,426.9536908484413,32.3529553437001
2023-03-27,13797.35012216809,14135.5203883805,13763.532807837862,14067.88671875,29429136,51.41973542849154,-53.309817160103194,-31.548229721293396,14554.373789708565,13402.167811853937,423.02754011231247,55.88244233285986
2023-03-28,14135.520250092624,14203.153919061462,14000.251953125,14000.251953125,17901853,50.34006875634672,-43.400038241159564,-33.918591425266634,14537.413370854889,13466.47207836386,407.30428481403743,50.0000281181711
2023-03-29,14000.252090089543,14270.788686671453,14000.252090089543,14067.88671875,26053090,51.43816308186966,-29.74601318938221,-33.084075778089755,14531.327149819179,13465.794920493321,397.53517400921,59.37506568082088
2023-03-30,14203.154058010998,14304.605041971725,14034.069404419772,14067.88671875,30431161,51.43816308186966,-18.709429309050392,-30.209146484281884,14538.000219009564,13472.648706771686,388.46377854797737,61.29042134315771
2023-03-31,14067.88671875,14135.5203883805,13763.532807837862,14067.88671875,34514475,51.43816308186966,-9.8493202368918,-26.13718123480387,14541.391778468875,13499.692596531124,387.2869072618817,65.51730315245022
2023-04-03,14236.971611773955,14270.788926672913,14101.703311208104,14203.154296875,31029966,53.9800567939367,7.995179658522829,-19.31070905613853,14556.665685694878,13524.999158055123,374.11657159481246,79.31034206000498
2023-04-04,14304.60443981426,14338.421752720937,14169.337106247389,14270.7880859375,28843108,55.24157003216016,27.280088052697465,-9.992549634371333,14556.665685694878,13524.999158055123,359.4714340861507,92.59263429847121
2023-04-05,14270.78858316034,14541.32421875,14169.337599935474,14541.32421875,37058960,59.9686428288319,63.65969253969706,4.737898800442347,14598.464213617479,13503.490864507521,360.3653758524632,100.0
2023-04-06,14575.14153283494,14811.86081336961,14473.690549610074,14541.32421875,40422082,59.9686428288319,91.43676508604221,22.07767205756232,14637.77908617679,13484.46622632321,358.7800107029685,80.48778595821632
2023-04-07,14541.323836110583,14608.958462500728,14270.78820763978,14338.421875,26953476,54.92314528375455,95.97147239345213,36.85643212474028,14626.621020293911,13488.860815643588,357.3078852856814,65.85363279902451
2023-04-10,14372.23953002848,14439.873198997317,13932.61828415616,14000.251953125,38544356,47.71725236433658,71.45409577653845,43.775964855099915,14604.566088447678,13483.862134208572,368.01838739678675,35.13514297543947
2023-04-11,14000.252090089543,14101.70307405027,13932.618420459045,14067.88671875,20932322,49.15409138038744,56.826399151874284,46.386051714454794,14601.571972170146,13520.673437986105,353.80883498210386,40.54060318792786
2023-04-12,14135.520319403176,14135.520319403176,13966.434707607084,14034.0693359375,15446666,48.43731374403361,42.0206758266886,45.512976536901554,14558.017877274404,13527.028802413097,340.6143190402459,28.12507743706657
2023-04-13,14067.88626683484,14067.88626683484,13763.532365699732,13831.1669921875,21362404,44.26640418637112,13.755940092409219,39.16156924800308,14552.094431827443,13505.898634578805,338.02428918987886,6.451663754627661
2023-04-14,13898.800901676896,14101.702866613652,13864.98358784412,13966.4345703125,19758670,47.51135007568396,2.2450173009656282,31.778258858595592,14550.147145792258,13524.754416707741,333.20368813532696,19.354831499971155
2023-04-17,13932.618470797868,14135.52043945241,13932.618470797868,14101.703125,13468026,50.608286615310845,3.991557740846474,26.22091863504577,14519.354099974358,13613.03642736939,323.89642245812803,32.25809239956437
2023-04-18,14135.520575846283,14203.154246373744,14067.886905318826,14169.337890625,16802108,52.129169216185815,10.709807961657134,23.118696500368046,14524.419677602667,13641.787939584834,310.422916643613,38.709769426485835
2023-04-19,14236.971372341226,14236.971372341226,14067.88671875,14067.88671875,15215653,49.65908329816714,7.758374247629035,20.046632049820243,14509.051930901649,13690.97287378585,300.3273264255854,29.03234704035335
2023-04-20,14067.88671875,14135.5203883805,14034.069404419772,14067.88671875,9510164,49.65908329816715,5.357582884815201,17.108822216819238,14497.563961665588,13729.51455395941,286.1218733923814,29.03234704035335
2023-04-21,14067.886581123785,14101.70293609323,14000.251953125,14000.251953125,16180942,47.90404838012594,-1.9798000035443692,13.291097772746518,14482.426556025892,13764.94219397411,272.93109550494205,22.580670013431888
2023-04-24,14000.251884145277,14067.886511810822,13898.800901676896,13966.4345703125,15355045,47.009452398113055,-10.403582946661118,8.55216162886499,14483.492503633186,13753.731031523062,265.5135608355838,19.354831499971155
2023-04-25,14067.887022446092,14372.239980898612,14000.252392325548,14236.9716796875,26807114,54.353474667467474,4.696454332341091,7.781020169560211,14494.519314687013,13766.376193125487,275.53440724633583,45.16135329915758
2023-04-26,14236.970958729533,14879.4951171875,14135.519977716154,14879.4951171875,38940752,66.29940460827262,67.72887793460905,19.77059172256998,14663.887957710855,13678.168389945395,308.9944595481223,100.0
2023-04-27,14879.495702475411,14879.495702475411,14608.959103111509,14676.5927734375,24883359,60.88093862033952,100.15547438442445,35.847568254940875,14740.5186720128,13662.408281112199,306.2474695349637,81.81813664020964
2023-04-28,14676.592722718651,14744.227351840882,14473.690753411887,14642.7763671875,22871758,60.000804477941095,121.72194945895899,53.0224444957445,14799.722397521251,13660.693520447498,303.69669302739453,78.78789316037411
2023-05-01,14642.7763671875,14642.7763671875,14642.7763671875,14642.7763671875,0,60.000804477941095,137.2316156916113,69.86427873491786,14850.513779331186,13653.864345668813,282.00407209686637,78.78789316037411
2023-05-02,14642.7763671875,14642.7763671875,14642.7763671875,14642.7763671875,0,60.00080447794109,147.81917053837242,85.45525709560877,14894.150831605682,13647.426121519318,261.86092408994733,78.78789316037411
2023-05-03,14642.7763671875,14642.7763671875,14642.7763671875,14642.7763671875,0,60.00080447794109,154.42971441502777,99.25014855949257,14910.049956407996,13641.672211560754,243.1565723692368,76.6666822530805
2023-05-04,14507.507622160818,14608.958603696636,14338.422013581165,14406.056640625,24019564,52.812157295928465,138.9654077616633,107.19320039992672,14894.186177000387,13644.009233155864,247.527842457601,51.72411830215468
2023-05-05,14406.05682963314,14676.592464268118,14338.422201701937,14507.5078125,15662143,55.28475256966916,133.35881759579024,112.42632383909944,14911.104745620562,13643.999258285688,254.00230103678535,62.06894441853614
2023-05-08,14575.141669971876,14710.409968554415,14507.508000195585,14608.958984375,15175142,57.673238233310535,135.53940234365837,117.04893954001123,14943.929618970891,13672.04508806036,250.3522906809018,72.4137705349176
2023-05-09,14608.95923813037,14980.946825936231,14608.95923813037,14744.2275390625,32544837,60.68841011332007,146.49388304889726,122.93792824178844,14995.666205639738,13687.94258342276,259.04054431521104,78.12501238816277
2023-05-10,14744.22740279346,14811.861073119451,14642.776417789488,14676.5927734375,12689028,58.4465240301402,148.01164152253114,127.95267089793698,15027.267442048273,13720.593690764228,252.61512367340762,71.87495275121574
2023-05-11,14744.227471084612,14845.678456558477,14608.959170776134,14710.41015625,19805425,59.25695485972289,150.21170913765673,132.40447854588092,15034.761880215268,13801.023569003482,251.47970668118873,74.99998256968927
2023-05-12,14710.409931492244,15217.66581014127,14608.95894756843,15116.2138671875,65492895,67.45866874083512,182.59540048768213,142.44266293424116,15128.349685512496,13822.413693393753,276.995932102021,91.66659891626666
2023-05-15,15183.8481835471,15285.29916538444,14947.12890625,14947.12890625,25690381,61.87004097672894,192.39812018299926,152.43375438399278,15178.181753595145,13857.124203436106,281.365526890051,70.58824313734203
2023-05-16,14947.12878485311,15082.397079214255,14811.860490491965,14879.4951171875,25852860,59.73816130064017,192.49045448992365,160.44509440517896,15211.197299625132,13895.124380062367,280.59203130663957,57.142904185182985
2023-05-17,14879.495839994628,14947.129510945706,14710.410224071971,14744.2275390625,37750112,55.61094491405714,179.5785967376287,164.2717948716689,15208.51258278995,13965.4431789288,277.4582638471464,42.85725183129628
2023-05-18,14811.860421185464,15014.76238226282,14744.226753836325,14845.677734375,27022736,57.9570242370209,175.5088822074813,166.5192123388314,15206.6423438368,14045.09251944445,276.96378988852837,53.57143952917173
2023-05-19,14879.495839994628,14947.129510945706,14642.776553120895,14744.2275390625,16717311,54.83586331856314,162.22736513235031,165.6608428975352,15165.085716318734,14161.046705556268,278.92015902683426,42.85725183129628
2023-05-22,14744.226684531268,14947.128644654884,14710.409371500691,14811.8603515625,21590368,56.5170588870495,155.36808334833404,163.60229098769497,15088.734734966454,14321.940265033545,275.9058100359313,49.999974873160475
2023-05-23,14845.678387797434,14913.312058123429,14608.959103111509,14676.5927734375,19776385,52.32207378990399,137.43284969734304,158.3684027296246,15041.882654529365,14412.754454845634,277.9377489627877,35.71432251927377
2023-05-24,14676.5927734375,14676.5927734375,14676.5927734375,14676.5927734375,0,52.32207378990399,121.81484213947442,151.05769061159458,15024.066922184467,14410.279952815532,258.0850526083029,35.71430974731741
2023-05-25,14406.056501390143,14507.507481945437,14338.421875,14338.421875,19251342,43.055988083036304,81.21371221576555,137.0888949324288,15050.741299155881,14349.788486000369,263.80547016753127,0.0
2023-05-26,14406.056378534287,14473.690045317722,14101.702480434038,14270.7880859375,23360066,41.474013156830715,43.0829097324804,118.28769789243911,15081.056267953645,14282.274689077603,271.5327626472565,14.285745106708148
2023-05-29,14406.05682963314,14507.5078125,14338.422201701937,14507.5078125,16105293,48.593367457954024,31.601000963011757,100.95035850655366,15081.580616035095,14268.223485527404,269.04611721263103,34.28577802099598
2023-05-30,14541.324028774456,14608.95865606072,14372.239378618671,14439.873046875,19540870,46.840171113632294,16.849712208153505,84.13022924687363,15084.716406270287,14244.797363260965,266.73705722901803,28.571435755173034
2023-05-31,14473.690168750363,14507.507481945437,14304.604561804928,14338.421875,19000436,44.26062742196162,-2.9925557944661705,66.70567223860567,15094.184095070083,14204.894225242417,262.1774760084102,20.000004864484858
2023-06-01,14304.604819693724,14473.6904296875,14236.971151114178,14473.6904296875,15734162,48.345312849308165,-7.713735128631015,51.82179076515834,15090.745287725491,14215.096411493258,260.3590333344754,31.428606888084502
2023-06-02,14541.324355568751,14744.22728295754,14507.508000195585,14608.958984375,27394158,52.123662484117986,-0.5341050577790156,41.35061160057087,15091.049065407726,14224.937750998524,261.08602047272996,51.72420696227804
2023-06-05,14744.227351840882,14913.312006586531,14608.959052626386,14642.7763671875,29104323,53.0483000971574,7.794730863774021,34.6394354532115,15092.197547836457,14227.171006851042,264.17652059693006,59.25940736963008
2023-06-06,14676.592841415388,14778.043826889254,14575.14185594152,14710.41015625,17133454,54.92334107353512,19.62663128748318,31.636874620065836,15089.377980650877,14226.608835755373,259.79976705055896,66.6667843584821
2023-06-07,14879.494909729428,15420.567120600164,14879.494909729428,15285.298828125,80607199,66.9904607628948,74.53303842101741,40.21610738025615,15203.175472348286,14173.681949526714,291.96813828624505,89.7435803223805
2023-06-08,15352.932755909898,15657.286658911746,15352.932755909898,15420.5673828125,61741072,69.08739715982658,127.49215334776272,57.671316573757466,15334.183764874559,14113.689379656693,297.68383060770935,84.78261225754437
2023-06-09,15420.56750347312,15488.201171875,15217.665539237536,15488.201171875,34664467,70.10980938222772,172.92672339110868,80.72239793722771,15421.886702766844,14063.185172233158,295.7446736098347,89.13041869568174
2023-06-12,15623.469537256902,15657.286851123352,15217.665606979292,15522.0185546875,32262278,70.63282373459027,209.25061680166255,106.42804171011468,15530.978130997948,14011.582708845803,306.02157150513654,91.3043420219045
2023-06-13,15555.835466893624,15860.188406743267,15488.20084090709,15826.37109375,53643268,74.89110330421458,259.6037202616226,137.06317742041628,15712.827199540896,13924.421237959103,310.7334282430681,98.07690738451093
2023-06-14,15860.18900843602,15860.18900843602,15623.4697265625,15623.4697265625,34086861,67.82979442066573,279.9098464416602,165.63251122466505,15825.22340745134,13899.94924879866,305.44670350238613,86.53846486145764
2023-06-15,15555.836125132264,15724.920779193506,15555.836125132264,15657.287109375,25371231,68.36517197826844,295.3270317194183,191.57141532361572,15929.14629170894,13877.187302041062,295.706557113733,87.50002052122632
2023-06-16,15724.920183023878,16096.908709527532,15657.286515769529,15860.1884765625,47930520,71.43663543069296,320.2263368640215,217.30239963169691,16066.676710633135,13851.252976866865,305.98624544546664,87.27267848889673
2023-06-19,15860.188354232692,15894.005667113994,15758.7373746187,15792.5546875,19138666,69.03069136848637,330.68974846960555,239.97986939927867,16173.604506903697,13842.394614190054,293.7921059490257,83.63633119559319
2023-06-20,15792.555067144362,15995.45703125,15758.737753450108,15995.45703125,21211251,72.06980242390301,351.30497588458275,262.2448906963395,16307.831566813788,13840.053980061213,289.7154753669447,94.54542558062667
2023-06-21,16029.27456796399,16671.797782914764,15894.006270334892,16637.98046875,51699766,79.07314800155382,414.7084627380882,292.73760510468924,16573.347024737646,13770.677291668602,324.57804945358237,98.4374867711903
2023-06-22,16637.98046875,16637.98046875,16637.98046875,16637.98046875,0,79.07314800155382,459.65753690834936,326.12159146542126,16775.016264072226,13798.963911709021,301.3939030640408,98.38708327247652
2023-06-23,16807.064216649756,17280.502753347486,16739.431510021368,17179.052734375,42336399,83.18976908706432,532.7982454174326,367.45692225582354,17063.798487900378,13801.008152724622,325.76021603071547,96.25003750628018
2023-06-26,17179.05441889039,17246.689050210585,16705.615835769,17043.78515625,29619638,79.00551980307509,573.239868411245,408.61351148690784,17279.7662429829,13838.668132017101,341.13971591720616,90.14090696426972
2023-06-27,17145.23594149173,17449.58984375,16976.151292708182,17449.58984375,28957381,81.94024542741387,630.7641365014279,453.0436364898119,17540.95400689506,13878.45204779244,350.5896327118213,100.0
2023-06-28,17584.85816238097,18058.296739893995,17517.223531861975,17990.662109375,44014911,84.9591978778923,711.8072721603858,504.7963636239267,17870.323080750135,13914.306997374866,369.02658009983367,97.61902810532517
2023-06-29,18024.478416838,18058.29573020668,17449.58984375,17449.58984375,53438972,71.99788862678344,724.0283826449195,548.6427674281254,18017.510793780995,14064.709225750254,386.146530553894,78.5714206575137
2023-06-30,17381.954700535127,17720.12398805405,17348.137388171275,17686.30859375,33495607,73.87567271302075,744.2358380656242,587.7613815556251,18181.054187265057,14208.900793203691,385.13510693452827,85.52629315152687
2023-07-03,17720.125,17889.211571475316,17517.22303228953,17720.125,24766909,74.14243350767086,754.2841749984764,621.0659402441954,18305.19065284126,14392.499190908738,384.19606638104665,86.48643107910839
2023-07-04,17686.308699178935,17753.94140625,17517.22213635174,17753.94140625,28645346,74.42368801478293,756.2585776524393,648.1044677258442,18393.182291288347,14608.860677461653,373.6620094894192,87.83775729181762
2023-07-05,17855.394238635476,18396.4674306747,17753.942295855653,18227.380859375,46179408,78.02714974400494,786.9543927713275,675.874452734941,18598.87913788612,14697.372033988882,392.86658198479637,93.82711195234967
2023-07-06,18193.56264046815,18362.64920336028,17923.027975960365,18261.197265625,40091462,78.26272774236759,804.7332843998447,701.6462190679217,18777.88148341952,14802.432676736737,396.2061995144477,94.87172067743886
2023-07-07,18193.56418254262,18565.552734375,17923.029495104493,18565.552734375,32836399,80.30896170655873,833.7709345002513,728.0711621543877,18983.163555550927,14904.885760855323,413.8002737827377,100.0
2023-07-10,18565.55206567631,18903.72137182369,18497.917437222877,18734.63671875,35236700,81.35881772902219,860.5077481814806,754.5584793598063,19177.9981395806,15031.312993231903,413.22910669831447,94.38203792146143
2023-07-11,18802.27082417528,18971.35547254549,18430.282296088983,18464.099609375,34868763,74.5133334813973,850.0677302530239,773.6603295384498,19303.080216219172,15170.003768155828,422.36082596675675,78.26085124142575
2023-07-12,18464.099223035744,18565.551160771025,18024.47799563583,18261.197265625,40304906,69.77174322376541,816.0149055341135,782.1312447375825,19335.80931937087,15401.047418910375,430.84027876450244,68.65667195852897
2023-07-13,18599.369537560426,18599.369537560426,18193.563681459887,18295.015625,20338018,70.11310973430741,782.7337877069403,782.2517533314541,19333.802757166388,15666.826832677365,429.0521057170765,70.1492688494548
2023-07-14,18362.64986214323,18599.369140625,18295.0152345599,18599.369140625,24797836,73.0615411339019,772.0177076049476,780.2049441861528,19360.83938522299,15913.708271027008,420.1450914562209,81.3559767125778
2023-07-17,18734.636197603253,18768.453510889267,18396.466900862823,18464.099609375,18200674,69.76720457115711,744.0332639198532,772.970608132893,19295.008556200915,16246.693592236585,416.70519992552255,68.74998695162719
2023-07-18,18464.099505004877,18497.91681809973,18295.014857590428,18396.466796875,18008430,68.11351281112724,708.2339083099359,760.0232681683017,19187.508045985982,16594.295079014017,401.43353996722107,64.5833987925214
2023-07-19,18328.83241182129,18734.6363381787,18295.015098281536,18531.734375,22329291,69.66235121816311,682.9055144681515,744.5997174282718,19168.554755852427,16802.62375977257,404.16123281935995,72.91669543498386
2023-07-20,18464.100753018847,19072.80859375,18464.100753018847,19072.80859375,44816415,74.91183041333682,698.4415479742383,735.368083537465,19204.38528934348,17010.27603878152,418.77170481305944,100.0
2023-07-21,19174.256906394872,19208.07421875,19005.172262679025,19208.07421875,26797966,76.02854940226727,713.4446263852842,730.983392107029,19319.575867748306,17097.987608814194,403.35243704576766,100.0
2023-07-24,19241.89233702621,19343.34236028089,18937.538431142388,19106.625,24922708,73.39004381542483,708.9759367342776,726.5819010324788,19347.80547196131,17276.041988976187,403.5275436238202,85.10649611893069
2023-07-25,19106.625,19174.257709483165,18937.538431142388,19106.625,29366990,73.39004381542483,697.395328754319,720.7445865768468,19405.000504003525,17384.550472558978,391.61266753217427,83.33345329075607
2023-07-26,19106.62419974441,19241.89153110513,19038.98957503416,19208.07421875,33205207,74.41961814022096,688.4674929010289,714.2891678416833,19509.12922439464,17402.162963105362,378.1333309992312,90.47617290194081
2023-07-27,19208.07421875,19410.97617482097,19005.172262679025,19208.07421875,30950686,74.41961814022096,673.626966316242,706.156727536595,19535.226279625796,17551.914345374204,380.1098010808537,85.36586927288873
2023-07-28,19208.07603736388,19343.343381531664,19038.99137763916,19140.44140625,32963594,72.25800670576703,648.9279024242751,694.710962514131,19555.111026542672,17677.44287970733,374.6985298531145,80.48791028849624
2023-07-31,19072.80859375,19106.625909130616,18497.918068399464,19072.80859375,66108688,70.0662920579157,616.786384105224,679.1260468323496,19542.37241272399,17825.44985290101,393.8288732815018,75.60995130410375
2023-08-01,19005.17307000521,19005.17307000521,18599.369140625,18599.369140625,40672552,57.026603455373774,546.8081283739957,652.6624631406788,19467.036387738288,17985.32865132421,399.51534327032306,33.33343968277734
2023-08-02,18531.734513041672,18836.08841910677,18430.28257166668,18599.369140625,26896848,57.026603455373774,485.7504279763234,619.2800561078078,19450.76626762345,18038.797599564048,399.96466499673494,27.272834491242186
2023-08-03,18497.917351454405,18599.369293664164,17923.02876644546,18159.748046875,84258979,47.5055340148921,397.3080919470776,574.8856632756618,19461.60199269515,18017.81695261735,419.7057980125899,15.90911608146034
2023-08-04,18125.93133768708,18599.36991434532,18125.93133768708,18497.91796875,32191856,53.88380326590649,350.4644538749126,530.001421395512,19462.277665752023,18010.37780299798,423.54385363013625,38.636392594828635
2023-08-07,18633.1875,18768.45484469717,18464.100921553545,18633.1875,33529438,56.177500859128386,320.5604327628171,488.11322366897303,19458.671195846735,18003.839351028262,415.0302871668141,47.727408210607855
2023-08-08,18667.00146551417,18869.905344083323,18362.649483780144,18396.466796875,37125316,51.36297233425754,274.59454323467435,445.40948758211334,19461.124305130576,17994.622960494427,421.6178281051259,31.818196514514156
2023-08-09,18396.46754681365,18836.088798848432,18295.015603393356,18802.271484375,61946385,58.007030636231995,267.82398328260024,409.89238672221074,19454.84895564316,18055.005731856843,430.1503543444081,59.090980835772065
2023-08-10,18869.906517872885,18869.906517872885,18464.10065355156,18497.91796875,24777944,52.24283046664814,235.1883754266164,374.9515844630919,19442.444365319065,18087.700556555934,428.41146219990225,38.636392594828635
2023-08-11,18531.734751449592,18768.45403297672,18362.650098375903,18734.63671875,33950664,55.91239044550661,225.8225045944164,345.1257684893568,19444.929121589183,18098.742558098314,426.79663879996747,54.54547302788245
2023-08-14,18802.27095775105,19174.25757042017,18700.81901717227,19038.990234375,65262172,60.15188022672383,240.19000869774027,324.1386165310335,19467.411701398352,18133.74904078915,430.1282041176769,75.00006126882587
2023-08-15,19038.989955246878,19106.62458130781,18836.087995123904,18903.720703125,26046702,57.50514737789857,237.91866031775135,306.8946252883771,19466.11063173393,18185.77550107857,418.7288028366932,65.90904565304666
2023-08-16,18903.720703125,18937.538016155468,18700.81874300203,18903.720703125,21772014,57.50514737789857,233.42779010188679,292.201258251079,19470.16894804172,18218.915817583278,405.7281221450321,69.0475142804905
2023-08-17,18937.53919784371,19410.977773692804,18937.53919784371,19005.173828125,67670024,59.071611165959055,235.34228306550358,280.82946321396395,19462.307143212485,18220.014145850015,412.9801898895158,72.72729484738674
2023-08-18,18869.906446615867,18937.53915869739,17720.125406450567,17923.029296875,67312396,41.49928743494313,147.8353587285601,254.23064231688318,19496.32800353668,18057.488793338318,475.2707778741528,12.000095002697813
2023-08-21,17889.211571475316,17956.84428200553,17517.22303228953,17720.125,45652767,39.14777070112912,61.40497143490575,215.6655081404877,19549.934831575676,17865.23196529932,472.72438300571343,10.714268499210156
2023-08-22,17720.12398805405,17821.575925145607,16976.150788288498,17686.30859375,51069308,38.75363949686531,-9.708520777330705,170.59070235692403,19571.649200516833,17701.485955733166,499.34586542367026,29.166663985514322
2023-08-23,17821.57724388219,17889.21187361463,17348.138671875,17348.138671875,31616283,34.96282518585326,-92.29009937492447,118.01454201055432,19601.24998672481,17485.89161483769,502.32638944623875,15.277795334798002
2023-08-24,17348.138512522208,17787.759765625,17314.32119796662,17787.759765625,24098698,42.796584206606205,-120.8695383830127,70.23772593184093,19533.098718050012,17412.011438199985,500.26297360424894,33.33333260234641
2023-08-25,17720.125675485862,17855.394937822537,17551.041015625,17551.041015625,31722860,40.002530046401276,-160.76695312287848,24.036790120897045,19480.75588707698,17305.414230110524,486.26946993234094,23.611132568462175
2023-08-28,17584.857543806156,18159.748046875,17584.857543806156,18159.748046875,33134349,49.18891292354848,-141.63568351026333,-9.097704605335032,19390.71836693346,17304.145695566538,495.01501002645944,48.61114426945469
2023-08-29,18193.56264046815,18362.64920336028,18058.295308214256,18261.197265625,26091859,50.54791854525405,-116.93990002732608,-30.666143689733243,19367.560351367,17293.486523633,481.3963589635713,52.77773267011489
2023-08-30,18261.197544495568,18430.282191910017,18092.11289708112,18396.466796875,29248507,52.37692874856848,-85.46797144351513,-41.626509240489625,19350.286692316142,17290.469948308855,471.16585438252326,58.33334430333893
2023-08-31,18531.73461527202,18869.90583699431,18464.099987315585,18667.001953125,37656313,55.89067482918539,-38.25533149672992,-40.95227369173769,19383.94381416369,17307.538217086312,471.3282247922936,69.44440713744324
2023-09-01,18667.001953125,18667.001953125,18667.001953125,18667.001953125,0,55.89067482918539,-0.8294132307710242,-32.927701599544356,19400.33903981105,17308.051389876448,437.66192302141553,69.44440713744324
2023-09-04,18667.001953125,18667.001953125,18667.001953125,18667.001953125,0,55.8906748291854,28.50233940758335,-20.641693398118818,19404.03563315995,17307.736241840048,406.40035709131445,69.44440713744324
2023-09-05,18802.271484375,18903.721509735376,18430.28294322716,18802.271484375,35576323,57.8335732665102,61.94897613954163,-4.123559490586729,19443.175294305816,17309.17704944418,411.1888006210931,75.00001877066728
2023-09-06,18768.45373619039,19613.87890625,18531.734458406518,19613.87890625,76338319,67.17570188007852,152.1912468211085,27.139401771752322,19606.64635365724,17226.866732280258,459.11420399412094,100.0
2023-09-07,19613.879440481494,19816.78141009994,19275.710130470747,19377.16015625,48891453,62.8050620072714,202.27596035429087,62.16671348826003,19725.826423884533,17195.610880802964,464.96828082519744,84.52381487144581
2023-09-08,19275.71026568355,19715.331522617285,19208.07563598299,19444.794921875,49068452,63.5350742740237,244.60634729932644,98.65464025047332,19831.61711945634,17160.83600554366,467.9888240972759,86.90479200749704
2023-09-11,19613.879606299288,19647.696921198247,18768.454406065164,18937.5390625,69256770,54.84151656826135,234.5187887756474,125.82746995550815,19818.610805881486,17163.697201931012,497.36408774269063,64.86488203341327
2023-09-12,18937.539035240705,19444.794921875,18734.637064198974,19444.794921875,32837560,60.64127266021244,264.4077070473977,153.54351737388606,19901.929170604817,17134.48625908268,512.5636427379288,85.13516872630618
2023-09-13,19478.610799531238,19884.414711673184,19106.62419974441,19208.07421875,71428816,56.96448611040052,265.92805465150377,176.0204248294096,19941.478772151866,17125.372009098137,531.5084191087036,71.01448027512103
2023-09-14,19208.07542193635,19309.52736535665,18768.454169901568,18802.271484375,50361168,51.23007870410051,231.71696294216963,187.1597324519616,19919.89959094184,17126.66095593316,532.1916174191593,52.941233972368074
2023-09-15,18869.90583699431,19005.17317484729,18667.001953125,18667.001953125,35937871,49.44333676196756,191.482020073694,188.0241899763081,19929.13334584121,17191.82446665879,518.3330177265258,33.333343031007054
2023-09-18,18667.001953125,19005.17317484729,18396.467277419044,18667.001953125,30334022,49.44333676196756,157.77678540381748,181.97470906180996,19918.35457081421,17297.29093699829,524.7882234195057,32.075460246896434
2023-09-19,18937.53829379622,19038.990234375,18599.36899465336,19038.990234375,30539770,54.50401286045663,159.24580306526695,177.42892786250135,19923.89370892029,17427.019962954713,518.7048674410868,43.18183170751809
2023-09-20,19038.98957503416,19309.52615581539,18971.354950323897,19208.07421875,38624216,56.62914538070861,172.07015693175708,176.3571736763525,19868.90942588148,17667.99780068102,505.8096058732587,54.54540413504516
2023-09-21,19208.07421875,19681.51275560221,19038.98957503416,19208.07421875,62321582,56.62914538070861,180.156814155569,177.11710177219578,19853.362865611038,17825.575806263965,515.5748612086009,54.54540413504516
2023-09-22,18768.453510889267,18903.720845973465,18092.11299934856,18464.099609375,73447242,45.729053783806805,125.0910432650453,166.7118900707657,19721.414397968856,18048.830133281142,558.459601079518,20.7546869742133
2023-09-25,18261.197944404048,18599.369164698517,17381.955456922275,17584.857421875,53540031,36.73084365117724,10.383828399080812,135.44627773642873,19826.464270458036,17886.291198291965,605.5277515578556,8.108102642131607
2023-09-26,17483.40763605438,18125.930853480848,17483.40763605438,17720.125,44777647,38.72837317440172,-68.81425483236308,94.59417122267037,19894.788190159903,17763.860052027594,608.170284834185,13.513488478811867
2023-09-27,17686.310009439785,18058.296639098,17686.310009439785,17923.029296875,29512335,41.70167797042674,-113.8937293532108,52.89659110749414,19930.965085281412,17680.339406906085,591.3000237501872,21.621684306167975
2023-09-28,17990.662109375,18159.748685672486,17720.125505358992,17990.662109375,24048895,42.69980768904743,-142.51926162050586,13.81342056189414,19953.9097839004,17589.760723912103,580.4659635047092,24.3243382003962
2023-09-29,18125.930993120957,18159.748307676546,17753.94245106941,17787.759765625,21807733,40.461659090412866,-179.50846376302434,-24.850956303089554,19989.112061599746,17466.634227462757,567.9902415834539,16.216220421263902
2023-10-02,17787.759628590127,17889.211571475316,17584.857660879657,17720.125,16570659,39.714387491767305,-211.83829331185552,-62.24842370484275,20020.0468338069,17341.0117599431,549.1590750843257,13.513488478811867
2023-10-03,17652.492510438078,17652.492510438078,16705.615370563246,16773.25,59006376,31.064561644630203,-310.2880082767624,-111.85634061922669,20164.53887945182,16993.617565860684,582.3984003952133,2.2727473661148605
2023-10-04,16570.345690730715,17246.688131796353,16232.176388257783,17077.6015625,30630230,35.89740454259953,-359.6061730409856,-161.40630710357848,20093.957362585643,16810.571348351856,613.2636391911674,24.509792151499923
2023-10-05,17179.054043654432,17246.68867349731,16807.065497578562,16840.8828125,15135793,33.90635075269134,-413.0312317817188,-211.73129203920658,20055.76678198231,16595.13419458019,600.8607489574231,17.64705901126272
2023-10-06,16807.064592549126,17111.418492393223,16671.797258207214,16874.69921875,22143000,34.46555319329728,-447.4839578545834,-258.88182520228196,19958.70029808174,16435.191108168256,589.3436407594648,18.627433281807825
2023-10-09,16874.698979234934,17314.320207181074,16874.698979234934,17246.6875,16599264,40.43566062032904,-439.70302327800164,-295.04606481742593,19886.753391813996,16338.052858186004,578.6491827013701,29.41177675064691
2023-10-10,17381.955456922275,17753.94207299229,17314.320829251403,17584.857421875,29046824,45.313041591428664,-401.619470815971,-316.36074601713494,19691.756177037078,16347.056322962924,573.5495677221502,39.21568932573017
2023-10-11,17686.309603764847,17753.94231429506,17449.590321759315,17720.125,19605194,47.17629792236158,-356.41449361419654,-324.3714955365473,19524.517100663546,16365.500477461454,554.32116949455,55.69619503972228
2023-10-12,17787.759141317092,17787.759141317092,17314.320590275274,17449.58984375,32022843,43.950983123266965,-338.5169371186312,-327.2005838529641,19417.680495334724,16337.068918727775,548.543839605069,51.42857259486473
2023-10-13,17314.321492109728,17415.7734375,16942.33486179864,17415.7734375,28418544,43.55018408332546,-323.33449720479985,-326.4273665233313,19321.350616813997,16308.275945686004,545.5946354869468,61.40351004367929
2023-10-16,17415.77346990014,17449.590785093147,16908.517578125,16908.517578125,23529660,37.958401274610864,-348.21955446228094,-330.7858041111212,19229.26563843099,16224.51248656901,545.2716763070325,35.08772100399754
2023-10-17,17043.784681627152,17212.87125521904,16773.25,16773.25,21352386,36.608525324866214,-374.5386562157255,-339.5363745320421,19039.123714953126,16188.080386609372,537.7252176578903,28.07021103529631
2023-10-18,16773.249955759562,16874.69998158718,15691.104518895405,16232.1767578125,44910505,31.745416358177877,-434.0533261262208,-358.43976485087785,18808.46503926775,16121.149316201001,583.858806588882,21.91779313710716
2023-10-19,16299.8110067232,16367.44371634346,15860.18880389208,16029.2744140625,30213361,30.129074404150117,-491.9210940632038,-385.13603069334306,18527.79526372407,16083.939111275931,578.3870998647747,15.384596249313068
2023-10-20,16029.275218510902,16468.896484375,15792.555927810234,16468.896484375,23767933,37.54852924397628,-496.5835836292099,-407.4255412805164,18353.391229580884,16058.822832919117,585.3837753433455,37.096809229420266
2023-10-23,16468.896042156848,16468.896042156848,16029.274788097337,16232.1767578125,17349512,35.37053477736056,-513.4610840277455,-428.63264982996225,18349.461369579276,15927.484626514477,574.9721982672254,25.806455347049166
2023-10-24,16265.994072441685,16502.71335678603,15995.457473468154,16232.1767578125,14103421,35.37053477736056,-520.8327885106119,-447.0726775660922,18307.008898799264,15821.142273075733,570.1353186279862,25.806455347049166
2023-10-25,16265.994140625,16637.98076698543,16265.994140625,16265.994140625,17514169,35.985733640232354,-517.9752411031877,-461.25319027351134,18203.821540196233,15758.626116053767,558.397367952625,27.419376352295146
2023-10-26,16096.90885668887,16130.724252080308,15285.299088037227,15420.5673828125,45056431,28.64479816207536,-577.275020924546,-484.4575564037183,18165.526696884528,15539.911486709223,588.5614882837069,5.405412749665377
2023-10-27,15724.920061737395,15894.005667113994,15454.384435776718,15792.5546875,21803522,34.934217023534046,-587.4821287192044,-505.0624708668155,18069.81781408498,15436.099861696272,580.3384022849774,20.270277593359985
2023-10-30,15792.555217554433,16063.090852595247,15555.8359375,15555.8359375,23483922,32.94421608373409,-607.6677444703582,-525.583525587524,17982.499292797795,15306.989476733457,575.1181531999968,10.810835885599532
2023-10-31,15894.006200573482,15894.006200573482,15488.201309467337,15555.8359375,30189984,32.94421608373409,-616.5576970449602,-543.7783598790113,18005.188638753134,15162.558724528111,563.0243487647217,10.810835885599532
2023-11-01,15555.836153929877,16198.359375,15522.01883944304,16198.359375,27796797,43.14028233121655,-565.241030149904,-548.0708939331898,17951.28251487527,15128.540629655978,571.1183621070245,42.18748739852425
2023-11-02,16367.44372563498,17314.320841455006,16299.811015976324,17077.6015625,38683893,53.54897006543982,-448.4551932076247,-528.1477537880769,17977.641338663536,15125.853680867713,610.0357267033089,82.81242666600056
2023-11-03,17179.054318464467,17246.68894938928,16739.433053573128,16976.15234375,29763531,52.3580044082084,-359.9385327889431,-494.5059095882502,17988.262557714013,15125.37777431724,602.6943102113692,83.33342177650982
2023-11-06,17145.23683451923,17517.223464830313,17043.784889128958,17415.7734375,29592050,56.837874665453825,-251.41652033511855,-445.88803173762386,18015.743284010936,15114.805641770316,598.2926538448651,95.45459387490179
2023-11-07,17449.58984375,17720.12451457973,17212.87056822909,17449.58984375,28839188,57.17148700132585,-160.82940101562053,-388.8763055932232,17990.10081289554,15126.921355073211,591.789889023849,88.8889499887516
2023-11-08,17449.59030363601,18227.380859375,17314.321046596247,18227.380859375,50603942,64.05350738426532,-25.977766102732858,-316.2965976951252,18116.521911093037,15051.225842813217,614.7377407206278,100.0
2023-11-09,18227.38153450255,18531.73545605513,17990.662243974988,18058.296875,45537043,61.73124014943176,66.48308604243721,-239.7406609476127,18240.653551036743,14987.964905994502,609.4759886748787,85.41666839001732
2023-11-10,17855.394666733522,18328.83324160396,17821.577351662785,17923.029296875,40700140,59.86145180069959,127.37570657876859,-166.31738744233644,18333.081427439014,14946.262615529731,602.1745530510427,81.25002032453908
2023-11-13,17923.028249666677,18667.00146551417,17923.028249666677,18396.466796875,63889016,63.97439195727017,211.3991191747118,-90.77408611892679,18579.241608384335,14848.897356459413,612.303028965075,92.0000449938763
2023-11-14,18531.7338481926,18599.36847334945,18058.295308214256,18261.197265625,33769454,62.01898394102047,264.0295895797972,-19.81335097918199,18778.12543705169,14798.80825435456,607.2151815486549,88.00000252559369
2023-11-15,18633.18578592788,18802.2704307602,18261.197265625,18261.197265625,50264319,62.01898394102047,302.2554044033859,44.60040009733159,18965.218799934555,14814.616942252942,602.4907518048367,83.83836349427814
2023-11-16,18159.74752327084,18396.466796875,18125.930210175982,18396.466796875,23610972,63.31926900257566,339.55063042581605,103.59044616302847,19145.981805207277,14870.573175261472,578.779740011564,87.75512462072939
2023-11-17,18396.467871745437,18531.735213968437,17787.760036592044,17923.029296875,55948464,56.08247045123988,327.13391998269435,148.29914092696166,19240.251435594033,14921.716826124717,590.5794141090518,73.4694388769358
2023-11-20,17652.491902650472,18193.56316533525,17652.491902650472,18024.478515625,26499000,57.211001338903266,321.7705213308727,182.99341700774386,19330.309631167613,15010.88880633239,587.0431175787465,76.28865062685989
2023-11-21,18261.19831048663,18599.369537560426,18227.380995973257,18295.015625,38773046,60.151685145409445,335.4828357124279,213.4913007486807,19441.765651726455,15105.716672492294,586.1751107470808,79.7297489516325
2023-11-22,18261.197544495568,18396.466796875,18193.56291830585,18396.466796875,24705925,61.22778295623409,350.49590672262275,240.8922219434691,19549.16369070917,15211.365899134575,558.7985941629428,80.32789019759949
2023-11-23,18464.100759190835,18497.918074582754,17483.408203125,17483.408203125,31485894,48.52651323679719,285.4274459702392,249.79926674882316,19446.328423176394,15520.485248698607,591.3493996840008,25.000109673249288
2023-11-24,17584.85793079683,17855.39453125,17280.504015529517,17855.39453125,38083782,52.820538519936335,260.86927131700577,252.0132676624597,19385.300965484923,15787.796690765077,590.1737651151781,40.425570567100394
2023-11-27,17923.029023847354,18092.113678565365,17720.125136513823,17787.759765625,24284119,51.971602786414905,233.26030108222403,248.26267434641255,19222.424710944575,16173.865328117927,574.5891063249184,33.33335162470309
2023-11-28,17855.39489998494,18058.296875,17618.675609457376,18058.296875,27389947,55.08145137186597,230.552412317571,244.72062194064426,18971.574953932864,16674.961178879636,564.9485462690402,51.11118576976731
2023-11-29,18058.295308214256,18328.83189078185,18024.47799563583,18261.197265625,32674356,57.31383588717902,241.98925527469328,244.17434860745408,18797.232933181323,17055.586988693678,546.3346426173961,64.44440094617417
2023-11-30,18328.83227816492,18396.46690475124,17956.84375,17956.84375,30794161,53.05446599476904,223.91311953284094,240.12210279253145,18744.136247597547,17196.607893027453,538.7123934840992,44.444385662694316
2023-12-01,18125.929793425137,18328.831749269324,17889.210525263617,18193.5625,22360945,55.805483103616915,226.0827354669127,237.3142293274077,18652.1271743223,17410.357981927697,531.6344528070712,59.99991032342985
2023-12-04,18396.467175934893,18768.453791523443,18295.0152345599,18599.369140625,61480438,60.11993865878141,257.57817528885425,241.367018519697,18689.550603144937,17491.294123417563,534.7242270010977,86.6667257139827
2023-12-05,18599.369777876567,18633.18709282688,18362.650491284323,18430.283203125,32686117,57.596867514920255,265.8303889637209,246.2596926085018,18674.893041712436,17604.021020787564,515.8536823254876,77.27271485540895
2023-12-06,18430.28267333737,18667.001953125,18396.467277419044,18667.001953125,27077041,60.12019624651331,288.1499394045568,254.63774196771283,18745.920832684817,17576.955339190186,498.33089613837825,93.18176997401171
2023-12-07,18700.81926710322,18869.90583699431,18227.38070752795,18667.001953125,71773666,60.12019624651331,302.3530066798012,264.1807949101305,18815.804173851273,17567.94250583623,508.6304842332339,87.23394668804943
2023-12-08,18802.27134720344,19106.625257184005,18599.36937990303,18734.63671875,76641932,60.89137513999157,315.4305135500981,274.430738638124,18887.5560560795,17577.351365795505,508.5322980223583,79.62958154426927
2023-12-11,18734.636477731776,18802.271105315107,18464.09988545834,18599.369140625,25911520,58.45667952598452,311.29119773138154,281.8028304567755,18914.46564051052,17570.73201573948,496.36364958195884,72.22221038842827
2023-12-12,18599.368721970463,19072.80726827734,18599.368721970463,18903.720703125,46001973,62.126084165908,328.779423112941,291.1981489880086,19008.89380718672,17540.556192813277,494.72614220516743,88.88876875036122
2023-12-13,19005.173860606683,19072.808491003565,18464.10065355156,18497.91796875,48420860,55.13355176000723,306.36252204450284,294.2310235993075,19027.413814764936,17545.708255547564,502.8676918656559,66.66665528283824
2023-12-14,18633.18685207379,18633.18685207379,18295.015625,18295.015625,46140930,51.983054680654384,269.1221701727118,289.2092529139884,19020.55988278759,17542.417070337407,491.10365866623704,45.45449616362849
2023-12-15,18328.83164215846,18396.466266397874,18092.112375380293,18125.9296875,50365088,49.44728019157803,223.3900001002512,276.04540235124097,19015.398972292158,17567.86801989534,477.7643895484759,34.09080937769868
2023-12-18,18193.564082872017,18261.19871339101,17990.662109375,17990.662109375,21599661,47.453012170515635,174.2236213030228,255.68104614159734,19016.488653044387,17563.396698518114,462.9624048675856,8.33336261270222
2023-12-19,17990.66095779655,18396.466796875,17956.843644701694,18396.466796875,29760482,53.51064154212187,166.08938368350573,237.76271364997905,19023.12526909925,17566.90519965075,461.2953153894228,41.666677617020525
2023-12-20,18396.466796875,18497.91681809973,18328.832170685284,18396.466796875,25644643,53.51064154212187,157.8236489823612,221.7749007164555,19023.12526909925,17566.90519965075,440.4231248197816,41.666677617020525
2023-12-21,18328.832170685284,18464.099505004877,18227.38023140071,18396.466796875,20774344,53.51064154212187,149.54908590901687,207.32973775496777,18961.039479739,17720.296848386,425.8728497329519,38.23536116777738
2023-12-22,18396.46756854012,18497.917594020302,18295.015625,18295.015625,25307053,51.65141977739908,133.26893205914166,192.51757661580257,18940.306561099474,17784.991876400527,409.94635825347694,29.411844530041897
2023-12-25,18362.650759766417,18667.002762649303,18362.650759766417,18565.552734375,29631399,56.03797119352668,140.57639936839405,182.12934116632087,18917.686924849764,17885.390809525237,407.23498535317884,52.94127885374152
2023-12-26,18531.73488664746,18869.906113321867,18531.73488664746,18802.271484375,48995852,59.50039909851308,163.58315980306725,178.42010489367016,18957.955336606494,17919.519858706008,402.3018597332666,73.5294277187193
2023-12-27,18836.087750181425,18937.537769893745,18768.453125,18768.453125,28825249,58.788043925910316,177.04644304473186,178.14537252388251,18996.19948531817,17932.00129593183,385.6434872447294,70.58814225999743
2023-12-28,18768.453369062965,19072.80726827734,18700.81874300203,18903.720703125,45459506,60.80914177659349,196.3675521808509,181.78980845527622,19021.551098646305,18001.337377916192,384.66813281834243,84.84828725215719
2023-12-29,18903.720703125,19005.172642216407,18802.270682093436,18903.720703125,29718229,60.80914177659349,209.2673664364338,187.28532005150774,19062.726187982134,18031.178108892866,371.684834768673,84.84828725215719
2024-01-01,18903.720703125,18903.720703125,18903.720703125,18903.720703125,0,60.80914177659349,216.98924522429297,193.2261050860648,19101.86034968066,18022.47910344434,345.1359179994821,84.84828725215719
2024-01-02,19005.173999036924,19038.99131448169,18565.552734375,18565.552734375,32215814,52.7340407078974,193.58997616664055,193.29887930217996,19105.043138553825,18032.823267696178,354.3003938642826,54.5456031732421
2024-01-03,18531.73488664746,18802.271484375,18531.73488664746,18802.271484375,26971480,57.035121081361886,191.93460894293457,193.0260252303309,19120.36079251823,18031.032566856768,348.31726556880096,75.75765211454467
2024-01-04,18802.270437590712,19005.17239507517,18734.635812409288,18768.453125,55958192,56.247643902961606,185.75261895778021,191.57134397582078,19130.8762149236,18030.6622616389,342.76150250430675,72.72723439656897
2024-01-05,18768.454169901568,18869.906113321867,18633.18683006776,18802.271484375,25168096,56.88866418628054,181.49010141005783,189.55509546266822,19139.051314265354,18029.25063885965,335.18705827214967,75.75765211454467
2024-01-08,18903.72059825089,19106.624475308025,18836.087890625,18836.087890625,45366142,57.558275752638686,178.77986392782987,187.40004915570054,19162.236283628845,18029.737544496158,332.9846248907836,69.23078125814337
2024-01-09,18869.90597565688,18903.72137182369,18599.36937990303,18734.63671875,41561902,54.80791870844472,166.526110150553,183.22526135467103,19139.300470956743,18035.764958730757,330.93943682148904,57.69232961879494
2024-01-10,18734.63725707912,18768.45457227756,18430.28333835312,18497.91796875,47396910,48.932498089372174,136.14431035182497,173.80907115410184,19139.300470956743,18035.764958730757,331.45599375741386,25.000016162095058
2024-01-11,18565.551826833336,18700.819163940112,18531.734513041672,18599.369140625,22164634,51.34005392755215,118.8823748146242,162.82373188620633,19137.061293467803,18068.439487782194,322.2735081454637,31.818110762993
2024-01-12,18497.91773162481,18565.55236115468,18295.01576109513,18362.650390625,41565678,45.90222247430198,85.11973443858733,147.28293239668255,19113.75560114668,18115.41725041582,320.9934989586357,8.333403565715072
2024-01-15,18396.46665692519,18565.551303053337,18328.83203125,18328.83203125,18145789,45.16620590492098,54.99973699224938,128.8262933157959,19059.51679498901,18203.473048760992,314.97391130468577,4.166573074275946
2024-01-16,18328.832917866785,18802.271484375,18295.015603393356,18802.271484375,28701974,55.84120182295319,68.54192058708941,116.76941877005461,19071.284978944288,18232.285333555712,328.7083377101827,62.5000414035612
2024-01-17,18836.08760872197,18903.720315335657,18700.818359375,18700.818359375,33991610,53.440302259336676,70.2776622002857,107.47106745610083,19069.230943385362,18264.77452536464,319.72216758521654,49.999793006736546
2024-01-18,18734.63567171174,18836.08760872197,18667.00104703825,18700.818359375,18351828,53.440302259336676,70.83668868127643,100.14419170113595,19063.854771642258,18300.585853357745,308.9624814493952,49.999793006736546
2024-01-19,18768.454169901568,18869.906113321867,18667.00222648127,18802.271484375,21576574,55.65169378177842,78.56054346061137,95.82746205303104,19045.82390272976,18369.342308207742,301.38686754876693,62.5000414035612
2024-01-22,18937.539430968336,19377.1606970886,18836.08940235749,19140.44140625,95930590,62.11147002915744,110.69323777108366,98.80061719664157,19118.592618876726,18354.06245924827,320.92274934625493,78.12499523236166
2024-01-23,19241.892440406424,19275.70975435964,19106.62510265347,19174.2578125,31476891,62.696618133070984,137.30456927904743,106.50140761312275,19184.030434540924,18325.82327639658,310.07717094339165,81.24993720613394
2024-01-24,19140.44039571164,19275.709650797733,19106.625,19106.625,23430778,60.67822574800593,151.19396853139187,115.43991979677658,19228.921771025136,18314.749127412364,300.0062766472732,75.00005325858938
2024-01-25,19106.625,19106.625,19106.625,19106.625,0,60.67822574800593,160.35296830423977,124.42252949826923,19259.923485339095,18304.037842785903,278.5772568867537,75.00005325858938
2024-01-26,19208.07512645321,19275.70975435964,19106.62510265347,19174.2578125,20868579,62.093512350476445,171.09664868690743,133.75735333599687,19302.394940779704,18288.620098282794,270.7563638491027,81.24993720613394
2024-01-29,19174.25834873275,19208.075663631706,18937.5390625,18937.5390625,31326900,54.675855005161715,158.6806957253284,138.74202181386318,19305.828435718664,18288.568439281335,270.74066651214576,59.37498241687666
2024-01-30,18937.5390625,19005.17369229791,18836.089035863075,18937.5390625,25452398,54.67585500516173,147.14477023434665,140.42257149795986,19315.8952863939,18315.700221418596,263.47952293519506,59.37498241687666
2024-01-31,18903.720457303032,19005.17239507517,18768.453125,18768.453125,35511418,49.75230921302034,122.94145159913751,136.9263475181954,19314.625449997675,18313.588221877322,261.56807630233607,43.74991157516396
2024-02-01,18768.45326493929,19005.172536779453,18734.635952096432,18836.087890625,15443617,51.628675247995886,107.97306130404104,131.13569027536454,19317.62221461482,18317.35493382268,262.20868404381355,49.99997600913417
2024-02-02,18836.087890625,18836.087890625,18836.087890625,18836.087890625,0,51.628675247995886,95.01522775313424,123.91159777091849,19319.325073097647,18319.03371596485,243.47949232639832,49.99997600913417
2024-02-05,18869.906350762038,19140.44103383379,18869.906350762038,18937.5390625,23567702,54.57928559625063,91.8732553172049,117.50392928017578,19327.169874804145,18321.334031445855,247.82761024656924,38.095379742085974
2024-02-06,19038.990095308494,19106.624721866992,18937.538155470756,18971.35546875,21286755,55.552538941819755,91.0622123937028,112.21558590288119,19341.262656942952,18330.913124307048,242.20324997154543,42.857183126381685
2024-02-07,18971.35560732248,19140.44025689391,18971.35560732248,19038.990234375,20049651,57.513418650335666,94.78439981239717,108.72934868478438,19349.671611526093,18376.611396286404,236.980502698143,52.3809858348385
2024-02-08,19038.990234375,19038.990234375,19038.990234375,19038.990234375,0,57.513418650335666,96.6204794160767,106.30757483104284,19361.08439314746,18409.16072404004,220.05332393398993,47.368491976488514
2024-02-09,19038.990234375,19038.990234375,19038.990234375,19038.990234375,0,57.513418650335666,96.95791523757725,104.43764291234973,19330.327378789116,18507.551722773387,204.33522936727638,56.250049624563715
2024-02-12,19038.990234375,19038.990234375,19038.990234375,19038.990234375,0,57.513418650335666,96.11735452522043,102.77358523492387,19260.477658022544,18648.417263852454,189.73985584104236,56.250049624563715
2024-02-13,19038.990234375,19038.990234375,19038.990234375,19038.990234375,0,57.513418650335666,94.3634410950217,101.09155640694345,19265.773122934017,18666.79367394098,176.18700899525362,56.250049624563715
2024-02-14,19038.990234375,19038.990234375,19038.990234375,19038.990234375,0,57.513418650335666,91.91392554606136,99.25603023476705,19256.627652973795,18709.756331401208,163.6022226384498,56.250049624563715
2024-02-15,19140.439976315567,19546.245814622136,19106.624581344877,19410.9765625,53703381,69.179183600835,118.6214603305416,103.12911625392196,19320.690517122002,18716.709287565496,188.14889103907024,83.33321730453316
2024-02-16,19444.793735234616,19478.61104802116,19343.341796875,19343.341796875,24275697,65.6496174279801,132.79898963797677,109.06309093073293,19362.681209726175,18728.825626211325,184.37177390386242,74.99980876086137
2024-02-19,19377.159899740534,19884.415776101683,19241.89256113885,19749.1484375,61384897,74.166239394397,174.76540142855447,122.20355303029724,19522.077083497657,18630.300455564844,217.09687683664595,88.23537030503108
2024-02-20,19749.1484375,19850.598461936286,19647.69649500381,19749.1484375,31060748,74.166239394397,205.65344027953688,138.8935304801452,19642.199296161998,18567.6673054005,216.08295470063388,88.23537030503108
2024-02-21,19681.513289702158,19715.330602974987,19410.97670157933,19478.611328125,45853579,62.235876251363784,205.92853389891388,152.30053116389894,19686.19990718771,18560.865327187286,224.80358193063648,61.2903125445184
2024-02-22,19410.97736899686,19478.611997868044,19309.52734375,19309.52734375,32544111,56.15588452811932,190.30911807906523,159.9022485469322,19702.34625850687,18565.00921024313,220.82365851545126,43.33335718796132
2024-02-23,19309.52615581539,19512.42811188637,19208.07421875,19208.07421875,39640761,52.821464855858025,167.80979237315478,161.48375731217675,19704.74575752678,18565.991351848217,226.79010384551682,28.57138635286142
2024-02-26,19208.074740002176,19478.611328125,19140.44011345651,19478.611328125,27909908,59.69432201477905,169.85106110216657,163.15721807017474,19743.518324427634,18581.326011509867,234.7458974757293,55.5555633842555
2024-02-27,19546.24691055266,20594.574082978248,19478.612280699417,20526.939453125,126093858,74.93306568832381,253.14203590578472,181.15418163729674,20074.006913873025,18409.777461126978,297.68995871698064,95.6521385900235
2024-02-28,20560.75613508281,20932.744669763943,20391.671483714963,20696.025390625,51113013,76.47780672202764,329.0020250151065,210.7237503128587,20363.58748555331,18312.95411600919,315.07447495498053,87.50000133516124
2024-02-29,20797.47589162583,21068.01249086046,20628.391236376658,20966.560546875,48758886,78.7357143057948,406.2683306561412,249.83266638151522,20673.036401814687,18216.552465372813,323.97067349275346,94.99995903636918
2024-03-01,21101.82864657176,21101.82864657176,20729.84012378195,20865.109375,39144032,75.79738405172677,454.0818005027504,290.6824932057623,20892.325316778046,18200.16569884695,327.4005198711148,88.52458485491971
2024-03-04,20966.56030779491,21237.09690394463,20763.65834019759,20831.29296875,41497434,74.79540459297253,483.6701698212855,329.2800285288669,21070.558092823987,18211.308313426016,337.8318087193952,81.53847850913968
2024-03-05,20831.292442852588,21169.4636590174,20763.65781600765,21068.01171875,43439774,77.07952074649344,520.2235768962455,367.46873820234265,21272.82718840974,18218.704842840256,342.6870968829921,92.06348829782956
2024-03-06,21034.19493634732,21068.01225062352,20628.39100115268,20831.29296875,40742248,70.2258944879306,524.0502653236799,398.7850436266101,21397.7558278866,18273.0064768009,349.6109649249813,80.64519014100746
2024-03-07,20763.658576964008,21203.279831447813,20696.025865700296,20966.560546875,46844714,71.77054301705184,531.8668762745328,425.4014101561947,21524.79526344122,18338.724072496276,360.8711792694482,87.09677433631624
2024-03-08,20966.55967834889,21000.37699160985,20459.30573361404,20493.123046875,68711834,60.0317017441049,494.1627466630998,439.1536774575757,21558.18767560091,18450.74494158659,373.74261346418825,64.51618307560834
2024-03-11,20493.12251855328,20696.02447482829,20154.95131272173,20222.5859375,44162725,54.54188306705715,437.4096820126797,438.8048783685966,21551.288176701684,18576.00401079832,385.694795510072,51.6129215307364
2024-03-12,20188.769008095253,20560.75561531278,20154.9516950646,20425.48828125,43756600,57.66857528553035,404.14624645166623,431.8731519852105,21546.962464087494,18718.979528100008,387.13116156279415,61.290344400826754
2024-03-13,20425.48903355537,20865.11028302621,20357.85440500296,20831.29296875,42640884,63.13060853959639,405.8513788873206,426.6687973656325,21570.274883839083,18874.897381785915,395.71149845282673,80.64519014100746
2024-03-14,20898.927999257907,20898.927999257907,20459.3067413317,20526.939453125,44683848,57.17229904845365,378.28330899203866,416.9916996909138,21576.067297280828,18980.701257406672,398.8479098437824,66.12905583587192
2024-03-15,20526.93816155928,20763.65743309119,20290.21889002736,20357.853515625,52016012,54.11648773127919,338.8851360371373,401.3703869601585,21549.934434866467,19108.285291696033,404.17581221664284,49.99993877131422
2024-03-18,20391.672176127293,20425.489491161126,19613.87968452892,20019.685546875,72746216,48.52974641414637,277.17932056207064,376.53217368054095,21542.214596268095,19143.058841231905,433.278240389183,25.000095950938185
2024-03-19,19952.0511504806,20696.026335758383,19884.41651962081,20154.953125,39165522,50.72121321842117,236.46614577463333,348.5189680993594,21533.617398906405,19192.236507343594,460.30192437121093,33.33339703393746
2024-03-20,20188.768730363496,20357.85337513088,20121.134105232617,20290.21875,18834182,52.88167621958709,212.6640085961626,321.34797619872006,21498.98017065527,19308.03447778223,444.3317347660003,41.66657779262174
2024-03-21,20526.939352085392,20662.20861112605,20357.854696344508,20459.306640625,29000215,55.50760165032614,205.08058175581027,298.09449731013814,21427.869746362405,19494.122831762594,439.16445807743247,52.083414713922046
2024-03-22,20526.939722890795,20763.659012428183,20425.48969483761,20662.208984375,54281713,58.49666290697694,212.9879917754115,281.0731962031928,21302.222832272455,19765.183222415042,431.9505194712281,65.95754391229306
2024-03-25,20662.207554404747,20932.74414059015,20324.036342158037,20425.48828125,31000490,53.94341499404674,197.8723396409041,264.4330248907351,21172.05331712184,19990.04043287816,444.57603939700573,51.06383048311719
2024-03-26,20425.48969483761,20662.208984375,20357.855064095507,20662.208984375,17389587,57.50552522705812,202.65833961796307,252.0780878361807,21179.30546024579,19996.315242879213,434.5601737457548,65.95754391229306
2024-03-27,20898.9273558784,21034.1946933607,20696.025390625,20696.025390625,35326434,58.00519955553656,206.7961630089012,243.02170287072482,21179.30546024579,19996.315242879213,430.09056912003655,76.19054219430893
2024-03-28,20865.110958541336,20865.110958541336,20594.574353632896,20662.208984375,27753092,57.279860262140524,204.98379094471966,235.41412048552382,21138.15121278703,20007.03433408797,418.6938573906369,73.80963330862346
2024-03-29,20696.025925886213,20696.025925886213,20459.306640625,20459.306640625,21521253,52.99758432040975,185.04190175261465,225.33967673894202,21102.58517606207,20002.020097375425,405.69567366710663,59.52390496749378
2024-04-01,20425.48814122264,20526.93816155928,20256.403495288367,20357.853515625,30142648,50.94665169173921,159.21604809210476,212.11495100957458,21069.02413801753,19988.237190107473,396.0413159959499,52.38090328342045
2024-04-02,20222.58656117396,20560.755859375,20154.951934309804,20560.755859375,38185276,54.72065096799249,153.3536312145843,200.36268705057654,20981.059708054967,20025.476034132535,396.7386452151818,66.66663162455015
2024-04-03,20526.93897385151,20594.573602125587,20256.404296875,20256.404296875,31203189,48.67166577947035,122.73419270696104,184.83698818185346,20938.18625686641,20010.86061813359,392.5551209319965,45.23817662636409
2024-04-04,20256.4048340519,20324.03754605962,19985.868231841163,20019.685546875,38291127,44.54697591427889,78.46237686529275,163.56206591854132,20872.29791526313,19982.06145973687,388.6704204524579,28.571539399548936
2024-04-05,19918.232421875,20121.134381998738,19782.965087812456,19918.232421875,34875297,42.87015160216251,34.789196341309435,137.80749200309495,20896.70003090986,19900.170281590144,385.06319714773105,10.810752356141299
2024-04-08,19918.23360177349,20154.952888950396,19816.781656671985,20019.685546875,24261177,45.09581492089304,8.268985716058523,111.89979074568767,20909.37046100667,19867.209812430832,381.7137710856368,18.919026373166886
2024-04-09,20019.683981224996,20222.5859375,19985.866668835857,20222.5859375,14284776,49.34604006995753,3.5825956097723974,90.23635171850462,20904.05436880158,19852.23567026092,371.35702091267297,35.13510611786701
2024-04-10,20256.403880653037,20357.853902919687,20053.5,20053.5,16167148,46.14052164809687,-13.618241745407431,69.46543302572222,20838.42547964776,19840.08526253974,366.571083913174,21.621524218091498
2024-04-11,19918.232044057582,20391.67058138587,19918.232044057582,20222.5859375,27945482,49.6620120259404,-13.45115073598572,52.88211627338064,20817.642305035533,19830.43308558947,374.20447344282513,35.13510611786701
2024-04-12,20290.21969295213,20357.854321226216,20188.76966860092,20256.404296875,20207338,50.361075252591306,-10.469188647566625,40.21185528919119,20813.191337691183,19824.739131058814,359.55305767014454,37.83791615569232
2024-04-15,20188.768752399195,20256.403377603896,19005.17240161601,19275.708984375,45167799,35.12671088281324,-86.24569127176801,14.92034597699935,20951.624609820727,19611.908202679275,423.2444032122048,13.333346994742143
2024-04-16,19275.70975435964,19309.527068312847,18836.08850908767,19174.2578125,48531938,33.98151511322382,-152.72486012951413,-18.608695244303345,21065.454261197578,19400.00902005242,426.8297000702744,16.666612215324978
2024-04-17,19275.710293429616,19309.52760832857,18869.906350762038,18937.5390625,22614900,31.408459576511163,-221.95277179721234,-59.27751055488515,21178.326991042584,19151.868321457416,427.74338274857865,5.454514356023591
2024-04-18,18937.5390625,18937.5390625,18937.5390625,18937.5390625,0,31.408459576511163,-273.66178781267445,-102.15436600644301,21229.74425276516,18948.27430192234,397.19028398082304,5.769201787037461
2024-04-19,18802.271484375,19174.25810746292,18599.369515594324,18802.271484375,37953102,29.907671253585008,-321.84647282835067,-146.09278737082457,21238.694579455576,18753.330225231923,409.88302025852107,10.169484422690237
2024-04-22,19072.808322095825,19072.808322095825,18836.089035863075,18937.5390625,17991586,33.33800063729399,-345.1396645676614,-185.90216281019195,21232.33566359232,18610.89421922018,399.9297215058285,16.949120603175803
2024-04-23,18937.53854689085,18971.35586086907,18565.55192925024,18667.001953125,26658574,30.158937283740784,-381.0374085350122,-224.929211955156,21197.352854699737,18446.356324987766,400.3493079424715,5.55550011802987
2024-04-24,18869.905443393534,19580.06134988365,18768.453503575038,19478.611328125,33471504,46.60798720319399,-340.0763471586033,-247.9586389958455,21080.195374632076,18441.772398805424,436.9714571436271,50.00000398697776
2024-04-25,19410.97736899686,19410.97736899686,19140.44077157204,19309.52734375,16315252,44.26878541279772,-317.5970146667278,-261.88631413002196,20955.481165291996,18431.218444083002,429.9142499585794,40.74080365093948
2024-04-26,19140.43959403974,19309.52615581539,18971.354950323897,19208.07421875,26577408,42.878219057669654,-304.4587896127923,-270.40080922657603,20856.577497967966,18404.998869219537,423.3612602062596,35.18513371233219
2024-04-29,19208.07421875,19208.07421875,19208.07421875,19208.07421875,0,42.878219057669654,-290.69569260913704,-274.45978590308823,20762.82551392341,18383.772923576587,393.1211701915268,35.18513371233219
2024-04-30,19208.07421875,19208.07421875,19208.07421875,19208.07421875,0,42.878219057669654,-276.5998679753975,-274.8878023175501,20609.529367051076,18401.800906386427,365.04108660641776,35.18513371233219
2024-05-01,19208.07421875,19208.07421875,19208.07421875,19208.07421875,0,42.878219057669654,-262.40399547915877,-272.39104094987186,20505.35963411211,18401.137631512895,338.9667232773879,35.848989120155835
2024-05-02,19208.07512645321,19208.07512645321,18971.355846840623,19174.2578125,10631689,42.28275149567053,-250.9891192871837,-268.11065661733426,20434.81945258518,18387.13503960232,331.6633344441878,35.99996225821278
2024-05-03,19174.258186631563,19681.51406970762,19174.258186631563,19377.16015625,24269889,47.03555731662774,-222.99962340416096,-259.0884499746996,20379.53494202436,18388.312323600643,344.2056860701473,72.72721874481513
2024-05-06,19512.42925706117,19850.598564339853,19478.61194272132,19816.78125,39361106,55.57200706832798,-163.45973597838383,-239.96270717543644,20345.972130861664,18401.58470507584,353.43659478584055,97.36839789184037
2024-05-07,19884.4159931031,20425.48918953445,19782.965967559678,20391.671875,43762118,63.79072534748023,-69.08866621769266,-205.7878989838877,20387.87116667283,18376.59426301467,374.0856395850501,98.18180348033437
2024-05-08,20391.671584662265,20966.560169382847,20121.134990298506,20763.658203125,49788789,67.9253472278937,35.31023986937362,-157.56827121323545,20563.555589662858,18271.92566033714,407.75274954928517,91.54930154481102
2024-05-09,20898.928137036142,20898.928137036142,20324.037615613423,20594.57421875,28201760,64.32961687033222,103.21367762426598,-105.41188144573518,20647.383890602097,18225.2961875229,419.6911618259591,84.50709396098107
2024-05-10,20696.0261641987,20729.84156128831,20256.40490337425,20594.57421875,27561718,64.32961687033223,155.2381524735465,-53.28187466187884,20720.63393596941,18185.86313434309,423.5301258322522,84.50709396098107
2024-05-13,20662.207554404747,20729.84026240622,20357.85365518869,20425.48828125,19125018,60.60858186786102,180.7406360167297,-6.477372526157133,20846.66946664468,18174.80553335532,419.8484459312005,75.38463912832903
2024-05-14,20560.75561531278,20763.657575436875,20357.85365518869,20425.48828125,22744128,60.60858186786102,198.6614919435342,34.55040036778114,20959.14203649875,18187.45601037625,418.8452655252708,72.88139170024593
2024-05-15,20459.306845429805,21203.280105361104,20459.306845429805,21101.830078125,65500155,68.94247213688435,264.39129172871253,80.51857863996742,21190.83009762911,18172.197050808387,444.4843054242589,95.4545954640485
2024-05-16,21372.365234375,21541.44988036485,21270.913295945196,21372.365234375,39790462,71.53651091164639,334.45714400509314,131.30629171299256,21446.725862201223,18159.783903423777,444.13684091108684,93.42107161122067
2024-05-17,21372.365234375,21372.365234375,21068.01133714541,21372.365234375,41586586,71.53651091164639,385.54056508766735,182.1531463879275,21646.07118742453,18217.44795320047,434.1523449338371,93.42107161122067
2024-05-20,21406.183066398586,21744.35236658068,21372.3657527684,21642.90234375,67503480,74.0502239419157,442.75087163996795,234.2726914383356,21875.382099475206,18258.67336927479,429.71197259611154,96.34150197778868
2024-05-21,21642.90311638732,21642.90311638732,21270.91457123542,21541.451171875,30293802,71.50016901271829,474.4351964343332,282.30519243753514,22007.4677017826,18414.0326888424,425.58887063581074,92.68296251865837
2024-05-22,21541.451476095364,21609.08610672542,21068.01289780492,21169.46484375,57764480,62.941350629842646,464.17830567995406,318.67981508601895,22106.025651895554,18484.560090291943,433.8377519418598,77.63165539552092
2024-05-23,21463.670742219576,21947.25390625,21277.67647987717,21947.25390625,49988664,70.8094317469766,512.8983500384347,357.5235220765021,22318.068114786623,18536.290283650877,458.40570269601267,100.0
2024-05-24,21798.46001618621,21947.255436434298,21203.280253253823,21500.87109375,39800244,62.59547357441632,509.61544419349957,387.9419064999016,22399.219075714624,18684.419010222875,478.80352273061715,79.37501664616022
2024-05-27,21500.87109375,21798.46001618621,21314.876818439887,21500.87109375,20802012,62.59547357441632,501.2357835549519,410.6006819109117,22449.14874408174,18863.769029355757,479.14492808888195,75.55559143818358
2024-05-28,21575.268669882,21724.064089206,21426.473250557992,21686.865234375,23185272,64.580927129122,503.79557309249867,429.23966014722913,22492.39630039917,19068.40057460083,466.17677884310524,84.60004613251938
2024-05-29,21649.666280991663,21761.262844976663,21277.677734375,21277.677734375,28511208,57.36650216686073,467.41810822200205,436.87534976218376,22438.692500052006,19329.064726510493,467.4202311115737,60.39994730654775
2024-05-30,21203.27945966388,21240.47831333363,20831.292841026225,21017.287109375,35980164,53.28700683418336,412.8186416343233,432.06400813661173,22306.485184411744,19645.574971838258,465.91770698565955,41.48941205221971
2024-05-31,21128.88423378828,21426.473153021667,20868.49225115662,21277.677734375,23412576,56.60994993554016,386.10869753703446,422.8729460166963,22172.445909482976,19969.666004579525,472.49364947704447,57.872344805442935
2024-06-03,21277.677734375,21277.677734375,21277.677734375,21277.677734375,0,56.60994993554016,360.78200404158997,410.454757621675,22075.97052268262,20212.23103981738,438.744103085827,54.99994380805353
2024-06-04,21575.2677826274,22170.44751738747,21575.2677826274,21798.458984375,52343676,62.755329451636115,378.3714806016578,404.0381022176716,22119.152207428808,20309.72806600869,471.17450879487296,72.22213836991267
2024-06-05,21798.45865342664,21947.254064372584,21649.66516054054,21761.26171875,25338456,62.07902259956561,384.87318058488745,400.2051178911148,22174.374391161677,20354.266233838323,458.77553701181387,69.44447076499696
2024-06-06,21761.262049133635,22058.85095748373,21500.870076024905,21798.458984375,27485832,62.514079475698054,388.54838916194785,397.8737721452814,22206.882165801722,20442.146935760775,465.86163304374327,72.22213836991267
2024-06-07,21835.657837676248,21872.856690977493,21649.66548922989,21798.458984375,19645428,62.514079475698054,386.99992421050774,395.6990025583267,22220.43266684924,20548.984911275762,448.52803080830466,72.22213836991267
2024-06-10,21872.856690977493,21910.05554427874,21686.86434253114,21798.458984375,26742804,62.514079475698054,381.376483872933,392.83449882124796,22175.10902572366,20731.605622713836,432.4325430182545,72.22213836991267
2024-06-11,21872.857222799328,22058.85149382787,21612.46716141929,21649.666015625,35622048,59.12513758644715,360.75495921958645,386.41859090091566,22053.861655799257,20975.270766075744,433.429099403278,61.11117625504326
2024-06-12,21575.268017338825,22021.65234375,21575.268017338825,22021.65234375,25455408,64.3311441650228,370.16144945021733,383.167162610776,22108.46618540218,21012.64846303532,434.3544727609849,88.88887323742338
2024-06-13,22058.850463655443,22096.049316123925,21798.45849637607,21947.25390625,27124284,62.61348186513614,367.37792456595344,380.0093150018115,22155.649745574196,21022.953770050804,424.585640402904,83.33324633238539
2024-06-14,21947.254931210744,22282.04461906212,21649.666015625,21649.666015625,45265968,56.15485837222386,337.2712522612892,371.46170245370706,22160.661249555298,21045.672344194703,439.42799490534793,56.41028237833581
2024-06-17,21649.666572546623,22282.04519225121,21575.26886222138,21910.056640625,45372492,60.03906664255515,330.6117582646293,363.2917136158915,22190.583778647782,21042.46524478972,458.5243045570968,74.358921334016
2024-06-18,21947.255130963546,22096.05054914064,21872.857421875,21872.857421875,21825012,59.231777786380256,318.65909157762144,354.36518920823755,22217.076303484486,21049.113344953017,441.7149347505642,71.7947884054297
2024-06-19,21947.254764896457,21984.45361882028,21761.262413337277,21835.658203125,25315356,58.38632214204507,302.69556499574537,344.03126436573916,22213.896714228158,21118.91227014684,426.1060969457384,68.42092176748974
2024-06-20,21761.262413337277,21872.85705704882,21538.06928979436,21835.658203125,36661680,58.38632214204507,286.7390063917592,332.5728127709432,22198.450966946642,21123.198447115858,419.5833591106471,55.55541095784601
2024-06-21,21835.65800028469,21835.65800028469,21575.267943296734,21612.466796875,18859368,53.111170493752695,253.16530548958326,316.6913113146712,22199.336822628797,21133.472161746202,408.21242344761987,14.285749575485147
2024-06-24,21575.26733391562,21649.665038970827,21017.28646406141,21352.07421875,49956852,47.696789710199006,203.2039916503927,293.99384738181556,22205.605166557732,21112.32413031727,424.22429140917683,26.47048383431665
2024-06-25,21277.676513694794,21612.466186443224,21203.278808639585,21352.07421875,21984600,47.696789710199006,161.74479714219342,267.54403733389114,22205.518861937668,21078.931333374832,423.1502261516384,26.47048383431665
2024-06-26,21389.27452856393,21724.064224122136,21277.677963377868,21500.87109375,26065776,51.00682827865014,139.28911287346637,241.8930524418062,22194.683354057168,21112.086177192832,424.8099429082548,38.23532654174489
2024-06-27,21575.26843829513,21612.467292726848,21352.075311704863,21463.671875,13306260,50.15231196453988,117.14082868430705,216.94260769030637,22137.548715417553,21213.859292394944,413.0658027735212,35.29411586488783
2024-06-28,21389.274098898044,21500.870661842368,21054.486328125,21054.486328125,29280636,41.84745367078881,65.8116640710432,186.71641896645374,22175.101059174718,21153.987808012782,415.4456978409388,2.941261699520579
2024-07-01,21054.48669191748,21203.280193687595,20868.49241712988,21091.685546875,17895768,42.77518848896408,27.81397518234735,154.9359302096325,22201.03158209164,21109.45806634586,409.68441774927993,15.789515161608433
2024-07-02,21091.684169116616,21463.67077633281,21017.28646406141,21352.07421875,28061088,48.918363314085376,18.498483636420133,127.64844089499002,22190.435893886875,21075.415277988126,412.30583878657416,34.21038182169121
2024-07-03,21575.26770332257,21649.6654096516,21352.074584335485,21389.2734375,22773696,49.748320145892,13.956671714266122,104.91008705884524,22178.58847069209,21050.06387305791,404.1119353662188,36.84199341799734
2024-07-04,21463.67077633281,21612.466186443224,21277.676513694794,21352.07421875,12345960,48.892819259250004,7.271762624666735,85.38242217200954,22160.8968869137,21023.116980273804,399.16034517923384,34.21038182169121
2024-07-05,21352.07385188847,21538.06811133082,21277.67614811153,21314.875,16318236,48.003817736242695,-1.0160298970986332,68.10273175818791,22140.863406277065,20994.792062472938,389.2483178963806,36.36345776463861
2024-07-08,21352.07494865157,21612.466925246063,21314.876094852363,21426.47265625,24327732,50.888804776050186,1.4046411886665737,54.76311364428365,22114.844752368248,20983.61208356925,382.70143270707223,49.999967586231506
2024-07-09,21426.47216633038,21724.06298991962,21389.273313381724,21575.267578125,29763624,54.51273597592956,15.154851434625016,46.84146120235193,22109.319270570493,20981.697721617005,379.2791644092741,70.3703747527554
2024-07-10,21649.66491632562,21947.253816800767,21538.068359375,21538.068359375,40880136,53.45083426368543,22.78764427479473,42.030697816840494,22038.730091984067,21003.92850176593,381.41532819616646,62.06895634654678
2024-07-11,21686.86500159027,21761.26271045369,21463.671875,21463.671875,19155840,51.298573408915935,22.573302085187606,38.13921867050991,21974.3816948202,21019.9186958048,375.4278644288468,55.17248374401416
2024-07-12,21500.87012394828,21538.068977332437,21166.082361550725,21203.279296875,23826528,44.53869643351439,1.376067048200639,30.78658834604806,21963.642095991105,20986.019622758897,375.1820609540515,31.034377003780232
2024-07-15,21240.477818797477,21389.27323001213,20980.08776723168,21166.08203125,21499632,43.653739662647155,-18.21443819642809,20.98638303755283,21899.476820546985,20975.787437265517,377.6108753702231,27.586231228787884
2024-07-16,21203.27896599381,21314.875524404804,21128.883178446336,21166.08203125,16272168,43.653739662647155,-33.355552696393715,10.11799589076352,21830.88205766698,20973.70466108302,363.9238375550977,27.586231228787884
2024-07-17,21240.477943722268,21277.67679674472,20533.703572415496,20980.087890625,33721908,39.143479479091404,-59.67526840637947,-3.8406569686650798,21776.615522118776,20942.414165381222,391.0702223246781,31.578949526737848
2024-07-18,20980.087403862435,21166.08166465939,20868.490847384262,21128.8828125,27030036,44.1177306005866,-67.7463878768067,-16.621803150293402,21687.747162764892,20960.60498567261,384.3931219639959,42.105276586283466
2024-07-19,21128.883302714792,21128.883302714792,20980.087890625,20980.087890625,15662064,40.548458777056766,-85.16755629664112,-30.330953779562947,21660.528432504827,20924.585825307673,367.5647141158385,31.578949526737848
2024-07-22,20905.691042048195,20980.088751144587,20645.299060210826,20868.4921875,24287208,38.0613504632077,-106.74827076321162,-45.61441717629269,21680.75493536823,20856.001119319273,365.22364103140444,23.684238774978823
2024-07-23,20868.49232080408,20980.088885161527,20682.498046875,20682.498046875,19875108,34.28665484840536,-137.2768728508272,-63.94690831119959,21720.82613102606,20748.97230647394,360.39272654962747,10.526295407646613
2024-07-24,20645.298462846866,20794.093876734307,20161.715285772552,20608.099609375,25387692,32.88188963044608,-165.56580257359747,-84.27068716367917,21733.908798009827,20646.61249105267,379.8202882933508,24.999982685637942
2024-07-25,20533.703246535417,20570.900180907665,20310.51013194292,20347.708984375,17582004,28.483285079066533,-206.61460588831687,-108.73947090860672,21779.56537806735,20489.359621932654,373.9466589461172,10.416672357965972
2024-07-26,20347.709714341843,20570.900918881413,20347.709714341843,20422.107421875,11625108,31.31058026465263,-230.4858487316087,-133.08874647320712,21822.17183796593,20383.515271409073,363.17846434328123,14.583394957738555
2024-07-29,20570.90026829942,20905.689941610464,20533.703333769143,20756.89453125,20385684,42.35440101245624,-219.85510606630123,-150.44201839182597,21821.918565114975,20350.289442697525,371.77875401415145,33.333318499417075
2024-07-30,20831.292236430232,20980.087646790696,20756.89453125,20756.89453125,20516496,42.35440101245624,-209.02070533346705,-162.1577557801542,21795.004738067637,20317.685300994865,361.1654941231904,37.20922782868369
2024-07-31,20756.89531922167,20756.89531922167,20161.71557324549,20236.11328125,32057388,32.831382117930985,-239.69401580964404,-177.66500778605217,21804.865287639193,20192.508735798307,377.88079782697537,5.405441634201527
2024-08-01,20459.306707905303,20570.901353502904,19789.72924401997,19864.126953125,40234128,27.9903234971689,-290.66837907235094,-200.26568204331193,21857.73610504054,19990.84319183446,406.68732008811526,4.651182446782293
2024-08-02,19826.92816200171,20310.51135467152,19715.33159798715,20273.3125,23160456,38.698179836637486,-294.65151601951584,-219.14284883855274,21829.81297594376,19914.61007093124,420.15106555927616,34.88374984877756
2024-08-05,19938.525107841004,19975.722045164897,19194.549918223354,19306.146484375,60205200,28.072473973118676,-371.5671998767575,-249.6277190461937,21915.68642707364,19616.704002613857,467.1947452890883,5.357166061380697
2024-08-06,19380.54089261725,19678.131714429648,19231.747399770906,19566.53515625,26082144,33.37644107365671,-406.82264559964824,-281.06670435688466,21867.43755895663,19464.07962854337,465.7082859583493,18.867828971006357
2024-08-07,19678.1318393262,19678.1318393262,19306.14522775956,19380.541015625,20343444,31.58482077074102,-444.64541747684416,-313.78244698087656,21815.88961313697,19299.874839988028,459.01388064465584,9.615255513492842
2024-08-08,19306.145885864757,19417.740530496863,19008.55505201932,19045.75390625,28928856,28.608031617997554,-495.91812305753774,-350.20958219620877,21789.64671510553,19084.32594114447,455.4547090612906,1.8867976600427858
2024-08-09,19268.946374796917,19417.73986858765,19120.15096294631,19380.541015625,16002624,35.18643156910022,-503.7308936557092,-380.9138444881089,21726.450436817737,18965.248391307265,449.49265572388776,18.867845803732028
2024-08-12,19380.54154472791,19417.740398706115,19120.151484940383,19231.748046875,16600320,33.70014992072785,-515.9810117892594,-407.927277948339,21658.51025838044,18839.755171307057,438.6423884411624,11.32078645048022
2024-08-13,19268.94753642686,19306.146391632043,18748.16356355426,18896.958984375,34642872,30.571113073921325,-546.4053770017053,-435.6228977590123,21598.56993304239,18672.783191957613,447.16670555806394,6.666688259619383
2024-08-14,18971.355102082227,19120.150510411146,18822.55969375332,18934.15625,18072648,31.33397369669015,-561.0479852293829,-460.70791525308647,21533.316791128585,18533.443169808917,436.48271349376125,8.333289104351588
2024-08-15,18934.1563709745,18934.1563709745,18748.162109375,18748.162109375,21422808,29.58360696788955,-580.9635443723892,-484.759041076947,21426.043340294305,18402.644550330693,418.59068121559966,0.0
2024-08-16,18748.163072404564,19120.15161471136,18599.36957354177,19045.75390625,47951112,35.76636760436054,-566.2067189431509,-501.0485766501878,21289.21233060763,18346.042161579873,425.8900640694562,18.74998714564533
2024-08-19,19194.549192896797,19603.734668597142,19120.151484940383,19231.748046875,32244300,39.350615557481774,-533.3554659337133,-507.50995450689294,21141.89802185042,18329.68205627458,435.32511394643376,29.310355836979753
2024-08-20,19343.34232315025,19492.13773623537,19194.548828125,19194.548828125,26991228,38.88329183396723,-504.50663882165827,-506.909291369846,21012.99199978236,18309.79315646764,425.48681352957215,30.18867160208607
2024-08-21,19231.74824501618,19529.33716184792,19194.549390654724,19454.939453125,32751312,43.905161194564236,-455.3830162829072,-496.6040363524583,20881.667070504434,18325.802070120564,419.00835068623996,49.99994091771611
2024-08-22,19492.137364369664,19529.336216931275,19120.150756813386,19157.349609375,31718808,39.87279824040381,-435.44565833906745,-484.37236074978017,20786.641508873865,18301.791694251137,418.3067156456435,40.54048997893725
2024-08-23,19157.34981590896,19380.541015625,18896.95784517041,19380.541015625,29578956,44.025033295596565,-397.05843485498553,-466.90957557082123,20664.99334162487,18319.28322087513,422.96931956056824,72.41367879281488
2024-08-26,19454.93835365263,19640.932614948684,19306.144862675614,19343.341796875,28569420,43.48601735802475,-365.4255514574288,-446.6127707481428,20432.627054936715,18410.294234125784,416.67063618288984,68.96535473385732
2024-08-27,19343.341954123214,19380.54080668483,19120.150756813386,19157.349609375,16434660,40.79652303931009,-351.3145432233614,-427.5531252431865,20138.202584985887,18544.764211889113,405.5077371606436,53.57141273748783
2024-08-28,19231.74694617254,19306.144649870905,19082.95153877582,19120.150390625,24626052,40.260206982240426,-339.22278449896476,-409.8870570943422,19966.470243533226,18604.900264279273,392.4852638702467,49.99993244573781
2024-08-29,19194.54932317272,19306.145885864757,19045.75390625,19045.75390625,21335688,39.1516674396651,-331.8181599271629,-394.2732776609064,19875.715676158132,18613.817526966868,383.0500292805689,42.85715938089218
2024-08-30,19120.15087995475,19157.349732755934,18971.35546875,18971.35546875,23714460,38.024131045324225,-328.1703304486582,-381.05268821845675,19595.930779514634,18763.406720485367,368.97461747523784,35.714198797392136
2024-09-02,18971.35546875,18971.35546875,18971.35546875,18971.35546875,0,38.024131045324225,-321.5725115643727,-369.15665288763995,19584.666313998896,18741.192084438604,342.619287655578,35.714198797392136
2024-09-03,18971.35546875,18971.35546875,18971.35546875,18971.35546875,0,38.024131045324225,-312.73863623834404,-357.8730495577808,19517.3127881715,18749.027641516,318.1464813944653,35.714198797392136
2024-09-04,18822.560181170506,18934.156740307026,18673.766687048348,18785.361328125,25162500,34.886994905318446,-317.0906752066876,-349.7165746875622,19498.913035543974,18707.90942539353,316.67807427355007,17.856984857296435
2024-09-05,18859.75956588002,18859.75956588002,18599.369505280843,18636.568359375,29783820,32.571819417306344,-328.7563479715536,-345.5245293443605,19529.988800376057,18635.915105873944,312.65750186823766,3.5714450472443713
2024-09-06,18636.56891599868,18896.958984375,18413.37578476757,18896.958984375,30163980,40.06748918264248,-313.37770728338364,-339.0951649321651,19490.07218187503,18627.473521249965,324.86648027818,39.39395616707066
2024-09-09,18896.958489327284,19492.13823895822,18822.56078086592,19045.75390625,43092456,43.90492550238828,-285.88797842047643,-328.4537276298274,19473.019616792746,18625.926672269754,349.4886929791888,51.51518088080116
2024-09-10,19157.34914562365,19231.7468489459,18710.96484375,18710.96484375,19825344,38.008047954904235,-287.7992787025796,-320.3228378443779,19485.430968401604,18594.9159065984,361.7239295660967,24.24238549823586
2024-09-11,18710.96626573241,19008.55518357753,18636.56855675615,18859.759765625,18760764,41.75249525111909,-274.1472919512089,-311.08772866574407,19486.65602016449,18586.25120639801,362.4569793700456,36.36361021196636
2024-09-12,18896.958788988435,19008.55535345013,18673.767578125,18673.767578125,11927256,38.61288366704488,-275.16408889014565,-303.9030007106244,19494.05759441337,18571.41017902413,360.48060765255167,21.212198649818266
2024-09-13,18710.96570071953,18822.560342754176,18599.369140625,18599.369140625,16405224,37.40135250101171,-278.75986966691926,-298.8743745018834,19510.63890128174,18510.19039559326,350.67422154373907,17.241363484139146
2024-09-16,18599.3700027674,18785.362360153093,18487.7734375,18487.7734375,19237152,35.59714745480002,-287.30254750864333,-296.5600091032354,19513.20731965879,18433.22451627871,346.8824144801215,6.896574166390283
2024-09-17,18524.97127486632,18785.361328125,18450.573568775308,18785.361328125,17388888,43.43344284068859,-266.9822206680183,-290.644451416192,19488.42833178221,18417.08475415529,346.01851054223374,34.48261866293028
2024-09-18,18785.362224526736,18859.75993416787,18673.767578125,18673.767578125,17469540,41.399181483249485,-256.92126977387306,-283.89981508772826,19407.474150955495,18419.921747482003,334.5880709351363,24.13801039755234
2024-09-19,18822.560181170506,18971.35559335253,18748.16247507949,18785.361328125,18054036,44.213025294641916,-237.20881514428402,-274.56161509903944,19378.13854557381,18412.058524738688,331.94520981316447,34.48261866293028
2024-09-20,18971.356560176264,19380.54204647,18934.15770523502,19082.953125,58857216,50.973715742304705,-195.32183338868708,-258.713658756969,19316.353683568203,18444.084597681795,350.747746136867,62.069025264212115
2024-09-23,19194.548094323363,19417.739287358643,19120.150390625,19120.150390625,20477688,51.760642832524184,-157.31120446035857,-238.4331678976469,19264.855118985015,18473.264021639985,349.60763300985104,65.5171676685478
2024-09-24,19120.151484940383,19231.748046875,19082.952630962176,19231.748046875,14054040,54.13900366419132,-116.83569976482977,-214.11367427108348,19281.18127595882,18464.377708416177,335.26390321720623,75.86213803866758
2024-09-25,19417.740961761283,19640.934092102438,19380.542106704423,19492.138671875,54132144,59.19435592545401,-63.020759336537594,-183.8950912841743,19374.299134748315,18408.458677751685,340.54405621793705,87.8787492750153
2024-09-26,19566.53528043825,19678.1318393262,19380.541015625,19380.541015625,28703664,56.32852396575866,-29.04224856694782,-152.924522740729,19434.796143277275,18381.440380160228,337.4759681810273,75.75749918839693
2024-09-27,19454.938721550297,19566.53528043825,19268.946374796917,19380.541015625,40312932,56.32852396575866,-2.089942424769106,-122.75760667753703,19495.826343723773,18361.328734401224,334.62689228533486,75.75749918839693
2024-09-30,19492.13781473672,19789.728642105467,19454.938961315627,19603.734375,49401264,60.737556546016485,36.85495222280588,-90.83509489746845,19602.957777242624,18317.435191507375,339.95265901355856,86.11107325733805
2024-10-01,19938.52502710826,20087.318529981323,19826.92846140848,19901.326171875,49965564,65.70867461960876,90.68685117349742,-54.53070568327527,19775.122418214,18238.2676208485,350.21205158268464,88.63644840737577
2024-10-02,19864.1259780624,19864.1259780624,19566.53515625,19566.53515625,28097124,56.96973957414443,105.12239638502433,-22.600085269615352,19845.583155482098,18245.924266392904,349.1105490142786,68.18176404541424
2024-10-03,19678.13294715929,19826.92836738673,19417.740961761283,19492.138671875,35374020,55.212478264166236,109.2995581660216,3.779843417512037,19887.73324470483,18289.33120842017,353.4017530579334,63.63637144373598
2024-10-04,19492.138671875,19715.331802216155,19417.740961761283,19492.138671875,23172996,55.212478264166236,111.32668425465454,25.28921158494054,19931.655463216255,18304.926958658743,349.41525930057185,63.63637144373598
2024-10-07,19640.93359375,19715.331301976013,19492.138177297973,19640.93359375,16455648,58.20296995150445,123.51588867019382,44.93454700199119,19993.17219079426,18302.928199830738,340.39939254181957,68.4210225570493
2024-10-08,19640.933662019568,20161.71570335192,19603.734807777266,20050.119140625,50384268,65.10352448991438,164.29982876162467,68.80760335391788,20124.098399014365,18305.917421298138,355.94092847273646,92.1052451018552
2024-10-09,20198.91465961369,20459.306640625,20124.51695075332,20459.306640625,54930084,70.37140981689139,227.0224333488004,100.45056935289439,20343.268741238648,18246.70176657385,359.74425501039815,100.0
2024-10-10,20533.70448270064,20608.10027398373,20273.3125,20273.3125,31447548,65.52912112919515,258.73978545870705,132.10841257405693,20466.851484477138,18283.073515522865,357.9616492227791,78.04882855010257
2024-10-11,20347.708617386168,20422.106320908508,20087.316655057984,20310.509765625,20805576,66.03252223160376,283.6082644498456,162.40838294921468,20564.61295775954,18356.42610474046,356.30650755333227,80.48775738398952
2024-10-14,20347.708736877717,20422.106440836957,20124.515625,20124.515625,23726604,61.218404131714685,285.02297307453046,186.93130097427786,20583.71865350547,18500.994627744527,352.1125295735912,63.88879207405643
2024-10-15,20384.908329152637,20422.10718248316,20198.9140625,20198.9140625,26612388,62.399280006737804,288.81815606453165,207.30867199232864,20629.652476888223,18596.41607779928,348.21817442427465,69.44442220328784
2024-10-16,20198.91369640632,20310.51025437528,20161.71484375,20161.71484375,15349356,61.39269613421428,285.53275598758773,222.95348879138047,20629.692500219793,18745.170781030207,333.97369129577504,66.66660713867213
2024-10-17,20198.91479065696,20273.3125,19901.32587134475,20273.3125,27140388,63.305110140811436,288.6071671838545,236.08422446987527,20636.759494660015,18886.898903777488,336.6889011071661,71.87506574307642
2024-10-18,20273.312266078832,20310.511120321135,20050.119140625,20050.119140625,21439968,57.202211716333906,269.92232486971625,242.8518445498435,20632.457428150094,18987.917571849906,331.2391210063781,53.12498271492846
2024-10-21,20050.11967474806,20124.51738521458,19864.127316641738,19901.326171875,18340740,53.49939618426516,240.33764093562058,242.3490038269989,20605.031064908217,19093.461513216782,326.1784744039829,40.62514613430832
2024-10-22,19826.927734375,19975.721231791955,19715.331172767357,19826.927734375,24175800,51.69739928001273,208.48494892531016,235.57619284666117,20577.082719888796,19180.9278269862,321.47930187688394,34.37506376538938
2024-10-23,19826.92823170921,19864.12708651152,19603.735102895396,19678.1328125,17962164,48.20063093785588,169.2835588653761,222.31766605040417,20569.432043821536,19207.177917115965,317.1159220011152,21.875063106160365
2024-10-24,19715.331667302304,19864.12708651152,19603.735102895396,19678.1328125,20986548,48.20063093785588,136.6410617088477,205.1823451820929,20549.731172266464,19256.637968358536,313.06421211647285,16.666752011954834
2024-10-25,19789.72937690691,19826.92823170921,19678.1328125,19678.1328125,12468192,48.20063093785588,109.50929257813186,186.0477346613007,20526.543002053902,19309.585318258596,301.3307269088113,7.407463440946338
2024-10-28,19715.331895708696,20050.11967474806,19715.331895708696,19901.326171875,15751560,54.02640742013545,104.80883782383171,169.7999552938069,20523.3441105874,19342.543389412596,306.37759371875774,29.62976789180499
2024-10-29,19938.52328316172,20198.91332895924,19864.12557920248,20124.515625,20767692,58.99306011671135,117.73602950124405,159.38717013529435,20540.395135963365,19347.811309349134,308.4068905786151,51.85171062237088
2024-10-30,20124.51721429232,20161.716069209644,19938.524857765675,20087.318359375,14607780,57.8709436266438,123.55514675419181,152.22076545907385,20541.994662466535,19398.290103158466,302.3200563547119,59.09087914181993
2024-10-31,20124.51648256934,20124.51648256934,19938.52413280533,20012.919921875,17589132,55.593243656201075,120.77133025146395,145.93087841755187,20521.959686729693,19470.40320389531,294.01093445537595,49.999850824055656
2024-11-01,19938.52355934948,19975.720493784534,19678.13159188521,19752.529296875,17425848,48.411488411882914,96.44206427067911,136.0331155881773,20493.70184703178,19524.70010609322,296.92360556497704,18.181729031439524
2024-11-04,19752.52941988275,19752.52941988275,19454.938598070352,19566.53515625,24168804,44.035555387279416,61.44447925843633,121.11538832222912,20502.858514001608,19508.103595373395,296.9712638683643,13.043494885280726
2024-11-05,19566.53467090961,19752.528929928845,19492.13696730192,19715.330078125,10685136,48.078890399471355,45.194177312849206,105.93114612035313,20502.07261113078,19475.410591994216,294.35845663683284,30.434764240631264
2024-11-06,19826.92793323109,20198.91455759422,19752.53022474649,20050.119140625,27709440,55.81420583401541,58.65424570518735,96.47576603731999,20432.95652593936,19503.60792718564,307.87460112486053,69.5651773608726
2024-11-07,20161.71570335192,20310.511120321135,20050.119140625,20050.119140625,21099936,55.81420583401541,68.53145888202926,90.88690460626184,20401.216792403124,19513.028324784376,304.482985308523,69.5651773608726
2024-11-08,20236.113779044288,20459.306908548217,20087.318359375,20087.318359375,32687028,56.646525012072715,78.45648997349781,88.40082167970904,20363.06356397128,19528.862412591225,311.96189835242967,62.962934484041064
2024-11-11,20124.51643230069,20608.099609375,20050.11872535697,20608.099609375,53958300,66.23552712848709,126.88222384887922,96.09710211354307,20477.19194444005,19463.092430559955,329.5346830428297,100.0
2024-11-12,20645.298994716,20756.89555800656,20310.51122290425,20459.306640625,31631424,62.015079113409826,151.50713779570287,107.17910924997504,20526.984057629765,19439.339575182734,337.88108676136403,77.14295275965647
2024-11-13,20236.112180938857,20384.90758885733,19975.720217081525,20124.515625,29419632,53.72067669446938,142.36660886890604,114.21660917376124,20522.802308745726,19439.801402191777,348.2886108172291,51.42850705006835
2024-11-14,20124.5160290884,20161.714881814947,19566.53515625,19566.53515625,35064876,43.321071043509306,89.07155184513249,109.1875977080355,20499.3435096607,19392.582466901804,365.9236904420661,8.571447568060627
2024-11-15,19566.53618502425,19603.73503970665,19268.947265625,19268.947265625,36437676,38.98628028822981,22.561899918015115,91.86245815003143,20534.6124756257,19279.1963134368,363.6996964163222,0.0
2024-11-18,19343.34232315025,19380.541176421528,18971.35570849731,19194.548828125,27191208,37.96353189487182,-35.73883549403763,66.34219942121763,20575.543015370273,19167.58803931723,366.9486800954576,12.50003575607866
2024-11-19,19231.74706665783,19343.341704844697,18934.15625,18934.15625,20912496,34.54749152563615,-101.78082718588121,32.717594099797864,20646.54393900791,19007.30996724209,369.96559257754615,0.0
2024-11-20,18896.958489327284,19343.342822035505,18785.361926635243,19045.75390625,30030660,37.15737927190937,-143.4608557656975,-2.518095873301206,20684.898510374223,18905.717505250774,383.39525706488297,13.207584971991517
2024-11-21,19082.952630962176,19306.14575483141,19008.55492300577,19231.748046875,16865772,41.3545688761146,-159.64412784229717,-33.9433022671004,20696.702137115346,18849.275401947154,377.2663695477942,22.641567617046892
2024-11-22,19268.946737781323,19529.336795365183,19231.74788411793,19417.740234375,22791648,45.289651912780144,-155.66703969328228,-58.288049752336775,20696.562518138882,18823.375763111115,371.5751225263271,32.07545119582367
2024-11-25,19417.7397453438,19566.53515625,19380.54089261725,19566.53515625,16936128,48.27957419857086,-138.9074237039531,-74.41192454266005,20681.15166382979,18805.307515857712,358.3193468910717,39.62261749861225
2024-11-26,19566.535521578902,19715.33093526328,19492.13781473672,19603.734375,17398524,49.02953644001285,-121.22622080686051,-83.77478379550014,20639.325789596285,18795.055265091218,348.66747357932064,41.50943384087905
2024-11-27,19603.73400897655,19678.131714429648,19417.7397453438,19566.53515625,10515912,48.27567702488617,-108.95939016603734,-88.81170506960758,20598.574035551355,18783.728698823645,342.36208040121556,39.62261749861225
2024-11-28,19678.13244786301,19901.325572541045,19566.535885523987,19640.93359375,18652920,49.9337081601567,-92.1720048757561,-89.48376503083729,20567.36678033857,18777.737321223933,341.82124725048914,43.39625018314584
2024-11-29,19678.13304047544,19901.326171875,19566.53647477565,19901.326171875,18318036,55.33075236002676,-57.197044300737616,-83.02642088481736,20580.06532594431,18779.91846311819,341.31899366826485,56.60386551273481
2024-12-02,20050.11877543978,20198.9141896989,19901.325279240555,20012.919921875,24519792,57.44779019922122,-20.24112596645864,-70.46936190114562,20612.618603849794,18792.00366177521,338.19541629612763,76.74416706144129
2024-12-03,19975.721794623038,20087.318359375,19789.729438096387,20087.318359375,20871972,58.84808245090962,14.878527297911205,-53.39978406133425,20647.395226632892,18794.425867117105,335.29495236630515,92.10529152406208
2024-12-04,19975.7215987226,19975.7215987226,19826.928098572484,19864.126953125,16511220,53.19287703069754,24.41992662415214,-37.83584192423698,20627.85944777996,18795.362427220043,329.94461725460593,76.31589256924259
2024-12-05,19864.12555416671,20719.6953125,19640.932442570294,20719.6953125,59065644,66.48769288164891,99.86755958916547,-10.295161621556492,20757.321103134924,18732.858389052573,383.4316353028273,100.0
2024-12-06,20719.695467999725,20756.894320211635,20459.30542057618,20533.703125,31351716,62.34219105567328,143.0038774724162,20.364646197238052,20829.85266120143,18704.965307548573,377.30001132658646,88.67930367571782
2024-12-09,20570.900390625,20756.8946546816,20459.305750250896,20570.900390625,21052284,62.841188883468156,178.13776734564817,51.91927042692008,20821.90868252457,18709.18936435043,371.60636083402346,90.56600677175129
2024-12-10,20608.099120889536,20980.087646790696,20533.703333769143,20756.89453125,43149876,65.3160194512298,218.47139863697885,85.22969606893184,20885.206849788607,18675.649986148892,376.9476431331328,88.67920816895128
2024-12-11,20756.895390515067,20942.889661165176,20533.704183794856,20645.298828125,22481580,62.621150820353314,238.6798981328975,115.91973648172498,20968.461067943394,18644.474088306608,379.25034557864615,80.85104361214725
2024-12-12,20645.298994716,20756.89555800656,20347.71007733444,20459.306640625,27673932,58.303528584671604,236.9557856509782,140.12694631557562,21042.511016368167,18659.70128831933,381.3885695138943,67.44196411846643
2024-12-13,20310.51098925451,20384.908697259023,20161.71557324549,20236.11328125,22790988,53.53350500341211,215.10003597111063,155.12156424668262,21069.7021597411,18729.226746508903,375.4030336471527,52.381005226064026
2024-12-16,20236.113779044288,20347.71034379625,19975.721794623038,20087.318359375,21981564,50.56351835821073,183.65562252853124,160.82837590305235,21068.32884417845,18819.877015196547,375.1591418990141,42.857203149893905
2024-12-17,20087.318359375,20161.716069209644,19975.721794623038,20087.318359375,14268408,50.56351835821073,156.9267445033911,160.0480496231201,21021.30456338999,18982.217506922512,361.6473656624136,36.842122667254195
2024-12-18,20087.31701735042,20347.708984375,20050.11816491833,20347.708984375,16888344,55.56667636276139,154.96887859191338,159.03221541687878,20991.20251415979,19142.515063965206,357.071898076289,55.2631220619889
2024-12-19,20087.31726177919,20198.913820433383,19938.52376830013,19975.720703125,40037976,48.080586764676845,121.99463211036709,151.62469875557645,20942.812792199766,19265.302051550236,360.79427793333065,24.999959638704073
2024-12-20,19975.7215987226,20050.119307827637,19864.126953125,19864.126953125,18145908,46.075177957824025,85.86779076886523,138.4733171582342,20910.192996517504,19342.560519107497,348.30842627399545,16.666814261057947
2024-12-23,19901.326002848356,20124.51721429232,19901.326002848356,20087.318359375,17026416,50.520288800119566,74.38917778599352,125.65648928378609,20891.232851164466,19413.59898477303,342.0285573378042,33.33339671144183
2024-12-24,20012.92045327512,20012.92045327512,19789.72924401997,19864.126953125,17770368,46.4011423727713,46.74377990441644,109.87394740791215,20872.01493722327,19458.85615652673,338.8543114818917,16.666814261057947
2024-12-25,19901.325153915663,20198.9140625,19901.325153915663,20198.9140625,22630476,52.63903495139469,51.25825148689182,98.1508082237081,20844.95028378765,19549.15870058735,338.5637970456852,34.37492586498271
2024-12-26,20198.91492412697,20236.113779044288,19975.721794623038,20087.318359375,13167132,50.528081785646535,45.308869696960755,87.58242051835863,20815.273959116963,19623.473501820536,332.9800961439398,24.999959227603124
2024-12-27,20087.31726177919,20087.31726177919,19938.52376830013,19975.720703125,15033744,48.436218981875854,31.2289556057367,76.31172753583424,20811.516320156694,19634.670593905805,319.82398863900636,15.62482851148932
2024-12-30,19938.52502710826,19975.72196428154,19826.92846140848,19901.326171875,16062024,47.03817300911305,13.907191866390349,63.830820401945466,20816.352219839555,19618.675319222948,307.60752537001025,9.67748512659683
2024-12-31,19901.325442113437,19901.325442113437,19789.728880505783,19826.927734375,13526568,45.62004823100536,-5.757395158641884,49.913177289828,20826.139257581744,19582.84921898076,293.60679436995355,3.84616785654165
2025-01-01,19826.927734375,19826.927734375,19826.927734375,19826.927734375,0,45.62004823100536,-21.098511543965287,35.71083952306934,20828.773559742574,19576.494994944926,272.63488048638544,6.250019376016451
2025-01-02,19864.12714793103,20124.51721429232,19864.12714793103,20087.318359375,19748784,51.54923991442547,-12.105564135948953,26.14755879126568,20749.25049769355,19592.780361681453,274.41735187430925,53.33321955075435
2025-01-03,20012.91971666521,20087.31742303191,19789.728515625,19789.728515625,17424132,45.4500954886323,-28.661213227838743,15.185804387444797,20709.527236212416,19558.106162225085,276.07252986543006,0.0
2025-01-06,19789.72839821415,19864.126104139446,19380.541015625,19380.541015625,20130660,38.67432973747328,-73.94727775022693,-2.640812040089548,20703.39779998995,19445.199660947546,290.894855483217,0.0
2025-01-07,19454.938721550297,19640.932986363547,19380.541015625,19380.541015625,19007472,38.67432973747328,-108.5851086124967,-23.829671354570976,20621.159042327567,19389.803067047436,288.71607800145483,0.0
2025-01-08,19380.54052938256,19529.3359375,19306.14474338365,19529.3359375,17104032,42.30193442551823,-122.6158927725337,-43.586915638163525,20521.956456627988,19377.409363684514,284.03572915251874,23.99985220559489
2025-01-09,19566.534910430262,19566.534910430262,19268.946010416403,19343.341796875,12192708,39.18190270563305,-147.0484796968085,-64.27922844989253,20474.496891009014,19313.272444928483,285.00381278547167,7.692128384731236
2025-01-10,19343.342451096098,19417.74015813076,19008.5546875,19008.5546875,18841152,34.28070052692698,-191.22171772498405,-89.66772630491084,20511.921172667182,19153.092303895315,293.8739312029923,0.0
2025-01-13,19008.5552828482,19380.54191161225,18934.1575734834,19268.947265625,17920320,40.51345993571083,-202.8791576091644,-112.31001256576155,20504.152511913242,19079.02385527426,304.7675316976964,25.71435895552039
2025-01-14,19306.14575483141,19343.3426907497,19194.549192896797,19231.748046875,10112124,39.93083941335346,-212.6679253092043,-132.3815951144501,20488.81923309908,19008.800102838424,293.6265292802113,22.857179997340726
2025-01-15,19343.34325164757,19529.33752693186,19268.94745959381,19492.138671875,14812512,45.80592820405351,-197.14171994246135,-145.33362008005236,20397.59944243947,19014.462862248027,293.9095971928291,46.875001408181085
2025-01-16,19343.34325164757,19529.33752693186,19268.94745959381,19492.138671875,14812512,45.80592820405351,-182.73068474125103,-152.8130330122921,20367.508368666564,18996.195732895936,291.51534506034477,46.875001408181085
2025-01-17,19566.53467090961,19715.330078125,19417.739263694228,19715.330078125,18414132,50.60812421461704,-151.55314401675423,-152.56105521318452,20354.950909671126,18993.873504391377,291.94930715823244,65.62491518199893
2025-01-20,19715.331667302304,19901.325941313826,19678.1328125,19678.1328125,12743544,49.81585295476087,-128.36649775521073,-147.72214372158976,20306.241549883922,19001.66430949108,287.0381515622034,62.500038938738335
2025-01-21,19789.7282726093,19789.7282726093,19492.1374507969,19566.53515625,13756380,47.41745816433403,-117.63983297473533,-141.70568157221888,20284.718315171085,18993.428364516418,287.7919137229316,53.12491797326584
2025-01-22,19640.933724932293,19640.933724932293,19454.939453125,19454.939453125,13569600,45.08015224991708,-116.79734733647638,-136.7240147250704,20195.326874082373,19008.42234466763,280.52065358610025,45.161291372180436
2025-01-23,19492.138049552057,19901.325442113437,19454.93919568284,19826.927734375,20845440,53.337034523946116,-85.13197749355095,-126.40560727876651,20147.892722199507,19029.817434050496,292.36819593213573,92.30762611625548
2025-01-24,19826.92700186479,19826.92700186479,19678.13159188521,19752.529296875,13729716,51.66404055252471,-65.28768015230162,-114.18202185347354,20112.606849895783,19042.784165729216,282.1130492576826,84.61522839372736
2025-01-27,19752.529296875,19752.529296875,19752.529296875,19752.529296875,0,51.66404055252471,-48.996134598306526,-101.14484440244014,20090.142535370054,19050.368792754947,261.96211716784813,84.61522839372736
2025-01-28,19752.529296875,19752.529296875,19752.529296875,19752.529296875,0,51.66404055252471,-35.67374267311243,-88.0506240565746,20079.71111473835,19053.36036963665,243.2505373701447,84.61522839372736
2025-01-29,19752.529296875,19752.529296875,19752.529296875,19752.529296875,0,51.66404055252471,-24.829432843707764,-75.40638581400124,20069.075672589366,19056.55596803563,225.87549898656295,84.61522839372736
2025-01-30,19752.529296875,19752.529296875,19752.529296875,19752.529296875,0,51.66404055252471,-16.050222204219608,-63.535153092044915,19998.602501243648,19093.55023313135,209.74153477323702,84.61522839372736
2025-01-31,19752.529296875,19752.529296875,19752.529296875,19752.529296875,0,51.66404055252471,-8.989014754999516,-52.62592542463584,19992.814641261342,19095.61817123866,194.75999657514868,78.9471505999474
2025-02-03,19715.331301976013,19789.729010202027,19529.33703141098,19640.93359375,22402644,48.131503720387975,-12.256512133761134,-44.5520427664609,20000.920644401947,19113.55142591055,199.44799530485557,58.823338381853
2025-02-04,19715.330650991746,20087.31726177919,19678.131798107013,19975.720703125,22912824,57.51633101012895,12.029822145086655,-33.23566978415139,20059.67216508551,19114.317873976986,217.086257642308,86.36355369465224
2025-02-05,19975.72037170774,20087.31692851043,19901.32458523244,19938.5234375,19095780,56.29751314904383,27.95318169096572,-20.997899489127967,20104.42171042264,19110.48707863986,214.8652637591425,77.77796989973535
2025-02-06,19938.5234375,20050.118076242867,19901.32458523244,19938.5234375,17866200,56.29751314904383,40.11019350963397,-8.77628088937558,20138.848198931602,19135.5787541934,210.1458514199485,76.47074870928249
2025-02-07,19938.524295982646,19938.524295982646,19789.728880505783,19826.927734375,16562568,52.43164578805346,40.27560031474786,1.0340953514491096,20089.182267766082,19267.08199004642,205.76367742401385,58.82375727995021
2025-02-10,19715.331880829108,19715.331880829108,18896.958984375,18896.958984375,80647380,32.44012528904288,-34.239329969728715,-6.020589712786455,20170.146585735445,19148.918843952055,257.49261117944144,0.0
2025-02-11,18934.15705481077,19417.740234375,18934.15705481077,19417.740234375,38142720,45.070817211396374,-50.68597814167515,-14.953667398564194,20152.716873567977,19184.947774869524,276.29894252376704,43.7499583012659
2025-02-12,19492.138106662525,19492.138106662525,19231.748046875,19231.748046875,18019716,42.04737780035697,-77.83089433745772,-27.5291127863429,20172.607993382942,19139.01759255456,275.16259375689265,28.125066952957507
2025-02-13,19306.1461203074,19343.34305692985,19231.7484109426,19268.947265625,12538812,42.87279331270347,-95.24385801691096,-41.07206183245651,20185.413325942238,19103.89311937026,263.4791949210325,31.250110854119782
2025-02-14,19417.740234375,19566.535649028578,19343.34252704821,19417.740234375,24526392,46.17509022836556,-95.93156871429892,-52.04396320882499,20178.661289618503,19080.886171318998,265.9155655269286,43.7499583012659
2025-02-17,19454.939453125,19529.33716184792,19380.54174440208,19454.939453125,18967608,46.99996005960493,-92.40967709584947,-60.11710598622989,20172.41547755122,19064.81264744878,257.5498406639939,46.87500220242817
2025-02-18,19603.73388689541,19789.728149369894,19566.53503440052,19752.529296875,32920140,53.1813980930319,-64.85789781249696,-61.06526435148331,20184.273634374455,19071.553904688044,263.06690177691536,71.8750252542234
2025-02-19,19789.72778173269,19789.72778173269,19640.932374517302,19715.330078125,18021960,52.35932998423642,-45.500083655311755,-57.952228212249004,20192.415276290914,19089.451325271584,254.9046521653777,68.74998135306112
2025-02-20,19752.529296875,19789.728149369894,19715.330444380103,19752.529296875,15721728,53.139412356293334,-26.847726524691097,-51.731327874737424,20184.39981588678,19090.02694192572,242.01132495677174,71.8750252542234
2025-02-21,19752.530522104607,19789.72937690691,19640.933957697696,19678.1328125,14604216,51.329196571722825,-17.86286169700179,-44.9576346391903,20178.385940419746,19088.60116895525,235.3530459748034,65.62510153065034
2025-02-24,21054.485851037334,21054.485851037334,20496.504967019304,20608.099609375,97536252,66.63133544866619,63.56551319445862,-23.253005072460518,20373.54481134249,18978.999329282513,316.85304544355563,79.310281203919
2025-02-25,20533.70434948537,20608.100140285813,20236.11351404388,20459.306640625,41679396,63.20720830580368,114.76875512429979,4.351346966891544,20491.86060349309,18931.361271506914,320.7911583577255,72.41382160245963
2025-02-26,20533.704183794856,20794.09424464509,20496.505329664837,20645.298828125,42001872,65.5877788037236,168.41433278871045,37.16394413125533,20641.44903047505,18871.049797649946,321.7909044764658,81.0344413673355
2025-02-27,20682.49694480236,21166.08203125,20533.70345164756,21166.08203125,67479456,71.20565818901169,250.06905134728004,79.74496557446028,20913.66091321214,18740.19318835036,343.9757384140353,100.0
2025-02-28,21128.88379993267,21128.88379993267,20794.094114852167,20831.29296875,31963008,63.975132474684,284.4869363849393,120.69335973655609,21055.57542351545,18706.15504523455,345.9766082700208,84.99998584028948
2025-03-03,20868.4921875,21017.287605692785,20831.293332951805,20868.4921875,27276084,64.40760628018761,311.17795850692346,158.7902794906296,21190.16598021031,18694.32034791469,334.54932460378967,84.61538461538461
2025-03-04,20868.49072023094,20868.49072023094,20570.89990476906,20719.6953125,36199812,61.240651291841864,316.67370423204557,190.3669644389128,21275.010464945473,18683.873324117027,331.90953589858617,76.92297160822437
2025-03-05,20719.69707186335,20756.89592695473,20496.505859375,20496.505859375,40108860,56.7343968008256,299.56638391859815,212.20684833484987,21323.07404945843,18691.607981791567,326.80100244723934,63.26539418652586
2025-03-06,20533.703695343866,20794.09375,20533.703695343866,20794.09375,48807792,60.86890782274753,306.4885557579946,231.06318981947882,21411.281782727794,18688.957279772203,324.71435160279367,79.16662625928848
2025-03-07,20831.293332951805,20905.691042048195,20645.299060210826,20868.4921875,43733184,61.85043917589396,314.3540807802201,247.72136801162708,21506.42438926059,18697.97111855191,320.119896619549,81.39536729235573
2025-03-10,20905.690309735437,20980.08801622572,20794.09375,20794.09375,31126260,60.22364018858756,310.99922838133716,260.3769400855691,21511.94593603295,18882.163048342052,310.53949444856124,75.6097193735791
2025-03-11,20533.703213833585,20942.888671875,20533.703213833585,20942.888671875,34436820,62.35616431419634,316.6963123963833,271.64081454773196,21574.735967414515,18971.88786071048,317.5856347051936,85.36579082087758
2025-03-12,20980.088885161527,20980.088885161527,20682.498046875,20682.498046875,27246912,56.633907291844295,296.77886326405496,276.66842429099654,21561.7476884853,19129.951139639703,316.15743496100316,68.29265349634814
2025-03-13,20719.696169790583,20868.49158367803,20608.099609375,20608.099609375,32748408,55.07867729487986,271.85701080124636,275.70614159304654,21521.79722084442,19303.816841655578,312.174187771148,39.99985896820132
2025-03-14,20608.100506589188,20719.69707186335,20496.505859375,20496.505859375,24129468,52.739233308646604,240.331191797035,268.63115163384424,21472.046230301705,19461.444394698294,305.81826096523383,28.00012479061239
2025-03-17,20756.89416443273,20942.88842409641,20645.29760863453,20719.6953125,26030004,56.700470148651114,230.69694591143707,261.04431048936283,21419.778401746993,19640.187809190506,315.85856837638937,33.332997146821405
2025-03-18,20756.894320211635,20868.490876847365,20533.703125,20533.703125,24739044,52.73381066823986,205.68273892515208,249.9719961765207,21380.2543027004,19757.829291049602,317.2106529100305,5.555344886428274
2025-03-19,20533.70448270064,20533.70448270064,20161.71593598544,20273.3125,50061792,47.702357572204996,162.9688489623877,232.5713667336941,21317.88724267768,19875.99459325982,321.1233596103996,11.538489663946022
2025-03-20,20310.51062249158,20422.10718248316,20124.516355838947,20198.9140625,33029700,46.34185051495491,121.7114376073805,210.3993809084314,21252.4323767175,19986.087935782496,319.4424643985291,8.333344815173357
2025-03-21,20161.715209169477,20273.311769161053,20124.516355838947,20198.9140625,24964104,46.34185051495491,88.0002299918342,185.91955072511197,21144.080479640805,20146.517957859192,307.2533893216418,8.695663326165855
2025-03-24,20198.9140625,20273.311769161053,20012.919795847367,20198.9140625,21423336,46.34185051495491,60.58546356948864,160.8527332939873,21162.127926660713,20087.55195615179,303.90614532107355,19.23079104859787
2025-03-25,20273.312135252258,20384.908697259023,20161.71557324549,20236.11328125,26533320,47.28082462608432,41.38368438024554,136.95892351123896,21174.213605858185,20053.146941016817,298.14092951339217,23.076987040694632
2025-03-26,20236.11387373529,20794.09478204612,20198.915018643907,20496.505859375,58053600,53.42483318749748,46.640003961263574,118.89513960124388,21168.9524466407,20043.5288033593,319.3579890768793,50.00015704291728
2025-03-27,20608.100140285813,20608.100140285813,20422.10778619481,20459.306640625,15852804,52.48381397136186,47.25923400096872,104.56795848118887,21070.849736013388,20070.953974924112,309.8318722921738,46.15396105082052
2025-03-28,20422.10718248316,20459.306035813686,20161.715209169477,20198.9140625,22532664,46.33184197936068,26.43376145799266,88.94111907654963,21049.768474193294,20028.797346119205,308.95755508955585,19.23079104859787
2025-03-31,20124.51738521458,20161.716240447844,19901.326171875,19901.326171875,35028048,40.490490524725274,-13.922936355829734,68.36830799007376,21050.93743332945,19930.91178542055,308.14543619923046,0.0
2025-04-01,19938.524857765675,20124.51721429232,19901.326002848356,20087.318359375,18504288,45.14539717613263,-30.54578223439239,48.585489945180534,21036.090892578162,19882.52063085934,302.07727728813984,17.857053281912556
2025-04-02,20198.91479065696,20384.90906401456,20161.71593598544,20273.3125,22156728,49.407283379646046,-28.384139927180513,33.19156397070832,21030.510430147777,19865.781757352226,301.7568078132412,35.71427785440934
2025-04-03,19194.549456018198,19678.132646303973,18859.759765625,18859.759765625,106518456,30.20196773286729,-139.1291210334748,-1.2725730301282994,21249.047645919163,19453.811143143335,381.1708025676526,0.0
2025-04-04,17557.804107671793,18487.7735736908,17557.804107671793,18301.779296875,96599184,25.919037415958613,-268.82087728730767,-54.782233881564174,21473.90181156172,18972.28568843828,446.94114938090644,22.471929272501733
2025-04-07,18301.779296875,18301.779296875,18301.779296875,18301.779296875,0,25.9190374159586,-367.3677418475745,-117.29933547476625,21584.29167959283,18612.66437509467,415.01678156798454,22.988515682295454
2025-04-08,17483.407733896034,17855.39435710364,17037.021484375,17037.021484375,46785156,18.880564022068214,-541.2826579065077,-202.09599996111456,21870.44283994931,17935.92649598819,475.7125694916999,0.0
2025-04-09,15846.662109375,16590.6372795279,15846.662109375,15846.662109375,101846976,14.805473096195868,-766.3297627058819,-314.94275251006803,22299.644998322663,17023.14074386484,526.75876988515,0.0
2025-04-10,16925.423828125,16925.423828125,16925.423828125,16925.423828125,4042368,29.628904970831044,-847.8605508654364,-421.52631218114175,22341.666645384164,16612.851518678337,566.1875519469249,21.804474969592192
2025-04-11,18004.190180689347,18078.587890625,17483.40812919973,18078.587890625,100681284,41.372221362096596,-810.0854249122058,-499.2381347273546,22243.650984539658,16469.07538264784,608.114445557859,45.11280756944557
2025-04-14,18450.574284315484,19157.35060153006,18413.375429827352,18859.759765625,67589148,47.735010134068595,-708.9420806478556,-541.1789239114548,22084.82623612853,16441.906576371468,641.7321787969447,60.902246793451134
2025-04-15,18710.966009240037,19454.93925268432,18636.568301283623,19231.748046875,66753192,50.490506803784506,-591.9453288806544,-551.3322049052948,21955.670517011924,16440.86678767558,654.3492339829269,71.09377283762463
2025-04-16,19268.946291159496,19343.34207870202,18636.56771159917,18971.35546875,33930996,48.56051130032554,-514.3074489262326,-543.9272537094823,21844.80362286282,16421.53797869968,658.0938863486355,67.74191568234711
2025-04-17,18748.16235194288,19045.753174352376,18450.573447593237,18971.35546875,32262120,48.56051130032554,-447.61899655252637,-524.6656022780911,21737.029314252803,16406.556427934695,653.6000178065286,68.85243113930922
2025-04-18,19082.951658328915,19157.349362493373,18934.15625,18934.15625,27410460,48.25490478110692,-393.2365969400453,-498.37980121048196,21620.677175094374,16396.432785843128,622.8566674270176,68.03274858078362
2025-04-21,18934.156530141216,18934.156530141216,18562.169921875,18562.169921875,22844184,45.192097275400315,-375.82209809761844,-473.8682605879093,21483.79153338606,16369.64401348894,604.9373774869603,59.836052106504944
2025-04-22,18450.574088904214,18673.76721346916,17409.01001038766,18636.568359375,62630040,45.93126999186797,-351.96046896924963,-449.4867022641774,21330.38036072834,16363.100693959163,652.0673650294273,72.8155475322064
2025-04-23,18971.355833982667,19120.151248052,18859.75927343067,19008.5546875,29347164,49.59186137033523,-299.5803918362617,-419.50544017859426,21134.054018482697,16410.6319190173,640.0327595756825,87.62887252127982
2025-04-24,19120.15161471136,19120.15161471136,18748.163072404564,19045.75390625,22719840,49.95673480632093,-252.16038926100373,-386.03642999507616,20931.74563199762,16471.585032064882,620.8867440564763,88.65981380634649
2025-04-25,18934.15613137909,19120.150390625,18785.36072398237,19120.150390625,32800680,50.724930918592385,-206.1995806349587,-350.06906012305274,20775.150379326733,16520.30391754827,600.451238526916,90.7216422474614
2025-04-28,19120.151979941245,19120.151979941245,18859.759995352528,19082.953125,12879240,50.30910045301902,-170.80785055745946,-314.21681820993405,20662.99761460876,16550.619377578736,576.1612918170447,89.69075509141317
2025-04-29,19082.95202715356,19120.15087995475,18896.957763147628,18971.35546875,19096968,49.01097424835052,-150.03513603169995,-281.38048177428726,20495.573969991558,16606.446733133445,550.9492793163358,80.88235480838918
2025-04-30,18971.35546875,18971.35546875,18971.35546875,18971.35546875,0,49.01097424835052,-132.0504151236928,-251.5144684441684,20268.100223323276,16703.72477667672,511.595759365169,76.36361151026554
2025-05-01,18971.35546875,18971.35546875,18971.35546875,18971.35546875,0,49.01097424835052,-116.45497378409709,-224.50256951215414,20279.29820617704,16703.68636413546,475.0532051247998,76.36361151026554
2025-05-02,18971.35546875,18971.35546875,18971.35546875,18971.35546875,0,49.01097424835052,-102.90920095354159,-200.18389580043163,20322.86744331346,16727.07474418654,441.12083333017125,76.36361151026554
2025-05-05,19082.95153877582,19157.34924247418,18859.758427680736,19120.150390625,16563756,51.266112595354905,-79.25398116802535,-175.99791287395038,20379.579452636124,16752.199844238876,430.86868914897656,88.4615629481077
2025-05-06,19082.95153877582,19157.34924247418,18859.758427680736,19120.150390625,16563756,51.266112595354905,-59.81751004070611,-152.76183230730155,20348.252006594226,16991.840180905772,421.3488409807244,97.87232542563491
2025-05-07,19157.349362493373,19380.540556926924,18934.15625,18934.15625,27637236,48.17711356239686,-58.744963993198326,-133.9584586444809,19850.338382988535,17798.503218573962,423.13708854831015,77.35848893082142
2025-05-08,18859.760129169816,18971.35669478537,18859.760129169816,18896.958984375,15182376,47.559915019908644,-60.202495099929365,-119.2072659355706,19426.486950808274,18419.508166379226,400.8841940531132,75.47176870270756
2025-05-09,18896.95727952992,19231.74694617254,18822.559575831558,19120.150390625,26257704,51.56911446127008,-42.853924441667914,-103.93659763679007,19291.54681076872,18658.60455641878,401.4772780736754,86.79248633712517
2025-05-12,19008.55554999056,19157.3509708113,18413.37578476757,18896.958984375,85450068,47.6462134477491,-46.57781830551903,-92.46484177053587,19290.981114507278,18662.890174555225,425.94141435725084,50.00008411470067
2025-05-13,19008.55554999056,19157.3509708113,18413.37578476757,18896.958984375,85450068,47.6462134477491,-48.964597619866254,-83.76479294040195,19251.95289131481,18668.439491497687,448.65811233485664,50.00008411470067
2025-05-14,19045.753415039875,19343.34232315025,19045.753415039875,19194.548828125,26802072,53.156532151550365,-26.537219545698463,-72.31927826146125,19281.410262684454,18661.301456065543,448.49562850917044,80.76938551156417
2025-05-15,19268.94709937764,19752.530288016667,19231.74824501618,19454.939453125,44977284,57.38322884918893,12.108408228028566,-55.43374096356329,19373.561972269934,18617.508144917563,456.3160450364917,77.77770718989905
2025-05-16,19492.138307486457,19492.138307486457,19231.74824501618,19454.939453125,29854044,57.38322884918893,42.248334167808935,-35.89732593728885,19450.163074068227,18592.985363431773,442.3213319960478,77.77770718989905
2025-05-19,19157.35083488249,19306.146254647472,19008.55541511751,19082.953125,19794324,49.920435553033364,35.70665071843541,-21.576530606143997,19418.0112411547,18677.2155166578,442.6115252825794,50.000006616703395
2025-05-20,19157.35083488249,19306.146254647472,19008.55541511751,19082.953125,19794324,49.92043555303337,30.174486754182,-11.226327134078801,19385.828056025955,18754.037178349045,432.25290487167825,50.000006616703395
2025-05-21,19045.754270058755,19194.549689823736,19045.754270058755,19082.953125,23032680,49.920435553033364,25.496301463055715,-3.881801414651898,19388.254271021735,18759.050807103264,412.00594164977133,50.000006616703395
2025-05-22,19157.349609375,19417.73965924644,19082.95190425177,19157.349609375,26598660,51.49613106521018,27.475262721141917,2.389611412506865,19395.703615720955,18762.761032716542,406.49035688869253,55.55548839229366
2025-05-23,19157.35083488249,19306.146254647472,19008.55541511751,19082.953125,32160084,49.808415842599004,22.777860249883815,6.4672611799822555,19393.267928828092,18761.476993046905,398.7118199344976,50.000006616703395
2025-05-26,19082.952394534663,19082.952394534663,18636.56807038657,19008.5546875,36212616,48.11033247173638,12.903064322261343,7.754421808438073,19391.020077038676,18756.285001086322,402.11705098299285,44.44437899349097
2025-05-27,19082.952394534663,19082.952394534663,18636.56807038657,19008.5546875,36212616,48.11033247173638,5.019357378143468,7.207408922379153,19390.784841035587,18760.240158964414,405.27899906621434,44.44437899349097
2025-05-28,19008.5546875,19454.93901164809,19008.5546875,19008.5546875,35498496,48.11033247173638,-1.2145367504745082,5.523019787808421,19390.489071217195,18764.255850657803,408.2150937149197,44.44437899349097
2025-05-29,19157.35046894204,19268.947031634078,19008.55505201932,19045.75390625,20598336,49.19204546250425,-3.117341916764417,3.794947446893853,19390.653338207783,18771.53142741722,397.6563258877167,47.22219280509719
2025-05-30,19120.151248052,19194.54895508666,18971.355833982667,19008.5546875,21693012,48.11193380370556,-7.540077466801449,1.5279424641547927,19390.17530995889,18775.72937754111,385.194668403165,44.44437899349097
2025-06-02,19045.75354101733,19082.952394534663,18859.75927343067,19008.5546875,28951824,48.11193380370556,-10.919256858236622,-0.9614974003234904,19385.802164519875,18768.942952667625,373.62312931036695,33.33326265322821
2025-06-03,19045.75354101733,19082.952394534663,18859.75927343067,19008.5546875,28951824,48.111933803705554,-13.442326103853702,-3.457663141029533,19381.000651061182,18762.58489581382,362.8781287241973,33.33326265322821
2025-06-04,19194.548305897984,19492.13720591184,19157.349453638773,19343.341796875,40970820,58.38334093479443,11.440763139373303,-0.4779778849489662,19416.879318496052,18767.62478306645,371.4998708447432,82.60849850085597
2025-06-05,19417.74113246666,19640.93426476995,19306.146484375,19306.146484375,33905124,57.03254611533321,27.838534476493805,5.185324587339589,19437.09207463367,18788.33077692883,368.8775786697579,66.66676135983568
2025-06-06,19343.341954123214,19380.54080668483,19120.150756813386,19157.349609375,24797916,51.86304388465711,28.498706783622765,9.848001026596226,19439.557658673326,18789.585114764177,361.12846946987827,51.851759039755365
2025-06-09,19417.7397453438,19640.9328617031,19306.145105224,19566.53515625,32984028,62.05008266218378,61.332746298798156,20.144950081036612,19514.017074565352,18782.083316059645,369.8752396740369,92.59243202967168
2025-06-10,19417.7397453438,19640.9328617031,19306.145105224,19566.53515625,32984028,62.05008266218379,86.35847245685363,33.38765455620002,19572.436745935247,18790.62126187725,367.36899087439843,92.59243202967168
2025-06-11,19715.331802216155,19975.7218695542,19492.138671875,19492.138671875,38822388,59.39942833614941,99.04661844300063,46.519447333560144,19611.320779139165,18781.496213048336,375.67000564616995,63.888897751716236
2025-06-12,19566.535649028578,19603.73450269197,19343.34252704821,19417.740234375,21843492,56.786934697717946,101.92381907667004,57.60032168218213,19604.88940911289,18784.20766119961,367.4358606459976,58.33326720754398
2025-06-13,19454.938358021664,20161.71463304556,19454.938358021664,19938.5234375,68927628,67.54682800237448,144.5604703172794,74.99235140920159,19736.57872038854,18700.876748361457,394.33147050489504,85.36591820025201
2025-06-16,19603.73533000892,20087.318529981323,19603.73533000892,19901.326171875,39250332,66.27743151694585,173.35053804490963,94.66398873634321,19855.743335347444,18663.549438090053,400.7065940382885,80.00020052549401
2025-06-17,19603.73533000892,20087.318529981323,19603.73533000892,19901.326171875,39250332,66.27743151694585,193.9313542070704,114.51746183048866,19955.08305112294,18646.047027002063,406.626351605011,80.00020052549401
2025-06-18,20012.91955600973,20161.71496754865,19901.3249154154,19975.720703125,35145792,67.68601382534857,213.7804878331808,134.3700670310271,20056.54007106421,18633.86676487329,396.1809016427424,85.71424010325835
2025-06-19,20012.919795847367,20236.112915830527,19938.524007246197,20198.9140625,41538024,71.52837963373392,244.7001569452841,156.4360850138785,20197.648556135504,18596.914725114493,389.1386164242844,97.2972895784498
2025-06-20,20198.9141896989,20236.11304326368,19938.52413280533,20012.919921875,30898824,64.63146498473839,251.29922372747023,175.40871275659686,20274.728121582764,18612.831839354734,382.5993517124318,83.783738870003
2025-06-23,19975.720703125,20087.31726177919,19789.728356761203,19975.720703125,29294496,63.31650469934,250.63816488186058,190.45460318164962,20328.990118037607,18655.286444462396,376.5271769485429,76.66656451563905
2025-06-24,19975.720703125,20087.31726177919,19789.728356761203,19975.720703125,29294496,63.31650469934001,247.26396590160584,201.81647572564088,20371.44443599126,18709.54872807124,370.8887289535031,76.66656451563905
2025-06-25,20124.51721429232,20236.113779044288,20050.11950445768,20087.318359375,36788400,65.74158708608132,250.70491687546382,211.59416395560547,20420.027811805878,18768.84171944412,362.9961823082021,86.66663530017027
2025-06-26,20578.34160088732,20667.61961944021,20310.511381348555,20355.150390625,42208100,70.7408857923805,271.90930070824834,223.65719130613405,20509.614142579023,18810.19503710848,378.5179735765599,77.04920470031001
2025-06-27,20578.34160088732,20667.61961944021,20310.511381348555,20355.150390625,42208100,70.7408857923805,285.4237404552114,236.01050113594954,20573.025697761983,18881.443052238017,376.98870675620964,77.04920470031001
2025-06-30,20444.425201533068,20489.064207993797,20265.87109375,20265.87109375,21873830,66.9631190893761,285.6372893329717,245.93585877535398,20596.986460326196,18983.213930298807,366.00330729103734,69.66280486174195
2025-07-01,20444.425201533068,20489.064207993797,20265.87109375,20265.87109375,21873830,66.9631190893761,282.54947390292,253.2585818008672,20596.933077985697,19108.9989532643,355.8025792162345,69.66280486174195
2025-07-02,20310.510436273667,20444.425539811804,20176.595332735527,20221.232421875,21742600,64.95177876756104,273.3493885713651,257.2767431549668,20617.44976573196,19176.27132801804,349.51883834909466,63.19006388842484
2025-07-03,20221.2326606774,20444.42578125,20131.956563284293,20444.42578125,20792310,69.83114485105426,280.8308502295913,261.98756456989173,20657.52873024698,19250.020293190522,346.8724368931384,79.0208540150996
2025-07-04,20533.70436886924,21114.00381324405,20533.70436886924,20622.98046875,46765950,73.06213254293138,297.7357214691765,269.1371959497487,20685.39092348629,19368.721185888706,369.9228365432035,67.4876785191045
2025-07-07,21158.643254138187,21158.643254138187,20890.811112908603,21069.365234375,39599560,79.09096543459418,343.1963201657818,283.9490207929553,20872.7171117443,19331.678005443202,381.76140431784523,93.47819065054699
2025-07-08,21158.643254138187,21158.643254138187,20890.811112908603,21069.365234375,39599560,79.09096543459418,374.90252917120233,302.13972246860476,21017.844049190524,19336.834075809475,373.6235998115409,93.47819065054699
2025-07-09,21114.00253306876,22140.68816877764,21024.72643860095,22051.41015625,85224810,86.69090251932464,473.81094846552514,336.47396766798886,21435.815363216643,19174.789910220854,426.6477519804802,96.20248665794648
2025-07-10,22140.689790784032,22408.520011868288,21962.135670707878,22096.05078125,47809190,86.92357690501494,549.4648202948047,379.07213819335203,21747.581939123615,19130.854389001383,428.05750835047525,88.0681905332591
2025-07-11,22185.326073741588,22497.79721103222,21917.49586241807,22453.158203125,93810530,88.63522371275735,630.9632911904519,429.450368792772,22129.034619997787,19000.865184689712,438.9320683693092,98.35162950761696
2025-07-14,23390.5656254426,23613.75874467284,22810.26620072778,22988.8203125,54382350,90.61884302453004,730.3557851905643,489.6314520723305,22587.525831218583,18851.123387531414,490.47981645348995,82.4634765180353
2025-07-15,23390.5656254426,23613.75874467284,22810.26620072778,22988.8203125,54382350,90.61884302453004,799.9042544477416,551.6860125474127,22955.358238591834,18792.04039422067,512.8378684171736,82.05129413976032
2025-07-16,23033.45715892817,23212.011268816903,22765.626953125,22765.626953125,51157700,83.57015404613495,827.4734794204887,606.8435059220279,23212.095747909276,18814.293509903226,508.0911860796543,75.64101154047748
2025-07-17,22720.987731332847,23390.565157570418,22676.34872476772,23301.2890625,50482960,86.32032639755445,882.3742828744034,661.949661312503,23555.036562518377,18781.59019529412,522.8144179884432,91.0256336835246
2025-07-18,23390.56583209976,23524.480937597105,23122.735621105065,23212.01171875,61852560,83.80254148754554,908.2103461032566,711.2017982706539,23815.633319124096,18840.9026183759,514.1666250244144,88.46152064381147
2025-07-21,23569.12052398259,24104.78287718036,23301.290306413677,23390.56640625,61350960,84.75996937087989,932.3459793041729,755.4306344773577,24063.086675930386,18934.933831882114,541.2098059819821,82.02245921418235
2025-07-22,23569.12052398259,24104.78287718036,23301.290306413677,23390.56640625,61350960,84.75996937087989,940.6306380307724,792.4706351880407,24261.371930325036,19078.133147799967,559.9442891808894,82.02245921418235
2025-07-23,23345.92762735688,23613.759765625,23212.0125172528,23613.759765625,34654840,85.96283720485954,954.206628515647,824.817833853562,24464.093518592468,19228.05570015753,548.6445005516974,86.2500051339509
2025-07-24,23703.03424154949,24060.142456054688,23569.119140625,23569.119140625,47436400,84.52584219781271,950.407863185952,849.9358397200401,24634.005209283205,19379.540884466798,544.528701614411,83.33327807947512
2025-07-25,23569.11994544952,23613.75895330193,23122.735621105065,23212.01171875,57098140,73.88546931291705,908.1135619582928,861.5713841676907,24708.514601315346,19590.71762524715,540.7068895131579,72.2221841412894
2025-07-28,23301.28927005596,23970.866702257787,23212.01125613046,23524.48046875,109552080,76.65470035244044,889.5544107177266,867.1679894776979,24779.74814769598,19845.34501636652,556.2889292713128,81.1593579532585
2025-07-29,23301.28927005596,23970.866702257787,23212.01125613046,23524.48046875,109552080,76.65470035244044,864.8763929569614,866.7096701735506,24799.838802461043,20151.115299101457,570.7579661895995,73.46930674786513
2025-07-30,23613.75958112873,23747.67469018652,22631.712890625,22631.712890625,90865280,56.72323790805481,764.467695966825,846.2612753322055,24664.048379051805,20527.9537693857,609.7010971447367,32.65310054814868
2025-07-31,22854.90372454109,22988.8207494606,22408.51939565581,22676.349609375,55204600,57.32076219962432,680.648794738463,813.138779213457,24510.693947415,20904.500583835004,607.6011154775975,15.789422848298997
2025-08-01,22720.987829015885,22854.902931227163,22096.049406656675,22274.603515625,93865750,50.55510613873136,575.1739125682252,765.5458058844107,24322.1851701675,21258.171665769998,618.4048589842325,8.88889001893192
2025-08-04,22408.52009798763,22720.989329806784,22274.604986930848,22587.07421875,40763910,55.00364714939942,510.90864601669455,714.6183739108675,24172.996277678787,21559.13145669621,606.1177843554863,24.44449795349466
2025-08-05,22408.52009798763,22720.989329806784,22274.604986930848,22587.07421875,40763910,55.00364714939942,454.736045202626,662.6419081692192,23952.20001643201,21931.698616380494,594.7082528212327,24.44449795349466
2025-08-06,22720.98761069012,24149.418550651077,22720.98761069012,23569.119140625,237599010,66.1155417332203,483.8837614642216,626.8902788282197,23972.93087320163,22062.738658048373,663.82511561265,71.73915797248101
2025-08-07,23881.58937218289,24729.720938462156,23792.313273760818,24194.05859375,105791620,71.02009087494545,551.05866634622,611.7239563318199,24111.80443388282,22133.665878617183,699.3091643429719,79.66100410612178
2025-08-08,24417.251814704054,25488.574590359884,24104.78259188528,25443.9375,153031230,77.9075266546739,697.1141465518194,628.8019943758198,24659.367610535053,21885.180631652445,748.2007953523743,98.68425176106848
2025-08-11,25131.466796875,25399.29893399914,24818.997568613457,25131.466796875,73945300,73.22230655435257,778.6743197222859,658.776459445113,24987.664038018716,21771.148852606282,739.3964479262435,89.47368776508029
2025-08-12,25131.466796875,25399.29893399914,24818.997568613457,25131.466796875,73945300,73.22230655435257,833.7009588760993,693.7613593313102,25262.012052727547,21711.065486334952,728.0325134590606,89.47368776508029
2025-08-13,25310.020474740595,25979.59792879796,25131.466359121303,25443.9375,92615490,74.96817855439066,892.2385703270811,733.4568015304644,25563.13172902696,21677.776864723037,736.6110174746034,86.2069335365839
2025-08-14,25488.57342828205,25533.212434666668,24863.635011136757,25086.828125,87741500,69.39926192167542,899.4460528561722,766.654651795606,25752.199179035346,21667.263320964656,731.8229036214111,77.01149351661219
2025-08-15,25176.10546875,25399.298593686337,24997.55135241292,25176.10546875,83654890,69.99926075451208,901.9646827965589,793.7166579957966,25936.691580943643,21679.180294056354,708.2460705965544,79.31035352160512
2025-08-18,25265.382108852435,25711.766416334896,25176.10409652005,25354.658203125,75948840,71.21487707143731,907.9026915285285,816.5538647023429,26132.791182340086,21679.48987234741,695.9186598264325,83.90802323931347
2025-08-19,25265.382108852435,25711.766416334896,25176.10409652005,25354.658203125,75948840,71.21487707143733,902.2085081529658,833.6847933924676,26307.198101297272,21701.492133077725,684.4717783970336,83.90802323931347
2025-08-20,25533.21404353124,25622.490143865984,25086.8297057376,25131.466796875,69324090,67.26370726499661,869.6612322672336,840.8800811674208,26428.46837464955,21731.99256285045,673.8423969492729,78.16092351910866
2025-08-21,25176.10516363262,25220.74417169088,24149.419486652096,24461.890625,111108140,57.039335590947815,780.837076682772,828.8714802704911,26466.129550824204,21783.608535113293,702.2339889556666,59.036162076111275
2025-08-22,24506.52771499836,24818.99693528636,24372.612608883483,24461.890625,76979870,57.039335590947815,702.3470735703559,803.5665989304641,26492.473732289123,21882.252244273375,683.9590130590389,59.036162076111275
2025-08-25,23658.396386192773,23881.589510631733,23078.09694793537,23167.373046875,75152110,42.54043471271241,529.5817421239299,748.7696275691573,26501.612326649454,21837.402907725547,733.9472033451525,13.698644287239576
2025-08-26,23658.396386192773,23881.589510631733,23078.09694793537,23167.373046875,75152110,42.54043471271242,388.18916914312285,676.6535358839504,26509.872858725925,21793.431633461572,738.9147290130961,3.0768936329323306
2025-08-27,23301.289291763747,24283.3359375,23301.289291763747,24283.3359375,57184820,54.18406366183042,362.01038478758346,613.7249056646771,26481.40486921379,21987.06192766121,765.8467405568036,41.53846569461862
2025-08-28,24327.974180794503,24327.974180794503,23881.58984375,23881.58984375,94591750,50.23731867636182,305.326345294925,552.0451935907267,26427.5030996283,22161.487720684203,743.0279974487821,27.692318600414833
2025-08-29,24060.143487086934,24551.166823558106,23970.86738866487,24194.05859375,69482930,53.098800885413354,282.362552583636,498.1086653893086,26302.04439240047,22478.89193572453,737.7814961887337,38.46152915939613
2025-09-01,24194.05859375,24194.05859375,24194.05859375,24194.05859375,0,53.098800885413354,261.1531702305365,450.71756635755423,26188.484988840675,22753.149776784325,685.0828178895385,38.46152915939613
2025-09-02,24194.05859375,24194.05859375,24194.05859375,24194.05859375,0,53.098800885413354,241.560028270349,408.88605874011324,26031.799588738453,23070.53361438655,636.1483308974287,42.372881608898204
2025-09-03,24461.89124921452,25890.322280990127,24327.974221622477,25131.466796875,131052350,61.41274926624138,298.2354571460419,386.755938421299,26055.621679245174,23202.946289504827,711.8708563504786,73.01583641980686
2025-09-04,24461.89124921452,25890.322280990127,24327.974221622477,25131.466796875,131052350,61.41274926624138,339.2405885199223,377.2528684410237,26103.88103972613,23248.427749336373,772.6192279945623,73.01583641980686
2025-09-05,25399.29887128971,26693.814790337132,25310.02085311544,26649.17578125,155578610,71.04913279738435,488.5719285091982,399.5166804546586,26385.218652454543,23087.61396473296,829.02842552796,98.76541779439624
2025-09-08,25622.488858974517,26559.89841481079,25577.85177007553,25801.04296875,155945240,61.76627506310483,532.3443274636556,426.08220985645806,26478.576170733653,23061.21406364135,846.3352530741395,75.30858710495775
2025-09-09,25622.488858974517,26559.89841481079,25577.85177007553,25801.04296875,155945240,61.76627506310483,560.57234000674,452.9802358865145,26567.23167024119,23039.516181321305,856.0289239070767,75.30858710495775
2025-09-10,26068.87546708268,26113.512556623147,25176.104905375105,25756.40625,81247320,61.277597492528876,572.739251586001,476.93203902641187,26612.038840488847,23025.955886073654,861.841690145717,74.07406824326611
2025-09-11,25756.40625,26068.87546708268,25354.65901771662,25756.40625,57701380,61.277597492528876,575.7447891300253,496.69458904713457,26691.00111418194,23013.951424880557,851.2970300900271,74.07406824326611
2025-09-12,25622.48909786944,26068.875335500037,24997.550666858457,26024.236328125,78960090,63.29826140490087,592.9037231915208,515.9364158760118,26802.658817198288,22987.106807801712,867.0132899865666,81.4814515015541
2025-09-15,27006.28249865767,27541.944823391164,26872.36739698925,27095.55859375,97812550,70.0342634938212,685.0522001477839,549.7595727303662,27122.669851707662,22841.18581235484,913.4915189351093,89.47365032806952
2025-09-16,27006.28249865767,27541.944823391164,26872.36739698925,27095.55859375,97812550,70.0342634938212,749.4414376474415,589.6959457137814,27406.09470880861,22731.850994316388,896.0690837541667,87.80483772410169
2025-09-17,27274.1135482949,27274.1135482949,26559.899011215068,26738.453125,73541160,65.39443323944637,762.861156840645,624.3289879391541,27603.07533495881,22695.56900097869,883.0794732774285,77.50002028581753
2025-09-18,26693.813422968185,27006.28263445227,26068.875,26068.875,136867060,57.67839873860193,711.2679678115019,641.7167839136237,27693.86516827314,22765.47760516436,886.9600562184886,56.000003514185956
2025-09-19,26202.790439565262,26247.429446940296,25533.213001179247,26024.236328125,83255700,57.19389432192535,659.1794160543504,645.209310341769,27768.554156551694,22847.02318719831,874.6212269001,54.6666645410816
2025-09-22,26113.511717651167,26113.511717651167,25265.382108852435,25354.658203125,72681180,50.36032305053005,557.4436414177871,627.6561765569726,27662.362991256672,23171.94286811833,872.7289684642882,31.944411095033864
2025-09-23,26113.511717651167,26113.511717651167,25265.382108852435,25354.658203125,72681180,50.36032305053005,471.3834915866573,596.4016395629096,27507.89280213146,23545.141572868542,870.97187134532,31.944411095033864
2025-09-24,25488.57354930686,25756.405670826443,25399.29745417356,25577.8515625,27390000,52.5519460210119,416.3901550983137,560.3993426699905,27484.22898989857,23698.256947601432,837.4558425136146,22.80703617211297
2025-09-25,25577.8527048974,25934.9609375,25220.744472294795,25934.9609375,33812790,55.90636614372551,397.04637830433785,527.7287497968599,27411.041500680145,23976.781546194852,828.6530298487282,36.84217982637444
2025-09-26,26024.23679928767,26158.1519057774,25667.128569941782,25711.767578125,37878940,53.36693740195177,359.56165410473113,494.0953306584342,27335.28872011551,24204.305225196993,804.5366231335059,28.070215042461022
2025-09-29,25488.573883443245,25801.043097595804,25354.658779957845,25533.212890625,42714320,51.35714896628964,311.852032961393,457.64667111902594,27222.735991508856,24450.773383491145,778.9543155981098,21.052643215330285
2025-09-30,25488.573883443245,25801.043097595804,25354.658779957845,25533.212890625,42714320,51.35714896628964,270.9188308352859,420.30110306227795,27067.056519061312,24740.368285626188,755.1993157438135,21.052643215330285
2025-10-01,25488.575034333888,25533.21404353124,24908.27558700816,25131.466796875,59110920,46.76179461187076,203.7131427070235,376.9835109912271,27067.056519061312,24740.368285626188,745.8949686566182,8.474534568864975
2025-10-02,25265.3828125,25443.936924077727,25086.828700922277,25265.3828125,32833350,48.41861946754622,159.4203553320949,333.47087985940067,27056.450362832074,24764.366043417926,718.1244868351062,13.559304280072745
2025-10-03,25310.01932080342,25577.851441051283,25042.189118615384,25086.828125,33182490,46.347510151969644,108.65759408014856,288.5082227035503,26979.293330457054,24685.288310167947,705.0914750923057,6.779611331795718
2025-10-06,25086.828358747192,26068.875,25086.828358747192,26068.875,78396450,57.1930375675876,145.9878584089056,260.0041498446214,26997.393190374856,24693.971653375145,724.8740036571411,49.05658933465627
2025-10-07,25086.828358747192,26068.875,25086.828358747192,26068.875,78396450,57.1930375675876,173.57153720313,242.7176273163231,27014.820726166687,24703.327320708315,743.2434777711173,55.319137960272194
2025-10-08,26068.87638424848,26202.7914937011,25890.322265625,25890.322265625,45538460,54.854849305743585,178.9611353715045,229.9663289273594,27020.563376067075,24710.976272370426,712.4738885071877,73.33337176555703
2025-10-09,26113.512088740696,26247.429109142315,25667.12777491483,26068.875,65948300,56.75864479260027,195.38783485103704,223.05063011209495,27038.409677485623,24724.376845951876,703.0329917729233,86.6666438021415
2025-10-10,26247.42886192624,26247.42886192624,25756.405545924623,25845.681640625,46806870,53.7096216156496,188.22651563442196,216.08580721656037,27027.595073473214,24717.335981214284,687.8894435035444,69.9998945694392
2025-10-13,25934.961274795856,26113.513475359385,25756.40715617238,25890.322265625,88261470,54.23911049925291,184.0318394318383,209.67501365961598,26814.282892418683,24810.12452945632,664.2620774809345,73.33339026370868
2025-10-14,25934.961274795856,26113.513475359385,25756.40715617238,25890.322265625,88261470,54.23911049925291,178.64818326820023,203.46964758133285,26554.07664910041,24949.80713996209,642.3223804599396,73.33339026370868
2025-10-15,25934.959871651357,26113.51206255477,25265.382442554062,25310.01953125,92738690,46.261394789719134,126.10238628650768,187.99619532236784,26357.404037893597,25003.6363917939,657.0228975699946,29.9998422586827
2025-10-16,25354.65924657492,25622.489458474764,25176.105132621728,25220.744140625,38085520,45.16089401274048,76.37527901411158,165.6720120607166,26318.813609415352,24957.413734334645,641.9772853044975,23.333288413330795
2025-10-17,25220.744140625,25711.76747448131,24997.55101866853,25220.744140625,49186830,45.16089401274047,36.54492113386368,139.84659387534603,26277.528808522984,24918.34931647702,647.137226055089,23.333288413330795
2025-10-20,24908.27447670515,25220.74369103817,23256.650390625,23256.650390625,113259410,28.103031191419944,-151.7575093550331,81.52577322927021,26740.867589654285,24245.20975409572,741.2055491940112,0.0
2025-10-21,24908.27447670515,25220.74369103817,23256.650390625,23256.650390625,113259410,28.103031191419944,-297.5584733066753,5.708923922081105,26988.02757607373,23788.24898642627,828.5546742810939,0.0
2025-10-22,23479.84418487242,24104.78263153801,23212.01205197294,23926.228515625,81703380,37.4448898081241,-354.98537841628786,-66.4299365455927,27029.879326105623,23581.234931706877,833.1415246585209,23.529434347914314
2025-10-23,24015.503325075824,24015.503325075824,23345.92590586893,23836.94921875,40995680,36.75905234569877,-403.05454566409026,-133.7548583692922,27016.591321517833,23384.721764419668,821.458374269119,20.588181294593998
2025-10-24,23881.589609740207,24104.78273510542,23658.396484375,23658.396484375,25787740,35.36400014630095,-450.3658829090782,-197.0770632772494,27021.26401879614,23174.711957766358,794.6675083020689,14.705868221559278
2025-10-27,23881.589407006075,23970.867423618238,23435.205078125,23435.205078125,30129880,33.64512646075211,-500.1052378541899,-257.68269819263753,27041.2215481996,22944.9536471129,776.1671395300095,7.35296079413205
2025-10-28,23881.589407006075,23970.867423618238,23435.205078125,23435.205078125,30129880,33.64512646075211,-533.3756129496069,-312.82128114403145,27032.49330264405,22743.88111141845,758.9882256702401,7.35296079413205
2025-10-29,23524.481275305738,23926.228515625,23345.92715939272,23926.228515625,31363310,40.96624004519505,-514.1938307542805,-353.0957910660813,27010.83887468512,22645.01171125238,746.2248778532431,23.52943626424237
2025-10-30,24015.50344809415,24595.804776140605,24015.50344809415,24327.97265625,43393790,46.19675887518505,-461.2576445313971,-374.7281617591445,26964.674535523165,22597.435034789338,740.7499766148405,38.4614873969141
2025-10-31,24461.890141897,24461.890141897,24015.50390625,24015.50390625,26062850,43.00517155201267,-439.4532092339068,-387.673171254097,26931.986908422805,22522.990240014697,719.7239951171379,27.69227848040402
2025-11-03,23881.58881929103,24015.50392285377,23256.650390625,23256.650390625,31192260,36.42379857152876,-477.89727160927214,-405.71799132513206,26789.87665605291,22383.878031447086,722.5189620536833,1.538457297579324
2025-11-04,23345.92748846063,23970.86786199487,23167.373370030844,23881.58984375,41543810,44.021492752307786,-452.71842083801675,-415.118077227709,26585.873933127215,22369.15223874778,728.3029284758505,28.07019842051598
2025-11-05,23345.92748846063,23970.86786199487,23167.373370030844,23881.58984375,41543810,44.021492752307786,-427.83221671993306,-417.66090512615386,26391.340095713284,22362.812833974218,733.6737544392917,28.07019842051598
2025-11-06,23524.480259205968,23658.395360841518,23301.2890625,23301.2890625,23328360,39.002011694129436,-449.75069784713196,-424.0788636703495,26140.725726887114,22336.668609050383,722.718542068628,6.521750660322236
2025-11-07,23345.926486980206,23703.03470852076,23212.011383417463,23256.650390625,60610220,38.63705539178873,-465.35885263656746,-432.33486146359314,25899.92308219321,22318.56812874429,706.1688837139617,4.347828527606227
2025-11-10,23390.56663674489,23881.58998583316,23301.290536028824,23613.759765625,52819690,43.21491832014322,-443.7968716010946,-434.62726349109346,25587.842508309288,22402.992452628212,700.366791677833,31.25011069378963
2025-11-11,23747.673828125,24015.50403651811,23613.758723928444,23747.673828125,34465310,44.875687942872,-411.1634641334058,-429.9345036195559,25209.074187567636,22567.49592961986,679.0366860286781,40.62501395671257
2025-11-12,23792.313972382748,24194.05930416852,23792.313972382748,24104.783203125,33729190,49.146910762708394,-352.4229985774218,-414.4322026111291,24974.111457841434,22681.935026533567,662.4187424583098,65.62512061024547
2025-11-13,24104.78239258673,24149.41948257756,23703.03515625,23703.03515625,20820250,44.92921648483401,-334.4333270398056,-398.4324274968644,24692.461358042645,22811.814227894858,646.9877127346848,37.50000062502096
2025-11-14,23658.395684956347,24060.142913426676,23658.395684956347,24015.50390625,24323420,48.622315080964135,-291.60136697996495,-377.0662153934846,24347.204840823804,23036.546721676197,629.4705352872309,59.37495721471034
2025-11-17,24149.420152861392,24417.252290539716,24149.420152861392,24372.61328125,35374130,52.53956021790096,-226.23311346322225,-346.89959500743214,24436.170469689998,23059.177381872505,613.204667358837,84.37506386824325
2025-11-18,24327.97289982483,24640.44211110916,24238.696804340667,24551.166015625,38531130,54.41116708701051,-158.19699171547836,-309.15907434904136,24548.29693574325,23076.502478319253,598.1004273166698,93.93944810621603
2025-11-19,24551.16725936818,25310.020822635943,24506.5282503348,24640.443359375,61952770,55.359094976755514,-95.96768381664515,-266.52079624256214,24671.394198180027,23024.826700257476,612.7712948155607,68.74999373103357
2025-11-20,24729.719877055995,24818.995971646316,24238.696561659683,24327.97265625,25354230,51.33573115409998,-71.04531709315415,-227.42570041268056,24723.372727670918,23021.950514516582,610.4518744706374,54.16660052068121
2025-11-21,24238.697502768613,24506.52771499836,24015.504380537222,24461.890625,24868690,52.91514448425764,-40.02669816913112,-189.94589996397067,24796.205562016716,23029.46709423328,601.9212644699589,60.41671733701411
2025-11-24,24461.89072513603,24595.80583179909,24194.05859375,24194.05859375,16178580,49.45790356311422,-36.633734859206015,-159.28346694301774,24812.696344537428,23088.86166327507,587.6231197256112,47.91666601385494
2025-11-25,24238.697024073503,24417.25113472033,24015.50390625,24015.50390625,26780820,47.24190007574247,-47.8016305866513,-136.98709967174446,24807.00455789142,23152.58333273358,574.3462703502339,38.29785070613613
2025-11-26,24060.143487086934,24283.33661023198,23970.86738866487,24194.05859375,20924420,49.67042562686432,-41.76297973964756,-117.94227568532509,24825.401397307145,23160.969501130352,555.6407668657254,46.8085220197272
2025-11-27,24283.33603125017,24372.612127543656,24015.50390625,24015.50390625,15351820,47.32444848691222,-50.79959041803886,-104.51373863186785,24794.91394632173,23160.21007711577,541.4598707534348,35.55546381627623
2025-11-28,24015.50437648528,24149.41948257756,23703.03515625,23703.03515625,22868230,43.45633663044304,-82.22692538922274,-100.05637598333884,24788.13447933836,23135.74266909914,534.6687604373009,5.263127224830528
2025-12-01,23792.31351043008,23881.589609740207,23658.396484375,23658.396484375,21721810,42.916665983748594,-109.4733419932636,-101.9397691853238,24753.761425644287,23210.290332168213,512.4205007892942,4.840194269069558e-05
2025-12-02,23703.035493060022,23792.31351043008,23390.56626838469,23658.396484375,28680520,42.916665983748594,-129.57269013610858,-107.46635337548076,24755.071159449228,23186.661262425772,504.5152680218727,13.95345440177856
2025-12-03,23747.674399711985,23970.867524118235,23613.759292292205,23926.228515625,23680360,47.45722483322248,-122.47791265387787,-110.4686652311602,24756.486907277616,23189.709381784884,493.986194007884,27.907003375199125
2025-12-04,24060.14405234192,24506.528391059182,24015.50504305221,24372.61328125,38589320,54.021493808447396,-79.91452548655798,-104.35783728223977,24761.64926791981,23291.679443017692,500.15145696690536,51.16281657673267
2025-12-05,24417.25243386725,24417.25243386725,24104.783203125,24104.783203125,19428310,49.98634624749497,-67.02179789265574,-96.89062940432297,24708.672514671576,23429.469477515922,486.7455836651442,37.2093693574795
2025-12-08,24015.50495305736,24194.059071487147,23881.58984375,23881.58984375,23601160,46.84603784571642,-73.96147533597832,-92.30479859065404,24692.45511523559,23472.469884764414,474.2972725274301,25.58141187962903
2025-12-09,23836.949342473985,24015.503449726584,23569.119140625,23569.119140625,43902980,42.792780886485126,-103.4821165982903,-94.5402621921813,24708.859144692222,23438.21038655778,472.30348942558396,12.499941147443874
2025-12-10,23792.3125,24104.781711405158,23747.673493210736,23792.3125,21678800,46.36267265461266,-107.62694229128465,-97.15759821200197,24705.25457341143,23410.567887526075,476.82913809376777,33.333309311318786
2025-12-11,23836.95026234228,24015.50437648528,23658.396148199277,23703.03515625,18856420,45.14901236640256,-116.7696343750722,-101.08000544461602,24705.25457341143,23410.567887526075,468.2776445360704,25.925873772355857
2025-12-12,23747.674058799275,23836.95015644421,23212.01171875,23212.01171875,40797020,39.088331015784206,-161.7719649606588,-113.21839734782459,24767.750134706454,23267.723107481048,479.4677011902233,0.0
2025-12-15,23435.205078125,23569.12018498333,23256.65096296059,23435.205078125,26333340,42.84409288299749,-177.3820475495304,-126.05112738816575,24744.29876956288,23197.43365231212,470.72775583615953,17.241443401177957
2025-12-16,23524.48001219476,24060.14233117224,23435.203918061758,23836.94921875,32262890,48.946184440623895,-155.542755766739,-131.9494530638804,24660.21373518415,23210.097007003355,481.7428027843254,48.27573976974936
2025-12-17,23836.949342473985,23836.949342473985,23569.119140625,23569.119140625,18201260,45.46155676710768,-158.02499486692977,-137.1645614244903,24542.734155061753,23220.44416525075,466.46333128894395,27.58615856511027
2025-12-18,23836.949342473985,23836.949342473985,23569.119140625,23569.119140625,18201260,45.46155676710768,-158.16891444836438,-141.36543202926512,24483.691170312177,23203.601798437823,452.27525061466116,27.58615856511027
2025-12-19,23569.11901829117,23836.94921875,23569.11901829117,23836.94921875,32538660,49.621187975254465,-135.11381484608864,-140.11510859262984,24382.563406698864,23242.235421426136,439.1006041749589,48.27573976974936
2025-12-22,23836.949795603174,24194.05801689683,23747.673699309693,24015.50390625,60368990,52.23662169720564,-101.26726527341089,-132.34553992878605,24353.716938756206,23253.226420618794,439.6208694186859,62.068894490691726
2025-12-23,24149.420062364712,24283.337089732013,23792.31374356508,23881.58984375,32547350,50.13443383474297,-84.27787369626094,-122.73200668228104,24339.363325437214,23254.18862768779,443.29247490070367,51.72417932675941
2025-12-24,23970.867286494456,23970.867286494456,23658.396148199277,23703.03515625,25450590,47.395608719346,-84.25034398543357,-115.03567414291156,24282.60207704683,23261.847532328167,433.9480937145948,40.740694480457556
2025-12-25,23970.867286494456,23970.867286494456,23658.396148199277,23703.03515625,25450590,47.395608719346,-83.26865724349773,-108.6822707630288,24254.60246861876,23258.600265756242,425.2711683274937,45.8332688462247
2025-12-26,24194.05801689683,24729.72034883731,23792.31270648636,24015.50390625,103438500,52.645977010430066,-56.62431683606701,-98.27067997763643,24282.60207704683,23261.847532328167,468.2293129174805,52.94113583934603
2025-12-29,24104.781337268647,24104.781337268647,23792.31213071341,23836.94921875,18177720,49.59952305454802,-49.34750877513943,-88.48604573713703,24289.388165826877,23272.916716985626,457.10359103446314,41.17638179101936
2025-12-30,23836.95060105518,23970.867627110263,23658.396484375,23658.396484375,27040090,46.68992789950774,-57.32746407611921,-82.25432940493347,24289.388165826877,23272.916716985626,446.7727018702346,29.41175643175469
