title,date,stock
JPMorgan Chase & Co. (JPM),2009-05-15,JPM
"JPM: JPMorgan Chase & Co Latest Stock Price, Analysis, News and Trading Ideas",2010-04-18,JPM
"J.P. Morgan Says Apple and Other Underperforming Stocks Should Lead the Market in Second Quarter (AAPL, BRCM, CHKP, ESRX, MYL, TASR, CHS)",2013-04-05,JPM
Should I buy JPMorgan Chase & Co. (JPM),2016-05-23,JPM
JPMorgan Chase & Co. (JPM) Stock Rolls Toward $100 Per Share - U.S. News,2017-07-10,JPM
JPM Stock Price and Chart — NYSE:JPM,2017-07-20,JPM
JP Morgan Chase & Company (JPM-N) Stock Price and News,2017-11-15,JPM
JPM News Today | Why did JPMorgan Chase & Co. stock go down today? $JPM,2018-06-20,JPM
Stocks To Watch: Oracle Looks To Lift Tech Sector,2018-09-15,JPM
Deutsche (DB) to Shift Large Portion of Assets From London,2018-09-17,JPM
"The Zacks Analyst Blog Highlights: JPMorgan, Mastercard, AbbVie, CVS Health and Estee Lauder",2018-09-17,JPM
Wells Fargo Faces New Challenge as Business Loans Decline,2018-09-17,JPM
JPMorgan pulls ahead of Fidelity in Europe ETF race: Financial News,2018-09-17,JPM
9/15/2018: 10th Anniversary Of The Lehman Bankruptcy,2018-09-17,JPM
The Great Divergence: It Won't Last Much Longer.,2018-09-17,JPM
Morgan Stanley's China M&A Move,2018-09-17,JPM
"Banks need to ""disrupt themselves"" before someone else does: Morgan Stanley",2018-09-17,JPM
JPMorgan - 5.75% Forever,2018-09-18,JPM
TCA by E*Trade continues expanding ETF trading platform,2018-09-18,JPM
Why Did Amazon (AMZN) Stock Climb Today?,2018-09-18,JPM
JPMorgan Chase declares $0.80 dividend,2018-09-18,JPM
Should WisdomTree U.S. Earnings 500 Fund (EPS) Be on Your Investing Radar?,2018-09-19,JPM
"Goldman +2.4% as new investment co-chief picked, investing app developments",2018-09-19,JPM
Financial stocks climb as 10-year yield breaches 3%,2018-09-19,JPM
Tesla Bull Sells (and Buys Again?) & Dow Rallies Near Highs | Free Lunch,2018-09-19,JPM
This Is What Disruption Looks Like: The Coming Shakeout In Transaction Banking,2018-09-19,JPM
"Blue Chips Rise; JPMorgan, Goldman Lead Dow; Oil Stocks Strong Again",2018-09-19,JPM
"Dow Jones Closes at —6,4…5.76 on Wednesday",2018-09-19,JPM
BofA to Divest Alternative Investment Feeder Funds Business,2018-09-19,JPM
Biggest risks to the financial system?,2018-09-20,JPM
Sky Takeover Settled By Rare Auction (Wall Street Breakfast Podcast),2018-09-20,JPM
Why Buy Bank Of America When You Could Buy JPMorgan?,2018-09-20,JPM
"Stock Market News For Sep 20, 2018",2018-09-20,JPM
"History In The Making: Hope For The Best, Prepare For The Worst",2018-09-20,JPM
Is Goldman Sachs Mulling the Spin-Off of Fintech App Simon?,2018-09-20,JPM
Bank Of America: Dividend Growth And Share Buybacks Make This Stock A Buy,2018-09-20,JPM
"Paragon Associates & Paragon Associates Ii Joint V Buys Exxon Mobil Corp, Goldman Sachs ...",2018-09-20,JPM
"Apple, Techs, Banks Rise; Tilray Stock Shows Signs Of A Near-Term Market Top",2018-09-20,JPM
"Blue Chips, Techs, China Stocks Power Market Higher; IPO Eventbrite Soars",2018-09-20,JPM
These 5 Bank Stocks Are Near Buy Points: Investing Action Plan,2018-09-20,JPM
Wall Street Breakfast: Sky Takeover Settled By Rare Auction,2018-09-20,JPM
"Bank Stock Roundup: Economic Growth Inspires Optimism, WFC & BofA in Focus",2018-09-21,JPM
Let's Talk About General Electric's Downgrade,2018-09-21,JPM
"Dow 30 Stock Roundup: JPMorgan Ups Dividend, Disney's ESPN+ Hits 1M Paid Subscribers",2018-09-21,JPM
The Market Rally Is Sustainable - Cramer's Mad Money (9/20/18),2018-09-21,JPM
Breakout Alert: Buy Bank Stocks,2018-09-23,JPM
"The Top 20 S&P 500 Companies From 2008 Didn't Need Any Babysitting, At All",2018-09-23,JPM
Is The Great Rotation Into Equities After A 37-Year Run In Bonds Finally Upon Us?,2018-09-23,JPM
My Current View On Long-Term Bank Investing,2018-09-23,JPM
"7 Dividend Increases: September 17-21, 2018",2018-09-23,JPM
The Dogs Of The Dow September Update By Dividend Dogcatcher,2018-09-23,JPM
Is It Time To Bail Out On Wells Fargo?,2018-09-24,JPM
"Trade war dimming prospects for large scale M&A, J.P. Morgan banker says",2018-09-24,JPM
Wall Street Breakfast: Latest U.S.-China Tariffs Take Effect,2018-09-24,JPM
"OPEC, Russia Reject Trump Demand for Output Boost: 5 Picks",2018-09-24,JPM
"JPMorgan Chase expands in Philadelphia, Delaware Valley region",2018-09-24,JPM
Walking Towards And/Or Blindly Falling Off The Cliff,2018-09-24,JPM
Game Plan For The Week - Cramer's Mad Money (9/21/18),2018-09-24,JPM
Dimon: Growing business better idea than buybacks,2018-09-24,JPM
"'Safer' Dividend Dow Dogs: Intel, Chevron, DowDupont, McDonald's, And Boeing Cast Biggest Gains Per Broker September Targets",2018-09-24,JPM
SPY: Will Bears Get Slaughtered?,2018-09-24,JPM
Dow Jones Futures: So Much For The Stock Market Rotation Out Of Big Techs,2018-09-24,JPM
Latest U.S.-China Tariffs Take Effect (Wall Street Breakfast Podcast),2018-09-24,JPM
Why Bank Of America Shares Dropped And Then Popped - Future Implications,2018-09-24,JPM
The Challenges Facing Goldman's New CEO,2018-09-24,JPM
Charts Of The Day: Perspectives,2018-09-24,JPM
Interactive Brokers - U.S. Fixed Income Calendar: The Week Ahead,2018-09-25,JPM
Down With The Dow,2018-09-25,JPM
Investors Are Thinking Short Term - Cramer's Mad Money (9/24/18),2018-09-25,JPM
JPMorgan to Open Additional Branches in Florida & Georgia,2018-09-26,JPM
"Credit Suisse, JPMorgan vie to lead Lyft IPO: Financial Times",2018-09-26,JPM
Looking Ahead to the Q3 Earnings Season,2018-09-26,JPM
Chase adds feature to lock/unlock credit cards,2018-09-27,JPM
JPMorgan: Industry Dominance Is Their Recipe For Success,2018-09-27,JPM
U.S. Bancorp to Vend ATM & Debit Servicing Business to Fiserv,2018-09-27,JPM
Fed Announces 2018's Third Rate Hike: 5 Bank Picks,2018-09-27,JPM
Royal Bank Of Canada: Time To Buy?,2018-09-27,JPM
Best And Worst-Performing Stocks In The S&P 500 Over The Last 20 Years And How They Have Performed In 2018,2018-09-27,JPM
"Into Weakness, Citigroup Prepares To Report Earnings",2018-09-27,JPM
JPMorgan considers blending different kinds of debt in EM bond indexes,2018-09-27,JPM
"JPMorgan, Goldman working on Perella Weinberg IPO: Bloomberg",2018-09-27,JPM
Is Chesapeake Energy Really Paying Over 7% To Borrow $1.25B?,2018-09-28,JPM
Antitrust Lawsuit Against Big Wall Street Banks Gets Approval,2018-09-28,JPM
5 Top Stocks to Buy Ahead of the Fourth Quarter,2018-09-28,JPM
Accumulating High Quality Dividend Champ Texas Bank Reasonably Priced With Insider Buying,2018-09-28,JPM
"3 Upcoming Dividend Increases, Including A 42% Raise",2018-09-28,JPM
"Goldman, JPMorgan among banks facing stock-lending antitrust case: Reuters",2018-09-28,JPM
Citigroup: Case For Big Gains,2018-09-28,JPM
Has the Earnings Picture Started Weakening?,2018-09-28,JPM
JPMorgan: Setting Up For New Highs,2018-09-28,JPM
Would Tesla be Better Off with a New CEO?,2018-09-28,JPM
"A Week of Yields: JPMorgan, American Express",2018-09-30,JPM
Expected Dividend Increases In October 2018,2018-10-01,JPM
"JPMorgan, Pepsi, Lennar, Costco and Constellation Brands are part of Zacks Earnings Preview",2018-10-01,JPM
Banks climb after Goldman analyst sees promising Q3 reports ahead,2018-10-01,JPM
"New Preferred Stock IPOs, September 2018",2018-10-02,JPM
Fed rethinks 'big bank' definition,2018-10-02,JPM
"BofA's Branch Expansion, Loan Growth Offset Fee Income Woes",2018-10-02,JPM
JPMorgan Chase: A New Preferred Stock With An Old Symbol,2018-10-02,JPM
Time to Buy Square (SQ) As Stock Jumps Again?,2018-10-02,JPM
Wall Street Breakfast: Big Day For Fedspeak,2018-10-03,JPM
"JPMorgan to Expand in New England Region, Open 60 Branches",2018-10-03,JPM
Dimon: Shareholder meetings are a 'farce',2018-10-03,JPM
JPMorgan Chase goes ex-dividend tomorrow,2018-10-03,JPM
Second-tier U.S. banks may be ripe to get back into M&A: Wells Fargo report,2018-10-03,JPM
"Bank stocks gain as Treasuries, homebuilders sink",2018-10-03,JPM
What Will Trigger The Next Bear Market?,2018-10-03,JPM
Big Day For Fedspeak (Wall Street Breakfast Podcast),2018-10-03,JPM
U.S. Stock Market Dives On Troubling News,2018-10-04,JPM
"My Dividend Growth Portfolio - 35 Holdings, 6 Sells, 2 Buys",2018-10-04,JPM
Is More Regulatory Relief on the Cards for Bigger Banks?,2018-10-04,JPM
"Stock Market News For Oct 4, 2018",2018-10-04,JPM
"Waverton Investment Management Ltd Buys Intuit Inc, The Home Depot Inc, Union Pacific Corp, ...",2018-10-04,JPM
"JPMorgan, SVB Financial Near Buy Points With Jobs Report Due: Investing Action Plan",2018-10-04,JPM
US –…-Year Treasury Yield Nears 7-year High,2018-10-04,JPM
"Really Mean That, Just Because The U.S. 10-Year Treasury Has A 'P/E' Of Less Than 30x, I Should Not Buy The New Safe Haven At Under 20x?",2018-10-05,JPM
Wells Fargo to Re-Enter Private RMBS Market After a Decade,2018-10-05,JPM
Zacks Earnings Trends Highlights: JPMorgan and Wells Fargo,2018-10-05,JPM
"Zacks Value Investor Highlights: JP Morgan Chase, Wells Fargo, Bank OZK, First Republic Bank and Comerica",2018-10-05,JPM
"Bank Stock Roundup: Rise in Bond Yield, WFC Legal Woes, JPMorgan's Expansion",2018-10-05,JPM
US Jobless Rate Falls to a 48-Year Low - Rate Rises Ahead?,2018-10-05,JPM
JPMorgan Chase laying off about 400 mortgage employees: WSJ,2018-10-05,JPM
Nicholas Ward's Dividend Growth Portfolio: Third Quarter Update,2018-10-05,JPM
Everything You Need To Know For The Stock Market Next Week: Investing Action Plan,2018-10-05,JPM
"Upcoming Earnings to Watch: WBA, DAL, JPM",2018-10-05,JPM
5 Most-Held Financial Stocks as Interest Rates Set to Rise,2018-10-05,JPM
"Elm Advisors, Llc Buys Wells Fargo, Chevron Corp, Agilent Technologies Inc",2018-10-05,JPM
"Stocks To Watch: Spotlight On Banks, Google Hardware And IPOs",2018-10-06,JPM
My Dividend Growth Portfolio - Q3 2018 Summary,2018-10-07,JPM
"Dow Futures Edge Lower On Italy Weakness; Chevron, Exxon Mobil Slide",2018-10-08,JPM
Game Plan For The Week - Cramer's Mad Money (10/5/18),2018-10-08,JPM
"JPMorgan to Trim Mortgage Banking Division, Slash 400 Jobs",2018-10-08,JPM
"Dow Futures Edge Lower On Italy Weakness; Boeing, Chevron Slide",2018-10-08,JPM
Playing a split Congress,2018-10-08,JPM
Citigroup to Shift Consumer Business Headquarter to London,2018-10-08,JPM
"Chinese Markets Lose Billions Overnight, Plus Q3 Preview",2018-10-08,JPM
Q3 Earnings Season Starts Amid A Sell-Off In China,2018-10-08,JPM
What To Do About Emerging Markets,2018-10-08,JPM
Interest Rates And The Financial Sector,2018-10-08,JPM
"Road To Financial Independence: Best September Ever, Investing Into Technology Stocks Amid Mounting Trade Woes",2018-10-08,JPM
The Best Sports Apparel Stocks to Buy Right Now,2018-10-08,JPM
Citigroup: The Case For $100 In 2020,2018-10-08,JPM
Interactive Brokers - U.S. Fixed Income Calendar: The Week Ahead,2018-10-09,JPM
"Labor Market Strong, Futures Down",2018-10-09,JPM
John's August Dividend Increases And Income Tracker - Retirement Accounts,2018-10-09,JPM
Citi and Deutsche Bank Units Face Court Over Cartel Case,2018-10-09,JPM
5 Top Bank Stocks to Buy Ahead of Q3 Earnings,2018-10-09,JPM
JPMorgan wins legal fight over indictment in French tax probe,2018-10-09,JPM
"On Booking Profits and ""Known Unknowns""",2018-10-09,JPM
JPMorgan: Will It Manage To Impress Again?,2018-10-10,JPM
JPMorgan Chase Bank starts offer to buy bonds referable to Dufry due 2021,2018-10-10,JPM
Wall Street Gears Up for Blockbuster Q3 Earnings: 5 Picks,2018-10-10,JPM
"The Zacks Analyst Blog Highlights: JPMorgan, American Express, FedEx, PepsiCo and CVS",2018-10-10,JPM
"Dow Futures Edge Higher, Helped By McDonald's Upgrade",2018-10-10,JPM
5 Must-See Big Bank Earnings Charts,2018-10-10,JPM
Earnings Preview: JPMorgan To Continue As The King Of Wall Street,2018-10-10,JPM
Mute Trading Activities to Hurt JPMorgan (JPM) Q3 Earnings,2018-10-10,JPM
"Earnings Season Will Kick Off Friday: What To Expect From Citi, JPMorgan And Wells Fargo",2018-10-10,JPM
Every Investor Gets A Trophy,2018-10-11,JPM
Should WisdomTree U.S. Earnings 500 Fund (EPS) Be on Your Investing Radar?,2018-10-11,JPM
Banks kick off Q3 earnings tomorrow--here's a preview,2018-10-11,JPM
"Big Banks' Q3 Earnings Releases on Oct 12: JPM, C, WFC & PNC",2018-10-11,JPM
Value & Technical Strategists Discuss Stock Selloff and Inflation,2018-10-11,JPM
JPMorgan Chase: Can The Strength Continue?,2018-10-11,JPM
"Stock Gainers Today: Microsoft, Walgreens, Nike Lead Dow",2018-10-11,JPM
"JPMorgan, Citigroup, Wells Fargo, PNC To Report: Investing Action Plan",2018-10-11,JPM
"Dow Jones Loses More Than 1,400 Points In 3 Days, Undercuts Key 200-Day",2018-10-11,JPM
"My Oh My, Has Fixed Income Really Died?",2018-10-11,JPM
Notable earnings before Friday's open,2018-10-11,JPM
The October Pause That Refreshes,2018-10-11,JPM
Warren Buffett Teams Up With Dimon and Bezos: What to Make of Their Health Care Plans,2018-10-11,JPM
Zacks Earnings Trends Highlights: JPMorgan and Wells Fargo,2018-10-12,JPM
"Zacks Investment Ideas feature highlights: Wells Fargo, Citigroup and JP Morgan",2018-10-12,JPM
JPMorgan gains 1.4% after Q3 beat on strong consumer banking growth,2018-10-12,JPM
Wall Street Breakfast: Q3 Earnings Season Begins,2018-10-12,JPM
JPMorgan (JPM) Beats on Q3 Earnings & Revenues Estimates,2018-10-12,JPM
JPM kicks off earnings season with a beat,2018-10-12,JPM
"Q3 Earnings Reports to the Rescue: JPM, C, WFC",2018-10-12,JPM
"Stock Futures Jump: Netflix Leads FANG Bounce, Big Banks Report",2018-10-12,JPM
Q3 Begins Amid Interest Rate Backup And Wall Street Sell-Off (Wall Street Breakfast Podcast),2018-10-12,JPM
"Stock Market News For Oct 12, 2018",2018-10-12,JPM
"Regional bank stock dip as PNC's Q3 loans, deposits disappoint",2018-10-12,JPM
A Slew Of Earnings Reports,2018-10-12,JPM
"Bank Stock Roundup: Stocks Plunge on Trade War Worries, JPMorgan & Citi in Focus",2018-10-12,JPM
Stocks Snap Back With Dow Up 300 Points; Wall Street's Banks Report,2018-10-12,JPM
Stocks Rebound; Why Treasury Secretary Mnuchin Calls The Pullback 'Natural',2018-10-12,JPM
JPMorgan Chase & Co. 2018 Q3 - Results - Earnings Call Slides,2018-10-12,JPM
UBS To Make China Investment Banking Move,2018-10-12,JPM
"First Round of Bank Earnings is Positive, What???s on Deck?",2018-10-12,JPM
"Nasdaq Up, Small Caps Sink As These 4 Large Cap Stocks Sink To New Lows",2018-10-12,JPM
"Upcoming Tech Earnings to Watch: NFLX, IBM, PYPL",2018-10-12,JPM
JPMorgan Chase & Co. (JPM) CEO Jamie Dimon on Q3 2018 Results - Earnings Call Transcript,2018-10-12,JPM
Citigroup Rises on Strong 'rd-Quarter Earnings,2018-10-12,JPM
DGHM AllCap Value Quarterly Review,2018-10-13,JPM
Stocks To Watch: Was That A Speed Bump?,2018-10-13,JPM
"JPMorgan: Lovely Quarter, Investors Disagree",2018-10-14,JPM
Wells Fargo: The Part Of The Bank Earnings You Didn't Hear,2018-10-14,JPM
Citigroup: Now We're Talking,2018-10-14,JPM
Wall Street Breakfast: Sears Collapses Into Bankruptcy,2018-10-15,JPM
Sears Files For Bankruptcy (Wall Street Breakfast Podcast),2018-10-15,JPM
"Stock Market News For Oct 15, 2018",2018-10-15,JPM
"Zacks Investment Ideas feature highlights: JP Morgan Chase, Citigroup, Wells Fargo, Bank of America and Bank of New York Mellon",2018-10-15,JPM
"JPMorgan, Ford cancel plans for Saudi summit",2018-10-15,JPM
"Sears Bankruptcy, Retail Sales In Focus As Holiday Shopping Approaches",2018-10-15,JPM
Two more top finance execs pull out of Saudi conference,2018-10-15,JPM
"JPMorgan, Wells Fargo, Citigroup, Johnson & Johnson, Netflix and Schlumberger are part of Zacks Earnings Preview",2018-10-15,JPM
Tech Stocks Today: Netflix Pressured Ahead Of Q3 Results,2018-10-15,JPM
"""The Past Week: Painful, But Nowhere Near The Same Week 10 Years Ago",2018-10-15,JPM
Interactive Brokers - U.S. Fixed Income Calendar: The Week Ahead,2018-10-15,JPM
Wells Fargo: Catalysts To Propel Higher,2018-10-16,JPM
"Earnings At 3 Large Banks: JPMorgan Chase, Citigroup, And Wells Fargo",2018-10-16,JPM
Morgan Stanley (MS) Q3 Earnings Beat on Solid Underwriting,2018-10-16,JPM
European firms consider moving financial contracts as Brexit looms: WSJ,2018-10-16,JPM
"Top Stock Reports for JPMorgan, Citigroup & Nike",2018-10-16,JPM
WSJ: Lyft eyes first-half IPO at $15B-plus valuation,2018-10-16,JPM
"3 Stocks To Buy Ahead of Q3 Earnings: PYPL, AXP, ETFC",2018-10-16,JPM
XLF: Undervalued Banks Ready To Surge Higher?,2018-10-17,JPM
"The Zacks Analyst Blog Highlights: JPMorgan, Citigroup, NIKE, Constellation Brands and Marriott",2018-10-17,JPM
"Zacks Investment Ideas feature highlights: JP Morgan, Citigroup, Bank of America, Morgan Stanley and Goldman Sachs",2018-10-17,JPM
JPMorgan Chase (JPM) Gains As Market Dips: What You Should Know,2018-10-17,JPM
CNBC: Beyond Meat hires banks for IPO,2018-10-17,JPM
Earnings Review: JPMorgan Surprises No One With Its Strong Results,2018-10-17,JPM
Building A Dividend Growth Portfolio From Scratch: 15 'A' Rated Or Better Fairly Valued Opportunities,2018-10-17,JPM
"PNC Financial Hit By Worries On Growth, Cycle, And Margins",2018-10-18,JPM
Bear of the Day: Banco De Chile,2018-10-18,JPM
"Carlson Capital Management Buys Apple Inc, iShares Core MSCI Emerging Markets, Vanguard FTSE ...",2018-10-19,JPM
Dividend Growth Portfolio 2018 Q2/Q3 Update,2018-10-19,JPM
European Vs. American Banks In 2018: A Tale Of 2 Very Different Animals,2018-10-19,JPM
JPMorgan to build a fintech campus in Silicon Valley,2018-10-19,JPM
Stocks To Watch: Tech Earnings Bellwethers Set To Test Rally,2018-10-20,JPM
"Morgan Stanley: Cheap And Well Run, But Is It A Buy?",2018-10-21,JPM
'Fore'! 4 Attractive Preferreds Below 'Par',2018-10-21,JPM
Banks see customers pull billions from accounts that don't pay interest: WSJ,2018-10-22,JPM
Some big U.S. lenders to share underwriting models with Credit Karma,2018-10-22,JPM
"General Electric's On A Mission To Save The World, One Business At A Time",2018-10-22,JPM
Buy 5 Top Bank Stocks on Surging U.S. Government Bond Yields,2018-10-22,JPM
"Goldman Sachs: Results Were Solid, But I Maintain My Distance",2018-10-22,JPM
"Zelle chalks up $32B, 116M in payments in Q3",2018-10-23,JPM
Reports: JPMorgan private bank chief resigns,2018-10-23,JPM
JPMorgan Chase (JPM) Dips More Than Broader Markets: What You Should Know,2018-10-23,JPM
"Stock Market News For Oct 23, 2018",2018-10-23,JPM
City National Bank names Kelly Coffey from JPMorgan as CEO,2018-10-24,JPM
Market Is Showing Signs Of A Bottom - Cramer's Mad Money (10/23/18),2018-10-24,JPM
Bank of America names Bowdoin College president Clayton Rose to board,2018-10-24,JPM
"Financials: Much More 'Black', Much Less 'Rock' - Part II",2018-10-24,JPM
Why Financial ETFs Are Down Despite Decent Bank Earnings,2018-10-24,JPM
Deutsche Bank: From Bad To Worse,2018-10-25,JPM
Markets In Free Fall Except For A Few Goodfellas,2018-10-25,JPM
The Signal Event - Will The Dam Hold?,2018-10-25,JPM
Your Dogs Of The Dow October Update By Dividend Dogcatcher,2018-10-26,JPM
"Dow 30 Stock Roundup: Boeing, Caterpillar, Intel, Microsoft Earnings Impress",2018-10-26,JPM
JPMorgan growth was quietly restrained by U.S. for years: Bloomberg,2018-10-26,JPM
"The Zacks Analyst Blog Highlights: Goldman, JPMorgan, Caterpillar, 3M and Microsoft",2018-10-26,JPM
3 Falling Knives Catching My Attention,2018-10-26,JPM
AMJ: Play MLP Growth With This Solid ETN,2018-10-26,JPM
"Rossmore Private Capital Buys Exxon Mobil Corp, Chevron Corp, , Sells Charles Schwab Corp, ...",2018-10-26,JPM
JPMorgan says leverage loans have more appeal than bonds: Bloomberg,2018-10-26,JPM
JPMorgan says mid-cycle stress test ratios exceed regulatory thresholds,2018-10-26,JPM
Weekly Top Insider Buys Highlight for the Week of Oct. —6,2018-10-27,JPM
The 24 'Safer' Dividend Dogs Of The Dow For October By Dividend Dogcatcher,2018-10-28,JPM
JPMorgan Chase (JPM) Gains As Market Dips: What You Should Know,2018-10-29,JPM
"QUANTRES ASSET MANAGEMENT Ltd Buys DowDuPont Inc, Fortive Corp, Wells Fargo, Sells Red Hat Inc, ...",2018-10-29,JPM
XLF: Why Banks Are Poised To Move Higher,2018-10-29,JPM
"(Bank Of) America: Don't Let Me Down, Again",2018-10-29,JPM
Tracking Ken Fisher's Fisher Asset Management Portfolio - Q3 2018 Update,2018-10-30,JPM
A Forgotten Equity: Chesapeake Is Building A Monopoly,2018-10-31,JPM
Markets In Turmoil: Is A Recession Or An End-Of-Year Rally Coming Our Way Soon?,2018-10-31,JPM
KeyCorp (KEY) Plans to Reduce Expenses by $200M in 2019,2018-10-31,JPM
JPMorgan in settlement talks with SEC on pre-released ADRs,2018-10-31,JPM
Will Fed's Cautious Approach to Supervise Banks Be Fruitful?,2018-11-01,JPM
Play Visa's Q4 Earnings Beat With These 3 Funds,2018-11-01,JPM
Asset Managers: If You Are Not Growing - You Are Dying,2018-11-01,JPM
"First Long Island Investors, LLC Buys Barnes Group Inc, Wells Fargo, Citigroup Inc, Sells The ...",2018-11-02,JPM
Major Regional Banks Stock Outlook: Prospects Look Bright,2018-11-02,JPM
Market Stalls At Resistance (Selling The Rally),2018-11-03,JPM
Deutsche Bank: Undervalued And Misunderstood? With Great Risk Comes Great Discount,2018-11-04,JPM
JPMorgan starts selling subscriptions to its trading software: CNBC,2018-11-05,JPM
TD Bank (TD) Completes Greystone Capital Deal for $792M,2018-11-05,JPM
Nicholas Ward's Dividend Growth Portfolio: October Update,2018-11-05,JPM
Here's What Looms On Election Eve,2018-11-05,JPM
Final Flush Is Coming For Orchids Paper Products,2018-11-05,JPM
Itau Unibanco (ITUB) Receives Approval for 50% Stock Split,2018-11-05,JPM
Keep An Eye On Insider Buying - Cramer's Mad Money (11/5/18),2018-11-06,JPM
"The Zacks Analyst Blog Highlights: Bancorp, Bank of Commerce Holdings, JPMorgan Chase, U.S. Bancorp and Citigroup",2018-11-06,JPM
Interactive Brokers - U.S. Fixed Income Calendar: The Week Ahead,2018-11-06,JPM
The Rates Roller Coaster Ride: Not For The Faint Of Heart,2018-11-06,JPM
JPMorgan Chase (JPM) Gains But Lags Market: What You Should Know,2018-11-06,JPM
"Cash, Bonds, Rates And Yields Are All Still Sending Nervous Signals",2018-11-06,JPM
Bank stocks do fine in day after midterms,2018-11-07,JPM
Ally Financial (ALLY) Poised for Growth Despite High Costs,2018-11-07,JPM
Square (SQ) Stock Still Looks Strong Despite Q3 Selloff,2018-11-08,JPM
John's September Dividend Increases And Income Tracker - Retirement Accounts,2018-11-08,JPM
"Big Banks in Murky Waters, Now Accused for FX Manipulation",2018-11-08,JPM
"My Dividend Growth Portfolio - 34 Holdings, 2 Buys, 1 Sell",2018-11-08,JPM
BofA (BAC) Seeks to Strengthen Investment Banking Division,2018-11-08,JPM
Carlyle and JPMorgan invest in iCapital Network,2018-11-08,JPM
Banks get one-year reprieve for Fed's stress capital buffer rule,2018-11-09,JPM
The Ability to Pay,2018-11-09,JPM
Contest: AIG Too Far Below Book Value,2018-11-09,JPM
Wells Fargo (WFC) to Restructure Wealth Management Unit,2018-11-09,JPM
Fed on Course for December Rate Hike: 5 Bank Picks,2018-11-09,JPM
"Bank Stock Roundup: Restructuring, FX Manipulation, BofA & Wells Fargo Dominate",2018-11-09,JPM
Should iShares Russell Top 200 Value ETF (IWX) Be on Your Investing Radar?,2018-11-09,JPM
PNC Financial Rewards Shareholders With Share Buyback Plan,2018-11-09,JPM
Bitcoin: The Calm Before The Storm,2018-11-11,JPM
Why Is JP Morgan (JPM) Up 2.9% Since Last Earnings Report?,2018-11-11,JPM
Global Stocks Rally Ahead of the Festive Season,2018-11-11,JPM
Should iShares Morningstar Large-Cap Value ETF (JKF) Be on Your Investing Radar?,2018-11-12,JPM
New Week Starts with New Selloff,2018-11-13,JPM
Citigroup (C) May Boost Majority Stake to 51% in China JV,2018-11-13,JPM
Focus On The Financials,2018-11-13,JPM
"JPMorgan Chase, Visa tap into contactless cards",2018-11-14,JPM
Banks sink after Waters warns that bank reg rollbacks will end,2018-11-14,JPM
"Road To Financial Independence: Growing Dividends, Endless Opportunities But Limited Capital",2018-11-14,JPM
"JPMorgan Opens Washington DC Branch, Unveils Other Plans",2018-11-14,JPM
Waddell & Reed's New Moves to Fortify Broker-Dealer Business,2018-11-14,JPM
The Optimism Game: Which Player Matters Most for Stocks?,2018-11-14,JPM
Why is the Stock Market Sliding Today?,2018-11-14,JPM
"Berkshire buys JPMorgan, Oracle, exits Sanofi",2018-11-14,JPM
"Dow Jones Futures: Apple, JPMorgan, Cisco Systems Lead 5 Notable Stocks Moving Late",2018-11-14,JPM
Strategies For An Unstable Market,2018-11-14,JPM
"Stock Market News For Nov 15, 2018",2018-11-15,JPM
"Morning Call For Thursday, Nov. 15",2018-11-15,JPM
Tracking Warren Buffett's Berkshire Hathaway Portfolio - Q3 2018 Update,2018-11-15,JPM
"Sangamo's Shares Drop on Rating Downgrade, Pipeline Woes",2018-11-15,JPM
"Warren Buffett's Berkshire Buys 4 Stocks, Sells Walmart in 'rd Quarter",2018-11-15,JPM
"Oh Look, Another Hack Attack",2018-11-16,JPM
"Warren Buffett Buys Bank of America Corporation, JPMorgan Chase & Co, Oracle Corp, Sells ...",2018-11-16,JPM
JPMorgan: A Perfect Buffett Business,2018-11-16,JPM
"Deutsche Bank, BofA, JPMorgan drawn into Danske probe: Bloomberg",2018-11-16,JPM
"Bank Stock Roundup: Pause on Rule Easing, Business Expansion, C, JPM, WFC in Focus",2018-11-16,JPM
Is The Economy In 'Late Cycle' - Cramer's Mad Money (11/15/18),2018-11-16,JPM
Here Are Warren Buffett's Top New Holdings,2018-11-16,JPM
3 Concerns Facebook Bulls Should Be Worried About,2018-11-16,JPM
"Company News For Nov 16, 2018",2018-11-16,JPM
"Danske Bank Probe Expands As JPM, Deutsche Bank, BofA Face Scrutiny",2018-11-17,JPM
Is it Advisable to Add U.S. Bancorp (USB) to Your Portfolio?,2018-11-19,JPM
ClearBridge Large Cap Value Strategy Portfolio Manager Commentary Q3 2018,2018-11-19,JPM
Goldman Sachs: Why It's Always Wise To Avoid The Laggards,2018-11-19,JPM
"Top Stock Picks for the Week of Nov 19, 2018",2018-11-19,JPM
"Is There A Legitimate Rationale For Berkshire Buybacks? Yes, And They Come With A Treasure Trove Of Buffett Thinking",2018-11-19,JPM
Tracking George Soros's Portfolio - Q3 2018 Update,2018-11-19,JPM
U.S. Fixed Income Calendar: The Week Ahead (Nov 19 - 23),2018-11-19,JPM
"The Zacks Analyst Blog Highlights: Bank of America, Capital One Financial, Citigroup and JPMorgan Chase",2018-11-19,JPM
Tracking Glenn Greenberg's Brave Warrior Advisors Portfolio - Q3 2018 Update,2018-11-19,JPM
Deutsche Bank (DB) Unveils Bonds Buyback Plan: Worth a Look?,2018-11-20,JPM
Is it Advisable to Add Citigroup to Your Portfolio Right Now?,2018-11-20,JPM
First Midwest (FMBI) Dividend Up: Is the Stock Worth a Look?,2018-11-20,JPM
Top Holdings Of Dividend ETFs (Part 1: The Top 50),2018-11-20,JPM
Well Known Facts Can Hurt You,2018-11-20,JPM
PacWest Bancorp's Merger With El Dorado Savings Bank Offers Significant Upside In 2019,2018-11-20,JPM
Citigroup: Not Necessarily Cheaper Than Its Peers,2018-11-20,JPM
Societe Generale (SCGLY) to Pay $1.4B Fine for Pending Cases,2018-11-20,JPM
Deutsche Bank handled about $150B of Danske's fishy funds: WSJ,2018-11-20,JPM
FDIC-Insured Banks' Q3 Earnings Impress on Robust Revenues,2018-11-21,JPM
Deutsche Bank Hits All-Time Low Over Danske Bank Scandal,2018-11-21,JPM
Dozens of banks have exposure to GE's $41B in credit lines,2018-11-21,JPM
— Financial Stocks Buffett Bought Last Quarter,2018-11-21,JPM
JPMorgan Chase (JPM) Stock Sinks As Market Gains: What You Should Know,2018-11-21,JPM
"Goldman in More Trouble, Now Embroiled in Abu Dhabi Funds Case",2018-11-22,JPM
Higher Costs Hurt State Street (STT) Profits: Time to Sell?,2018-11-23,JPM
4 Reasons That Make JPMorgan Stock a Solid Investment Choice,2018-11-23,JPM
"Citi, JPMorgan to pay $182.5M to settle Euribor rate-rigging suit",2018-11-23,JPM
"George Soros Sells Spotify, Netflix, JPMorgan",2018-11-23,JPM
"Stocks To Watch: Eyes On Cyber Monday, Argentina And Mars",2018-11-24,JPM
"Eyes On Cyber Monday, Argentina And Mars (Stocks To Watch Podcast)",2018-11-25,JPM
Difficulty Getting Good Returns After Blindly Following Berkshire Hathaway Investments,2018-11-25,JPM
"Stock Market News: Amazon Leads FANG Rally, Helped By Strong Holiday Sales",2018-11-26,JPM
Should WisdomTree U.S. Earnings 500 Fund (EPS) Be on Your Investing Radar?,2018-11-26,JPM
"JPMorgan, Black Creek Group start $400M industrial real estate partnership",2018-11-26,JPM
XLF: Can Banks Recover?,2018-11-26,JPM
Top Holdings Of Dividend ETFs (Part 2: The Top 10 By Sector),2018-11-26,JPM
Buffet Loads Up on Banks,2018-11-26,JPM
"Financials rally, but still down YTD",2018-11-26,JPM
"The Zacks Analyst Blog Highlights: JPMorgan, Procter & Gamble, UnitedHealth, McDonald's and Philip Morris",2018-11-27,JPM
"VTV: Last December Saw A Boost For Value, Will This Year Repeat?",2018-11-27,JPM
JPMorgan Chase (JPM) Gains But Lags Market: What You Should Know,2018-11-28,JPM
"JPMorgan Humming Along, But The Market Wants More Than Consistency",2018-11-28,JPM
Microsoft Back On Top — Largest Companies In The S&P 500,2018-11-28,JPM
"People's United Expands in Greater Boston, To Buy BSB Bancorp",2018-11-28,JPM
Tracking Wallace Weitz's Weitz Investment Management Portfolio - Q3 2018 Update,2018-11-28,JPM
"JPMorgan's Global Income Funds prefers high-yield debt, agency mortgages",2018-11-28,JPM
Buffett Goes All in on the Banks: Should You?,2018-11-29,JPM
"Deutsche Bank: The Derivatives Myth, Evolved",2018-11-30,JPM
Interactive Brokers: The Ideal Stock For Rising Rates And Volatility,2018-11-30,JPM
"Fresh FDIC Data Show Improvements In The Banking System, But Concerns Remain",2018-11-30,JPM
"Zacks Value Investor Highlights: JP Morgan Chase, PNC Financial, Bank of America, Comerica and Western Alliance Bancorporation",2018-11-30,JPM
10 Dividend Growth Stocks For November 2018,2018-11-30,JPM
5 Of The Best Dividend Growth Stocks You Can Buy Right Now For Long-Term Gains,2018-11-30,JPM
Stocks To Watch: Favorable Trade Winds?,2018-12-01,JPM
Favorable Trade Winds? (Stocks To Watch Podcast),2018-12-02,JPM
Deutsche Bank: Police Raid Intensifying An Already Long And Deep Rout,2018-12-03,JPM
UBS Group AG Gets Nod to Boost Majority Stake in China JV,2018-12-03,JPM
"G20 Is Done, What Now?",2018-12-03,JPM
"Nasdaq, Small Caps Slammed As This Group Gets Hammered; Yield Curve Flattens More",2018-12-04,JPM
Italy And Greece: Unreal Forecasts + Unsustainable Debt = Unattractive Investments,2018-12-04,JPM
Banks get hammered by sliding Treasury yields,2018-12-04,JPM
"JPMorgan Private Bank expands operations in Benelux, Nordic region",2018-12-04,JPM
Today's Stock Market: Dow Jones Slammed On Economic Slowdown Worries,2018-12-04,JPM
JPMorgan Stock Faces Steeper Declines,2018-12-04,JPM
"Yield Curve Inverts, Dow Jones Tumbles; What's Going On?",2018-12-04,JPM
JPMorgan Chase & Co. (JPM) CEO Jamie Dimon Presents at Goldman Sachs U.S. Financial Services Conference (Transcript),2018-12-04,JPM
Crowded Trades Are Unwinding And It's Time To Take Advantage (William Koldus),2018-12-05,JPM
Wall Street Recalls Bush as 3rd-Best for a GOP President!,2018-12-05,JPM
JPMorgan set sights on mid-sized business customers in Europe: Reuters,2018-12-05,JPM
Blackstone plans IPO of U.S. benefits manager Alight: Reuters,2018-12-05,JPM
Warren Buffett's Big Banks Slump as Yield Curve Begins to Invert,2018-12-06,JPM
"Banks fall premarket after Citi, JPMorgan note weak trading",2018-12-06,JPM
Northern Trust (NTRS) to Boost FX Business With BEx Buyout,2018-12-06,JPM
JPMorgan (JPM) Seeks to Expand Commercial Banking in Europe,2018-12-06,JPM
March To Freedom Fund November Update,2018-12-06,JPM
John's October Dividend Increases And Income Tracker - Retirement Accounts,2018-12-06,JPM
Amazon Should Have A Happier Holiday Than Portrayed By Guidance,2018-12-06,JPM
"Stocks Mostly Lower, Nasdaq Closes With a Gain Thursday",2018-12-06,JPM
My 34 Holding Dividend Growth Portfolio Update,2018-12-06,JPM
Big Banks' Trading Outlook Indicates Mixed Q4 Performance,2018-12-06,JPM
JPMorgan Chase (JPM) Dips More Than Broader Markets: What You Should Know,2018-12-06,JPM
Three top CEOs do not see U.S. economic slowdown ahead,2018-12-06,JPM
"JPMorgan, Bank Of America, Citigroup Lead Bank Stock Retreat On These 3 Factors",2018-12-06,JPM
Nasdaq Rallies To A Gain After A Wild Ride In The Stock Market,2018-12-06,JPM
Stock Market Today: JPMorgan Weighs On Dow Jones As 10-Year Yield Dives Again,2018-12-06,JPM
"Goldilocks Is Dead: Stocks Slammed Despite Trade-Truce, OPEC Deal, & Jobs Gains",2018-12-07,JPM
Market Structure Is Still Broken,2018-12-07,JPM
Your Dogs Of The Dow Early December Update From The Dividend Dogcatcher,2018-12-07,JPM
JPMorgan Is A Long-Term Buy - Cramer's Lightning Round (12/6/18),2018-12-07,JPM
Gundlach At His Most Opportune While Distributing 10.84%,2018-12-07,JPM
"Bank Stock Roundup: Yield Curve Inversion, Outlook, WFC, C, JPM, BAC Dominate",2018-12-07,JPM
Amazon on a Hiring Spree to Boost Healthcare Initiatives,2018-12-07,JPM
Your 24 'Safer' Dividend Dogs Of The Dow For December From Dividend Dogcatcher,2018-12-09,JPM
"Tencent Music, Starbucks And Under Armour In Focus (Stocks To Watch Podcast)",2018-12-09,JPM
Berkshire Hathaway: Are Warren Buffett & Co. Losing Their Midas Touch?,2018-12-10,JPM
JPMorgan closes Europe property fund with total capacity of $5.3B,2018-12-10,JPM
"Goldman sells Simon to group including JPMorgan, Barclays, Wells Fargo",2018-12-10,JPM
Wells Fargo Is Smart To Be The First Wirehouse To Test The RIA Model,2018-12-10,JPM
Nasdaq Leads Positive Reversal; These 5 Growth Stocks Aim To Lead Next Uptrend,2018-12-10,JPM
Portfolio Update: Stocks Getting Slammed As Dividends Shine Bright,2018-12-11,JPM
Recent Purchase: Altria,2018-12-11,JPM
BNY Mellon Rewards Shareholders With More Share Buybacks,2018-12-11,JPM
"The Zacks Analyst Blog Highlights: Berkshire Hathaway, JPMorgan, Exxon Mobil, General Mills and Motorola",2018-12-11,JPM
"Bank stocks decline is oversold, says Deutsche Bank",2018-12-11,JPM
Legendary Julian Robertson Buys Non-US ETFs in 'rd Quarter,2018-12-11,JPM
JPMorgan Chase & Co. declares $0.80 dividend,2018-12-11,JPM
Should iShares Morningstar Large-Cap Value ETF (JKF) Be on Your Investing Radar?,2018-12-11,JPM
XLF Hits 52 Week Low - Market Next?,2018-12-11,JPM
"Nasdaq Keeps Momentum, Other Indexes Close Lower Tuesday",2018-12-11,JPM
JPMorgan Chase (JPM) Outpaces Stock Market Gains: What You Should Know,2018-12-12,JPM
Mortgage lender profit outlook falls for nine straight quarters: Fannie Mae,2018-12-12,JPM
JPMorgan Chase: Packing My Bags,2018-12-12,JPM
Pfizer's (PFE) Shares Drop on Rating Downgrade by JP Morgan,2018-12-12,JPM
Why JPMorgan And Bank Of America Will Likely Double The Market's Returns In The Coming Years,2018-12-13,JPM
"Goldman, JPMorgan, Citi among group backing Access Fintech startup",2018-12-13,JPM
Why The Bears May Have It Completely Wrong,2018-12-13,JPM
"Adobe & Costco Earnings Previews, Europe Ends Bond Buybacks",2018-12-13,JPM
"UAA Sputters, Hemp Stocks Jump, & Robinhood Takes on Banks",2018-12-14,JPM
Financials lose the least in market decline,2018-12-14,JPM
Top Ranked Value ETFs for Long Term Investors,2018-12-14,JPM
"The 5 Stocks On My Christmas List - JPMorgan, Altria, Walmart, New Residential And Western Digital",2018-12-14,JPM
Stocks To Watch: Time To Connect The Dots,2018-12-15,JPM
Time To Connect The Dots (Stocks To Watch Podcast),2018-12-16,JPM
What Was Done Well (And Not So Well) For Clients In 2018,2018-12-16,JPM
Why You Should Ignore Stock Prices And Focus On These 3 Things Instead,2018-12-16,JPM
Tech companies favor central role of Fed in real-time payments: American Banker,2018-12-17,JPM
"Jim Sloan Positions For 2019: Keeping JPMorgan, Extending Maturities With 2 Fixed-Income Anomalies, Resolving To Keep Cool",2018-12-17,JPM
Markets in Correction Mode: Here's What it Means for Banks,2018-12-17,JPM
Morgan Stanley: Avoid This 'Laggard'?,2018-12-17,JPM
JPMorgan November credit-card delinquency rate ticks up,2018-12-17,JPM
JPMorgan Chase (JPM) Stock Sinks As Market Gains: What You Should Know,2018-12-18,JPM
Identifying the Next Big Trend Is Not Enough to Win,2018-12-18,JPM
Johnson & Johnson: Overblown Sell-Off On Bad News Brings Great Buying Opportunity,2018-12-18,JPM
Should WisdomTree U.S. Earnings 500 Fund (EPS) Be on Your Investing Radar?,2018-12-18,JPM
Here's Why You Should Buy Square (SQ) Stock on the Dip Heading into 2019,2018-12-19,JPM
Avert your eyes - bank returns in 2018,2018-12-19,JPM
"Have A Reason For Everything You Own, Know The Counterarguments, And Revisit Regularly",2018-12-20,JPM
VYM: Can Investors Find Yield In Troubled Markets?,2018-12-20,JPM
"With The Market Afraid Of Banks, U.S. Bancorp's Safe Haven Reputation Helps",2018-12-20,JPM
It's Time To Buy Bank Stocks; Recession Worries Are Overblown,2018-12-20,JPM
Powell: Still Strong; Markets: AYFKM,2018-12-20,JPM
"Stocks, SIFIs, And RHINOs (or QT)",2018-12-20,JPM
Citi Getting No Love As Macro Risks Mount,2018-12-20,JPM
Can Living Wills Enable Foreign Banks to Overcome Drawbacks?,2018-12-21,JPM
PayPal (PYPL) Stock Looks Like a Buy Heading Into the New Year,2018-12-21,JPM
Bank Of America: Bulls Vs. Bears,2018-12-21,JPM
5—-Week Company Lows,2018-12-24,JPM
The Hit To Berkshire Hathaway's Book Value And The Implications For Buffett's Buybacks,2018-12-24,JPM
Barron's 10 Picks For 2019 Vs. Kiplinger's 12 Forever Stocks Show Target Gains And Losses,2018-12-24,JPM
Stock Futures Stumble: This Bank Stock Leads Dow Jones Declines,2018-12-24,JPM
Advice For Adults Who Start Their Dividend Growth Portfolio,2018-12-24,JPM
John's November Retirement Accounts - The Dividend Growth Investor Vs. Bear Market,2018-12-26,JPM
5 Great Healthcare Stocks to Buy for 2019,2018-12-26,JPM
JPMorgan settles with SEC on ADRs,2018-12-26,JPM
Jingle All The Way? (Wall Street Breakfast Podcast),2018-12-27,JPM
Wall Street Breakfast: Jingle All The Way?,2018-12-27,JPM
6 Most Broadly Held Guru Stocks Following a Volatile Christmas,2018-12-27,JPM
Can Oil Prices Rebound in 2019? 5 Top-Ranked Picks,2018-12-27,JPM
JPMorgan Chase (JPM) Outpaces Stock Market Gains: What You Should Know,2018-12-27,JPM
These Large-Cap Stocks Grant a High Earnings Yield,2018-12-27,JPM
Fundamentals Are The Wrong Scapegoat,2018-12-28,JPM
"Financials' decline abates, for the time being",2018-12-28,JPM
Hong Kong authority fines JPMorgan over money-laundering measures,2018-12-28,JPM
'Safer Dividend Picks From Barron's 10 For 2019 And Kiplinger's 12 Forever Stocks,2018-12-28,JPM
"40 Firms Going Ex-Dividend Next Week, Including Ventas, Comcast And JP Morgan Chase",2018-12-29,JPM
European Banks: Ready For Take Off?,2018-12-31,JPM
Bullish Momentum Moving Into Citigroup's Stock,2018-12-31,JPM
The Fed's Bank Stress Test Is Wrong,2018-12-31,JPM
"Merck, Pfizer top Dow 2018 standings; Goldman Sachs slides to the bottom",2018-12-31,JPM
Looming Recession Will Trigger Economic Darwinism,2019-01-01,JPM
Tis 'Dogs Of The Dow' Season: Prepare To Buy,2019-01-02,JPM
Morgan Stanley wins top stock underwriter title for a second year,2019-01-02,JPM
"Value Investors Avoid JPM, Buy These 5 Bank Stocks Instead",2019-01-02,JPM
My Dividend Growth Portfolio - Q4 2018 Summary,2019-01-02,JPM
Dow Jones Trails Nasdaq In Choppy Trade; Will This Badly Hit Stock Market Sector Reign In 2019?,2019-01-02,JPM
US Market Indexes Close Higher on First Trading Day of —…–9,2019-01-02,JPM
C.I.a.P. Meets C.R.a.P.,2019-01-02,JPM
Why Banco Santander Stock Keeps Falling,2019-01-03,JPM
Has the Trade Debacle Ended for US MedTech Space? 3 Picks,2019-01-03,JPM
FNCL: Is The Flattening Yield Curve Really Hurting Banks?,2019-01-03,JPM
ClaaP Meets CRaP,2019-01-03,JPM
Banks Are In The Depression Stage Of Grief,2019-01-03,JPM
"Wall Street Breakfast: Trade Talks, Jobs Report, Powell Speech",2019-01-04,JPM
Jobs Report And Powell Speech (Wall Street Breakfast Podcast),2019-01-04,JPM
The Market's Earnings Uncertainty,2019-01-04,JPM
The Top Stocks On The Dow Jones,2019-01-04,JPM
Morgan Stanley's Virtual Mega-Bank Model Pays Off,2019-01-05,JPM
JPMorgan Now Sees 60% Odds Of A Recession,2019-01-05,JPM
Equity Market Strategy For 2019,2019-01-07,JPM
"Avoid Citi, Stick With U.S.-Focused Banks And ETFs Instead",2019-01-07,JPM
"Apple, JPMorgan and Wells Fargo are part of Zacks Earnings Preview",2019-01-07,JPM
Nicholas Ward's Dividend Growth Portfolio: December Trades,2019-01-07,JPM
Chase freshens consumer website with new tools,2019-01-07,JPM
Portfolio Concentration: It's What You Make of It,2019-01-07,JPM
Undervalued Dividend Growth Stocks - January 2019,2019-01-07,JPM
JPMorgan Chase (JPM) Gains But Lags Market: What You Should Know,2019-01-07,JPM
'Safer' Dividend Dogs Of The Dow Have Cash Flow Backing For 2019,2019-01-07,JPM
XLF: Banks Facing Reversal Opportunity?,2019-01-08,JPM
My K.I.S.S. Dividend Growth Portfolio: 4th Quarter 2018 Update,2019-01-08,JPM
"JPMorgan, SunTrust downgraded by Jefferies on lower PT multiples",2019-01-08,JPM
JPMorgan Chase (JPM) Earnings Expected to Grow: Should You Buy?,2019-01-08,JPM
"Dow Jones Today: Verizon, Boeing Lead Blue Chip Rally",2019-01-08,JPM
Much Ado About Trade Talks with China,2019-01-08,JPM
Dogs of the Dow Win in 2018: Will ETFs See Success in 2019?,2019-01-08,JPM
Should iShares Morningstar Large-Cap Value ETF (JKF) Be on Your Investing Radar?,2019-01-08,JPM
Trade Talks and Oil Price Rebound to Boost Wall Street,2019-01-08,JPM
5 Great Stocks I Bought During The Tech Meltdown,2019-01-09,JPM
"My Dividend Growth Portfolio 2018 Review: 3 Sells, 6 Buys",2019-01-09,JPM
Nick's Picks 2018 Review: Undefeated Against The Market,2019-01-09,JPM
"JPMorgan, Citi get roles in $7.5B Saudi bond offering",2019-01-09,JPM
Road To Financial Independence: My December 100-Stock Portfolio Review,2019-01-09,JPM
Citi (C) to Sell Entire Stake in Chinese Securities Venture,2019-01-09,JPM
Monthly Review Of DivGro: December 2018,2019-01-10,JPM
Oracle Grabs San Francisco Ballpark's Naming Rights for 20 Years,2019-01-10,JPM
Reuters: JPMorgan boosting bonus pool by 3% after strong 2018,2019-01-10,JPM
No Bearish Forecasts For 2019,2019-01-10,JPM
2018 In The Numbers And What It Means For 2019 - Part I: Stocks,2019-01-10,JPM
SCHV: A Good Pick If You Like Financials,2019-01-10,JPM
March To Freedom Fund 2018 Review,2019-01-10,JPM
Short Interest On Big Banks Jumps Ahead Of Earnings,2019-01-10,JPM
"Big Banks' Q4 Earnings Releases Next Week: C, JPM, WFC, BAC",2019-01-11,JPM
Can Earnings Reports Push Bank Stocks Higher?,2019-01-11,JPM
Key Earnings Reports Next Week,2019-01-11,JPM
5 Big Bank Charts to Start off Earnings Season,2019-01-11,JPM
Major Banks to Release Q4 Earnings Next Week,2019-01-11,JPM
"CPI Numbers In-Line, Q4 Earnings Ramp Up Next Week",2019-01-11,JPM
5 Major Bank Stocks Poised to Beat Earnings Estimates in Q4,2019-01-11,JPM
Banks' Q4 earnings start next week amid lowered expectations,2019-01-11,JPM
Stocks To Watch: Action From Detroit and ICR,2019-01-12,JPM
"Earnings, Earnings Growth, And The Three Sectors You Need To Buy Right Now",2019-01-13,JPM
Action From Detroit And ICR (Stocks To Watch Podcast),2019-01-13,JPM
A Look at Dow ETF Ahead of Q4 Earnings,2019-01-14,JPM
Bank investors mull Citi's lame FICC results,2019-01-14,JPM
Citi perks up as volatility moderates,2019-01-14,JPM
Are Bank ETFs Good Buys Before Earnings Release?,2019-01-14,JPM
Barron's List Of Best Yield Plays For 2019 Turns To Verizon For Safety,2019-01-14,JPM
Recession Risk Hits 7-Year High: 5 Secure Picks,2019-01-14,JPM
"Citi (C) Q4 Earnings Beat on Low Expenses, Revenues Disappoint",2019-01-14,JPM
"Citigroup, JPMorgan, Wells Fargo, Goldman Sachs and Morgan Stanley are part of Zacks Earnings Preview",2019-01-14,JPM
"Blue Chips Pare Losses; JPMorgan, Goldman Sachs Lead Dow Jones",2019-01-14,JPM
"Brexit Vote, UnitedHealth Earnings, Ford-VW Pact: Investing Action Plan",2019-01-14,JPM
Dow Jones Down As Apple Weighs Again; Will These 2 Stocks Lead Blue Chips Higher?,2019-01-14,JPM
Notable earnings before Tuesday's open,2019-01-14,JPM
JPMorgan Chase Q4 2018 Earnings Preview,2019-01-14,JPM
Let The Earnings Trades Begin,2019-01-14,JPM
Is JPMorgan Poised To Beat The Whisper Number?,2019-01-14,JPM
4 Top Bank Stocks to Buy Ahead of Q4 Earnings,2019-01-14,JPM
Next Up In Bank Earnings: JPMorgan And Wells Fargo Take The Stage,2019-01-14,JPM
Wall Street Breakfast: Historic Vote For Brexit Future,2019-01-15,JPM
Historic Vote For Brexit Future (Wall Street Breakfast Podcast),2019-01-15,JPM
JPM Reports Huge Trading Miss As FICC Revenue Plunges To Lowest Since Financial Crisis,2019-01-15,JPM
JPMorgan Chase & Co. 2018 Q4 - Results - Earnings Call Slides,2019-01-15,JPM
The Stock Market May Bounce Back,2019-01-15,JPM
JPMorgan -1.8% after big Q4 EPS miss,2019-01-15,JPM
Tech Stocks Advance With These 2 Dow Jones Stocks Mixed On Earnings,2019-01-15,JPM
Dimon warns about shutdown's effect on economy,2019-01-15,JPM
"PPI Joins Q4 Reports for JPM, WFC & More; Big Day for Data",2019-01-15,JPM
"JPMorgan Chase misses by $0.23, misses on revenue",2019-01-15,JPM
Economic Data Deluge,2019-01-15,JPM
3 Lessons From The Legendary Fund Manager Peter Lynch,2019-01-15,JPM
"JPMorgan (JPM) Q4 Earnings Lag on Trading, Underwriting Woes",2019-01-15,JPM
Bank stocks slump amid more disappointing earnings,2019-01-15,JPM
"Stock Futures Mixed: Dow Jones Lags, This Marijuana Stock Pops",2019-01-15,JPM
The Earnings Story So Far & What To Watch During Q4 Report Season,2019-01-15,JPM
Warren Buffett's JPMorgan Chase Reports –st Earnings Miss in 4 Years,2019-01-15,JPM
The Big US Banks At Bargain Prices,2019-01-15,JPM
Wells Fargo Disappoints With 4th-Quarter Revenue Miss,2019-01-15,JPM
"FANG Stocks, Cyclicals Lead Nasdaq, Dow Jones Up; This Sector Is Poised To Rally More",2019-01-15,JPM
Stock Market News: Netflix Helps Fuel 100-Point Gain For Nasdaq,2019-01-15,JPM
Global Recession - 92.11% Chance We're In One,2019-01-15,JPM
Indexes Close Higher As FANG Stocks Help Nasdaq Outperform,2019-01-15,JPM
Earnings Begin In Earnest,2019-01-15,JPM
"Financials, XLF, And Earnings - What's Next?",2019-01-15,JPM
JPMorganChase: 'The Bank Is Delivering Meaningfully',2019-01-15,JPM
Union Bankshares Is Underperforming But I'm Still Buying More,2019-01-15,JPM
Netflix And FANG Lead The Stock Market Higher,2019-01-15,JPM
Nasdaq Leads Pack As Dow Jones Stocks Lag,2019-01-15,JPM
"Entire 'Market' Rallies On NFLX Price-Hike - Shrugs Off Dimon, May, & Grassley",2019-01-15,JPM
JPMorgan Chase & Co. (JPM) CEO Jamie Dimon on Q4 2018 Results - Earnings Call Transcript,2019-01-15,JPM
"U.S. Bancorp (USB) Q4 Earnings Top Estimates, Revenues Rise",2019-01-16,JPM
"Stock Market News For Jan 16, 2019",2019-01-16,JPM
"PNC Financial (PNC) Q4 Earnings Lag Estimates, Revenues Up",2019-01-16,JPM
"Microsoft, WBA Deal to Break AMZN, GOOGL Healthcare Dreams",2019-01-16,JPM
No Confidence Vote And Brexit's Next Steps (Wall Street Breakfast Podcast),2019-01-16,JPM
"Market Briefing For Wednesday, Jan. 16",2019-01-16,JPM
"BofA (BAC) Beats Q4 Earnings & Revenue Estimates, Costs Down",2019-01-16,JPM
Should iShares Russell Top 200 Value ETF (IWX) Be on Your Investing Radar?,2019-01-16,JPM
"Goldman (GS) Q4 Earnings Beat Estimates, Expenses Flare Up",2019-01-16,JPM
Wall Street Breakfast: Vote Of Confidence And Brexit's Next Steps,2019-01-16,JPM
"The Consumer Discretionary Sector Will Outperform In 2019, Where Should You Put Your Money?",2019-01-16,JPM
"Bank stocks rally, wiping out most of December's slump",2019-01-16,JPM
"Dimon doesn't see a hard Brexit, but is still prepared",2019-01-16,JPM
Warren Buffett and Real Estate Investment Trusts,2019-01-16,JPM
Here's Why Square (SQ) Stock Looks Like a Buy Right Now,2019-01-16,JPM
Small Caps Surge To Best Start In 30 Years After Record China Liquidity Injection,2019-01-16,JPM
Time To Let The Chips Fall Where They May: Will Stocks Rise or Drop?,2019-01-16,JPM
"JPMorgan Scratched, But Still In Fighting Trim",2019-01-16,JPM
"Comerica (CMA) Q4 Earnings Beat Estimates, Revenues Increase",2019-01-16,JPM
Markets Dump Coal In U.S. Banks' Stockings,2019-01-16,JPM
JPMorgan streamlines CIB exec roles: Bloomberg,2019-01-17,JPM
What Is Hiding Beneath This Market?,2019-01-17,JPM
Dr. Jekyll Economy Meets Mr. Hyde Markets,2019-01-17,JPM
"Continued Excellence Driving First Republic, And The Valuation Is Reasonable",2019-01-17,JPM
"Morgan Stanley (MS) Q4 Earnings, Revenues Lag on Trading Woe",2019-01-17,JPM
"JPMorgan, Goldman to advise on Saudi bank merger: Bloomberg",2019-01-17,JPM
2018 In The Numbers And What It Means For 2019 - Part VI: Currencies,2019-01-17,JPM
A Look at Wells Fargo's —…–8 Results,2019-01-17,JPM
"Comerica Has Thawed A Bit, But Expectations Are Still Modest",2019-01-17,JPM
"Jamie Dimon's 2018 compensation totaled $31M, topping pre-crisis record",2019-01-17,JPM
"Goldman, Sachs And Bank Of America Are Doing OK",2019-01-17,JPM
"Quality Not Helping PNC Financial Much, As Growth Concerns Mount",2019-01-18,JPM
Wall Street Breakfast: Musk Slashes Tesla Workforce,2019-01-18,JPM
Musk Slashes Tesla's Workforce (Wall Street Breakfast Podcast),2019-01-18,JPM
"Regions Financial's (RF) Q4 Earnings Improve Y/Y, Costs Down",2019-01-18,JPM
Should Value Investors Fear the 'Algo' Boogeyman?,2019-01-18,JPM
"Bank Stock Roundup: Q4 Earnings Season Begins, Wells Fargo, BofA & Citi Top Estimates",2019-01-18,JPM
U.S. Bancorp Shares Still Stuck,2019-01-18,JPM
"Stock Market Piles On The Gains; Five Below, JPMorgan, IPO Poised For Breakouts",2019-01-18,JPM
Key Takeaways From Netflix's 4th-Quarter Earnings,2019-01-18,JPM
"Earnings from Netflix & Big Banks, & This Week in Cannabis Deals",2019-01-18,JPM
"Toll Brothers, JPMorgan form JV for Westchester apartment community",2019-01-18,JPM
"Dow 30 Stock Roundup: JPM & AXP Earnings Disappoint, GS & UNH Impress",2019-01-18,JPM
It Ain't Easy Being a Bear,2019-01-19,JPM
Big Bank Earnings Reports Are In: Own Banks,2019-01-21,JPM
Is Zions Bancorp a Good Deal?,2019-01-21,JPM
Why Rite Aid Shares Might Trade Above The $1 Mark,2019-01-22,JPM
Goldman sees bank rally continuing on loan growth,2019-01-22,JPM
Nicholas Ward's Dividend Growth Portfolio: 2018 Review,2019-01-22,JPM
Love Stocks? Secrets of the Zacks Rank Revealed,2019-01-22,JPM
Goldman Sachs: A Prelude To A Favorable First Quarter,2019-01-22,JPM
JPMorgan Hits A Speed Bump On Its Way To 20% Upside,2019-01-23,JPM
"Zacks Market Edge Highlights: Bank of America, JP Morgan, YY, Alibaba and Las Vegas Sands",2019-01-23,JPM
Will Capital One's Consumer Loan Business Survive The Next Recession?,2019-01-23,JPM
Earnings Growth Slowing Down,2019-01-23,JPM
JPMorgan Chase (JPM) Stock Sinks As Market Gains: What You Should Know,2019-01-23,JPM
The Barbell Strategy,2019-01-24,JPM
The Best Way To Play Goldman Sachs Right Now: JPMorgan Pair Trade,2019-01-24,JPM
"Zacks Earnings Trends Highlights: Apple, JPMorgan, Micron Technology",2019-01-24,JPM
Half My Lifetime Investing - The Most Important Lesson I Learned,2019-01-24,JPM
"T Rowe Price Sells US Bancorp, JPMorgan",2019-01-24,JPM
China to grant more licenses to Wall Street Banks in six months: Bloomberg,2019-01-24,JPM
The economy may not recover some shutdown losses: JPMorgan's Erdoes,2019-01-24,JPM
Dimon and Solomon met with Maxine Waters: CNBC,2019-01-24,JPM
Six big bank CEOs to testify to Congress this spring: WSJ,2019-01-25,JPM
Banks ease up from selling new bonds,2019-01-25,JPM
Should You Buy Bank ETFs After Q4 Earnings?,2019-01-25,JPM
Double Your Cash Flow On Big Bank Dividends With 10% High-Yield Options,2019-01-26,JPM
Bank Of America: The Thesis Remains Intact,2019-01-28,JPM
Tracking Ken Fisher's Fisher Asset Management Portfolio - Q4 2018 Update,2019-01-28,JPM
"Market slumps likely to recur, says JPMorgan's Pinto: CNBC",2019-01-28,JPM
JPMorgan pushes ahead in ETFs,2019-01-28,JPM
JPMorgan: Not A Buying Opportunity,2019-01-28,JPM
"Reuters: Pinterest picks Goldman, JPMorgan to lead IPO",2019-01-29,JPM
John's FY-2018 Dividend Income Totals - Positioning The Portfolio For Success In 2019,2019-01-29,JPM
"Blockchain makes progress outside of crypto, JPMorgan says",2019-01-29,JPM
Citigroup: Not Cheap Enough,2019-01-29,JPM
"Top Analyst Reports for JPMorgan, Intel & Comcast",2019-01-29,JPM
"Dimon has ""no problem paying higher taxes, Cohn sees harm to economy: CNBC",2019-01-30,JPM
Should iShares Morningstar Large-Cap Value ETF (JKF) Be on Your Investing Radar?,2019-01-30,JPM
"The Zacks Analyst Blog Highlights: JPMorgan, Intel, Comcast, Kinder Morgan and Discover Financial",2019-01-30,JPM
ClearBridge Appreciation Strategy Portfolio Manager Commentary Q4 2018,2019-01-30,JPM
"The Tao Of Dogs Of The Dow: Load, Then Rinse And Repeat Next Year",2019-01-31,JPM
"Facebook leads surging Nasdaq, while banks stumble",2019-01-31,JPM
"SocGen downgrades Goldman, Morgan Stanley to Sell",2019-02-01,JPM
Participate In Equity Growth With A 6% Distribution Yield,2019-02-01,JPM
JPMorgan Chase: 6.00% From This Preferred Stock IPO,2019-02-04,JPM
How To Construct A Crash-Resistant Income Portfolio,2019-02-04,JPM
"Farewell To A Disappointing Year, When Nothing Much Worked",2019-02-04,JPM
"New Preferred Stock IPOs, January 2019",2019-02-04,JPM
ClearBridge Large Cap Value Strategy Portfolio Manager Commentary Q4 2018,2019-02-05,JPM
Undervalued Dividend Growth Stocks: February 2019,2019-02-05,JPM
Dividend Portfolio Review: 22% Y/Y Growth In January,2019-02-05,JPM
Guess Which Stocks Warren Buffett Bought: 4th-Quarter Contest,2019-02-06,JPM
"My Dividend Growth Portfolio Update: 32 Holdings, 3 Buys, 1 Sale",2019-02-07,JPM
JPMorgan gets caught up in Venezuelan struggle,2019-02-07,JPM
Berkshire Hathaway Tops Warren Buffett's Wishlist,2019-02-08,JPM
"BB&T Shifts Gears In A Huge Way, Announcing A Value-Creating Mega-Merger With SunTrust",2019-02-08,JPM
US Market Indexes Close Mostly Flat Friday,2019-02-08,JPM
Visualizing The World's Most Valuable Bank Brands,2019-02-10,JPM
Warren Buffett Is Loading Up On Bank Stocks: This Might Be Why,2019-02-11,JPM
Sector Allocation Strategy: Energy Is Revving Up For A Run,2019-02-11,JPM
WisdomTree explored a sale late last year: Bloomberg,2019-02-11,JPM
Stock Market Rally Charges Ahead; This Top Growth Stock Breaks Out,2019-02-12,JPM
WisdomTree Delays Plan to Explore Sale Until Shares Rebound,2019-02-12,JPM
5 Stocks That Prove Size Does Matter in 2019,2019-02-13,JPM
Barclays makes another hire from JPMorgan: New York Post,2019-02-13,JPM
How To Monitor Your Dividend Growth Portfolio,2019-02-13,JPM
Buffett's Barbell With An Educational Twist Is Perfect For A Thrifty 19-Year-Old: 90% S&P 500 Index And 10% I Bonds For Cash,2019-02-13,JPM
JPMorgan creates its own cryptocurrency,2019-02-14,JPM
Wells Fargo boosts JPMorgan price target to $130,2019-02-14,JPM
"The Zacks Analyst Blog Highlights: Boeing, Microsoft, Amazon, Walmart and JPMorgan",2019-02-14,JPM
"JPMorgan (JPM) Plans to Launch ""JPM Coin"" Using Blockchain",2019-02-15,JPM
Lazard: This Mid-Cap Stock Is Priced For A Recession,2019-02-15,JPM
Dow Looks To Reignite Winning Streak (Wall Street Breakfast Podcast),2019-02-15,JPM
Wall Street Breakfast: Dow Looks To Reignite Winning Streak,2019-02-15,JPM
"A round-up of January credit-card delinquency, charge-off rates",2019-02-15,JPM
Stocks Close Higher Friday With Spending Deal and National Emergency Declaration,2019-02-15,JPM
Wells Fargo CEO seen testifying in House in March,2019-02-15,JPM
"Berkshire Hathaway Buys JPMorgan Chase & Co, Red Hat Inc, General Motors Co, Sells Oracle ...",2019-02-15,JPM
Tracking Warren Buffett's Berkshire Hathaway Portfolio - Q4 2018 Update,2019-02-15,JPM
How To Get High Growth With Half The Risk,2019-02-16,JPM
Week 8 Breakout Forecast: Short-Term Picks To Give You An Edge,2019-02-16,JPM
46 Fortune Most Admired Public Co's By Yield & Target Gains For February 2020,2019-02-17,JPM
Dogs of the Dow and a 3 Top Dogs Strategy,2019-02-17,JPM
Analysis Of Berkshire Hathaway Holdings Q4 2018,2019-02-18,JPM
Citigroup (C) Raises CEO Corbat's 2018 Compensation by 4.35%,2019-02-18,JPM
"Berkshire's Revealing 13F: Buffett Didn't Buy The Dip - Didn't Add To Apple, Sold Oracle, Bought Banks",2019-02-18,JPM
The Best Dividend Stocks For New Money Today,2019-02-19,JPM
World Banks' And Corporations' Interest Is Shifting From Cryptocurrencies To Blockchain,2019-02-19,JPM
Channeling Warren Buffett,2019-02-19,JPM
"Stock Market News For Feb 19, 2019",2019-02-19,JPM
"Berkshire Hathaway Q4 Earnings, Q4 And Current Book Value Estimates",2019-02-19,JPM
What Are The Highest Quality Dividend Growth Stocks?,2019-02-19,JPM
Invest Like Warren Buffet With These Bank ETFs,2019-02-19,JPM
JPMorgan Chase (JPM) Outpaces Stock Market Gains: What You Should Know,2019-02-20,JPM
"Why I Look For Dividend Growth, Not Just Dividend Safety",2019-02-20,JPM
Road To Financial Independence: Dissecting Dividends Into Their Components,2019-02-20,JPM
Does Warren Buffett Still Believe In Wells Fargo?,2019-02-21,JPM
Tracking George Soros's Portfolio - Q4 2018 Update,2019-02-21,JPM
Details on Amazon-Berkshire-JPMorgan health JV,2019-02-21,JPM
"Wall Street Breakfast: Dow Set To Retake Perch Above 26,000",2019-02-21,JPM
"Dow Set To Retake Perch Above 26,000 (Wall Street Breakfast Podcast)",2019-02-21,JPM
"Philadelphia sues seven banks over muni deal ""collusion"": Bloomberg",2019-02-21,JPM
Top 10 S&P 500 Stocks: How Does Forward Earnings Growth Look?,2019-02-22,JPM
Philadelphia Sues 7 Big Banks Over 'Muni' Bond Collusion,2019-02-22,JPM
"Dow 30 Stock Roundup: WMT Earnings Beat, MRK's Keytruda sBLA Gets Priority Review",2019-02-22,JPM
Central Bank Filled Week (Wall Street Breakfast Podcast),2019-02-22,JPM
Berkshire Hathaway Is Consuming A Very Bitter Ketchup From Kraft Heinz,2019-02-22,JPM
Why Square (SQ) Stock Looks Like a Buy Heading into Q4 Earnings,2019-02-22,JPM
"JPMorgan: Near 10% Annual Return From A Great Franchise, Buy",2019-02-22,JPM
Wall Street Breakfast: Central Bank-Filled Week Comes To A Close,2019-02-22,JPM
Judge won't block hire by Amazon-Berkshire-JPMorgan health JV,2019-02-22,JPM
"When Assessing Portfolio Risk, Look Beyond Sectors And Industries",2019-02-23,JPM
Tracking Glenn Greenberg's Brave Warrior Advisors Portfolio - Q4 2018 Update,2019-02-23,JPM
Stocks To Watch: Food For Thought,2019-02-23,JPM
"Market Briefing For Monday, Feb. 25",2019-02-24,JPM
Food For Thought (Stocks To Watch Podcast),2019-02-24,JPM
JPMorgan Asset Management names sustainable investing head,2019-02-25,JPM
JPMorgan: Buy Or Sell?,2019-02-25,JPM
5 Stocks to Gain From Rising Use of Mobile Payments,2019-02-25,JPM
Buffett Letter: Buybacks Up To $207 Per Berkshire B Share Hint At Intrinsic Value; Prices For Acquisitions Are 'Sky-High',2019-02-25,JPM
Caterpillar Leads Dow Jones; China Stocks Explode Higher On Trade Progress,2019-02-25,JPM
"The Zacks Analyst Blog Highlights: JPMorgan, Citigroup, Bank of America, Goldman Sachs and Wells Fargo",2019-02-25,JPM
JPMorgan Chase & Co. (JPM) Investor Presentation - Slideshow,2019-02-26,JPM
"JPMorgan Slides After Bank Reveals Slower Loan, Deposit Growth",2019-02-26,JPM
"US Market Indexes Close Lower Tuesday, Ending —-Day Rally",2019-02-26,JPM
"The Zacks Analyst Blog Highlights: Square, Alibaba, Tencent, Bank of America and JPMorgan Chase",2019-02-26,JPM
"JPMorgan sees slower deposit growth, ""steady state"" NII",2019-02-26,JPM
"Bank of Hawaii CEO's Base Salary Up 3%, Gets Incentive Bonus",2019-02-26,JPM
"What to Expect from Square's (SQ) Q4 Earnings, Revenue & Payment Volume",2019-02-26,JPM
"JPMorgan Affirms Profitability Goals, Expects Costs to Rise",2019-02-27,JPM
Berkshire Stocks Up on American Banks: Here's Why,2019-02-27,JPM
The Strong Look To Get Stronger As JPMorgan Continues To Target Growth,2019-02-27,JPM
EU Rolls Out Strict Rules for Foreign-based Investment Managers,2019-02-28,JPM
"The Zacks Analyst Blog Highlights: Berkshire Hathaway, Bank of America, US Bancorp, JPMorgan Chase and Bank of New York Mellon",2019-02-28,JPM
The Bow Wow Dow: IBM Tops By Yield; DowDuPont Tops Broker Targets,2019-02-28,JPM
Zero Fee ETFs: What You Need to Know,2019-02-28,JPM
JPMorgan considers private bank in China,2019-02-28,JPM
Key Levels We're Trading In Financial Stocks,2019-02-28,JPM
"Top Stock Reports for Facebook, Johnson & Johnson & JPMorgan",2019-03-01,JPM
John's January Retirement Account Update - Locking In Gains As Stocks Move To 52-Week Highs,2019-03-01,JPM
February Portfolio Update - Banks And Cars,2019-03-01,JPM
China A-Shares ETFs to Roar Higher on MSCI Move,2019-03-01,JPM
Julian Robertson Buys — Stocks as He Slashes Portfolio,2019-03-01,JPM
Berkshire's Biggest Risks Are Hard To Analyze: Buffett Needs To Be On Top Of His Game,2019-03-01,JPM
JPMorgan Evaluates Option to Establish Private Bank in China,2019-03-01,JPM
JPMorgan Extends Lease to House Staff if No-Deal Brexit Occurs,2019-03-01,JPM
Buffett's Biggest Bet: Why The Big U.S. Banks Are A Good Deal Now,2019-03-01,JPM
B. Riley's 6.88% Bonds: An Investment For Whatever The Fed Throws At Us,2019-03-01,JPM
Road To Financial Independence: Rising Dividends And Endless Opportunities,2019-03-04,JPM
"The Zacks Analyst Blog Highlights: Facebook, Johnson & Johnson, JPMorgan, Sun Life and Evergy",2019-03-04,JPM
Monthly Review Of DivGro: February 2019,2019-03-04,JPM
JPMorgan gets IPO stabilization agent role in Lyft IPO,2019-03-04,JPM
JPMorgan to stop financing the prison business: Reuters,2019-03-05,JPM
Just Do the Math!,2019-03-05,JPM
5 Stocks Ripe For A Warren Buffett Acquisition,2019-03-05,JPM
Biggest change to CDS market in years,2019-03-06,JPM
Just Do The Math: Why Demographics Means Thinking Long-Term,2019-03-06,JPM
U.S. Clears First Depression Drug In Decades (Wall Street Breakfast Podcast),2019-03-06,JPM
U.S. Bancorp (USB) SEC Filing Reveals Hike in CEO's 2018 Pay,2019-03-06,JPM
JPMorgan Abstains From Financing Private Prison Industry,2019-03-06,JPM
Wall Street Breakfast: U.S. Clears First Depression Drug In Decades,2019-03-06,JPM
Fed Reserve cuts back on CCAR qualitative objections,2019-03-06,JPM
JP Morgan says Disney+ Streaming Will Challenge Netflix: Buy DIS Stock?,2019-03-06,JPM
Amazon-Berkshire-JPMorgan names health JV Haven,2019-03-06,JPM
Wall Street Breakfast: Stocks Sluggish Ahead Of ECB,2019-03-07,JPM
Stocks Sluggish Ahead Of ECB (Wall Street Breakfast Podcast),2019-03-07,JPM
Fed Relieves Major U.S. Banks of Qualitative Stress Test,2019-03-07,JPM
"The Zacks Analyst Blog Highlights: Disney, JP Morgan, Netflix and Amazon",2019-03-07,JPM
How To Outperform The Market With The Best Dividend Growth Stocks,2019-03-07,JPM
"JPMorgan, Goldman ease up on early intern recruitment",2019-03-08,JPM
China's New Wealth Industry Regime Charges Up Global Banks,2019-03-08,JPM
"Bank Stock Roundup: Concerns Rife on Global Issues, JPMorgan & BofA in Focus",2019-03-08,JPM
"Mitsubishi UFJ Securities International PLC Buys Alphabet Inc, Facebook Inc, Apple Inc, Sells ...",2019-03-08,JPM
Regulators consider rewriting Volcker rule again: WSJ,2019-03-08,JPM
"Berkshire Hathaway Buys JPMorgan Chase, Red Hat Inc, General Motors Co, Sells Oracle Corp, ...",2019-03-08,JPM
"My Dividend Growth Portfolio Update: 38 Holdings, 6 Buys, 2 Trims",2019-03-08,JPM
Starbucks From A Millennial's Perspective,2019-03-11,JPM
Is It Time To Say Goodbye To The Golden Age Of FAANG Stocks?,2019-03-11,JPM
How Blockchain Technology Could Improve ECN Forex Brokerage Platforms,2019-03-12,JPM
Wall Street Breakfast: Fate Of Theresa May's Brexit Deal,2019-03-12,JPM
"Goldman, JPMorgan sew up lead roles in Levi Strauss IPO",2019-03-12,JPM
JPMorgan to Offer Lowest-Fee ETF With US Stock Market Exposure,2019-03-12,JPM
Citigroup: The Only Big Bank I Wouldn't Buy,2019-03-12,JPM
Fate Of Theresa May's Brexit Deal (Wall Street Breakfast Podcast),2019-03-12,JPM
Is Fidelity High Dividend ETF (FDVV) a Strong ETF Right Now?,2019-03-13,JPM
JPMorgan to add up to 90 branches in new markets,2019-03-13,JPM
Amazon: AI And The $10 Trillion Healthcare Opportunity,2019-03-13,JPM
These Blockchain Technology Stocks To Buy And Watch May Surprise You,2019-03-13,JPM
"Politics And Markets Collide: JPMorgan Cuts Ties With Private Prisons, Impacting GEO Group And CoreCivic",2019-03-13,JPM
"Berkshire Hathaway Buys JPMorgan Chase, Red Hat Inc, General Motors Co, Sells Oracle Corp, ...",2019-03-13,JPM
All The Dogs!,2019-03-14,JPM
"JPMorgan (JPM) to Open 90 Branches in 2019, Hire New Staff",2019-03-14,JPM
"Wells Fargo Awards CEO With Pay Hike, Gives Performance Bonus",2019-03-14,JPM
JPMorgan Chase trading desk loans Ukraine ~$350M: WSJ,2019-03-14,JPM
"Company News For Mar 14, 2019",2019-03-14,JPM
"Forget Free, This ETF Will Pay You to Invest",2019-03-14,JPM
"Don't Write Off Banks, Play These 4 Low P/E Stocks in 2019",2019-03-14,JPM
First Earnings Decline in Three Years,2019-03-14,JPM
Tracking Wallace Weitz's Weitz Investment Management Portfolio - Q4 2018 Update,2019-03-15,JPM
"Bank Stock Roundup: U.S-China Trade Talks Progress, Citi & JPMorgan in Focus",2019-03-15,JPM
JPMorgan February card delinquency rate rises from January,2019-03-15,JPM
February credit-card delinquency/charge-off wrap,2019-03-15,JPM
The Goldilocks Warning,2019-03-16,JPM
Week 12 Breakout Forecast: Short-Term Picks To Give You An Edge,2019-03-17,JPM
Financials Looking Attractive,2019-03-18,JPM
"JPMorgan Chase introduces low-fee, checkless accounts",2019-03-18,JPM
Two major U.S. banks weigh stablecoin projects,2019-03-18,JPM
JPMorgan Chase (JPM) Dips More Than Broader Markets: What You Should Know,2019-03-19,JPM
Goldman Sachs to Acquire S&P's Investment Advisory Services,2019-03-19,JPM
"Fishman Jay A Ltd Buys Apple Inc, JPMorgan Chase, Amazon. ...",2019-03-19,JPM
JPMorgan Offers Checkless Accounts for Low-Income Customers,2019-03-19,JPM
JPMorgan Chase declares $0.80 dividend,2019-03-19,JPM
Stocks Close Lower With FOMC Announcement,2019-03-20,JPM
"Bears Doze Ahead Of Fed, Boeing Up; This Dow Jones Stock Faces Critical Test",2019-03-20,JPM
ICI Conference Hears Lesson From Conqueror Of Mt. Everest,2019-03-20,JPM
Financial sector goes south post-FOMC,2019-03-20,JPM
"Apple Spikes, Leads Dow Jones Today; Biogen Stock Tanks On Alzheimer's News",2019-03-21,JPM
"Tech leads advance, as financials continue to lag",2019-03-21,JPM
"Zacks Earnings Trends Highlights: Costco, AutoZone, FedEx, JPMorgan and Wells Fargo",2019-03-21,JPM
Banks' margins come under pressure from dovish Fed: Baird,2019-03-21,JPM
"Stock Market News For Mar 21, 2019",2019-03-21,JPM
Nasdaq Slides More Than 175 Points But FANG Stocks Show This Promising Trend,2019-03-22,JPM
"Bank Stock Roundup: Fed Pauses Rate Hike, JPMorgan & Wells Fargo in Focus",2019-03-22,JPM
Stocks Close Lower on Friday After Selloff,2019-03-22,JPM
"With a Potential Recovery Ahead, Consider These Semiconductor Companies",2019-03-25,JPM
JPMorgan asks 300 London employees to move if no-deal Brexit,2019-03-25,JPM
"Forget Apple's Credit Card, Buy Fintech Power Square (SQ) Stock on the Dip",2019-03-25,JPM
Fifth Third to Expand Digital Capabilities With More Hiring,2019-03-25,JPM
'ABC Healthcare' Not Ready To Break The Mold,2019-03-25,JPM
Wall Street Breakfast: Must-Know News,2019-03-25,JPM
Goldman Sachs: Will We Get To Buy This At Our Price?,2019-03-25,JPM
Turkey probes JPMorgan after lira plunge,2019-03-25,JPM
"Is ""Trust in Finance"" Up or Down?",2019-03-25,JPM
Must-Know News (Wall Street Breakfast Podcast),2019-03-25,JPM
JPMorgan Chase (JPM) Outpaces Stock Market Gains: What You Should Know,2019-03-26,JPM
Goldman Sachs Is a Buy,2019-03-26,JPM
JPMorgan to pay for some NYC transit improvements,2019-03-26,JPM
Looking to Buy the Dips? 5 ETF & Stock Picks,2019-03-26,JPM
JPMorgan to Shift 300 Employees if No-Deal Brexit Occurs,2019-03-26,JPM
Whistleblowers get $50M from SEC in JPMorgan case,2019-03-26,JPM
Newspaper Bidder Flubs Credit Test,2019-03-27,JPM
"Stock Market News For Mar 27, 2019",2019-03-27,JPM
3 Tech Stocks for Growth Investors to Buy Right Now,2019-03-27,JPM
JPMorgan cuts hundreds of jobs in assets and wealth management: IBT,2019-03-28,JPM
JPMorgan to Trim Wealth Jobs After Periodic Review of Staff,2019-03-28,JPM
"Zacks Earnings Trends Highlights: Costco, AutoZone, FedEx, JPMorgan and Wells Fargo",2019-03-28,JPM
"Top Stock Reports for JPMorgan, Disney & Citigroup",2019-03-28,JPM
US Market Indexes Rebound to Close Higher Thursday,2019-03-28,JPM
"Stock Futures Climb, China Markets Rally; Dow Jones Reaches For Q1 Record",2019-03-29,JPM
"The Zacks Analyst Blog Highlights: JPMorgan, Disney, Citigroup, PNC Financial and Twitter",2019-03-29,JPM
Nomura (NMR) to Slash Jobs in U.S. & Europe to Reduce Costs,2019-03-29,JPM
"Bank Stock Roundup: Expansion Initiatives, Wells Fargo, JPMorgan, Citi in Focus",2019-03-29,JPM
"JPMorgan, Nomura get nod from China for brokerage JVs",2019-03-29,JPM
"Dow 30 Stock Roundup: Apple Launches New Services, JPMorgan to Trim Wealth Jobs",2019-03-29,JPM
"Stock Market News For Mar 29, 2019",2019-03-29,JPM
"The Barking Dow Dogs: IBM Tops Again By Yield, UnitedHealth Tops By Broker Targets For April",2019-03-29,JPM
"33 Firms Going Ex-Dividend Next Week, Including Comcast, JP Morgan And Cisco Systems",2019-03-29,JPM
Federal Reserve Analysis: How Financial Stocks Are Effected,2019-03-29,JPM
JPMorgan posts more blockchain jobs than any other financial firm,2019-03-29,JPM
"Stocks To Watch: Automakers, Macau Names And CinemaCon Action",2019-03-30,JPM
"Automakers, Macau Names And CinemaCon Action (Stocks To Watch Podcast)",2019-03-31,JPM
"Trump's Right, The Fed Should Cut, But 'Goldilocks' Is Likely Anyway",2019-03-31,JPM
Banking app N26 eyes U.S. market,2019-04-01,JPM
"Nike, FedEx, Adobe and JPMorgan are part of Zacks Earnings Preview",2019-04-01,JPM
Dow Jumps 330 Points To Five-Month High On Global Stock Rally,2019-04-01,JPM
"Dow Jones Futures: JPMorgan, Bank Of America Jump, But Don't Bank On Bank Stocks",2019-04-01,JPM
My Dividend Growth Portfolio: Q1 2019 Summary,2019-04-01,JPM
"Astronics, Ichor, JP Morgan, Bank of America and Goldman highlighted as Zacks Bull and Bear of the Day",2019-04-01,JPM
"Stock Market News For Apr 2, 2019",2019-04-02,JPM
Investment banks set sights on smaller M&A deals: WSJ,2019-04-02,JPM
Financial Sector Bond-ING,2019-04-02,JPM
Wells Fargo: Out Of The Penalty Box,2019-04-02,JPM
JPMorgan Chase (JPM) Gains But Lags Market: What You Should Know,2019-04-03,JPM
Is Global Payments next target for fintech merger?,2019-04-03,JPM
Slack Chooses DPO Over IPO: What Does It Mean?,2019-04-03,JPM
Wells Fargo Offers Clients Tap-to-Pay Contactless Cards,2019-04-03,JPM
"Big Banks, Under Rate Pressure, Face Earnings Starting Gun",2019-04-03,JPM
New Proposed Rule to Limit Impact of Large Bank Failures,2019-04-03,JPM
Comparing Stocks With The Percentage Price Oscillator,2019-04-03,JPM
"My Dividend Growth Portfolio Q1 Update: 37 Holdings, 2 Buys, 2 Trims And 1 Sell",2019-04-04,JPM
"JPMorgan's Dimon calls for mortgage reform, looks to next downturn",2019-04-04,JPM
What To Look For This Earnings Season,2019-04-04,JPM
2019 Q1 In Review,2019-04-04,JPM
Is It Buy Or Goodbye For Dogs Of The Dow VS. Dogs Of The S&P 500?,2019-04-05,JPM
"Arlington Partners LLC Buys Vanguard Div Appreciation, JPMorgan Chase Capital XVI JP Morgan ...",2019-04-05,JPM
"Bank Stock Roundup: Rise in Bond Yield, Easing Global Growth Concerns, JPM & WFC in Focus",2019-04-05,JPM
Delta Stock Rallies Ahead Of Earnings; Top Financial Stock Also Set To Report,2019-04-05,JPM
"Northstar Investment Advisors Llc Buys Stryker Corp, Amazon. ...",2019-04-05,JPM
"The U.S. Week Ahead (Apr 8-12), Earnings: Buyers, Bankers And Beyond",2019-04-05,JPM
"Earnings Begin As Disney Plus, Boeing Q1 Deliveries Due: Investing Action Plan",2019-04-05,JPM
Previewing Bank Earnings,2019-04-05,JPM
"O'Brien Wealth Partners LLC Buys Paychex Inc, SPDR Select Sector Fund - Technology, Sells ...",2019-04-05,JPM
JPMorgan And Wells Fargo Kick Off Earnings Season On Friday: Here's What To Expect,2019-04-05,JPM
Stocks To Watch: Disney+ And Bank Majors Step Out,2019-04-06,JPM
Markets Surge Higher Creating Your Opportunity,2019-04-06,JPM
Disney+ And Bank Majors Step Out (Stocks To Watch Podcast),2019-04-07,JPM
March To Freedom Fund 1st Quarter Update: 12%+ Portfolio Growth And 31% Increase In Dividends,2019-04-07,JPM
Road To Financial Independence: New Dividend Record In March,2019-04-08,JPM
Thirteen Monster Stock Market Predictions For The Week of April 8,2019-04-08,JPM
Wall Street Breakfast: Pinterest Begins Marketing For IPO,2019-04-08,JPM
S&P 500 Heads Into Earnings Season Up Roughly 15%; What Could Go Wrong?,2019-04-08,JPM
BofA Ramps Up Expansion & Modernization of Financial Centers,2019-04-08,JPM
"Boeing Stock Slumps, Weighs On Stock Futures; GE Hit On Downgrade",2019-04-08,JPM
Pinterest Begins Marketing For IPO (Wall Street Breakfast Podcast),2019-04-08,JPM
What Will Upcoming Earnings Reveal?,2019-04-08,JPM
The Retiree's Dividend Portfolio - John's February Update - Game Of Thrones Edition,2019-04-08,JPM
"Dalton Greiner Hartman Maher & Co Buys Southwest Gas Holdings Inc, Baxter International ...",2019-04-08,JPM
Stocks And Precious Metals Charts - Earnings In The Wings,2019-04-08,JPM
"HSBC: Well Positioned In Asia, But Still Not A Buy",2019-04-08,JPM
"JPMorgan, Wells Fargo, FedEx and Nike are part of Zacks Earnings Preview",2019-04-08,JPM
"Stock Futures Edge Lower; Apple, Disney Lead Dow Jones",2019-04-09,JPM
JPMorgan's Numerous Headwinds May Hurt Its Quarterly Results,2019-04-09,JPM
Nontransparent ETFs on the horizon,2019-04-09,JPM
Wall Street Breakfast: U.S. Turns Up Trade Heat On Europe,2019-04-09,JPM
U.S. Turns Up Trade Heat On Europe (Wall Street Breakfast Podcast),2019-04-09,JPM
Can Fed's New Rules for Foreign Banks Promise More Immunity?,2019-04-09,JPM
"Trading, Investment Banking to Mar JPMorgan (JPM) Q1 Earnings",2019-04-09,JPM
"Stock Market Drops, But This Dow Jones Stock Is Breaking Out Today",2019-04-09,JPM
Saudi Aramco's Debut Debt Sale Sees Slick Demand,2019-04-09,JPM
"JPMorgan, Wells Fargo set to launch Q1 earnings season",2019-04-09,JPM
Which Big Bank Has the Best Earnings Chart?,2019-04-09,JPM
Let The Earnings Season Begin,2019-04-09,JPM
My PEG5 System Beats The Index By 10% With Blue Chips,2019-04-09,JPM
14 Great Dividend Stocks I've Placed Orders To Buy,2019-04-10,JPM
Big bank CEOs face the House,2019-04-10,JPM
"PagnatoKarp Partners LLC Buys Mondelez International Inc, Invesco S&P 5…… Low ...",2019-04-10,JPM
Lower Trading Volumes to Hurt JPMorgan's (JPM) Q1 Earnings,2019-04-10,JPM
5 Best Stocks to Buy Ahead of Q1 Earnings Season,2019-04-10,JPM
Weak Investment Banking to Hurt JPMorgan (JPM) Q1 Earnings,2019-04-11,JPM
"Challenges Stack Up For Big Banks: Earnings Ahead For JPMorgan, Wells Fargo, Citigroup",2019-04-11,JPM
What's in Store for Dow ETF in Q1 Earnings?,2019-04-11,JPM
JPMorgan Chase Q1 2019 Earnings Preview,2019-04-11,JPM
JPMorgan (JPM) Set to Transfer GBP1.5 Billion Fund Assets,2019-04-11,JPM
"Growth Stocks Drift Lower Ahead Of Earnings, But This E-Commerce Leader Breaks Out",2019-04-11,JPM
Morgan Stanley to Add More 5.5% Stake in China Joint Venture,2019-04-11,JPM
No Surprise From Fed As Inflation Proves Impossible!,2019-04-11,JPM
Blue Chips Erase Gains But 3 Stocks Show Strength; This Sector Shows Leadership,2019-04-11,JPM
Financial Earnings In Play Tomorrow,2019-04-11,JPM
"Stonehearth Capital Management, LLC Buys JPMorgan Chase, Johnson & Johnson, Analog Devices ...",2019-04-11,JPM
"Tesla Stock Hit Again, But JPMorgan, Caterpillar Buoy Dow Jones",2019-04-11,JPM
Sleep Well With XLF,2019-04-11,JPM
Notable earnings before Friday's open,2019-04-11,JPM
"Sector Allocations: Defense Might Win Championships, But Offense Will Generate Higher Returns",2019-04-11,JPM
"Dow Jones Futures: Disney Takes Aim At Netflix, But Will It Hit Apple?",2019-04-11,JPM
"Financials Kick Off Q1 '19 Earnings, Friday, April 12th, 2019",2019-04-11,JPM
JPMorgan kicks off Q1 earnings season with a beat,2019-04-12,JPM
Wall Street Breakfast: Get Ready For Earnings Season,2019-04-12,JPM
JPMorgan +2.4% as Q1 EPS beats by 30 cents,2019-04-12,JPM
A Focus On Energy: Chevron Is Paying A Fair Price For Anadarko,2019-04-12,JPM
Get Ready For Earnings Season (Wall Street Breakfast Podcast),2019-04-12,JPM
JPMorgan Chase & Co. 2019 Q1 - Results - Earnings Call Slides,2019-04-12,JPM
"JPMorgan (JPM) Beats on Q1 Earnings, Revenues Increase Y/Y",2019-04-12,JPM
"Stock Futures Angle Up As Disney, JPMorgan Drive Dow Jones",2019-04-12,JPM
"Dow Jones Futures Jump: Chevron Buys Anadarko, Disney Takes On Netflix, JPMorgan Earnings Top",2019-04-12,JPM
"Chevron's Deal, Big Banks' Q1 Earnings & Disney+ Boost",2019-04-12,JPM
"Stock Market News For Apr 12, 2019",2019-04-12,JPM
Good First Impression,2019-04-12,JPM
"Dow 30 Stock Roundup: Procter & Gamble Hikes Dividend, Boeing Q1 Commercial Deliveries Fall",2019-04-12,JPM
"JPMorgan (JPM) Q1 Earnings Beat on Rates, Debt Underwriting",2019-04-12,JPM
Fantastic Friday – Pre-Market Boost Turns the Week Positive,2019-04-12,JPM
JPMorgan Soars As Q1 Results Smash Expectations,2019-04-12,JPM
"Stock's Finally Set to Break Out on April 12, Led by Disney and Banks",2019-04-12,JPM
One Hurdle Lies Between The S&P 500 And All-Time Highs - Take That Bears,2019-04-12,JPM
Despite Feds Dovish Verbiage Bank Stocks Beat Earnings,2019-04-12,JPM
Disney Stock Leads Dow Jones Higher; Software Sector Delivers Another Breakout,2019-04-12,JPM
Dimon defends JPMorgan's entry-level salary range,2019-04-12,JPM
Banco Santander leads financial gainers; Dunxin Financial Holdings and China Bat Group only losers,2019-04-12,JPM
Bank stocks (except Wells) surge amid healthy Q1 earnings,2019-04-12,JPM
"Banks Trip Up The Bears, As Dow Jones Leads Stock Market Higher",2019-04-12,JPM
Dow Jones Leads Advance As Stock Market Shows This New Bullish Twist,2019-04-12,JPM
Fantastic Friday - Pre-Market Boost Turns The Week Positive,2019-04-12,JPM
JPMorgan Chase: Lookin' Good!,2019-04-12,JPM
This Bank Stock Just Blew Away Earnings Expectations,2019-04-12,JPM
Warren Buffett's JPMorgan Boosts Dow's Gain on Friday,2019-04-12,JPM
"Disney, Dimon, & A China Debt Surge Lift Stocks As Economic Data Collapses",2019-04-12,JPM
Dow Jones Leads Stock Market Rally; This Top Growth Stock Breaks Out,2019-04-12,JPM
Week-In-Review: Stocks Kick Off Earnings Season With A Bang,2019-04-12,JPM
JPMorgan Chase & Co. (JPM) CEO Jamie Dimon on Q1 2019 Results - Earnings Call Transcript,2019-04-12,JPM
"US Market Indexes Close Higher Friday After JPMorgan, Wells Fargo Earnings",2019-04-12,JPM
JPMorgan Surges: Expecting New Highs (And Liking The Sector),2019-04-12,JPM
"AskSlim Market Week - Saturday, April 13",2019-04-13,JPM
"The U.S. Week Ahead (Apr 15-19), Cracks In The Foundation",2019-04-13,JPM
Dimon In The Rough,2019-04-13,JPM
Wells Fargo: Something To Build On,2019-04-13,JPM
Time For The Financials To Outperform,2019-04-14,JPM
Gold Faces Challenge As 'Risk On' Returns,2019-04-14,JPM
My K.I.S.S. Dividend Growth Portfolio: 1st Quarter 2019 Update,2019-04-14,JPM
ChartMasterPro: Q1 2019 Trade Review,2019-04-14,JPM
A Docile Market But For How Long?,2019-04-14,JPM
Equity Indices Eyeing Fresh Highs – Trader Reaction To Earnings Key,2019-04-15,JPM
"JPMorgan, Wells Fargo, Citigroup, Bank of America and Goldman Sachs are part of Zacks Earnings Preview",2019-04-15,JPM
JPMorgan: A Bank To Bank On,2019-04-15,JPM
Chase adds gift card giving to app,2019-04-15,JPM
"Goldman (GS) Q1 Earnings Beat, Advisory Revenues Improve",2019-04-15,JPM
Big Bank Earnings Impress in Q1: 5 Great Picks,2019-04-15,JPM
"Citigroup (C) Q1 Earnings Beat Estimates, Revenues Disappoint",2019-04-15,JPM
Market Likely to be on Northward Journey From Here: 5 Picks,2019-04-15,JPM
"Stock Market News For Apr 15, 2019",2019-04-15,JPM
S&P Approaches New Highs After Crossing Above 2900,2019-04-15,JPM
"Top Stock Reports for JPMorgan, Visa & Chevron",2019-04-15,JPM
"A New York Minute: Citi, Goldman Mixed in Q1; Empire State Up",2019-04-15,JPM
Commerce Bancshares Investors Pay For Better Than This,2019-04-15,JPM
"US Market Indexes Close Lower Monday, Goldman and Citi Report Earnings",2019-04-15,JPM
Q1 Earnings Continue,2019-04-15,JPM
"Goldman Sachs, Citigroup Beat Earnings Views But Revenue Misses",2019-04-15,JPM
JPMorgan Back On Track As One Of America's Best Banks,2019-04-15,JPM
"Banks follow Goldman's, Citi's decline",2019-04-15,JPM
"Forget Rate Woes, Bank ETFs to Stay Strong on Unicorn IPOs",2019-04-15,JPM
Dow Jones Today Led By UnitedHealth; China Stocks Pressure Nasdaq,2019-04-15,JPM
3 Financial Stocks To Consider For Your Portfolio,2019-04-15,JPM
"Top Stock Picks for April 15, 2019",2019-04-15,JPM
"Comerica (CMA) Q1 Earnings Beat Estimates, Revenues Up Y/Y",2019-04-16,JPM
Citigroup: The Beat Goes On,2019-04-16,JPM
Deutsche Bank subpoenaed over Trump business,2019-04-16,JPM
Wall Street Breakfast: Next Round Of Corporate Earnings,2019-04-16,JPM
Next Round Of Corporate Earnings (Wall Street Breakfast Podcast),2019-04-16,JPM
"The Zacks Analyst Blog Highlights: JPMorgan, Visa, Chevron, TJX and General Dynamics",2019-04-16,JPM
Stocks And Precious Metals Charts - Citi's Traces In The Gold Sell Off,2019-04-16,JPM
"EQT Partners adds Goldman, Morgan Stanley to advise on IPO",2019-04-16,JPM
Citigroup: The Turnaround Continues,2019-04-16,JPM
Mixed Start to Q1 Earnings Season,2019-04-16,JPM
"PNC Financial Posting Healthy Loan Growth, But Cycle Peak Pressures Emerging",2019-04-16,JPM
US Market Indexes Close Higher Tuesday,2019-04-16,JPM
J.P. Morgan names new CFO; Lake moves to top consumer lending role,2019-04-17,JPM
Morgan Stanley: A Bank To Watch,2019-04-17,JPM
"Citigroup Making Slow Progress, Which Is Still Better Than What's Priced In",2019-04-17,JPM
"M&T Bank Doing Fine, But Also As Expected",2019-04-17,JPM
Should iShares Morningstar Large-Cap Value ETF (JKF) Be on Your Investing Radar?,2019-04-17,JPM
"Zacks Earnings Trends Highlights: JPMorgan, Citigroup, Goldman Sachs and Wells Fargo",2019-04-17,JPM
"U.S. Bancorp (USB) Q1 Earnings Meet Estimates, Revenues Up",2019-04-17,JPM
Are The Big Banks In A Boring Stage?,2019-04-18,JPM
"Wall Street Breakfast: Pinterest, Zoom Test Red-Hot IPO Market",2019-04-18,JPM
Deutsche Bank: The Guardian Involved In The Media Laundromat,2019-04-18,JPM
"Pinterest, Zoom Test Red Hot IPO Market (Wall Street Breakfast Podcast)",2019-04-18,JPM
"Citizen Financial's (CFG) Q1 Earnings Top, Expenses Flare Up",2019-04-18,JPM
"Schwarzman, Dimon see China trade deal, no U.S. recession",2019-04-18,JPM
"Regions Financial's (RF) Q1 Earnings Improve Y/Y, Revenues Up",2019-04-18,JPM
Thoughts On Banks During Earnings Season,2019-04-19,JPM
"Starfire Investment Advisers, Inc. Buys Vanguard Value, SPDR Index Shares Fund Portfolio ...",2019-04-19,JPM
Warren Buffett's Market Indicator Eclipses –4'% Ahead of Easter,2019-04-19,JPM
Daily Insider Ratings Round Up 4/17/19,2019-04-19,JPM
Weekly Top Insider Buys Highlight for the Week of April –9,2019-04-20,JPM
JPMorgan to widen use of blockchain system,2019-04-21,JPM
"Oil Spikes, Futures Lower Ahead Of Earnings Push (Wall Street Breakfast Podcast)",2019-04-22,JPM
Financial ETFs Are No Sure Thing,2019-04-22,JPM
"Banking Earnings Mixed, ETFs Gain Moderately",2019-04-22,JPM
"Wall Street Breakfast: Oil Spikes, Futures Lower Ahead Of Earnings Push",2019-04-22,JPM
JPMorgan: A Top Quality Stock For An Attractive Valuation,2019-04-22,JPM
"Bartlett & Co. LLC Buys JPMorgan Chase, Facebook Inc, McDonald's Corp, Sells CVS Health ...",2019-04-23,JPM
"Hudock Moyer Wealth Resources, LLC Buys iShares —…+ Year Treasury Bond ETF, iShares Short ...",2019-04-23,JPM
Bank Of China: Growth At A Very Reasonable Prize,2019-04-23,JPM
JPMorgan increases number of women at managing director level - Bloomberg,2019-04-24,JPM
"Earnings Picture Good, Not Great",2019-04-24,JPM
"With More Earnings Reports In Hand, Wells Fargo Looking Even Worse",2019-04-24,JPM
"Zacks Earnings Trends Highlights: JPMorgan, Citigroup, Goldman Sachs and Wells Fargo",2019-04-25,JPM
5 Finance Sector Stocks Set to Beat Q1 Earnings Estimates,2019-04-25,JPM
4 Stocks Insiders Are Buying,2019-04-25,JPM
Wall Street banks aim to transform bond-ordering system,2019-04-26,JPM
Enterprise Financial Services Corp Buys Schwab U.S. ...,2019-04-26,JPM
Credit-card charge-offs on the rise - Bloomberg,2019-04-26,JPM
"Access Financial Services, Inc. Buys Vanguard High Dividend Yield, Cogent Communications ...",2019-04-26,JPM
Valley National Advisers Inc Buys Schwab U.S. ...,2019-04-26,JPM
Dogs Of The Dow Lag Broader Market,2019-04-27,JPM
"Dow Dogs Barking: Dow Tops By Yield, UnitedHealth Tops By Broker Bets In May",2019-04-28,JPM
Why JPMorgan Is The Strongest American Bank,2019-04-29,JPM
"Nasdaq, S&P 500 March To New Highs As Stocks Extend Gains",2019-04-29,JPM
"Stock Indexes Quiet, But Banks And Software Post Solid Gains",2019-04-29,JPM
Dow Jones Lags Small-Cap Rally; This Retail Stock Market Leader Is In Buy Range,2019-04-29,JPM
Citigroup: Undervalued And Moving In The Right Direction,2019-04-30,JPM
Why JPMorgan Chase (JPM) is a Top Dividend Stock for Your Portfolio,2019-04-30,JPM
Introducing A New Way To Trade Financials: Big Banks Are Targets For Traders,2019-04-30,JPM
Buy Square (SQ) Stock Still on the Dip Ahead of Q1 2019 Earnings?,2019-04-30,JPM
"Hamel Associates, Inc. Buys Real Estate Select Sector SPDR Fund (The), SPDR Select Sector Fund ...",2019-05-01,JPM
Buybacks As The Best Option At Berkshire? The Choice Buffett Faces Resembles Yours And Mine,2019-05-01,JPM
Financial stocks pull up after Fed press conference,2019-05-01,JPM
Wells Fargo Looks To Be In A Good Position Despite Current Mortgage Environment,2019-05-01,JPM
"Andesa Financial Management Inc. Buys Microsoft Corp, Apple Inc, Cisco Systems Inc, Sells SPDR ...",2019-05-02,JPM
"Investment House Llc Buys JPMorgan Chase, Global Payments Inc, Cheniere Energy Inc, Sells ...",2019-05-03,JPM
Why Value Will Outperform Growth,2019-05-03,JPM
"JPMorgan, Microsoft work to speed enterprise blockchain adoption",2019-05-03,JPM
"Hourglass Capital, Llc Buys Fifth Third Bancorp, CBS Corp, JPMorgan Chase, Sells iShares ...",2019-05-03,JPM
Lowest Unemployment Rate in 50 Years: What To Buy,2019-05-03,JPM
"Elite Wealth Management, LLC Buys Carnival Corp, McDonald's Corp, Sells Invesco QQQ Trust ...",2019-05-03,JPM
"My Dividend Growth Portfolio April Update: 42 Holdings, 6 Buys, 5 New Holdings And 1 Called Away",2019-05-04,JPM
Undervalued Dividend Growth Stocks: May 2019,2019-05-04,JPM
"Meridian Management Co Buys CVS Health Corp, Boeing Co, LiveRamp Holdings Inc, Sells iShares ...",2019-05-06,JPM
Here's Why Citigroup Stock is an Attractive Investment Option,2019-05-06,JPM
"The Zacks Analyst Blog Highlights: PayPal, Guidewire Software, JPMorgan Chase and SS&C Technologies",2019-05-06,JPM
Is Square (SQ) Stock Still a Long-Term Buy Following Earnings?,2019-05-06,JPM
Wells Fargo Might Refund Fees Wrongly Charged to Some Clients,2019-05-06,JPM
Bull of the Day: Sunrun (RUN),2019-05-06,JPM
"SlateStone Wealth, LLC Buys iShares Russell –……… Growth, iShares Russell –……… ...",2019-05-06,JPM
The Retiree's Dividend Portfolio - John's March Update - Let Your Dividends Do The Work,2019-05-06,JPM
Should iShares Russell Top 200 Value ETF (IWX) Be on Your Investing Radar?,2019-05-07,JPM
Road To Financial Independence: 107 Stocks April Update,2019-05-07,JPM
Big banks won't touch cannabis banking bill - WSJ,2019-05-07,JPM
"Central Securities Corp Buys Citigroup Inc, JPMorgan Chase, Sells Wells Fargo",2019-05-07,JPM
JPMorgan (JPM) or Citigroup (C): Which is a Better Pick?,2019-05-07,JPM
"Welch Capital Partners Llc Buys Vanguard S&P 5……, Humana Inc, Apple Inc, Sells CVS ...",2019-05-08,JPM
"Camden National Bank Buys BB&T Corp, T-Mobile US Inc, JPMorgan Chase, Sells Weyerhaeuser ...",2019-05-08,JPM
ISS recommends voting against JPMorgan exec pay plan,2019-05-08,JPM
"Acadian Asset Management Llc Buys Alibaba Group Holding, Verizon Communications Inc, Alphabet ...",2019-05-09,JPM
"Quality, Value, And A Little Bit Of Growth - Bank Of America Seems To Offer Quite A Bit",2019-05-09,JPM
"Horseman Capital Management Ltd Buys VelocityShares Daily —x VIX Short Term ETN, NVIDIA Corp, ...",2019-05-09,JPM
JPMorgan Might Own Majority Stake in China Fund Venture,2019-05-09,JPM
Financials Are Noticeably Absent From The Party (Video),2019-05-09,JPM
Barron's names 7 dividend picks,2019-05-10,JPM
"VisionPoint Advisory Group, LLC Buys SPDR Bloomberg Barclays –-' Month T-Bill, Johnson ...",2019-05-10,JPM
"Glassman Wealth Services Buys Maximus Inc, Exxon Mobil Corp, Solar Capital, Sells First Trust ...",2019-05-10,JPM
"Bank Stock Roundup: Trade War & Recession Concerns Linger, WFC, C, JPM in Focus",2019-05-10,JPM
EU antitrust fines coming for forex rigging,2019-05-10,JPM
Digitization and Fintech to Boost U.S. Banks: 5 Picks,2019-05-10,JPM
"Stocks To Watch: China Redux, 13F Season And Blockchain Blockbuster",2019-05-11,JPM
How To Earn 6% Income With Half The Risk (Retirement Series),2019-05-11,JPM
Transformational Technological Changes Coming In Banking,2019-05-11,JPM
"Top Five Weekend Stock Stories - May 12, 2019",2019-05-12,JPM
Why Is JP Morgan (JPM) Up 5.9% Since Last Earnings Report?,2019-05-12,JPM
"China Redux, 13F Season And Blockchain Blockbuster (Stocks To Watch Podcast)",2019-05-12,JPM
Banks not spared in trade war-related selloff,2019-05-13,JPM
"Microsoft, Starbucks And The Ethereum Blockchain",2019-05-13,JPM
Should iShares Morningstar Large-Cap Value ETF (JKF) Be on Your Investing Radar?,2019-05-13,JPM
JP Morgan (JPM) Upgraded to Buy: Here's Why,2019-05-13,JPM
"Tiverton Asset Management Llc Buys A.O. Smith Corp, JPMorgan Chase, Comcast Corp, Sells Celgene ...",2019-05-13,JPM
"Forefront Analytics, LLC Buys iShares …-5 Year TIPS Bond, iShares Floating Rate Bond, SPDR ...",2019-05-13,JPM
"States Expand Suit Against Teva & Others, Shares Plunge",2019-05-13,JPM
"HBK Sorce Advisory LLC Buys First Trust Low Duration Opportunities ETF, JPMorgan Chase, ...",2019-05-13,JPM
"Arlington Financial Advisors, LLC Buys First Trust North American Energy Infrastructure F, ...",2019-05-13,JPM
"Jump Trading, LLC Buys SPDR S&P 5……, SPDR MidCap Trust Series I, iShares Core S&P ...",2019-05-14,JPM
"The Zacks Analyst Blog Highlights: Teva, Amazon, Berkshire and JPMorgan",2019-05-14,JPM
Financials bounce back after a blue Monday,2019-05-14,JPM
Saving Capitalism: Some Modest Proposals,2019-05-14,JPM
"Weitz Investment Management Inc Buys Booking Holdings Inc, JPMorgan Chase, Box Inc, Sells ...",2019-05-14,JPM
"Brown Advisory Securities, LLC Buys JPMorgan Chase, Spirit AeroSystems Holdings Inc, iShares ...",2019-05-14,JPM
"Toroso Investments, LLC Buys Invesco CEF Income Composite, LINE Corp, Opera, Sells Thomson ...",2019-05-15,JPM
"Tiger Management Buys Facebook Inc, Camping World Holdings Inc, Apollo Global Management LLC, ...",2019-05-15,JPM
JPMorgan Chase April card delinquency rate falls from March,2019-05-15,JPM
"InterOcean Capital, LLC Buys FedEx Corp, JPMorgan Chase, PepsiCo Inc, Sells Starbucks Corp, ...",2019-05-15,JPM
Dogcatcher's Safety Check Of 21 Stocks In Kiplinger/Barron's Dividend Elite For May,2019-05-15,JPM
JPMorgan's investing app brings in newbies - Bloomberg,2019-05-15,JPM
Tracking Ken Fisher's Fisher Asset Management Portfolio - Q1 2019 Update,2019-05-15,JPM
Understanding What's Inside Financial Sector Indices & Introducing A Big Bank Index,2019-05-15,JPM
UBS Group Cuts More Than 150 Jobs Amid Plans to Save Costs,2019-05-16,JPM
A Protracted Trade Dispute (Wall Street Breakfast Podcast),2019-05-16,JPM
Wall Street Breakfast: A Protracted Trade Dispute,2019-05-16,JPM
Stock Buyback Frenzy: How This Will Effect You,2019-05-16,JPM
EU fines five banks €1B for forex rigging,2019-05-16,JPM
"German prosecutors focus on JPM, BNY, Citi over ADR taxes - Handelsblatt",2019-05-16,JPM
"Hi-Line Capital Management, LLC Buys Liberty Global PLC, JPMorgan Chase, Affiliated Managers ...",2019-05-16,JPM
From TIC's Big March Number Right To Powell's Future Rate Cut(s),2019-05-16,JPM
JPMorgan moves to No. 2 in Forbes Global 2000 list,2019-05-16,JPM
"JPMorgan, Goldman Sachs Are Making Their Biggest Buyouts In Years",2019-05-17,JPM
"Regional banks manage gains, big banks waver",2019-05-17,JPM
"Dow 30 Stock Roundup: Walmart, Cisco Earnings Impress",2019-05-17,JPM
JPMorgan to buy healthcare payments tech firm for over $500M,2019-05-17,JPM
Tracking Warren Buffett's Berkshire Hathaway Portfolio - Q1 2019 Update,2019-05-17,JPM
Global Banks to Pay $1.2B in Settlement for FX Manipulation,2019-05-17,JPM
Stocks To Watch: Retail On Display,2019-05-18,JPM
"JPMorgan Chase, Health Care And The 'New' Modern Corporation",2019-05-19,JPM
"Warren Buffett's Berkshire Hathaway Buys JPMorgan Chase & Co, Amazon. ...",2019-05-19,JPM
Retail On Display (Stocks To Watch Podcast),2019-05-19,JPM
Tracking George Soros's Portfolio - Q1 2019 Update,2019-05-20,JPM
"JPMorgan Expands Into Healthcare Payments, to Buy InstaMed",2019-05-20,JPM
JPMorgan Chase (JPM) Gains As Market Dips: What You Should Know,2019-05-20,JPM
Stock Buyback Frenzy: Was This An Effective Use of Capital?,2019-05-20,JPM
"Berkshire Buys Amazon.com, But Likes JPMorgan More",2019-05-21,JPM
JPMorgan Chase declares $0.80 dividend,2019-05-21,JPM
8% Shareholder Yield: JPMorgan Chase Is A Strong Buy,2019-05-21,JPM
BofA Consolidates Branch Network Amid Rise in Digital Usage,2019-05-21,JPM
3 Tech Stocks for Growth Investors to Buy Right Now,2019-05-22,JPM
"Visa, Chase announce tap-and-pay for NYC subways, buses",2019-05-22,JPM
Tracking Glenn Greenberg's Brave Warrior Advisors Portfolio - Q1 2019 Update,2019-05-22,JPM
Dow Dogs Digging: Listing The Top Stocks By Yield And Net Gains For June,2019-05-22,JPM
Hedge Funds' Favorite Bets in –st-Quarter —…–9,2019-05-23,JPM
What Makes JPMorgan a Better Stock Than Bank of America?,2019-05-23,JPM
"US Indexes Close Higher Friday, but Report Consecutive Weekly Losses",2019-05-24,JPM
"Stocks To Watch: Walmart's 5260, Computex And Healthcare Headwinds",2019-05-25,JPM
"Walmart's 5260, Computex And Healthcare Headwinds (Stocks To Watch Podcast)",2019-05-26,JPM
Schwab Large-Cap Value ETF: Stay Value Conscious,2019-05-27,JPM
Bank Of America Pullback Opportunity Happens Again,2019-05-27,JPM
Lawsuit Slapped on Global Banks for FX Collusion in Australia,2019-05-28,JPM
Is Fidelity High Dividend ETF (FDVV) a Strong ETF Right Now?,2019-05-28,JPM
"JPMorgan trading revenue falls 4%-5% Y/Y QTD, Dimon says",2019-05-28,JPM
JPMorgan Chase & Co. (JPM) Deutsche Bank Global Financial Services Brokers Conference (Transcript),2019-05-28,JPM
The Future Of Banking: JPMorgan Chase & Co. And Others,2019-05-28,JPM
JPMorgan Building On Strengths Outside Of Banking,2019-05-29,JPM
JPMorgan Chase (JPM) Stock Moves -0.27%: What You Should Know,2019-05-29,JPM
WeWork working on getting $2.75B credit line - Bloomberg,2019-05-29,JPM
"Wallace Weitz Buys Booking, JPMorgan",2019-05-29,JPM
My International Dividend Portfolio,2019-05-29,JPM
Value Idea Contest: JPMorgan Still Undervalued,2019-05-30,JPM
Global Payments Scales Up Yet Again,2019-05-30,JPM
UnitedHealth Group: Why I Just Purchased Shares Of This Health Care Leader,2019-05-30,JPM
"The Zacks Analyst Blog Highlights: Apple, Intel, JP Morgan, Bank of America and Citigroup",2019-05-30,JPM
"Top Research Reports for JPMorgan, Starbucks & Morgan Stanley",2019-05-30,JPM
Bank of Montreal: This Canadian Bank Yields 4% And Just Raised Its Dividend,2019-05-30,JPM
Fidelity (FIS) Ups Borrowing Capacity of Credit Facility,2019-05-30,JPM
"Dow 30 Stock Roundup: BA's Dreamliner Order, MSFT LinkedIn's Drawbridge Buyout Plan",2019-05-31,JPM
"The Zacks Analyst Blog Highlights: JPMorgan, Starbucks, Morgan Stanley, Twitter and IBM",2019-05-31,JPM
Interview With REX Shares President Scott Acheychek On The BigBanks MicroSector,2019-05-31,JPM
The Panda Edition,2019-06-01,JPM
Dividend Portfolio Review: New Dividend Record For May,2019-06-03,JPM
A Good Alternative To Buying Dividend Stocks,2019-06-03,JPM
May Portfolio Update - Looking Forward Towards Chaos,2019-06-03,JPM
Wally Weitz Buys — Stocks and Loads Up on JPMorgan,2019-06-03,JPM
"JPMorgan (JPM) to Expand Into Georgia, Open 40 Branches",2019-06-03,JPM
This is Why JPMorgan Chase (JPM) is a Great Dividend Stock,2019-06-03,JPM
Should iShares Morningstar Large-Cap Value ETF (JKF) Be on Your Investing Radar?,2019-06-04,JPM
Financials help fuel stock rally,2019-06-04,JPM
Morgan Stanley - Now's Not The Time,2019-06-05,JPM
JPMorgan brings back forced arbitration for credit-card customers,2019-06-05,JPM
5 Companies Boosting Earnings,2019-06-05,JPM
The Retiree's Dividend Portfolio - John's April Update: Focus On The Blended Yield,2019-06-05,JPM
The Swiss Watch of Finance: Where Fed Rate-Cut Odds Come From,2019-06-05,JPM
Christopher Browne: Finding the Silver Lining When Markets Dip,2019-06-05,JPM
"My Dividend Growth Portfolio May Update: 42 Holdings, 1 Buy",2019-06-06,JPM
Wells Fargo (WFC) to Overhaul Commercial Banking Business,2019-06-06,JPM
JPMorgan scraps Finn app service - WSJ,2019-06-06,JPM
Walking Away In May Worked - June Depends On Developments,2019-06-06,JPM
Undervalued Dividend Growth Stocks: June 2019,2019-06-06,JPM
Financial Guru Warren Buffett's Favorite Financial Stocks,2019-06-06,JPM
JPMorgan Chase Is Building A More Digital Culture,2019-06-07,JPM
XLF: Performance And Valuation Update - June 2019,2019-06-07,JPM
Fed lifts London Whale-era requirements from JPMorgan,2019-06-07,JPM
U.S. banks fall on prospect of Fed rate cuts,2019-06-07,JPM
Goldman Sachs - Moving From Wall Street To Main Street,2019-06-07,JPM
"Stocks To Watch: Chewy IPO, Lululemon And Tesla On Tap",2019-06-08,JPM
"Chewy IPO, Lululemon And Tesla On Tap (Stocks To Watch Podcast)",2019-06-09,JPM
Why JPMorgan Is A Solid Bet Now,2019-06-09,JPM
Wells Fargo Proposes to Settle Auto Insurance Case for $386M,2019-06-10,JPM
"Discover Financial: Solid Fundamentals, But Hidden Risks",2019-06-11,JPM
Wells Fargo struggles to find a new CEO - WSJ,2019-06-11,JPM
Beyond Meat (BYND) Declines After Extraordinary Debut,2019-06-11,JPM
The Risk Pendulum,2019-06-11,JPM
JPMorgan Chase (JPM) Gains As Market Dips: What You Should Know,2019-06-11,JPM
"Market Briefing For Wednesday, June 12",2019-06-12,JPM
Citi's Japanese Unit Faces Ban From Auction Participation,2019-06-12,JPM
Slump in Trading Activities to Dent Banks' Q2 Revenue Growth,2019-06-12,JPM
JPMorgan won't close card accounts for rejecting arbitration,2019-06-12,JPM
JPMorgan sees quantum computing paying off years from now - WSJ,2019-06-12,JPM
Buy Goldman Sachs: Hidden Growth With An Attractive Valuation Offering Best In Class Risk/Reward,2019-06-12,JPM
Tracking Wallace Weitz's Weitz Investment Management Portfolio - Q1 2019 Update,2019-06-13,JPM
Here's Why JPMorgan (JPM) Stock is a Solid Investment Choice,2019-06-14,JPM
Wells Fargo (WFC) to Divest Majority Interest in Eastdil,2019-06-14,JPM
IPOs Fiverr And CrowdStrike Are Rocking - Here Come Doppelgangers Upwork And Zscaler,2019-06-14,JPM
"Stocks To Watch: Spotlight On FOMC, Slack And Paris Air Show",2019-06-15,JPM
Warren Buffett Versus The S&P 500,2019-06-15,JPM
"Spotlight On FOMC, Slack And Paris Air Show (Stocks To Watch Podcast)",2019-06-16,JPM
JPMorgan Chase (JPM) Stock Sinks As Market Gains: What You Should Know,2019-06-17,JPM
May credit card charge-off/delinquency rates,2019-06-17,JPM
Wall Street Brunch,2019-06-17,JPM
JPMorgan Chase May card delinquency rate continues decline,2019-06-17,JPM
"4 Stocks to Win Big as Bitcoin Nears $10,000",2019-06-18,JPM
JPMorgan's Highbridge fund to focus on credit - Reuters,2019-06-18,JPM
Palantir's IPO Plans are Just as Secretive as the Company Itself,2019-06-18,JPM
Fed Meeting In Focus As Indexes Bide Time; Will Powell Give The Bulls A Present?,2019-06-19,JPM
Top Stocks For Midyear 2019,2019-06-19,JPM
Forget Facebook's Cryptocurrency Play Libra and Buy Square (SQ) Stock?,2019-06-19,JPM
Hungry Dogs Of The Dow Chase 15.79% Net Gains Targeted By Wall Street Gurus For June,2019-06-20,JPM
Chase and Southwest launch credit card for business owners,2019-06-20,JPM
Slack Directly Hits The Markets,2019-06-20,JPM
All 18 banks pass first part of Fed's stress tests,2019-06-21,JPM
Fed Interest Rate Cut on the Horizon: What it Means for Banks,2019-06-21,JPM
Stock Indexes Stay Calm As Trump Shows Restraint On Iran,2019-06-21,JPM
Stress tests put bank dividends on watch,2019-06-21,JPM
"Stocks To Watch: Nike, FedEx And Bank Stress Tests",2019-06-22,JPM
"Nike, FedEx And Bank Stress Tests (Stocks To Watch Podcast)",2019-06-23,JPM
An Update on Kroger,2019-06-23,JPM
The Retiree's Dividend Portfolio - John's May Update: When It Becomes Hard To Find A Good Deal,2019-06-23,JPM
"Dogs Of The Dow Update: As Of June 21, 2019",2019-06-23,JPM
18 Participating Banks Emerge Triumphant in Stress Test 2019,2019-06-24,JPM
U.S. Large-Cap Banks: 2019 Stress-Tests Released,2019-06-25,JPM
Libra: The Leap Into The Future?,2019-06-25,JPM
JPMorgan Chase (JPM) Stock Moves -0.83%: What You Should Know,2019-06-25,JPM
Aggressive Corporate Buybacks Offset Weakness At Other Sources Of Buying Power,2019-06-26,JPM
JPMorgan adds $50M to Detroit economic initiative,2019-06-26,JPM
Big U.S. Banks Have More Than $160bn In Excess Capital,2019-06-26,JPM
Should iShares Morningstar Large-Cap Value ETF (JKF) Be on Your Investing Radar?,2019-06-26,JPM
Fund managers bypass banks in meeting with CEOs - WSJ,2019-06-26,JPM
"Warren Buffett Holds 48 Stocks, And 33 Of Those Pay Dividends",2019-06-26,JPM
Citigroup - The Best Bank To Own In A Rate Cut Scenario,2019-06-26,JPM
Banks and airlines have tough talks about card partnerships,2019-06-27,JPM
"The Zacks Analyst Blog Highlights: JPMorgan, Wells Fargo, Duke Energy, General Motors and Norfolk",2019-06-27,JPM
Fed doesn't object to all 18 banks' capital plans,2019-06-27,JPM
JPMorgan Chase declares $0.90 dividend,2019-06-27,JPM
JPMorgan: Playing Defensive Into 2Q Earnings,2019-06-27,JPM
"JPMorgan +1.5% on plan to boost dividend, stock buybacks",2019-06-27,JPM
"Dow Jones Futures: Dow Stocks Apple, Boeing, Nike, JPMorgan, Goldman Sachs Moving Late",2019-06-27,JPM
Get Ready For The Breakout In Financial Stocks,2019-06-27,JPM
Wall Street Breakfast: G20 Summit Takes Center Stage,2019-06-28,JPM
G20 Summit Takes Center Stage (Wall Street Breakfast Podcast),2019-06-28,JPM
Goldman explores creating a digital coin - Les Echos,2019-06-28,JPM
"Big Banks Clear Fed's Stress Test, ETFs Rally",2019-06-28,JPM
"Stock Futures Edge Up; Nike, Goldman Sachs Stocks Divide Dow Jones Industrials",2019-06-28,JPM
"Stock Market News for Jun 28, 2019",2019-06-28,JPM
Warren Buffett's Bank Stocks Power Ahead; Uber Hits New High,2019-06-28,JPM
Warren calls out JPMorgan on reviving arbitration for credit card disputes,2019-06-28,JPM
"Dow Jones Led By Goldman Sachs, JPMorgan; Small Caps Surge Again; IPO RealReal Jumps",2019-06-28,JPM
"29 Firms Going Ex-Dividend Next Week, Including Comcast, Cisco And JP Morgan",2019-06-28,JPM
Dow Gets Big Bank Boost; RealReal Soars In Stock Market Debut,2019-06-28,JPM
These Bank Stocks Will Give Investors A Massive Payday; Citigroup Breaks Out,2019-06-28,JPM
Stocks Close Higher As China Trade Talks Loom,2019-06-28,JPM
US Indexes Post Gains for June,2019-06-28,JPM
"Banks advance as dividends, buybacks please investors",2019-06-28,JPM
"Stocks To Watch: Jobs Day, Tesla Deliveries And Dazzling Dividends",2019-06-29,JPM
Dividend Challenger Highlights: Week Of June 30,2019-06-29,JPM
"Jobs Day, Tesla Deliveries And Dazzling Dividends (Stocks To Watch Podcast)",2019-06-30,JPM
Week 27 Breakout Forecast: Short-Term Picks To Give You An Edge,2019-06-30,JPM
CCAR - And The Winner Is...,2019-06-30,JPM
"Citigroup, Goldman Sachs Lead These 6 Bank Stocks To Buy And Watch",2019-06-30,JPM
"Stock Market News for Jul 1, 2019",2019-07-01,JPM
Goldman Sachs (GS) to Foray Into Digital Currency Market,2019-07-01,JPM
"Dividend Increases: June 24-28, 2019",2019-07-01,JPM
Hitting A Bump: Financial Sector Earnings Might Get Bitten By Interest Rate Bug,2019-07-01,JPM
Big Banks Just Announced Big Dividend Increases and Share Repurchase Programs,2019-07-01,JPM
Visa To Acquire Verifi For Dispute Management Tech,2019-07-02,JPM
JPMorgan Asset Management to lay off 52,2019-07-02,JPM
"Top Stock Reports for JPMorgan, Thermo Fisher & Broadcom",2019-07-02,JPM
Bonds Are Driving The Purchase Of Everything,2019-07-03,JPM
"My Dividend Growth Portfolio Q2 Update: 41 Holdings, 8 Buys, 8 Sells",2019-07-03,JPM
Are You Looking for a High-Growth Dividend Stock? JPMorgan Chase (JPM) Could Be a Great Choice,2019-07-03,JPM
The March To Freedom Fund Second Quarter Review,2019-07-03,JPM
JPMorgan Chase (JPM) Stock Sinks As Market Gains: What You Should Know,2019-07-03,JPM
Undervalued Dividend Growth Stocks: July 2019,2019-07-04,JPM
Jefferies (JEF) Stock Up 6.4% as Q2 Earnings Beat Estimates,2019-07-04,JPM
When Harry Healthcare Met Sally Technology,2019-07-04,JPM
"Brace for disappointing bank earnings, Atlantic Equities says",2019-07-05,JPM
Stock Market Poised To End Win Streak As Banks Give Back Early Gains,2019-07-05,JPM
Wells Fargo: Unforgiven Sins Yield 15%,2019-07-06,JPM
My Dividend Growth Portfolio: Q2 2019 Summary,2019-07-08,JPM
"TPG Financial Advisors, LLC Buys SPDR Bloomberg Barclays –-' Month T-Bill, iShares Core ...",2019-07-08,JPM
"Boeing At $350 In Pre-Market: Our Buy Price, Also WeWork Won't Work",2019-07-08,JPM
"Stock Market News for Jul 8, 2019",2019-07-08,JPM
$10 Million A Year In Dividends? 9 S&P 500 CEOs Show You How,2019-07-08,JPM
Bullion Banks' Manipulation Schemes Put Taxpayers At Risk,2019-07-08,JPM
Large-cap banks cut to in-line by Morgan Stanley,2019-07-08,JPM
Dow Sinks As Much As 178 Points As Stock Market Faces Busy Week For Fed,2019-07-08,JPM
Deutsche Bank Shares Slide After Unveiling Extensive Restructuring Plan,2019-07-08,JPM
Deutsche Bank (DB) Restructuring Plan Sends Shares Plummeting,2019-07-08,JPM
The Fed Is Now Bleeding The Patient,2019-07-08,JPM
Featured Stock in June's Dividend Growth Model Portfolio,2019-07-08,JPM
Your Trading Plan For Key Bank Stocks Right Now,2019-07-09,JPM
Amarin Thinks Sales of Its Cardio Drug Could Be in the Billions,2019-07-09,JPM
Deutsche Bank (DB) Restructuring: What You Need to Know & What's Next,2019-07-09,JPM
Political Football Stocks,2019-07-09,JPM
SunTrust to Stop Offering Loans to Private Prison Operators,2019-07-09,JPM
My Road To Financial Independence: 103-Stocks Portfolio June Review,2019-07-09,JPM
JPMorgan Chase & Company: Featured Stock In June's Dividend Growth Model Portfolio,2019-07-09,JPM
Stock Market Hits Record Highs On Fed Chair Powell's Dovish Comments,2019-07-10,JPM
"Chesley Taft & Associates Llc Buys The Walt Disney Co, SPDR Gold Trust, JPMorgan Chase, ...",2019-07-10,JPM
Stock Futures Rise; Powell Open To Rate Cut: T Mobile Stock To Join S&P 500,2019-07-10,JPM
"Cryptos Are Challenging Traditional Monetary Policy, And The Economic Expansion Roars On",2019-07-10,JPM
The Little Portfolio That Beats The Market - Update,2019-07-10,JPM
JPMorgan robo-adviser offers low-cost ETF portfolios - CNBC,2019-07-10,JPM
Tap Financial ETFs Ahead of Q2 Earnings Season,2019-07-11,JPM
"JPMorgan, Wells Fargo And Citigroup Among Banks Preparing To Report Q2",2019-07-11,JPM
"After Topping 27,000 Level, Dow Jones Scores Another All-Time High; Dow, CAT, Intel Lead The Way",2019-07-12,JPM
Goldman Closes Above 210; Breakout Confirmed - Square And Others In Breakout Bonanza,2019-07-12,JPM
EBay Stock Resilient Ahead Of Earnings; CrowdStrike Builds Bullish IPO Base,2019-07-12,JPM
"Orgel Wealth Management, LLC Buys iShares Core –-5 Year USD Bond ETF, iShares Core U.S. ...",2019-07-12,JPM
"Big Week For FANG Stocks As Hearing, Earnings Due: Investing Action Plan",2019-07-12,JPM
What to Expect from Bank Earnings?,2019-07-12,JPM
Amazon's Effort To Retrain: Time Pacing Hits The Labor Force,2019-07-12,JPM
All eyes on banks' Q2 earnings next week,2019-07-12,JPM
JPMorgan Chase Earnings Preview: Outperforming Its Peers,2019-07-12,JPM
Stocks To Watch: Prime Day And FAANGs Out In DC,2019-07-13,JPM
5 Monster Earnings Predictions For The Week Of July 15,2019-07-13,JPM
What To Watch In The First Round Of Big Bank Earnings Reports,2019-07-13,JPM
Prime Day And FAANGs Out In DC (Stocks To Watch Podcast),2019-07-14,JPM
"Attention Long-Term Investors: So Bad They're Good - 3M, FedEx, Johnson & Johnson, Boeing",2019-07-14,JPM
Citigroup & Bank Stocks: What To Look For,2019-07-15,JPM
JD.Com Embroiled In Fraud Accusation; Tencent Makes Moves,2019-07-15,JPM
Wells Fargo - Time To Be Brave,2019-07-15,JPM
"Citigroup's (C) Q2 Earnings Beat Estimates, Expenses Drop",2019-07-15,JPM
Mixed Emotion Festivities,2019-07-15,JPM
"Citigroup (C) Beats Easily, Empire State Swings to Positive",2019-07-15,JPM
"JPMorgan, Wells Fargo and Citigroup are part of Zacks Earnings Preview",2019-07-15,JPM
Citigroup Opens Bank Earnings on Strong Note,2019-07-15,JPM
Dow ETF Appears Strong Ahead of Q2 Earnings,2019-07-15,JPM
Market Volatility Bulletin: Stocks Pause To Begin New Week,2019-07-15,JPM
Banks And Leveraged Loans: Which Are Most Exposed,2019-07-15,JPM
JPMorgan Chase Q2 2019 Earnings Preview,2019-07-15,JPM
"JPMorgan, Goldman Stock Weigh On Dow Jones; FANG Stock Netflix Takes A Hit",2019-07-15,JPM
"Vishria Bird Financial Group, LLC Buys KraneShares Trust CSI China Internet, JPMorgan Chase, ...",2019-07-15,JPM
"The Big Picture: The S&P 500's Path To 3,900",2019-07-15,JPM
United Airlines (UAL) Q2 2019 Earnings Preview,2019-07-15,JPM
A Pairs Trade Emerges In These Major Indices,2019-07-15,JPM
Dow Jones Futures: Stock Market Rally At Highs; 5 Steps For Playing Earnings Season,2019-07-15,JPM
"Capital Asset Advisory Services LLC Buys Vanguard FTSE Emerging Markets, iShares Core S&P ...",2019-07-15,JPM
"Dow Jones, Nasdaq Mark Record Highs As Apple Stock Gains",2019-07-15,JPM
Notable earnings before Tuesday's open,2019-07-15,JPM
FANG Stocks Set For D.C. Mauling; More Bank Earnings: Investing Action Plan,2019-07-15,JPM
"Stock Market News for Jul 16, 2019",2019-07-16,JPM
"JPMorgan Chase EPS beats by $0.33, beats on revenue",2019-07-16,JPM
JPMorgan Chase & Co. 2019 Q2 - Results - Earnings Call Slides,2019-07-16,JPM
Wall Street Breakfast: Big Tech Grilled On Capitol Hill,2019-07-16,JPM
Muted Trading Performance to Hurt BofA's (BAC) Q2 Earnings,2019-07-16,JPM
"Stock Futures Flatten: Goldman, J&J and JPMorgan Stock Divide The Dow Jones Industrials",2019-07-16,JPM
"JPMorgan Trading Revenues Miss Across The Board, Cuts Net Interest Income Outlook; Shares Slide",2019-07-16,JPM
Should iShares Russell Top 200 Value ETF (IWX) Be on Your Investing Radar?,2019-07-16,JPM
JPMorgan (JPM) Beats on Q2 Earnings & Revenue Estimates,2019-07-16,JPM
Citigroup: Strong Yield Support,2019-07-16,JPM
"Dow Jones Futures: Facebook Libra Unites Washington; Dow Stocks JPMorgan, Goldman Sachs, J&J Report",2019-07-16,JPM
"JPMorgan Q2 reflects strong consumer, weaker i-banking, trading revenue",2019-07-16,JPM
Major Stock Indexes Off After Trump Trade Remarks; Bank Earnings Shine,2019-07-16,JPM
Big Tech Grilled On Capitol Hill (Wall Street Breakfast Podcast),2019-07-16,JPM
"Gradient Capital Advisors, LLC Buys Schwab Short-Term U.S. ...",2019-07-16,JPM
Better-Than Expected Retail Sales in June,2019-07-16,JPM
"Dow Jones Leads Stock Market Action, As Three Blue Chip Stocks Report Earnings",2019-07-16,JPM
The Stock Market Is Ready To Power Higher on July 16,2019-07-16,JPM
"JPMorgan Chase (JPM) CEO, Jamie Dimon on Q2 2019 Results - Earnings Call Transcript",2019-07-16,JPM
"Waller Financial Planning Group, Inc Buys JPMorgan Chase, Sells Vanguard Total Stock Market, ...",2019-07-16,JPM
Dow Jones Leads Sluggish Stock Market; Banks Not Much Help,2019-07-16,JPM
JPMorgan: The Threat Of A New Financial Crisis,2019-07-16,JPM
JPMorgan Chase & Co. Continues To Set The Standard,2019-07-16,JPM
JPMorgan: Likely To Generate 10% Annual Total Returns Over The Next Decade,2019-07-16,JPM
"Retail Sales Up, Import Prices Down, Q2 Earnings Solid",2019-07-16,JPM
Is the Bar Too Low for Q2 Earnings?,2019-07-16,JPM
JPMorgan Chase June card charge-off rate declines,2019-07-17,JPM
The Retirees' Dividend Portfolio - John And Jane's June Taxable Account Update: The Danger Of Making Assumptions,2019-07-17,JPM
First Of The FAANGs To Report (Wall Street Breakfast Podcast),2019-07-17,JPM
"Comerica (CMA) Q2 Earnings Lag Estimates, Revenues Rise",2019-07-17,JPM
JPMorgan Is Undervalued,2019-07-17,JPM
"First Horizon (FHN) Q2 Earnings & Revenues Beat, Stock Up",2019-07-17,JPM
The Race To Zero: Price Wars In The Asset Management Industry,2019-07-17,JPM
Buy American Express Stock Ahead of Q2 Earnings Report?,2019-07-17,JPM
A Mostly On-Target Citigroup Slowly Grinding Higher,2019-07-17,JPM
Citigroup - Staying On Course,2019-07-17,JPM
ClearBridge Appreciation Strategy Portfolio Manager Commentary Q2 2019,2019-07-17,JPM
SunTrust (STI) Q2 Earnings Decline Y/Y Despite Revenue Growth,2019-07-18,JPM
Just 'Okay' Is Still Pretty Good For JPMorgan,2019-07-18,JPM
"Net Interest Margins Are Declining, But Federal Reserve Comes To The Rescue",2019-07-18,JPM
JPMorgan: Q2 Confirms 10% Annual Return; Reiterate Buy,2019-07-18,JPM
"JAGGAER Partners with J.P. Morgan to Provide Powerful Purchasing Oversight for Education, ...",2019-07-18,JPM
"We're With You, JPMorgan Chase",2019-07-18,JPM
"Dow Jones Heads For Weekly Loss; These Growth Stocks, Indexes Ignore Netflix Drop",2019-07-18,JPM
"Resource Planning Group Buys Vanguard Growth, Vanguard Short-Term Bond, Vanguard ...",2019-07-18,JPM
An Update on Wells Fargo,2019-07-18,JPM
Buy Visa (V) Heading into Q3 Earnings?,2019-07-18,JPM
Morgan Stanley (MS) Beats on Q2 Earnings Amid Trading Woes,2019-07-18,JPM
Financial ETFs Caught Between Solid Earnings & Falling Yields,2019-07-19,JPM
Dow Dog Days Of Summer: Broker Targets Near As Prices Hit Historic Highs,2019-07-19,JPM
"Bessemer Group Inc Buys Alibaba Group Holding, JPMorgan Chase, VanEck Vectors Gold Miners, ...",2019-07-19,JPM
"Dow 30 Stock Roundup: MSFT, JPM, IBM, JNJ, GS Earnings Impress",2019-07-19,JPM
JPMorgan Chase: Boring Is Good,2019-07-19,JPM
Why JPMorgan Chase (JPM) is a Great Dividend Stock Right Now,2019-07-19,JPM
"QV Investors Inc. Buys Johnson & Johnson, JPMorgan Chase, Liberty Broadband Corp, Sells ...",2019-07-19,JPM
It's Harder To Defend Wells Fargo Absent Meaningful Progress,2019-07-19,JPM
"Lynch & Associates Buys Dow Inc, JPMorgan Chase, Berkshire Hathaway Inc, Sells iShares ...",2019-07-19,JPM
"Craig Hemke: Silver To Continue Lagging Gold, Will Struggle To Overcome $17",2019-07-19,JPM
"Bristlecone Advisors, LLC Buys Alphabet Inc, Illumina Inc, Visa Inc, Sells Microsoft Corp, ...",2019-07-19,JPM
AMTD International Begins U.S. IPO Effort,2019-07-21,JPM
Goldman Sachs - This Is A Business In Trouble,2019-07-21,JPM
International Dividend Portfolio: Income Update Q2 2019,2019-07-21,JPM
With All Eyes On Earnings Watch These Two Stocks,2019-07-22,JPM
"The Zacks Analyst Blog Highlights: Microsoft, JPMorgan, Merck, Johnson & Johnson and IBM",2019-07-22,JPM
Morgan Stanley: Brace For More Underperformance,2019-07-23,JPM
"Ycg, Llc Buys Wells Fargo, Bank of America Corporation, JPMorgan Chase, Sells TD Ameritrade ...",2019-07-23,JPM
"Coca-Cola, Financial Stocks Lead Dow Jones Today; Yeti, New Oriental Surge",2019-07-23,JPM
Zelle Network Q2 transactions rise 56% Y/Y,2019-07-23,JPM
"Dow Jones, Small Caps Jump In Unison; These Growth Stocks Buck The Bears, Break Out",2019-07-23,JPM
JP Morgan Creating A Very Bullish Pattern?,2019-07-24,JPM
Q2 Earnings Season & the Trade Issue,2019-07-24,JPM
"All Hail The Breakout Kings: Texas Instruments, Coca-Cola, Stanley Black, Snap, Goldman, Edwards Lifesciences, Delta Air Lines",2019-07-24,JPM
Big Banks' Q2 Earnings Synopsis: Near-Term View in the Balance,2019-07-24,JPM
United Bancorp: The Small Banking Engine That You Never Heard Coming,2019-07-24,JPM
JPMorgan completes InstaMed purchase,2019-07-24,JPM
"Market Briefing For Wednesday, July 23",2019-07-24,JPM
"The Zacks Analyst Blog Highlights: Microsoft, JPMorgan, Wells Fargo, American Express and Exxon Mobil",2019-07-24,JPM
Wells Fargo Undervalued With A 15% Shareholder Yield,2019-07-24,JPM
JPMorgan to lower advisory fees on 30 mutual funds,2019-07-25,JPM
"Royal Bank Of Scotland Group Plc Buys The Estee Lauder Inc, Danaos Corp, Apple Inc, Sells ...",2019-07-25,JPM
"Mount Vernon Associates Inc Buys Apple Inc, Amazon. ...",2019-07-25,JPM
"Wambolt & Associates, LLC Buys Prosperity Bancshares Inc, Fortune Brands Home & ...",2019-07-26,JPM
Should iShares Morningstar Large-Cap Value ETF (JKF) Be on Your Investing Radar?,2019-07-26,JPM
"Northpointe Capital Llc Buys Chevron Corp, Host Hotels & Resorts Inc, VICI Properties Inc, ...",2019-07-26,JPM
Why Citigroup Is The Best Bank Stock To Buy,2019-07-26,JPM
"Bank Stock Roundup: Q2 Earnings in Full Swing, Fifth Third Beats Estimates",2019-07-26,JPM
JP Morgan Preparing An Upside Breakout In August 2019,2019-07-28,JPM
OnDeck sinks 22% after JPMorgan ends small business loan partnership,2019-07-29,JPM
IPO Update: AMTD International Proposes U.S. IPO Terms,2019-07-29,JPM
"Salient Trust Co Lta Buys Facebook Inc, Visa Inc, UnitedHealth Group Inc, Sells Procter & ...",2019-07-29,JPM
Refinancing boosts share of mortgage originations,2019-07-29,JPM
Citigroup's Michael Corbat Deserves More Time,2019-07-29,JPM
"Wall Street Breakfast: U.S., China Resume Trade Talks",2019-07-29,JPM
Banks face U.K. class action over forex-rigging,2019-07-29,JPM
"Thomas Story & Son Llc Buys Fastenal Co, Caterpillar Inc, NextEra Energy Inc",2019-07-29,JPM
JPMorgan takes on world's largest bank with entry into China,2019-07-30,JPM
The Retiree's Dividend Portfolio - John's June Update: Why We Dropped Boeing,2019-07-30,JPM
JPMorgan turns to AI for writing,2019-07-30,JPM
Munger and Icahn Make Oil Investing 'Easy',2019-07-30,JPM
"Boston Family Office Llc Buys SS&C Technologies Holdings Inc, Adobe Inc, JPMorgan Chase, ...",2019-07-30,JPM
Discover: What Was Good Became Too Expensive,2019-07-30,JPM
"Munger And Icahn Make Oil Investing ""Easy""",2019-07-30,JPM
Financials (Top 30 Weights) Earnings Estimates/Revisions,2019-07-31,JPM
"Apple Breaks Out Again, Dow Jones Reverses Lower; This Social Media Stock Crosses New Buy Point",2019-07-31,JPM
Making Sense of Q2 Earnings Results,2019-07-31,JPM
"SPC Financial, Inc. Buys Invesco S&P 5…… Pure Growth, Texas Instruments Inc, JPMorgan ...",2019-08-01,JPM
"Zacks Earnings Trends Highlights: Caterpillar, JPMorgan and CSX",2019-08-01,JPM
"Eukles Asset Management Buys Illumina Inc, PayPal Holdings Inc, iShares Core –-5 Year USD ...",2019-08-01,JPM
Fed Cuts Rates: Are Bank Stocks Still Worth Betting on?,2019-08-01,JPM
Guess Which Stocks Warren Buffett Bought: —nd-Quarter Contest,2019-08-01,JPM
US Indexes Close Lower Thursday With China Tariff Announcement,2019-08-01,JPM
"CB&T Wealth Management Buys Northrop Grumman Corp, Waste Management Inc, Caterpillar Inc, ...",2019-08-02,JPM
"Occidental Asset Management, LLC Buys SPDR Barclays Intermediate Term Corporate Bond ETF, ...",2019-08-02,JPM
"Fed Cut Clouds Banks' Earnings Outlook, Are Lenders Worried? (Revised)",2019-08-02,JPM
JPMorgan set for majority stake in China funds JV - Reuters,2019-08-02,JPM
JPMorgan to redeem $880M of preferred stock,2019-08-02,JPM
The Puzzle Pieces Finally Come Together,2019-08-02,JPM
"Cpcm, Llc Buys JPMorgan Ultra-Short Income ETF, Gilead Sciences Inc, iShares Edge MSCI Min ...",2019-08-02,JPM
"JMG Financial Group, Ltd. Buys Schwab U.S. Large-Cap ETF, Amazon. ...",2019-08-02,JPM
Stocks To Watch: Trading Tariff Turbulence,2019-08-03,JPM
Trading Tariff Turbulence (Stocks To Watch Podcast),2019-08-04,JPM
Tracking Ken Fisher's Fisher Asset Management Portfolio - Q2 2019 Update,2019-08-05,JPM
Buy Square (SQ) Stock After Selloff on Broader Fintech & Cashless Growth?,2019-08-05,JPM
Around The World - A Universal Manufacturing Collapse,2019-08-05,JPM
Financial stocks slide as traders bet on more Fed rate cuts,2019-08-05,JPM
"Will JPM, MS Get Nod for Majority Stake in China Ventures?",2019-08-06,JPM
Exploit the Short-Term Dip With These 5 Great Value Picks,2019-08-06,JPM
4 Stocks to Win Big as Bitcoin Flirts With $12K Threshold,2019-08-06,JPM
"Hugh Johnson Advisors LLC Buys Health Care Select Sector SPDR Fund, Microsoft Corp, Cisco ...",2019-08-06,JPM
JPMorgan seen getting top role in WeWork IPO - Bloomberg,2019-08-06,JPM
"Dow Jones Storms Off Lows, But Disney Stock Plunges; JPMorgan Also Weighs",2019-08-07,JPM
"C M Bidwell & Associates Ltd Buys Honeywell International Inc, NVIDIA Corp, CenturyLink ...",2019-08-07,JPM
US Indexes Close Mostly Higher for a —nd Day on Wednesday,2019-08-07,JPM
Stock Market Stages Surprising Reversal; Dow Jones Lags On Disney,2019-08-07,JPM
"Most Active Equity Options For Midday - Wednesday, August 7",2019-08-07,JPM
Should iShares Russell Top 200 Value ETF (IWX) Be on Your Investing Radar?,2019-08-07,JPM
Financials Look Better And Better,2019-08-07,JPM
Financials hammered as rates plumb new lows,2019-08-07,JPM
My K.I.S.S. Dividend Growth Portfolio: 2nd Quarter 2019 Update,2019-08-07,JPM
"My Dividend Growth Portfolio July Update: 41 Holdings, 5 Buys, 1 Sell, 1 Covered Call",2019-08-07,JPM
"The Zacks Analyst Blog Highlights: JPMorgan Chase, AT&T, Facebook, PayPal, Microsoft and Square",2019-08-07,JPM
"Acadian Asset Management Llc Buys Alibaba Group Holding, JPMorgan Chase, NetEase Inc, Sells ...",2019-08-08,JPM
"Roosevelt Investment Group Inc Buys Booking Holdings Inc, Keysight Technologies Inc, Thermo ...",2019-08-08,JPM
Trump's Trade War Is A High-Stakes Gamble,2019-08-09,JPM
Wall Street Breakfast: Market's Roller Coaster Ride Continues,2019-08-09,JPM
Chase Bank 'forgives' Canadian credit card debt,2019-08-09,JPM
Making Sense of This Market,2019-08-09,JPM
"Cutler Group LP Buys Amazon.com Inc, PowerShares QQQ Trust Ser –, VanEck Vectors Gold Miners ...",2019-08-09,JPM
Weekly Top Insider Buys Highlight for the Week of Aug. 9,2019-08-11,JPM
Daily Insider Ratings Round Up 8/8/19,2019-08-11,JPM
Stocks Setups After A Wild Week,2019-08-12,JPM
"CSX, Caterpillar, JPMorgan, Macy's, Wal-Mart, Deere & Co., Nvidia and Applied Materials are part of Zacks Earnings Preview",2019-08-12,JPM
"Avenir Corp Buys Citigroup Inc, Goosehead Insurance Inc, OptimizeRx Corp, Sells Zayo Group ...",2019-08-12,JPM
"Banks Lead S&P 500, Dow Jones Today Lower On Hong Kong Unrest, Argentina Vote",2019-08-12,JPM
Fed weighs new tool for a downturn - WSJ,2019-08-12,JPM
Dow Jones Falters On Escalating Hong Kong Unrest; Roku Boosted By Price Hike,2019-08-12,JPM
"Top Stock Picks for Week of August 12, 2019",2019-08-12,JPM
Financial sector bears brunt of market decline,2019-08-12,JPM
"Bahl & Gaynor Inc Buys Lockheed Martin Corp, Cisco Systems Inc, Procter & Gamble Co, ...",2019-08-12,JPM
"River Road Asset Management, LLC Buys Fidelity National Financial Inc, Premier Inc, Williams ...",2019-08-12,JPM
"KeyCorp: A Cleveland-Community Bank, Paying A Healthy Dividend",2019-08-12,JPM
Big U.S. Stocks' Q2 2019 Fundamentals,2019-08-12,JPM
JPMorgan poised to reap record fee for Allergan deal - FT,2019-08-13,JPM
Your Trade Plan For Bonds And Financials,2019-08-13,JPM
Growth In European Bank Fee Earnings Stagnates With 1% Annual Growth Rate Since 2008,2019-08-13,JPM
"Quantbot Technologies LP Buys American Tower Corp, Cisco Systems Inc, United Technologies Corp, ...",2019-08-14,JPM
Morgan Stanley steps away from WeWork deal - Bloomberg,2019-08-14,JPM
Dow Jones Plunges 800 Points In 'Crazy Inverted Yield Curve' Sell-Off,2019-08-14,JPM
Road To Financial Independence: Highlights Of July 2019,2019-08-14,JPM
Banks fall as yield curve inverts; RBC upgrades large-cap REITs,2019-08-14,JPM
Stock Slide Continues After Recession Scare; Too Soon For A New Fed Rate Cut?,2019-08-14,JPM
"Clough Capital Partners L P Buys Microsoft Corp, Wayfair Inc, JPMorgan Chase, Sells Amazon. ...",2019-08-15,JPM
Why Is JP Morgan (JPM) Down 8.1% Since Last Earnings Report?,2019-08-15,JPM
Tracking Warren Buffett's Berkshire Hathaway Portfolio - Q2 2019 Update,2019-08-15,JPM
JPMorgan Chase July card charge-off rates improves,2019-08-15,JPM
"Stock Market News For Aug 15, 2019",2019-08-15,JPM
Dow Dogs Do It: Dow Inc Tops By Yield As Boeing Bests By Gains In August Gusts,2019-08-16,JPM
Dow Jones Finds Crucial Support As Big-Cap Tech Stocks Rally,2019-08-16,JPM
Stock Market Soars As Recession Fears Go On Back Burner — For Now; Apple Leads Dow Jones,2019-08-16,JPM
Wall Street Finds The 'On' Switch; Is It Time For The Algorithm To Point North?,2019-08-16,JPM
Argentina Is The Canary In The Coal Mine,2019-08-16,JPM
Why Berkshire Owns Banks And Why I'm Buying Berkshire,2019-08-16,JPM
July High Even More Divergent For Financials (Video),2019-08-16,JPM
Dow Jones Stock Apple Leads Stock Market Rally On China Trade News,2019-08-19,JPM
European Banks In Crises?,2019-08-19,JPM
"Dow Jones Today: JPMorgan, Goldman Sachs Follow Bond Yields Higher; Apple Also Up",2019-08-19,JPM
Lazard looks poised to win role in Saudi Aramco IPO - Bloomberg,2019-08-19,JPM
"Reilly Herbert Faulkner III Buys JPMorgan Chase, Sells Tractor Supply Co, Intuit Inc, Boeing Co",2019-08-19,JPM
"Abundance Wealth Counselors Buys iShares Core –-5 Year USD Bond ETF, JPMorgan Chase, Cisco ...",2019-08-19,JPM
"Private Portfolio Partners LLC Buys iShares Core MSCI Emerging Markets ETF, Microsoft Corp, ...",2019-08-19,JPM
"New World Advisors LLC Buys 'M Co, Microsoft Corp, Boeing Co, Sells Alphabet Inc, JM Smucker ...",2019-08-19,JPM
Record Bank Profits And Capital Ratios. Buying 2 High-Quality Banks On Weakness,2019-08-19,JPM
JPMorgan offers to repurchase $11.2B of notes,2019-08-20,JPM
"Wills Financial Group, Inc. Buys Cisco Systems Inc, Palo Alto Networks Inc, Consolidated Edison ...",2019-08-20,JPM
Blockchain Is Revolutionizing The Way We Do Business,2019-08-20,JPM
Banks Get Respite as Regulators Okay Volcker-Rule Tailoring,2019-08-21,JPM
Another ex-JPMorgan trader pleads guilty to 'spoofing',2019-08-21,JPM
Tracking Glenn Greenberg's Brave Warrior Advisors Portfolio - Q2 2019 Update,2019-08-21,JPM
Wall Street Breakfast: Central Bank Cues Awaited,2019-08-21,JPM
JPMorgan Chase to end stand-alone Chase Pay app,2019-08-21,JPM
"Citigroup, Credit Suisse Re-Enter Risky Home Loans Market",2019-08-21,JPM
"Capital International Inc Buys Amazon.com Inc, Facebook Inc, Microsoft Corp, Sells ...",2019-08-21,JPM
"Ally Financial Inc. Buys Activision Blizzard Inc, iShares Select Dividend ETF, iShares Core ...",2019-08-21,JPM
Warren Buffett is Buying More Bank Stocks: Should You Too?,2019-08-21,JPM
"First Wilshire Securities Management Inc Buys Invesco Ultra Short Duration ETF, Ceragon ...",2019-08-21,JPM
"Discover, AmEx top J.D. Power credit card rankings",2019-08-22,JPM
Goldman (GS) to Buy Majority Stake in China Joint Venture,2019-08-22,JPM
"The Zacks Analyst Blog Highlights: JP Morgan, Mastercard, Facebook and IBM",2019-08-22,JPM
Financials claw back some from yesterday's decline,2019-08-22,JPM
"Stock Prices Trim Losses Despite Hawkish Fed Remarks; Dow Stocks Goldman, JPMorgan, Boeing Dash Ahead",2019-08-22,JPM
Keeping Up With Warren Buffett: His 47 Stocks Include 34 Dividend Payers,2019-08-22,JPM
Mad Dogs Of The Dow,2019-08-23,JPM
S&P 500: The Moment Of Truth Approaches,2019-08-23,JPM
Jamie Dimon Throws Milton Friedman Under the Bus,2019-08-23,JPM
Deutsche to Pay $16.2M to Settle Foreign Corruption Charges,2019-08-23,JPM
How To Construct A Recession-Resistant Income Portfolio,2019-08-24,JPM
Beware Companies That Do Not Believe in Maximizing Shareholder Value,2019-08-25,JPM
"Join The Gold Rush With Square, Inc. And On Deck Capital",2019-08-25,JPM
Dividend Heavy Hitters: End-Of-Summer Edition,2019-08-26,JPM
Trade War Escalation Likely to Hurt Bank Stocks' Prospects,2019-08-26,JPM
GEO Group: Another Mispriced Bond Opportunity +9% YTC,2019-08-26,JPM
Stock Market Dives After Strong Start; Yield Curve Inversion In Focus,2019-08-27,JPM
"Trump's Latest Trade War Tirade Should Worry Investors, Pt. —",2019-08-27,JPM
JPMorgan mulls selling $1B AARP credit-card portfolio - Bloomberg,2019-08-27,JPM
"The Zacks Analyst Blog Highlights: JPMorgan, Bank of America, Citigroup, Wells Fargo and Prosperity Bancshares",2019-08-27,JPM
Financials wilt as Treasurys rally,2019-08-27,JPM
Citi Outperforms Other Big Banks: What's Driving the Stock?,2019-08-28,JPM
JPMorgan in Talks to Divest AARP Card Portfolio Worth $1B,2019-08-28,JPM
"Stock Market News for Aug 28, 2019",2019-08-28,JPM
The Fate Of The Russell Depends On The Biotech Sector – That's Not Good,2019-08-28,JPM
"Aluminum Antitrust Cases Revival to Hit Goldman, JPMorgan, Glencore",2019-08-28,JPM
JPMorgan in Talks to Divest AARP Card Portfolio Worth $1B (Revised),2019-08-29,JPM
Dick Bove says banks selling loans could lead to recession - CNBC,2019-08-29,JPM
Tracking George Soros's Portfolio - Q2 2019 Update,2019-08-29,JPM
Should iShares Russell Top 200 Value ETF (IWX) Be on Your Investing Radar?,2019-08-29,JPM
Stock Market Surges; Dow Jones Jumps 350 Points As China Strikes Conciliatory Tone,2019-08-29,JPM
August Portfolio Update - We're Back To Buyin',2019-08-30,JPM
"Mario Gabelli on Markets, Buffett and the Future of Stock Picking",2019-09-02,JPM
Money Goes Where Treated Best,2019-09-03,JPM
Why Toronto-Dominion Bank Is My No. 1 Canadian Bank,2019-09-03,JPM
Wolfe sees potential for banks' trading revenue beating consensus,2019-09-03,JPM
Citi and Deutsche Bank's Australian Cartel Case Moves Ahead,2019-09-03,JPM
"Manufacturing Sector Contracts, Spurring Global Economic Fears",2019-09-03,JPM
Stocks Fall on U.S.-China Trade and Tariff Fears & Buy Allegiant Stock - Free Lunch,2019-09-03,JPM
Southwest Airlines Looks Promising At The Current Price,2019-09-03,JPM
"Market Roller Coaster Takes Another Plunge; Dow Stocks Apple, Intel, Boeing Dive",2019-09-03,JPM
JPMorgan to add Chinese government debt to indexes,2019-09-04,JPM
Bernard Horn's Top 5 Buys of the —nd Quarter,2019-09-04,JPM
Investors Likely to Sue BofA & 4 More for Bond Price Rigging,2019-09-05,JPM
Dow Jones Charges 400 Points Higher As These 5 Key Stocks Build Bases,2019-09-05,JPM
"Sector Breakdown: Mobile Payments, Tech Regulation, EV's, And Venezuelan Oil",2019-09-05,JPM
Parallels Of Index Funds To Subprime CDOs,2019-09-05,JPM
49 Stocks Billionaires Love: 33 Of Them Pay Dividends,2019-09-05,JPM
"Bulls Regain Control As Dow Jones, Small Caps, Chip Stocks Rocket Higher On China News",2019-09-05,JPM
Financials climb as risk-off boosts Treasury yields,2019-09-05,JPM
The Retiree's Dividend Portfolio - John's July Update: Capital Recycling And The Impact On Income,2019-09-05,JPM
Mad Dogs Of The Dow - Top September Picks,2019-09-05,JPM
Fed Meeting September 17/18 2019: What To Expect And Trade Ideas,2019-09-05,JPM
Mad Dogs Of The Dow - August Checkpoint,2019-09-05,JPM
SA Interview: Value Investing With The Boyar Value Group,2019-09-07,JPM
The Need To Listen To The Big Banks,2019-09-09,JPM
100-Stock Dividend Portfolio Update For August 2019,2019-09-09,JPM
Why Buffett Waited to Buy JPMorgan Despite Its Potential,2019-09-09,JPM
Small Cap Stocks Outperform Dow Jones; Is It Time To Sell Atlassian Stock?,2019-09-09,JPM
Wall Street Breakfast: The Big Tech Crackdown,2019-09-09,JPM
JPMorgan close to lead advisory role for Aramco IPO,2019-09-09,JPM
Have Financials Gone Too Far Too Fast?,2019-09-09,JPM
"Dow Jones Dips, But Goldman, JPMorgan Strong; Cloud Stocks Crushed",2019-09-09,JPM
5 Monste Stocks To Watch For The September 10 Trading Sesssion,2019-09-10,JPM
"FDIC-Insured Banks' Q2 Earnings Impressive, Costs Escalate",2019-09-10,JPM
"Bank ETFs Benefit From Steepening Yield Curve, But How Long?",2019-09-10,JPM
"U.S. Stocks Fall In Rising Volume, But JPMorgan Stabs At Breakout",2019-09-10,JPM
Fintech Stocks To Add To Your Portfolio Of The Future,2019-09-10,JPM
"Most Active Equity Options For Midday - Monday, September 10",2019-09-10,JPM
"My Dividend Growth Portfolio July Update: 44 Holdings, 3 New, 5 Buys, 3.45% Yield",2019-09-10,JPM
Tech Stocks Recover After Early Downdraft; Top Retail Names March Higher,2019-09-10,JPM
Saudi Aramco eyes two-step listing in massive IPO - WSJ,2019-09-10,JPM
Maverick Risk,2019-09-10,JPM
Dimon warns on interest income,2019-09-10,JPM
Aramco hires nine banks for IPO top roles - Reuters,2019-09-11,JPM
Q3 Earnings Season Preview,2019-09-11,JPM
Dow Jones Rally Led By Financials: Is Goldman Sachs Ready To Break Out?,2019-09-12,JPM
MTUM Vs. VLUE: A Paradigm Shift Towards Value Or Just Another Bump In The Momentum Road,2019-09-12,JPM
"Zacks Earnings Trends Highlights: Oracle, FedEx and JPMorgan",2019-09-12,JPM
"Dogs Of The Dow: Still The Best On The Market After All, Even In September",2019-09-12,JPM
PNC Financial (PNC) to Open Branches in Untapped Markets,2019-09-12,JPM
"Stock Market Posts Small Gains, As China, Fed Factors Loom",2019-09-13,JPM
"Most Active Equity Options For Midday - Friday, September 13",2019-09-13,JPM
Tracking Wallace Weitz's Weitz Investment Management Portfolio - Q2 2019 Update,2019-09-13,JPM
"J.P. Morgan places traders on leave amid DoJ criminal probe, reports say",2019-09-13,JPM
"Bank Stock Roundup: Rising Treasury Yields, Dismal View, BAC, C, USB in Focus",2019-09-13,JPM
Friday The 13th Is A Lucky Day For These Stocks,2019-09-13,JPM
Dividend Growth ETFs for Long Term Investors,2019-09-13,JPM
"Stocks Mixed, But Can The Dow Extend Its Win Streak To Eight?",2019-09-13,JPM
US Indexes Close Mostly Lower on Friday,2019-09-13,JPM
Trade Alerts And Technical Analysis Update,2019-09-13,JPM
Looking Ahead to the Q3 2019 Earnings Season,2019-09-13,JPM
Stocks To Watch: Waiting On The Fed,2019-09-14,JPM
SCHV: Value Is Seeing Renewed Interest,2019-09-15,JPM
Is JP Morgan's (JPM) Stock Bullish Going Into 2020?,2019-09-15,JPM
Waiting On The Fed (Stocks To Watch Podcast),2019-09-15,JPM
5 Things That Can Drive Powerful Stock Movements,2019-09-16,JPM
JPMorgan traders charged with rigging metals markets,2019-09-16,JPM
"Stock Market News For Sep 16, 2019",2019-09-16,JPM
J.P. Morgan cut at Buckingham on valuation,2019-09-16,JPM
JPMorgan Chase August card delinquency rate decline,2019-09-16,JPM
Does JPMorgan's Same-Day Deposit Put PYPL & Others in Danger?,2019-09-16,JPM
"U.S. Stock Market Mixed On Retail, Industrial Data; Time To Sell These Retail Giants?",2019-09-17,JPM
JPMorgan to get most of Deutsche Bank's hedge fund business (updated),2019-09-17,JPM
"Dow Jones Holds Up Despite Home Depot Downgrade; Financial, Energy Stocks Lag",2019-09-17,JPM
Deutsche Bank joins JPMorgan's Interbank Information Network,2019-09-17,JPM
"The Zacks Analyst Blog Highlights: PayPal, Square, Intuit, Apple and JPMorgan Chase",2019-09-17,JPM
A Post-Lehman World: Top Stocks Then And Now,2019-09-17,JPM
August credit card delinquency/charge-off rates,2019-09-17,JPM
JPMorgan Chase to build tech hub in Scotland,2019-09-17,JPM
Large Caps Close Mostly Higher Wednesday With Fed Rate Cut,2019-09-18,JPM
My Top 10 Stocks For The Next 10 Years,2019-09-18,JPM
"Dow Jones Today: Futures Paused Ahead Of Fed; Oil Prices Dip, FedEx Stock Dives On Earnings",2019-09-18,JPM
JPMorgan Chase declares $0.90 dividend,2019-09-18,JPM
JPMorgan: What To Expect Of An Eventful Earnings Season,2019-09-18,JPM
Is JPMorgan Stock Worth Holding on to Post Dividend Hike?,2019-09-18,JPM
"Stock Market News For Sep 19, 2019",2019-09-19,JPM
"Zacks Earnings Trends Highlights: Oracle, Adobe Systems, FedEx, General Mills and JPMorgan",2019-09-19,JPM
"Fed Cuts Rate, Bank Stocks Rally on Divided Future Course",2019-09-19,JPM
Walmart And Sharecare Could Be A Match Made By Haven,2019-09-19,JPM
VC Deals: Salesforce Sinks $300M Into WordPress Owner,2019-09-20,JPM
"Bank Stock Roundup: Fed Cuts Rate, JPMorgan, U.S. Bancorp & Wells Fargo in Focus",2019-09-20,JPM
Should iShares Russell Top 200 Value ETF (IWX) Be on Your Investing Radar?,2019-09-20,JPM
Reviewing My Investment In Wells Fargo Over The Last 4 Years Shows Surprising Results,2019-09-20,JPM
JPMorgan: The Break Is Here,2019-09-20,JPM
"Is Wells Fargo Stock A Buy Right Now? Here's What Earnings, Charts Show",2019-09-20,JPM
"Thinking about trading options or stock in Alphabet, JPMorgan Chase, Netflix, NVIDIA, or Tesla?",2019-09-20,JPM
The Impact Of The Fed's Decisions On September 17th 2019,2019-09-22,JPM
Picking Stocks In Irrational Markets With The Fortune Teller (Podcast),2019-09-23,JPM
"Nike, ConAgra, Micron, JPMorgan and Apple are part of Zacks Earnings Preview",2019-09-23,JPM
Dogs Of The Dow 2019 Update,2019-09-23,JPM
"Dividend Increases: September 16-20, 2019",2019-09-24,JPM
' Stocks Thriving on Competitors' Failures,2019-09-24,JPM
"Thinking about trading options or stock in Apple, JPMorgan Chase, Merck, NVIDIA, or Exxon Mobil?",2019-09-24,JPM
The Retiree's Dividend Portfolio - John's August Update: Portfolio Value Reaches A Record High,2019-09-24,JPM
Winning Bounce/Lag Momentum Stocks For Week 39 Of 2019 - 9/23-9/27,2019-09-24,JPM
Wall Street Breakfast: What's Next For Stocks?,2019-09-25,JPM
HSBC to Escape 33.6 Million Euro EU Euribor Cartel Fine,2019-09-25,JPM
What to Expect from Q3 2019 Earnings Season?,2019-09-25,JPM
Banking Profits On Falling Yields,2019-09-26,JPM
"Zacks Earnings Trends Highlights: Oracle, Adobe, Nike, FedEx and JPMorgan",2019-09-26,JPM
Amazon (AMZN) Eyes Healthcare Market and Expands Tech Portfolio at Annual Event,2019-09-26,JPM
7 Upcoming Dividend Increases,2019-09-26,JPM
Bank Of America: Still My Second Pick In The Banking Space,2019-09-26,JPM
"50 Firms Going Ex-Dividend Next Week, Including Cardinal Health, JP Morgan Chase And Comcast",2019-09-27,JPM
BNY Mellon's Charles Scharf Named Wells Fargo's New CEO,2019-09-27,JPM
Jefferies' (JEF) Q3 Earnings Lag Estimates as Costs Rise,2019-09-27,JPM
"Cycles, Cycles...Everywhere. Some Of Them Even Grow Up To Be Bubbles",2019-09-27,JPM
"Dow Jones Leads Stock Market Action; Goldman Sachs, JPMorgan In Or Near Buy Zones",2019-09-27,JPM
Dividend Challenger Highlights: Week Of September 29,2019-09-28,JPM
Winning Bounce/Lag Momentum Stocks For Week 40 Of 2019 - 9/30-10/4,2019-09-30,JPM
"Dow Jones Stock Apple, JPMorgan, Nike Headline Leaders In Or Near Buy Zones",2019-09-30,JPM
"Dow Jones Futures Rise, Led By Apple; Alibaba Leads China Rally",2019-09-30,JPM
Barclays Resolves SEC's Hiring-Practice Probe in Asia-Pacific,2019-09-30,JPM
Why The Dow Jones Today Could Pop On Trade War News,2019-09-30,JPM
Dow Jones Turns Lower On Weak ISM Data; Online Brokers Plunge On Schwab News,2019-10-01,JPM
"Dow Jones Futures: Apple Strong But Stock Market Rally Fragile; JPMorgan, Proofpoint Falter; Tesla Deliveries Downside",2019-10-01,JPM
Shockwave Hits Brokerage Firms After Charles Schwab Slashes Commissions,2019-10-01,JPM
"Forever 21's Brush With Shift in ""Fast Fashion"" Shopping",2019-10-01,JPM
"Dow Jones Futures Rise, Led By JPMorgan, Goldman Sachs; Apple Stock In Buy Range",2019-10-01,JPM
PayPal (PYPL) vs. Square (SQ): Which Fintech Stock is a Better Buy?,2019-10-01,JPM
"As economic concerns rise, financial stocks fall",2019-10-02,JPM
Wall Street Breakfast: Recession Red Flags?,2019-10-02,JPM
U.S. repos and the JPMorgan factor,2019-10-02,JPM
Earnings Roundup: Are Analysts Bearish On Banks?,2019-10-02,JPM
Bank Of America: 10-12% Annual Return On Long-Term U.S. Growth,2019-10-03,JPM
Boeing: Safety First,2019-10-03,JPM
"Most Active Equity Options For Midday - Thursday, Oct. 3",2019-10-03,JPM
Amazon (AMZN) Eyes Healthcare Market and Expands Tech Portfolio at Annual Event (Revised),2019-10-03,JPM
Vanguard eyes banks' grip on currency market - Bloomberg,2019-10-03,JPM
"Zacks Earnings Trends Highlights: Oracle, Adobe Systems, FedEx, Nike and JPMorgan",2019-10-03,JPM
Earnings Estimates/Revisions - Financials,2019-10-03,JPM
Dogs Of The Dow: October Previews End Of Year Round-Up,2019-10-03,JPM
Fed expected to ease regulations for big banks next week,2019-10-04,JPM
"Sector Breakdown: Streaming Wars, Underestimating 5G, China Tech, Oil Breakup, And Big Banks",2019-10-04,JPM
"Bank Stock Roundup: Restructuring Efforts, Lawsuits, Wells Fargo & BofA in Focus",2019-10-04,JPM
Doubling Down On JPMorgan Chase Dividends For 15% Yields,2019-10-04,JPM
US Indexes Close Higher Friday After Volatile Week,2019-10-04,JPM
Q3 2019 Dividend Portfolio Update: New September Dividend Record,2019-10-04,JPM
"My Dividend Growth Portfolio Q3 Update: 41 Holdings, 6 Buys, 5 Sells, 3.81% Yield",2019-10-04,JPM
10 Companies Will Grab 20% Of U.S. Profit This Year,2019-10-04,JPM
"Stocks To Watch: Eyes On Wendy's, Domino's And Discount Brokers",2019-10-05,JPM
"Eyes On Wendy's, Domino's And Discount Brokers (Stocks To Watch Podcast)",2019-10-06,JPM
BlackRock Eyes Partnership With Tencent to Expand in China,2019-10-07,JPM
Crisis-era RMBS lawsuits still overhang Credit Suisse - FT,2019-10-07,JPM
"Stock Market News For Oct 7, 2019",2019-10-07,JPM
Ameriprise Closes Divestiture of Auto & Home Unit for $1.04B,2019-10-07,JPM
"Apple Back In The ""Trillion Dollar"" Club, Closing In On Microsoft",2019-10-07,JPM
My K.I.S.S. Dividend Growth Portfolio: 3rd Quarter 2019 Update,2019-10-07,JPM
"Enterprise Bank & Trust Co Buys Intercontinental Exchange Inc, Eli Lilly and Co, JPMorgan ...",2019-10-07,JPM
"Citigroup, JPMorgan, Wells Fargo and Micron are part of Zacks Earnings Preview",2019-10-07,JPM
"Bright Rock Capital Management, Llc Buys JPMorgan Chase, AMETEK Inc, Floor & Decor Holdings ...",2019-10-08,JPM
"Thinking about trading options or stock in Analog Devices, ConocoPhillips, JPMorgan Chase, ...",2019-10-08,JPM
US Indexes Close Lower Tuesday With New China Trade Tensions,2019-10-08,JPM
JPMorgan Chase awards grant to Delaware Prosperity Partnership to advance an inclusive tech ...,2019-10-08,JPM
"Stock Market News For Oct 9, 2019",2019-10-09,JPM
JPST Cures Short-Term Interest Needs,2019-10-09,JPM
U.S. credit card delinquencies rise for smaller issuers,2019-10-09,JPM
Portfolio-Update Q3 2019: 4 New Holdings For Greater Diversification And Quality,2019-10-09,JPM
"49 Stocks Billionaires Love, And Most Of Them Pay Dividends",2019-10-09,JPM
The Entire U.S. Housing Market In A Single ETF With Hoya Capital Real Estate (Podcast),2019-10-09,JPM
"Denali Advisors Llc Buys Molson Coors Brewing Co, Loews Corp, Berkshire Hathaway Inc, Sells ...",2019-10-09,JPM
"Tower View Investment Management & Research LLC Buys L'Harris Technologies Inc, Leidos ...",2019-10-09,JPM
Fidelity Zero Total Market ETF Is Slightly Overvalued,2019-10-09,JPM
Wall Street Analysts Divided as Earnings Season Looms,2019-10-09,JPM
"Vinig Sparks upgrades Citi; cuts Key, Wells Fargo, JPMorgan",2019-10-09,JPM
"Thinking about trading options or stock in Walt Disney Co, JPMorgan Chase, Microsoft, Netflix, ...",2019-10-10,JPM
Banks to Get Respite After Fed Approves Simpler Volcker Rule,2019-10-10,JPM
Fed Meeting October 29/30 2019: What To Expect And Trade Ideas,2019-10-10,JPM
My Dividend Growth Portfolio: Q3 2019 Summary,2019-10-10,JPM
JPMorgan Chase Moving With The Market Ahead Of Earnings,2019-10-10,JPM
"Top Analyst Reports for JPMorgan, CME Group & Chubb",2019-10-10,JPM
"Stocks Jump on Trump Trade Tweet, Q3 Earnings and Buy Marijuana Stocks - Free Lunch",2019-10-10,JPM
"Dalton Greiner Hartman Maher & Co Buys Expedia Group Inc, JPMorgan Chase, American Eagle ...",2019-10-10,JPM
"Fastenal Confirms Main Street Doing Better Than Wall Street - Also, It's All About Stocks And Earnings",2019-10-11,JPM
Consumer Takes Center Stage As Financial Sector Earnings Loom Next Week,2019-10-11,JPM
Dow Jones Today: Futures Rally As Trump Trade Meeting Looms; Oil Prices Climb,2019-10-11,JPM
"Consumer Loans, Mortgages to Aid JPMorgan (JPM) Q3 Earnings",2019-10-11,JPM
Will Q3 Earnings Drive Dow ETF Higher?,2019-10-11,JPM
"The Zacks Analyst Blog Highlights: JPMorgan, CME, Chubb, S&P Global and Ford",2019-10-11,JPM
Expectations run low ahead of banks' Q3 earnings,2019-10-11,JPM
"Rockland Trust Co Buys JPMorgan Chase, Independent Bank Corp, Unilever NV, Sells Chubb, Altria ...",2019-10-11,JPM
"Netflix, JPMorgan, Goldman, IBM, J&J To Report: Investing Action Plan",2019-10-11,JPM
US Indexes Close Higher Friday With Phase One China Trade Deal,2019-10-11,JPM
"Citigroup Stock Strengthens, Closes In On Buy Point Ahead Of Quarterly Results",2019-10-11,JPM
Dow Jones Powers Higher Amid China Trade Optimism; Apple Stock Hits An All-Time High,2019-10-11,JPM
What to Expect from Q3 Earnings Season with Big Banks Set to Report?,2019-10-11,JPM
Repo Markets Still Spooky,2019-10-11,JPM
Best Dividend Stocks: Why This Blue-Chip Stock's Yield Crushes The 10-Year Treasury Bond By 134%,2019-10-11,JPM
"Perkins Coie Trust Co Buys Nike Inc, Costco Wholesale Corp, JPMorgan Chase, Sells Vanguard ...",2019-10-11,JPM
Your Warren Buffett Update: 47 Stocks With 33 Paying Dividends For October,2019-10-12,JPM
Stocks To Watch: Q3 Earnings Blastoff,2019-10-12,JPM
Q3 Earnings Blastoff (Stocks To Watch Podcast),2019-10-13,JPM
Pre-Earnings Financials Review: Potential PitFalls (Video),2019-10-13,JPM
J.P. Morgan Brings New Capabilities to Target Date Compass© Program,2019-10-14,JPM
"Phenomix Sciences, Care + Wear and Civic Eagle Win Meda Million Dollar Challenge",2019-10-14,JPM
"Banks In Focus This Week As JPMorgan Chase, Goldman Sachs And Others Report Tuesday",2019-10-14,JPM
Investing In Prisons: Recession-Proof 11% Yield From CoreCivic,2019-10-14,JPM
"Dismal Trading, Lower Rates to Hurt BofA's (BAC) Q3 Earnings",2019-10-14,JPM
4 Major Bank Stocks Poised to Outshine Q3 Earnings Estimates,2019-10-14,JPM
FreshDirect on the sales block,2019-10-14,JPM
Dow Jones Holds Last Week's Rally; Will JPMorgan Stock Break Out Again?,2019-10-14,JPM
Are Equities On The Verge Of Catapulting Higher?,2019-10-14,JPM
Freedom Financial Going To Make A Big Splash On NASDAQ,2019-10-14,JPM
"Citigroup, Goldman Sachs Eye Breakouts With Earnings Due: Investing Action Plan",2019-10-14,JPM
What To Expect As Earnings Season Approaches,2019-10-14,JPM
5 Must-See Big Bank Earnings Charts,2019-10-14,JPM
Dow Jones Futures: Snoozing Stock Market To Get Big Jolt As 4 Dow Giants Report Early Tuesday,2019-10-14,JPM
Notable earnings before Tuesday's open,2019-10-14,JPM
JPMorgan Chase Q3 2019 Earnings Preview,2019-10-14,JPM
5 Bargain Stocks Boosting Book Value,2019-10-14,JPM
A Perspective On The Relative Values Of 4 Largest U.S. Banks,2019-10-14,JPM
Dow Jones Storms 956 Points Higher In 5 Days; These Growth Stocks Are Near Buy Point,2019-10-15,JPM
"JPMorgan, UnitedHealth, J&J Earnings Boost Dow Jones Today; Bank Of America Stock Nears Buy Point",2019-10-15,JPM
Earnings season kicks off,2019-10-15,JPM
Wall Street Breakfast: Earnings Season Kicks Off,2019-10-15,JPM
"JPMorgan Chase EPS beats by $0.23, beats on revenue",2019-10-15,JPM
JPMorgan Chase & Co. 2019 Q3 - Results - Earnings Call Presentation,2019-10-15,JPM
Consumer lending boosts JPMorgan Q3 results,2019-10-15,JPM
JPMorgan (JPM) Beats on Q3 Earnings & Revenue Estimates,2019-10-15,JPM
Stocks Are Set To Rise On October 15 As Earnings Stampede Begins,2019-10-15,JPM
JP Morgan Stands Out Among Big Banks' Earnings Reports,2019-10-15,JPM
Q3 Results Begin: Can We Avoid an Earnings Recession?,2019-10-15,JPM
"JPMorgan turns in solid Q3, as NII beats estimates",2019-10-15,JPM
Goldman Loses Its Grip,2019-10-15,JPM
"Citigroup's (C) Q3 Earnings Beat Estimates, Expenses Rise",2019-10-15,JPM
Market Volatility Bulletin: A Crushing Week For S&P Volatility,2019-10-15,JPM
Mad Dogs Of The Dow - The Outperformance Increases,2019-10-15,JPM
Dow Jones Rallies On Start To Earnings Season; Nvidia Is Breaking Out Today,2019-10-15,JPM
"Bank stocks move up after JPMorgan, Citi results impress",2019-10-15,JPM
JPMorgan September credit-card delinquency rate rises,2019-10-15,JPM
"First Republic (FRC) Q3 Earnings Beat Estimates, Costs Rise",2019-10-15,JPM
"JPMorgan Jumps On FICC Revenue Surge, I-Banking Beat Even, But Dimon Sees ""Weakening Business Sentiment""",2019-10-15,JPM
Nasdaq 100 Forecast: Will FAANG Dissolve If Netflix Earnings Disappoint?,2019-10-15,JPM
"If Capitalism Is Wrong, I Don't Want To Be Right. Forget Politics, Let's Trade",2019-10-15,JPM
"Dow Jones Jumps, Led By UnitedHealth, JPMorgan; Nvidia Surges, But Is It Still A Buy?",2019-10-15,JPM
"Big Bank & Healthcare Earnings, Netflix Q3 Preview & Buy Lululemon Stock - Free Lunch",2019-10-15,JPM
The U.S. Week Ahead (Oct 21-25): Are Bank Loans Signaling A Rise In Debt-Fueled Durable Goods?,2019-10-15,JPM
Dividend Stock Spotlight: Johnson & Johnson (JNJ) And UnitedHealth (UNH),2019-10-15,JPM
Stock Market Rallies As Earnings Boost Dow; IBD 50 Lags Badly,2019-10-15,JPM
"JNJ, JP Morgan and UnitedHealth all Beat, Goldman Sachs Misses",2019-10-15,JPM
"Dfpg Investments, Inc. Buys Arcturus Therapeutics Holdings Inc, Vanguard Total Stock Market ...",2019-10-15,JPM
"JPMorgan Earnings Top, Goldman Misses; Citigroup, Wells Fargo Mixed",2019-10-15,JPM
Find Strong Stocks During Q3 Earnings Season with New Analyst Coverage,2019-10-15,JPM
Targets Achieved In Key Financial Stocks,2019-10-15,JPM
"Most Active Equity Options For Midday - Tuesday, Oct. 15",2019-10-15,JPM
"First Command Bank Buys L'Harris Technologies Inc, Northrop Grumman Corp, Walmart Inc, Sells ...",2019-10-15,JPM
JPMorgan Chase: A Must-Have,2019-10-15,JPM
JPMorgan Chase & Co. (JPM) CEO James Dimon on Q3 2019 Results - Earnings Call Transcript,2019-10-15,JPM
Aramco to pay up to $450M in fees to IPO advisors - Bloomberg,2019-10-15,JPM
"Bridgeworth, LLC Buys Global Payments Inc, Globe Life Inc, PIMCO Enhanced Short Maturity Active ...",2019-10-15,JPM
JPMorgan Sets The Bar,2019-10-15,JPM
"Stocks Soar, Shorts Squeezed; Bullion, Bitcoin, & Black Gold Bruised",2019-10-15,JPM
US Indexes Close Higher Tuesday With 'rd-Quarter Earnings Kickoff,2019-10-15,JPM
"J.P. Morgan Launches New Liquidity Management Platform, Morgan Money",2019-10-16,JPM
"Thinking about trading options or stock in Facebook, IBM, JPMorgan Chase, Roku, or UnitedHealth ...",2019-10-16,JPM
"JPMorgan: Strong Q3 Results, Reiterate Buy",2019-10-16,JPM
Wells Fargo: Navigating a Difficult Rate Environment,2019-10-16,JPM
JPMorgan Asset Management swaps out institutional investing portal,2019-10-16,JPM
5 Reasons Why Warren Buffett Is Investing in Banks,2019-10-16,JPM
"Cloud Names Are Getting Hammered, Buy Them Or Look At Other Sectors, Yes And Yes",2019-10-16,JPM
Doubling The Market's Result With The Safest Stocks,2019-10-16,JPM
"Market Volatility Bulletin: Stocks Absorb Negative Retail Sales Print Gracefully, VIX Holds Tight",2019-10-16,JPM
"Lackluster Results At Wells Fargo, But Likely Past The Bottom In Sentiment",2019-10-16,JPM
Goldman Sachs Is Paying The Price,2019-10-16,JPM
JPMorgan Chase: The No-Brainer Banking Stock,2019-10-16,JPM
"Citigroup: Good, Just Not Inspiring",2019-10-16,JPM
5 Cheap Stocks Trading at 5—-Week Highs,2019-10-16,JPM
"Ycg, Llc Buys Bank of America Corporation, JPMorgan Chase, Scully Royalty, Sells Scully ...",2019-10-16,JPM
An Okay Quarter From Citigroup Arguably Not Good Enough,2019-10-16,JPM
A Very Healthy Consumer And Strong Execution Boosting JPMorgan,2019-10-16,JPM
Wall Street Breakfast: Brexit Deal Reached... If It Can Pass Parliament,2019-10-17,JPM
"Hedge Funds Love These 10 Stocks, And 5 Are Good Buys Today",2019-10-17,JPM
"Zacks Earnings Trends Highlights: JPMorgan, Bank of America and Goldman Sachs",2019-10-17,JPM
Earnings Roundup: 'The Big Six' US Banks,2019-10-17,JPM
Banks see Fed's softening on cash liquidity buffer levels - Reuters,2019-10-17,JPM
"Stocks Are Itching For Year-End Breakout Rally, But Who Will Lead It?",2019-10-17,JPM
"Jpmorgan Chase (JPM) Co-President & COO, CEO CIB Daniel E Pinto Sold $6.4 million of Shares",2019-10-17,JPM
"G&S Capital LLC Buys First Trust Enhanced Short Maturity ETF, Prologis Inc, SPDR Gold ...",2019-10-17,JPM
"Manufacturing & Retail Worries, Brexit, Q3 Earnings & Buy Google Stock - Free Lunch",2019-10-17,JPM
Week In Review: Market Falls After China Reports Lousy GDP Growth,2019-10-18,JPM
Yield-Hungry Investors Should Consider Preferred Stocks,2019-10-18,JPM
Signs Of Cracking In The Consumer: I Don't Think So,2019-10-18,JPM
5 Reasons Why Warren Buffett Is Investing in Banks,2019-10-18,JPM
"Bank Stock Roundup: Q3 Earnings Season Unfolds, JPMorgan, BofA & Citi Top Estimates",2019-10-18,JPM
"Top Analyst Reports for Facebook, UnitedHealth & HSBC",2019-10-18,JPM
PNC Financial Delivers A Low-Drama Quarter,2019-10-18,JPM
Bank Of America: Q3 Results Support Our 10-12% Annual Return Buy Case,2019-10-18,JPM
3 Tech Stocks for Growth Investors to Buy During Q3 Earnings Season,2019-10-18,JPM
Bulls And Bears Match Each Other As Market Fades At Week End,2019-10-19,JPM
Visa: In Charge,2019-10-20,JPM
Intersection: Crypto & Wall Street This Week,2019-10-20,JPM
US Indexes Close Higher Monday to Start the Week,2019-10-21,JPM
"Main Street Research LLC Buys Target Corp, AT&T Inc, The Travelers Inc, Sells BHP Group, ...",2019-10-21,JPM
Nasdaq Rallies But Dow Jones Lags; Here's Why Apple Stock Hit A New Record High,2019-10-21,JPM
"Thinking about trading options or stock in Alibaba, Home Depot, JPMorgan Chase, Visa, or Walmart?",2019-10-21,JPM
"First Command Financial Services, Inc. Buys L'Harris Technologies Inc, Northrop Grumman Corp, ...",2019-10-21,JPM
The We Company - Live Free Or Die (But Probably Die),2019-10-21,JPM
"MinichMacGregor Wealth Management, LLC Buys Schwab Short-Term U.S. ...",2019-10-21,JPM
"5-Minute Forex, Crypto And Stock Update",2019-10-22,JPM
Wells Fargo Has A New Leader,2019-10-22,JPM
Wall Street Breakfast: Brexit Hangs In The Balance,2019-10-22,JPM
We Company debates rescue plans,2019-10-22,JPM
"Lincoln Capital LLC Buys JPMorgan Chase, Ecolab Inc, Sells Philip Morris International Inc",2019-10-22,JPM
"Howland Capital Management Llc Buys Constellation Brands Inc, Wayfair Inc, DuPont de Nemours ...",2019-10-22,JPM
SoftBank Group Could Keep The We Company Alive - But I Am Not Sure If It Should,2019-10-22,JPM
Velocity Financial Begins Pursuing U.S. IPO Plan,2019-10-22,JPM
Financial ETFs Gain Despite Mixed Earnings,2019-10-23,JPM
3 Reasons Why You Should Never Retire,2019-10-23,JPM
Schwab Has Flourished With CEO Walt Bettinger,2019-10-23,JPM
"Billeaud Capital Management, Inc. Buys SPDR Barclays Long Term Treasury ETF, Advanced Micro ...",2019-10-23,JPM
"A. D. Beadell Investment Counsel, Inc. Buys Suburban Propane Partners LP, Aberdeen Standard ...",2019-10-24,JPM
September credit card delinquency/charge-off rates,2019-10-25,JPM
"Bank Stock Roundup: Q3 Earnings in Full Swing; RF, FITB, COF Post Decent Numbers",2019-10-25,JPM
JPMorgan sees sufficient CET1 capital ratio in severely adverse scenario,2019-10-25,JPM
"Reston Wealth Management Llc Buys SPDR Portfolio S&P 5…… Growth ETF, Invesco S&P ...",2019-10-25,JPM
Dividend Challenger Highlights: Week Of October 27,2019-10-26,JPM
Big Banks November Outlook,2019-10-26,JPM
Top Insider Buys Highlight for the Week of Oct. —5,2019-10-27,JPM
JPMorgan closes special situation fund with over $1B in commitments,2019-10-28,JPM
The Retiree's Dividend Portfolio - John's September Update: Complete Portfolio Overview,2019-10-28,JPM
"I've Been Charting This Breakout, And Here We Are: Industrials And Cloud Tech Are Bottoming - Time To Tighten The Trading Plan",2019-10-28,JPM
JPMorgan may move thousands of jobs out of New York area - Bloomberg,2019-10-28,JPM
Wall Street Breakfast: S&P 500 Powers To New Record,2019-10-29,JPM
S&P 500 at All-Time High on Hopes of Trade Progress & Rate Cut,2019-10-29,JPM
Mnuchin open to looser liquidity rules to calm repo market - Bloomberg,2019-10-29,JPM
SocGen turns bearish on JPMorgan,2019-10-29,JPM
"JPMorgan, BofA cut by SocGen on valuation",2019-10-29,JPM
When Revenue Growth Collapses,2019-10-29,JPM
The Top Large-Cap Stocks To Buy Now,2019-11-01,JPM
Bull Of The Day: Square (SQ),2019-11-01,JPM
"What Do I Really Think? It's In My Unorthodox, Shoot-The-Moon Portfolio",2019-11-01,JPM
What Are Warren Buffett's Top 10 Stock Holdings?,2019-11-01,JPM
IBD 50 Growth Stocks Adopt A Blue-Chip Hue,2019-11-01,JPM
Stocks To Watch: An Uber Exciting Week,2019-11-02,JPM
An Uber Exciting Week (Stocks To Watch Podcast),2019-11-03,JPM
Square Q3 2019 Earnings Preview: Buy Struggling SQ Stock on the Dip?,2019-11-04,JPM
"Top Stock Reports for Facebook, JPMorgan & Royal Dutch Shell",2019-11-04,JPM
Dow Jones Lags Small Caps Again; Time To Lock In Profits In McDonald's Stock?,2019-11-04,JPM
Banks to Benefit From Easing of False Claims Act by HUD,2019-11-04,JPM
Big Banks Q3 Earnings Scorecard: What Investors Should Know,2019-11-04,JPM
Swapping Apple For Apple - October Dividend Portfolio Update,2019-11-04,JPM
"Alleghany Corp Buys Comcast Corp, UnitedHealth Group Inc, SPDR Gold Trust, Sells CSX Corp, ...",2019-11-05,JPM
Tracking Ken Fisher's Fisher Asset Management Portfolio - Q3 2019 Update,2019-11-05,JPM
"The Zacks Analyst Blog Highlights: Bank of America, Fannie Mae, JPMorgan, Citigroup and Wells Fargo",2019-11-05,JPM
"New World Advisors LLC Buys iShares Core S&P 5…… ETF, Century Bancorp Inc, Vanguard ...",2019-11-05,JPM
5 Stocks Driving Three Major Indexes to Record Highs,2019-11-05,JPM
Should iShares Russell Top 200 Value ETF (IWX) Be on Your Investing Radar?,2019-11-05,JPM
Mad Dogs Of The Dow For November,2019-11-05,JPM
"Financial Advisory Service, Inc. Buys Sprott Physical Gold Trust, ARK Innovation ETF, iShares U. ...",2019-11-06,JPM
"J.P. Morgan Releases —…—… Long-Term Capital Market Assumptions, Analysis Reveals Need ...",2019-11-06,JPM
"The Zacks Analyst Blog Highlights: Apple, Intel, JPMorgan Chase, United Technologies and Home Depot",2019-11-06,JPM
The Easiest Way To Take Advantage Of The Generational Opportunity In Value,2019-11-06,JPM
"Twin Focus Capital Partners, Llc Buys Berkshire Hathaway Inc, ishares Gold Trust, ...",2019-11-07,JPM
Why Financials ETFs Are On Fire,2019-11-07,JPM
"Thinking about trading options or stock in Apple, Baidu, JPMorgan Chase, Micron Technology, or ...",2019-11-07,JPM
"KBC Group NV Buys JPMorgan Chase, PepsiCo Inc, Visa Inc, Sells Intel Corp, American Water Works ...",2019-11-07,JPM
"Mcdaniel Terry & Co Buys Black Stone Minerals LP, Exxon Mobil Corp, Alcon Inc",2019-11-07,JPM
"TrinityPoint Wealth, LLC Buys Schwab U.S. ...",2019-11-07,JPM
"Gryphon Financial Partners LLC Buys JPMorgan Chase, American Electric Power Co Inc, Sempra ...",2019-11-07,JPM
"Melt-Up Alert: All Systems Are Go; Buy The Blowups McDonald's, Twitter, Match, Not Expedia",2019-11-07,JPM
Jamie Dimon's Interview With CNBC,2019-11-07,JPM
"Jpmorgan Chase (JPM) Co-President & COO, CEO CIB Daniel E Pinto Sold $8.4 million of Shares",2019-11-07,JPM
"My Dividend Growth Portfolio October Update: 36 Holdings, 11 Buys, 8 Sells, 3.59% Yield",2019-11-08,JPM
"PagnatoKarp Partners LLC Buys JPMorgan Ultra-Short Income ETF, ARK Innovation ETF, Vanguard ...",2019-11-08,JPM
"JBF Capital, Inc. Buys JPMorgan Chase, VanEck Vectors Gold Miners ETF, Credit Suisse Group AG, ...",2019-11-08,JPM
Banks had doubts about WeWork even as they hawked IPO - WSJ,2019-11-08,JPM
WisdomTree U.S. Large Cap Dividend ETF: Favorable Outlook Continues,2019-11-08,JPM
Stocks To Watch: Alibaba And Disney Step Out,2019-11-09,JPM
Alibaba hires more banks for HK listing,2019-11-09,JPM
"Robin Hood Holds 7th Annual Investors Conference, Presented By JP Morgan",2019-11-10,JPM
Alibaba And Disney Step Out (Stocks To Watch Podcast),2019-11-10,JPM
UBS: Falling Revenues And Returns Mean It's Still A Stock To Avoid,2019-11-10,JPM
Wall Street Breakfast: Alibaba Sets New Singles' Day Record,2019-11-11,JPM
"Wealth inequality is a problem, Jamie Dimon says",2019-11-11,JPM
The Unloved 'Sleep Well At Night' REIT List,2019-11-11,JPM
Big Banks And Big Tech (Not Versus),2019-11-11,JPM
Technical Charts Are Showing Equities Have More Room To Move Higher,2019-11-11,JPM
Energy Transfer: This Pipeline Giant Boasts A 10% Yield And Record Low Valuation,2019-11-11,JPM
How This Top Fund Tackles Difficult Market,2019-11-11,JPM
49 Kiplinger Big Billionaire Buys: Most Pay Dividends,2019-11-12,JPM
KBWB: A Bank ETF For Dividend Hunters,2019-11-12,JPM
"Mckinley Capital Management Llc Buys JPMorgan Chase, NXP Semiconductors NV, Fidelity National ...",2019-11-12,JPM
Hutner Capital Management Inc Buys JPMorgan Chase,2019-11-12,JPM
"TCG Advisors, LP Buys Putnam Master Intermediate Income Trust, Exxon Mobil Corp, Apple Inc, ...",2019-11-13,JPM
Big Cap Earnings Look Bullish for 2020,2019-11-13,JPM
Brookfield Property boosts bet on U.S. shopping malls - Bloomberg,2019-11-13,JPM
"Bluestein R H & Co Buys ConocoPhillips, L'Harris Technologies Inc, SPDR S&P 5…… ...",2019-11-13,JPM
"West Family Investments, Inc. Buys Energy Transfer LP, Movado Group Inc, Newtek Business ...",2019-11-13,JPM
"UBP Investment Advisors SA Buys iShares iBoxx $ Investment Grade Corporate Bond ET, VanEck ...",2019-11-13,JPM
JPMorgan Chase formulates its own version of CRT on mortgages,2019-11-13,JPM
Your Warren Buffett Update: 47 Stocks With 33 Paying Dividends For November,2019-11-13,JPM
"Reliant Investment Management, LLC Buys Comcast Corp, JPMorgan Chase, PPG Industries Inc, Sells ...",2019-11-13,JPM
"Rock Creek Group, LP Buys Rosetta Stone Inc, PAR Technology Corp, JPMorgan Chase, Sells Ishares ...",2019-11-13,JPM
"Hamilton Capital Management, Inc. Buys SPDR S&P 5…… ETF Trust, Becton, Dickinson and ...",2019-11-13,JPM
"Hamilton Point Investment Advisors, LLC Buys JPMorgan Chase, Pfizer Inc, Sells Maxim Integrated ...",2019-11-13,JPM
Citi to Enable Google Pay Customers to Access Bank Accounts,2019-11-14,JPM
"Allstate Corp Buys iShares iBoxx $ Investment Grade Corporate Bond ET, SPDR Barclays High Yield ...",2019-11-14,JPM
"Unio Capital LLC Buys Blackstone Group Inc, Fidelity National Information Services Inc, Costco ...",2019-11-14,JPM
Walgreens Boots Rallies on KKR's Bid but Market View Mixed,2019-11-14,JPM
"Ruane, Cunniff & Goldfarb L.P. Buys Wayfair Inc, Apple Inc, JPMorgan Chase, Sells ...",2019-11-14,JPM
Apollo Global (APO) to Acquire Tech Data for $5.4 Billion,2019-11-14,JPM
"Hall Kathryn A. Buys Vanguard Total World Stock Index Fund, Vanguard Mid-Cap ETF, Apple Inc, ...",2019-11-14,JPM
"Hollow Brook Wealth Management LLC Buys iShares Short Treasury Bond ETF, SPDR Gold MiniShares, ...",2019-11-14,JPM
"Zacks Market Edge Highlights: JPMorgan Chase, Bank of America, Citigroup, Apple and Alphabet",2019-11-14,JPM
"Capital Counsel Llc Buys Varian Medical Systems Inc, Reata Pharmaceuticals Inc, Procter & ...",2019-11-14,JPM
"GCIC Ltd. Buys Texas Instruments Inc, Moody's Corporation, Sherwin-Williams Co, Sells ...",2019-11-14,JPM
"First Commonwealth Financial Corp Buys Huntington Bancshares Inc, JPMorgan Chase, SPDR ...",2019-11-14,JPM
"Bank Stock Roundup: Ambiguity Over Trade War Remains, SunTrust & Citi in Focus",2019-11-15,JPM
"Aptus Capital Advisors, LLC Buys First Trust Capital Strength ETF, iShares J.P. ...",2019-11-15,JPM
Charge-offs fall at JPMorgan,2019-11-15,JPM
"Wells Fargo: Outperforming, Defying Analyst Downgrades, Three 11% - 14% Trades",2019-11-15,JPM
"Castleark Management Llc Buys Texas Instruments Inc, SPDR Gold Trust, Blackstone Group Inc, ...",2019-11-15,JPM
"Circle Wealth Management, LLC Buys JPMorgan Chase, L'Harris Technologies Inc, Vanguard ...",2019-11-15,JPM
"5 Stocks That Boosted Dow Above —8,………",2019-11-15,JPM
"OneAscent Financial Services LLC Buys Facebook Inc, Apple Inc, SPDR S&P 5…… ETF Trust, ...",2019-11-15,JPM
Tracking Warren Buffett's Berkshire Hathaway Portfolio - Q3 2019 Update,2019-11-15,JPM
October credit-card delinquency/charge-off rates,2019-11-16,JPM
Another ex-JPMorgan trader charged with spoofing,2019-11-17,JPM
"Dow Tops 28,000: 7 Hot Stocks Behind the Rally",2019-11-18,JPM
"Thinking about trading options or stock in Apple, Alibaba, JPMorgan Chase, NVIDIA, or PepsiCo?",2019-11-18,JPM
Should iShares Morningstar Large-Cap Value ETF (JKF) Be on Your Investing Radar?,2019-11-18,JPM
JPMorgan Chase & Co.: A Low Yielder Preferred Stock IPO Also From The Largest Bank,2019-11-18,JPM
Tracking George Soros's Portfolio - Q3 2019 Update,2019-11-18,JPM
Wall Street Breakfast: Higher And Higher,2019-11-18,JPM
JPMorgan Chase: Still The Best And Still A Buy,2019-11-19,JPM
"Top Research Reports for JPMorgan, Altria Group & ConocoPhillips",2019-11-19,JPM
Tracking Glenn Greenberg's Brave Warrior Advisors Portfolio - Q3 2019 Update,2019-11-19,JPM
S&P 500: The Long And Short Of It,2019-11-19,JPM
"Boston Partners Buys JPMorgan Chase, Lennar Corp, Marathon Petroleum Corp, Sells Johnson & ...",2019-11-20,JPM
Should WisdomTree U.S. LargeCap Fund (EPS) Be on Your Investing Radar?,2019-11-21,JPM
"The Top Large-Cap Sectors, Industries, And Stocks To Buy Now",2019-11-21,JPM
Animal spirits are alive and well,2019-11-25,JPM
DGRO Is A Fund I'm Bullish On In 2020,2019-11-26,JPM
"Bank Sector Breakdown: Big Banks Carrying Financial Indices, Streamlining Operations, And Yield Curve Steepening",2019-11-26,JPM
"What Happened To The 'G' In ESG? Wily WeWork, Perishing Pensions, Bad Buyouts, And Compromised Central Banks",2019-11-26,JPM
Inefficient Market Theory: Berkshire Hathaway and Indexation,2019-11-26,JPM
Warren Buffett: The Deck Is Stacked Against Shareholders When It Comes to Executive Pay,2019-11-26,JPM
3 Stocks for Value Investors to Buy as Market Reaches New High,2019-11-27,JPM
Investors Who Ignored This Warning Just Made $2.2 Trillion,2019-11-27,JPM
"FDIC-Insured Banks' Q3 Earnings Disappoint, Costs Escalate",2019-11-27,JPM
November Portfolio Update - Prefs And Finance,2019-11-29,JPM
Synchrony Financial Still Worth Consideration Near 52-Week Highs,2019-12-01,JPM
Top Holdings Of Dividend ETFs (Part 1: The Top 50 In November 2019),2019-12-01,JPM
S&P 500 - The Long And Short Of It,2019-12-02,JPM
Deutsche Bank (DB) Under DoJ Probe Over Danske Bank Scandal,2019-12-02,JPM
Blue Chip DRiP: November 2019 Dividend Income Portfolio Update,2019-12-02,JPM
Tariff fears sink financial stocks; 10-year Treasury yield tumbles 14 bps,2019-12-03,JPM
"KBC Group NV Buys Medtronic PLC, JPMorgan Chase, PepsiCo Inc, Sells Intel Corp, American Water ...",2019-12-03,JPM
"How to Trade the —…—… Election, Pt. –",2019-12-03,JPM
"Bedrijfstakpensioenfonds Voor De Media Pno Buys Coca-Cola Co, Square Inc, Sells Netflix Inc, ...",2019-12-03,JPM
Dogs Of The Dow: December Is Time To Wait For A Pullback,2019-12-03,JPM
The Retiree's Dividend Portfolio - John's October Update: Complete Portfolio Overview,2019-12-04,JPM
"Stock Market Gets Shot Of Adrenaline From Trump Trade Remarks; Dow's Apple, Goldman Rally",2019-12-04,JPM
Trying Our Hand With Stocks At New Highs,2019-12-05,JPM
US Indexes End Slightly Higher Thursday,2019-12-05,JPM
"Hot Options Report For End Of Day - Thursday, Dec. 5",2019-12-05,JPM
"Indexes Regain Some Ground, Closing Higher Wednesday",2019-12-05,JPM
Chesapeake Jumps 16% on $1.5B Term-Loan Facility Securement,2019-12-05,JPM
Major Regional Bank Stocks Outlook Rosy on Decent Loan Rise,2019-12-05,JPM
Previewing the Q4 2019 Earnings Season,2019-12-06,JPM
"Most Active Equity Options For Midday - Friday, Dec. 6",2019-12-06,JPM
Analysts: These Companies Will Be The Most Profitable In 2020,2019-12-06,JPM
"How The Trade War And Growth Are Impacting Banks Like JPMorgan, Citigroup, And Bank Of America",2019-12-06,JPM
Best Large-Cap Stocks To Buy Now,2019-12-06,JPM
"Stocks To Watch: Netflix, Cisco And Chewy On The Marquee",2019-12-07,JPM
"Bank Of America: Big Bank Smackdown, 2 Small Bank Dividends Worth Checking Out",2019-12-07,JPM
"My Dividend Growth Portfolio November Update: 36 Holdings, 3 Buys, 2 Sells, 3.61% Yield",2019-12-08,JPM
November 2019 Dividend Portfolio Update,2019-12-08,JPM
"Netflix, Cisco And Chewy On The Marquee (Stocks To Watch Podcast)",2019-12-08,JPM
Is This The Best Idea These Hedge Funds Can Come Up With?,2019-12-08,JPM
JPMorgan seeks to raise $1B for mezzanine debt fund - Bloomberg,2019-12-09,JPM
BB&T-SunTrust Merge to Form 6th Biggest Bank Truist Financial,2019-12-09,JPM
JPMorgan Chase declares $0.90 dividend,2019-12-10,JPM
Your Warren Buffett Update: 48 Stocks With 33 Paying Dividends As Of December,2019-12-10,JPM
JPMorgan Chase & Co. (JPM) Management Presents at Goldman Sachs U.S. Financial Services Conference (Transcript),2019-12-10,JPM
JPMorgan & Chase Company: Featured Stock In November's Dividend Growth Model Portfolio,2019-12-10,JPM
JPMorgan sees Q4 trading fees up 'meaningfully',2019-12-10,JPM
"State Street raised, JPMorgan cut by KBW",2019-12-10,JPM
Morgan Stanley Slashes 2% Jobs Amid Tough Operating Backdrop,2019-12-10,JPM
"The Kiplinger 2020 Stock Prognostications: 80 Stocks, 62 Paying Dividends",2019-12-10,JPM
"Bedrijfstakpensioenfonds Voor De Media Pno Buys Coca-Cola Co, Square Inc, Sells Netflix Inc, ...",2019-12-11,JPM
Broadstone Net Lease eyes 2020 IPO - Bloomberg,2019-12-11,JPM
JPMorgan aims to build up wealth management prowess - WSJ,2019-12-11,JPM
Fed Likely to Pause Rates in 2020: Bank Stocks Worth Buying?,2019-12-12,JPM
Banks to End 2019 With Upbeat Trading and IB Performance,2019-12-12,JPM
JPMorgan expands private credit group,2019-12-12,JPM
Wall Street Breakfast: Future Of Brexit Hangs In The Balance,2019-12-12,JPM
US Indexes Close Higher Thursday With China Trade Developments,2019-12-12,JPM
JPMorgan Moves On Wealth Management,2019-12-12,JPM
"Stock Market News for Dec 13, 2019",2019-12-13,JPM
"The Zacks Analyst Blog Highlights: JPMorgan, Bank of America, PNC Financial and Zions",2019-12-13,JPM
"Zacks Value Trader Highlights: VTV, RPV, AMWD, DHI and JPM",2019-12-13,JPM
"Most Active Equity Options For Midday - Friday, Dec. 13",2019-12-13,JPM
Stocks To Watch: Investors Dig Into Trade War Halt,2019-12-14,JPM
Investors Dig Into Trade War Halt (Stocks To Watch Podcast),2019-12-15,JPM
"Walgreens is the Worst Dow Stock Now, Will 2020 Be Different?",2019-12-16,JPM
Wells Fargo & City of Philadelphia Resolve Discrimination Suit,2019-12-17,JPM
Riding Winners To A Fault,2019-12-17,JPM
JPMorgan to Set up Majority-Owned Joint Venture in China,2019-12-19,JPM
"The Zacks Analyst Blog Highlights: Microsoft, Procter & Gamble, NIKE, Apple and JPMorgan Chase",2019-12-19,JPM
"Top Analyst Reports for JPMorgan, Boeing & NVIDIA",2019-12-20,JPM
BlackRock (BLK) to Expand in China With Majority Owned JV,2019-12-23,JPM
"The Zacks Analyst Blog Highlights: JPMorgan, Boeing, NVIDIA, AstraZeneca and GlaxoSmithKline",2019-12-23,JPM
"Looks Like The Fed's Been Duped – But It Hasn't ""Lost Control""",2019-12-26,JPM
Amazon AMZN Leads Tech to New Highs. What Stocks Joined Them?,2019-12-26,JPM
"88 Firms Going Ex-Dividend Next Week, Including Cardinal Health, Ventas And JP Morgan Chase",2019-12-27,JPM
Bank ETFs to Ride High on the Holiday Shopping Spree,2019-12-27,JPM
Blizzard Stocks,2019-12-30,JPM
"Most Active Equity Options For Midday - Monday, Dec. 30",2019-12-30,JPM
"Stock Market News for Dec 31, 2019",2019-12-31,JPM
JPMorgan Plans to Buy 100% Stake in Futures JV in China,2020-01-02,JPM
"Dow Jones Today, Global Stock Markets Rise On China Optimism; AMD Gets Analyst Boost, JPMorgan Eyes A Breakout",2020-01-02,JPM
"Hot Options Report For End Of Day - Thursday, Jan. 2",2020-01-02,JPM
Dow Dogs 2019 Return Unable To Keep Pace With Broader Market,2020-01-02,JPM
"The Zacks Analyst Blog Highlights: JPMorgan, Goldman Sachs, Nomura, Morgan Stanley and BlackRock",2020-01-03,JPM
"Dow Jones Today, Futures Retreat On Baghdad Drone Attack; Miners Jump, Gold Pegs 69-Month High",2020-01-03,JPM
"Apple Leads Dividend Stock Play That Aims For Growing Profit, Yields",2020-01-03,JPM
"Who Joins Microsoft, Alibaba, Facebook On List Of New Buys By The Best Mutual Funds?",2020-01-03,JPM
"Lennar, Walgreens, Constellation, JPMorgan and Citigroup are part of Zacks Earnings Preview",2020-01-06,JPM
"Top Stock Picks for Week of January 6, 2020",2020-01-06,JPM
"Top Stock Reports for JPMorgan, Sanofi & General Electric",2020-01-07,JPM
Q4 Earnings Season Gets Underway,2020-01-08,JPM
"Goldman Sachs (GS) Streamlines Units, Increases Transparency",2020-01-08,JPM
"The Zacks Analyst Blog Highlights: JPMorgan, Sanofi, General Electric, American Electric Power and Shopify",2020-01-08,JPM
"Zacks Earnings Trends Highlights: JPMorgan, Wells Fargo and Citigroup",2020-01-09,JPM
Banks Rally Into Earnings: What This Means,2020-01-09,JPM
"Dow Heads Toward 29,000: Grab 5 Blue-Chip Stocks Now",2020-01-10,JPM
Delta Stock Near Buy Point Ahead Of Earnings; 5 Financial Leaders Set To Report,2020-01-10,JPM
"Ultra Clean, Construction Partners, JP Morgan, Bank of America and Citigroup highlighted as Zacks Bull and Bear of the Day",2020-01-10,JPM
Can Earnings Reports Push Bank Stocks Even Higher?,2020-01-10,JPM
Dow Jones Erases Gains After Job Report; Will This Stock Beat JPMorgan Chase In 2020?,2020-01-10,JPM
"China Trade Deal, Bank Earnings, Top Health Gathering Lead Investing Action Plan",2020-01-10,JPM
Dividend Stocks To Watch: Embattled Wells Fargo Set To Kick Off Q4 Earnings Season,2020-01-10,JPM
"Trading, Mortgage Banking to Aid JPMorgan (JPM) Q4 Earnings",2020-01-10,JPM
DOW + (8 S&P 500 Top Weights) Earnings Estimates And Revisions,2020-01-12,JPM
9 Monster Stock Market Predictions For The Week Of January 13,2020-01-12,JPM
"On Your Marks for Q4 Earnings Season, Get Set...",2020-01-13,JPM
3 ETFs For A Big Week Of Bank Earnings,2020-01-13,JPM
"JPMorgan, Bank of America, Citigroup and Wells Fargo are part of Zacks Earnings Preview",2020-01-13,JPM
"The Zacks Analyst Blog Highlights: JPMorgan Chase, Johnson & Johnson, American Express Company, NIKE and Apple",2020-01-13,JPM
Can Improved Trading Performance Aid BofA's (BAC) Q4 Earnings?,2020-01-13,JPM
Major Banks to Report Q4 Earnings This Week,2020-01-13,JPM
Should You Bet on Bank ETFs Before Earnings Release?,2020-01-13,JPM
Dow Jones Futures: Time To Turn The Stock Market Rally Channel? Visa Buys Plaid; Beyond Meat Keeps Rising; JPMorgan Earnings Due,2020-01-13,JPM
The 40 Most Volatile Stocks on Earnings,2020-01-13,JPM
Get Ready For The First Big Day Of Earnings Season: Investing Action Plan,2020-01-13,JPM
Which Big Bank has the Best Earnings Chart?,2020-01-13,JPM
"Dow Jones Today, Futures Sag As Trade Deal Looms; JPMorgan, Delta Climb On Earnings; Tesla Extends Rally",2020-01-14,JPM
"Dow Jones Falls At Start Of Earnings Season, As Wells Fargo Dives 4%; Netflix, Tesla Key Movers",2020-01-14,JPM
JPM Smashes Expectations: Reports Most Profitable Year Ever Thanks To Massive 86% FICC Surge,2020-01-14,JPM
Can Improved Investment Banking Aid BofA (BAC) Q4 Earnings?,2020-01-14,JPM
"Most Active Equity Options For Midday - Tuesday, Jan. 14",2020-01-14,JPM
S&P 500 Muted As Banks Prime US Earnings Season Ahead Of Phase-One Signing,2020-01-14,JPM
"JPMorgan (JPM) Q4 Earnings Top on Consumer, Trading Business",2020-01-14,JPM
"Goldman Sachs (GS) on Hiring Spree, to Add 600 Jobs in China",2020-01-14,JPM
"Hot Options Report For End Of Day - Tuesday, Jan. 14",2020-01-14,JPM
"Dow Jones Jumps 100 Points, Led By JPMorgan; Time To Sell Tesla Stock?",2020-01-14,JPM
Focusing On This Week's Financial Earnings In Play,2020-01-14,JPM
"JPMorgan & Bank Earnings, Delta & Boeing & A New Strong Buy Stock - Free Lunch",2020-01-14,JPM
"Dow Jones Slashes 140-Point Gain, Indexes Mixed, After China News Hits Stock Market",2020-01-14,JPM
"JPMorgan, Citigroup Earnings Top While Wells Fargo Misses Badly",2020-01-14,JPM
"Dow Jones Futures: Stock Market Rally, Apple Pause As JPMorgan, RH, Vertex Rebound Bullishly; Beyond Meat Gets Protein Boost",2020-01-14,JPM
Dow Dips From New Highs As Earnings Season Kicks Off; Banks Report Strong Results,2020-01-14,JPM
Takeaways From Bank Earnings,2020-01-15,JPM
3 Large-Cap Dividend Stocks to Buy Now for Your 2020 Portfolio,2020-01-15,JPM
"PNC Financial (PNC) Q4 Earnings Top Estimates, Costs Flare Up",2020-01-15,JPM
4 Sector ETFs Sizzling With Solid Buybacks,2020-01-15,JPM
"Goldman Sachs (GS) Q4 Earnings Disappoint, Expenses Flare Up",2020-01-15,JPM
"Somerville Kurt F Buys Becton, Dickinson and Co, Chevron Corp, Helmerich & Payne Inc, Sells ...",2020-01-15,JPM
"BofA (BAC) Q4 Earnings Top on Trading, Underwriting & Loans",2020-01-15,JPM
"Hemenway Trust Co LLC Buys EOG Resources Inc, Bristol-Myers Squibb Company, UnitedHealth Group ...",2020-01-15,JPM
Banks Provide Mixed Start to Q4 Earnings Season,2020-01-15,JPM
Goldman Sachs: 4th-Quarter —…–9 Earnings Highlights,2020-01-15,JPM
Jpmorgan Chase (JPM) CEO Asset & Wealth Management Mary E. Erdoes Sold $4.– million of Shares,2020-01-15,JPM
"Butensky & Cohen Financial Security, Inc Buys DuPont de Nemours Inc, Invesco BulletShares ...",2020-01-15,JPM
"Stock Market News for Jan 15, 2020",2020-01-15,JPM
4 Financial Services Stocks Flying High on Solid Q4 Earnings,2020-01-16,JPM
"Zacks Earnings Trends Highlights: JPMorgan, Wells Fargo, Bank of America, Citigroup and Goldman Sachs",2020-01-16,JPM
"Morgan Stanley (MS) Q4 Earnings Top on Trading, Underwriting",2020-01-16,JPM
Will Dow ETFs Continue to Surge as Q4 Earnings Unfold?,2020-01-16,JPM
JPMorgan is the Best Bank for Growth and Income,2020-01-16,JPM
3 Cloud Computing Stocks to Buy Now for Your 2020 Portfolio,2020-01-16,JPM
"Trade Deal, Earnings Outlook & A Strong Buy Semiconductor Stock - Free Lunch",2020-01-16,JPM
"Bank Stock Roundup: Q4 Earnings Commences, BofA, JPMorgan & Citi Top Estimates",2020-01-17,JPM
How JPMorgan (JPM) Stock Stands Out in a Strong Industry,2020-01-17,JPM
"The Zacks Analyst Blog Highlights: BAC, JPM, C, PNC and BLK",2020-01-17,JPM
Week In Review: Stocks Soar To Fresh Record Highs,2020-01-17,JPM
Jpmorgan Chase (JPM) CEO Asset & Wealth Management Mary E. Erdoes Bought $5. ...,2020-01-17,JPM
Big Bank Earnings: Why $–8 Billion in Tax Savings May Not Be a Buy Signal,2020-01-17,JPM
Retail Sales Confirm What We Said Last Month - GDP Is Clocking In Over 3%,2020-01-18,JPM
Investors Ride Nice Earnings Wave As Markets Jump,2020-01-18,JPM
Top Insider Buys Highlight for the Week of Jan. –7,2020-01-19,JPM
Economic Slowdown Will Boost Gold Stocks,2020-01-19,JPM
"Top Stock Picks for the Week of Jan 20, 2020",2020-01-20,JPM
Weekly CEO Buys Highlight,2020-01-20,JPM
"Top Stock Reports for Alphabet, JPMorgan & Comcast",2020-01-20,JPM
"Are Earnings Reports Just OK, or Better than Expected?",2020-01-20,JPM
"Legacy Advisors, LLC Buys Uber Technologies Inc, iShares S&P Mid-Cap 4…… Growth ETF, ...",2020-01-21,JPM
U.S. Corporate Bonds (Jan 20-24): Visa Could Charge Ahead With Debt Sale After Earnings,2020-01-21,JPM
"The Zacks Analyst Blog Highlights: Alphabet, JPMorgan Chase, Comcast, IBM and QUALCOMM",2020-01-21,JPM
"Comerica (CMA) Q4 Earnings Beat Estimates, Revenues Down Y/Y",2020-01-21,JPM
BofA (BAC) to Double Domestic Consumer Banking Market Share,2020-01-21,JPM
"PhiloSmith Capital Corp Buys ProAssurance Corp, JPMorgan Chase, The RMR Group Inc, Sells ...",2020-01-21,JPM
"Candriam Luxembourg S.C.A. Buys Alphabet Inc, Intel Corp, Qualcomm Inc, Sells Celgene Corp, ...",2020-01-21,JPM
"Prentiss Smith & Co Inc Buys General Mills Inc, Bristol-Myers Squibb Company, JPMorgan ...",2020-01-21,JPM
"Northwest Quadrant Wealth Management, LLC Buys Vanguard Short-Term Government Bond ETF, ...",2020-01-21,JPM
"Ogorek Anthony Joseph Buys Schwab US Aggregate Bond ETF, Schwab International Equity ETF, ...",2020-01-21,JPM
"Bristlecone Advisors, LLC Buys iShares Core S&P 5…… ETF, iShares Core S&P Mid-Cap ...",2020-01-21,JPM
Bernard Horn Comments on JPMorgan Chase,2020-01-22,JPM
Big Bank's Q4 Earnings Synopsis: Near-Term View Constructive,2020-01-22,JPM
"Balasa Dinverno & Foltz Llc Buys Target Corp, JPMorgan Chase, VICI Properties Inc, Sells ...",2020-01-22,JPM
"Comerica (CMA) Q4 Earnings Beat Estimates, Revenues Down Y/Y (Revised)",2020-01-22,JPM
Bernard Horn's Polaris Global Value Fund 4th-Quarter Letter,2020-01-22,JPM
"Pathway Financial Advisors LLC Buys Exxon Mobil Corp, Truist Financial Corp, International ...",2020-01-22,JPM
"Banking Earnings Mixed, ETFs Gain Moderately",2020-01-23,JPM
"Colorado Capital Management, Inc. Buys JPMorgan Chase, iShares S&P Mid-Cap 4…… Growth ...",2020-01-23,JPM
Q4 Results Show Improving Earnings Picture,2020-01-23,JPM
"SPC Financial, Inc. Buys iShares U.S. Utilities ETF, iShares Core MSCI Emerging Markets ETF, ...",2020-01-23,JPM
"Atalanta Sosnoff Capital, Llc Buys Valero Energy Corp, JPMorgan Chase, Fiserv Inc, Sells ...",2020-01-23,JPM
5 Stocks That Look Impressive After Broker Rating Upgrades,2020-01-23,JPM
The Impulses of Lunar Fed Policy Under Repo Madness,2020-01-24,JPM
"Zacks Earnings Trends Highlights: JPMorgan, Wells Fargo, Bank of America, Citigroup and Goldman",2020-01-24,JPM
"Dow Jones Swoons As Much As 300 Points On Rising Coronavirus Fears; Intel, AmEx Bright Spots",2020-01-24,JPM
US Indexes Lower Friday and for the Jan. —4 Week,2020-01-24,JPM
"Trust Co Of Oklahoma Buys Berkshire Hathaway Inc, Vanguard Energy ETF, Vanguard S&P 5…… ...",2020-01-24,JPM
"Barclays Bankers Bemoan ""Double-Digit"" Bonus Cuts As Profits Rebound",2020-01-25,JPM
"A Backtest On U.S. Bank Stocks, Trading Preparation And Chart Analysis",2020-01-25,JPM
More Thoughts On A Stock Market Pullback,2020-01-26,JPM
"Martin Investment Management, LLC Buys NXP Semiconductors NV, Sony Corp, JPMorgan Chase, Sells ...",2020-01-27,JPM
Jpmorgan Chase (JPM) CEO Commercial Banking Douglas B Petno Sold $8.— million of Shares,2020-01-27,JPM
"Trust Asset Management LLC Buys Berkshire Hathaway Inc, JPMorgan Chase, Sells Buckeye Partners ...",2020-01-28,JPM
JPMorgan downgrades Beyond Meat to Neutral after 65% January rally,2020-01-28,JPM
Davis New York Venture Fund Update From Portfolio Managers Christopher Davis and Danton Goei,2020-01-28,JPM
"EFG Asset Management (Americas) Corp. Buys JPMorgan Chase, Norfolk Southern Corp, Bank of ...",2020-01-28,JPM
Chris Davis' Davis Financial Fund Update From the Portfolio Manager,2020-01-29,JPM
JPMorgan (JPM) Mulls to Cut 1% Jobs in Consumer Division,2020-01-29,JPM
"Retirement Planning Group Buys Vanguard S&P 5…… ETF, JPMorgan Chase, NextEra Energy ...",2020-01-29,JPM
"Klingman & Associates, LLC Buys JPMorgan Ultra-Short Income ETF, Vanguard FTSE Developed ...",2020-01-29,JPM
"Wealthcare Capital Management Llc Buys iShares –…-—… Year Treasury Bond ETF, Amazon. ...",2020-01-29,JPM
US Indexes Close Higher Tuesday,2020-01-29,JPM
US Indexes End Higher Thursday,2020-01-30,JPM
Look Who Was Buying February Gold Contracts At $1583,2020-01-30,JPM
"Litman Gregory Asset Management LLC Buys Intel Corp, Schwab Fundamental U.S. ...",2020-01-30,JPM
"Parkside Financial Bank & Trust Buys Apple Inc, iShares TIPS Bond ETF, SPDR S&P China ...",2020-01-30,JPM
"Granite Springs Asset Management LLC Buys Exxon Mobil Corp, Bristol-Myers Squibb Company, ...",2020-01-31,JPM
"Tarbox Group, Inc. Buys Churchill Downs Inc, AT&T Inc, JPMorgan Chase, Sells JPMorgan ...",2020-01-31,JPM
"Strategic Financial Group, LLC Buys SPDR Barclays Short Term Corporate Bond ETF, JPMorgan ...",2020-02-03,JPM
Should You Invest in Outfront Media's Growth Story?,2020-02-03,JPM
"Peachtree Investment Partners, LLC Buys Apple Inc, Microsoft Corp, Global Payments Inc, Sells ...",2020-02-04,JPM
"New England Investment & Retirement Group, Inc. Buys iShares U.S. ...",2020-02-04,JPM
Foster Dykema Cabot & Co Inc Buys iShares Core U.S. ...,2020-02-04,JPM
Cloud Stocks: SAP Bets Big on Experience Management,2020-02-04,JPM
"Carderock Capital Management Inc Buys Edwards Lifesciences Corp, JPMorgan Chase, Valero Energy ...",2020-02-04,JPM
"Seatown Holdings Pte. Ltd. Buys Bank of America Corp, UnitedHealth Group Inc, JPMorgan Chase, ...",2020-02-04,JPM
Pharmacies & Drug Stores Industry Outlook: Prospects Mixed,2020-02-04,JPM
"Marble Harbor Investment Counsel, LLC Buys PayPal Holdings Inc, Exxon Mobil Corp, EOG Resources ...",2020-02-05,JPM
Is Fidelity High Dividend ETF (FDVV) a Strong ETF Right Now?,2020-02-05,JPM
"Candriam Luxembourg S.C.A. Buys Alphabet Inc, Intel Corp, Qualcomm Inc, Sells Vertex ...",2020-02-05,JPM
"Stratford Consulting, LLC Buys Apple Inc, PIMCO Enhanced Short Maturity Active Exchange-Trad, ...",2020-02-06,JPM
"Boston Partners Buys Truist Financial Corp, JPMorgan Chase, Citigroup Inc, Sells Allstate Corp, ...",2020-02-06,JPM
JPMorgan Likely to Face Lawsuit for Precious Metal Spoofing,2020-02-06,JPM
Robeco Institutional Asset Management B.V. ...,2020-02-06,JPM
"Beach Investment Management, LLC. Buys Facebook Inc, Apple Inc, Energy Transfer LP, Sells ...",2020-02-06,JPM
"Benjamin Edwards Inc Buys ishares Gold Trust, JPMorgan Chase, JPMorgan Alerian MLP Index ETN, ...",2020-02-06,JPM
"Community Financial Services Group, LLC Buys Medtronic PLC, Synchrony Financial, Sabre Corp, ...",2020-02-06,JPM
JPMorgan (JPM) Intends to Resume Offering FHA-Backed Loans,2020-02-07,JPM
"Golub Group Llc Buys Lowe's Inc, BlackRock Inc, Ulta Beauty Inc, Sells Laboratory Corp of ...",2020-02-07,JPM
Deutsche Bank to Raise Bonus Pool for Asset Management Unit,2020-02-07,JPM
"1 Year Rate of Return on Berkshire's Top 10 Stocks (February 7, 2020)",2020-02-09,JPM
"Wisconsin Capital Management Llc Buys Woodward Inc, Honeywell International Inc, Alphabet Inc, ...",2020-02-10,JPM
"Wambolt & Associates, LLC Buys Medtronic PLC, Vanguard S&P 5…… Value ETF, Merck ...",2020-02-10,JPM
Diamond Hill Capital Trades Devon for Chevron,2020-02-10,JPM
"Mark Sheptoff Financial Planning, Llc Buys General Electric Co, United Technologies Corp, ...",2020-02-10,JPM
"Essex Investment Management Co Llc Buys Apple Inc, Biogen Inc, Vivint Solar Inc, Sells The Home ...",2020-02-10,JPM
"MarketAxess: Delivering Efficiency, Liquidity and Transparency to the Bond Market",2020-02-10,JPM
BofA (BAC) CEO Moynihan's 2019 Compensation Remains Stable,2020-02-10,JPM
"Barometer Capital Management Inc. Buys Manulife Financial Corp, Bank of America Corp, JPMorgan ...",2020-02-10,JPM
Should iShares Russell Top 200 Value ETF (IWX) Be on Your Investing Radar?,2020-02-10,JPM
"The Zacks Analyst Blog Highlights: Microsoft, JP Morgan Chase and Pfizer",2020-02-11,JPM
"Mandatum Life Insurance Co Ltd Buys Discovery Inc, Masimo Corp, Bristol-Myers Squibb Company, ...",2020-02-11,JPM
"Jupiter Asset Management Ltd Buys H&R Block Inc, Citigroup Inc, Barrick Gold Corp, Sells ...",2020-02-11,JPM
"Marvin & Palmer Associates Inc Buys Apple Inc, JPMorgan Chase, Edwards Lifesciences Corp, ...",2020-02-11,JPM
"Summit Financial Strategies, Inc. Buys Packaging Corp of America, Apple Inc, Intel Corp, Sells ...",2020-02-11,JPM
"KBC Group NV Buys Adobe Inc, Bank of America Corp, JPMorgan Chase, Sells Cisco Systems Inc, ...",2020-02-11,JPM
"Summit Financial, LLC Buys iShares Core Growth Allocation ETF, JPMorgan Chase, iShares Russell ...",2020-02-11,JPM
"Telemark Asset Management, LLC Buys JPMorgan Chase, Hess Corp, Alphabet Inc, Sells Blackstone ...",2020-02-12,JPM
"Richard Pzena Trims Walmart, Merck Positions",2020-02-12,JPM
"Bridgecreek Investment Management, LLC Buys BlackRock Corporate High Yield Fund Inc, Alibaba ...",2020-02-12,JPM
"Nicholas Hoffman & Company, LLC. Buys Truist Financial Corp, Accenture PLC, CenterState ...",2020-02-12,JPM
"Pearl River Capital, LLC Buys Honeywell International Inc, S&P Global Inc, United ...",2020-02-13,JPM
"Qtron Investments LLC Buys NetEase Inc, JD. ...",2020-02-13,JPM
"Bridgewater Associates Buys JPMorgan Chase, Bank of America Corp, Wells Fargo, Sells Vanguard ...",2020-02-13,JPM
"Hilton Capital Management, LLC Buys Schwab Short-Term U.S. ...",2020-02-14,JPM
"Frontier Investment Mgmt Co Buys ALPS Sector Dividend Dogs, Amazon. ...",2020-02-14,JPM
"Bank Stock Roundup: Covid-19 Virus, Restructuring Efforts, JPM, WFC in Focus",2020-02-14,JPM
"Toronto Dominion Bank Buys Royal Bank of Canada, Bank of Nova Scotia, Canadian Imperial Bank of ...",2020-02-14,JPM
Ray Dalio's Bridgewater Buys Buffett's Banks in 4th Quarter,2020-02-14,JPM
"Bowen Hanes & Co Inc Buys Roche Holding AG, ITT Inc, Medtronic PLC, Sells Nestle SA, ...",2020-02-14,JPM
JPMorgan Targets Full Ownership in China Businesses by 2021,2020-02-17,JPM
"Consulta Ltd Buys UnitedHealth Group Inc, Alphabet Inc, Delta Air Lines Inc, Sells The Howard ...",2020-02-17,JPM
"Silicon Valley Capital Partners Buys Vanguard Information Tech, Amazon. ...",2020-02-17,JPM
"Tiger Eye Capital LLC Buys TransDigm Group Inc, Churchill Downs Inc, Clarivate Analytics PLC, ...",2020-02-17,JPM
"Edgewood Management Llc Buys Intuit Inc, SPDR S&P 5……, Prologis Inc, Sells Celgene ...",2020-02-17,JPM
"Archon Partners LLC Buys Fortive Corp, United Technologies Corp, MongoDB Inc, Sells Zscaler Inc",2020-02-17,JPM
"Quantamental Technologies LLC Buys Honeywell International Inc, S&P Global Inc, United ...",2020-02-17,JPM
"GSB Wealth Management, LLC Buys Apple Inc, TC Energy Corp, ViacomCBS Inc",2020-02-17,JPM
"Capital Markets Trading UK LLP Buys Petroleo Brasileiro SA Petrobras, Gilead Sciences Inc, ...",2020-02-17,JPM
"Woodley Farra Manion Portfolio Management Inc Buys Comcast Corp, JPMorgan Chase, iShares Core ...",2020-02-17,JPM
"Avenir Corp Buys OptimizeRx Corp, Vanguard S&P 5……, New Residential Investment Corp, ...",2020-02-17,JPM
Citigroup (C) CEO Corbat's 2019 Compensation Kept Stable,2020-02-18,JPM
"Riverpoint Wealth Management Holdings, LLC Buys SPDR Series Trust Portfolio S&P 5…… ...",2020-02-18,JPM
"Capital International Ltd Buys Facebook Inc, Microsoft Corp, Amazon. ...",2020-02-18,JPM
Stock Market Extends Gains On Coronavirus Optimism; Analyst Upgrade Sends Tesla Shares Soaring,2020-02-19,JPM
"PL Capital Advisors, LLC Buys Evans Bancorp Inc, Sterling Bancorp, Comerica Inc, Sells ...",2020-02-19,JPM
US Indexes Close Higher Wednesday With China's Support Comments,2020-02-19,JPM
Franklin (BEN) to Acquire Legg Mason (LM) for $4.5 Billion,2020-02-19,JPM
"Dow Jones Rallies 150 Points, Nasdaq Hits New High As Coronavirus Cases Slow",2020-02-19,JPM
T. Rowe Price Equity Income Fund Comments on JPMorgan Chase,2020-02-20,JPM
"Contract Cleaning Services Market —…—… Share, Size Growing Rapidly with Recent Trends, ...",2020-02-20,JPM
"Dow Jones Today, Futures Dip As Coronavirus Impact Mounts; ETrade Spikes On Merger News, Domino's Scores Q4 Beat",2020-02-20,JPM
T. Rowe Price Equity Income Fund's —…–9 Annual Shareholder Letter,2020-02-20,JPM
"Dow Jones Today, Futures Slip: Coronavirus Death Rate Rises; Vertex, Tesla Soar; Deere Scores Q4 Beat",2020-02-21,JPM
Stanley Druckenmiller's Top 6 Buys in the 4th Quarter,2020-02-21,JPM
"United Airlines, Chase and Visa Announce Multi-Year Extension of United MileagePlus Credit Card ...",2020-02-21,JPM
5 Most Popular Financial Stocks Among Hedge Funds,2020-02-22,JPM
"Behold The ""Green"" Scam: Here Are The Most Popular ESG Fund Holdings",2020-02-23,JPM
Salesforce & Square Q4 Earnings Previews: Buy the Tech Stocks for Secular Growth?,2020-02-24,JPM
"Warren Buffett and the Problem of Executive Compensation, Pt. –",2020-02-24,JPM
"The Zacks Analyst Blog Highlights: Visa, JPMorgan Chase, Bank of America, AstraZeneca and Duke Energy",2020-02-24,JPM
"Hall Kathryn A. Buys Levi Strauss, Vanguard Total Stock Market, Sells iShares Russell ...",2020-02-24,JPM
"Nomura Asset Management Co Ltd Buys Microsoft Corp, Alibaba Group Holding, Apple Inc",2020-02-24,JPM
JPMorgan (JPM) Mulls Launch of Online Consumer Bank in the UK,2020-02-24,JPM
"Capital Asset Advisory Services LLC Buys ishares Gold Trust, iShares Core S&P Mid-Cap, ...",2020-02-24,JPM
JPMorgan to Gain from Expected Recovery in Mortgage Business,2020-02-25,JPM
Warren Buffett Continues to Curb Long-Held Wells Fargo Stake,2020-02-25,JPM
' Stocks Warren Buffett and Leon Cooperman Agree On,2020-02-26,JPM
Evaluation Results From The Health Care Module Of My Macro - Globanomic Model,2020-02-26,JPM
Square (SQ) Looks Strong Going Into Q4 Earnings,2020-02-26,JPM
"Pearl River Capital, LLC Buys Honeywell International Inc, S&P Global Inc, Realty Income ...",2020-02-26,JPM
Is Fidelity High Dividend ETF (FDVV) a Strong ETF Right Now?,2020-02-27,JPM
Value Investors: Where to Look for Stocks on Sale,2020-02-27,JPM
US Indexes Fall Further Friday Into Correction Territory,2020-02-28,JPM
Stocks Speed Into Correction with a More Than 4% Plunge,2020-02-28,JPM
"Zacks Value Trader Highlights: JP Morgan Chase, Bank of America, Royal Caribbean, Lululemon and Micron",2020-02-28,JPM
"Dow Jones Suffers 3,583-Point Drop In Worst Week Since '08 Crisis On Coronavirus Fears",2020-02-28,JPM
"Dow Jones Grilled With 4,310-Point Weekly Loss; Time To Sell These 5 Blue Chip Stocks?",2020-02-28,JPM
Lee Munson And Ron Insana Talk Corona Meltdown On CNBC's PowerLunch,2020-03-01,JPM
"Wells Fargo Stops Financing Oil Investments In Arctic, Joins JPMorgan And Goldman Sachs",2020-03-02,JPM
Horrible Week Finally Comes to an End,2020-03-02,JPM
U.S. Stocks Slammed After Coronavirus Rate Cut; 2 Gold Stocks Make Bullish Moves,2020-03-03,JPM
Warren Buffett's Market Indicator Falls From All-Time High,2020-03-03,JPM
Interest Rate Cut Signals a Red Flag for US Bank Stocks,2020-03-03,JPM
Should iShares Russell Top 200 Value ETF (IWX) Be on Your Investing Radar?,2020-03-03,JPM
Dow Sells Off After Surprise Fed Coronavirus Rate Cut; Trump Tweets Demand For More,2020-03-03,JPM
What Coronavirus Induced 'Emergency' Rate Cut Means for Banks,2020-03-04,JPM
Wells Fargo to Launch Two Accounts to Limit Overdraft Fees,2020-03-04,JPM
J.P. Morgan Releases —…—… Guide to Alternatives,2020-03-04,JPM
Banks Poised to Gain From Historically Low Mortgage Rates,2020-03-05,JPM
Fed Approves 'Stress Capital Buffer' Rule: Banks to Benefit,2020-03-05,JPM
"Dow Jones Plunges 800 Points In Coronavirus Stock Market Correction; Alibaba, PayPal Key Stocks To Watch",2020-03-05,JPM
"Thinking about trading options or stock in Alibaba, Walt Disney, JPMorgan, McKesson Corp, or Roku?",2020-03-05,JPM
"Market Talk – Thursday, March 5",2020-03-05,JPM
US Indexes Close With Losses Thursday,2020-03-06,JPM
"Dow Jones Today, Futures Dive Ahead of Payrolls Data; Bank Stocks Slide On Yield Collapse: AMD, Okta Rise",2020-03-06,JPM
"Stock Market News for Mar 6, 2020",2020-03-06,JPM
"9-Year Bull Markets Could End At These Price Points, Says Joe Friday",2020-03-06,JPM
"Dow Jones Rebounds After 895-Point Plunge, As Coronavirus Stock Market Correction Intensifies",2020-03-06,JPM
U.S. Stocks Unfazed By Bullish Job Growth; JPMorgan Tanks In Dow Jones As Bond Yields Plunge Again,2020-03-06,JPM
Wells Fargo Found Non-Compliant With Settlements by Committee,2020-03-06,JPM
"Dow Jones Dives As Stocks Sell Off Despite Jobs Data; Coronavirus Cases Top 100,000",2020-03-06,JPM
"Bank Stock Roundup: Coronavirus, 'Emergency' Fed Rate Cut & Wells Fargo Dominate",2020-03-06,JPM
"US Indexes Close Lower Friday, but Higher for the Week",2020-03-06,JPM
Why Gurus Are Selling Out of These Industries,2020-03-06,JPM
Mailbox Money Math Of Dividends,2020-03-07,JPM
Opening Day: Passage Goes Public Amid Coronavirus-Related Stock Market Meltdown,2020-03-08,JPM
5 High-Yield Financial Stocks to Buy Thanks to the Coronavirus,2020-03-08,JPM
"Dow Jones Plunges 3,272 Points In 3 Days; These Growth Stocks Show Relative Strength",2020-03-09,JPM
"Dow Jones Crashes 2,000 Points, As Oil Prices Plunge On Price War; Coronavirus Stock Market Correction Worsens",2020-03-09,JPM
Coronavirus Induced Volatility to Aid Banks' Trading Business,2020-03-09,JPM
Dow Dives To New Session Lows As Coronavirus Slams Stock Market; Oil Prices Plunge,2020-03-09,JPM
"US Indexes Fall Monday, Stock Trading Halted",2020-03-09,JPM
"Dow Jones Plunges More Than 2,000 Points In One Day; Crude Oil Prices Plunge",2020-03-09,JPM
"Why Was a ""Circuit Breaker"" Triggered on Monday?",2020-03-09,JPM
HSBC to Shut Branches Amid Growing Need for Digitalization,2020-03-09,JPM
Dow Jones Up 600 Points In Whipsaw Trading; Coronavirus Aid Package In The Works?,2020-03-10,JPM
J.P. Morgan Releases —…—… Guide to Retirement,2020-03-10,JPM
Stocks Plunge Over 7% as Oil Concerns Join Coronavirus Fears,2020-03-10,JPM
Fifth Third (FITB) Faces Lawsuit Over Fake Account Opening,2020-03-10,JPM
JPMorgan (JPM) to Cut 140 Switzerland Jobs to Reduce Costs,2020-03-10,JPM
US Indexes Rebound Tuesday,2020-03-11,JPM
J.P. Morgan Asset Management Hires New U.S. Head of Global Tactical Asset Allocation,2020-03-12,JPM
"Thinking about trading options or stock in Cigna, Clorox, JPMorgan, NVIDIA, or Target?",2020-03-12,JPM
U.S. Bancorp (USB) SEC Filing Reveals Hike in CEO's 2019 Pay,2020-03-12,JPM
"Boeing Shares See Worst Single-Day Drop Since 1974 As Company Empties $13.8B Credit Line, Seeks To Preserve Cash",2020-03-12,JPM
"Zacks Market Edge Highlights: Starbucks, Chipotle, Lululemon, Disney and JPMorgan",2020-03-12,JPM
Previewing the 2020 Q1 Earnings Season,2020-03-13,JPM
US Indexes Rebound Friday,2020-03-13,JPM
JPMorgan Chase on Use of Discount Window,2020-03-16,JPM
JPMorgan Chase on Supporting Customers and Clients,2020-03-16,JPM
JPMorgan Chase Declares Preferred Stock Dividends,2020-03-16,JPM
"Dow Jones Today, Futures Peg Limit Down; Casinos Dive As Las Vegas Prepares To Turn Out The Lights",2020-03-16,JPM
Big US Banks Suspend Stock Buybacks Amid Coronavirus Pandemic,2020-03-16,JPM
Big Bank Stocks Dive As Share Buybacks Suspended Over Coronavirus,2020-03-16,JPM
How Much Further Can The Markets Fall?,2020-03-16,JPM
"Top Analyst Reports for JPMorgan, Mastercard & Qualcomm",2020-03-16,JPM
How To Navigate These Turbulent Markets,2020-03-16,JPM
"Dow Jones Plunges Further As Fed Rate Cut Fails To Boost Confidence, Coronavirus Cases Rise",2020-03-16,JPM
Citigroup Plans to Boost Asia Business Amid Coronavirus Fears,2020-03-16,JPM
Fed Cut Rates to 0% on Coronavirus Woes: Banks Worth Buying?,2020-03-16,JPM
"The Zacks Analyst Blog Highlights: JPMorgan Chase, Mastercard, Qualcomm, Petrobras and Walgreens Boots Alliance",2020-03-17,JPM
Panic Selling Exacerbates Bargains,2020-03-17,JPM
"Thinking about trading options or stock in Activision Blizzard, Alteryx, Dollar General, ...",2020-03-17,JPM
"Coronavirus Volatility, Economic Outlook & A Strong Buy Chip Stock - Free Lunch",2020-03-17,JPM
ETFs to Mark as Fed's Rate Cut Fails to Cheer Wall Street,2020-03-17,JPM
Is the Options Market Predicting a Spike in JPMorgan (JPM) Stock?,2020-03-18,JPM
These Long Term Payers Announce Dividends,2020-03-18,JPM
Should You Hold on to Citigroup Despite Coronavirus Scare?,2020-03-18,JPM
Wall Street Has $1.4 Trln Chance To Amend For 2008,2020-03-18,JPM
Abject Carnage Hits Markets,2020-03-18,JPM
"Hot Options Report For End Of Day - Wednesday, March 18",2020-03-18,JPM
Solid Balance Sheet Supports BankUnited (BKU) Amid Low Rates,2020-03-18,JPM
US Indexes Fall Wednesday,2020-03-18,JPM
The Market Breaks And I'm A Buyer,2020-03-18,JPM
The Spanish Flu – Coo Coo Ca Choo – Stock Market (And Sentiment Results)…,2020-03-19,JPM
My Top 10 Stock Watch List,2020-03-19,JPM
How Bleak Are Things for Buyback ETFs Amid Coronavirus Crisis,2020-03-19,JPM
"Most Active Equity Options For Midday - Thursday, March 19",2020-03-19,JPM
JPMorgan to Shut Branches on Virus Concern: Others to Follow?,2020-03-19,JPM
"Dow Jones Tumbles 700 Points, As Stock Market Crash Worsens; U.S. Coronavirus Cases Near 10,000",2020-03-19,JPM
The Market's Worst Days are Behind Us,2020-03-20,JPM
Here's Why You Should Hold on to JPMorgan Despite Rate Cut,2020-03-20,JPM
Weitz Funds Market Perspective- Value vs. Growth: Looking Beyond the 'Spots',2020-03-20,JPM
Do The Right Thing On The Airline Bailouts,2020-03-21,JPM
Confirmed: Fed Bailed Out Hedge Funds Facing Basis Trade Disaster,2020-03-21,JPM
7 Monster Stock Market Predictions For The Week Of March 23,2020-03-22,JPM
Weekly Commentary: Please Don't Completely Destroy...,2020-03-22,JPM
"American States Water Company, Tupperware Brands, JPMorgan, Bank of America and Wells Fargo highlighted as Zacks Bull and Bear of the Day",2020-03-23,JPM
"Nike, Micron, JPMorgan, Wells Fargo and Costco are part of Zacks Earnings Preview",2020-03-23,JPM
Looking Ahead To Better Days,2020-03-23,JPM
Capital One Financial CEO Fairbank's 2019 Pay Up by 12.9%,2020-03-23,JPM
Goldman (GS) CEO Solomon Receives 19.6% Pay Hike in 2019,2020-03-23,JPM
Fed's Latest Measures Amid Coronavirus Scare to Aid Banks?,2020-03-24,JPM
Coronavirus Induced Uncertainty to Hurt Banks' Advisory Fees,2020-03-24,JPM
Intel (INTC) Halts Share Buyback on Coronavirus Concerns,2020-03-25,JPM
JPMorgan or Citigroup: Which is Placed Better Amid Current Crisis?,2020-03-26,JPM
5 Superstar Stocks on Sale During the Coronavirus Crisis,2020-03-26,JPM
Will Big Banks Slash Dividends Amid Coronavirus Pandemic?,2020-03-26,JPM
"Clorox, Darden Restaurants, Intel, Boeing and JPMorgan Chase highlighted as Zacks Bull and Bear of the Day",2020-03-26,JPM
"Are Bank Stocks & ETFs ""Very Cheap"" or More Pain Looms on?",2020-03-26,JPM
"Zacks Value Trader Highlights: eBay, Pfizer, JPMorgan Chase, Intuitive Surgical and Edwards Lifesciences",2020-03-27,JPM
Major Banks Pause Job Cuts Amid Coronavirus-Related Mayhem,2020-03-27,JPM
"Dow Jones Plunges As House Debates Stimulus Bill, U.S. Tops China In Coronavirus Cases",2020-03-27,JPM
Has the Market Bottomed Already?,2020-03-27,JPM
5 High-Yielding Stocks Trading With Low Price-Earnings Ratios,2020-03-27,JPM
"Chelsea Counsel Co Buys Franco-Nevada Corp, Visa Inc, Baidu Inc, Sells Rockwell Automation Inc, ...",2020-03-27,JPM
The Market Pain Is Far From Over,2020-03-27,JPM
"65 Firms Going Ex-Dividend Next Week, Including State Street, Cardinal Health And Ventas",2020-03-28,JPM
US Indexes Report Gains for the Week of March —7,2020-03-29,JPM
"Morgan Stanley, Goldman Get Nod for Majority Stakes in China JV",2020-03-30,JPM
Should iShares Morningstar Large-Cap Value ETF (JKF) Be on Your Investing Radar?,2020-03-31,JPM
US Indexes Post Losses of Over –…% for March,2020-03-31,JPM
China Opens Asset Management Markets: Global Firms to Benefit,2020-03-31,JPM
US Indexes Close Lower Wednesday With New Virus Warnings,2020-04-01,JPM
Cost-Control Efforts to Aid BNY Mellon (BK) Amid Low Rates,2020-04-03,JPM
"Jobs Report: -701K in March, Unemployment 4.4%",2020-04-03,JPM
Atlassian Stock Emerges As Big Winner In Software Sector,2020-04-03,JPM
Corporate Earnings & the Coronavirus Pandemic,2020-04-03,JPM
JPMorgan Chase Reports First-Quarter —…—… Financial Results,2020-04-06,JPM
TalkMarkets Topics – Major Stock Exchanges Of The World,2020-04-06,JPM
JPMorgan (JPM) to Own 100% Stake in Securities JV in China,2020-04-06,JPM
"JPMorgan, Wells Fargo, FedEx, Nike and Costco are part of Zacks Earnings Preview",2020-04-06,JPM
"Company News for Apr 7, 2020",2020-04-07,JPM
"Modus Advisors, LLC Buys PowerShares QQQ Trust Ser –, JPMorgan Ultra-Short Income, Microsoft ...",2020-04-08,JPM
Wells Fargo Could Catch a Break as Asset Cap Is Lifted,2020-04-08,JPM
"Thinking about trading options or stock in Boeing, China Biologic Products, FedEx, Intel, or ...",2020-04-08,JPM
West Virginia Bank Becomes 2nd to Fail in 2020 (revised),2020-04-08,JPM
"Exxonmobil Cuts Its 2020 Spending By 30%, With Oil Price Volatile Ahead Of Opec Meeting",2020-04-08,JPM
"Hotaling Investment Management, LLC Buys Trane Technologies PLC, UnitedHealth Group Inc, Adobe ...",2020-04-08,JPM
US Indexes Close Higher Thursday and for the Week,2020-04-09,JPM
What to Expect from Big Bank Earnings Amid the Coronavirus?,2020-04-09,JPM
"Dow Jones Runs 2,956 Points Higher In Four-Day Spurt; This Tech Stock Breaks Out",2020-04-09,JPM
Trading to Aid JPMorgan (JPM) Q1 Earnings Amid Coronavirus Woes,2020-04-09,JPM
"Top Stock Reports for Facebook, JPMorgan & UnitedHealth",2020-04-09,JPM
First Earnings Season For Brutal Year To Start: Investing Action Plan,2020-04-09,JPM
"Chapman Investment Management, LLC Buys Fidelity National Information Services Inc, Verizon ...",2020-04-10,JPM
"Shulman DeMeo Asset Management LLC Buys Apollo Investment Corp, Sterling Bancorp, Amazon. ...",2020-04-10,JPM
More Fed Stimulus. How Bad Are Things?,2020-04-10,JPM
"Most Active Equity Options For Midday - Friday, April 10",2020-04-10,JPM
"WealthTrust Axiom LLC Buys CVS Health Corp, ViacomCBS Inc, Phillips 66, Sells Points ...",2020-04-10,JPM
Week Ahead: Oil And Stocks,2020-04-10,JPM
15 Reasons Why The Recent Stock Market Rally Is About To Fall Out,2020-04-11,JPM
"With JPMorgan Back in the Mix, the Hammer is Now About to Fall",2020-04-12,JPM
'Fast Money' Traders Reveal What They're Going To Watch This Week,2020-04-12,JPM
Weak Investment Banking to Hurt JPMorgan's (JPM) Q1 Earnings,2020-04-13,JPM
4 Winning Bank Stocks for Coronavirus-Marred Q1 Earnings,2020-04-13,JPM
"Stock Market News for Apr 13, 2020",2020-04-13,JPM
"Smithbridge Asset Management Inc Buys JPMorgan Chase, Qualcomm Inc, Amazon. ...",2020-04-13,JPM
Q1 Earnings in Focus,2020-04-13,JPM
"JPMorgan, Bank of America, Citigroup, Johnson & Johnson and Kansas City Southern are part of Zacks Earnings Preview",2020-04-13,JPM
Big Week of Q1 Earnings Coming Up,2020-04-13,JPM
Higher Trading Activities to Aid JPMorgan (JPM) Q1 Earnings,2020-04-13,JPM
Play These Dividend Growth ETFs Amid Coronavirus Crisis,2020-04-13,JPM
"Dow Jones Leads Market Lower, But This Top Coronavirus Stock Breaks Out",2020-04-13,JPM
U.S. Corporate Bonds (April 13-17): Market Braces For FIG Earnings,2020-04-13,JPM
"Reilly Financial Advisors, Llc Buys Nike Inc, Target Corp, Akamai Technologies Inc, Sells ...",2020-04-13,JPM
Will Earnings Season Matter?,2020-04-13,JPM
"Mountain Capital Investment Advisors, Inc Buys iShares Short Maturity Bond, iShares ...",2020-04-13,JPM
Earnings Season Gets Going With These Reports: Investing Action Plan,2020-04-13,JPM
"Why A 620-Point Dow Drop Is Reasonable After Big Weekly Gains; Are AMD, Peloton A Buy?",2020-04-13,JPM
3 Highly-Ranked Stocks to Buy for the Coronavirus Economy & the Eventual Recovery,2020-04-13,JPM
Investors Feeling Good About China Trade Data,2020-04-13,JPM
NASDAQ has Three-Day Winning Streak,2020-04-14,JPM
"Dimon Warns Of ""Severe Recession"" As JPM Profit Plunge To 7 Year Low On Billions In Covid-Linked Credit Losses",2020-04-14,JPM
JPMorgan's (JPM) Q1 Earnings & Revenues Miss Estimates,2020-04-14,JPM
Financial Stocks Kick Off Earnings Season,2020-04-14,JPM
JPMorgan Chase Reports First-Quarter —…—… Financial Results,2020-04-14,JPM
"Dow Jones Today, Futures Jump; Nasdaq's Bullish Signal; Tesla, Vertex Rally: J&J, JPMorgan Rise On Earnings",2020-04-14,JPM
Why The Enthusiasm Today?,2020-04-14,JPM
"Uncertain Response To Opec-Russia Deal, Trump Sets Up Showdown With State Governors",2020-04-14,JPM
JPMorgan (JPM) Q1 Earnings Lag on Coronavirus Credit Costs,2020-04-14,JPM
Wednesday Is Big FX Data Day,2020-04-14,JPM
"JPMorgan, Wells Fargo Miss; J&J Beats in Q1",2020-04-14,JPM
S&P 500 Finishes Higher As Bank Earnings Underwhelm Start To Earnings Season,2020-04-14,JPM
Will NSCC Have Enough Liquidity To Ensure Post-Trade Stability?,2020-04-14,JPM
"Butensky & Cohen Financial Security, Inc Buys Amazon. ...",2020-04-14,JPM
"Optas, LLC Buys Vanguard S&P 5……, Vanguard Total International Stock, iShares MSCI ...",2020-04-14,JPM
"Stocks Pointing To Higher Opening, But Bearish Pattern's Persist",2020-04-14,JPM
US Indexes Rally Tuesday on Possible Reopening Plans,2020-04-14,JPM
JPMorgan Likely To Boost Loss Reserves After Earnings Miss Badly; Wells Fargo Flops,2020-04-14,JPM
"Dow Jones Up 500 Points As Coronavirus Slows; Amazon, Netflix Soar On Nasdaq",2020-04-14,JPM
JPMorgan Banks on Losses During –st-Quarter Earnings Report,2020-04-14,JPM
"Asset Management Corp Buys SPDR S&P 5……, Microsoft Corp, Las Vegas Sands Corp, Sells ...",2020-04-14,JPM
NASDAQ Makes It Four Days of Gains as Stocks Resume Rally,2020-04-15,JPM
Markets Slip On Deep Recession Fears,2020-04-15,JPM
"Goldman (GS) Q1 Earnings Top, Provisions Up on Coronavirus",2020-04-15,JPM
"Don't Expect Good Earnings, Just Watch The Charts",2020-04-15,JPM
"Stock Market News for Apr 15, 2020",2020-04-15,JPM
"U.S. Bancorp (USB) Q1 Earnings Beat Estimates, Costs Rise",2020-04-15,JPM
Citigroup (C) Q1 Earnings Beat Estimates on Revenue Strength,2020-04-15,JPM
What's in Store for Dow ETFs in Q1 Earnings?,2020-04-15,JPM
Citi Leads Wall Street Trading Floor Opportunists,2020-04-15,JPM
3 Safe Dividend-Paying Tech Stocks to Buy for Coronavirus Volatility,2020-04-15,JPM
"Dow Jones Sheds 600 Points As Retail Sales Dive, But These 2 Dow Stocks Gain",2020-04-15,JPM
Are Buyback ETFs in Troubled Waters?,2020-04-15,JPM
"Wealth Alliance Advisory Group, LLC Buys iShares Core S&P Total U.S. ...",2020-04-15,JPM
"Volume Light, Stocks Fall Led By Small Caps",2020-04-15,JPM
"Goldman Sachs Earnings Beat Some Views; Citigroup, Bank Of America Miss",2020-04-15,JPM
"Mcrae Capital Management Inc Buys Truist Financial Corp, Cerence Inc, ViacomCBS Inc, Sells ...",2020-04-16,JPM
What Do Bank Earnings Say About The Recession?,2020-04-16,JPM
"DORCHESTER WEALTH MANAGEMENT Co Buys FedEx Corp, Campbell Soup Co, SPDR DJ Euro STOXX 5… Etf, ...",2020-04-16,JPM
"Most Active Equity Options For Midday - Thursday, April 16",2020-04-16,JPM
Which Stocks Will Be The Big COVID-19 Winners?,2020-04-16,JPM
It's Earnings Season (Or Whatever It Is Companies Plan To Report),2020-04-16,JPM
"Lincoln Capital LLC Buys JPMorgan Chase, Apple Inc, Brookfield Asset Management Inc, Sells ...",2020-04-16,JPM
Dow Jones Leads Stock Market Rally Fueled By Hopes A Coronavirus Drug Is Near,2020-04-17,JPM
"Bank Stock Roundup: Q1 Earnings Begins Amid Coronavirus Scare, BAC, JPM & WFC Miss",2020-04-17,JPM
Envestnet (ENV) Signs API Agreement With Charles Schwab,2020-04-17,JPM
"Regions (RF) Q1 Earnings Miss, Provisions Up on Coronavirus Woes",2020-04-17,JPM
Bank ETFs Struggling on Mixed Earnings & Coronavirus-Hit Views,2020-04-17,JPM
"Golden State Wealth Management, LLC Buys iShares Core U.S. ...",2020-04-17,JPM
Video- Back to Basics: Price-Book Ratio,2020-04-17,JPM
"How Much Of Dow Jones' 5,935-Point Gain Will Hold? Plus, Why Roku Is Not A Buy Yet",2020-04-17,JPM
"Ballast, Inc. Buys Truist Financial Corp, SPDR Russell Small Cap Complet, Boeing Co, Sells ...",2020-04-17,JPM
Top Insider Buys Highlight for the Week of April –7,2020-04-18,JPM
Video- Back to Basics: Price-Book Ratio,2020-04-19,JPM
"Northstar Asset Management Llc Buys VF Corp, JPMorgan Chase, Vanguard S&P 5……, Sells ...",2020-04-20,JPM
Dow Jones Slumps As Crude Oil Price Craters; Palomar Breaks Out,2020-04-20,JPM
Back-to-Back Weekly Gains as Stocks Continue to Recover,2020-04-20,JPM
"Oil Price Dives To 21-year Low, Disney Stops Paying Workers",2020-04-20,JPM
Market Logic Can Be Confusing,2020-04-20,JPM
"Dow Jones Dives 600 Points As Oil Prices Plunge, But Coronavirus Cases Slow",2020-04-20,JPM
Edge Wealth Management LLC Buys iShares U.S. ...,2020-04-20,JPM
"Eagle Capital Management, LLC Buys Invesco BulletShares —…—– Corporate Bond ETF, Sells ...",2020-04-20,JPM
"Lucas Capital Management Buys Wells Fargo, Citigroup Inc, JPMorgan Chase, Sells Vanguard ...",2020-04-20,JPM
Top Guru-Owned Stocks Trading at a Discount,2020-04-20,JPM
Munger's Phone is Not Ringing,2020-04-20,JPM
"Moseley Investment Management Inc Buys iShares Short Maturity Bond, Abbott Laboratories, ...",2020-04-20,JPM
"Meridian Financial Partners LLC Buys JPMorgan Ultra-Short Income, WisdomTree U.S. ...",2020-04-21,JPM
5 Popular Bank Stocks,2020-04-21,JPM
"A. D. Beadell Investment Counsel, Inc. Buys Medtronic PLC, JPMorgan Chase, Charles River ...",2020-04-22,JPM
"Chicago Partners Investment Group LLC Buys JPMorgan Ultra-Short Income, PIMCO Enhanced Short ...",2020-04-22,JPM
"Trust Asset Management LLC Buys Enterprise Products Partners LP, Sells Kinder Morgan Inc, ...",2020-04-22,JPM
"LexAurum Advisors, LLC Buys JPMorgan Diversified Return International Equity, SPDR Portfolio ...",2020-04-22,JPM
"First Personal Financial Services Buys Invesco Dynamic Large Cap Value, Ansys Inc, JPMorgan ...",2020-04-22,JPM
The Philanthropic Response to COVID-19,2020-04-22,JPM
"Aua Capital Management, Llc Buys Truist Financial Corp, Vanguard Div Appreciation, Vanguard ...",2020-04-22,JPM
"Danda Trouve Investment Management, Inc. Buys Sprott Physical Gold Trust, Amazon. ...",2020-04-22,JPM
Stocks Patiently Waiting For Big Economic Data on April 23,2020-04-23,JPM
"Denali Advisors Llc Buys Steris PLC, Exxon Mobil Corp, DISH Network Corp, Sells ViacomCBS Inc, ...",2020-04-23,JPM
Bernard Horn's Polaris Global Value Fund –st-Quarter Letter,2020-04-23,JPM
"Accuvest Global Advisors Buys PowerShares QQQ Trust Ser –, Nike Inc, Microsoft Corp, Sells ...",2020-04-23,JPM
"TBH Global Asset Management, LLC Buys ishares Gold Trust, SPDR Dow Jones Industrial Average, ...",2020-04-23,JPM
"Jacobi Capital Management LLC Buys SPDR S&P 5……, SPDR Portfolio S&P –5…… ...",2020-04-24,JPM
"Ledyard National Bank Buys Truist Financial Corp, iShares Core Dividend Growth, JPMorgan Chase, ...",2020-04-24,JPM
"Tatro Capital, LLC Buys SPDR S&P 5……, Invesco S&P 5…… Low Volatility, iShares ...",2020-04-24,JPM
Dogs Of The Dow Performance So Far In 2020,2020-04-24,JPM
The Pandemic Fans The Retail Apocalypse Flame,2020-04-24,JPM
"Clarius Group, LLC Buys Schwab Fundamental U.S. ...",2020-04-24,JPM
Weekly Commentary: Fault Lines,2020-04-26,JPM
"Steve Eisman: Long US Banks, Short Euro and Canadian Banks",2020-04-26,JPM
"Wharton Business Group, LLC Buys iShares Edge MSCI Min Vol Emerging Markets, Invesco Dynamic ...",2020-04-27,JPM
"Dow Jones Jumps 250 Points, Led By Disney, JPMorgan; Nasdaq 100 Yields Two Bullish Breakouts",2020-04-27,JPM
"Oil Plunges, BP Reports Steep Slide In Profits",2020-04-27,JPM
"Torray LLC Buys Bristol-Myers Squibb Company, Sysco Corp, DuPont de Nemours Inc, Sells General ...",2020-04-28,JPM
"WP Advisors, LLC Buys Vanguard S&P 5……, SPDR MidCap Trust Series I, Vanguard Small-Cap, ...",2020-04-29,JPM
"Prentiss Smith & Co Inc Buys Church & Dwight Co Inc, Comcast Corp, Qiagen NV, Sells ...",2020-04-29,JPM
"Rocky Mountain Advisers, LLC Buys Cohen & Steers Infrastructure Fund Inc, JPMorgan Chase, ...",2020-04-29,JPM
"Manitou Investment Management Ltd. Buys The Home Depot Inc, The Walt Disney Co, Royal Bank of ...",2020-04-29,JPM
"Qp Wealth Management, Llc Buys First Trust North American Energy Infrastructure F, Gilead ...",2020-04-29,JPM
"As Mortality Rate Spikes, Bankers In UK Won't Return To 'The City' Any Time Soon",2020-04-29,JPM
The Financial Cohort And Covid-19 Destabilizing,2020-04-29,JPM
"Violich Capital Management, Inc. Buys Aon PLC, Mastercard Inc, JPMorgan Chase, Sells Aon PLC, ...",2020-04-30,JPM
Barclays' JPMorgan impression may fall flat,2020-04-30,JPM
"Torray LLC Buys Bristol-Myers Squibb Company, Sysco Corp, DuPont de Nemours Inc, Sells General ...",2020-04-30,JPM
"Westhampton Capital, LLC Buys General Dynamics Corp, Truist Financial Corp, Qualcomm Inc, Sells ...",2020-04-30,JPM
"Kranot Hishtalmut Le Morim Tichoniim Havera Menahe Buys Microsoft Corp, Alphabet Inc, ...",2020-04-30,JPM
"Element Pointe Advisors, Llc Buys iShares Core S&P 5……, iShares …-5 Year TIPS Bond, ...",2020-04-30,JPM
"Mcdonald Capital Investors Inc Buys Berkshire Hathaway Inc, Martin Marietta Materials Inc, ...",2020-04-30,JPM
Robeco Institutional Asset Management B.V. ...,2020-04-30,JPM
"Osher Van de Voorde Investment Management Buys Amgen Inc, The Walt Disney Co, United Parcel ...",2020-04-30,JPM
"Cambiar Investors Llc Buys Amazon.com Inc, Pfizer Inc, Colgate-Palmolive Co, Sells AerCap ...",2020-04-30,JPM
"State Treasurer State Of Michigan Buys Simon Property Group Inc, Apple Inc, Facebook Inc, Sells ...",2020-05-01,JPM
"JPMorgan Chase Approved to Fund About $—9 Billion to —'9,……… Businesses",2020-05-01,JPM
"Vista Wealth Management Group, LLC Buys Lyft Inc, Uber Technologies Inc, Schwab Fundamental ...",2020-05-01,JPM
"Alley Co LLC Buys Microsoft Corp, Merck Inc, Lockheed Martin Corp, Sells Exxon Mobil Corp, ...",2020-05-01,JPM
Bubbles Are Bursting Everywhere,2020-05-03,JPM
Weekly Commentary: Going Nuclear,2020-05-03,JPM
"Private Wealth Strategies, L.L.C. Buys Vanguard Intermediate-Term Bond, Alphabet Inc, New York ...",2020-05-04,JPM
"Taylor Wealth Management Partners Buys JPMorgan Chase, Alnylam Pharmaceuticals Inc, Truist ...",2020-05-04,JPM
"Pasadena Private Wealth, LLC Buys Vanguard FTSE All World Ex US, Schwab Short-Term U.S. ...",2020-05-04,JPM
"Forsta Ap-fonden Buys Microsoft Corp, Apple Inc, Facebook Inc, Sells SPDR Select Sector Fund - ...",2020-05-04,JPM
"TrinityPoint Wealth, LLC Buys First Trust DJ Internet Index Fund, Schwab US Dividend Equity, ...",2020-05-05,JPM
Corporations Will Not Save Us,2020-05-05,JPM
"Thinking about trading stocks or options in Shopify, Walt Disney, JPMorgan Chase, Boeing, or ...",2020-05-05,JPM
"Landaas & Co Buys JPMorgan Chase, Vanguard Growth, Sells Amgen Inc, Bank of Montreal, ...",2020-05-05,JPM
"Eudaimonia Partners, LLC Buys Apple Inc, Amazon. ...",2020-05-05,JPM
"MPS Loria Financial Planners, LLC Buys Alerian MLP, Sells JPMorgan Chase Capital XVI JP Morgan ...",2020-05-05,JPM
"WestEnd Advisors, LLC Buys Caterpillar Inc, Facebook Inc, Chevron Corp, Sells The Walt Disney ...",2020-05-05,JPM
"Fairhaven Wealth Management, LLC Buys Vanguard Total Stock Market, Vanguard Tax-Exempt Bond, ...",2020-05-05,JPM
"Cynosure Management, Llc Buys Visa Inc, Watsco Inc, AT&T Inc, Sells Wells Fargo, General ...",2020-05-05,JPM
"Lineweaver Wealth Advisors, LLC Buys iShares …-5 Year High Yield Corporate Bond, Invesco ...",2020-05-05,JPM
"Dow Eyes 24,000, MercadoLibre Leads Gainers; Why Beyond Meat Hit An Early Buy Point",2020-05-06,JPM
"Vestmark Advisory Solutions, Inc. Buys Amazon. ...",2020-05-06,JPM
It's Jobless Claim Thursday and You Know What That Means For Stocks,2020-05-07,JPM
"Greenhaven Associates Inc Buys General Motors Co, Deere, Morgan Stanley, Sells Citigroup Inc, ...",2020-05-07,JPM
"Athena Capital Advisors Llc Buys SPDR Select Sector Fund - Energy Select Sector, NVIDIA Corp, ...",2020-05-07,JPM
JPMorgan Chase to Present at the Deutsche Bank Global Financial Services Conference – VIRTUAL,2020-05-07,JPM
JPMorgan Chase to Present at the Bernstein Strategic Decisions Conference,2020-05-07,JPM
JPMorgan Chase to Present at the Morgan Stanley Virtual US Financials Conference,2020-05-07,JPM
"Rossmore Private Capital Buys Apple Inc, Amazon. ...",2020-05-07,JPM
"Bourgeon Capital Management Llc Buys The Walt Disney Co, ishares Gold Trust, Rockwell ...",2020-05-07,JPM
"Putnam Fl Investment Management Co Buys iShares Core MSCI EAFE, Amazon. ...",2020-05-08,JPM
"Oppenheimer & Co Inc Buys PowerShares QQQ Trust Ser –, iShares —…+ Year Treasury Bond ...",2020-05-08,JPM
"United Bank Buys Truist Financial Corp, Sells Microsoft Corp, JPMorgan Chase, Alphabet Inc",2020-05-08,JPM
"Capital Advisors, Ltd. LLC Buys SPDR Select Sector Fund - Industrial, SPDR Select Sector Fund - ...",2020-05-08,JPM
"Drexel Morgan & Co. Buys AT&T Inc, International Business Machines Corp, JPMorgan ...",2020-05-08,JPM
"Summit Asset Management, LLC Buys iShares Core U.S. ...",2020-05-08,JPM
"Bank Of The West Buys SPDR S&P 5……, iShares S&P 5…… Growth, Accenture PLC, ...",2020-05-08,JPM
"Edge Capital Group, LLC Buys Vanguard S&P 5……, Vanguard FTSE Emerging Markets, JPMorgan ...",2020-05-08,JPM
"Moloney Securities Asset Management, LLC Buys Truist Financial Corp, Colgate-Palmolive Co, ...",2020-05-08,JPM
"Frisch Financial Group, Inc. Buys Vanguard S&P 5……, iShares Edge MSCI Min Vol USA, ...",2020-05-08,JPM
"Alpine Investment Management, LLC Buys Chevron Corp, Affiliated Managers Group Inc, Whirlpool ...",2020-05-08,JPM
"Connable Office Inc Buys iShares —…+ Year Treasury Bond ETF, Merck Inc, Dominion Energy ...",2020-05-08,JPM
Dividend Safety And Valuations,2020-05-09,JPM
Big Bank Stocks Are Still Struggling,2020-05-11,JPM
"Berry Group, Llc Buys JPMorgan Chase, Goldman Sachs Group Inc, iShares Core S&P 5……, ...",2020-05-11,JPM
"Stocks Pulling Back On May 11, With Warnings Signs Galore",2020-05-11,JPM
"Meitav Dash Investments Ltd Buys Microsoft Corp, Varonis Systems Inc, Honeywell International ...",2020-05-11,JPM
"Braun-Bostich & Associates Inc. Buys iShares Intermediate Government/Credit Bond, The ...",2020-05-11,JPM
"Tredje AP-fonden Buys Microsoft Corp, Amazon.com Inc, Apple Inc, Sells iShares U.S. ...",2020-05-11,JPM
Kahn Brothers Buys Buffett's JPMorgan During the –st Quarter,2020-05-11,JPM
"Kahn Brothers Buys JPMorgan Chase, Navient Corp, Coal Creek Co, Sells New York Times Co, Apple ...",2020-05-11,JPM
"Weitz Investment Management Inc Buys CoStar Group Inc, SPDR Select Sector Fund - Financial, ...",2020-05-11,JPM
Is Global Diversification Still Worth It? The Case For Investing Beyond The U.S.,2020-05-11,JPM
"Wambolt & Associates, LLC Buys Leidos Holdings Inc, PayPal Holdings Inc, Science ...",2020-05-11,JPM
"Hunter Associates inc. Buys Broadcom Inc, Inogen Inc, CVS Health Corp, Sells FedEx Corp, ...",2020-05-11,JPM
"Advisors Management Group Inc Buys JPMorgan Chase, Exact Sciences Corp, Exxon Mobil Corp, ...",2020-05-11,JPM
Smith Asset Management Group LP Buys Amazon. ...,2020-05-12,JPM
"Mader & Shannon Wealth Management, Inc. ...",2020-05-12,JPM
"Cibc World Markets Corp Buys JPMorgan Chase, iShares Core U.S. ...",2020-05-12,JPM
"Diversified Portfolios, Inc. Buys Vanguard Total Bond Market ETF, Vanguard Russell –……… ...",2020-05-12,JPM
"Strategic Capital Advisers, Inc. Buys VanEck Vectors Agribusiness, UnitedHealth Group Inc, ...",2020-05-12,JPM
"Meristem, LLP Buys iShares Core S&P 5……, iShares Russell —……… Growth, Vanguard ...",2020-05-12,JPM
"Fishman Jay A Ltd Buys Apple Inc, Amazon. ...",2020-05-12,JPM
"JPMorgan Chase Announces Conference Calls to Review First-Quarter, Second-Quarter, ...",2020-05-12,JPM
"Viking Global Investors LP Buys Comcast Corp, Microsoft Corp, Boston Scientific Corp, Sells ...",2020-05-13,JPM
"Gardner Russo & Gardner Buys JPMorgan Chase, Alphabet Inc, Vulcan Materials Co, Sells Wells ...",2020-05-13,JPM
"Stocks Fall Again, And It Looks Like The Party Is Only Starting",2020-05-13,JPM
"Capital Investment Counsel, Inc Buys Truist Financial Corp, Kimberly-Clark Corp, iShares China ...",2020-05-13,JPM
"Hudson Canyon Investment Counselors Llc Buys NVIDIA Corp, Microchip Technology Inc, Raytheon ...",2020-05-13,JPM
"Caz Investments Lp Buys Lyft Inc, Vanguard Total International Stock, JPMorgan Chase, Sells ...",2020-05-13,JPM
At Look at the Deep Value Stocks of Kahn Brothers,2020-05-13,JPM
UK Economy Sinks; Uber Looks To Take A Bite Out Of Rival GrubHub.,2020-05-13,JPM
"Achmea Investment Management B.V. Buys Alphabet Inc, Merck Inc, Visa Inc, Sells Apple Inc, ...",2020-05-13,JPM
"Element Wealth, LLC Buys iShares Core S&P 5……, iShares S&P 5…… Growth, ...",2020-05-14,JPM
"LLBH Private Wealth Management, LLC Buys PIMCO Dynamic Credit & Mortgage Income Fund, ...",2020-05-14,JPM
"Howe & Rusling Inc Buys Microsoft Corp, Pfizer Inc, DTE Energy Co, Sells Broadcom Inc, ...",2020-05-14,JPM
J.P. Morgan Asset Management Commences First Development in $6—5 Million JV with American ...,2020-05-14,JPM
Andreas Halvorsen's Top 5 Buys in the –st Quarter,2020-05-14,JPM
Revisiting the Graham Number,2020-05-14,JPM
"Maple Capital Management, Inc. Buys Adobe Inc, Valero Energy Corp, Nike Inc, Sells Bank of ...",2020-05-14,JPM
"Rockshelter Capital Management Llc Buys Berkshire Hathaway Inc, Bank of America Corp, JPMorgan ...",2020-05-14,JPM
"CAMG Solamere Management, LLC Buys Medtronic PLC, Mid-America Apartment Communities Inc, First ...",2020-05-15,JPM
JPMorgan Chase Declares Preferred Stock Dividend,2020-05-15,JPM
J.P. Morgan Asset Management Announces Liquidation of Six Exchange-Traded Funds,2020-05-15,JPM
"Archon Partners LLC Buys CoStar Group Inc, JPMorgan Chase, MongoDB Inc, Sells HCA Healthcare ...",2020-05-15,JPM
"Clough Capital Partners L P Buys Intel Corp, Netflix Inc, PennyMac Financial Services Inc, ...",2020-05-15,JPM
"Permit Capital, LLC Buys CVS Health Corp, Qurate Retail Inc, MGIC Investment Corp, Sells ...",2020-05-15,JPM
"Aristotle Capital Management, LLC Buys Xylem Inc, Corteva Inc, Elanco Animal Health Inc, Sells ...",2020-05-15,JPM
"Unio Capital LLC Buys Visa Inc, Intuit Inc, Cintas Corp, Sells BP PLC, Royal Caribbean Cruises, ...",2020-05-15,JPM
"Omega Advisors Buys Ferro Corp, JPMorgan Chase, Mr. ...",2020-05-15,JPM
"Berkshire Exits Travelers, Boosts Stakes In United And Delta In Q1",2020-05-16,JPM
"Stock Market at The Crossroads–Buy, Sell or Hold?",2020-05-17,JPM
Weekly Commentary: Global Bubbles Are Deflating,2020-05-17,JPM
Warren Buffett's Portfolio Moves Suggest He's Preparing for a Downturn,2020-05-18,JPM
"Markets Go Manic Thanks To Money-Printing, Moderna, & Merkel",2020-05-18,JPM
"Griffin Asset Management, Inc. Buys Accelerate Diagnostics Inc, The Walt Disney Co, Visa Inc, ...",2020-05-18,JPM
"The Zacks Analyst Blog Highlights: JPMorgan Chase, AbbVie, Royal Dutch Shell, Gilead Sciences and Anthem",2020-05-18,JPM
"Verity Asset Management, Inc. Buys Vanguard Short-Term Government Bond ETF, Microsoft Corp, ...",2020-05-18,JPM
Warren Buffett Cuts Stake in Bank Stocks on Coronavirus Woes,2020-05-18,JPM
JPMorgan Chase Board of Directors Welcomes Virginia Rometty; James Bell and Laban Jackson ...,2020-05-19,JPM
Buffett's Sale of Goldman Sachs Is Not Bad News for Bank Stocks,2020-05-19,JPM
"Dow, S&P Jump Over 3% on Encouraging Vaccine Data",2020-05-19,JPM
"APG All Pensions Group NV Buys Amazon.com Inc, Microsoft Corp, Apple Inc, Sells HCA Healthcare ...",2020-05-19,JPM
Cree Stock Breaks Out After JPMorgan Upgrade,2020-05-20,JPM
J.P. Morgan Asset Management Launches Two Active Transparent Equity ETFs: JEPI and JIG,2020-05-21,JPM
"Ethic Inc. Buys Healthpeak Properties Inc, Ecolab Inc, Procter & Gamble Co, Sells Discover ...",2020-05-22,JPM
Richard Snow Buys Into Tyson and Reduces Dow in –st Quarter,2020-05-22,JPM
"Stocks Are Falling on May 22, But Will The Pullback Last?",2020-05-22,JPM
Francis Chou Slims 4 Positions in the –st Quarter,2020-05-22,JPM
JPMorgan Chase & Co. Declares Quarterly Coupon on Alerian MLP Index ETN,2020-05-22,JPM
Warren Buffett's Portfolio Moves Suggest He's Preparing for a Downturn,2020-05-22,JPM
Undervalued Dividend Growth Stock Of The Week: JPMorgan Chase & Co.,2020-05-24,JPM
Bring Me Fama's Head,2020-05-24,JPM
"Five Things To Know On Monday, May 25",2020-05-25,JPM
The Bull Pushes Forward As Stocks Rally Globally,2020-05-26,JPM
Only the Lonely Can Play,2020-05-26,JPM
Jonathan Litt Is the Latest Guru to Bet Against Commercial Properties,2020-05-26,JPM
Stocks Rise On May 26 As The Bulls Fight To Keep The Upward Momentum,2020-05-26,JPM
"ADAMCAPITAL Gestao de Recursos Ltda. Buys JPMorgan Chase, Bank of America Corp, Facebook Inc, ...",2020-05-26,JPM
"Louis Moore Bacon Buys Ross, Bets on Corporate Debt",2020-05-27,JPM
Technical Analysis On JPMorgan Chase (JPM),2020-05-27,JPM
J.P. Morgan Asset Management partners with Calastone to power Money Market Funds,2020-05-27,JPM
Goldman & JPMorgan Analyze Global Economic Situation Ahead,2020-05-28,JPM
"The Zacks Analyst Blog Highlights: JPMorgan, American Express, Boeing and Virgin Galactic",2020-05-28,JPM
Zacks Earnings Trends Highlights: JPMorgan and Disney,2020-05-28,JPM
FOMO Trading Driving The Rotation Towards Value Stocks,2020-05-28,JPM
"The Zacks Analyst Blog Highlights: Alphabet, Visa, Bank of America, JPMorgan Chase and NVIDIA",2020-05-28,JPM
Digital Banking Surge to Continue Post Coronavirus Pandemic,2020-05-28,JPM
HSBC Intends to Acquire Remaining Stake of German Division,2020-05-28,JPM
"Dow Holds Above 25,000, But US-China Spat Looms",2020-05-28,JPM
Markets Are Up Again,2020-05-28,JPM
Shares of several financial services companies are trading lower amid market volatility as investors await Trump's China press conference later today.,2020-05-29,JPM
15 US Banks Facing Currency Rigging Lawsuit Brought By Large Investors,2020-05-29,JPM
Stocks to Buy in a Post-Pandemic World,2020-05-29,JPM
Should iShares Russell Top 200 Value ETF (IWX) Be on Your Investing Radar?,2020-05-29,JPM
Goldman Sachs Revises Its Gloomy Outlook On Markets Following Sharp Rebound In Stocks,2020-06-01,JPM
4 Community Bank Executives Give Their Perspectives On The Paycheck Protection Program,2020-06-02,JPM
Shares of several financial services companies are trading higher as equities continue to gain on optimism over an economic reopening as well as a smaller-than-expected drop in nonfarm payrolls.,2020-06-03,JPM
Employee Benefit Research Institute (EBRI) & J.P. ...,2020-06-03,JPM
"Taking A Breath: Jobless Claims Disappoint, But ECB Stimulus Greeted Positively",2020-06-04,JPM
Shares of several financial services companies are trading higher following strong US jobs data and continued optimism amid the reopening of the economy.,2020-06-05,JPM
"'Solving A Catch 22': Noah Lets Struggling Homeowners Tap Into Home Equity, Access Discretionary Funds",2020-06-08,JPM
Shares of several financial services companies are trading lower as equities sell off following recent rally. Stocks have rallied over the past week amid optimism towards the US economy reopening and investors have potentially taken some profits following run up.,2020-06-09,JPM
"Shares of several financial service companies are trading lower following an increase in coronavirus cases in some US states that have reopened, leading to concerns of a second wave of the virus. The Fed kept rates at zero and noted it could stay there for as long as it takes for the economy to recover.",2020-06-11,JPM
"JPMorgan Chase & Co. (JPM) Stock Forecast, Price Targets and Analysts Predictions",2020-08-10,JPM
JPMorgan Chase & Co.: Target Price Consensus and Analysts Recommendations | JPM | US46625H1005,2020-08-18,JPM
Jpmorgan Chase Stock Price Forecast. Should You Buy JPM?,2020-12-01,JPM
7 Companies Owned by JPMorgan Chase & Co.,2020-12-17,JPM
"JPMorgan Chase & Co (JPM) Stock Live Price, Chart & News",2021-03-06,JPM
JPMorgan Chase & Co (JPM) Stock Forecast & Price Prediction 2026–2030,2021-03-06,JPM
JPMorgan Chase - JPM - Stock Price & News,2021-09-13,JPM
Jpmorgan Cdr [Cad Hedged] (JPM-NE) Stock Price and News,2022-06-25,JPM
Explainer: How a massive options trade by a JP Morgan fund can move markets,2022-06-30,JPM
What is the current Price Target and Forecast for JPMorgan Chase & Co. (JPM),2022-07-23,JPM
JPM Forecast — Price Target — Prediction for 2027,2022-08-16,JPM
JPM Stock Quote Price and Forecast,2023-09-05,JPM
Mid-year market outlook 2025: A broad spectrum of potential outcomes,2023-11-20,JPM
2026 market outlook: A multidimensional polarization,2023-12-13,JPM
JPMorgan's Kolanovic set to depart after string of bad stock calls,2024-07-03,JPM
Watch These JPMorgan Price Levels After Stock Posts Biggest Drop Since 2020,2024-09-10,JPM
Goldman Sachs and JPMorgan offer conflicting forecasts for US stock market returns,2024-10-23,JPM
"Gap Stock Jumps on JPMorgan Upgrade, Price Target Raise",2024-12-02,JPM
Stock buybacks,2024-12-12,JPM
"Jamie Dimon sold US$31.5 million of JPMorgan Chase shares, why?",2025-04-16,JPM
"American Eagle Stock Dives as Retailer Pulls Outlook, JPMorgan Cuts Price Target",2025-05-14,JPM
JPMorgan’s OpenAI Coverage Is Just the Start,2025-08-13,JPM
"JPMorgan Forecast: JPM Stock Rate Predictions for 2026, 2027, 2028–2030 and Beyond",2025-08-14,JPM
"JPMorgan Chase & Co. (JPM) Stock Price Prediction 2025, 2026 & 2030: Analyst Consensus & Growth Outlook",2025-08-26,JPM
JPMorgan Chase & Co. Expands Holdings in Insmed Inc. with Signif,2025-09-10,JPM
Sea Ltd. stock price target raised to $230 by JPMorgan on e-commerce growth,2025-09-11,JPM
JPMorganChase to Host Third-Quarter 2025 Earnings Call,2025-09-16,JPM
Is JPMorgan's Recent Dividend Hike Enough to Buy the Stock?,2025-09-17,JPM
What to Expect From JPMorgan Chase's Next Quarterly Earnings Report,2025-09-26,JPM
JPMorgan Chase (JPM) Stock Price Today & Analysis,2025-10-07,JPM
JPM Stock Before Q3 Earnings: Should You Buy Now or Wait for Results?,2025-10-07,JPM
J.P.Morgan Investment Management Inc. - JPMorgan Diversified Return In (JPIN) Stock Price Today & Analysis,2025-10-07,JPM
Jamie Dimon Issues Harsh Stock Market Warning – 5 of JPMorgan’s Safest Dividend Stocks,2025-10-09,JPM
"Big Banks to Kick Off Earnings Season. What to Know About JPMorgan, Goldman Sachs, Citi, And Wells Fargo",2025-10-13,JPM
These stocks are surging as JPMorgan follows Trump’s lead with investments in ‘critical’ industries,2025-10-13,JPM
JPMorgan Lowers MercadoLibre Inc. (MELI) Price Target amid Competition Pressure,2025-10-13,JPM
JPMorgan Chase & Co. (JPM) Tops Q3 Earnings and Revenue Estimates,2025-10-14,JPM
JPMorgan Chase (NYSE:JPM) Posts Better-Than-Expected Sales In Q3,2025-10-14,JPM
JP Morgan Chase Stock Forecast 2025–2030 | Future Outlook,2025-10-14,JPM
JPMorgan Chase & Co (JPM) Q3 2025 Earnings Call Highlights: Strong Revenue Growth Amid ...,2025-10-14,JPM
JPMorgan Chase tops estimates as trading revenue hits a record of nearly $9 billion,2025-10-14,JPM
"JPMorgan Earnings: Strong Performance on All Fronts, but Valuation Remains Demanding",2025-10-14,JPM
"JPMorgan’s Profit Jumps as Business Booms on Main Street, Wall Street",2025-10-14,JPM
JPMorgan maintains Sea Ltd stock rating despite 10% drop,2025-10-16,JPM
JPMorgan Chase Stock Prediction: Where Analysts See the Stock Going by 2027,2025-10-18,JPM
JPMorgan Says Correction Will Be “Healthy” – 5 Safe High-Yield Dividend Stocks,2025-10-20,JPM
BlackRock-backed TXSE Group adds US banking giant J.P. Morgan as investor,2025-10-31,JPM
JPMorgan Chase & Co. Expands Holdings in Hims & Hers Health Inc.,2025-11-06,JPM
JPMorgan Chase & Co. (JPM) Up 4.8% Since Last Earnings Report: Can It Continue?,2025-11-13,JPM
In the Rear View: How Did Our 2025 Themes Pan Out?,2025-11-14,JPM
3 Key Contrasts Shaping Market Momentum,2025-11-21,JPM
"BigBear.ai Holdings, Inc. $BBAI Shares Purchased by JPMorgan Chase & Co.",2025-12-06,JPM
"Here Is Why JPMorgan Downgraded Fiserv, Inc. (FISV) To Neutral",2025-12-09,JPM
"JPMorgan Chase & Co. Buys 2,023,994 Shares of Cipher Mining Inc. $CIFR",2025-12-09,JPM
JPMorgan stock tumbles over 4% after company warns on higher spending in 2026,2025-12-10,JPM
JPMorgan Says the Dip in Broadcom Stock Is a Screaming Buy. Are You Loading Up on Shares Now?,2025-12-17,JPM
JPMorgan Quants Warn of ‘Extreme Crowding’ in Speculative Stocks,2025-12-18,JPM
"BofA and JPMorgan Lower Tempus AI, Inc. (TEM) Price Targets on Valuation Concerns",2025-12-22,JPM
Is JPMorgan Stock a Buy for 2026 as it Hits an All-Time High?,2025-12-24,JPM
JPMorgan’s Top 3 Stocks to Crush the Market in 2026,2025-12-27,JPM
Why We Highly Rate JPMorgan Equity Income,2026-01-01,JPM
JPMorgan (JPM) Gets Fresh Price Target Bump as Barclays Stays Overweight on Big Banks,2026-01-05,JPM
3 Reasons JPM is Risky and 1 Stock to Buy Instead,2026-01-05,JPM
Watch Expect Broadening of Earnings Growth in 2026: JPM's Sundar,2026-01-06,JPM
JPMorgan Chase & Co. (JPM) Reports Next Week: Wall Street Expects Earnings Growth,2026-01-06,JPM
"Exploring Analyst Estimates for JPMorgan Chase & Co. (JPM) Q4 Earnings, Beyond Revenue and EPS",2026-01-08,JPM
J.P. Morgan Bangs the Drum on These 2 ‘Strong Buy’ Stocks,2026-01-09,JPM
How To Earn $500 A Month From JPMorgan Stock Ahead Of Q4 Earnings,2026-01-09,JPM
"JPM Q4 Earnings on Deck: Buy, Sell or Hold the Stock Ahead of Results?",2026-01-09,JPM
JPMorgan's Earnings: A Verdict On The Economy Is Coming (NYSE:JPM),2026-01-11,JPM
"What to Expect in Markets This Week: Big Bank Earnings, December Inflation Data, Retail Sales, TSMC Earnings",2026-01-11,JPM
JPMorgan Chase (JPM) Q4 Earnings Report Preview: What To Look For,2026-01-11,JPM
"Stocks to watch this week: JPMorgan, Goldman Sachs, TSMC, Persimmon and Vistry",2026-01-12,JPM
"JPMorgan earnings, December CPI, Trump comments: What to Watch",2026-01-12,JPM
JPMorgan Q4 Earnings Preview: Apple Card Costs and Profitability in Focus,2026-01-12,JPM
"JPMorgan, Bank of New York Mellon Diverge On Earnings Results",2026-01-13,JPM
JPMorgan Chase earnings show strong 2025 as political risk rises,2026-01-13,JPM
JPMorgan Chase (NYSE:JPM) Reports Q4 CY2025 In Line With Expectations,2026-01-13,JPM
JPMorgan Chase Stock Falls on Unusual Fourth Earnings. Blame Apple?,2026-01-13,JPM
JPMorgan earnings: 3 biggest takeaways,2026-01-13,JPM
"Stock Market Today, Jan. 13: Surprising Inflation Report Overshadowed by JPMorgan Guidance; Market Falls",2026-01-13,JPM
JPMorgan Chase Stock (JPM) Opinions on Q4 2025 Earnings Release,2026-01-13,JPM
"JPMorgan stock will bounce back, Jim Cramer says",2026-01-13,JPM
"JPMorgan profit beats estimates on trading boom, shares hit by weaker investment banking",2026-01-13,JPM
"JPMorgan earnings miss forecasts on Apple Card costs, Dimon warns markets 'underappreciate' risks",2026-01-13,JPM
JPMorgan Chase & Co (JPM) Q4 2025 Earnings Call Highlights: Strong Net Income and Revenue ...,2026-01-13,JPM
Four takeaways from JPMorgan's kickoff to earnings season,2026-01-13,JPM
JPMorgan’s Negative Reaction to Earnings Signals Valuation Wake-Up Call,2026-01-13,JPM
JPMORGAN ($JPM) Q4 2025 Earnings Results,2026-01-13,JPM
JPMorgan Signals a Strong Year Ahead: Is JPM Headed for $400?,2026-01-13,JPM
"JPMorgan Q4 earnings beat, helped by strong gains in Markets, Asset & Wealth (JPM:NYSE)",2026-01-13,JPM
JPMorgan Chase tops estimates as trading revenue exceeds expectations,2026-01-13,JPM
"Jim Cramer reviews earnings from JPMorgan, Wells Fargo, Bank of America and Citigroup",2026-01-14,JPM
"JPMorgan Earnings: Results Validate That Bank’s Prospects Look Outstanding, If Fully Priced",2026-01-14,JPM
JPM Stock Dips: Apple Card Costs vs Trading Win,2026-01-14,JPM
Why Analysts Are Closely Watching JPMorgan Chase & Co. (JPM),2026-01-16,JPM
JPMorgan Chase (JPM) Valuation Check After Earnings Beat And Apple Card Portfolio Acquisition,2026-01-18,JPM
"JPMorgan Upgrades Recursion Pharmaceuticals, Inc. (RXRX) on FAP Treatment Prospects",2026-01-18,JPM
JPMorgan Chase & Co. (JPM): A Bull Case Theory,2026-01-19,JPM
"JPMorgan (JPM) Beats Earnings Estimates, TD Cowen Reaffirms Buy",2026-01-20,JPM
JPMorgan initiates Service Corp. Intl stock with Overweight rating,2026-01-20,JPM
JPMorgan Earnings Highlight Value of Active Management,2026-01-22,JPM
JPMorgan’s (JPM) 2026 Net Interest Income Growth Remained a Key Focus at Truist,2026-01-24,JPM
"As Trump Targets JPMorgan in New Debanking Lawsuit, Should You Sell JPM Stock?",2026-01-26,JPM
JPMorgan Chase & Co. Reduces Stake in Natera Inc.,2026-01-28,JPM
JPMorgan's 2026 NII Guide Signals Resilience: Is JPM Stock a Buy Now?,2026-01-28,JPM
JPMorgan Chase Stock: Is Wall Street Bullish or Bearish?,2026-01-29,JPM
JPMorgan Chase & Co. (JPM) Is a Trending Stock: Facts to Know Before Betting on It,2026-02-02,JPM
ChatGPT Thinks JPMorgan Stock Will Close At This Price In The Next 60 Days,2026-02-02,JPM
"JPMorgan Raises Celsius Holdings Inc (CELH) Price Target, Sees Earnings Upside From PepsiCo Partnership and Alani Nu Growth",2026-02-02,JPM
"Software Stocks Are Now ‘Sentenced Before Trial,’ JPMorgan Says",2026-02-04,JPM
"Dow rallies nearly 725 points on gains for NVIDIA Corp., JPMorgan Chase shares",2026-02-06,JPM
"Here Are Friday’s Top Wall Street Analyst Research Calls: Amazon.com, Caterpillar, Estee Lauder, JPMorgan, Norfolk Southern, Roku, Snap, Vistra, and More",2026-02-06,JPM
JP Morgan Upgrades SoFi Shares as Membership Growth Fuels Positive Outlook,2026-02-06,JPM
JPMorgan cuts popular crypto stock's price target ahead of earnings,2026-02-10,JPM
Struggling Coinbase gets price target cut from JPMorgan ahead of Thursday earnings,2026-02-10,JPM
Why Is JPMorgan Chase & Co. (JPM) Up 1% Since Last Earnings Report?,2026-02-12,JPM
Will AI Kill Software Stocks? JPMorgan Says These 19 Names Are Buys,2026-02-13,JPM
JPMorgan says to buy these 18 'mispriced' tech stocks insulated from AI disruption,2026-02-17,JPM
"JPMorgan Lowers its Price Target on Coursera, Inc. (COUR) to $10 and Keeps an Overweight Rating",2026-02-17,JPM
JPMorgan Retains an Overweight Rating on NIO Inc. (NIO),2026-02-20,JPM
JPMorgan Raises its Price Target on Vistra Corp. (VST) to $239 and Maintains an Overweight Rating,2026-02-21,JPM
Why JPMorgan Stock Just Dropped,2026-02-23,JPM
$JPM stock is down 5% today. Here's what we see in our data.,2026-02-23,JPM
Truist Cuts JPMorgan (JPM) Target While Increasing Long-Term Earnings Estimates,2026-02-25,JPM
How to Play JPM Stock as Tech Spend Ramps in 2026 Amid AI Uncertainty?,2026-02-25,JPM
Why JPMorgan Chase Stock Slumped by Almost 2% Today,2026-02-27,JPM
Jamie Dimon warns markets resemble pre-financial crisis era: 'I see a couple of people doing some dumb things',2026-03-01,JPM
JPMorgan’s Rohrbaugh Says Stock Market’s in ‘Sell First’ Mode,2026-03-02,JPM
Here's Why JPMorgan Chase & Co. (JPM) Fell More Than Broader Market,2026-03-05,JPM
JPMorgan Chase warns Iran war could trigger 10% stock market correction,2026-03-09,JPM
Is It Too Late To Consider JPMorgan Chase (JPM) After Its Strong Share Price Run?,2026-03-09,JPM
JPMorgan vs. Bank of America: Which Big Bank Stock is the Better Bet?,2026-03-11,JPM
JPMorgan Expects a Market Correction Due to the War. How Large?,2026-03-11,JPM
Is JPMorgan Chase & Co. (JPM) A Good Stock To Buy Now?,2026-03-15,JPM
"JPMorgan Chase (JPM): Buy, Sell, or Hold Post Q4 Earnings?",2026-03-16,JPM
JPMorganChase Declares Common Stock Dividend,2026-03-17,JPM
"JPMorgan Chase, with $4.4T in assets, sets Q1 2026 earnings call",2026-03-17,JPM
"JPMorgan Chase (JPM): Buy, Sell, or Hold Post Q4 Earnings?",2026-03-17,JPM
"JPMorgan Lowers its Price Target on Alexandria Real Estate Equities, Inc. (ARE) to $57 from $63 and Maintains a Neutral Rating",2026-03-18,JPM
Should You Buy JPMorgan Chase Stock Before April 14?,2026-03-22,JPM
JPMorgan Becomes Top Stock to Short as Market Declines,2026-03-22,JPM
Dow Inc. JPMorgan Conferece: Feedstock Dominance Meets a Bearish $15 Target,2026-03-23,JPM
JPMorgan Raises its Price Target on PG&E Corporation (PCG) to $24 from $21,2026-03-24,JPM
JPMorgan Chase Earnings Preview: What to Expect,2026-03-25,JPM
JPMorgan Chase & Co. Grows Stock Holdings in Quantum Computing Inc. $QUBT,2026-03-26,JPM
"JPMorgan Chase & Co. Acquires 2,063,998 Shares of Ondas Holdings Inc. $ONDS",2026-03-27,JPM
J.P. Morgan to Transfer 14 ETFs From Current Exchanges,2026-03-27,JPM
Piper Sandler cuts JPMorgan stock price target on lower earnings,2026-03-30,JPM
"JPMorgan Chase (JPM) Stock Is Up, What You Need To Know",2026-03-31,JPM
Will JPMorgan Chase & Co. (JPM) Beat Estimates Again in Its Next Earnings Report?,2026-04-01,JPM
"Jamie Dimon's Letter to Shareholders, Annual Report 2025",2026-04-06,JPM
"JPMorgan, UBS, and RBC Capital Raise Venture Global (VG) Price Targets",2026-04-06,JPM
Why JPMorgan is warning Tesla stock may crash 60%,2026-04-06,JPM
"JPMorgan Stock Fans, Mark Your Calendars for April 14",2026-04-07,JPM
JPMorgan Chase & Co. (JPM) Earnings Expected to Grow: What to Know Ahead of Next Week's Release,2026-04-07,JPM
"Goldman, JPMorgan Traders Map Stock Outcomes as War Risks Rise",2026-04-07,JPM
Is JPM a Buy Before Q1 Earnings in a Volatile Geopolitical Backdrop?,2026-04-09,JPM
JPMorgan Chase & Co. (JPM) – Among the 13 Bank Stocks with Highest Dividends,2026-04-09,JPM
"Zacks Earnings Trends Highlights: JPMorgan, Citigroup and Wells Fargo",2026-04-09,JPM
JPMorgan Chase: Earnings Offer Catalyst Opportunity For Shares (NYSE:JPM),2026-04-09,JPM
Gear Up for JPMorgan Chase & Co. (JPM) Q1 Earnings: Wall Street Estimates for Key Metrics,2026-04-09,JPM
Q1 2026 Investment Review: Constructive outlook despite volatility,2026-04-10,JPM
"JPMorgan Chase & Co. Buys Shares of 42,687 USA Rare Earth Inc. $USAR",2026-04-12,JPM
JPMorgan and Other Banks Set to Report Earnings as ‘Wall of Worry’ Looms,2026-04-12,JPM
"Bank Earnings: Goldman Sachs Sets the Tone, But Can JPM and Others Surprise?",2026-04-13,JPM
NIKE INC : JP Morgan reaffirms its Neutral rating,2026-04-13,JPM
JPM or MS: Which Stock Looks More Compelling Ahead of Q1 Earnings?,2026-04-13,JPM
Here's How Much JPMorgan Chase Stock Is Expected to Move After Earnings,2026-04-13,JPM
Earnings To Watch: JPMorgan Chase (JPM) Reports Q1 Results Tomorrow,2026-04-13,JPM
"JPMorgan profit beats expectations on record trading revenue, strong dealmaking",2026-04-14,JPM
JPMorgan Chase Stock (JPM) Opinions on Q1 Earnings Beat,2026-04-14,JPM
JPMorgan Chase Q1 2026 earnings beat expectations,2026-04-14,JPM
"U.S. Economy Remains Resilient in Face of Iran War, Banks Say",2026-04-14,JPM
JPMorgan Chase & Co. 2026 Q1 - Results - Earnings Call Presentation (NYSE:JPM) 2026-04-14,2026-04-14,JPM
Earnings call transcript: JPMorgan Chase exceeds Q1 2026 earnings expectations,2026-04-14,JPM
"JPMorgan, Wells Fargo, BlackRock: Bank earnings takeaways",2026-04-14,JPM
Watch JPMorgan (JPM) Traders Post Highest-Ever Quarterly Revenue,2026-04-14,JPM
JPMorgan Chase & Co. (JPM) Q1 Earnings and Revenues Beat Estimates,2026-04-14,JPM
"Stock Market Movers: JPMorgan, Oracle, Bloom Energy, Credo Technology, American Airlines",2026-04-14,JPM
"Jim Cramer Notes “JPMorgan’s a Terrific Bank, But It Has a Gazillion Important Inputs to Its Quarter”",2026-04-14,JPM
JPMorgan Chase (NYSE:JPM) Posts Better-Than-Expected Sales In Q1 CY2026,2026-04-14,JPM
JPMorgan Stock Is Coiling Near All-Time Highs — Here's What Comes Next,2026-04-14,JPM
JPMorgan Traders Blow Past Expectations With Biggest-Ever Haul,2026-04-14,JPM
$4.9T bank JPMorganChase posts first-quarter results,2026-04-14,JPM
JPMorgan and other big banks see profits rise as Dimon warns of 'increasingly complex set of risks',2026-04-14,JPM
"JPMorgan Chase Q1 earnings beat, but NII outlook trimmed (JPM:NYSE)",2026-04-14,JPM
"JPMorgan tops estimates on Wall Street results, Dimon flags 'increasingly complex' economic risks",2026-04-14,JPM
"Bank earnings: JPMorgan, Wells Fargo post profit beats",2026-04-14,JPM
Trump Comment Triggers Massive Short Squeeze - Market Deep Into Resistance Zone; JPMorgan Warns Of Risks,2026-04-14,JPM
JPMorgan Chase & Co. Q1 2026 Earnings Call Summary,2026-04-14,JPM
JPMorgan Chase & Co. (JPM) Q1 Earnings: How Key Metrics Compare to Wall Street Estimates,2026-04-14,JPM
JPMORGAN ($JPM) Releases Q1 2026 Earnings,2026-04-14,JPM
"JPMorgan tops earnings estimates on trading, investment banking strength",2026-04-14,JPM
"JPMorgan Tops Estimates. CEO Jamie Dimon Sees Economic Tailwinds, Risks.",2026-04-14,JPM
JPMorgan Chase tops earnings estimates,2026-04-14,JPM
Jamie Dimon Says JPMorgan Stock Isn’t Cheap. Why the Bank Is Still Buying Back Billions.,2026-04-15,JPM
JPMorgan Chase Stock Falls As Bank Lowers Net Interest Income Guidance Despite Earnings Beat,2026-04-15,JPM
JPMorgan upgrades MTR Corporation stock rating on property outlook,2026-04-15,JPM
"JPMorgan revenue rises on payments, card income",2026-04-15,JPM
JPMorgan Chase (JPM) Net Margin Slip Tests Bullish Premium Ahead Of Q1 2026 Earnings,2026-04-15,JPM
"Zacks Earnings Trends Highlights: JPMorgan, Wells Fargo and Citigroup",2026-04-15,JPM
JP Morgan Trims Venture Global (VG) Price Target by $3,2026-04-15,JPM
RBC Capital keeps JPMorgan stock rating on strong Q1 results,2026-04-15,JPM
"JPMorgan Chase Earnings: Strong Results Across All Segments, Yet Shares Fully Valued",2026-04-16,JPM
Cisco Systems Inc. (CSCO) Price Target Raised to $96 by JPMorgan,2026-04-18,JPM
5 Insightful Analyst Questions From JPMorgan Chase’s Q1 Earnings Call,2026-04-20,JPM
"Supply chains, defense, energy: JPMorganChase widens $1.5T Europe push",2026-04-20,JPM
Assessing JPMorgan Chase (JPM) Valuation After Recent Share Performance And Earnings Strength,2026-04-20,JPM
JPMorgan Surge Sends Warning to Portfolios With Big Bank Holdings,2026-04-20,JPM
"The Zacks Analyst Blog Broadcom, JPMorgan, Cisco, Preformed Line Products and CompX",2026-04-21,JPM
JPMorgan Stock Falls After Q1 2026 Earnings Beat: What a $338 Street Target Means for Investors,2026-04-21,JPM
RKT Stock Dips As JPMorgan Slashes Price Target,2026-04-21,JPM
Earnings millions at JPMorgan versus earning millions at Morgan Stanley. An observation,2026-04-22,JPM
Why Are Stocks at Record Highs with no Iran Resolution?,2026-04-24,JPM
JPMorgan optimistic about global stock markets: Iran conflict creates a good opportunity to buy the dip,2026-04-27,JPM
"Jamie Dimon to speak in New York on May 27, with live webcast",2026-04-27,JPM
3 Reasons to Avoid JPM and 1 Stock to Buy Instead,2026-04-28,JPM
JPM Off to a Solid 2026 Start: Should Investors Buy the Stock?,2026-04-28,JPM
JPMorgan resets Bloom Energy stock price target,2026-04-29,JPM
What Are Wall Street Analysts' Target Price for JPMorgan Chase Stock?,2026-04-30,JPM
"JPMorgan Maintains a Neutral Rating on Super Micro Computer, Inc. (SMCI)",2026-04-30,JPM
JPMorganChase files quarterly report with $4.9T in assets,2026-05-01,JPM
JPMorgan Chase & Co. (JPM) is Attracting Investor Attention: Here is What You Should Know,2026-05-01,JPM
AI Is Driving the Market: J.P. Morgan Picks 2 Stocks With Direct Exposure,2026-05-03,JPM
"JPMorgan Chase (FIS) holds 37.9M shares, a 7.3% stake in FIS",2026-05-04,JPM
JPMorgan’s Matejka Sees More Stock Gains After Narrow Rally,2026-05-05,JPM
Assessing JPMorgan Chase (JPM) Valuation After Recent Share Price Rebound,2026-05-05,JPM
Student transit company Zum lands No. 4 among fastest-growing women-led firms,2026-05-06,JPM
JPMorgan vs. Bank of America: How the 2 Dividend-Paying Bank Stocks Stack Up in 2026,2026-05-08,JPM
Can JPMorgan Chase Stock Reach $400 in 2026?,2026-05-10,JPM
JPMorgan Chase puts $14M behind new tools to stop scams,2026-05-12,JPM
J.P. Morgan puts $100M into Ethereum fund that pays yield on-chain,2026-05-13,JPM
"JPMorgan Chase (DOC) holds 43.09M shares, 6.1% stake in Healthpeak (05/13/2026)",2026-05-13,JPM
Why Is JPMorgan Chase & Co. (JPM) Down 1.9% Since Last Earnings Report?,2026-05-14,JPM
"JPMorgan reports 1.12M AutoZone (AZO) shares, 6.8% stake",2026-05-14,JPM
JPMorgan doubles down on stock market message for 2026,2026-05-14,JPM
JPMorgan ETFs (Ireland) ICAV: Declaración de dividendos,2026-05-15,JPM
Augustus CEO says banks can’t rebuild for AI and stablecoins,2026-05-15,JPM
JPMorgan Chase co-CEO Petno sells $1.7m in JPM stock,2026-05-15,JPM
JPMorgan ETFs (Ireland) ICAV: Dividend Declaration,2026-05-15,JPM
Weekly Wrap: Crypto Falls Alongside Stocks As Treasury Yields Spike,2026-05-15,JPM
Iranian leader warns of 'brand new' financial crisis hitting America — mocks 5% Treasury yield and $39T debt,2026-05-16,JPM
Absolute Batman #20 Owns Bleeding Cool Top Ten Weekly Bestseller List,2026-05-16,JPM
‘The Butterfly Trust’: How Deutsche Bank maintained Jeffrey Epstein as a client until he was arrested,2026-05-17,JPM
"Robinhood, SoFi, and Webull Are Telling Very Different Stories",2026-05-17,JPM
"JPMorgan Chase, with $4.9T in assets, declares dividend",2026-05-18,JPM
14 books J.P. Morgan’s advisors say are worth reading this summer,2026-05-18,JPM
"Sensex today | Stock Market Highlights: Sensex closes flat, Nifty ends at 23,650 as Iran war worries offset IT gains",2026-05-18,JPM
Proof of Talk returns to the Louvre with 100+ C-Level speakers representing $18 trillion in AUM,2026-05-18,JPM
Cedears que pagan dividendos: cuáles son las empresas internacionales recomendadas por los especialistas para invertir en pesos,2026-05-18,JPM
Iran’s Building a Bitcoin Empire for the Strait of Hormuz,2026-05-18,JPM
JPMorgan Chase & Co. (JPM) – Among the 10 Best “Dogs of the Dow” Stocks to Buy for the Rest of 2026,2026-05-18,JPM
JP Morgan Raises Price Target on Target Corp. (TGT),2026-05-19,JPM
Is JPMorgan Chase (JPM) Undervalued After Recent Share Price Softness And Long Term Outperformance,2026-05-19,JPM
"Stock market today: S&P 500, Nasdaq rise in countdown to Nvidia earnings",2026-05-19,JPM
"Stock market today: Dow, S&P 500, Nasdaq gain as oil prices fall, bond sell-off eases",2026-05-19,JPM
"Stock market today: Dow, S&P 500, Nasdaq rise in countdown to Nvidia earnings",2026-05-19,JPM
Marianne Lake to speak for JPMorgan at U.S. financials conference,2026-05-20,JPM
Dover Stock Outlook: Is Wall Street Bullish or Bearish?,2026-05-20,JPM
How is this Possible? (Bank Fraud; Vanity),2026-05-20,JPM
Is JPMorgan Chase a good long-term investment in 2026?,2026-05-21,JPM
"JPMorgan to hire more AI specialists, fewer bankers as Dimon bets big on automation",2026-05-21,JPM
The Best US Financial Stocks for a Dividend Growth Portfolio,2026-05-21,JPM
“Cash in the Long Haul Is Trash”: Why This Money Expert Rejects Traditional Retirement Buckets,2026-05-21,JPM
This big bank on Josh Brown's Best Stocks list is beating out JPMorgan Chase,2026-05-21,JPM
"JPMorgan Chase 2026: Sovereign Utility Scale, AI Dominance, And Capital Traps (Rating Downgrade)",2026-05-21,JPM
JPMorgan outlines how the S&P 500 can soar more than 20% in the next year,2026-05-22,JPM
"JPMorgan plans to hire more AI experts, fewer bankers",2026-05-22,JPM
摩根大通擁抱AI重塑人力 執行長戴蒙警示利率風險,2026-05-22,JPM
The Closed Card Problem: Why $550 Monthly Payments Leave Balances Frozen,2026-05-22,JPM
JPMorgan looks to offload exposure to $4bn in private equity-linked loans - Financial Times,2026-05-22,JPM
Timely Integration of specialist palliative care into oncology care for patients receiving radiotherapy for bone metastases: A study procotol for the TIPZO-RT Randomized Controlled Trial,2026-05-22,JPM
Jamie Dimon says AI is changing bank jobs as Wall Street backs crypto,2026-05-22,JPM
JPMorgan resets Nvidia stock price target after earnings,2026-05-23,JPM
Absolute Green Arrow Leads Bleeding Cool Top 11 Weekly Bestseller List,2026-05-23,JPM
Jamie Dimon has bad news for JPMorgan bankers,2026-05-23,JPM
JPMorgan Chase & Co. (JPM) Declares Quarterly Dividend of $1.50 per Share,2026-05-24,JPM
‘No nonsense’ Wall Street titans playing nice with Mamdani are part of the problem,2026-05-24,JPM
"Sensex today | Stock Market Highlights: Sensex jumps over 1,000 points as easing crude prices lift Nifty above 24,000",2026-05-25,JPM
"Micron Warns Memory Crunch Will Outlast 2026 as AI Demand Outpaces What HBM, DRAM and NAND Can Supply",2026-05-25,JPM
JPMorgan resets HPQ stock price target ahead of earnings,2026-05-25,JPM
Ex-JPMorgan banker Chirayu Rana dealt second major legal blow in explosive sex slave lawsuit,2026-05-26,JPM
JPMorgan Chase & Co. (JPM) – Among the 10 Best Blue Chip Stocks to Buy for Your Retirement Portfolio,2026-05-26,JPM
JPMorgan reveals spending $20 billion on an acquisition,2026-05-27,JPM
SoFi rolls out SoFiUSD stablecoin to 14.7 million app users,2026-05-27,JPM
Jamie Dimon says JPMorgan could spend up to $20B on acquisition,2026-05-27,JPM
Why Is the US Stock Market Down Today?,2026-05-27,JPM
JPMorgan Chase posts preferred stock update at $4.9T bank,2026-05-27,JPM
JPMorgan Chase & Co. (JPM) Stock Slides as Market Rises: Facts to Know Before You Trade,2026-05-27,JPM
Trump’s Bull Market is Over? Not a Chance! JPM Says S&P Can Rally 22% From Here,2026-05-27,JPM
New JPMorgan ETF blends U.S. stocks with managed futures for diversification,2026-05-28,JPM
New J.P. Morgan ETF blends U.S. stocks with managed futures for diversification,2026-05-28,JPM
JPMorgan's $20B Deal War Chest: What It Means for JPM Stock,2026-05-28,JPM
Jamie Dimon spills beans on his next big JPMorgan deal,2026-05-28,JPM
"Mateta, de tener la ""oreja colgando"" y su frustrado fichaje por el Milan... a 'verdugo' del Rayo en la Conference",2026-05-28,JPM
黃仁勳傳加入北京清華經管顧委會，輝達深化中國連結牽動AI晶片布局,2026-05-28,JPM
JPMorgan Chase Stock: Is JPM Outperforming the Financial Sector?,2026-05-28,JPM
J.P. Morgan Asset Management Launches JPMorgan Managed Futures Plus ETF (JPFP) on NYSE,2026-05-28,JPM
Big Bank CEOs still see a resilient US economy — with some caveats,2026-05-28,JPM
Ethereum hosts launch of first stablecoin from US national bank,2026-05-28,JPM
Is Berkshire Hathaway Stock Underperforming the S&P 500?,2026-05-28,JPM
JPMorgan considera que se enfría la apuesta por Bitcoin tras fuertes salidas entre los ETF,2026-05-28,JPM
FIDCs ganham força e prometem mudar o mercado de crédito no Brasil,2026-05-28,JPM
Why Wall Street is buzzing again about David Solomon’s DJ side gig,2026-05-29,JPM
Supermajor Warns Oil Prices Could Hit $160 Within Weeks,2026-05-29,JPM
GOP lawmakers' portfolios are migrating to Trump favorites like Intel and bitcoin,2026-05-29,JPM
Dollar Dominance Remains Alive And Well (Part 1),2026-05-29,JPM
Aluminum Skyrockets to Four-Year High as Globalist Supply Crunch Exposes the Rot of Centralized Control,2026-05-29,JPM
SoFi becomes first US national bank to launch a stablecoin in a consumer app,2026-05-30,JPM
Analyst Reaffirms Buy Rating on Constellation Energy (CEG) Following Strong Q1,2026-05-30,JPM
Jamie Dimon Says JPMorgan (JPM) Could Spend Up to $20 Billion on an Acquisition,2026-05-30,JPM
Absolute Wonder Woman Vs Batman: Bleeding Cool Weekly Bestseller List,2026-05-30,JPM
Rethinking ETFs for institutions,2026-05-30,JPM
"JPMORGAN SUSTAINABLE MUNICIPAL INCOME ETF To Go Ex-Dividend On June 1st, 2026 With 0.14994 USD Dividend Per Share",2026-05-30,JPM
Bitwise Bitcoin Standard Corporations ETF,2026-05-30,JPM
Zweig DiMenna Associates LLC Makes New $7.74 Million Investment in Microchip Technology Incorporated $MCHP,2026-05-30,JPM
VeriSign Inc. (VRSN): Renaissance Technologies Admires This Company,2026-05-30,JPM
5 Most Volatile Penny Stocks to Buy Now,2026-05-30,JPM
JPMorgan Chase & Co (JPM) Shares Surge 0.9% -- What GF Score of 81 Tells Investors,2026-05-30,JPM
JPMorgan Chase & Co (JPM),2026-05-30,JPM
Power Solutions International (PSIX): Leopold Aschenbrenner Admires This Power Firm,2026-05-30,JPM
Jim Cramer on Lowe’s: “The Company’s Doing So Much Better Than Anybody Expected”,2026-05-30,JPM
Do Wall Street analysts like Everest Group stock?,2026-05-30,JPM
Jim Cramer Says Pool Corporation “Needs More Housing Turnover”,2026-05-30,JPM
"Jpmorgan Ultra-Short Municipal Income Etf To Go Ex-Dividend On June 1st, 2026 With 0.10395 USD Dividend Per Share",2026-05-30,JPM
"Jpmorgan Municipal Etf To Go Ex-Dividend On June 1st, 2026 With 0.15157 USD Dividend Per Share",2026-05-30,JPM
"BMO Beats Quarterly Earnings Again, And Remains A Strong Dividend Idea Among Banks",2026-05-30,JPM
BioMarin Pharmaceutical Inc. (BMRN) A Stock that Could 10x by 2030 on Pipeline Development,2026-05-30,JPM
One Reason An Apple Card Might Be Worth It For You,2026-05-30,JPM
"JPMORGAN BETABUILDERS USD INVESTMENT GRADE CORPORATE BOND ETF To Go Ex-Dividend On June 1st, 2026 With 0.18661 USD Dividend Per Share",2026-05-30,JPM
MUFG Securities EMEA plc Increases Position in Norwegian Cruise Line Holdings Ltd. $NCLH,2026-05-31,JPM
"Vestmark Advisory Solutions Inc. Acquires 56,454 Shares of JPMorgan Chase & Co. $JPM",2026-05-31,JPM
Navient Corporation Announces $500 Million 9.375% Senior Notes Due 2031 Offering and Underwriting Agreement,2026-05-31,JPM
"Hillsdale Investment Management Inc. Increases Position in Texas Capital Bancshares, Inc. $TCBI",2026-05-31,JPM
"MUFG Securities EMEA plc Buys 81,599 Shares of MSCI Inc $MSCI",2026-05-31,JPM
"Nomura Asset Management Co. Ltd. Boosts Stock Position in The Goldman Sachs Group, Inc. $GS",2026-05-31,JPM
Finance of America Companies Inc. $FOA is Beach Point Capital Management LP's 4th Largest Position,2026-05-31,JPM
Verity & Verity LLC Grows Stock Holdings in Canadian Natural Resources Limited $CNQ,2026-05-31,JPM
Morgan Stanley Raises its Price Target on Hewlett Packard (HPE),2026-05-31,JPM
Morgan Stanley Reiterates Underweight on Consolidated Edison (ED) Following Target Cut,2026-05-31,JPM
EQH - Aging Population Trends Will Expand Retirement Solutions,2026-05-31,JPM
"Sfmg LLC Acquires Shares of 6,972 Republic Services, Inc. $RSG",2026-05-31,JPM
"Geode Capital Management LLC Acquires 11,556 Shares of LPL Financial Holdings Inc. $LPLA",2026-05-31,JPM
Bank of America (NYSE:BAC) Stock Forecast & Analyst Predictions,2026-05-31,JPM
JPMorgan BetaBuilders USD Investment Grade Corporate Bond ETF declares monthly distribution of $0.1916,2026-05-31,JPM
Tencent Music Entertainment Group Sponsored ADR $TME Shares Sold by Jupiter Asset Management Ltd.,2026-05-31,JPM
BofA Raises its Price Target on The Toronto-Dominion Bank (TD),2026-05-31,JPM
"Exploring New Paradigms for AI-Empowered Finance, ""Phoenix Financial Forum for the Greater Bay Area Financial Summit"" Held in Shenzhen",2026-05-31,JPM
FedEx Stock Targets 14% Upside as Wells Fargo Sets Bullish Price Target,2026-05-31,JPM
J.P. Morgan Sticks to Its Buy Rating for MINISO Group Holding Ltd. (9896),2026-05-31,JPM
Medline Inc. announces launch of secondary offering of Class A common stock,2026-05-31,JPM
Intech Investment Management LLC Has $5.97 Million Stock Holdings in Sunrun Inc. $RUN,2026-05-31,JPM
JPMorgan exits substantial holder position in Lifestyle Communities,2026-05-31,JPM
"Jpmorgan Core Plus Bond Etf To Go Ex-Dividend On June 1st, 2026 With 0.18653 USD Dividend Per Share",2026-05-31,JPM
BMO Capital Trims Eversource Energy (ES) Forecast After First-Quarter Update,2026-05-31,JPM
RBC Capital Remains a Buy on Crown Holdings (CCK),2026-05-31,JPM
"Norges Bank Invests $2.52 Billion in The Goldman Sachs Group, Inc. $GS",2026-05-31,JPM
"Mohawk Industries, Inc. (NYSE:MHK) Given Average Rating of ""Hold"" by Analysts",2026-05-31,JPM
"Fifth Third Bancorp Sells 39,641 Shares of Apple Inc. $AAPL",2026-05-31,JPM
"Fideuram Asset Management Ireland dac Invests $979,000 in Flex Ltd. $FLEX",2026-05-31,JPM
"Flputnam Investment Management Co. Sells 960 Shares of Equinix, Inc. $EQIX",2026-05-31,JPM
"Raymond James Financial, Inc. $RJF Shares Sold by Geode Capital Management LLC",2026-05-31,JPM
"The Travelers Companies, Inc. $TRV Stock Holdings Increased by Forsta AP Fonden",2026-05-31,JPM
"Eurizon Capital SGR S.p.A. Invests $35.12 Million in The PNC Financial Services Group, Inc $PNC",2026-05-31,JPM
Commonwealth of Pennsylvania Public School Empls Retrmt SYS Trims Stake in Citigroup Inc. $C,2026-05-31,JPM
Eurizon Capital SGR S.p.A. Makes New $39.12 Million Investment in Regions Financial Corporation $RF,2026-05-31,JPM
Commonwealth of Pennsylvania Public School Empls Retrmt SYS Has $38.82 Million Stock Holdings in The Charles Schwab Corporation $SCHW,2026-05-31,JPM
Legal & General Group Plc Increases Stake in Acadia Realty Trust $AKR,2026-05-31,JPM
Jefferies Financial Group Inc. Lowers Holdings in General Motors Company $GM,2026-05-31,JPM
"17,795 Shares in Allegion PLC $ALLE Purchased by Kingsview Wealth Management LLC",2026-05-31,JPM
"Intech Investment Management LLC Cuts Stock Position in DICK'S Sporting Goods, Inc. $DKS",2026-05-31,JPM
Raymond James Financial (RJF) Reports Record Client Assets of $1.87 Trillion,2026-05-31,JPM
National Pension Service Has $67.16 Million Stock Holdings in Crown Castle Inc. $CCI,2026-05-31,JPM
"Norges Bank Takes $735.76 Million Position in Targa Resources, Inc. $TRGP",2026-05-31,JPM
Hillsdale Investment Management Inc. Grows Stake in Bank of America Corporation $BAC,2026-05-31,JPM
"JPMorgan BetaBuilders USD High Yield Corporate Bond ETF To Go Ex-Dividend On June 1st, 2026 With 0.26356 USD Dividend Per Share",2026-05-31,JPM
A. O. Smith (AOS) – Among the Top 10 Dividend Aristocrat Stocks Ranked by Yield,2026-05-31,JPM
"Jpmorgan Ultra-Short Income Etf To Go Ex-Dividend On June 1st, 2026 With 0.16891 USD Dividend Per Share",2026-05-31,JPM
"America’s Car-Mart forms special committee, appoints Adam Paul as director",2026-05-31,JPM
JPMorgan (JPM): The Best Undervalued Financial Stock to Buy Now,2026-05-31,JPM
JCHI Stock Fund Price and Chart — AMEX:JCHI,2026-05-31,JPM
"JPMORGAN LIMITED DURATION BOND ETF To Go Ex-Dividend On June 1st, 2026 With 0.18475 USD Dividend Per Share",2026-05-31,JPM
"JPMORGAN INFLATION MANAGED BOND ETF To Go Ex-Dividend On June 1st, 2026 With 0.294 USD Dividend Per Share",2026-05-31,JPM
"JPMorgan Equity Premium Income ETF To Go Ex-Dividend On June 1st, 2026 With 0.38921 USD Dividend Per Share",2026-05-31,JPM
Barrick Gold rumoured to weigh London listing in push to unlock African asset value,2026-06-01,JPM
OceanFirst (NASDAQ: OCFC) completes Flushing merger and $225M Warburg Pincus investment,2026-06-01,JPM
Xometry Announces Proposed Public Offering of Class A Common Stock,2026-06-01,JPM
Xometry Inc. (NASDAQ: XMTR) seeks $225M in Class A share sale,2026-06-01,JPM
L’Aveyron lance une campagne publicitaire nationale pour ses entreprises,2026-06-01,JPM
300% Participation ARN from Barclays (DJP): Capped upside to $12.76 per unit,2026-06-01,JPM
JPMorgan (JPM) launches uncapped 2.10× barrier notes linked to S&P 500 futures,2026-06-01,JPM
"CIBC (CM) issues auto‑callable, contingent‑coupon notes linked to three indices",2026-06-01,JPM
BBB Foods closes 15.3M-share follow-on offering | TBBB SEC Filing - Form 6-K,2026-06-01,JPM
[424B2] BARCLAYS BANK PLC Prospectus Supplement,2026-06-01,JPM
E*TRADE from Morgan Stanley Releases Monthly Sector Rotation Study,2026-06-01,JPM
Former Epstein Banker Paul Morris Departs BofA’s Merrill Unit,2026-06-01,JPM
JPMorgan BetaBuilders US Aggregate Bond ETF declares monthly distribution of $0.1714,2026-06-01,JPM
JPMorgan BetaBuilders USD high yield corporate bond ETF declares monthly distribution of $0.2636,2026-06-01,JPM
AbbVie Inc. stock (US00287Y1091): shares retreat as NYSE trading turns lower despite fresh oncology momentum,2026-06-01,JPM
"MUFG Securities EMEA plc Boosts Stock Holdings in Brown & Brown, Inc. $BRO",2026-06-01,JPM
The Charles Schwab Corporation $SCHW Shares Purchased by MUFG Securities EMEA plc,2026-06-01,JPM
MUFG Securities EMEA plc Increases Holdings in Synchrony Financial $SYF,2026-06-01,JPM
Deere & Company $DE Shares Bought by MUFG Securities EMEA plc,2026-06-01,JPM
Hewlett Packard Stock Hits 52-Week High - Here's Why,2026-06-01,JPM
Form FWP JPMORGAN CHASE & CO Filed by: JPMORGAN CHASE & CO,2026-06-01,JPM
Nomura Asset Management Co. Ltd. Decreases Stock Position in Archer Daniels Midland Company $ADM,2026-06-01,JPM
BofA Wealth Advisor Who Worked With Epstein Leaves Firm,2026-06-01,JPM
"Nomura Asset Management Co. Ltd. Sells 213,464 Shares of Arthur J. Gallagher & Co. $AJG",2026-06-01,JPM
Peapack Gladstone Financial Corp Has $16.80 Million Stake in Bloom Energy Corporation $BE,2026-06-01,JPM
"Peapack Gladstone Financial Corp Sells 7,904 Shares of Procter & Gamble Company (The) $PG",2026-06-01,JPM
#47 Valley Bank's COO is Building an AI-ready bank,2026-06-01,JPM
Sasol Share Price Attempts to Resume Uptrend in June as Oil Bounce Offers Relief,2026-06-01,JPM
"Alphabet Announces $80B Fund Raise, Berkshire Hathaway To Invest $10B In Private Placement",2026-06-01,JPM
Capped buffered notes tied to EMXC ETF — JPMorgan (NYSE: JPM) offering,2026-06-01,JPM
"JPMorgan (JPM) offers capped buffered equity notes with 15% buffer, 96.65% cap",2026-06-01,JPM
"3,764,462 Shares in Cheniere Energy, Inc. $LNG Purchased by Norges Bank",2026-06-01,JPM
"National Pension Service Has $19.37 Million Stock Position in NetApp, Inc. $NTAP",2026-06-01,JPM
"Telix Pharmaceuticals Shares Given Aggressive Price Target, as New Bull Emerges",2026-06-01,JPM
JPMorgan high yield municipal ETF declares monthly distribution of $0.1863,2026-06-01,JPM
Royal Bank Of Canada Reaffirms Outperform Rating for Church & Dwight (NYSE:CHD),2026-06-01,JPM
Jamie Dimon Challenges Stablecoin Bill As JPMorgan Expands Digital Asset Push,2026-06-01,JPM
JPMorgan Chase (NYSE: JPM) issues $500M 2030 notes; 4.408% fixed then SOFR-based,2026-06-01,JPM
Prudential Financial (NYSE: PRU) offers subordinated notes maturing 2056,2026-06-01,JPM
Honeywell's Quantinuum eyes $14.3 billion valuation in upsized US IPO,2026-06-01,JPM
Pinnacle West (PNW) files prospectus supplement for senior notes offering,2026-06-01,JPM
Conmed Secures $450 Million Delayed-Draw Term Loan With JPMorgan to Repurchase 2026 Notes,2026-06-01,JPM
"The Zacks Analyst Blog Highlights JPMorgan Chase, GE Aerospace, Western Digital, Syntec Optics and Investors Title",2026-06-01,JPM
"Noble Corporation (NYSE: NE) ups credit facility, plans $500M 2034 notes",2026-06-01,JPM
Dogecoin taps Paxos network for access to hundreds of millions of users,2026-06-01,JPM
"Thompson Siegel & Walmsley LLC Sells 56,865 Shares of Archer Daniels Midland Company $ADM",2026-06-01,JPM
"Apollo chief economist says there's ‘zero evidence’ AI is killing jobs—in fact, he says it's creating them",2026-06-01,JPM
FedEx Completes Spin-off of Freight Holding Company,2026-06-01,JPM
Wilian Securities LLC Makes New Investment in JPMorgan Chase & Co. $JPM,2026-06-01,JPM
"Savant Capital LLC Sells 76,331 Shares of The PNC Financial Services Group, Inc $PNC",2026-06-01,JPM
Should JPMorgan Diversified Return U.S. Equity ETF (JPUS) Be on Your Investing Radar?,2026-06-01,JPM
Fifth Third Announces Transfer of Listing of Common Stock to the New York Stock Exchange,2026-06-01,JPM
FactSet stock hits 52-week high at 251.12 USD despite yearly decline,2026-06-01,JPM
Truist Financial Increases CVS Health (NYSE:CVS) Price Target to $108.00,2026-06-01,JPM
YieldMax JPM Option Income Strategy ETF,2026-06-01,JPM
"JPMorgan (NYSE: JPM) issues 6.00% callable notes due 2046, $1,000 each",2026-06-01,JPM
JPMorgan Nasdaq Equity Premium Income ETF declares monthly distribution of $0.5644,2026-06-01,JPM
JPMorgan income ETF declares monthly distribution of $0.2097,2026-06-01,JPM
JPMorgan ultra-short income ETF declares monthly distribution of $0.1689,2026-06-01,JPM
JPMorgan Active Bond ETF declares monthly distribution of $0.1925,2026-06-01,JPM
Conagra Brands Inc stock (US2058871029): shares steady after fiscal Q3 2026 results and analyst target moves,2026-06-01,JPM
Barclays shares are 11% below their 52-week high. Could they be a bit of a bargain to consider?,2026-06-01,JPM
Rexford Industrial Realty (NYSE:REXR) Given New $44.00 Price Target at Wells Fargo & Company,2026-06-01,JPM
MoneyGram Launches MGUSD Stablecoin on Stellar,2026-06-01,JPM
"Evotec SE: Release according to Article 40, Section 1 of the WpHG [the German Securities Trading Act] with the objective of Europe-wide distribution",2026-06-01,JPM
JPMorgan (NYSE: JPM) offers uncapped digital barrier notes due 2031,2026-06-01,JPM
TOMS Capital Sends Letter to Voya Financial?s Board of Directors,2026-06-01,JPM
UBS launches autocallable Zscaler-linked notes (AMUB) with $914.75 coupon,2026-06-01,JPM
"Geode Capital Management LLC Buys 115,968 Shares of KeyCorp $KEY",2026-06-01,JPM
Tokenization 2030,2026-06-01,JPM
Chubb Ltd stock hits 52-week low at 309.85 USD By Investing.com,2026-06-01,JPM
Intuit Inc. (INTU): Among The Most Oversold S&P 500 Stocks So Far in 2026,2026-06-01,JPM
"Rio Tinto (NYSE: RIO) details voting rights, PDMR awards and Vanguard stake",2026-06-01,JPM
Norges Bank Makes New $664.56 Million Investment in Microchip Technology Incorporated $MCHP,2026-06-01,JPM
"Resolute Capital LLC Purchases Shares of 76,775 Energy Transfer LP $ET",2026-06-01,JPM
Kingsview Wealth Management LLC Purchases New Stake in AECOM $ACM,2026-06-01,JPM
Alphabet plans to raise $80 billion from stock sales to fund AI build-out,2026-06-01,JPM
Constellation Energy Corporation Announces Secondary Public Offering of Common Stock,2026-06-01,JPM
"Savant Capital LLC Sells 53,005 Shares of Philip Morris International Inc. $PM",2026-06-01,JPM
Morgan Stanley flags unexpected Dell stock update after earnings,2026-06-01,JPM
"H. B. Fuller Company (NYSE:FUL) Receives Consensus Rating of ""Moderate Buy"" from Brokerages",2026-06-01,JPM
"Top stock reports for JPMorgan, GE Aerospace and Western Digital",2026-06-01,JPM
FedEx Completes Spin-Off of FedEx Freight,2026-06-01,JPM
Is Citigroup Stock Outperforming the Dow?,2026-06-01,JPM
JPMorgan Chase & Co. $JPM Position Boosted by Americana Partners LLC,2026-06-01,JPM
JPMorgan Chase & Co. $JPM Shares Acquired by Cumberland Partners Ltd,2026-06-01,JPM
"Jefferies Financial Group Inc. Has $247,000 Holdings in Huron Consulting Group Inc. $HURN",2026-06-01,JPM
#7 State Street's Donna Milrod is Ahead of the Digital Asset Curve,2026-06-01,JPM
"Easterly Investment Partners LLC Cuts Stock Position in Merck & Co., Inc. $MRK",2026-06-01,JPM
JPMorgan Chase & Co. $JPM Stake Raised by Legato Capital Management LLC,2026-06-01,JPM
"Jefferies Financial Group Inc. Purchases Shares of 12,512 Avnet, Inc. $AVT",2026-06-01,JPM
"Norges Bank Takes Position in The Travelers Companies, Inc. $TRV",2026-06-01,JPM
State Street Corporation $STT Shares Sold by BNP Paribas Financial Markets,2026-06-01,JPM
Dropbox Completes New Senior Secured Revolving Credit Facility; Announces $900M Stock Repurchase Program,2026-06-01,JPM
ASTRAZENECA : Buy rating from JP Morgan,2026-06-01,JPM
"Trump's Scandals Are Muddying CLARITY's Chances, Mike Novogratz Says—But Do Prediction Markets Agree?",2026-06-01,JPM
Norges Bank Takes $552.28 Million Position in Public Service Enterprise Group Incorporated $PEG,2026-06-01,JPM
"JPMorgan sees further upside for Mag-7, but not a repeat of 2025",2026-06-01,JPM
Legal & General Group Plc Grows Stock Holdings in COPT Defense Properties $CDP,2026-06-01,JPM
"East West Bancorp, Inc. $EWBC Shares Sold by Legal & General Group Plc",2026-06-01,JPM
"IonQ, Inc. $IONQ Shares Acquired by Intech Investment Management LLC",2026-06-01,JPM
National Pension Service Increases Holdings in Ameren Corporation $AEE,2026-06-01,JPM
Karras Company Inc. Buys New Holdings in JPMorgan Chase & Co. $JPM,2026-06-01,JPM
Platt Wealth Management LLC Purchases New Position in JPMorgan Chase & Co. $JPM,2026-06-01,JPM
"Jefferies Financial Group Inc. Sells 9,263 Shares of Targa Resources, Inc. $TRGP",2026-06-01,JPM
"Jefferies Financial Group Inc. Sells 23,203 Shares of The Travelers Companies, Inc. $TRV",2026-06-01,JPM
"Orange Investment Advisors Inc. Sells 8,337 Shares of JPMorgan Chase & Co. $JPM",2026-06-01,JPM
Sustainable energy harvesting via a scalable Janus photonic metamaterial for thermoelectric generation,2026-06-01,JPM
"SoftBank's Masayoshi Son Calls AI '50X Bigger' Than The Dot-Com Boom, Says Corrections Could Be The 'Best Investment Opportunity'",2026-06-01,JPM
Investors Need to Realize Silver Supply Bailouts Are No Longer Available,2026-06-01,JPM
"National Pension Service Buys 13,273 Shares of Raymond James Financial, Inc. $RJF",2026-06-01,JPM
Arbor Realty Trust (ABR) Valuation Check After CLO Redemption And Liquidity-Boosting Refinancing,2026-06-01,JPM
JPMorgan's Bullish Q2 Outlook Highlights Fee Income Potential,2026-06-01,JPM
JPMorgan Chase & Co. (JPM) Exceeds Market Returns: Some Facts to Consider,2026-06-02,JPM
"Geode Capital Management LLC Has $288.19 Million Position in DT Midstream, Inc. $DTM",2026-06-02,JPM
BW Gestao de Investimentos Ltda. Trims Stake in FTAI Aviation Ltd. $FTAI,2026-06-02,JPM
"AXQ Capital LP Purchases Shares of 13,767 Marsh & McLennan Companies, Inc. $MRSH",2026-06-02,JPM
RLJ Lodging Trust Is Maintained at Underweight by Barclays,2026-06-02,JPM
"BNP Paribas Financial Markets Has $70.29 Million Holdings in Raymond James Financial, Inc. $RJF",2026-06-02,JPM
"BNP Paribas Sells 51,057 Shares of Emerson Electric Co. $EMR",2026-06-02,JPM
Forsta AP Fonden Reduces Holdings in Ameren Corporation $AEE,2026-06-02,JPM
"BNP Paribas Has $15.21 Million Stock Holdings in The Goldman Sachs Group, Inc. $GS",2026-06-02,JPM
"Geode Capital Management LLC Has $313.18 Million Stock Position in Lincoln Electric Holdings, Inc. $LECO",2026-06-02,JPM
JPMorgan upgrades Eagle Materials stock rating on demand outlook By Investing.com,2026-06-02,JPM
"12,169 Shares in Burlington Stores, Inc. $BURL Acquired by Eurizon Capital SGR S.p.A.",2026-06-02,JPM
"Easterly Investment Partners LLC Sells 651,068 Shares of Independence Realty Trust, Inc. $IRT",2026-06-02,JPM
KBank and Ant International turn to JPMorgan's Kinexys for real-time cross-border USD,2026-06-02,JPM
"MoneyGram launches stablecoin on Stellar, joining rush toward digital dollar payments",2026-06-02,JPM
"Essex Property Trust, Inc. $ESS Shares Sold by Cbre Investment Management Listed Real Assets LLC",2026-06-02,JPM
BBB Foods Inc. Announces Closing of Follow-On Offering and Exercise in Full of the Underwriter’s Option to Purchase Additional Shares,2026-06-02,JPM
"HighTower Advisors LLC Lowers Holdings in Sprouts Farmers Market, Inc. $SFM",2026-06-02,JPM
Why is Generac stock surging today?,2026-06-02,JPM
Stifel reiterates Artivion stock rating on surgeon survey results,2026-06-02,JPM
GSK : Deutsche Bank reaffirms its Neutral rating,2026-06-02,JPM
BBB Foods closes $497m share offering in Mexico By Investing.com,2026-06-02,JPM
Osisko Development (ODV) secures US$300M convertibles to fund Cariboo Gold,2026-06-02,JPM
"Barry Diller’s People Inc submits offer to buy MGM Resorts, valuing company at US$18 billion",2026-06-02,JPM
Top dow jones movers in Tuesday's session,2026-06-02,JPM
Alphabet $80 Billion Equity Sale Set to Break Fundraising Record,2026-06-02,JPM
Anthropic 将 Mythos 模型使用权限扩展至150家新增机构,2026-06-02,JPM
Uncover the latest developments among dow jones stocks in today's session.,2026-06-02,JPM
Legal & General Group Plc Grows Position in Primoris Services Corporation $PRIM,2026-06-02,JPM
JPMorgan Weighs US$20b Deal While Expanding In Europe And Crypto Debate,2026-06-02,JPM
"Dear Future Quantinuum Stock Investors, Mark Your Calendars for June 3",2026-06-02,JPM
"Ending soon: Earn 150,000 miles with this all-time-high Capital One Venture Business offer",2026-06-02,JPM
Why Is IBM Up 30% In A Week? An Old Trump Clip May Have Something To Do With It,2026-06-02,JPM
Jim Cramer looks at stocks that will go higher if tech retreats,2026-06-02,JPM
"Palo Alto CEO’s Pay, Now Nearly $100 Million, Is Most Rejected in Corporate America",2026-06-02,JPM
Jamie Dimon Says Blockchain Will 'Replace Financial Market Infrastructure',2026-06-02,JPM
Bank of America: Let The Capital Flow To Your Portfolio With This Banking Powerhouse,2026-06-02,JPM
Softbank's Masayoshi Son Isn't Worried About An AI Bubble— He's Hunting For The Next Trillion-Dollar Industry: 'Just The Beginning',2026-06-02,JPM
JPMorgan municipal ETF declares monthly distribution of $0.1516,2026-06-02,JPM
JEPI ETF Inflows Are Surging In 2026: Is the 9.78% Yield Worth It?,2026-06-02,JPM
Jim Cramer Discusses Wells Fargo (WFC),2026-06-02,JPM
Xometry taps investors for $225M in new stock sale at $85,2026-06-02,JPM
Xometry Announces Pricing of Public Offering of Class A Common Stock,2026-06-02,JPM
"In 1964, IBM risked its entire corporate empire on the System/360, a chaotic gamble to make all of its future machines compatible with the same software — and the architecture proved so robust that modern enterprise mainframes today are still running section",2026-06-02,JPM
Is JPMorgan Diversified Return International Equity ETF (JPIN) a Strong ETF Right Now?,2026-06-02,JPM
"Intech Investment Management LLC Sells 77,512 Shares of Flowserve Corporation $FLS",2026-06-02,JPM
"Is Alphatec (ATEC) a ""Cheap Stock"" Opportunity After Q1 2026",2026-06-02,JPM
Allient Inc stock hits all-time high of 80.96 USD By Investing.com,2026-06-02,JPM
Wes Moore Won't Say If He Took a Citigroup Bonus After the Bailout,2026-06-02,JPM
Guarantor: JPMorgan Chase & Co.,2026-06-02,JPM
"Truist Financial Reiterates ""Hold"" Rating for Science Applications International (NASDAQ:SAIC)",2026-06-02,JPM
"PRI Financials: Revenue Breakdown, Margins & Competitor Comparison",2026-06-02,JPM
JPMorgan ultra-short municipal income ETF declares monthly distribution of $0.1040,2026-06-02,JPM
Blue Owl Tech fund looks to sell $300 million bonds to refinance debt - Bloomberg,2026-06-02,JPM
BBB Foods closes $497m share offering in Mexico,2026-06-02,JPM
"Legal & General Group Plc Trims Stake in CommVault Systems, Inc. $CVLT",2026-06-02,JPM
JPMorgan Chase & Co. Issues Pessimistic Forecast for Chewy (NYSE:CHWY) Stock Price,2026-06-02,JPM
JPMorgan (JPM) offers Auto-Callable Buffered Notes with 1.47x upside to S&P 500,2026-06-02,JPM
"JPMorgan (NYSE: JPM) launches $365,000 structured notes linked to MQUSTVA index",2026-06-02,JPM
Moody's (MCO) to Host Q&A on Generative AI Strategy,2026-06-02,JPM
JPMorgan Chase & Co. Raises Credo Technology Group (NASDAQ:CRDO) Price Target to $250.00,2026-06-02,JPM
JPMorgan Inflation Managed Bond ETF declares monthly distribution of $0.2940,2026-06-02,JPM
JPMorgan Short Duration Core Plus ETF declares monthly distribution of $0.1735,2026-06-02,JPM
"JPMorgan Chase (NYSE: JPM) 5.45% callable notes due June 4, 2038",2026-06-02,JPM
Wells Fargo & Co Stock (WFC) Closed Up by 3.04% on Jun 2: Facts Behind the Movement,2026-06-02,JPM
JPMorgan Chase (NYSE: JPM) closes $500M fixed-to-floating 2030 notes,2026-06-02,JPM
Arch Capital prices $2 billion senior notes offering,2026-06-02,JPM
DoubleVerify Holdings (DV) Gets a Buy from J.P. Morgan,2026-06-02,JPM
Curbline Properties launches $400 million at-the-market equity offering,2026-06-02,JPM
Is It Time To Reassess Bank of America (BAC) After Its Recent Share Price Pullback,2026-06-02,JPM
Aptiv launches $1.35 billion tender offer for senior notes,2026-06-02,JPM
[424B2] JPMORGAN CHASE & CO Prospectus Supplement,2026-06-02,JPM
"Arch Capital Group Ltd. Announces $2,000,000,000 Public Offering of Senior Notes",2026-06-02,JPM
Xometry (XMTR) files prospectus supplement for $225M equity offering,2026-06-02,JPM
"Biotech Alvotech joins Jefferies, Goldman Sachs, UBS investor talks",2026-06-02,JPM
Morgan Stanley (MS) offers $7.59M auto-callable notes with 7.10% coupon,2026-06-02,JPM
Lung cancer trial shows responses in 6 of 7 patients on Nanobiotix drug,2026-06-02,JPM
Meet the JPMorganChase leader helping Iowans grow their financial futures,2026-06-02,JPM
How JPMorganChase is supporting the future of farming in Iowa,2026-06-02,JPM
BARCLAYS BANK PLC Prospectus Supplement,2026-06-02,JPM
[424B2] BARCLAYS BANK PLC Prospectus Supplement,2026-06-02,JPM
Should JPMorgan’s Bond Issuance and Preferred Redemption Strategy Shift How JPM (JPM) Investors View Its Fee Engine?,2026-06-02,JPM
JPMorgan ultra-short income ETF declares monthly distribution of $0.1689,2026-06-02,JPM
JPMorgan high yield municipal ETF declares monthly distribution of $0.1863,2026-06-02,JPM
Month-End Close Process and Reconciliation Tips,2026-06-02,JPM
"Nomura Asset Management Co. Ltd. Cuts Stock Position in Williams Companies, Inc. (The) $WMB",2026-06-02,JPM
"JPMorgan (JPM) prices callable 5.35% notes due 2038; $1,000 per note",2026-06-02,JPM
SM Energy CEO Beth McDonald to join J.P. Morgan energy fireside chat,2026-06-02,JPM
"Alphabet Announces $80B Fund Raise, Berkshire Hathaway To Invest $10B In Private Placement",2026-06-02,JPM
"Bank of Marin Bancorp shareholders elect board, approve auditor and executive pay",2026-06-02,JPM
JPMorgan BetaBuilders US Aggregate Bond ETF declares monthly distribution of $0.1714,2026-06-02,JPM
Auto-callable notes from JPMorgan (JPM) tied to MerQube Index with 9% contingent coupons,2026-06-02,JPM
SUV smashes into apartment; Comerica and Fifth Third bank closure list announced; other stories,2026-06-02,JPM
JPMorgan income ETF declares monthly distribution of $0.2097,2026-06-02,JPM
"2,019,197 Shares in Raymond James Financial, Inc. $RJF Purchased by Norges Bank",2026-06-02,JPM
"Barclays Bank PLC (DJP) sells SPY‑linked Buffered Notes due June 7, 2029",2026-06-02,JPM
How New CFO Hire And J.P. Morgan Fund Partnership At Cohen & Steers (CNS) Has Changed Its Investment Story,2026-06-02,JPM
StandardAero announces CEO transition and leadership changes,2026-06-02,JPM
"Amex Platinum, Venture X, Sapphire Reserve: Which Premium Travel Card Is Best?",2026-06-02,JPM
Sustainable Growth Advisers LP Trims Stake in Fomento Economico Mexicano S.A.B. de C.V. $FMX,2026-06-02,JPM
MUFG Securities EMEA plc Raises Stock Position in Johnson Controls International plc $JCI,2026-06-02,JPM
JPMorgan (JPM) launches 2028 buffered equity notes linked to five indices,2026-06-02,JPM
National Pension Service Lowers Stock Holdings in lululemon athletica inc. $LULU,2026-06-02,JPM
Array Digital Infrastructure stock hits all-time high of 52.28 USD,2026-06-02,JPM
Cantor Fitzgerald reiterates Overweight on ArriVent BioPharma stock By Investing.com,2026-06-02,JPM
Curbline (NYSE: CURB) sets $400M ATM facility and new forward sale deals,2026-06-02,JPM
Freedom Holding Corp. More Than Doubles Net Income and Reports Record Revenue in Fiscal 2026,2026-06-02,JPM
Principal Amount Tendered as of the Original Any and All Notes Early Participation Date,2026-06-02,JPM
"Deals & Recruiting Roundup: Carson, Merit, Raymond James, LPL And More",2026-06-02,JPM
JPM Auto-Callable Notes Linked to MAX Index Priced June 30 (NYSE: JPM),2026-06-02,JPM
Waterloo Capital L.P. Decreases Position in FS KKR Capital Corp. $FSK,2026-06-02,JPM
"JPMorgan Downgrades Sociedad Quimica y Minera de Chile S.A. to Neutral From Overweight, Adjusts PT to $100 From $94",2026-06-02,JPM
"Merchants Capital Provides $99M for General Electric Adaptive Reuse Project in Fort Wayne, Indiana",2026-06-02,JPM
"Xometry, Inc. Announces Pricing of $225 Million Underwritten Public Offering of Class A Common Stock",2026-06-02,JPM
Climeworks Locks In A 10-Year CDR Portfolio Deal With TD Bank,2026-06-02,JPM
"Palo Alto Networks, Inc. $PANW Stake Lifted by Peapack Gladstone Financial Corp",2026-06-02,JPM
"National Pension Service Decreases Stock Holdings in Darden Restaurants, Inc. $DRI",2026-06-02,JPM
"XPeng Inc. (09868.HK) received a JPMorgan purchase of 2,696,900 additional shares, valued at approximately HK$170 million.",2026-06-02,JPM
"Norges Bank Buys New Stake in NiSource, Inc $NI",2026-06-02,JPM
Anthropic Raises Stakes in Wall Street’s IPO Gold Rush,2026-06-03,JPM
The three reasons why oil is staying below $100 a barrel,2026-06-03,JPM
McKesson Unit Prices $2.25 Billion Leveraged Loan Ahead of IPO,2026-06-03,JPM
Jim Cramer talks the flow of money in Big Tech and the dealmaking race,2026-06-03,JPM
Jim Cramer: I fear SpaceX is losing so much money the stock could be a drain for some time,2026-06-03,JPM
Market Chatter: Morgan Stanley to Open Wealth Platforms to External AI Agents,2026-06-03,JPM
"Dow jumps 800 points, Nasdaq lags as investors rotate out of chip stocks for banks, retail: Live updates",2026-06-03,JPM
Sector Update: Financial Stocks Decline Wednesday Afternoon,2026-06-03,JPM
Umicore - Transparency notifications by JP Morgan Asset Management Holdings Inc.,2026-06-03,JPM
Cliffwater Investors Rush For The Exit As Redemption Requests Surge To 17%,2026-06-03,JPM
Why Jim Cramer Says Newly Public FedEx Freight Stock Could Be a ‘True Winner’,2026-06-03,JPM
"The Chase Sapphire Reserve's all-time-high 150,000-point bonus is ending soon. Here's why I applied",2026-06-03,JPM
"Private Credit Jitters Go Global As Partners Group Gates Fund, Shares Tumble 17%",2026-06-03,JPM
Does Bank of America's Deposit Franchise Power Earnings Growth?,2026-06-03,JPM
'The world is choosing Texas': Is 'Y'All Street' taking over as the new financial capital of America?,2026-06-03,JPM
'JPMorgan To Sell $1.85 Billion Debt For Belden's Ruckus Buyout' - Bloomberg News,2026-06-03,JPM
"SpaceX targets fixed $135 IPO roadshow price at $1.75 trillion valuation, source says",2026-06-03,JPM
Morgan Stanley will soon open its trillion-dollar wealth management funnel to AI agents,2026-06-03,JPM
Save on your next trip with these hotel booking apps,2026-06-03,JPM
"SpaceX Seeks $135 a Share for $75 Billion IPO, Reuters Says",2026-06-03,JPM
Sector Update: Financial Stocks Decline Late Afternoon,2026-06-03,JPM
15 Most Promising Stocks to Buy Right Now,2026-06-03,JPM
Freedom Holding Corp. More Than Doubles Net Income and Reports Record Revenue in Fiscal 2026,2026-06-03,JPM
General Mills (NYSE:GIS) Price Target Lowered to $31.00 at JPMorgan Chase & Co.,2026-06-03,JPM
JPMorgan (JPM) launches auto-callable notes with ≥8.65% contingent coupons,2026-06-03,JPM
Barclays (DJP) launches callable 5.25% fixed‑rate notes due 2031,2026-06-03,JPM
"Bank of America to Hire Nearly 4,000 Interns This Summer",2026-06-03,JPM
JP Morgan raises ASML estimates as chipmaker signals it can supply far more EUV tools than previously guided,2026-06-03,JPM
Higher Yield or Broader Dividend Diversification? VYM vs. HDV,2026-06-03,JPM
What’s driving financial sponsors to diversify?,2026-06-03,JPM
Why IonQ Stock Skyrocketed 59.7% in May,2026-06-03,JPM
"Tesla's (TSLA) ""Sell"" Rating Reiterated at JPMorgan Chase & Co.",2026-06-03,JPM
"H2O America (NASDAQ:HTO) Receives Consensus Recommendation of ""Moderate Buy"" from Brokerages",2026-06-03,JPM
Velocity Financial Hires Former CrossCountry CTO Dean Thevaos,2026-06-03,JPM
Regions Bank earns No. 1 spot for bank satisfaction,2026-06-03,JPM
ATI proposes seven-year senior notes to fund redemption of 2027 notes,2026-06-03,JPM
Crescent Biopharma to Present at June Investor Conferences,2026-06-03,JPM
How Maximus’ New US$325 Million Term Loan At Maximus (MMS) Has Changed Its Investment Story,2026-06-03,JPM
Summit Therapeutics (SMMT) leaders may buy shares via existing ATM,2026-06-03,JPM
Should Vanguard Value Index Fund ETF Shares (VTV) Be on Your Investing Radar?,2026-06-03,JPM
Autohome (NYSE:ATHM) Price Target Cut to $17.00 by Analysts at JPMorgan Chase & Co.,2026-06-03,JPM
BWA Stock Climbs As Analysts Hike Targets After Earnings Beat,2026-06-03,JPM
JPMorgan Chase & Co. Issues Positive Forecast for Cheniere Energy (NYSE:LNG) Stock Price,2026-06-03,JPM
JPMorgan International Bond Opportunities ETF declares monthly distribution of $0.1660,2026-06-03,JPM
JPMorgan municipal ETF declares monthly distribution of $0.1516,2026-06-03,JPM
"JPMorgan (JPM) offers notes with 2.0425× upside, 70% barrier, June 2033",2026-06-03,JPM
Carvana CFO Mark Jenkins sells $4.49m of class A stock,2026-06-03,JPM
Xometry Announces Pricing of Public Offering of Class A Common Stock,2026-06-03,JPM
Custody in an age of fragmentation,2026-06-03,JPM
"OQC, JPMorganChase and AMD Commence Research Collaboration to Develop New Quantum-AI Platform in London",2026-06-03,JPM
"JPMorgan's Dimon to discuss SpaceX IPO roadshow with ultra-rich clients, Bloomberg News reports",2026-06-03,JPM
Constellation Energy completes secondary offering and share repurchase,2026-06-03,JPM
Celcuity Inc. Announces Public Offering of Convertible Senior Notes Due 2032,2026-06-03,JPM
JPMorgan Chase's Jamie Dimon to pitch SpaceX IPO to clients - report (JPM:NYSE),2026-06-03,JPM
ESCO Technologies Secures Up to $1.5 Billion Senior Secured Facilities Led by JPMorgan,2026-06-03,JPM
"Broadcom reports Q2 adjusted EPS $2.44, consensus $2.40",2026-06-03,JPM
Bank Of America CEO Moynihan: Consumer Spending Still Resilient Despite Strains,2026-06-03,JPM
"Santander, JPMorgan to Back $1 Billion TGS Vaca Muerta Financing",2026-06-03,JPM
Capital One Financial Corp Stock (COF) Moved Down by 3.01% on Jun 3: A Full Analysis,2026-06-03,JPM
JPMorgan (NYSE: JPM) launches callable contingent notes due 2030,2026-06-03,JPM
JPMorgan Chase & Co.,2026-06-03,JPM
"Anthropic Picks Morgan Stanley, Goldman Sachs to Lead IPO",2026-06-03,JPM
Charles Schwab Corp. stock (US8085131050): platform upgrade news and steady trading ahead of U.S. ma,2026-06-03,JPM
Firefly Aerospace Prices Public Equity Offering and Agreement,2026-06-03,JPM
"PR News | FTI Consulting Lures Lynch - Wed., Jun. 3, 2026",2026-06-03,JPM
"Xometry, Inc. Announces Public Offering of Class A Common Stock Under Automatic Shelf Registration Statement",2026-06-03,JPM
Wells Fargo CEO Challenges AI Jobs Debate Narrative,2026-06-03,JPM
"AXQ Capital LP Takes $951,000 Position in Flowserve Corporation $FLS",2026-06-03,JPM
"Geode Capital Management LLC Grows Position in Texas Roadhouse, Inc. $TXRH",2026-06-03,JPM
XS339703639 Bond Price and Chart — MUN:XS339703639,2026-06-03,JPM
"Bank of New York Mellon Corp Buys 35,135 Shares of Howmet Aerospace Inc. $HWM",2026-06-03,JPM
"Alphabet's $80 billion stock sale leaves Wall Street in 'unprecedented territory,' says Goldman's Gutman",2026-06-03,JPM
HCA Healthcare Stock Hands $39 Bil Back – Worth a Look?,2026-06-03,JPM
"BW Gestao de Investimentos Ltda. Makes New $1.40 Million Investment in Ross Stores, Inc. $ROST",2026-06-03,JPM
TETRA Technologies launches $100M stock offering,2026-06-03,JPM
MSCI Inc $MSCI Position Trimmed by BNP Paribas Financial Markets,2026-06-03,JPM
"4,042 Shares in Royal Caribbean Cruises Ltd. $RCL Acquired by AXQ Capital LP",2026-06-03,JPM
IP: European Containerboard Pricing And New Packaging Projects Will Support Turnaround,2026-06-03,JPM
Markel Group Inc. $MKL Shares Sold by Anchor Capital Advisors LLC,2026-06-03,JPM
BBVA Mexico Makes History in International Markets: Raises $1 Billion and Becomes the First Bank to Price a New Issue Inside the Sovereign,2026-06-03,JPM
"Morningstar values SpaceX at $780 billion, half its IPO target",2026-06-03,JPM
"Why Did FULC, MVIS, HRTX Stocks Plunge To 52-Week Lows Today?",2026-06-03,JPM
Westpac Banking Corp Raises Holdings in The Walt Disney Company $DIS,2026-06-03,JPM
"Capital Innovations LLC Buys Shares of 116,533 Sempra Energy $SRE",2026-06-03,JPM
Capital Innovations LLC Invests $2.21 Million in Public Service Enterprise Group Incorporated $PEG,2026-06-03,JPM
SEI Investments Pairs New CIO With First Fixed Income ETF Launch,2026-06-03,JPM
"PNC Financial Services Group Inc. Invests $372,000 in USA Rare Earth Inc. $USAR",2026-06-03,JPM
"Marble Wealth LLC Acquires Shares of 2,327 Mastercard Incorporated $MA",2026-06-03,JPM
"Capital Innovations LLC Makes New $3.07 Million Investment in American Electric Power Company, Inc. $AEP",2026-06-03,JPM
"Thompson Siegel & Walmsley LLC Acquires 55,300 Shares of Tecnoglass Inc. $TGLS",2026-06-03,JPM
"M.D. Sass LLC Buys Shares of 32,923 Fair Isaac Corporation $FICO",2026-06-03,JPM
Liberty Media Corporation - Liberty Formula One Series C $FWONK Stock Holdings Lessened by M.D. Sass LLC,2026-06-03,JPM
"The Zacks Analyst Blog Highlights Chevron, The Goldman Sachs and Philip Morris",2026-06-03,JPM
Kesler Norman & Wride LLC Raises Position in Flex Ltd. $FLEX,2026-06-03,JPM
JPMorgan Chase (JPM) prices 5.225% callable notes maturing 2036,2026-06-03,JPM
"Natixis Advisors LLC Grows Stock Holdings in Gilead Sciences, Inc. $GILD",2026-06-03,JPM
Coinbase investing into stablecoin reserves ETF issued by ProShares,2026-06-03,JPM
"Old Dominion Freight Line, Inc. $ODFL Shares Bought by Natixis Advisors LLC",2026-06-03,JPM
Wells Fargo CEO Weighs AI’s Dual Impact on Employment,2026-06-03,JPM
"Norges Bank Invests $295.64 Million in Stag Industrial, Inc. $STAG",2026-06-03,JPM
"Legal & General Group Plc Purchases 15,670 Shares of IPG Photonics Corporation $IPGP",2026-06-03,JPM
"Harbour Investments Inc. Sells 9,094 Shares of FTAI Aviation Ltd. $FTAI",2026-06-03,JPM
"MUFG Securities EMEA plc Purchases 9,783 Shares of eBay Inc. $EBAY",2026-06-03,JPM
Intech Investment Management LLC Has $2.48 Million Stake in Assured Guaranty Ltd. $AGO,2026-06-03,JPM
"F5, Inc. (NASDAQ:FFIV) Receives Average Recommendation of ""Hold"" from Analysts",2026-06-03,JPM
"Zions Bancorporation, N.A. $ZION Shares Sold by Legal & General Group Plc",2026-06-03,JPM
"Western Alliance Bancorporation and Republic Bancorp Shares Are Soaring, What You Need To Know",2026-06-04,JPM
Citigroup to redeem $3.15 billion in notes due 2027,2026-06-04,JPM
"Look to State Street, Invesco, VanEck for Top-Performing ETFs in 2026",2026-06-04,JPM
Vesta Announces Closing of the Over-Allotment Option Granted in the Follow-On Offering,2026-06-04,JPM
Verisk Analytics: director Liss sells $1.2m stock after option exercise,2026-06-04,JPM
JPMorgan (JPM) launches auto-callable notes linked to Alphabet Class C stock,2026-06-04,JPM
"Miami International (NYSE:MIAX) EVP Sells $673,920.00 in Stock",2026-06-04,JPM
"Timken's Q1 Adjusted Earnings, Net Sales Increase; 2026 Outlook Raised",2026-06-04,JPM
Working the Core: Where Bond ETF Flows Are Heading in 2026,2026-06-04,JPM
Raymond James reiterates Strong Buy on Liquidia stock on Supreme Court case,2026-06-04,JPM
"Citi Turns Neutral on Westlake (WLK), Citing Fading Momentum in PVC Pricing",2026-06-04,JPM
"Stock Yards Bank and Coastal Financial Shares Are Soaring, What You Need To Know",2026-06-04,JPM
"Miami International (NYSE:MIAX) Director Sells $128,340.00 in Stock",2026-06-04,JPM
BlackRock Inc Stock (BLK) Moved Up by 3.02% on Jun 4: Drivers Behind the Movement,2026-06-04,JPM
Mitsubishi UFJ Financial Group Inc Stock (MUFG) Moved Up by 3.34% on Jun 4: A Full Analysis,2026-06-04,JPM
"JPMorgan, Jefferies Plan Venezuela Trips as Investors Rush In",2026-06-04,JPM
Citigroup (C) Might Get a Role in OpenAI IPO,2026-06-04,JPM
"JPMorgan Chase Stock Price: JPM Stock Chart, Market Cap & News Today",2026-06-04,JPM
"Wall Street Banks and CEOs Promote SpaceX in Flashy Events With BofA, Morgan Stanley, JPM Events Planned",2026-06-04,JPM
Wall Street giants tout SpaceX in glitzy pre-IPO investor events,2026-06-04,JPM
Wells Fargo & Co Stock (WFC) Moved Up by 3.98% on Jun 4: What Signal Does It Send?,2026-06-04,JPM
Citigroup Inc Stock (C) Moved Up by 4.36% on Jun 4: A Full Analysis,2026-06-04,JPM
JPMorgan reports 1.56M VICOR shares (VICR) — 4.5% stake,2026-06-04,JPM
"JPMorgan (NASDAQ: DOCN) discloses 10.3% ownership, 10.79M shares",2026-06-04,JPM
JPMorgan’s Jamie Dimon to pitch Elon Musk’s SpaceX IPO to uber-rich clients,2026-06-04,JPM
Howard Hughes Holdings Announces Closing of Vantage Group Holdings Acquisition,2026-06-04,JPM
10 Best Blue-Chip Stocks to Buy in 2026 | Investing - U.S. News,2026-06-04,JPM
"VTI is up 0.2% today, on JPM stock price movement",2026-06-04,JPM
"CIBC Asset Management Inc Acquires 23,231 Shares of Marriott International, Inc. $MAR",2026-06-04,JPM
UBS cuts staff jobs outside the United States: Report,2026-06-04,JPM
JPMorgan Maintains Overweight Rating on Array Digital Infrastructure (AD),2026-06-04,JPM
"JPMorgan Mobilizes 2,500 Clients Ahead Of $1.8 Trillion SpaceX IPO",2026-06-04,JPM
Assessing JPMorgan Chase (JPM) Valuation After Recent Share Price Consolidation,2026-06-04,JPM
"Santander, JPM to Back $1B TGS Vaca Muerta Financing",2026-06-04,JPM
"Stock Market Today, June 4: Bank of America Rises as Cross-Border Payments Plan Expands Transaction Banking",2026-06-04,JPM
CNBC Daily Open: Chips are down — but not for the Dow,2026-06-04,JPM
Stocks Rebound on Strength in Banks and Managed Healthcare,2026-06-04,JPM
Why JPMorgan's Jamie Dimon is pitching SpaceX to clients,2026-06-04,JPM
Sector Update: Financial Stocks Gain Late Afternoon,2026-06-04,JPM
Vanguard vs. JPMorgan: Which is the Better Small-Cap ETF?,2026-06-04,JPM
Jim Cramer talks how to position your money amid these market swings,2026-06-04,JPM
"Market Chatter: JPMorgan, Jefferies Eye Caracas Visits Amid Venezuela Debt Revival",2026-06-04,JPM
These dow jones stocks are moving in today's session,2026-06-04,JPM
JPMorgan Chase & Co (JPM) on the Lookout for Acquisition Opportunities,2026-06-04,JPM
Blackstone Caps BCRED Withdrawals As Redemption Requests Hit 10%,2026-06-04,JPM
Honeywell-Backed Quantinuum Shares Jump 13% After Upsized IPO,2026-06-04,JPM
$1B J.P. Morgan Advisor Joins Cresset to Expand Denver Footprint,2026-06-04,JPM
"CIBC Asset Management Inc Acquires 156,229 Shares of The Charles Schwab Corporation $SCHW",2026-06-04,JPM
Top dow jones movers in Thursday's session,2026-06-04,JPM
Semi Mania's Broadcom Problem; World's Smartest Banker To Pitch SpaceX; Japan Risk To AI Trade,2026-06-04,JPM
"Jamie Dimon Pitches SpaceX IPO To 2,500 Wealthy JPMorgan Clients Thursday",2026-06-04,JPM
JPMorgan's Jamie Dimon to flex massive branch network in SpaceX IPO pitch,2026-06-04,JPM
"'JPMorgan, Jefferies Plan Venezuela Trips as Investors Rush In' - Bloomberg",2026-06-04,JPM
"How Much Would a $10,000 Investment in JPMorgan Chase Stock 10 Years Ago Be Worth Today?",2026-06-04,JPM
Wall Street Lunch: Quantinuum Soars 12% On Nasdaq Debut Following $1.7B IPO,2026-06-04,JPM
"JPMorgan: CLARITY Act Has Only A Narrow Window To Succeed, Timing Is 'Pivotal'",2026-06-04,JPM
"Quantinuum closes flat in Nasdaq debut, after upsized offering",2026-06-04,JPM
JPMorgan Stock Rises As Investors Rotate Into Financials,2026-06-04,JPM
'The chokepoints now run both ways': JPMorgan says 5 forces are quietly reshaping the US-China balance of power,2026-06-04,JPM
Deutsche Bank shuns “aggressive” promotions to beat rivals,2026-06-04,JPM
How The Standard Life (LSE:SDLF) Narrative Is Shifting With Aegon UK And Capital Light Growth,2026-06-04,JPM
JP Morgan Low-Coupon Fixed Preferreds Retain Both Standalone And Relative Appeal,2026-06-04,JPM
Should JPMorgan’s Expanded Note Issuance and Preferred Redemption Strategy Prompt Action From JPM (JPM) Investors?,2026-06-04,JPM
"Banking On Breakouts: UBS, Citi Charts Shape Up",2026-06-04,JPM
Preschool and primary school teachers’ attitudes toward students with type 1 diabetes: A cross-sectional study,2026-06-04,JPM
"Vanguard VOO ETF hits $1 trillion in assets, an industry first",2026-06-04,JPM
JPMorgan Chase & Co Stock (JPM) Moved Up by 3.17% on Jun 4: What Investors Need To Know,2026-06-04,JPM
BofA taps Avendus dealmaker Anshul Gupta as Mizuho-triggered exits continue,2026-06-04,JPM
Citigroup (C) Valuation Check As Supportive Analyst Views And New Strategy Lead Signal Ongoing Transformation,2026-06-04,JPM
JPMorgan warns time is running short for crypto market structure bill,2026-06-04,JPM
HDFC Bank (NSEI:HDFCBANK) Stock Forecast & Analyst Predictions,2026-06-04,JPM
Higher Yield or Broader Dividend Diversification? VYM vs. HDV,2026-06-04,JPM
Jamie Dimon to Pitch JPMorgan’s Ultra-Rich Clients on SpaceX IPO,2026-06-04,JPM
"Charles Giancarlo Sells 8,000 Shares of Arista Networks (NYSE:ANET) Stock",2026-06-04,JPM
"Replimune CCO Sarchi sells $110,880 in stock",2026-06-04,JPM
Is It Time To Reassess JPMorgan Chase (JPM) After Its Strong Five-Year Share Price Run?,2026-06-04,JPM
iMGP Berkshire Dividend Growth ETF(BDVG) - 合理價、目標價與討論區-股市爆料同學會,2026-06-04,JPM
"ANDG SEC Filings - Andersen Group 10-K, 10-Q, 8-K Forms",2026-06-04,JPM
S&C Advises Butterfield on $1.8 Billion Acquisition of CIBC Caribbean,2026-06-04,JPM
JPMorgan BetaBuilders USD Investment Grade Corporate Bond ETF declares monthly distribution of $0.1866,2026-06-04,JPM
"Bank of New York Mellon Corp Acquires 303,430 Shares of Packaging Corporation of America $PKG",2026-06-04,JPM
Former KB Kookmin Card CEO Lee Dong-chul Tapped to Lead Credit Finance Association,2026-06-04,JPM
"The Bancorp and Live Oak Bancshares Shares Plummet, What You Need To Know",2026-06-04,JPM
"Goldman Sachs Group Inc. Buys 544,602 Shares of Ross Stores, Inc. $ROST",2026-06-04,JPM
J.P. Morgan Sticks to Its Buy Rating for ASML Holding NV (0QB8),2026-06-04,JPM
Assessing KeyCorp (KEY) Valuation After Recent Share Price Weakness And Strong Multi Year Returns,2026-06-04,JPM
"Bank of New York Mellon Corp Sells 258,324 Shares of Old Dominion Freight Line, Inc. $ODFL",2026-06-04,JPM
"Shell, BP and other oil giants vulnerable to ceasefire deal, says JPMorgan",2026-06-04,JPM
BNP Paribas Financial Markets Has $33.43 Million Stock Holdings in HF Sinclair Corporation $DINO,2026-06-04,JPM
"Bowen Hanes & Co. Inc. Invests $1.65 Million in Marsh & McLennan Companies, Inc. $MRSH",2026-06-04,JPM
JPMorgan BetaBuilders USD high yield corporate bond ETF declares monthly distribution of $0.2636,2026-06-04,JPM
JPMorgan Betabuilders US Treasury Bond 1-3 Year ETF declares monthly distribution of $0.2614,2026-06-04,JPM
Agree Realty Corporation $ADC Shares Acquired by Geode Capital Management LLC,2026-06-04,JPM
"Bowen Hanes & Co. Inc. Buys 198,305 Shares of Badger Meter, Inc. $BMI",2026-06-04,JPM
"Sprouts Farmers Market, Inc. $SFM Shares Sold by Geode Capital Management LLC",2026-06-04,JPM
ETFs Investing in INVISIO AB Stocks,2026-06-04,JPM
Goldman Sachs Group Inc. Boosts Stake in Enterprise Products Partners L.P. $EPD,2026-06-04,JPM
"Republic Services, Inc. $RSG Shares Acquired by CIBC Asset Management Inc",2026-06-04,JPM
Bank of New York Mellon Corp Has $656.98 Million Holdings in Northrop Grumman Corporation $NOC,2026-06-04,JPM
UBS Group AG stock (CH0244767585): shares steady on SIX as investors digest Credit Suisse integratio,2026-06-04,JPM
"Geode Capital Management LLC Buys 109,974 Shares of SEI Investments Company $SEIC",2026-06-04,JPM
"INVESTIGATION NOTICE: Girard Sharp Law Firm Encourages Former Investors of Blue Owl Capital Corp. III (NYSE: OBDE) Who Received Shares of Blue Owl Capital Corp. (NYSE: OBDC), and Former Investors of Blue Owl Technology Finance Corp. II Who Received Shares of Blue Owl Technology Finance Corp. (NYSE: OTF), to Contact the Firm",2026-06-04,JPM
Crescent Grove Advisors LLC Lowers Stock Holdings in Mplx Lp $MPLX,2026-06-04,JPM
JPMorgan Betabuilders US Treasury Bond 3-10 Year ETF declares monthly distribution of $0.2174,2026-06-04,JPM
"Avis Budget Group, Inc. $CAR Stock Holdings Trimmed by Intech Investment Management LLC",2026-06-04,JPM
Bank of America Corp Stock (BAC) Moved Up by 3.14% on Jun 4: What Signal Does It Send?,2026-06-04,JPM
Asset Class: Knicks Cash In,2026-06-04,JPM
Unitedhealth Group Inc Stock (UNH) Moved Up by 5.69% on Jun 4: A Full Analysis,2026-06-04,JPM
"Howard Hughes Holdings Inc. completed the acquisition of Vantage Group Holdings Ltd. from Carlyle Partners VII Cayman Holdings V, L.P, H&F Vantage Aggregator, L.P. and others.",2026-06-04,JPM
Medallion Financial Corp. Exposes ZimCal’s Latest Campaign,2026-06-04,JPM
Hut 8 hires former NextEra Energy IR lead Mark Eidelman as it pursues investment-grade rating,2026-06-04,JPM
JPMorgan high yield municipal ETF declares monthly distribution of $0.1863,2026-06-04,JPM
"Medtronic (NYSE:MDT) Given ""Outperform"" Rating at Royal Bank Of Canada",2026-06-04,JPM
JPMorgan Chase (NYSE: JPM) issues 5.45% callable notes due 2038,2026-06-04,JPM
"Pathfinder Bancorp (NASDAQ: PBHC) highlights strong reserves, core deposits and CNY semiconductor growth",2026-06-04,JPM
"Evotec SE: Release according to Article 40, Section 1 of the WpHG [the German Securities Trading Act] with the objective of Europe-wide distribution",2026-06-04,JPM
"Honeywell Stock Is Likely to Reward Shareholders Following Quantinuum IPO, Split",2026-06-04,JPM
Exponent (EXPO) Gets a Hold from UBS,2026-06-04,JPM
Is JPMorgan Diversified Return Emerging Markets Equity ETF (JPEM) a strong ETF right now?,2026-06-04,JPM
"Better and Coinbase Celebrate the First Token-backed Mortgage Fund Backed by Fannie Mae, Announce Official Product Launch Date",2026-06-04,JPM
ETFs Investing in SiTime Corporation Stocks,2026-06-04,JPM
"Bank of New York Mellon Corp Buys Shares of 3,321,700 Marsh & McLennan Companies, Inc. $MRSH",2026-06-04,JPM
Kenvue Inc. $KVUE Shares Purchased by State of Wyoming,2026-06-04,JPM
LPL Financial Holdings Inc. $LPLA Shares Sold by TD Asset Management Inc,2026-06-04,JPM
BMO Launches DollarGPS Financial Navigation Tool,2026-06-04,JPM
Synopsys Inc (SNPS-Q) Stock Price and News,2026-06-04,JPM
"OQC, JPMorganChase and AMD commence research collaboration to develop new quantum-AI platform in London",2026-06-04,JPM
"Raymond James Financial, Inc. $RJF Shares Acquired by Natixis Advisors LLC",2026-06-04,JPM
"WCG Wealth Advisors LLC Buys 29,857 Shares of The Walt Disney Company $DIS",2026-06-04,JPM
"Natixis Advisors LLC Buys 11,398 Shares of Reinsurance Group of America, Incorporated $RGA",2026-06-04,JPM
Hut 8 Appoints Mark Eidelman as Head of Investor Relations,2026-06-04,JPM
How to Play QNT Stock After the Quantinuum IPO,2026-06-05,JPM
JPMorgan Interest Swirls Around Carlyle Unit With $194 Billion AUM,2026-06-05,JPM
Tesla Gets 227.6% Target Boost As JPMorgan Upgrades Rating,2026-06-05,JPM
JPMorgan May Have a Private Credit Target,2026-06-05,JPM
Goldman Is Priced Like a Tech Stock. Investors Can Find Better Deals Elsewhere.,2026-06-05,JPM
How The Cheniere Energy (LNG) Story Is Shifting As Analyst Views Diverge,2026-06-05,JPM
Sector Update: Financial Stocks Mixed Late Afternoon,2026-06-05,JPM
Weekly Wrap: Bitcoin Hits Two-Year Low Amid Relentless Selling,2026-06-05,JPM
"TD Asset Management Inc Sells 1,042,340 Shares of Republic Services, Inc. $RSG",2026-06-05,JPM
Tesla Wins Over Another Skeptic: JPMorgan Raises TSLA Stock Price Target By More Than 200%,2026-06-05,JPM
Instant international payouts: Bank of America readies real-time payment option,2026-06-05,JPM
"Eastern Bank and Banc of California Stocks Trade Up, What You Need To Know",2026-06-05,JPM
"Morgan Stanley expects SpaceX revenue to hit $3.4 trillion in 2040, WSJ reports",2026-06-05,JPM
JPMorgan Turns Upbeat on Tesla After Replacing Bearish Analyst,2026-06-05,JPM
Citigroup Economists Maintain Lonely Call for Fed Rate Cuts,2026-06-05,JPM
JPMorgan Turns Rosy on Tesla a Day After Dimon Lauds Musk,2026-06-05,JPM
JPMorgan中小型增強型股票ETF-JMEE-ETF基本資料,2026-06-05,JPM
Popular declares monthly dividends on preferred securities By Investing.com,2026-06-05,JPM
"JPMorgan removes sell rating on Tesla after years, says it's at the 'forefront of physical AI'",2026-06-05,JPM
JPMorgan Upgrades Chipotle Stock to Overweight With Target of $35,2026-06-05,JPM
JPMorgan Upgrades Tesla With A Major Price Target Hike,2026-06-05,JPM
JPMorgan Chase & Co (JPM) Shares Surge 3.3% -- What GF Score of 82 Tells Investors,2026-06-05,JPM
Tesla Stock Has One Less Sell Rating. J.P. Morgan Raises Its Price Target by 228%.,2026-06-05,JPM
DTE Energy Jumps As $1.6B Storage Deal Targets Data Centers,2026-06-05,JPM
"Brown & Brown Secures $1.25B Revolver, $500M Term Loans in Amended Credit Agreement",2026-06-05,JPM
American Securities sells $67.8m in SOLV Energy (MWH) shares,2026-06-05,JPM
Principal Financial Group (NASDAQ:PFG) Hits New 1-Year High - Still a Buy?,2026-06-05,JPM
Delta SkyMiles credit cards now come with 2 free checked bags and monster intro offers. Are they worth it?,2026-06-05,JPM
Barclays (DJP) $21.62M Digital S&P 500 Index‑Linked Notes due 2028,2026-06-05,JPM
KeyBanc Keeps Their Buy Rating on Talos Energy (TALO),2026-06-05,JPM
[144] Garrett Motion Inc. SEC Filing,2026-06-05,JPM
Commerce Bancshares (CBSH) Valuation Check After Recent Modest Share Price Move,2026-06-05,JPM
Functional Brands Inc. Announces Active Interest from Multiple Strategic Partners to Fund BullionFX | Alchemy Commercialization Following Pending Acquisition of the BFX Assets,2026-06-05,JPM
-3.38% for Interactive Brokers stock as Baron Financials ETF NAV takes a hit,2026-06-05,JPM
Nokia Stock Rally Stays Super-Hot: Analysts See More Upside On AI Infra Strength,2026-06-05,JPM
JPMorgan Chase & Co. Cuts Conagra Brands (NYSE:CAG) Price Target to $14.00,2026-06-05,JPM
SpaceX shot down as S&P 500 blocks bid for fast-track entry,2026-06-05,JPM
"Good News, Elon: JPMorgan's New Tesla Analyst Just Ditched Years Of Bearish Calls And Flipped Bullish",2026-06-05,JPM
"UBS Adjusts Westlake Price Target to $117 From $130, Maintains Buy Rating",2026-06-05,JPM
Jim Cramer Says “You Can Buy JPMorgan and Put It Away”,2026-06-05,JPM
JPMorgan Outlines the Bull Case for Chipotle Stock (CMG),2026-06-05,JPM
Is your personal device protecting your business accounts?,2026-06-05,JPM
Highwoods Recasts $150M Unsecured Bank Term Loan,2026-06-05,JPM
Why Are Investors Turning Bullish on Littelfuse (LFUS)?,2026-06-05,JPM
SOLV Energy Announces Full Exercise and Closing of Underwriters’ Option to Purchase Additional Shares of Class A Common Stock,2026-06-05,JPM
Goldman Sachs initiates Lifestance Health stock at neutral,2026-06-05,JPM
BlackRock-backed tokenization firm Securitize clears key hurdle to go public on NYSE,2026-06-05,JPM
JPMorgan Raises its Price Target on Analog Devices (ADI),2026-06-05,JPM
M&T Bank Corp stock (US55261F1049): shares gain as US bank sector rallies,2026-06-05,JPM
JPMorgan Chase may consider buying Carlyle Global Credit if put on sale - report (JPM:NYSE),2026-06-05,JPM
Monroe Capital Becomes Latest Private Credit Manager To Restrict Withdrawals,2026-06-05,JPM
Norges Bank Invests $119.75 Million in Owens Corning Inc $OC,2026-06-05,JPM
"Stock Market News for Jun 5, 2026",2026-06-05,JPM
TD Asset Management Inc Has $138.86 Million Stock Holdings in Chemed Corporation $CHE,2026-06-05,JPM
Vanguard Small-Cap ETF (NYSEMKT: VB) Edges Out JPMorgan (CBOE: BBSC) On Cost And Long-Term Returns,2026-06-05,JPM
Is Meritage Homes (MTH) Among the Best Real Estate Stocks to Buy?,2026-06-05,JPM
UBS upgrades Sasol stock rating on oil and chemicals outlook,2026-06-05,JPM
"Century Communities (CCS) Announces Upcoming Projects in Florida, Kentucky",2026-06-05,JPM
"JPMorgan, Bank of America, Citi to start blockchain offensive with shared tokenized network",2026-06-05,JPM
"1,061,995 Shares in Builders FirstSource, Inc. $BLDR Acquired by Norges Bank",2026-06-05,JPM
Why American Express is moving its HQ to 2 World Trade Center,2026-06-05,JPM
Daiwa Securities Group Inc. Reduces Stock Position in Agree Realty Corporation $ADC,2026-06-05,JPM
"JP Morgan upgrades Tesla to neutral, raises price target to $475",2026-06-05,JPM
BNP Paribas Financial Markets Grows Stock Position in Flowserve Corporation $FLS,2026-06-05,JPM
U.S. Bank Stocks Trail Broader Market In May,2026-06-05,JPM
QDEL Stock Slumps On Mixed Wall Street Price Target Revisions After Q4 Report,2026-06-05,JPM
"BNP Paribas Financial Markets Purchases 130,316 Shares of FTAI Aviation Ltd. $FTAI",2026-06-05,JPM
American Homes 4 Rent earnings ahead as rental demand softens,2026-06-05,JPM
"Prudential Financial, Inc. Issues $750 Million 6.250% Reset Rate Junior Subordinated Notes Due 2056 – Underwriting Agreement, Terms, and Legal Opinion",2026-06-05,JPM
Functional Brands Inc. Enters BullionFX | Alchemy Acquisition From a Position of Improving Financial Strength,2026-06-05,JPM
Morgan Stanley boosts Bitcoin holdings by over 220 BTC via MSBT ETF,2026-06-05,JPM
JPMorgan Equity Premium Income ETF(JEPI) Stock Options Chain | Quotes & News,2026-06-05,JPM
JPMorgan Sustainable Municipal Income ETF declares monthly distribution of $0.1499,2026-06-05,JPM
BofA downgrades Dow stock rating on oversupply concerns,2026-06-05,JPM
"ETFs Investing in Nomura Real Estate Holdings, Inc. Stocks",2026-06-05,JPM
Cemex issues $1.5 billion in 5.750% senior notes due 2036,2026-06-05,JPM
CVBF - Expanding Deposits And Wealth Management Will Shape A Vibrant Future,2026-06-05,JPM
"Bank of New York Mellon Corp Cuts Holdings in United Rentals, Inc. $URI",2026-06-05,JPM
Musk Leaves Investors Starstruck at Dimon’s SpaceX Extravaganza,2026-06-05,JPM
RARE: Gene Therapy Milestones Will Support 2027 Profitability And Renew Pipeline Confidence,2026-06-05,JPM
JPMorgan hosts SpaceX IPO event: Here's what to know,2026-06-05,JPM
Why Is Jamie Dimon Giving the SpaceX IPO the Hard Sell?,2026-06-05,JPM
"Investors are taking profits ahead of SpaceX IPO, says Capital Wealth's Kevin Simpson",2026-06-05,JPM
JPMorgan Chase & Co. (JPM) Is a Trending Stock: Facts to Know Before Betting on It,2026-06-05,JPM
JP Morgan Triples Tesla's Price Target,2026-06-05,JPM
Apple's WWDC: Tim Cook's AI legacy at stake in his final developer conference as CEO,2026-06-05,JPM
JPMorgan signs carbon offtake and financing deal with Charm Industrial,2026-06-05,JPM
Giants' Kayvon Thibodeaux shares NIL money advice through new JPMorgan partnership,2026-06-05,JPM
"Stock Index Futures Slip as Tech Slide Deepens, U.S. Jobs Report in Focus",2026-06-05,JPM
JPMorgan Turns Neutral on Tesla,2026-06-05,JPM
J.P. Morgan Turns More Positive on Tesla as Robotics and AI Shape Future Outlook (TSLA),2026-06-05,JPM
JPMorgan Crypto Revolution: Will Tokenized Deposits Kill Stablecoins?,2026-06-05,JPM
Leading U.S. Banks Join Forces On Tokenization Network,2026-06-05,JPM
JPMorgan taps AI to process checks,2026-06-05,JPM
Big Banks Launch Tokenized Deposit Network to Fight Off Stablecoin Threat,2026-06-05,JPM
"JPMorgan, Bank of America y Citi construyen red tokenizada para frenar stablecoins",2026-06-05,JPM
The stock market's scorching run means the rich will keep getting richer: Chart,2026-06-05,JPM
The big acquisitions Jamie Dimon rumored to be eyeing after revealing $20B war chest,2026-06-05,JPM
Visa y Brale se unen para transformar los pagos institucionales mediante stablecoins privadas,2026-06-05,JPM
"JPMorgan, Citi plan tokenized deposit network launch next year",2026-06-05,JPM
Apple 取消 Vision Pro 後續開發，你們手上的都是絕版了,2026-06-05,JPM
"May jobs report, Quantinuum's IPO, a record-setting season on Broadway and more in Morning Squawk",2026-06-05,JPM
HIVE Digital Technologies CFO on Bitcoin mining and AI data center growth – ICYMI,2026-06-06,JPM
"Westfield Capital Management Co. LP Invests $5.64 Million in Merck & Co., Inc. $MRK",2026-06-06,JPM
FTAI Aviation Ltd. $FTAI Shares Sold by Two Seas Capital LP,2026-06-06,JPM
Trivest Advisors Ltd Has $88.67 Million Stake in Futu Holdings Limited Sponsored ADR $FUTU,2026-06-06,JPM
"PBU The Pension Fund of Early Childhood & Youth Educators Buys Shares of 24,706 HCA Healthcare, Inc. $HCA",2026-06-06,JPM
"JPMorgan Chase & Co. Acquires 3,486,503 Shares in Cerebras Syste",2026-06-06,JPM
Spotify Technology $SPOT Shares Purchased by Prudential PLC,2026-06-06,JPM
Fluor JV Receives Notice to Proceed for LNG Canada Phase 2 Expansion,2026-06-06,JPM
Investors Swim Against the Tide as Bitwise’s ETHW ETF Attracts Fresh Cash Despite Ethereum Slump,2026-06-06,JPM
TD Asset Management Inc Decreases Stake in Ingersoll Rand Inc. $IR,2026-06-06,JPM
NatWest Group makes bank branch commitment but also announces nine more closures,2026-06-06,JPM
"PBU The Pension Fund of Early Childhood & Youth Educators Purchases Shares of 95,333 Gilead Sciences, Inc. $GILD",2026-06-06,JPM
Will JPMorgan Buy DFA? Mapping Out A (Maybe) Merger,2026-06-06,JPM
"ETFs Investing in AutoNation, Inc. Stocks",2026-06-06,JPM
ETFs Investing in First Horizon Corporation Stocks,2026-06-06,JPM
Pfizer’s monthly obesity shot has side-effect profile similar to Wegovy,2026-06-06,JPM
Bank of New York Mellon Corp Increases Stake in Ulta Beauty Inc. $ULTA,2026-06-06,JPM
JPMorgan Chase Targets Tokenized Payments And Private Credit For Future Growth,2026-06-06,JPM
"These 12 Fortune 500 companies have survived wars, crashes, and over 200 years of U.S. history",2026-06-06,JPM
ETFs Investing in Ubiquiti Inc. Stocks,2026-06-06,JPM
Monroe Capital Becomes Latest Private Credit Manager To Restrict Withdrawals,2026-06-06,JPM
A Look At Western Alliance Bancorporation (WAL) Valuation After Legal Action On $126.4m Loan Default,2026-06-06,JPM
Has The Strong 1 Year Rally Left KeyCorp (KEY) Fully Priced Or Still Attractive?,2026-06-06,JPM
"Largest US Banks to Launch Tokenization Network to Fight Back Against Crypto, Stablecoin Startups",2026-06-06,JPM
"Market Shifts to Fed Rate Hike Expectations, Five Stocks May Benefit",2026-06-06,JPM
5 Best Tech Stocks with Huge Upside Potential,2026-06-06,JPM
Natixis Advisors LLC Boosts Stock Position in APi Group Corporation $APG,2026-06-06,JPM
"Norges Bank Buys Shares of 2,616,968 Darling Ingredients Inc. $DAR",2026-06-06,JPM
Zugehörige Wertpapiere SK Hynix,2026-06-06,JPM
"Norges Bank Invests $85.02 Million in Macy's, Inc. $M",2026-06-06,JPM
Did Insight’s New AI Cybersecurity Service and Credit Tweaks Just Reframe Insight Enterprises' (NSIT) Growth Story?,2026-06-06,JPM
"DoubleLine, Oaktree Brace for Potential AI Pain",2026-06-06,JPM
Retail Investors Are Beating Wall Street Benchmarks With AI Stocks. Why That Could Change Soon.,2026-06-06,JPM
JPMorgan sets jaw-dropping Tesla stock price target,2026-06-06,JPM
"JPMorgan, Citi, and Bank of America Just Built a Tokenized Payment Network to Kill Stablecoins",2026-06-06,JPM
Wall Street's Biggest Bank To Reportedly Make Rare Retail Push For SpaceX's Historic $75 Billion IPO,2026-06-06,JPM
Is Ripple (XRP) Still A Good Crypto to Buy In 2026?,2026-06-06,JPM
America’s largest banks are building a new digital currency network to stop a massive deposit drain,2026-06-06,JPM
Batman Beats Spider-Man: Bleeding Cool's Top 11 Weekly Bestseller List,2026-06-06,JPM
What is Canadian Solar Inc. (CSIQ) stock_business overview_development history,2026-06-06,JPM
Oracle Stock Has Returned $54 Billion To Shareholders. Can It Continue?,2026-06-06,JPM
"Compass IPO oversubscribed, set to end Brazil’s five-year dearth",2026-06-06,JPM
Worthy Value Stocks to Consider Now,2026-06-06,JPM
Cibc World Market Inc. Boosts Holdings in Intuit Inc. $INTU,2026-06-06,JPM
"EZPW (NASDAQ) insider sale notice: 20,000 Class A shares via J.P. Morgan",2026-06-06,JPM
Fjarde AP Fonden Fourth Swedish National Pension Fund Invests $55.44 Million in Millicom International Cellular SA $TIGO,2026-06-06,JPM
Galaxy Digital Lowers CLARITY Act Passage Odds To 60% Amid Tight Senate Calendar,2026-06-06,JPM
"Goldman Sachs Group Inc. Trims Stock Holdings in NetApp, Inc. $NTAP",2026-06-06,JPM
"Cheniere Energy, Inc. (NYSE:LNG) Receives Consensus Rating of ""Buy"" from Analysts",2026-06-06,JPM
"Goldman Sachs Group Inc. Acquires 162,036 Shares of Cummins Inc. $CMI",2026-06-06,JPM
Teva Pharmaceutical Industries (NYSE:TEVA) Upgraded by Wall Street Zen to Buy Rating,2026-06-06,JPM
Howard Hughes Holdings Completes $2.1B Acquisition of Re/insurer Vantage Group,2026-06-06,JPM
JPMorgan (MHD) discloses 100% holding of Variable Rate Muni Term Preferred,2026-06-06,JPM
Quantinuum Announces Closing of Upsized Initial Public Offering,2026-06-06,JPM
"Earnings Flash (FRPT) Freshpet Posts Q1 EPS $0.91, vs. FactSet Est of $0.26",2026-06-06,JPM
M&T Bank Corporation $MTB Shares Bought by Bank of New York Mellon Corp,2026-06-06,JPM
Procter & Gamble Stock Capital Return Hits $83 Bil,2026-06-06,JPM
Welltower Inc. $WELL Shares Bought by Los Angeles Capital Management LLC,2026-06-07,JPM
"CLARITY Act chances of passage this year falls to 60%, Galaxy Digital says",2026-06-07,JPM
"Havemeyer Place LP Takes $1.91 Million Position in Fidelity National Information Services, Inc. $FIS",2026-06-07,JPM
"Is Columbia Banking System, Inc. (COLB) A Good Stock To Buy Now?",2026-06-07,JPM
"WINTON GROUP Ltd Invests $4.01 Million in Texas Roadhouse, Inc. $TXRH",2026-06-07,JPM
American Express Company $AXP Shares Sold by Vermillion Wealth Management Inc.,2026-06-07,JPM
Infleqtion Stock (INFQ) Opinions on Leveraged ETF Introduction,2026-06-07,JPM
Why The FLSmidth (CPSE:FLS) Story Is Shifting As Pump Strength Meets Valuation Doubts,2026-06-07,JPM
Why Analysts See More Room Ahead For SPX Technologies (SPXC),2026-06-07,JPM
Willis Towers Watson Public Limited Company Insider Trading & Ownership Structure,2026-06-07,JPM
Boston Scientific (BSX) Initiates $2B Accelerated Share Repurchase Agreement,2026-06-07,JPM
Elon Musk's mom at JPMorgan event: 'I have a genius son',2026-06-07,JPM
Banks Are Paying Again: 5 Financial Dividend Stocks After the Stress Tests,2026-06-07,JPM
"JPMorgan AM, Pictet Break From Pack With ‘One and Done’ for ECB",2026-06-07,JPM
"Prudential PLC Acquires 120,717 Shares of APA Corporation $APA",2026-06-07,JPM
"Two thirds of our customers’ fraud cases start on Meta, Lloyds says",2026-06-07,JPM
"Prudential PLC Sells 77,847 Shares of Fidelity National Information Services, Inc. $FIS",2026-06-07,JPM
Waters Corporation $WAT Shares Sold by Bank of New York Mellon Corp,2026-06-07,JPM
"Northwestern Mutual Wealth Management Co. Sells 24,135 Shares of Cheniere Energy, Inc. $LNG",2026-06-07,JPM
Los grandes bancos americanos crean una red de depósitos tokenizados para plantar cara a Tether y Circle antes de que sea tarde,2026-06-07,JPM
CRBG: Capital Returns And Index Inclusion Scenarios Will Support Future Earnings Resilience,2026-06-07,JPM
ETFs Investing in INNIO N.V. Stocks,2026-06-07,JPM
Nuance Investments LLC Has $79.33 Million Holdings in The Clorox Company $CLX,2026-06-07,JPM
Capital International Ltd. CA Increases Stock Position in Linde PLC $LIN,2026-06-07,JPM
"Bank of New York Mellon Corp Sells 237,830 Shares of Suncor Energy Inc. $SU",2026-06-07,JPM
"Capital Group Private Client Services Inc. Cuts Stock Position in United Rentals, Inc. $URI",2026-06-07,JPM
"Bank of New York Mellon Corp Cuts Stake in Leidos Holdings, Inc. $LDOS",2026-06-07,JPM
"BNP Paribas Financial Markets Purchases 147,871 Shares of Ingredion Incorporated $INGR",2026-06-07,JPM
"Capital World Investors Acquires 830,252 Shares of Arthur J. Gallagher & Co. $AJG",2026-06-07,JPM
Teva Pharmaceutical Industries Ltd. $TEVA Shares Sold by BNP Paribas Financial Markets,2026-06-07,JPM
"BNP Paribas Financial Markets Has $18.05 Million Stock Position in Woodward, Inc. $WWD",2026-06-07,JPM
"Bank of New York Mellon Corp Acquires 626,100 Shares of Flowserve Corporation $FLS",2026-06-07,JPM
"Bank of New York Mellon Corp Acquires 158,713 Shares of Albemarle Corporation $ALB",2026-06-07,JPM
Capital International Sarl Has $39.15 Million Holdings in Arthur J. Gallagher & Co. $AJG,2026-06-07,JPM
Legal & General Group Plc Grows Stake in Iridium Communications Inc $IRDM,2026-06-07,JPM
"Lemonade, Inc. $LMND Shares Bought by Geode Capital Management LLC",2026-06-07,JPM
BNP Paribas Financial Markets Trims Stock Position in Synaptics Incorporated $SYNA,2026-06-07,JPM
"Clearbridge Investments LLC Acquires 165,763 Shares of Hilton Worldwide Holdings Inc. $HLT",2026-06-07,JPM
"Fiduciary Management Inc. WI Raises Stock Position in Hayward Holdings, Inc. $HAYW",2026-06-07,JPM
"Capital Research Global Investors Sells 814,590 Shares of Procter & Gamble Company (The) $PG",2026-06-07,JPM
Geode Capital Management LLC Trims Holdings in Science Applications International Corporation $SAIC,2026-06-07,JPM
"EOG Resources, Inc. $EOG Shares Purchased by Daiwa Securities Group Inc.",2026-06-07,JPM
JPMorgan cuts Accenture stock price target on AI concerns,2026-06-08,JPM
Earnings growth & price strength make JPMorgan Chase & Co. (JPM) a stock to watch,2026-06-08,JPM
JPMorgan (JPM) Has an Earnings Engine That Looks Bigger Than a Plain Rate Trade,2026-06-08,JPM
Tesla Inc stock (US88160R1014): JPMorgan upgrade and 3% rebound put focus back on autonomy story,2026-06-08,JPM
Oil Rebounds on Fresh Middle East Supply Risk Pricing,2026-06-08,JPM
"30,221 Shares in Altria Group, Inc. $MO Bought by Hilton Head Capital Partners LLC",2026-06-08,JPM
"JPMorgan Chase & Co. Sells 6,482,722 Shares of Mondelez International, Inc. $MDLZ",2026-06-08,JPM
ING Groep NV Lowers Stock Holdings in TechnipFMC plc $FTI,2026-06-08,JPM
"RWC Asset Management LLP Sells 17,666 Shares of Public Service Enterprise Group Incorporated $PEG",2026-06-08,JPM
Home BancShares stock (US4370701057): What investors should watch next,2026-06-08,JPM
"WINTON GROUP Ltd Acquires Shares of 30,200 Kimberly-Clark Corporation $KMB",2026-06-08,JPM
"56,834 Shares in Western Midstream Partners, LP $WES Bought by Vestcor Inc",2026-06-08,JPM
Broadcom Sneezed and COPJ Investors Lost 11% In A Day And Learned That Copper's AI Story Has a Pause Button,2026-06-08,JPM
HSBC Holdings plc (ADR) stock (US4042804066): investors eye global bank amid rate and margin debate,2026-06-08,JPM
Devon Energy (DVN) Receives Overweight Rating from JPMorgan with $62 Price Target,2026-06-08,JPM
Deutsche Bank initiates Blackstone Digital Infrastructure Trust stock with buy rating,2026-06-08,JPM
Mizuho cuts Vail Resorts stock price target on weak visitation,2026-06-08,JPM
HDFC Bank Ltd stock (INE040A01034): Shares under pressure as investors digest weak one-year performa,2026-06-08,JPM
JPMorgan Chase & Co. Reiterates Overweight Rating for Devon Energy (NYSE:DVN),2026-06-08,JPM
JPMorgan (JPM) offers callable step-up notes due 2036 at 5.25%–6.00%,2026-06-08,JPM
Southern Company (NYSE: SO) registers up to 50M shares via ATM and forward deals,2026-06-08,JPM
JPMorgan Chase & Co. Forecasts Strong Price Appreciation for Victoria's Secret & Co. (NYSE:VSXY) Stock,2026-06-08,JPM
FIXT ETF Holdings List — NYSE:FIXT,2026-06-08,JPM
Citigroup's Path to 5-6% NII Rise in 2026: What's Driving the Upside?,2026-06-08,JPM
Bank of Hawaii Corp stock (US0625401098): Dividend update and regional banking headwinds in focus,2026-06-08,JPM
Nomura Holdings Inc stock (JP3762800005): focus shifts to AI talent moves and global investment bank,2026-06-08,JPM
JPMorgan (JPM) launches Oracle‑linked autocall notes with ≥18.50% contingent coupon,2026-06-08,JPM
JPMorgan Chase & Co (JPM) Stock Price Quote Today & Current Price Chart,2026-06-08,JPM
Itaú Unibanco Holding S.A. stock (BRITUBACNPR7): Brazilian banking giant updates investors after la,2026-06-08,JPM
"Michelle Mccarthy Sells 2,434 Shares of MKS (NASDAQ:MKSI) Stock",2026-06-08,JPM
Molina Healthcare stock (US6093511094): JPMorgan lifts price target after June 8 review,2026-06-08,JPM
KTB Initiated Coverage by JP Morgan -- Rating Set to Overweight,2026-06-08,JPM
"Carlsberg Working With Citigroup, JPMorgan on IPO of Indian Unit",2026-06-08,JPM
"Prudential PLC Acquires 4,762 Shares of VeriSign, Inc. $VRSN",2026-06-08,JPM
Boston Scientific (BSX) Initiates $2B Accelerated Share Repurchase Agreement,2026-06-08,JPM
MAC: Path Forward Plan And Deleveraging May Support Measured Repricing Ahead,2026-06-08,JPM
"Brandywine Global Investment Management LLC Sells 452,894 Shares of Annaly Capital Management Inc $NLY",2026-06-08,JPM
"Bank of New York Mellon Corp Sells 103,620 Shares of The New York Times Company $NYT",2026-06-08,JPM
Morgan Stanley’s Galaxy deal points to Bitcoin’s next institutional test: lending collateral,2026-06-08,JPM
"BNP Paribas Financial Markets Boosts Stock Position in Manhattan Associates, Inc. $MANH",2026-06-08,JPM
Brandywine Global Investment Management LLC Increases Stock Position in Verizon Communications Inc. $VZ,2026-06-08,JPM
"BNP Paribas Financial Markets Sells 38,214 Shares of Fortune Brands Innovations, Inc. $FBIN",2026-06-08,JPM
"Bank of New York Mellon Corp Boosts Stock Holdings in Church & Dwight Co., Inc. $CHD",2026-06-08,JPM
"Bank of New York Mellon Corp Sells 11,604 Shares of MSA Safety Incorporporated $MSA",2026-06-08,JPM
Brunswick Corporation $BC Shares Sold by Bank of New York Mellon Corp,2026-06-08,JPM
Bank of New York Mellon Corp Has $105.41 Million Position in Annaly Capital Management Inc $NLY,2026-06-08,JPM
"UBS Adjusts Price Target on Braskem to $4 From $3.80, Maintains Neutral Rating",2026-06-08,JPM
Erste Asset Management GmbH Decreases Position in Darling Ingredients Inc. $DAR,2026-06-08,JPM
"Capital International Sarl Acquires 55,114 Shares of Halliburton Company $HAL",2026-06-08,JPM
Visa Inc. $V Shares Bought by Franklin Resources Inc.,2026-06-08,JPM
Mastercard Incorporated $MA Shares Sold by Franklin Resources Inc.,2026-06-08,JPM
Cookson Peirce & Co. Inc. Invests $1.15 Million in Kaiser Aluminum Corporation $KALU,2026-06-08,JPM
HSBC CEO says ‘human judgement’ vital even as AI introduced,2026-06-08,JPM
"Erste Asset Management GmbH Boosts Holdings in Choice Hotels International, Inc. $CHH",2026-06-08,JPM
"TD Asset Management Inc Lowers Stock Position in BWX Technologies, Inc. $BWXT",2026-06-08,JPM
"Citigroup lifts S&P 500 year-end target to 8,100 on earnings strength, AI 'supercycle'",2026-06-08,JPM
"Church & Dwight Co., Inc. $CHD Shares Purchased by Goldman Sachs Group Inc.",2026-06-08,JPM
"Los Angeles Capital Management LLC Sells 28,942 Shares of Allegion PLC $ALLE",2026-06-08,JPM
Goldman Sachs Group Inc. Increases Stake in APA Corporation $APA,2026-06-08,JPM
What is GDS Holdings Ltd. (9698) stock_business overview_development history,2026-06-08,JPM
"Bruker (NASDAQ:BRKR) Stock Price Expected to Rise, JPMorgan Chase & Co. Analyst Says",2026-06-08,JPM
Stifel Financial Corp stock (US8606301021): what the latest developments mean for investors,2026-06-08,JPM
Mitsubishi UFJ Financial Group Inc - ADR (MUFG) Stock Price Quote Today & Current Price Chart,2026-06-08,JPM
CNBC Points Pro: How do I choose a travel credit card for maximum value?,2026-06-08,JPM
"Equity markets will stabilize and the rally can continue, says Blue Line Capital's Bill Baruch",2026-06-08,JPM
Forget JEPI: Three Business Development Company ETFs Yielding Over 12% From Private Credit Loans,2026-06-08,JPM
Big Banks Eye Tokenized Deposits as Stablecoin Competition Heats Up,2026-06-08,JPM
JPMorgan Sees Qualcomm (QCOM) Investor Day as Potential AI Growth Catalyst,2026-06-08,JPM
Catalyst Investment Partners Secures $281 Million Financing for Industrial Outdoor Storage Portfolio,2026-06-08,JPM
The Smartest Vanguard ETF to Buy With $500 Right Now,2026-06-08,JPM
How The TD SYNNEX (SNX) Narrative Is Shifting With Hyve And Higher Street Targets,2026-06-08,JPM
"'Goldman, JPMorgan Explore New Ways to Tame AI Lending Risks' - The Information",2026-06-08,JPM
Tate & Lyle Accepts Bid From Ingredion in Loss for London,2026-06-08,JPM
How The Ameren (AEE) Story Is Shifting With Data Center Growth And Mixed Analyst Views,2026-06-08,JPM
How Recent Analyst Shifts Are Rewriting the Story for Exelon (EXC),2026-06-08,JPM
Why The Narrative Around Zealand Pharma (CPSE:ZEAL) Is Shifting After Target Resets And Trial Updates,2026-06-08,JPM
"Treasuries Drop as Jobs Data, Iran Tensions Fuel Rate Hike Bets",2026-06-08,JPM
"Jamie Dimon's View That Crypto Companies Offering Stablecoin Rewards Should Be Treated As Banks Is Nonsense, Says Peter Schiff",2026-06-08,JPM
How The Duke Energy (DUK) Investment Story Is Shifting With Data Center And Policy Risks,2026-06-08,JPM
Fifth Third Bancorp stock (US3167731005): dividend move and regional banking focus,2026-06-08,JPM
Arista Networks (NYSE:ANET) Trading Up 1.3% Following Analyst Upgrade,2026-06-08,JPM
"Amazon Sells C$14 Billion in Bonds, Sets Canadian Record",2026-06-08,JPM
"Kontoor Brands seen capitalizing on denim's popularity, Helly Hansen's breakout potential -- JPM",2026-06-08,JPM
"Proposed resale notice — ABEO (Nasdaq: ABEO) lists 25,000 shares",2026-06-08,JPM
Grupo Supervielle board approves related party transactions with subsidiary By Investing.com,2026-06-08,JPM
小摩示警油市庫存逼近警戒線，荷姆茲問題若拖至Q4油價恐再加15美元,2026-06-08,JPM
This Analyst Just Upgraded Chipotle Stock. Here's Why.,2026-06-08,JPM
Rv3839-Rv3840 links the endogenous heme biosynthesis pathway with Mycobacterium tuberculosis adaptation to nitric oxide and iron limitation stress,2026-06-08,JPM
Travel agents are booming. But a premium travel credit card might do the job for less,2026-06-08,JPM
Visa Inc. Class A Trade Ideas — BSESOF:3V64,2026-06-08,JPM
Sector Update: Financial Stocks Softer Monday Afternoon,2026-06-08,JPM
ILS Talent War Hits $1 Million As Hedge Funds Chase Weather Experts,2026-06-08,JPM
Amazon Seeks to Raise at Least C$7 Billion in Canada Bond Sale,2026-06-08,JPM
"JPMorgan Chase & Co. Sells 1,004,648 Shares of Howmet Aerospace Inc. $HWM",2026-06-08,JPM
Amazon seeks to raise at least $7 Billion in Canada bond sale,2026-06-08,JPM
OceanFirst Purges $1.4B In Rent-Stabilized Multifamily Loans Following Flushing Financial Merger,2026-06-08,JPM
SAIA Maintained by JP Morgan -- Price Target Raised to $490,2026-06-08,JPM
"Avis Budget Group and Viavi Solutions Stocks Trade Up, What You Need To Know",2026-06-08,JPM
"Capital One Stock Missed Q1 Estimates on Provisions, Not Credit. Here Is the Difference",2026-06-08,JPM
Guarantor: JPMorgan Chase & Co.,2026-06-08,JPM
Southern Company (The) $SO Shares Sold by Franklin Resources Inc.,2026-06-08,JPM
"LENZ Therapeutics (LENZ) Stock Price, News & Analysis",2026-06-08,JPM
"Bank of New York Mellon Corp Boosts Stock Position in Lennox International, Inc. $LII",2026-06-08,JPM
J.P. Morgan Sees a Bigger Qualcomm Shift,2026-06-08,JPM
Bank of New York Mellon Corp Boosts Position in KeyCorp $KEY,2026-06-08,JPM
Mastercard (NYSE: MA) issues new floating and fixed-rate notes due 2028–2036,2026-06-08,JPM
JPMorgan Just Dramatically Reversed Course on Tesla Because TSLA Stock Has Massive Physical AI Potential,2026-06-08,JPM
Tango Therapeutics Announces Proposed $500 Million Public Offering,2026-06-08,JPM
"NUVL (NASDAQ) registers 90,000 Class A shares after option exercise",2026-06-08,JPM
"IDEAYA Biosciences plans up to $300M stock, warrant sale, plus $45M option",2026-06-08,JPM
Form FWP CITIGROUP INC Filed by: CITIGROUP INC,2026-06-08,JPM
"Huntington Bancshares (NASDAQ: HBAN) details 2027 EPS, ROTCE and merger synergies",2026-06-08,JPM
Cancer drug developer Tango Therapeutics seeks $500M in stock sale,2026-06-08,JPM
Hubbell Completes $1.9 Billion Senior Notes Offering to Help Fund NSI Acquisition,2026-06-08,JPM
IDEAYA Biosciences plans $300 million stock offering,2026-06-08,JPM
"When Commercial Lending Forgets the Customer, It Forgets the Relationship",2026-06-08,JPM
DaVita Secures $500 Million Incremental Term Loan B-2 Under Credit Facility With JPMorgan,2026-06-08,JPM
JPMorgan Shops 15% Yield Debt for Trump-Boosted Oil Driller,2026-06-08,JPM
How Investors Are Reacting To KeyCorp (KEY) US$3.36 Billion Flexible Shelf Registration,2026-06-08,JPM
First Horizon Bank Welcomes Kevin Piker as Commercial Relationship Manager,2026-06-09,JPM
"Tesla Stock Forecast | SpaceX Listing, Q1 Results",2026-06-09,JPM
IDEAYA Biosciences prices $300 million stock offering By Investing.com,2026-06-09,JPM
Cisco Systems Inc Stock (CSCO) Moved Down by 4.78% on Jun 9: Key Drivers Unveiled,2026-06-09,JPM
Here’s What the Street is Saying About KKR & Co. (KKR),2026-06-09,JPM
Old National Bancorp stock (US6800331075): dividend payer with Midwest banking footprint in focus,2026-06-09,JPM
"Ethena Lands $480 Billion Wall Street Giant, Will ENA Price Rally?",2026-06-09,JPM
"Goldman, Barclays Traders Warn Of Market Risks After Friday Rout",2026-06-09,JPM
"Goldman Sachs (GS) sells $9M 6.00% callable notes due 2046, callable from 2029",2026-06-09,JPM
Walker & Dunlop Arranges $53.1M Construction Loan for Affordable Housing Community Joyfield at Lakeview Center in Antioch California,2026-06-09,JPM
How The Truist Financial (TFC) Story Is Shifting As Analyst Views Diverge,2026-06-09,JPM
Valley National Bancorp stock hits 52-week high at 14.12 USD,2026-06-09,JPM
New Chase tools let small-business owners track credit and customers,2026-06-09,JPM
Citigroup stock hits 52-week high at 135.83 USD By Investing.com,2026-06-09,JPM
State Street Corp stock hits all-time high at 164.04 USD,2026-06-09,JPM
PAR Technology (NYSE:PAR) Upgraded at JPMorgan Chase & Co.,2026-06-09,JPM
Apollo Leads $35 Billion Capital Solution for Broadcom AI XPV Platform in Partnership with Blackstone and Leading Global Banks,2026-06-09,JPM
New York State Enacts 2026–2027 Budget with Individual and Business Tax Law Changes,2026-06-09,JPM
Here's How AI-Driven Hiring Shifts Could Reshape Banks' Performances,2026-06-09,JPM
Analysts’ Opinions Are Mixed on These Utilities Stocks: Centerpoint Energy (CNP) and Entergy (ETR),2026-06-09,JPM
"Redwire Launches $500 Million At-The-Market Equity Program With Truist, JPMorgan, BofA and Others",2026-06-09,JPM
SBI May Commit $1 Billion to Support Sun Pharma’s $12 Billion Organon Acquisition,2026-06-09,JPM
Equity Residential stock (US29476E1073): Merger plans with AvalonBay reshape outlook for apartment REIT,2026-06-09,JPM
JPMorgan Chase Trades at a Big Premium to Bank of America. Is It Worth the Difference?,2026-06-09,JPM
OceanFirst dumps $1.4B rent-stabilized loan book days after Flushing merger,2026-06-09,JPM
Ameriprise (NYSE: AMP) prices 4.800% 2031 and 5.350% 2036 senior notes,2026-06-09,JPM
Hut 8 closes $4.25 billion bond for Texas data center project By Investing.com,2026-06-09,JPM
Hut 8 closes $4.25 billion bond for Texas data center project,2026-06-09,JPM
Summit Therapeutics launches $500 million stock offering,2026-06-09,JPM
CenterBook Partners LP Buys New Position in STAAR Surgical Company $STAA,2026-06-09,JPM
Western Digital (WDC) files Form 144 with J.P. Morgan listed as broker,2026-06-09,JPM
[424B2] JPMORGAN CHASE & CO Prospectus Supplement,2026-06-09,JPM
Summit Therapeutics stock tumbles on $500M stock offering,2026-06-09,JPM
Why ConocoPhillips Stock Dropped Today,2026-06-09,JPM
Morgan Stanley sees US dollar weakening as Fed holds rates By Investing.com,2026-06-09,JPM
"AvalonBay Communities Keeps Quarterly Dividend at $1.78 a Share, Payable July 15 to Shareholders of Record June 30",2026-06-09,JPM
Marex Group plc Announces Closing of U.S.$500 Million Hybrid Notes,2026-06-09,JPM
JPMorgan (JPM) offers $3.03M 5.85% callable notes maturing 2056,2026-06-09,JPM
ENA Price Tests Critical Lows as Janus Henderson Backs Ethena Ecosystem,2026-06-09,JPM
Banco Bilbao Vizcaya Argentaria S.A. stock (ES0113211835): BBVA focuses on retail banking and digita,2026-06-09,JPM
Chase exec on branch strategy: 'We're going to continue building',2026-06-09,JPM
Gold and silver will gain as rising debt and inflation reprice bonds and the broader market – Sprott’s Wong,2026-06-09,JPM
"Morgan Stanley 'wide awake' to acquisition opportunities, CEO says",2026-06-09,JPM
"JPMorgan keeping a watchful eye on consumer health, executive says",2026-06-09,JPM
Guarantor: JPMorgan Chase & Co.,2026-06-09,JPM
"BNP Paribas Financial Markets Has $9.29 Million Holdings in Macy's, Inc. $M",2026-06-09,JPM
UnitedHealth Group (NYSE:UNH) Given New $466.00 Price Target at JPMorgan Chase & Co.,2026-06-09,JPM
GLOBAL – The 2026 Banking on Climate Chaos,2026-06-09,JPM
"Fox Run Management L.L.C. Makes New $1.46 Million Investment in ExlService Holdings, Inc. $EXLS",2026-06-09,JPM
"Geode Capital Management LLC Has $65.80 Million Holdings in Four Corners Property Trust, Inc. $FCPT",2026-06-09,JPM
Goldman Sachs Group Inc. Has $117.58 Million Stock Position in Curtiss-Wright Corporation $CW,2026-06-09,JPM
TD Asset Management Inc Has $12.88 Million Position in Ameren Corporation $AEE,2026-06-09,JPM
"Erste Asset Management GmbH Buys 26,829 Shares of Tesla, Inc. $TSLA",2026-06-09,JPM
The Walt Disney Company $DIS Shares Bought by Cerity Partners LLC,2026-06-09,JPM
"World’s largest banks pledged $906bn to fossil fuel companies in ‘unfathomable’ increase in 2025, report finds",2026-06-09,JPM
Cerity Partners LLC Has $207.35 Million Stake in Illinois Tool Works Inc. $ITW,2026-06-09,JPM
"Capital World Investors Purchases 5,048 Shares of Old Dominion Freight Line, Inc. $ODFL",2026-06-09,JPM
Bank of New York Mellon Corp Trims Stock Holdings in TD SYNNEX Corporation $SNX,2026-06-09,JPM
Jefferson Shreve from Indiana’s 6th district invests heavily in JP Morgan and Morgan Stanley By Investing.com,2026-06-09,JPM
"Bank of New York Mellon Corp Sells 9,074 Shares of XPO, Inc. $XPO",2026-06-09,JPM
"Bank of New York Mellon Corp Reduces Position in Reinsurance Group of America, Incorporated $RGA",2026-06-09,JPM
Bank of New York Mellon Corp Has $82.21 Million Position in Allegion PLC $ALLE,2026-06-09,JPM
"Bank of New York Mellon Corp Buys 368,191 Shares of The Gap, Inc. $GAP",2026-06-09,JPM
BCS6415092 Bond Redemption Analysis,2026-06-09,JPM
Galaxy Digital lowers odds of CLARITY Act passage to 60% as deadline nears,2026-06-09,JPM
"Stock Market Today: SPY, QQQ Rebound as Israel and Iran Halt Strikes; Oil Edges Higher",2026-06-09,JPM
Do TD’s New Capital Raises And Digital Wins Reframe Its Investment Story For Toronto-Dominion (TSX:TD)?,2026-06-09,JPM
IDEAYA Announces Pricing of $300 Million Offering of Common Stock and Pre-Funded Warrants,2026-06-09,JPM
JPMorgan upgrades PAR Technology stock rating after share count error,2026-06-09,JPM
"INVESTIGATION NOTICE: Girard Sharp Law Firm Encourages Former Investors of Blue Owl Capital Corp. III (NYSE: OBDE) Who Received Shares of Blue Owl Capital Corp. (NYSE: OBDC), and Former Investors of Blue Owl Technology Finance Corp. II Who Received Shares of Blue Owl Technology Finance Corp. (NYSE: OTF), to Contact the Firm",2026-06-09,JPM
"Goldman Sachs Group Inc. Purchases 628,390 Shares of McCormick & Company, Incorporated $MKC",2026-06-09,JPM
Geode Capital Management LLC Raises Stock Position in Hilton Grand Vacations Inc. $HGV,2026-06-09,JPM
"United Rentals, Inc. $URI Shares Sold by LGT Capital Partners LTD.",2026-06-09,JPM
Fifth Third joining NYSE from Nasdaq in largest bank stock shift ever,2026-06-09,JPM
"Franklin Resources Inc. Reduces Stock Position in Roper Technologies, Inc. $ROP",2026-06-09,JPM
Fox Run Management L.L.C. Invests $1.89 Million in Portland General Electric Company $POR,2026-06-09,JPM
JPMorgan (JPM) offers Uncapped Digital Barrier Notes with 55.35% contingent return,2026-06-09,JPM
"ING Groep NV Invests $4.94 Million in HubSpot, Inc. $HUBS",2026-06-09,JPM
"Fox Run Management L.L.C. Buys 6,476 Shares of Cheniere Energy, Inc. $LNG",2026-06-09,JPM
Analysts Offer Insights on Financial Companies: American Express (AXP) and Ethos Technologies Inc. Class A (LIFE),2026-06-09,JPM
CRDO Stock Whipsaws After Huge Earnings Beat And Target Hikes,2026-06-09,JPM
"Ross Stores, Inc. $ROST Shares Sold by JPMorgan Chase & Co.",2026-06-09,JPM
"ING Groep NV Buys Shares of 62,107 Archer Daniels Midland Company $ADM",2026-06-09,JPM
"ING Groep NV Purchases Shares of 46,072 Phillips 66 $PSX",2026-06-09,JPM
Prudential PLC Decreases Stock Position in Royalty Pharma PLC $RPRX,2026-06-09,JPM
Bank of America Securities Remains a Hold on Vornado Realty (VNO),2026-06-09,JPM
Overseas Research Selection Daily Report 0609 | UBS Group: The Fed's threshold for raising interest rates remains high; disruptions in the Strait of Hormuz may prompt a rate cut.,2026-06-09,JPM
KeyBanc Sticks to Its Buy Rating for Xcel Energy (XEL),2026-06-09,JPM
"Natixis Advisors LLC Sells 13,779 Shares of BWX Technologies, Inc. $BWXT",2026-06-09,JPM
"Columbia Banking System, Inc. $COLB Stake Boosted by TD Asset Management Inc",2026-06-09,JPM
Geode Capital Management LLC Trims Stock Position in LXP Industrial Trust $LXP,2026-06-09,JPM
"Vestcor Inc Sells 9,056 Shares of DT Midstream, Inc. $DTM",2026-06-09,JPM
ING Groep NV Decreases Stock Position in Thermo Fisher Scientific Inc. $TMO,2026-06-09,JPM
Meena Subramanyam,2026-06-09,JPM
JPMorgan Chase Tests Tokenized Deposits And Quantum AI For Future Payments,2026-06-09,JPM
"JPMorgan Chase Consumer And Community Banking CEO Marianne Lake Says U.S. Consumer Continues To Be Resilient And Spend Is Still Solid; If Inflation Continues To Be Higher For Longer Then There Could Be Some Risk; We Are Being Very, Very Watchful On The Consumer Segment; Credit Cards Continue To Grow In Line With Our Expectations; Expect Loan Growth In 2026 To Be Higher Than The Industry Average; We Are Gaining Share In Small Business And Cards Segments",2026-06-09,JPM
JPMorgan Chase plans to deploy more powerful AI agents this year,2026-06-09,JPM
'JPMorgan Chase plans to deploy more powerful AI agents this year' - CNBC,2026-06-09,JPM
JPMorgan Announces Cash Distributions for the JPMorgan ETFs,2026-06-09,JPM
Apple shares slide after big Siri AI reveal,2026-06-09,JPM
SpaceX Targets $1.8 Trillion IPO as Musk Expands AI Empire,2026-06-09,JPM
"Tesla Just Lost One of Its Biggest Bears, but Is the Stock a Buy?",2026-06-09,JPM
Chase Expands Digital Hub for Small Businesses with New Innovative Tools and Insights,2026-06-09,JPM
ENT & Allergy Associates and Hümi  Name J.P. Morgan as Primary Bank and Lender,2026-06-09,JPM
Investors should 'go long and do nothing': Market strategist,2026-06-09,JPM
JPMorgan Chase & Co. (JPM) Presents at Morgan Stanley US Financials Conference 2026 Transcript,2026-06-09,JPM
Oil prices fall after U.S. Energy secretary says Hormuz ship traffic is increasing,2026-06-09,JPM
JPMorgan Chase plans autonomous AI agents for 2026,2026-06-09,JPM
SpaceX IPO Draws Orders for Multiple Times the Shares Available,2026-06-09,JPM
"Top Midday Stories: GSK to Acquire Nuvalent for $10.6 Billion in Cash; Apple Introduces Siri AI, But EU Launch to be Delayed",2026-06-09,JPM
"AI Selloff a ‘Wake-Up Call’ for Investors, Wells Fargo Says",2026-06-09,JPM
Umicore - Transparency notification by JP Morgan Asset Management Holdings Inc.,2026-06-09,JPM
Sector Update: Financial Stocks Advance Tuesday Afternoon,2026-06-09,JPM
Super Micro stock falls 13% on $7 billion financing plans as company touts AI server orders,2026-06-09,JPM
Oil Falls in Choppy Trading After Trump Vows Response to Attack,2026-06-09,JPM
Sector Update: Financial Stocks Advance Late Afternoon,2026-06-09,JPM
Market Chatter: JPMorgan-Led Banks Plan to Offload $5.3B in Qualtrics Hung Debt Later This Year,2026-06-09,JPM
"Phillips 66 to Speak at J.P. Morgan 2026 Energy, Power, Renewables & Mining Conference",2026-06-09,JPM
JPMorgan resets Broadcom stock price target,2026-06-09,JPM
"US consumers are still spending, but JPMorgan says the cushion against higher prices is thinning",2026-06-09,JPM
"Apple's Siri revamp is a game changer for the long term, says JPMorgan's Samik Chatterjee",2026-06-09,JPM
JPMorgan Expects Ambitious Data Center Targets From Qualcomm (QCOM),2026-06-09,JPM
"JPMorgan (JPM) prices 5.70% callable notes; monthly interest, long maturity",2026-06-09,JPM
JPMorgan Chase (JPM) Valuation Check As Tokenized Deposit Network Targets Faster Blockchain Payments,2026-06-09,JPM
"Intel’s Rumored 3 Million TPU Win For Google Gets Cold Water From JPMorgan, Which Calls It A ‘Storm In A Teacup’",2026-06-09,JPM
Can heat stress affect the psychophysiological responses and locomotor demands of young soccer players during small-sided soccer games?,2026-06-09,JPM
gammaqc-terminal added to PyPI,2026-06-09,JPM
"Wells Fargo, JPMorgan, and Other Big Banks Face Pressure to Address AI Risks",2026-06-09,JPM
JPMorgan’s AI-Driven Private Banking Push Could Be A Game Changer For JPMorgan Chase (JPM),2026-06-10,JPM
"HDFC Bank, peers increase FCNR deposit rates to 6% after RBI move",2026-06-10,JPM
Amazon inks $17.5B loan in financing led by Citigroup,2026-06-10,JPM
"Deutsche Bank AG Buys 4,744,982 Shares of UBS Group AG $UBS",2026-06-10,JPM
Daiwa Securities Group Inc. Boosts Position in Iridium Communications Inc $IRDM,2026-06-10,JPM
REG - Senior PLC JPMorgan Chase & Co - Holding(s) in Company,2026-06-10,JPM
"Deutsche Bank AG Sells 772,799 Shares of Wells Fargo & Company $WFC",2026-06-10,JPM
"Goldman Sachs Group Inc. Purchases 218,201 Shares of Textron Inc. $TXT",2026-06-10,JPM
Goldman Sachs Group Inc. Has $107.23 Million Stock Holdings in Allegion PLC $ALLE,2026-06-10,JPM
Japan's three largest banks aim for joint stablecoin issue by March,2026-06-10,JPM
"Los Angeles Capital Management LLC Has $2.46 Million Stock Position in PTC Therapeutics, Inc. $PTCT",2026-06-10,JPM
"JPMorgan Chase & Co. Sells 266,843 Shares of Ingersoll Rand Inc. $IR",2026-06-10,JPM
BNP Paribas Financial Markets Has $7.51 Million Stock Holdings in Sociedad Quimica y Minera S.A. $SQM,2026-06-10,JPM
"JPMorgan Chase & Co. Has $1.19 Billion Stock Holdings in Celestica, Inc. $CLS",2026-06-10,JPM
"Republic Services, Inc. $RSG Shares Sold by JPMorgan Chase & Co.",2026-06-10,JPM
Franklin Resources Inc. Raises Holdings in Stellantis N.V. $STLA,2026-06-10,JPM
"JPMorgan Chase & Co. Takes $793.78 Million Position in Marsh & McLennan Companies, Inc. $MRSH",2026-06-10,JPM
Toronto Dominion Bank (The) $TD Shares Sold by JPMorgan Chase & Co.,2026-06-10,JPM
"Franklin Resources Inc. Acquires 1,925,708 Shares of Itau Unibanco Holding S.A. $ITUB",2026-06-10,JPM
Franklin Resources Inc. Increases Stock Holdings in Howmet Aerospace Inc. $HWM,2026-06-10,JPM
"JPMorgan Chase & Co. Lowers Position in AMETEK, Inc. $AME",2026-06-10,JPM
Raymond James raises United Rentals stock price target on margin outlook,2026-06-10,JPM
"[8-K] Forward Industries, Inc. Reports Material Event",2026-06-10,JPM
"Dorchester Minerals, L.P. $DMLP Shares Acquired by ING Groep NV",2026-06-10,JPM
Amazon Takes On $17.5B In Fresh Debt To Supercharge AI Expansion,2026-06-10,JPM
Trump Heaps Praise on Citi for M&A Ranking It Doesn’t Have,2026-06-10,JPM
Morgan Stanley's Bitcoin Executive Says Education — Not Products — Is Wall Street's Real Obstacle,2026-06-10,JPM
"JPMorgan, Barclays, Fifth Third Defeat Tricolor Fraud Suit (1)",2026-06-10,JPM
[424B2] JPMORGAN CHASE & CO Prospectus Supplement,2026-06-10,JPM
AMETEK Inc Stock (US0311001004): Ownership Shifts As Big Funds Trim Positions,2026-06-10,JPM
HSBC Holdings PLC Stock (HSBC) Moved Down by 3.08% on Jun 10: Drivers Behind the Movement,2026-06-10,JPM
$CDW stock is down 3% today. Here's what we see in our data.,2026-06-10,JPM
BofA Shares Edge Higher After Bank Lifts Trading Revenue Forecast Above 15%,2026-06-10,JPM
"JPMorgan (JPM) autocallable notes due June 20, 2031 with up to 48.75% call premium",2026-06-10,JPM
National Fuel Gas announces $1.5 billion notes offering in three tranches,2026-06-10,JPM
JPMorgan Chase & Co (JPM) on Deals Lookout Amid Tokenized Fund Push,2026-06-10,JPM
"JPMorgan, Barclays, Fifth Third defeat lawsuit over missed 'red flags' at Tricolor",2026-06-10,JPM
"JPMorgan Chase (JPM) offers $3.45M callable notes due 2036, 5.225% coupon",2026-06-10,JPM
"PLDT, KKR discuss Maya IPO issues as listing plan weighs structure",2026-06-10,JPM
Citigroup shares outperform down market after Trump endorsement,2026-06-10,JPM
Morgan Stanley revamps Apple stock target after key event,2026-06-10,JPM
JPMorgan (JPM) offers $1.378M Auto‑Callable Notes with 6% daily deduction,2026-06-10,JPM
JPMorgan (JPM) prices callable contingent‑interest notes due 2031,2026-06-10,JPM
JPMorgan Chase & Co. (JPM) Stock Moves -1.12%: What You Should Know,2026-06-10,JPM
"Investors sue Goldman, Morgan Stanley and 11 banks over Via IPO",2026-06-10,JPM
JPMorgan (JPM) sells capped dual‑direction notes tied to Micron stock,2026-06-10,JPM
"In latest anti-ICE protest, faith group withdraws $2 million from Citizens Bank",2026-06-10,JPM
JPMorgan (NYSE: JPM) offers callable contingent-interest notes due Oct 2029,2026-06-10,JPM
"JPMorgan (JPM) sells WHR‑linked 3x capped barrier notes, max 230% payout",2026-06-10,JPM
Largest single-sponsor data center bond: Hut 8 raises $4.25B for Texas build,2026-06-10,JPM
"Franklin Resources Inc. Sells 11,655 Shares of AutoZone, Inc. $AZO",2026-06-10,JPM
"JPMorgan (JPM) autocallable notes tied to Dow, S&P 500, Russell 2000",2026-06-10,JPM
Huntington Bank opens branch in Kernersville,2026-06-10,JPM
"GW&K Investment Management LLC Has $104.20 Million Holdings in Comfort Systems USA, Inc. $FIX",2026-06-10,JPM
What's Going On With Amazon Stock Wednesday?,2026-06-10,JPM
"Franklin Resources Inc. Has $165.45 Million Stake in Columbia Banking System, Inc. $COLB",2026-06-10,JPM
Truist upgrades Global-E Online stock rating on growth outlook,2026-06-10,JPM
424B8] CITIGROUP INC SEC Filing,2026-06-10,JPM
Dr. Reddy's management to meet investors in London on June 16-17,2026-06-10,JPM
JPMorgan Stock Has Lost 15% From Its Peak. Here’s Where the Stock Could Go,2026-06-10,JPM
Wells Fargo CFO Just Confirmed $50B in NII. Here’s Why the Stock Still Looks Cheap,2026-06-10,JPM
Acadia Realty Trust prices 9 million share offering at $21.95 each,2026-06-10,JPM
RBC Capital Markets Becomes the First Canadian Bank Registered to Trade Korean Won Directly in Korea's Onshore Market,2026-06-10,JPM
"Acadia Realty Trust Announces Pricing of Offering of 9,000,000 Common Shares",2026-06-10,JPM
JPMorgan’s Lake sees longer road to agentic commerce adoption,2026-06-10,JPM
"C Highlights Turnaround Progress, Solid Q2 Trading & IB Outlook",2026-06-10,JPM
Top 10: Banks in Canada,2026-06-10,JPM
JPMorgan Hires Goldman Banker for Prepay Energy Bond Deals,2026-06-10,JPM
Customers Bank named to list of high-growth companies for 2026,2026-06-10,JPM
Flutter Entertainment : FanDuel Predicts to expand event contract offering through partnership with Crypto.com and OG prediction markets,2026-06-10,JPM
JPMorgan Chase Stock (JPM) Unfazed by Chase Sapphire Preferred Card Changes,2026-06-10,JPM
Norges Bank Acquires New Holdings in HF Sinclair Corporation $DINO,2026-06-10,JPM
Amazon Inks $17.5 Billion Loan in Financing Led by Citigroup,2026-06-10,JPM
LPL Financial LLC Has $271.74 Million Stock Position in Abbott Laboratories $ABT,2026-06-10,JPM
JPMorgan Wins TRO Against $1.85B Morgan Stanley Team,2026-06-10,JPM
"May CPI Report: Energy-Driven Inflation Is Contained, for Now",2026-06-10,JPM
"Trump lauds Citi as No. 1 in M&A advisor by deal value, but is it? (C:NYSE)",2026-06-10,JPM
Capital International Investors Has $49.16 Million Stake in Celsius Holdings Inc. $CELH,2026-06-10,JPM
XRP ETF Buying Frenzy Pushes Assets Near $1 Billion,2026-06-10,JPM
Focus Partners Advisor Solutions LLC Increases Holdings in Edison International $EIX,2026-06-10,JPM
"Cunning Capital Partners LP Has $2.70 Million Stock Position in HCA Healthcare, Inc. $HCA",2026-06-10,JPM
Aviation Capital Group Amends and Extends $3.1 Billion Senior Unsecured Revolving Credit Facility,2026-06-10,JPM
ISCB vs. BBSC: Which Small-Cap ETF Is the Better Buy for Long-Term Investors?,2026-06-10,JPM
Inflation Is Back Above 4%: The ETF Strategy Wall Street May Revisit As Fed Risks Drift Higher,2026-06-10,JPM
The PE playbook that reformed accounting is coming for law firms,2026-06-10,JPM
Trump’s Economy Hired Nearly 1 Million Healthcare Workers While Every Other Sector Lost Jobs. Here’s Where to Put Your Money,2026-06-10,JPM
"Chase unveils massive Sapphire Preferred overhaul: Enhanced rewards, new perks and a crushing transfer partner change",2026-06-10,JPM
Trump says U.S. secretly moved more than 100 million barrels of oil through Strait of Hormuz,2026-06-10,JPM
"'The U.S. Attorney's Office In D.C. Subpoenaed JPMorgan, Bank Of America And Others As Part Of A Probe Into Alleged Debanking' - WSJ Exclusive",2026-06-10,JPM
Morgan Stanley Expands AI Access to Power Workplace Wealth Hub,2026-06-10,JPM
Trump Lavishes Praise on Citi for M&A Ranking It Doesn’t Have,2026-06-10,JPM
"Goldman Sachs: Unimpeachable Bank, Impeachable Price",2026-06-10,JPM
Stay informed with the top movers within the dow jones index on Wednesday.,2026-06-10,JPM
SpaceX IPO Is Said to Be More Than Four Times Oversubscribed,2026-06-10,JPM
JPMorgan says tax refunds no match for American gas spending,2026-06-10,JPM
Here's How Much $1000 Invested In JPMorgan Chase 15 Years Ago Would Be Worth Today,2026-06-10,JPM
Amazon Taps $17.5 Billion Loan as AI Spending Race Intensifies,2026-06-10,JPM
"DoJ subpoenas major banks over account closures, WSJ reports",2026-06-10,JPM
Tesla Stock Surges Into Bull Case as JPMorgan Lifts Target 227%,2026-06-10,JPM
Sector Update: Financial Stocks Softer Late Afternoon,2026-06-10,JPM
Illumina upgraded to overweight at JPMorgan on clinical demand outlook,2026-06-10,JPM
CNBC Daily Open: Trump expresses 'love' for inflation print and anger at Iran,2026-06-10,JPM
Trump Credits Stealth Operations for Holding Oil Prices Down,2026-06-10,JPM
"Bank of New York Mellon Corp Acquires 36,392 Shares of Zions Bancorporation, N.A. $ZION",2026-06-10,JPM
SpaceX's unconventional IPO: Here's what to know,2026-06-10,JPM
Trump says Iran will 'pay the price' and claims they have 'taken too long' to agree to a deal,2026-06-10,JPM
STEW: Deep Discount Gets Deeper (Rating Upgrade),2026-06-10,JPM
Jamie Dimon Discusses North American Trade Agenda With Mexican President Claudia Sheinbaum As Key Milestone Looms,2026-06-10,JPM
Clearbridge Investments LLC Reduces Holdings in BlackRock $BLK,2026-06-10,JPM
Marvell Joins S&P as Volatility Slams Chip Sector,2026-06-10,JPM
"Brandes Investment Partners LP Has $120.51 Million Stock Position in Mohawk Industries, Inc. $MHK",2026-06-10,JPM
"BNP Paribas Financial Markets Invests $8.48 Million in Miami International Holdings, Inc. $MIAX",2026-06-10,JPM
"HealthEquity, Inc. $HQY Shares Bought by Axiom Investors LLC DE",2026-06-10,JPM
Bank of New York Mellon Corp Decreases Position in Owens Corning Inc $OC,2026-06-10,JPM
A $7 billion horse race: Goldman Sachs and Morgan Stanley battle for ‘lead left’ position ahead of OpenAI and Anthropic IPOs,2026-06-10,JPM
"HCA Healthcare Stock Quote, Share Price, News and Analysis",2026-06-10,JPM
"Shattuck Labs, Inc. Announces Pricing of $75 Million Public Offering",2026-06-10,JPM
"ETB: Good Income Fund, But High Tech Exposure Could Be A Risk",2026-06-10,JPM
Morgan Stanley Cuts General Mills (GIS) Forecast Again Amid Inflation Concerns,2026-06-10,JPM
"Cibc World Market Inc. Invests $2.11 Million in VeriSign, Inc. $VRSN",2026-06-10,JPM
"Baxter International (BAX) Faces Tough Road Ahead, Says Citi in Downgrade",2026-06-10,JPM
"UnitedHealth, Applied Materials, Citigroup Stocks Surged To 52-Week Highs Today: What Drove The Uptick?",2026-06-10,JPM
JPMorgan Reinstates Devon Energy (DVN) as Overweight on Valuation Appeal,2026-06-10,JPM
Tango Therapeutics Announces Pricing of $600 Million Upsized Public Offering,2026-06-10,JPM
American Express Delta Card Perks Expand While Dividend Story Evolves,2026-06-10,JPM
Is Citigroup (C) Still Attractive After A 76.6% One Year Share Price Surge?,2026-06-10,JPM
Wells Fargo CFO Forecasts Rising Net Interest Income Amid Loan Growth,2026-06-10,JPM
Top 10 Finance Stocks to Consider Buying in 2026 as Sector Benefits from Rate Environment,2026-06-10,JPM
Google et Intel main dans la main sur les puces IA ? Tout ne serait pas aussi facile,2026-06-10,JPM
"JPMorgan Turns More Constructive on Travelers Companies (TRV), Citing Lower Reserve Risk",2026-06-10,JPM
"Hodges Capital Management Inc. Buys 140,911 Shares of Banc of California, Inc. $BANC",2026-06-11,JPM
JPMorgan (JPM) sells $5M callable 5.25% notes maturing 2036,2026-06-11,JPM
JPMorgan Chase & Co. Cuts Stock Holdings in TechnipFMC plc $FTI,2026-06-11,JPM
Exclusive | Citigroup Is Rolling Out Tokenized Shares of Private Companies,2026-06-11,JPM
"WINTON GROUP Ltd Sells 64,952 Shares of Assured Guaranty Ltd. $AGO",2026-06-11,JPM
"WINTON GROUP Ltd Sells 104,323 Shares of Sempra Energy $SRE",2026-06-11,JPM
Barclays Keeps Their Buy Rating on Cardinal Health (CAH),2026-06-11,JPM
"Allianz Asset Management GmbH Sells 28,087 Shares of Valmont Industries, Inc. $VMI",2026-06-11,JPM
"JPMorgan, BofA, Wells Fargo Subpoenaed By DOJ In Trump's Explosive 'Debanking' Crackdown: Report",2026-06-11,JPM
Timken Co stock hits all-time high at 139.47 USD,2026-06-11,JPM
"Hodges Capital Management Inc. Sells 201,303 Shares of Ethan Allen Interiors Inc. $ETD",2026-06-11,JPM
Nationale Nederlanden Powszechne Towarzystwo Emerytalne S.A. Lowers Position in Linde PLC $LIN,2026-06-11,JPM
Illinois Municipal Retirement Fund Has $20.52 Million Stock Position in Medtronic PLC $MDT,2026-06-11,JPM
Zacks Research Has Optimistic Outlook of NOG Q2 Earnings,2026-06-11,JPM
Fidelis Insurance Holdings Limited $FIHL is NFC Investments LLC's 7th Largest Position,2026-06-11,JPM
"Janney Montgomery Scott LLC Sells 38,495 Shares of Merck & Co., Inc. $MRK",2026-06-11,JPM
"Deutsche Bank AG Has $432.19 Million Stock Position in NiSource, Inc $NI",2026-06-11,JPM
"Analysts Offer Insights on Financial Companies: JPMorgan Chase (JPM), Citigroup (C) and Robinhood (HOOD)",2026-06-11,JPM
Ishares U.S. Manufacturing ETF (MADE-A) Press Releases,2026-06-11,JPM
Analysts Offer Insights on Materials Companies: Westlake Corporation (WLK) and Nutrien (NTR),2026-06-11,JPM
The Toro Company’s Q1 Earnings Call: Our Top 5 Analyst Questions,2026-06-11,JPM
"Shattuck Labs Launches $4.00 Underwritten Offering; 10.9M Shares, 7.9M Pre-Funded Warrants",2026-06-11,JPM
JPMorgan Chase & Co. Issues Pessimistic Forecast for Chewy (NYSE:CHWY) Stock Price,2026-06-11,JPM
National Fuel Gas' US$1.5 Billion Debt Raise Could Be A Game Changer For NFG,2026-06-11,JPM
JPMorgan (JPM) priced capped notes tied to least‑performing of three major indices,2026-06-11,JPM
SpaceX’s IPO is a big win for Goldman Sachs and Morgan Stanley,2026-06-11,JPM
"Los Angeles Capital Management LLC Buys Shares of 6,231 CSW Industrials, Inc. $CSW",2026-06-11,JPM
JPMorgan Chase (NYSE: JPM) prices 5.00% callable notes due June 2031,2026-06-11,JPM
Why Is The Cheesecake Factory (CAKE) Stock Rocketing Higher Today,2026-06-11,JPM
"Cemex, S.A.B. de C.V. Delivers Notice Of Full Redemption Of $1,000,000,000 5.125% Subordinated Notes, Repays $1,000,000,000 And $450,000,000 Under Credit Agreements, And Enters Into $3,000,000,000 Revolving Credit Facility",2026-06-11,JPM
Jeff Bezos’ Prometheus raises $12B to accelerate industrial engineering projects,2026-06-11,JPM
JPMorgan (JPM) offers $2.0M callable notes due 2033 with 5.00% coupon,2026-06-11,JPM
Foreign Ownership of KB Financial Nears 80%,2026-06-11,JPM
Exclusive | SpaceX IPO Draws at Least $5 Billion Order From BlackRock,2026-06-11,JPM
Verizon (VZ) Unveils AI-Powered Digital Twin Technology for Hurricane Response,2026-06-11,JPM
Guarantor: JPMorgan Chase & Co.,2026-06-11,JPM
HSBC Holdings PLC Stock (HSBC) Moved Up by 4.47% on Jun 11: A Full Analysis,2026-06-11,JPM
"Citi Wants To Put SpaceX, Anthropic Shares Right Next To Your Apple Stock: Here's How",2026-06-11,JPM
FactSet Research Systems Inc. stock underperforms Thursday when compared to competitors,2026-06-11,JPM
Is Eagle Materials (EXP) The Best Value Stock For Long-Term Gains?,2026-06-11,JPM
Why is KLA stock surging today?,2026-06-11,JPM
"Missed the rally in optical stocks? Coherent and Lumentum just got more attractive, according to J.P. Morgan.",2026-06-11,JPM
Chainlink ranks No. 4 in blockchain and protocols on Fortune’s Crypto 100 list,2026-06-11,JPM
REG - Beazley PLC JPMorgan Chase & Co - Holding(s) in Company,2026-06-11,JPM
High-Income Borrowers Pull Back As Credit Demand Softens: TransUnion,2026-06-11,JPM
Citi in talks with companies for launch of tokenized shares - report (C:NYSE),2026-06-11,JPM
"JPMorgan Chase & Co. Boosts Stock Holdings in Darden Restaurants, Inc. $DRI",2026-06-11,JPM
Bezos-Led Prometheus Raises $12 Billion At $41 Billion Valuation,2026-06-11,JPM
General Motors Stock Shares $30 Bil Success With Investors,2026-06-11,JPM
J.P. Morgan names stock sectors primed for serious growth,2026-06-11,JPM
"Coherent and Lumentum Stocks Have Tumbled. Why Now Is the Time to Buy the Dip, J.P. Morgan Says.",2026-06-11,JPM
The Looming Clash Between the Fed and the Bond Market,2026-06-11,JPM
BAC Plans to Launch Real-Time Global Payments: A Fee Revenue Catalyst?,2026-06-11,JPM
Citigroup Offers Tokenized Shares Of Private Companies To Wealthy Clients,2026-06-11,JPM
Retail Traders Dump Big Tech to Raise ‘Dry Powder’ to Buy SpaceX,2026-06-11,JPM
SpaceX IPO Draws More Than $70 Billion in Retail Orders,2026-06-11,JPM
How These Sectors Might Slump To The Downside After The June Fed Decision,2026-06-11,JPM
JPMorgan puts $20bn into Gulf amid war – report,2026-06-11,JPM
"JPMorgan, Barclays, Fifth Third’s Tricolor suit dismissed",2026-06-11,JPM
Gold slumps to 6-month low even as inflation fears rise. Here's why bullion is out of favor,2026-06-11,JPM
Here's how you can snag a $200 Amazon gift card ahead of Prime Day 2026,2026-06-11,JPM
Scaramucci: U.S. dollar not losing status as global reserve currency,2026-06-11,JPM
JPMorgan resets UnitedHealth stock target for 2026,2026-06-11,JPM
Bitcoin ETFs Still Hold 93% Of Their BTC: Are Institutions Not Bearish After All?,2026-06-11,JPM
"As OpenAI leans into enterprise business, Apple and Google set sights on the masses",2026-06-11,JPM
Gold Whipsaws in Choppy Trading as US Completes New Iran Strikes,2026-06-11,JPM
Goldman Sachs: Take Advantage Of The IPO Craze With This Leading Investment Bank,2026-06-11,JPM
Gold Declines for Third Day After US Launches New Iran Strikes,2026-06-11,JPM
Welltower Inc. $WELL Stock Position Lowered by ING Groep NV,2026-06-11,JPM
"Citigroup, IBD's Stock Of The Day, Flirts With Buy Point As Growth Sharply Accelerates",2026-06-11,JPM
Jeff Bezos’ AI Startup Valued at $41 Billion in Funding Round,2026-06-11,JPM
CenterBook Partners LP Acquires New Position in SLB Limited $SLB,2026-06-11,JPM
"MercadoLibre, Inc. $MELI Holdings Cut by Deutsche Bank AG",2026-06-11,JPM
Trump Bought Tobacco Stocks and Raked In Industry Donations as FDA Eased Standards,2026-06-11,JPM
"Capital Wealth Planning LLC Buys 1,812,755 Shares of Merck & Co., Inc. $MRK",2026-06-11,JPM
Deutsche Bank AG Trims Stake in BlackRock $BLK,2026-06-11,JPM
DCF Advisers LLC Takes $4.96 Million Position in Energy Transfer LP $ET,2026-06-11,JPM
"BWX Technologies, Inc. $BWXT Position Lessened by Compass Wealth Management LLC",2026-06-11,JPM
CoreWeave AI Funding Goes Global With Euro Junk-Bond Deal,2026-06-11,JPM
Capital Wealth Planning LLC Has $798.55 Million Position in American Express Company $AXP,2026-06-11,JPM
Where will Lloyds shares be 12 months from now?,2026-06-11,JPM
"Murphy USA Inc. (NYSE:MUSA) Given Average Rating of ""Moderate Buy"" by Brokerages",2026-06-11,JPM
Why is Keurig Dr Pepper stock falling afterhours?,2026-06-11,JPM
"Goldman Sachs Group Inc. Purchases 1,113,916 Shares of Exelixis, Inc. $EXEL",2026-06-11,JPM
"Korea, US host energy business forum to expand bilateral cooperation",2026-06-11,JPM
"Lee Raymond, former Exxon chief who led historic Mobil merger, dies at 87",2026-06-11,JPM
"JPMorgan sends another message on strait of Hormuz, oil prices",2026-06-11,JPM
"JPMorgan, Bank of America receive subpoena from DOJ",2026-06-11,JPM
Ripple CEO sends harsh message to JPMorgan’s Dimon,2026-06-11,JPM
"Deutsche Bank AG Boosts Stock Holdings in DT Midstream, Inc. $DTM",2026-06-11,JPM
Andra AP fonden Has $28.82 Million Stock Position in Allegion PLC $ALLE,2026-06-12,JPM
Aviva PLC Raises Holdings in The Walt Disney Company $DIS,2026-06-12,JPM
Swiss National Bank Has $337.65 Million Stock Position in Medtronic PLC $MDT,2026-06-12,JPM
"Intuitive Surgical, Inc. $ISRG Stake Lifted by First Financial Bankshares Inc",2026-06-12,JPM
DJE Kapital AG Makes New Investment in Toronto Dominion Bank (The) $TD,2026-06-12,JPM
JPMorgan (JPM) offers buffered digital notes with 37.5% contingent return — pricing Jun 30,2026-06-12,JPM
JPMorgan DOJ Subpoenas Put Debanking Policies And Investor Risks In Focus,2026-06-12,JPM
"ASO GROUP Ltd Buys New Holdings in VeriSign, Inc. $VRSN",2026-06-12,JPM
Should You Buy JPMorgan Chase & Co. (JPM)?,2026-06-12,JPM
Enliven Therapeutics prices $400M public offering at $37.50 By Investing.com,2026-06-12,JPM
Enliven Therapeutics Announces Pricing of Upsized Public Offering of Common Stock and Pre-Funded Warrants,2026-06-12,JPM
Assessing KeyCorp (KEY) Valuation After New 2031 Bond Issue And Recent Capital Moves,2026-06-12,JPM
JPMorgan Chase & Co. Increases Stake in Blackrock Muniholdings F,2026-06-12,JPM
"Banks Curb Hedge Fund Bets on SK Hynix, Samsung After Rally",2026-06-12,JPM
How ‘Community’ Became the Most Controversial Word in Banking,2026-06-12,JPM
JPMorgan Chase highlights national security initiative at Newlab,2026-06-12,JPM
ETFs Investing in Agnico Eagle Mines Limited Stocks,2026-06-12,JPM
JAB sells entire Keurig Dr Pepper stake for $3.4 billion,2026-06-12,JPM
"Marsico Capital Management LLC Raises Position in United Rentals, Inc. $URI",2026-06-12,JPM
