Date,Open,High,Low,Close,Volume
2009-01-02,20.46800987918009,20.763315453535412,19.99551895753739,20.573007583618164,32494900
2009-01-05,20.16614539729845,20.192395455566132,19.083355527190076,19.194915771484375,44069400
2009-01-06,19.549277294986474,19.962705556514845,19.365530705600953,19.60833740234375,44216300
2009-01-07,19.129291755980493,19.2933508640964,18.374620108981652,18.43368148803711,42156500
2009-01-08,18.30899187565108,18.341804440499754,17.62650679852647,17.862751007080078,52075800
2009-01-09,18.07930894142719,18.07930894142719,16.937457968969074,17.042455673217773,42597500
2009-01-12,17.009640450146048,17.16057445885063,16.077785100383508,16.34684181213379,59360000
2009-01-13,16.54371968663323,17.44932665479114,15.92685834784517,17.29183006286621,73422800
2009-01-14,16.793079326434732,17.245882516533193,16.248403496945883,17.003074645996094,73907300
2009-01-15,17.416509955351984,17.751189327536903,15.592172805215727,15.972789764404297,136759300
2009-01-16,16.294349427443308,16.40590966322007,13.472533466038085,14.975314140319824,156843400
2009-01-20,13.780961466075238,13.958145556754468,11.61538230778909,11.87131404876709,142090400
2009-01-21,12.658797225174272,14.988435294569062,12.389739224699834,14.850625038146973,136421400
2009-01-22,14.673438327030434,15.63810485996865,13.918765875985732,15.159052848815918,110240800
2009-01-23,14.384703604656043,16.130292530763505,14.312517191757726,15.933422088623047,74369200
2009-01-26,16.405913294578085,16.898090693415426,15.579055114330727,16.077795028686523,74278400
2009-01-27,16.484653239362473,16.51746454738952,15.789041993814294,16.44527816772461,50766500
2009-01-28,17.843068135956283,18.223685199371698,17.285266943449656,18.151498794555664,91373900
2009-01-29,17.54776860444396,17.836513092984095,16.569976105264644,16.688098907470703,58624200
2009-01-30,16.93746147246524,17.705258125896382,16.143416013378072,16.740591049194336,74937200
2009-02-02,16.4059073915661,16.852148272884122,15.97935404971966,16.537155151367188,51532900
2009-02-03,16.42559068738723,16.70120991042451,15.552796689714366,15.782478332519531,66166300
2009-02-04,15.913728924750497,16.73402423015001,15.579048289946941,15.775919914245605,55330300
2009-02-05,15.579046640308544,16.615899746476085,14.75875142176868,16.104036331176758,79815500
2009-02-06,16.740585394915175,18.243365622540722,16.602775143834858,18.131805419921875,76845200
2009-02-09,17.488702341513253,18.354934314650603,17.259019317927617,17.902132034301758,54360000
2009-02-10,17.626511310731438,18.118688644411534,15.946545110566431,16.15654182434082,91948700
2009-02-11,16.569967655490583,17.46901199585068,16.49778125724862,17.121206283569336,64712000
2009-02-12,16.63558818889971,17.206512991180855,15.861229260131038,17.186826705932617,80536400
2009-02-13,16.569976324620377,16.989967403204382,16.182796579673695,16.202484130859375,58580600
2009-02-17,14.962187215036929,15.22468273770223,14.207515716552734,14.207515716552734,91424800
2009-02-18,14.555322872488567,14.63407053587471,13.780963756386093,14.115644454956055,82868300
2009-02-19,14.483133782731077,14.63406781926198,13.479093125079025,13.51846694946289,66502700
2009-02-20,12.934406421270067,13.780951165068952,12.304420683097279,13.059091567993164,135941600
2009-02-23,13.715334162819794,14.148449886259396,12.783478855974069,12.803166389465332,101615400
2009-02-24,13.21003716159318,13.846587221528257,12.442240582791868,13.794088363647461,186379900
2009-02-25,13.669403027040408,15.2378074922898,13.20347582252606,14.260015487670898,135790100
2009-02-26,15.303424767448393,15.867788181372273,14.962181714765537,15.126240730285645,125043400
2009-02-27,14.194391691622853,15.487178101451093,14.141892833719826,14.995000839233398,109872500
2009-03-02,14.240330752317888,14.719383036419183,13.826901108591958,13.88596248626709,94984900
2009-03-03,14.227203559670283,14.371575098878003,13.518468387036261,13.787525177001953,85590100
2009-03-04,14.266573121934254,14.266573121934254,12.337238575510685,12.665356636047363,145009700
2009-03-05,12.140373042913849,12.468491233262872,10.526032147199007,10.893524169921875,153808900
2009-03-06,11.280703986092385,11.595697155446857,9.81729649908463,10.453845977783203,155154800
2009-03-09,10.086352292693158,11.346326719159405,9.856669953248097,10.434157371520996,132882900
2009-03-10,11.385701860214818,12.796609878540039,11.241329050258896,12.796609878540039,149090800
2009-03-11,13.354410970755806,13.721903003748988,12.54724050034036,13.387222290039062,155421000
2009-03-12,13.223161322560715,15.309992977012067,13.124726126942928,15.224682807922363,151894700
2009-03-13,15.480622166029246,15.966237120905442,15.034381058393812,15.585619926452637,120464600
2009-03-16,15.953105181090795,16.583092722552177,15.06718586586121,15.152497291564941,125001900
2009-03-17,15.290303210846913,16.550276785639497,14.614380714798015,16.497777938842773,99884700
2009-03-18,16.287785593862182,17.93493894080995,15.867794741043186,17.79056739807129,142105800
2009-03-19,17.882437398067697,17.987435095500633,16.136849113656076,16.37309455871582,124920200
2009-03-20,16.182791754902485,16.26154068449469,15.191874504089355,15.191874504089355,108922700
2009-03-23,16.602777962973377,19.1424130059734,16.491217741411692,18.938980102539062,146776000
2009-03-24,18.407436136161113,19.227731886465477,17.19339942704824,17.32464599609375,133143000
2009-03-25,17.843068040308843,18.840546415576053,17.016210027320483,18.742111206054688,149452500
2009-03-26,19.063666845018503,19.424597614614502,18.144936138934163,19.096479415893555,133663400
2009-03-27,18.55180116749299,19.16210114867289,17.90212735736739,17.98087501525879,108610200
2009-03-30,16.845585792217733,17.304951700736144,16.261535888486346,16.307472229003906,104860500
2009-03-31,16.884963065660124,17.784007526675637,16.307475557237705,17.442764282226562,84307400
2009-04-01,16.596217266257952,18.55836372854106,16.596217266257952,18.466489791870117,106016900
2009-04-02,19.44601670958652,19.50518318949198,18.019449507008613,18.512502670288086,131840800
2009-04-03,18.394179318015173,19.24880599975586,18.078625429633853,19.24880599975586,80949500
2009-04-06,18.584821204285877,18.998985391484606,18.196952538958847,18.538803100585938,72188000
2009-04-07,17.933992984956326,18.440193434149492,17.75649349105642,17.914270401000977,73652600
2009-04-08,18.045754516170565,18.29556768123259,17.427793918312407,18.03260612487793,66538300
2009-04-09,20.011392863522545,21.753514497037685,19.853615937676974,21.529996871948242,147913000
2009-04-13,21.043516302624134,22.450363996459306,20.91203615895601,22.154531478881836,110196200
2009-04-14,21.72063813593206,21.858692433641355,20.149441045193328,20.18231201171875,109541400
2009-04-15,20.129723522225994,21.674624131617865,19.899631728674116,21.405088424682617,108069400
2009-04-16,22.358324390875268,22.358324390875268,21.273608545786754,21.85212516784668,132956000
2009-04-17,21.924433289634436,22.338598717588173,21.385361942430485,21.865266799926758,104962100
2009-04-20,20.89231460617248,21.313051813802073,19.485468181110328,19.518339157104492,109372200
2009-04-21,19.110742479800884,21.635175049766445,18.979262374345925,21.385360717773438,115629300
2009-04-22,20.800285100743743,22.44379691348013,20.589915789337486,20.971210479736328,124080300
2009-04-23,21.188139659633027,22.187394466931362,20.813419420370938,21.832395553588867,89366500
2009-04-24,22.128232898372556,22.680452717011754,21.201292757206637,21.94416046142578,117098100
2009-04-27,21.385365837870772,22.200548454799215,21.299905065458113,21.54971694946289,67832500
2009-04-28,21.26703391153888,22.16767985418921,21.221015798591676,21.556293487548828,65809900
2009-04-29,21.983605616917156,22.719900463863045,21.85869966449914,22.667306900024414,84731300
2009-04-30,23.01573127856241,23.147212684903714,21.529998157963607,21.69434928894043,94556900
2009-05-01,21.595739084509074,22.20055259193215,21.07639138102333,21.35907554626465,68254100
2009-05-04,21.73378799538149,23.653407430183773,21.628603403170388,23.528501510620117,100918400
2009-05-05,23.304983055509382,23.633685207187092,22.65415169175622,22.890817642211914,63488200
2009-05-06,23.548228231271125,24.554056281394057,23.37730417020543,24.468595504760742,102644800
2009-05-07,25.310072467337196,25.45470225536054,22.831657278041277,23.166934967041016,113228400
2009-05-08,24.19247662911391,25.59932136535644,23.79803507032006,25.599321365356445,110026400
2009-05-11,24.554050491564734,25.09969728407876,23.554798126220703,23.554798126220703,86808000
2009-05-12,23.8243356437453,23.83748152437712,22.39119390620407,23.245819091796875,94148900
2009-05-13,22.811932611598245,23.18665290961187,22.14137983941631,22.384618759155273,82160700
2009-05-14,22.430644683610375,23.41675160268105,22.233423801356157,23.364160537719727,68764300
2009-05-15,23.304986387944712,23.456189098401488,22.614712272277266,22.949987411499023,68301000
2009-05-18,23.475910098272713,24.554052893559135,23.140634963757535,24.49488639831543,71730900
2009-05-19,24.52119576018596,24.771010258066035,23.515367332642516,23.541664123535156,59860600
2009-05-20,24.067567578288827,24.16617670121334,22.522666241158635,22.713314056396484,77073900
2009-05-21,22.47665752418617,23.24582204437451,22.134806904969015,22.943416595458984,65068100
2009-05-22,23.180081110445315,23.206377891799658,22.621288299560547,22.621288299560547,39227200
2009-05-26,22.430638717898816,24.034707151289926,22.430638717898816,24.02155876159668,65462400
2009-05-27,23.995265141822323,24.13989493969345,22.785640716552734,22.785640716552734,76374100
2009-05-28,23.101201002477275,24.107029401680204,22.746201858829206,24.093883514404297,66107300
2009-05-29,23.896651923228593,24.369983952876176,23.456192123928044,24.25822639465332,61932300
2009-06-01,24.586926754385665,24.803868912841413,23.51535682828316,23.738874435424805,90184500
2009-06-02,23.05516684662797,23.350999260684425,22.64757691381585,22.68044662475586,159381700
2009-06-03,22.614709366815173,22.989429624543234,22.121656132141574,22.338598251342773,72136300
2009-06-04,22.6147122893362,23.298410957178483,22.50295223764547,23.23924446105957,70954200
2009-06-05,23.48247825575702,23.50877251719146,22.680444348754982,22.713314056396484,61583800
2009-06-08,22.71332314807616,23.489060596357685,22.71332314807616,23.26554298400879,61615100
2009-06-09,23.482486442474947,23.521929102276502,23.068320959966897,23.180078506469727,58992300
2009-06-10,23.383871762522904,23.449611192249016,22.594986066817125,22.903966903686523,60176100
2009-06-11,23.055176501531932,23.581099620209457,22.70675290562043,22.96971321105957,66560900
2009-06-12,22.91711835031547,23.298411607661663,22.877673182535315,23.09461784362793,41157300
2009-06-15,22.930264032979775,23.0354486268458,22.305729409738408,22.351747512817383,55388500
2009-06-16,22.529250112820048,22.608137942221596,21.944160571477354,22.023048400878906,56344000
2009-06-17,21.977027336373613,22.036193827418952,21.15527190952087,21.516843795776367,65456600
2009-06-18,21.595733108447853,22.555545419333427,21.58916016800971,22.4635066986084,63861500
2009-06-19,22.779064723822685,23.088043103619878,22.213696507284684,23.0091552734375,77009100
2009-06-22,22.805354739677774,23.009150979734287,21.602306149649714,21.60887908935547,70388300
2009-06-23,21.766669083594476,22.410925360994337,21.648336042051664,22.069074630737305,59046500
2009-06-24,22.207121003778376,22.305732672112295,21.740364456968805,21.99675178527832,50429500
2009-06-25,22.009905413243782,22.470089128660486,21.56944554086746,22.44379234313965,57205700
2009-06-26,22.272872064061875,22.838240510505113,22.009909179455743,22.647592544555664,46722500
2009-06-29,22.713321306646524,22.811932968846513,22.378046169204303,22.746191024780273,34914800
2009-06-30,22.746187520535806,22.87109594111908,22.26628268788004,22.424060821533203,39470600
2009-07-01,22.56231992759375,22.7598302478208,22.154131597593846,22.233135223388672,36463700
2009-07-02,21.963213272935075,22.233144745531895,21.245590209960938,21.245590209960938,38352200
2009-07-06,21.087574431872152,21.462844848632812,20.797892753937013,21.462844848632812,60664000
2009-07-07,21.482596125577924,21.989540909800162,21.15341139645804,21.601102828979492,56704900
2009-07-08,21.68010705734422,22.048794868236854,20.929566256134432,21.53526496887207,71784600
2009-07-09,21.653769074593157,22.21996715808789,21.64060138527003,22.13437843322754,41655600
2009-07-10,21.930283174035605,22.16729402197794,21.206075407859505,21.291664123535156,51037400
2009-07-13,21.640606816739794,22.852006912231445,21.350925113365044,22.852006912231445,70454200
2009-07-14,22.73349672287449,23.10218452578717,22.424064783490817,22.845420837402344,52924000
2009-07-15,23.115351325070396,24.208244489566127,23.049512874510356,23.872474670410156,84050100
2009-07-16,23.37211655404353,23.971232680744308,23.187773903206445,23.786890029907227,71465100
2009-07-17,23.977812283193202,24.491342121729623,23.81980503401272,24.287246704101562,61742300
2009-07-20,24.372841504028564,24.64935551475542,24.089742391247885,24.346506118774414,43554400
2009-07-21,24.4913450117083,24.56376605591168,24.096321819184475,24.320167541503906,43509400
2009-07-22,23.964657789574428,24.576941803955364,23.839565940766477,24.247756958007812,40137700
2009-07-23,24.32675077332449,25.327472601412875,24.076569688432382,25.11679458618164,56528800
2009-07-24,25.050964657907027,25.18263909008601,24.62302589267646,24.965375900268555,35328600
2009-07-27,24.998279648931607,25.98583346162287,24.73493096095558,25.103618621826172,30479300
2009-07-28,24.84687108198307,25.149720510743,24.78761771448823,25.070716857910156,29035900
2009-07-29,24.87980016147489,25.176067131128352,24.64936917997466,24.86663246154785,29931400
2009-07-30,25.103617528438154,25.8607405783041,24.952192918464963,25.327463150024414,38531000
2009-07-31,25.268229490488434,25.44598960876465,24.971962626694744,25.44598960876465,39085700
2009-08-03,25.755403738519274,26.17017705927674,25.66981754633895,26.071420669555664,42957800
2009-08-04,25.854171276852966,26.663965482728557,25.78833281815552,26.473037719726562,43363800
2009-08-05,26.558622743619004,27.783190277738342,26.505951984031913,27.50667381286621,63334100
2009-08-06,27.835866489046268,27.954373220539225,26.479626690930303,26.828561782836914,54175600
2009-08-07,27.177497943671774,28.395483284925348,27.111661984244385,27.888538360595703,65696000
2009-08-10,27.671267352664067,28.454728610404942,27.658099662204204,28.105791091918945,43700600
2009-08-11,27.83586752415587,27.987292239698714,26.953652107724736,27.151165008544922,50698800
2009-08-12,27.11824238300278,27.947789469009304,27.012903349547422,27.789779663085938,43077100
2009-08-13,28.13212686488573,28.309886921350905,27.526428164171968,28.244050979614258,40385300
2009-08-14,28.066293044443796,28.211132629507663,27.51984514310351,27.947786331176758,38413900
2009-08-17,27.131404764326252,27.375003272078025,26.802220035291047,26.815387725830078,39162800
2009-08-18,27.058984903440756,27.572514810961838,27.032652032693232,27.454008102416992,29053600
2009-08-19,27.091913215336138,27.58569047312612,26.99315675918574,27.26308822631836,29394100
2009-08-20,27.342083490528168,28.066291419848817,27.309165519077283,27.92803192138672,29634300
2009-08-21,28.217712640680524,28.843164067542574,28.000449535057736,28.744407653808594,42863600
2009-08-24,28.876075011677226,29.12625602386862,28.27695910905945,28.31645965576172,40385200
2009-08-25,28.566642543914753,29.060419501953785,28.50738920849089,28.691734313964844,34835700
2009-08-26,28.566651960302146,28.8234156612824,28.257217494259116,28.50739860534668,31908400
2009-08-27,28.3428141489856,28.724669767916776,28.007046718098714,28.606163024902344,28975700
2009-08-28,28.843170311983855,28.876088286528493,27.9872879049404,28.257219314575195,27263600
2009-08-31,27.941200469228352,28.704908983121143,27.691021869344382,28.61273765563965,32251100
2009-09-01,28.36256096910375,28.849753021937886,27.361838967617885,27.43425750732422,51475400
2009-09-02,27.32891481747248,27.72393799512699,26.82855513955294,26.900976181030273,35898500
2009-09-03,27.144564698127848,27.816101654841194,27.065561088949647,27.72393035888672,35019600
2009-09-04,27.868785527537465,27.974124559880607,27.513265351574116,27.875368118286133,21880200
2009-09-08,28.171632404040245,28.336224784276776,27.552763447003418,28.00704002380371,28089300
2009-09-09,28.046540642182183,28.355975121301547,27.908283645270284,28.21771812438965,29031600
2009-09-10,28.13212941029881,28.408645915868536,27.783194366858375,28.323057174682617,25112100
2009-09-11,28.395490385580686,28.56666542978492,27.967549007847865,27.980716705322266,27289900
2009-09-14,27.704192988434805,28.869504928896866,27.658104807511304,28.803668975830078,28945000
2009-09-15,28.71148921004106,29.099927246680956,28.013616759549745,28.434972763061523,49985400
2009-09-16,28.540312236294408,29.41594473616184,28.448140922935714,29.396194458007812,38721900
2009-09-17,29.159183966076146,29.699046721985983,29.09993061425774,29.600290298461914,35705700
2009-09-18,29.784635786479097,29.850471728574522,29.429115671611314,29.593708038330078,39492000
2009-09-21,29.323772101956894,29.494947031701297,29.11309410620387,29.330354690551758,24070000
2009-09-22,29.501545030254714,30.60760624728308,29.284281839436577,30.594438552856445,41148100
2009-09-23,30.54834724533343,30.614183193846298,29.61346120527195,29.6661319732666,34427200
2009-09-24,29.764883489165793,30.153321581534613,29.139431982947492,29.21185302734375,42231400
2009-09-25,29.067008165385815,29.152594373675367,28.533728081179635,28.737823486328125,31056100
2009-09-28,28.948508730556522,29.51470692218459,28.764163556306187,29.50153923034668,25826100
2009-09-29,29.55420717812282,29.758302632262165,29.251357803449256,29.547624588012695,23930600
2009-09-30,29.49494646017951,29.554199802304385,28.592981151371713,28.84974479675293,40904000
2009-10-01,28.573237642985298,28.678576663773615,27.230163244323972,27.236745834350586,50562700
2009-10-02,26.907156261934357,27.94863976218341,26.715997516012376,27.592689514160156,43061100
2009-10-05,28.001379852268663,28.957171344421994,27.915687542270494,28.871479034423828,34430200
2009-10-06,29.240599142462028,29.662464907715496,29.04944043179458,29.603139877319336,41695700
2009-10-07,29.398811321190053,30.20299488455686,29.306528456119008,30.1238956451416,36148700
2009-10-08,30.34801166661218,30.611676631081473,29.695436039100773,29.860227584838867,36627700
2009-10-09,29.965700045354893,30.28209957448454,29.71521865636888,30.222774505615234,26034200
2009-10-12,30.56553256252731,30.59849036592775,29.893182812177614,30.37437629699707,24220600
2009-10-13,30.0909359951285,30.341417323687548,29.35266809074163,30.09752655029297,45701900
2009-10-14,31.10604737172467,31.29061558970419,30.736915964803877,31.086273193359375,70368700
2009-10-15,30.558940815958874,31.191739668839478,30.558940815958874,31.086273193359375,36096800
2009-10-16,30.78307409285132,30.90172425645815,30.321657069327028,30.361207962036133,37459000
2009-10-19,30.598484743155698,30.605077811335775,29.95909542821973,30.308452606201172,30415400
2009-10-20,30.1964024683827,30.71055126468088,30.170035218695784,30.34141731262207,30614800
2009-10-21,30.334823336532494,30.598488260109555,29.431766510009766,29.431766510009766,32991600
2009-10-22,29.60974739688134,30.23595585111339,29.550424847010266,30.130489349365234,32388900
2009-10-23,30.1238861967599,30.453469191222222,29.63610225856744,29.814077377319336,27638200
2009-10-26,29.741576219714638,29.80090127426572,28.70668555717196,28.884660720825195,42085500
2009-10-27,28.996722061380186,29.43836220562348,28.785786565353533,28.937397003173828,38075200
2009-10-28,28.825335081916304,28.878069580234577,28.014561029167417,28.133211135864258,45679500
2009-10-29,28.48916237200429,29.266978645574042,28.18594402596299,29.234018325805664,35898600
2009-10-30,28.970353410343353,28.98353703536551,27.507003721635368,27.533370971679688,58853300
2009-11-02,27.803638952750482,28.245279233774223,27.368589229337726,28.067306518554688,44598100
2009-11-03,27.744301101094543,28.317774900959982,27.671792428159545,28.146392822265625,29387800
2009-11-04,28.48257050298,28.798969972843842,27.764079254376853,27.82340431213379,42548800
2009-11-05,28.080480204307726,28.95717249131126,27.948648970805493,28.917621612548828,32893300
2009-11-06,28.436428746210655,28.798969644134157,28.284820825788806,28.660545349121094,27140000
2009-11-09,28.95716974429068,29.260385575812624,28.541894357498848,29.234018325805664,38845500
2009-11-10,29.095595615433314,29.214245732389983,28.70668745752412,29.11536979675293,30980200
2009-11-11,29.22743037605667,29.655889426047167,28.85829638661071,29.21424674987793,32669300
2009-11-12,29.05604818148713,29.431772725685708,28.34414745699325,28.54189682006836,34649600
2009-11-13,28.44961277079421,28.535305079893927,27.92228031964111,28.278230667114258,36650700
2009-11-16,28.50893629819091,28.7462365171001,28.185943774782434,28.370512008666992,43516700
2009-11-17,28.291408780625943,28.469383935505498,28.040927464442163,28.449609756469727,25859700
2009-11-18,28.436426403021052,28.6737266117865,28.304592674315888,28.594627380371094,20422300
2009-11-19,28.410062501954762,28.462797005458267,27.856362787765615,28.047521591186523,26878000
2009-11-20,27.99478276585329,28.17275789993665,27.78384983238833,27.988189697265625,25328200
2009-11-23,28.311191573850273,28.7660153912996,28.146400007663157,28.528715133666992,29810700
2009-11-24,28.515527828602384,28.528711453939255,27.843180538057915,28.001379013061523,31881800
2009-11-25,28.126613173191057,28.126613173191057,27.645422275085252,27.79043960571289,26123800
2009-11-27,27.01262797471607,27.61906212790644,26.861020065048294,27.243337631225586,26230100
2009-11-30,27.39494422389128,28.113435378787354,27.34880279771146,28.00796890258789,38240600
2009-12-01,28.087062809485438,28.152978401676474,27.43448738291204,27.829988479614258,39211100
2009-12-02,27.78385134221606,27.78385134221606,27.335618205615443,27.63883399963379,32519700
2009-12-03,27.882720453291565,28.403462181017044,27.230147541170638,27.289472579956055,53314400
2009-12-04,27.849769203513357,28.021151292223433,27.17082888911529,27.513595581054688,61485000
2009-12-07,27.441096717915077,27.658620312708347,27.065372087755666,27.19061279296875,32949600
2009-12-08,27.032404235705837,27.289481160957937,26.781922894977303,27.16423797607422,41878900
2009-12-09,27.19061862972624,27.362000816518442,26.762159390964705,27.15106773376465,42492800
2009-12-10,27.263090876459042,27.394924505446337,26.801674432262168,27.203765869140625,36380900
2009-12-11,27.019229290948637,27.190611432376013,26.861028263498728,26.999452590942383,46616100
2009-12-14,27.032403278915076,27.6388374573376,26.828063377370015,27.533370971679688,35340800
2009-12-15,27.35539095324858,27.48722466556561,26.775324127765,26.93352508544922,40244400
2009-12-16,27.137866043873778,27.48722577276412,26.946709793559084,27.26310920715332,43562800
2009-12-17,27.065364307948286,27.10491266953172,26.491887919794163,26.54462242126465,44272800
2009-12-18,26.716005861804913,27.151055462676332,26.39301582491832,26.992856979370117,48126800
2009-12-21,27.388350873309623,27.843177090293484,27.355393071308253,27.619060516357422,35991900
2009-12-22,27.684991949023853,27.750907590713307,27.48064943655366,27.64544105529785,24754800
2009-12-23,27.579510855575972,27.645426462471423,27.322436468356788,27.39494514465332,24503600
2009-12-24,27.474027355905353,27.61245155334473,27.36196787617991,27.612451553344727,7956500
2009-12-28,27.586107514371218,27.770675780652077,27.39495120627,27.500417709350586,13039900
2009-12-29,27.507006777375604,27.55314821281931,27.329031591584314,27.34880828857422,15593000
2009-12-30,27.203789554638497,27.434496720347862,27.17742230298042,27.375171661376953,15501800
2009-12-31,27.434491387326293,27.770667494318307,27.32243436134164,27.467449188232422,20143100
2010-01-04,27.579653164508247,28.37160349027908,27.500456369652685,28.279207229614258,35460500
2010-01-05,28.239601252655678,28.93255659586117,28.23300026334089,28.826963424682617,41208300
2010-01-06,28.675178702946546,29.09755146579352,28.582784975766305,28.9853572845459,27729000
2010-01-07,28.899562692473143,29.777305561872293,28.780770045856706,29.559520721435547,44864700
2010-01-08,29.282337228513256,29.500124587891037,29.09095131221351,29.48692512512207,33110100
2010-01-11,29.777309115334464,29.82350598147151,29.24274465930856,29.3879337310791,31878700
2010-01-12,29.03157261600956,29.137165864735643,28.338614246356663,28.70159339904785,47109600
2010-01-13,28.74117292926777,29.387931524157672,28.292401248317194,29.203144073486328,39622000
2010-01-14,29.170150287357565,29.55952569060378,29.104152962842647,29.493528366088867,37938300
2010-01-15,29.236136648307035,29.321931886620792,28.602577621235717,28.826963424682617,69738500
2010-01-19,28.64217359704022,28.873157852847168,28.312194650150538,28.562976837158203,41731500
2010-01-20,28.384799413506883,28.826972690756815,28.186812468599115,28.64218521118164,39934400
2010-01-21,28.404594816973383,28.47719060461726,26.609508131743496,26.75469970703125,137547700
2010-01-22,26.827300492119786,27.19027698041503,25.619575838245446,25.843961715698242,106634900
2010-01-25,26.239931463298817,26.32572671635475,25.632771254078907,25.876955032348633,56572200
2010-01-26,25.73836326259835,26.292728110494384,25.263192673676013,25.368785858154297,52975300
2010-01-27,25.30939084171434,26.061745152212218,25.12460338871849,25.956151962280273,66314300
2010-01-28,26.187137386054193,26.424722702834295,25.55357821966748,26.055145263671875,65047400
2010-01-29,26.167336916004842,26.299326508071072,25.606371079562994,25.69876480102539,53649000
2010-02-01,25.8043590821071,26.35212547911904,25.705366883849422,26.154138565063477,37408200
2010-02-02,26.266326838539804,26.84709056005906,26.200332048213927,26.761295318603516,45968500
2010-02-03,26.781104436075623,27.12428047786951,26.51051916257468,26.5897159576416,37373300
2010-02-04,26.25973225541561,26.345524992036612,25.309391021728516,25.309391021728516,57211800
2010-02-05,25.500772040537203,25.659163039207034,24.438239452591567,25.276386260986328,75224100
2010-02-08,25.26979606156304,25.26979606156304,24.62963590380511,24.880420684814453,58321000
2010-02-09,25.2037985128459,25.54037854806182,24.97281418870973,25.335790634155273,45173500
2010-02-10,25.500776870979447,26.068341157208614,25.42158261541305,25.65256690979004,39331800
2010-02-11,25.632767575548982,25.982544492945216,25.315988053041853,25.75156021118164,33830600
2010-02-12,25.52057995898367,25.857160018803135,25.315994547662527,25.70536994934082,38051100
2010-02-16,25.95615898094868,26.4907235481041,25.573381990478016,26.44452667236328,46425300
2010-02-17,26.56990982234247,26.6953034622992,26.239930799366064,26.424720764160156,34644100
2010-02-18,26.358718507077597,26.734894321338754,26.246526868719563,26.668899536132812,31809500
2010-02-19,26.470921104272435,26.860296503250417,26.332330500621072,26.418123245239258,40290200
2010-02-22,26.662310395878354,27.256271223224708,26.56331566588368,26.95928955078125,43898900
2010-02-23,26.99227773268559,27.223261978823455,26.23992365053768,26.319120407104492,52233100
2010-02-24,26.431323531737636,27.038486341793213,26.398326127586266,26.95928955078125,44645000
2010-02-25,26.503914417037677,26.853691367759552,26.200334327070006,26.820693969726562,46718100
2010-02-26,26.8536888256516,27.92282254699951,26.794292507798936,27.698436737060547,67699100
2010-03-01,27.738034357267374,27.83702906579259,27.328861095940518,27.60604476928711,34606800
2010-03-02,27.705030605467865,27.982214215235835,27.295857437994556,27.467445373535156,33891600
2010-03-03,27.487256861332032,27.75783959136918,27.282668936654016,27.40806007385254,27562500
2010-03-04,27.658844946871078,27.77103913735903,27.493855415449147,27.665443420410156,25450700
2010-03-05,27.92942703532051,28.29240349259216,27.843631776043082,28.2528076171875,34790800
2010-03-08,28.279212103969925,28.398004799188328,28.028429762989852,28.107624053955078,28524900
2010-03-09,27.975618707209055,28.259400843439014,27.75123289059792,27.99541664123535,37107100
2010-03-10,28.292398531722846,28.701574301121223,28.252802663261036,28.33199691772461,40903700
2010-03-11,28.31880121947694,28.51018966761231,28.246205427595225,28.496990203857422,30119600
2010-03-12,28.602571558421552,28.73456362380167,28.279191124117233,28.47718048095703,31367300
2010-03-15,28.32540939100054,28.51679790466596,28.11422293369427,28.42440414428711,29142000
2010-03-16,28.609181943352144,28.628982397805757,28.173609708477215,28.536588668823242,28553800
2010-03-17,28.58279082809204,29.11075688975179,28.55639189562386,28.89957046508789,32918800
2010-03-18,28.873148114801758,28.899547025858872,28.477174519099968,28.800552368164062,26012000
2010-03-19,28.675176620483402,28.965557244467462,28.463990254396798,28.6751766204834,37014400
2010-03-22,28.424400022071357,28.89957074086996,28.40460208130168,28.866573333740234,23257200
2010-03-23,28.93916490235859,29.52652979153614,28.892968031614608,29.420936584472656,33735700
2010-03-24,29.32853122376802,29.6783106591187,29.17014272109665,29.658510208129883,35849200
2010-03-25,29.6849091310884,30.391063956219597,29.62551281320167,29.658510208129883,45019400
2010-03-26,29.7245031704873,30.285466354886605,29.559513702424034,29.7113037109375,39727000
2010-03-29,29.86311916549459,29.948914466903805,29.341751397953313,29.605735778808594,30628400
2010-03-30,29.632122998599623,29.731115214105028,29.27574498068263,29.420936584472656,30296300
2010-03-31,29.242742377930053,29.698112530415283,29.203143988241695,29.533123016357422,39043000
2010-04-01,29.751158127299068,29.93615483340166,29.72473218673306,29.850263595581055,23894600
2010-04-05,29.916326173449754,29.995611540173293,29.59258641390883,29.955968856811523,21342400
2010-04-06,29.883277632205075,30.352371153643098,29.830423266584262,30.28630256652832,28192100
2010-04-07,30.279699681602132,30.425051091561603,29.744535000279384,29.9427433013916,28890100
2010-04-08,29.837046493096945,30.372211433664177,29.605803783173368,30.233463287353516,28869900
2010-04-09,30.312746077309605,30.53738291365889,30.028646474857382,30.378814697265625,22881200
2010-04-12,30.411837270333187,30.70254513480123,30.32594860160883,30.484514236450195,24645900
2010-04-13,30.41845293218762,30.643089735679588,30.292919044134035,30.306133270263672,27988900
2010-04-14,31.317001922375038,31.6671701134253,30.90736845019073,31.535030364990234,72533100
2010-04-15,31.482177418138242,31.84555985269235,31.376466118625117,31.587888717651367,45412100
2010-04-16,31.495382545012,31.54823944390339,29.823822183084435,30.094707489013672,121203900
2010-04-19,29.88329473039942,30.19382281229346,29.46044948207523,29.98900604248047,72136600
2010-04-20,30.240076664981075,30.491142020402766,30.10133101607314,30.312753677368164,39310700
2010-04-21,30.418452159069673,30.649694809571216,29.73132753992815,29.962570190429688,46320600
2010-04-22,29.67187030597792,29.810615922099444,29.09045686462958,29.559553146362305,63176900
2010-04-23,29.552937234816188,29.777574017111927,29.23580339869674,29.691682815551758,32483800
2010-04-26,29.58597063497071,29.605793231868457,28.89224023208429,28.99795150756836,42889300
2010-04-27,28.727073045793784,29.315092313188366,27.94745125835758,28.02012825012207,66296100
2010-04-28,28.30422293215528,28.87902787219018,28.264580256155853,28.71385383605957,48578900
2010-04-29,28.997959754137394,29.288667734658123,28.806357225222612,29.070636749267578,36520300
2010-04-30,29.08385385516391,29.103673939303633,27.901206774599757,28.1324520111084,54121100
2010-05-03,28.390107455479477,28.892235298192126,28.337250566585944,28.760095596313477,31230900
2010-05-04,28.390110990362942,28.647782054913865,27.914409012511705,28.059762954711914,48982200
2010-05-05,27.8219229864701,28.654399257110686,27.498180674336457,28.165485382080078,43062100
2010-05-06,28.165481564117812,28.26458448842213,25.95875601016924,26.963014602661133,78226200
2010-05-07,27.108358022868313,27.64352272868028,26.282487963479387,26.929969787597656,72976300
2010-05-10,27.960672101696534,28.608154286429013,27.366044319617313,27.716215133666992,66578300
2010-05-11,27.392466328207103,28.11262535225027,27.18765210068374,27.451929092407227,50771200
2010-05-12,27.577466612663926,27.610500925918572,26.96301880877264,27.544429779052734,47700000
2010-05-13,27.37925142138034,27.484962719518634,26.943192001515346,26.963014602661133,35320800
2010-05-14,26.49392063650171,26.49392063650171,25.905901332433707,26.355175018310547,60719400
2010-05-17,26.38159294736497,26.454269914659672,25.61518564559831,26.32213020324707,56506200
2010-05-18,26.837485801837296,26.837485801837296,25.469844519699162,25.780372619628906,61735000
2010-05-19,25.46323217744252,26.203211216456488,25.450017950987057,26.018217086791992,64600500
2010-05-20,25.469846047394082,25.932334037484267,24.650583912131957,24.9941463470459,76564100
2010-05-21,24.45898585774136,26.533572559930914,24.45898585774136,26.460895538330078,89588800
2010-05-24,26.533569249880173,26.593032031012243,25.436813247055188,25.516096115112305,49141600
2010-05-25,24.888424087256833,25.773757076258413,24.67700150961669,25.727508544921875,66813700
2010-05-26,25.892690610055507,26.097507398230796,25.41699092322146,25.62180519104004,50719600
2010-05-27,26.150358906078772,26.751592395553562,26.031433378898598,26.705341339111328,44843000
2010-05-28,26.645880376493828,26.65909208328499,26.005004221809248,26.150358200073242,41252400
2010-06-01,25.978583997369174,26.40142931861254,25.4368131144815,25.463241577148438,37848600
2010-06-02,25.879464188127358,26.176777927558536,25.549116148838387,26.130529403686523,39618500
2010-06-03,26.335355867689124,26.38821026300328,25.51609131728984,25.83322525024414,30950400
2010-06-04,25.430201965144445,25.56894758472759,24.776111512263867,24.85539436340332,52868900
2010-06-07,24.967715691160894,25.192352551153075,24.221128109369733,24.260770797729492,44528300
2010-06-08,24.35326410102956,24.974317666731892,24.148447356850838,24.961103439331055,51017900
2010-06-09,25.20555840150778,25.212164253860138,24.452362695197003,24.525039672851562,42586000
2010-06-10,24.89503247960543,25.35091194042496,24.71664420701798,25.298057556152344,44302600
2010-06-11,24.96771188668485,25.218774646971077,24.789323596782836,25.16592025756836,31147600
2010-06-14,25.08663490348834,25.28484325454205,24.597718618556986,24.663789749145508,48662200
2010-06-15,24.809150857431472,25.291458956956607,24.617548284640733,25.271638870239258,45355600
2010-06-16,25.119666063861487,25.687865114010027,25.099845987344178,25.450014114379883,37217100
2010-06-17,25.50287469216559,25.701085586950374,25.053601032604206,25.39716339111328,34755100
2010-06-18,25.502884141429682,25.94555211134736,25.357532623850116,25.886089324951172,37270800
2010-06-21,26.130538569980857,26.2824984189169,25.542519257032918,25.681264877319336,33665100
2010-06-22,25.720898604093414,26.150352064370285,25.25180499203165,25.324481964111328,42245700
2010-06-23,25.29805845655071,25.83982914649615,25.119670177614136,25.694475173950195,45046000
2010-06-24,25.469840280711214,25.568945727704993,24.72325280233173,25.126277923583984,73843400
2010-06-25,25.621799992773447,26.163570720887492,25.291451864881655,26.057859420776367,70734200
2010-06-28,26.130543877168698,26.190006657990857,25.416993027659753,25.463241577148438,39962900
2010-06-29,25.04699969856931,25.04699969856931,24.366483232770992,24.485408782958984,56694200
2010-06-30,24.45896893794183,24.769496898931134,24.122012529133116,24.18808364868164,35332500
2010-07-01,24.174860705292456,24.274099174998895,23.261852145934046,23.870525360107422,56642900
2010-07-02,24.02269152737411,24.27409765391929,23.380938863512522,23.705123901367188,36796000
2010-07-06,24.274094896398204,24.399800469193867,23.724968394163458,24.035921096801758,35953600
2010-07-07,24.241011467849,25.29957245250852,24.08884384683845,25.240028381347656,44602900
2010-07-08,25.656841904596757,25.683306504855384,24.578435943991153,25.24665069580078,41498200
2010-07-09,24.975385505367385,25.729608663840317,24.92907373414903,25.703144073486328,30422300
2010-07-12,25.709770136837108,26.027337756570898,25.537752765437702,25.928096771240234,24998900
2010-07-13,26.338299600688018,26.920505843058436,26.291987797858642,26.781570434570312,48564800
2010-07-14,26.563225386051847,26.715392993696256,26.35812859811257,26.69554328918457,37320600
2010-07-15,26.940346996587277,27.019738272797547,26.007491298756296,26.768329620361328,81876200
2010-07-16,26.649232041113113,26.69554381287852,25.70976178666938,25.802385330200195,58507400
2010-07-19,25.82224001038544,26.040569161086843,25.220184278788693,25.828857421875,35404900
2010-07-20,25.35251457487333,26.225826468620014,25.326049966261856,26.21921157836914,43538200
2010-07-21,26.629389868334357,26.629389868334357,25.365734450068615,25.41866111755371,41115600
2010-07-22,25.775925402147852,26.199348834197494,25.623757763992682,26.03394889831543,35494400
2010-07-23,25.9148603834533,26.437524779310294,25.78254245562347,26.351518630981445,28241000
2010-07-26,26.331677579828145,26.702174461446905,26.13319809902662,26.682327270507812,27209400
2010-07-27,26.953581816635953,27.28438177621085,26.86757312048153,26.920499801635742,44872200
2010-07-28,26.75510005507704,27.059437938629497,26.563237994941694,26.675708770751953,23945400
2010-07-29,26.933722278487004,27.013116056963625,26.404443040988603,26.602922439575195,28994300
2010-07-30,26.278751844631465,26.920502104927984,26.278751844631465,26.649246215820312,26406500
2010-08-02,27.112361158770007,27.588713851510743,26.946961198657597,27.54901695251465,35566700
2010-08-03,27.45638897225672,27.555629941918482,27.039580433001078,27.178518295288086,29967900
2010-08-04,27.271151125902758,27.390239320463312,27.032974736781654,27.317462921142578,23078100
2010-08-05,27.10573511187532,27.41007030747986,27.0858854086475,27.304214477539062,19830500
2010-08-06,26.953572640718605,27.09250797072891,26.444140573544946,26.755090713500977,34906600
2010-08-09,26.82786761448642,26.83448502488597,26.239044279056124,26.344900131225586,37790900
2010-08-10,26.24565190431712,26.28534878432378,25.908237257567155,25.914852142333984,34166500
2010-08-11,25.57085066540628,25.65685688074467,24.975409431038464,24.9886417388916,46201600
2010-08-12,24.71738181651785,25.134190614457314,24.62475820004336,25.01510238647461,35387300
2010-08-13,25.008465498657507,25.16725052026333,24.809986114501953,24.809986114501953,24564100
2010-08-16,24.69090253930353,25.021702415257543,24.664437943514542,24.935693740844727,28334100
2010-08-17,25.120939779380784,25.187098735547902,24.74382817686292,24.796754837036133,33883800
2010-08-18,24.73721991615487,25.26649933265579,24.73721991615487,25.06801986694336,27041700
2010-08-19,24.91584130889911,25.120938097368445,24.47918566554685,24.525497436523438,35384700
2010-08-20,24.55197973973496,24.717379762208193,24.353500217527895,24.571826934814453,30862000
2010-08-23,24.618135572872855,24.750456078593484,24.373344277762122,24.399808883666992,29282800
2010-08-24,24.207934408618776,24.280710783289283,23.76466127371782,23.956525802612305,48709200
2010-08-25,23.784519432787608,24.108702004846553,23.599269724950325,23.96976661682129,36058000
2010-08-26,24.055763302018914,24.22777809785872,23.566178458193967,23.572795867919922,31873200
2010-08-27,23.731575022896326,24.274086449044578,23.519863369950762,24.214542388916016,38448800
2010-08-30,24.082225519733903,24.214543415583513,23.70511396419792,23.71834373474121,27306500
2010-08-31,23.77789385488832,24.24101417974959,23.638958514570756,24.055767059326172,34784400
2010-09-01,24.307180639276464,25.008474895042145,24.25425143758677,24.968780517578125,36770500
2010-09-02,25.034938941338133,25.27311529605941,24.80337999858311,25.24665069580078,31282900
2010-09-03,25.451734494599112,25.914852142333984,25.451734494599112,25.914852142333984,34135600
2010-09-07,25.623752972222874,25.696529334209874,25.286338276594904,25.326032638549805,31885500
2010-09-08,25.365735514049614,26.08687937087748,25.365735514049614,25.88178253173828,30781000
2010-09-09,26.417692006507345,26.675715639858602,25.881795020759604,26.530162811279297,33438800
2010-09-10,26.41106599335394,26.629395165139655,26.245666023384132,26.30521011352539,21928600
2010-09-13,26.887411389896247,27.43654035202952,26.887411389896247,27.204978942871094,41643200
2010-09-14,27.10574572091693,27.277760565470633,26.768328395803405,26.940345764160156,42754100
2010-09-15,26.801399739372297,27.218208210426038,26.68892901437494,27.11235237121582,25399500
2010-09-16,26.940346241050435,27.19175236263285,26.827872956087273,27.11897850036621,25207500
2010-09-17,27.145438900028328,27.17852090896545,26.457377028307423,26.50368881225586,45938300
2010-09-20,26.622779156672248,27.330690796453702,26.48384126965289,27.251296997070312,33337500
2010-09-21,27.330690386198064,27.456393447630145,26.774946417872222,26.854337692260742,33548900
2010-09-22,26.748482372587414,27.019738212520277,26.298594268727573,26.424297332763672,34546000
2010-09-23,26.219204731999987,26.265516523075117,25.795781199996902,25.868555068969727,33471100
2010-09-24,26.139814137260036,26.33167873745134,26.00087874697129,26.298599243164062,28855100
2010-09-27,26.159653332596324,26.245659478394575,25.80900376751706,25.855318069458008,25684900
2010-09-28,26.04056964085632,26.067034239696135,25.54436976972355,25.76931381225586,31442600
2010-09-29,25.663460824160584,25.723004916338816,25.180493198183086,25.412052154541016,40207000
2010-09-30,25.46498248100018,25.769317843862108,25.114332801021185,25.18049430847168,54885200
2010-10-01,25.36574585556579,25.861945889889217,25.332666358038338,25.676698684692383,38973800
2010-10-04,25.822431691083466,26.19340648273403,25.64356898048725,25.80255889892578,38886100
2010-10-05,26.07415557974956,26.378883412805745,25.882043565713133,26.259641647338867,42379500
2010-10-06,26.20665245847948,26.54450251669136,26.11390687728649,26.431886672973633,31559900
2010-10-07,26.571004285532897,26.71011888260525,25.968171837827043,26.180156707763672,26923900
2010-10-08,26.279529187702114,26.352399477186065,25.9218062175093,26.041048049926758,28178500
2010-10-11,26.180150799920984,26.43850714391408,26.10065712339813,26.319265365600586,24601000
2010-10-12,26.14703314426002,26.82273582861459,26.14703314426002,26.76311492919922,38798100
2010-10-13,26.93534704259128,26.97509514437905,26.21989889982035,26.392135620117188,69607700
2010-10-14,26.001287829736828,26.087407452418034,25.239465646832013,25.650188446044922,76504900
2010-10-15,25.74956373307997,25.795935270324694,24.206048578235684,24.610145568847656,142280400
2010-10-18,24.61014012893539,25.34546114001778,24.5173945478875,25.305715560913086,55058700
2010-10-19,25.106978273546744,25.603818192993774,24.84199597235159,24.96786117553711,70595100
2010-10-20,25.17321569781028,25.371951105802484,24.815490447189628,25.239459991455078,43497200
2010-10-21,25.299089904741233,25.438207014387853,23.987432710929493,24.974489212036133,38250300
2010-10-22,24.841998050355826,25.034110108439336,24.72275625754942,24.974489212036133,24876900
2010-10-25,25.153351205224695,25.219595520702438,24.510770731444282,24.55714225769043,37893500
2010-10-26,24.497524226947842,24.68301035361766,24.36503305344414,24.643264770507812,39188100
2010-10-27,24.550524329075717,24.928122571299014,24.510776214661973,24.868501663208008,30777500
2010-10-28,24.974492942680083,25.14672970965179,24.72938589954604,24.84862518310547,30614600
2010-10-29,24.808883551845472,25.000995669246713,24.72276389110362,24.928125381469727,19803300
2010-11-01,24.914865376068782,25.173221720981083,24.57701282729237,24.788997650146484,36941900
2010-11-02,24.86187209782473,24.888370836913026,24.398156799073764,24.48427391052246,39913100
2010-11-03,24.497528613411248,25.06061556986213,24.484279240982584,24.98774528503418,35299600
2010-11-04,25.265966443650434,26.398760889858142,25.08048034309486,26.365638732910156,77569400
2010-11-05,26.425262680739543,27.38582050561359,26.35239241079574,27.120838165283203,75684800
2010-11-08,27.067839610360036,27.293073811541507,26.637243996405928,26.835979461669922,32967000
2010-11-09,26.78298609992737,26.94859941861252,26.319268302197205,26.431886672973633,32800100
2010-11-10,26.41201353386643,26.922102900717988,26.22652741030546,26.90885353088379,35587900
2010-11-11,26.676992553654355,26.78960839262971,26.398760875909414,26.51137924194336,25499700
2010-11-12,26.405378426280176,26.67035812451566,26.087401272162925,26.239765167236328,33504800
2010-11-15,26.378885331415137,26.922096734914344,26.30601507754553,26.551124572753906,28772500
2010-11-16,26.32588476951531,26.478248664588712,25.86216713878098,26.239765167236328,46023000
2010-11-17,26.219907919397553,26.286152251439958,25.822434345965284,25.954925537109375,32027500
2010-11-18,26.21327682238296,26.498131942934204,26.07416223617666,26.272897720336914,30987600
2010-11-19,26.107278823852543,26.2596427467597,26.00790983945045,26.10727882385254,26542000
2010-11-22,25.87542925192288,25.90192546586102,25.312342377498666,25.511077880859375,33249500
2010-11-23,25.179855886623592,25.31897303922489,24.908250058492683,24.928125381469727,35340400
2010-11-24,25.060610391453814,25.332216152469552,24.901620482222196,25.279218673706055,24248300
2010-11-26,24.98111172413337,25.15997440683597,24.841997146606445,24.841997146606445,12819100
2010-11-29,24.822121289799558,25.232841550953076,24.583637742336766,25.11359977722168,30911400
2010-11-30,24.835373915930536,25.034109389211988,24.669760600352884,24.775753021240234,33716700
2010-12-01,25.140101388901574,25.299088754039598,24.94136591894974,25.272592544555664,33157200
2010-12-02,25.458088261114693,26.08741959286026,25.39184392179813,26.041048049926758,41526000
2010-12-03,25.88203992120775,26.279510732089868,25.636933005399037,26.239765167236328,30070200
2010-12-06,26.153654983512055,26.531253147949503,26.03441319189405,26.431886672973633,25364500
2010-12-07,26.729998677197077,26.80286896915196,25.994677388435154,26.001300811767578,40908200
2010-12-08,26.074163617854794,26.716744160180305,25.875428123163488,26.67037010192871,38115900
2010-12-09,26.9419795869613,27.22683476193102,26.87573525527222,27.034725189208984,43001900
2010-12-10,27.08772431798388,27.49182137383241,27.00823060231095,27.445449829101562,28449000
2010-12-13,27.538184082733913,27.816415788905967,27.266578324860088,27.498435974121094,35730400
2010-12-14,27.452066095007915,27.491814206010858,26.80948805967718,27.021472930908203,34010800
2010-12-15,26.981725043287007,27.160587753692553,26.53788250517841,26.637248992919922,30264000
2010-12-16,26.776358841056453,26.948598099209047,26.37888790649575,26.50475311279297,37123200
2010-12-17,26.537884711383978,26.544508133627104,26.186782683076796,26.279525756835938,52004800
2010-12-20,26.385514099741847,26.676992619329692,26.292768522226147,26.465007781982422,22978200
2010-12-21,26.604130133054444,27.31958106349481,26.484888311314382,27.16059112548828,30757800
2010-12-22,27.27320334761981,28.180766261297894,27.266579925991493,27.929033279418945,47280400
2010-12-23,27.922401486935204,28.001895157938574,27.703790732853136,27.87602996826172,18927900
2010-12-27,27.70380510915996,28.27351552228287,27.690555735940876,28.266889572143555,17203200
2010-12-28,28.286767069219362,28.564996347022234,28.134403056080686,28.22714614868164,20386600
2010-12-29,28.20726206137109,28.333127275659837,28.021773423348154,28.061521530151367,13637400
2010-12-30,28.02840030954286,28.134392737507262,27.85616103468894,27.97540283203125,12901900
2010-12-31,27.895906068534554,28.121140269019172,27.849534544351712,28.10126495361328,12199700
2011-01-03,28.48549439104724,29.17444648978999,28.458995650235824,28.869718551635742,43278500
2011-01-04,29.035522100666874,29.38039385043252,28.743708710847564,29.28754425048828,40036800
2011-01-05,29.128361233398145,29.811473457442187,29.1150991781391,29.64566993713379,50032500
2011-01-06,29.44670957914456,29.71199372393503,29.347226443622365,29.499765396118164,31606200
2011-01-07,29.5395549536903,29.572715150826212,28.286080780242358,28.94266128540039,69579400
2011-01-10,28.697274500333492,29.02888155137045,28.518206389178214,28.783493041992188,30098100
2011-01-11,28.98247019095968,29.19469859952814,28.796768435990632,28.916147232055664,28067100
2011-01-12,29.473239365319113,29.778319832802016,29.347229572854577,29.652307510375977,44296900
2011-01-13,29.80485686194015,29.824755016074732,29.294181425167103,29.479883193969727,42133000
2011-01-14,29.519665449062842,30.468062038429252,29.47987421284095,29.78495216369629,86983800
2011-01-18,29.857908806099566,30.12319301448856,29.51303705822822,29.67884063720703,46237700
2011-01-19,29.546189954489115,29.824741213804124,28.91613600433397,28.989089965820312,44989200
2011-01-20,29.068684680946692,29.8380131862099,28.922776721857552,29.67884063720703,46977700
2011-01-21,29.87780521473944,30.202781351300228,29.745161842062345,30.036977767944336,44767400
2011-01-24,29.983904647999722,30.162972733477357,29.75178075754389,29.857894897460938,27826800
2011-01-25,29.72526836054354,30.12982953783622,29.35386739631572,29.7584285736084,36022400
2011-01-26,29.97727730909606,30.162976444306537,29.75841544548859,29.831369400024414,25639400
2011-01-27,29.831379955421685,30.096666696699604,29.639047194493287,29.910964965820312,26740900
2011-01-28,29.877804225705265,30.428273318606564,29.44671644122723,29.539566040039062,38593900
2011-01-31,29.453352511041594,29.910969553473954,29.446721479975437,29.804855346679688,23574500
2011-02-01,29.977291022802923,30.507862030382363,29.950761839933417,30.461437225341797,28255500
2011-02-02,30.368584170671976,30.49459398006613,30.070137222147032,30.143091201782227,24104900
2011-02-03,30.162983826894447,30.342051978230213,29.738527111118522,30.14971923828125,23322400
2011-02-04,29.844650753302187,29.9573959973216,29.380400124480563,29.57273292541504,38172900
2011-02-07,29.678845363658862,30.342059785193136,29.61252493349033,30.17625617980957,36790900
2011-02-08,30.169620841505736,30.38848025378545,30.050242060276116,30.335424423217773,28649500
2011-02-09,30.083394634597045,30.176244211993996,29.612513189248933,29.917591094970703,33491000
2011-02-10,29.910967441062805,30.202783386609728,29.811486802322595,30.196149826049805,22688600
2011-02-11,30.109916538187218,31.098103978987293,30.109916538187218,30.885875701904297,40812800
2011-02-14,30.905775188731315,31.104741437168197,30.81955917970034,30.865983963012695,28699200
2011-02-15,30.879252669563574,31.396558912635896,30.86598808256668,31.051687240600586,35972900
2011-02-16,31.2705553458398,32.073044043929244,31.237392606776147,31.794492721557617,44327800
2011-02-17,31.681744579116405,31.827652521645582,31.502676430547382,31.71490478515625,22932600
2011-02-18,31.714905061980666,31.92050238916075,31.53583691184864,31.83428382873535,23844300
2011-02-22,31.30369136046014,31.350116123313626,30.40835122694331,30.51446533203125,44561900
2011-02-23,30.534385412544122,30.83946336770047,30.03697471306508,30.481327056884766,36264800
2011-02-24,30.26245723592102,30.54763947440902,29.983906024624485,30.448156356811523,31926900
2011-02-25,30.67365521502945,31.078216261578234,30.587436664954804,30.958837509155273,26782100
2011-02-28,31.04504732280106,31.29043578707704,30.786391745365748,30.9654598236084,25985300
2011-03-01,30.819571079743678,30.965476513650493,30.235941754230666,30.242572784423828,33682600
2011-03-02,30.103297925041993,30.487963449432616,29.891069542606438,29.983919143676758,28600000
2011-03-03,30.322163126936914,30.72672431505507,30.315529566169186,30.56092071533203,23043600
2011-03-04,30.49459019343402,30.53438395828328,29.910960958785857,30.189512252807617,27716900
2011-03-07,30.255843589490517,30.27574174408103,29.685478737169635,29.970661163330078,28110800
2011-03-08,30.096659299243314,30.965468229958354,30.043600952044194,30.77313804626465,32941500
2011-03-09,30.72670683667615,31.237379406968763,30.521109579183808,30.87924575805664,25174700
2011-03-10,30.56091975798346,30.673664987881445,30.01708164036294,30.196149826049805,33783700
2011-03-11,30.030343910096594,30.401744843917836,30.01044828987895,30.335424423217773,20337600
2011-03-14,30.123192720535886,30.202780259241596,29.599255338846607,30.043607711791992,24508900
2011-03-15,29.546200945764518,29.83801690026629,29.08195036084437,29.585994720458984,35606000
2011-03-16,29.60587871136326,29.69872828587642,28.95592915980999,29.05541229248047,41962900
2011-03-17,29.486502989162936,29.585986132039384,28.783497550035612,29.552825927734375,46741800
2011-03-18,30.003817259793696,30.627237816244683,29.678841126454873,30.335424423217773,77421000
2011-03-21,30.69355223347145,30.720081408547284,30.056867211419817,30.26246452331543,28985300
2011-03-22,30.282368540497508,30.315528753560823,30.076771171565607,30.15635871887207,19756600
2011-03-23,30.03697795893089,30.302262176009954,29.692106199762378,30.242572784423828,26688900
2011-03-24,30.30889123239059,30.401740821069296,29.904330141752038,30.328786849975586,21748100
2011-03-25,30.308892456232577,30.759878359420828,30.288994307882568,30.415006637573242,20710400
2011-03-28,30.57417664932699,30.83946336770047,30.47469602740817,30.481327056884766,19039400
2011-03-29,30.39510267687251,30.53437702728876,30.189505400095463,30.5211124420166,17913300
2011-03-30,30.859356939121756,31.0715852877583,30.653762149483438,30.80630111694336,26829100
2011-03-31,30.54100895975322,30.73334165695616,30.48131958924062,30.574169158935547,23340500
2011-04-01,30.87261831216101,31.09148019700406,30.627229783971917,30.739974975585938,25387300
2011-04-04,30.753309981524765,31.020035289489428,30.706633434183107,30.900009155273438,15708000
2011-04-05,30.78664094635796,31.186728790530072,30.706624394995657,31.060035705566406,21058400
2011-04-06,31.21341315846939,31.826877847849005,31.093387015994033,31.766864776611328,31203300
2011-04-07,31.766867586623523,31.873557217852294,31.313436017980884,31.606834411621094,29972000
2011-04-08,31.686845181685516,31.780198273911672,31.093384057949834,31.233413696289062,23808000
2011-04-11,31.340106795240796,31.520146011859463,31.17340409952143,31.246753692626953,25641600
2011-04-12,31.04005594575754,31.41347107446962,30.840013126108463,31.100069046020508,27231300
2011-04-13,31.5001517704817,31.58683536630973,30.593288431957525,30.840007781982422,55383900
2011-04-14,30.45992930458669,30.506605875108665,29.946484485162657,29.986494064331055,45214600
2011-04-15,30.166519367052487,30.253202932865957,29.893127062044396,29.933134078979492,32475000
2011-04-18,29.519717734312806,29.573061281585392,29.026276567712895,29.313005447387695,50958800
2011-04-19,29.51305103320041,29.813116464408296,29.179645563787616,29.773109436035156,26705000
2011-04-20,29.939810519749738,29.986487079399062,29.299670120578668,29.71309471130371,35542800
2011-04-21,29.79311180114746,29.899801445497427,29.419696774081704,29.79311180114746,24368100
2011-04-25,29.773110121404585,30.019829462218546,29.593070858535395,29.746437072753906,17358900
2011-04-26,29.906464752931846,30.293216255879646,29.746431577953167,30.086503982543945,25900000
2011-04-27,30.206536360689956,30.42658520123591,30.039833618584954,30.33989906311035,20857200
2011-04-28,30.413226263615098,30.626605412765294,30.2798636594762,30.573259353637695,19859000
2011-04-29,30.54660467318949,30.686634335333487,30.27321233790203,30.426578521728516,23363000
2011-05-02,30.633287622637745,30.666630198003347,30.07983597437162,30.12651252746582,25904000
2011-05-03,29.973152091785956,30.719979628120456,29.91313900577896,30.619956970214844,30025500
2011-05-04,30.659968022710117,30.699977596540833,30.193199836079717,30.33989906311035,22727400
2011-05-05,30.166515894437026,30.479915180303287,29.99981322658105,30.119836807250977,26154500
2011-05-06,30.319890031072468,30.479923209911956,29.84645239644199,30.033161163330078,26332300
2011-05-09,29.83978106768084,30.079833344711503,29.553052241636564,29.97981071472168,22469500
2011-05-10,30.046503894205017,30.339899811824598,29.993157794447615,30.113183975219727,20534200
2011-05-11,30.019825087043774,30.033161609425413,29.41302730892787,29.493043899536133,31519600
2011-05-12,29.40635380180353,29.559722516624706,29.03960838875742,29.399686813354492,29567900
2011-05-13,29.37967814372479,29.406348636517425,28.659521421027662,28.77288055419922,32872500
2011-05-16,28.652864720564317,28.992937154808633,28.486161998277918,28.592851638793945,34951100
2011-05-17,28.45948525856294,29.353011835797346,28.4394817484629,29.212982177734375,36277100
2011-05-18,29.15298158264331,29.499723653660723,28.94626922962838,29.393033981323242,24372100
2011-05-19,29.55305516094086,29.57305867144235,29.172973199324176,29.339675903320312,19518000
2011-05-20,29.22631621819282,29.399685892933395,28.732875146932347,28.75954818725586,29946700
2011-05-23,28.27277312440542,28.6061784558551,28.206090531906995,28.372793197631836,32299500
2011-05-24,28.51949014939859,28.619510214881206,27.79933346825678,28.23276138305664,39341400
2011-05-25,28.07940465226784,28.506163179426952,28.07273511946015,28.186094284057617,26505300
2011-05-26,28.086067341428116,28.399469199689527,28.072730821536027,28.306116104125977,21648100
2011-05-27,28.472820029073947,28.772885380530372,28.36613040896513,28.532833099365234,24747300
2011-05-31,28.832908630371094,28.926261762964778,28.519506647793357,28.832908630371094,28746300
2011-06-01,28.58618018919789,28.666199321982173,27.826016233517727,27.846019744873047,38628700
2011-06-02,27.95937379555859,28.139412995860113,27.225883018342945,27.745994567871094,45964000
2011-06-03,27.39925524057672,28.172755648954617,27.35257868914988,27.719324111938477,31833100
2011-06-06,27.405918841316986,27.49927447631144,26.919147333981666,27.025836944580078,40895900
2011-06-07,27.28589076614569,27.54594905813994,27.10585412783697,27.152530670166016,36312000
2011-06-08,27.059194664183806,27.38593066670974,26.80580574326811,26.932498931884766,38890700
2011-06-09,27.06585661160084,27.499284747363944,27.032516572776427,27.325912475585938,30082300
2011-06-10,27.06585291148791,27.67265069239312,26.739114470839763,27.37258529663086,48545700
2011-06-13,27.532630085452514,27.88603914364013,27.152547973598786,27.7860164642334,31767100
2011-06-14,28.092736448783537,28.299446144785218,27.65930846172272,27.745994567871094,32103500
2011-06-15,27.352583653281922,27.60597250964385,26.839138950721953,27.12586784362793,37336400
2011-06-16,27.09252050924268,27.14586404460781,26.47238633057662,26.9124813079834,50316600
2011-06-17,27.239221151248316,27.379253357528974,27.032511423701283,27.205881118774414,31999600
2011-06-20,27.005833009552102,27.212545239671336,26.75244423451577,26.992496490478516,21565400
2011-06-21,27.12586393683831,27.492609373366026,26.839135085228317,27.27923011779785,34241100
2011-06-22,27.119203223375322,27.69266111308232,26.992510044081858,27.132539749145508,27306300
2011-06-23,26.7524447933857,26.83913089733447,26.41903944062378,26.719104766845703,48307500
2011-06-24,26.70576979539724,26.79245590437046,26.299014834462657,26.33235740661621,36136800
2011-06-27,26.2723422151591,26.745777194786278,26.22566567033281,26.592411041259766,30632700
2011-06-28,26.719116411431532,26.719116411431532,26.16566460735838,26.365707397460938,41558700
2011-06-29,26.699099943972346,27.045841798999618,26.619080831802385,26.972492218017578,44775900
2011-06-30,27.152541531959386,27.385924336964404,26.919156183272573,27.299238204956055,28000100
2011-07-01,27.37974587013482,27.990271812932544,27.352908946222627,27.896345138549805,32136800
2011-07-05,27.84937529872069,27.84937529872069,27.48708711444397,27.527339935302734,23805800
2011-07-06,27.232143471218333,27.27239885431241,26.957071418349855,27.212017059326172,23865700
2011-07-07,27.634684139474174,28.037230249871598,27.574302350880036,27.72190284729004,28550800
2011-07-08,27.305938199337028,27.48708354762412,27.21201155044207,27.332775115966797,20680000
2011-07-11,26.963780498141503,26.983909470186187,26.35996508230807,26.45389175415039,38328000
2011-07-12,26.32642643414867,26.916823528017147,26.32642643414867,26.427061080932617,33808300
2011-07-13,26.6149085527831,27.084544477976973,26.440473668213322,26.581363677978516,34020600
2011-07-14,27.62797381762717,27.66822919300407,27.030866492404037,27.07111930847168,65327400
2011-07-15,27.245559954882186,27.339486615975147,26.500852057202906,26.822887420654297,46544900
2011-07-18,26.69541687832897,26.836306875189393,26.11843587102285,26.722253799438477,47603200
2011-07-19,26.782645300675693,27.165065203378248,26.64175523928102,27.097972869873047,34837400
2011-07-20,27.29923371634256,27.748743211530055,27.252270381528767,27.480379104614258,31250900
2011-07-21,27.88963766241641,28.547127013942866,27.661528902963536,28.372692108154297,45552200
2011-07-22,28.359267332317756,28.39281220373617,28.01710298964488,28.305593490600586,19986100
2011-07-25,27.856087379209274,28.11774096678417,27.701778918826893,27.97014045715332,22522300
2011-07-26,27.842675053784564,28.037238939479213,27.701785023168554,27.802419662475586,24350600
2011-07-27,27.64139516599538,27.775577205304536,27.232141097791743,27.285812377929688,32361100
2011-07-28,27.299236104036005,27.66823742314692,27.252272765114622,27.29252815246582,23370200
2011-07-29,26.997324123439093,27.33948588821381,26.769215427152783,27.138214111328125,37793400
2011-08-01,27.614560320255332,27.75545032042216,26.80947058324389,27.131505966186523,34039300
2011-08-02,26.903402573830327,27.09125850386989,26.728967666625977,26.728967666625977,42119000
2011-08-03,26.675296818957587,26.849734305132092,26.400224683969036,26.76922607421875,41110100
2011-08-04,26.37338264058093,26.561235977831373,25.373729040263015,25.440818786621094,59931100
2011-08-05,25.69575962442835,25.997668545202238,24.635726986200293,25.226123809814453,85507800
2011-08-08,24.306988654789016,25.306642376889876,22.602882272869202,22.851119995117188,107650300
2011-08-09,23.736709760645574,24.548507279347692,22.60287436676836,24.421035766601562,78985700
2011-08-10,23.830648094232053,24.052046362764155,22.804159861570472,23.05910301208496,83975700
2011-08-11,23.23353787528422,25.024860476260006,23.23353787528422,24.6156063079834,69583500
2011-08-12,24.910802881795323,25.393854671196372,23.87089648937387,24.092294692993164,44072800
2011-08-15,24.508258986618145,24.91751311856638,24.414332312264765,24.743078231811523,34827900
2011-08-16,24.33382285465743,24.53509465501665,23.99836900095547,24.17280387878418,42266600
2011-08-17,24.461287349410103,24.9980128488186,24.36736070692725,24.53508758544922,30131400
2011-08-18,23.66291915444337,23.797101230509135,23.146319825141816,23.60924530029297,57130300
2011-08-19,23.320749224333976,23.817222020721303,22.985295393056212,23.045677185058594,52960800
2011-08-22,23.56227323118035,23.602528606884402,22.374766520658255,22.415021896362305,50971400
2011-08-23,22.334512853950756,23.34758212382864,21.67702376500531,23.334163665771484,55807900
2011-08-24,23.361001901163938,24.159381005833005,23.267075248768673,24.038619995117188,41959800
2011-08-25,25.353599422152094,25.876906543638164,23.76354652957458,23.964820861816406,55387600
2011-08-26,23.6696269967699,24.47471689012001,23.36101001476726,24.29357147216797,35114200
2011-08-29,24.70281994099207,25.25296401977539,24.468003282722226,25.25296401977539,27943900
2011-08-30,25.091950746715824,25.306641020884328,24.655859687699206,24.863842010498047,28818700
2011-08-31,25.105369613209064,25.51462379644065,24.97119009549597,25.199298858642578,30051100
2011-09-01,25.23955839790816,25.373740510591798,24.34725208328718,24.353960037231445,36862300
2011-09-02,23.522028230749804,23.649499790538645,23.153026895789747,23.233537673950195,41677300
2011-09-06,22.213759514313413,22.475413168577344,21.99235869343756,22.435157775878906,57071200
2011-09-07,22.877947686893243,23.468347079902877,22.72363924904139,23.36100196838379,36145900
2011-09-08,23.106061087119105,23.42138853629516,22.435153363295917,22.48211669921875,44815300
2011-09-09,22.19363000660041,22.274138221474136,21.422085056188035,21.522722244262695,67187400
2011-09-12,21.03295614463782,21.750825881958008,20.939028198733478,21.750825881958008,53377600
2011-09-13,22.01248269528311,22.415026294063278,21.58309961479187,21.797792434692383,50137600
2011-09-14,21.958810206863266,22.2674271556118,21.37512118478496,22.005773544311523,44442500
2011-09-15,22.388194293056213,22.690103338162164,22.227177841873267,22.683395385742188,35847800
2011-09-16,22.844402067526186,22.99200255074789,22.153368094823218,22.42844009399414,52683800
2011-09-19,21.93197192807925,22.0661539807759,21.556265251700367,21.797792434692383,33154800
2011-09-20,21.985640571820426,22.00576697920527,21.6300603917059,21.636768341064453,34085100
2011-09-21,21.623358204391437,21.770958740172794,20.30167029188476,20.355342864990234,57389200
2011-09-22,19.69114090187507,19.878994235565955,19.14099680237201,19.637468338012695,86285600
2011-09-23,19.4294887874434,19.993051427709773,19.362399032846724,19.852161407470703,51731300
2011-09-26,20.167486616132408,21.34157517918173,20.10039558517002,21.234230041503906,58696100
2011-09-27,21.885005927999135,22.22717024866642,20.965863201837244,21.180553436279297,58242900
2011-09-28,21.214099251284203,21.469043580757624,20.409009605143904,20.442554473876953,38725900
2011-09-29,21.187266300728442,21.542847862307163,20.422431889407935,21.05979347229004,51014100
2011-09-30,20.623700900580804,20.764592171771273,20.20102964631896,20.207738876342773,42420600
2011-10-03,20.147363496897984,20.596871814293607,19.214800701312917,19.22150993347168,51002700
2011-10-04,19.11998365264824,20.595437464957236,18.849258478582247,20.480379104614258,69800000
2011-10-05,20.460079446295907,21.096284735664455,19.898324082862345,20.872936248779297,51117200
2011-10-06,20.784945882117583,21.969369730312902,20.588670601409095,21.915225982666016,53214000
2011-10-07,22.050589528957715,22.07089311187571,20.744337712305242,20.778179168701172,49320600
2011-10-10,21.387315125783847,21.87462056942841,21.373778540730434,21.861083984375,37324800
2011-10-11,21.644503787199636,22.118273936710594,21.25872014961605,21.861083984375,38161700
2011-10-12,22.172417052236952,22.923680718962334,22.125040296843416,22.470216751098633,55462500
2011-10-13,21.96260184652616,21.98967501018004,20.92707657331618,21.387310028076172,78830000
2011-10-14,21.57004663564844,21.87461193359262,21.251943467075634,21.583581924438477,51899600
2011-10-17,21.414382192181687,21.71894883283439,20.96091702216517,21.0082950592041,40865400
2011-10-18,21.224871367347625,22.619105498317953,21.075971574005724,22.246858596801758,64392400
2011-10-19,22.179183394471256,23.0184308660953,21.678340162562076,21.827239990234375,50119300
2011-10-20,21.87461633348687,22.46344346916813,21.434687731800047,22.422836303710938,41657100
2011-10-21,22.659712211290376,23.038728642897357,22.341609088658835,22.619102478027344,48445300
2011-10-24,22.747707104141746,23.478664500839507,22.720633938602045,23.39744758605957,45697200
2011-10-25,23.133489102976554,23.18086584852862,22.57850215636182,22.666488647460938,38679100
2011-10-26,23.08611095873431,23.289154510490025,22.673254273789013,23.133487701416016,36350900
2011-10-27,24.74430940430355,25.407586509836893,24.162249218551608,25.05564308166504,76438300
2011-10-28,24.778154515432863,25.028574907455297,24.493891366730768,24.832298278808594,39891200
2011-10-31,24.31791630515203,24.36529305732746,23.50573935353991,23.526042938232422,46429800
2011-11-01,21.97614076470558,22.768011521975396,21.54974742826223,22.138574600219727,74052400
2011-11-02,22.815382108806272,22.835688269139183,22.375454889784496,22.76800537109375,34325900
2011-11-03,23.092873573715803,23.363599979213518,22.226553207064477,23.26884651184082,40084700
2011-11-04,23.00489056762466,23.052267303125628,22.639410680755642,22.99135398864746,30858700
2011-11-07,23.031962357974063,23.24177547042421,22.81538224659779,23.174095153808594,25925900
2011-11-08,23.370373209666393,23.81030309045604,23.025199403356254,23.70201301574707,30193100
2011-11-09,22.903370902857056,23.004893969278683,21.915223727953695,22.023513793945312,52990400
2011-11-10,22.280702398719548,22.49051554348476,21.84754210925238,22.158878326416016,30427400
2011-11-11,22.52435302734375,22.910136525619773,22.348382648872047,22.52435302734375,29983400
2011-11-14,22.301005595364778,22.32130917440767,21.806932044558167,22.0302791595459,27596300
2011-11-15,21.718950579171622,22.409300826213148,21.712183578541467,22.131807327270508,31260500
2011-11-16,21.8881504896253,21.9896735556927,21.251945385954798,21.2993221282959,40761800
2011-11-17,21.251949625776827,21.319631253017963,20.534527475228018,20.636049270629883,55130100
2011-11-18,20.757871609462796,20.879698254888567,20.52775489941843,20.724031448364258,39029900
2011-11-21,20.31794394055797,20.43300230056335,20.03368218589289,20.243494033813477,39658100
2011-11-22,20.23671724733365,20.372080422600998,19.88477402437368,19.905078887939453,36466200
2011-11-23,19.702046537866476,19.729118413650816,19.174131405415643,19.207971572875977,44468500
2011-11-25,19.14029376780763,19.74265760647206,19.14029376780763,19.27565574645996,21423200
2011-11-28,20.108130662066866,20.351783961778892,19.505766994355962,19.735883712768555,45280100
2011-11-29,19.614055662448003,19.715577433106102,19.275648899641435,19.32979393005371,45104700
2011-11-30,20.405935149764165,20.98122711928332,20.169050069265708,20.960922241210938,61412600
2011-12-01,20.886472068490136,20.96092070077792,20.32471672563637,20.615745544433594,33189700
2011-12-02,20.900002414845478,22.51758772042366,20.852625671625766,21.881383895874023,90515100
2011-12-05,22.768005857079977,23.079339449218732,22.483745424737272,22.68001937866211,52207600
2011-12-06,22.510818336281524,22.727401055263414,22.118267805899425,22.490514755249023,38782900
2011-12-07,22.213021305203952,23.140255179214684,22.145340980499682,23.011661529541016,44722800
2011-12-08,22.707099046990198,22.80862213440564,21.712184666779972,21.80693817138672,47788900
2011-12-09,21.90168765206971,22.544661063277623,21.90168765206971,22.456674575805664,39104600
2011-12-12,22.03028585737671,22.064126026682782,21.495603695006476,21.68511199951172,35977900
2011-12-13,21.908455198862956,22.084428178201023,20.89323610415788,21.17749786376953,49475100
2011-12-14,20.89999803855967,21.61742119998254,20.866157883608416,21.326391220092773,41291500
2011-12-15,21.72571517937336,21.847541831969682,21.367004803305818,21.4955997467041,33457300
2011-12-16,21.76632187775656,22.064118885846078,21.529436896520448,21.583581924438477,52596800
2011-12-19,21.570051175492026,21.59035475841002,20.588670885642657,20.778179168701172,47388000
2011-12-20,21.25195024715391,21.955835834651186,21.143660156769716,21.800168991088867,49091600
2011-12-21,21.6580364648237,21.935529953755687,21.590354842687212,21.874616622924805,30893000
2011-12-22,22.125039680241585,22.707099895243065,22.023519170873083,22.639419555664062,35543200
2011-12-23,22.7544746272315,22.808620959554535,22.42283737819021,22.72063446044922,21958800
2011-12-27,22.483750283376615,22.801850943285228,22.355154037475586,22.355154037475586,16891600
2011-12-28,22.328081969498864,22.39576229727702,22.043818912784783,22.097965240478516,19242700
2011-12-29,22.138565586020107,22.686785366799064,22.138565586020107,22.619102478027344,19792000
2011-12-30,22.409307218353696,22.619117861646018,22.37546704187171,22.504060745239258,18196900
2012-01-03,23.052274675543977,23.817072268559585,23.018431926358403,23.674942016601562,44102800
2012-01-04,23.477253780728436,23.96125258774169,23.40227054061181,23.824914932250977,36571200
2012-01-05,23.661311899031602,24.486151037332178,23.449990979547444,24.322547912597656,38381400
2012-01-06,24.329359356603675,24.38389545556164,23.954432777752814,24.10440444946289,33160600
2012-01-09,24.15894267148955,24.322548399926877,23.852186156359917,24.063507080078125,23001800
2012-01-10,24.588400183551883,24.779271325623043,24.37707670452718,24.574766159057617,35972800
2012-01-11,24.404337360951896,25.04512331595406,24.308901818825657,24.99058723449707,29852900
2012-01-12,25.099671260078964,25.25645868397761,24.656574444399094,25.120121002197266,39420700
2012-01-13,24.036230764143482,24.486143112182617,23.947613517104337,24.486143112182617,61571500
2012-01-17,23.75673968618769,24.322539924430675,23.518150790798437,23.79764175415039,55115100
2012-01-18,23.54541768721919,25.004224234529243,23.538599376012804,24.908788681030273,55502100
2012-01-19,25.113300285052407,25.324623779731844,25.024680419486906,25.174652099609375,37000400
2012-01-20,25.072392678999062,25.495039575146127,24.963323099443926,25.467771530151367,34716500
2012-01-23,25.433686661010377,25.863146648974897,25.40641861720901,25.67227554321289,27499200
2012-01-24,25.345066818867824,25.82906289443508,25.086025603602394,25.67227554321289,25403800
2012-01-25,25.467765606020382,25.781340249246902,25.30415997453251,25.63136863708496,29860700
2012-01-26,25.82224576639227,25.972214798220886,25.39278320157586,25.55638885498047,33284600
2012-01-27,25.379148776184213,25.67227372523183,25.324615292867048,25.365514755249023,27674600
2012-01-30,24.990596163805087,25.338254705831908,24.786090986117287,25.229185104370117,24423600
2012-01-31,25.58365387138116,25.590472182055763,25.174643645307327,25.42686653137207,29649500
2012-02-01,25.82905801667601,25.92449355153423,25.5632011408786,25.63136863708496,41957800
2012-02-02,25.692727507581893,26.01312054901859,25.508672096570855,25.597291946411133,26784200
2012-02-03,26.088109214685648,26.244896596588376,25.93813754485508,26.094924926757812,41074400
2012-02-06,25.944961043860623,26.122198197834607,25.77453960332129,25.999494552612305,23106200
2012-02-07,25.808617790236504,25.985854905883006,25.6995481958946,25.815433502197266,21091900
2012-02-08,25.938144829843758,26.14265005496187,25.88361131667727,26.108566284179688,23258700
2012-02-09,26.31305862508024,26.3675947119681,25.794978801764366,25.808612823486328,28608400
2012-02-10,25.37234562842647,25.747272288297424,25.2973597763673,25.638202667236328,22618800
2012-02-13,25.958597172653086,26.135834340975443,25.75408934710995,26.108566284179688,24828000
2012-02-14,26.060835534737542,26.081285266959878,25.5223033825437,25.849512100219727,27031900
2012-02-15,25.95859116479649,26.176730367826345,25.433692894873282,25.495044708251953,26534900
2012-02-16,25.32461915132827,25.985852364677203,25.25644903626591,25.904050827026367,22139600
2012-02-17,26.31305876936337,26.340326812956818,26.060835867183393,26.224441528320312,28009300
2012-02-21,26.347150411855534,26.56528960353542,26.18354471788348,26.217628479003906,22804200
2012-02-22,26.108556240747202,26.169908044724345,25.835883578956373,25.95176887512207,23416900
2012-02-23,25.944950292059424,26.258524988601902,25.733626857211895,26.238075256347656,31361400
2012-02-24,26.35396619271307,26.367600217281694,26.03357311641115,26.094924926757812,17586400
2012-02-27,25.951764858481596,26.74251987600807,25.760893764727363,26.62663459777832,34030400
2012-02-28,26.67436168458929,26.960668425184842,26.483487923767726,26.72889518737793,37900900
2012-02-29,26.810695679591603,27.22652170787569,26.59937220914624,26.749343872070312,41187700
2012-03-01,26.933395685541928,27.574181784638565,26.906130239105707,27.51964569091797,44376700
2012-03-02,27.560542731579527,27.867301701716077,27.42420512258288,27.696880340576172,34897900
2012-03-05,27.74459949910561,27.75141520970517,27.26741914400085,27.54009437561035,30806900
2012-03-06,26.892494816957107,27.17880149282678,26.66753734269613,26.803874969482422,33927500
2012-03-07,26.899317884780217,27.308330876999765,26.844784379405738,27.23334503173828,22875100
2012-03-08,27.587810348277397,27.778681437676813,27.417388989764042,27.567358016967773,22052300
2012-03-09,27.7786781125253,28.24904006956661,27.608256774411647,27.96954917907715,33494200
2012-03-12,27.853673466032117,27.93547500825099,27.403761083192098,27.635534286499023,30763800
2012-03-13,27.9627390229557,29.810106070881105,27.826401405304367,29.578332901000977,77277600
2012-03-14,29.735120668183022,29.994161885311193,29.360194164701394,29.707855224609375,68028700
2012-03-15,29.74875266523895,30.621309210373614,29.264756619136044,30.47134017944336,57117700
2012-03-16,30.587237587669563,30.621321353650806,30.144143429064037,30.382732391357422,48844500
2012-03-19,30.29411071918843,30.914444584711518,30.137323324652325,30.67585563659668,41509300
2012-03-20,30.355460217057257,31.084863631808773,30.246390620470795,30.934894561767578,34796200
2012-03-21,31.037160585362077,31.13259620264452,30.580432245388785,30.75766944885254,27267900
2012-03-22,30.484981273376178,30.744019932548177,30.27365779838659,30.43726348876953,27457200
2012-03-23,30.300919861284157,30.846267720793556,30.29410155030195,30.784915924072266,30639300
2012-03-26,31.003049601740518,31.473411560058594,30.948516125616212,31.473411560058594,33529400
2012-03-27,31.302998638411292,31.691561787233614,31.241649436434244,31.282548904418945,33026400
2012-03-28,31.193921115631483,31.568850146208312,30.92124853025768,31.541582107543945,29755800
2012-03-29,31.30300120182278,31.371171321419673,30.859907126351732,31.132579803466797,32262300
2012-03-30,31.41208035198397,31.446164119121004,31.01670137200508,31.343910217285156,25945800
2012-04-02,31.18711809096775,31.59612843559759,30.989428630879445,31.44615936279297,27669300
2012-04-03,31.3843950985525,31.55593201343486,30.85606108662136,31.164825439453125,31036400
2012-04-04,30.657088709771312,30.780595542489944,30.163061378896778,30.47182846069336,41342900
2012-04-05,30.279709076739497,30.691396790384285,30.06014194713606,30.423799514770508,28832300
2012-04-09,29.634716860509542,30.38261792387931,29.552379873173557,30.115020751953125,29376400
2012-04-10,30.108168939371637,30.19736627693521,29.27106770953917,29.476911544799805,38841000
2012-04-11,29.909185864426355,30.33459681245514,29.895462592883952,30.19736671447754,32142200
2012-04-12,30.27284507295147,30.869795639541046,30.190508056591256,30.76687240600586,33631100
2012-04-13,30.8423454098261,30.8423454098261,29.54552643295172,29.648447036743164,58183900
2012-04-16,29.76508268856623,30.053263415165894,29.394562367984985,29.730775833129883,40387600
2012-04-17,29.977797987032048,30.190504758291578,29.614140471844525,30.121891021728516,26887000
2012-04-18,29.929764112050208,30.12874758767032,29.689613446609343,29.703336715698242,20242900
2012-04-19,29.806270003248503,29.977807013754543,29.346552071466906,29.655319213867188,25961800
2012-04-20,29.854287709122328,29.902320460088177,29.305370027862296,29.312232971191406,26178100
2012-04-23,28.763318109023853,29.476912538260958,28.680981095633868,29.40143585205078,25536300
2012-04-24,29.49064542479769,29.717075557250443,29.374001502586747,29.696489334106445,21420400
2012-04-25,29.950355066530193,30.115029086778385,29.490634640324075,29.6141414642334,31694000
2012-04-26,29.65530413171313,30.11502182969058,29.545520605521073,30.053268432617188,28100300
2012-04-27,30.149335674473658,30.183645161030583,29.662171327742808,29.737648010253906,26242900
2012-04-30,29.730776704101462,29.75822061878734,29.18871947301347,29.490623474121094,23518000
2012-05-01,29.504356020052114,30.355180461609013,29.47690947928824,30.04641342163086,26359700
2012-05-02,29.819993179110984,29.868023332497337,29.394582127354536,29.6415958404541,22462200
2012-05-03,29.76509754735106,29.7719578748849,29.277930534157324,29.511220932006836,19536400
2012-05-04,29.044630549118914,29.284781173590297,28.61921713227604,28.646663665771484,31279900
2012-05-07,28.427116057135123,29.092680553233997,28.385946228760343,28.667266845703125,25910100
2012-05-08,28.475128736810696,28.70841905284625,28.09774803607704,28.392791748046875,28049700
2012-05-09,27.93993717418919,28.145780975380305,27.52824695436102,27.88504409790039,38769900
2012-05-10,28.28986997215954,28.40651644476818,27.816428991143535,27.953659057617188,35827100
2012-05-11,25.483526485662257,26.066753631487508,25.12672934899697,25.36001968383789,217294200
2012-05-14,24.769930287406844,25.023806814453124,24.536639970695415,24.557226181030273,96488500
2012-05-15,24.83168402121308,25.572724784649004,24.783653892188052,24.86599349975586,89903700
2012-05-16,25.243376886009806,25.373744018993893,24.330799102783203,24.330799102783203,68729600
2012-05-17,24.0426169011255,24.083784089441213,23.246685645189523,23.28099250793457,95429200
2012-05-18,23.322167490124237,23.322167490124237,22.622296341514136,22.979093551635742,82650100
2012-05-21,22.99967621383003,23.130043362866473,22.135128458272856,22.306665420532227,99554800
2012-05-22,22.86245242683386,23.727000420864986,22.63602493526659,23.335893630981445,84721000
2012-05-23,23.068287338680886,23.61720503224262,22.78696685714012,23.507421493530273,52512900
2012-05-24,23.630928842137926,23.658375381805147,23.068287866190317,23.308441162109375,37843800
2012-05-25,23.329024357582206,23.418224301246088,22.841860065360923,22.985950469970703,28796400
2012-05-29,23.315302128549035,23.32902539875949,22.889891221809524,23.075151443481445,35855200
2012-05-30,22.848719261295223,22.94477952628375,22.6085685988239,22.615428924560547,34203600
2012-05-31,22.6154340574093,22.965370950656716,22.58112718604788,22.745803833007812,42124900
2012-06-01,22.238053531163782,22.402730180298043,21.798919290067804,21.908702850341797,50472200
2012-06-04,22.066515536053153,22.07337586312074,21.153938915448137,21.270584106445312,60492400
2012-06-05,21.19510811495113,22.04593265872344,21.174524515628466,21.949871063232422,46502800
2012-06-06,22.443894795468083,22.855585062181415,22.1419906938353,22.690908432006836,47980500
2012-06-07,23.17121352380482,23.212383337645555,22.505649262667944,22.51251220703125,53888800
2012-06-08,22.485062652339824,23.10945701599121,22.33410930592542,23.10945701599121,34238200
2012-06-11,23.582903615149235,23.63093376084115,22.491928302031976,22.51937484741211,46404900
2012-06-12,22.560541983859398,23.17807347683069,22.30666539543976,23.171213150024414,43334400
2012-06-13,23.116319550796224,24.063204293192786,23.075152355983068,23.534870147705078,72456600
2012-06-14,23.61034777586084,23.93969843481779,23.37705739858554,23.7750244140625,44428000
2012-06-15,23.939698689464528,24.06320551506792,23.61034802700427,24.03575897216797,40917100
2012-06-18,23.816197549859474,24.221024993221935,23.672107091403433,23.754444122314453,31084400
2012-06-19,24.00831031951046,24.447444449659216,23.829910443233857,24.275907516479492,32489000
2012-06-20,24.721908299051186,25.3463027909211,24.584680811345176,25.01009178161621,61149700
2012-06-21,25.037533712229894,25.40805152518242,24.310216121163702,24.3651065826416,95637000
2012-06-22,24.715045420051297,25.03753574124877,24.673875607521957,24.694461822509766,44193500
2012-06-25,24.193565686421557,24.337658686343897,23.76815486401364,24.2347354888916,33115800
2012-06-26,24.742489794626046,24.78365698610341,24.41313917557687,24.502336502075195,35053600
2012-06-27,24.454303281734816,25.263957766288186,24.358243023812506,25.23651123046875,34156800
2012-06-28,24.234734872751645,24.653285359496216,23.91224463854932,24.61897850036621,69904800
2012-06-29,25.181622100817936,25.25023582652986,24.186707373319862,24.51605796813965,56063200
2012-07-02,24.886583734207413,24.948337147640046,24.420002969926742,24.893444061279297,34274900
2012-07-03,24.8795993018062,25.004135886372186,24.58901569733209,24.824251174926758,26705900
2012-07-05,24.63744376520942,24.67203667086145,23.675746736027573,23.78644561767578,58519800
2012-07-06,23.46819029441016,23.606564593262203,23.33673616209935,23.454355239868164,32057200
2012-07-09,23.392091823844712,23.606569524562026,23.205286877262328,23.49587059020996,30545000
2012-07-10,23.675751280722743,23.834880788683513,23.39208517709354,23.69650650024414,33175500
2012-07-11,23.668827060703855,24.077029690084515,23.606558773534957,23.931737899780273,35144300
2012-07-12,23.751862571229783,23.917909642992132,23.482031460892387,23.551219940185547,39301500
2012-07-13,24.256926781084683,25.045656976236632,24.118552460698055,24.955713272094727,83001000
2012-07-16,24.741228388807542,24.80349668955474,24.028604333021953,24.277677536010742,52368300
2012-07-17,24.519833082738817,24.547508472408502,23.710347729428772,24.208494186401367,43998300
2012-07-18,24.042444673248696,24.37454143403723,23.973258837810832,24.18773651123047,28944900
2012-07-19,24.22925208474612,24.333030848562473,23.738025740578173,23.84180450439453,34384700
2012-07-20,23.558133984554523,23.61348475980343,23.454355239868164,23.454355239868164,36301200
2012-07-23,22.997718662997514,23.869472136260462,22.900854819950645,23.827959060668945,41248300
2012-07-24,23.92483336140449,24.139311080868843,23.675760077523687,24.02861213684082,29920400
2012-07-25,24.201574647895566,24.526753886783613,24.07012050245617,24.33302879333496,32127700
2012-07-26,24.755063827918818,24.865762725914195,24.450642518249015,24.775821685791016,28900500
2012-07-27,24.914193598925774,25.737519136007535,24.568259209031236,25.523038864135742,63636200
2012-07-30,25.253219851541353,25.267057548994433,24.865772240667845,25.004146575927734,30698200
2012-07-31,24.983384055049097,25.135596043321126,24.845009760189996,24.907278060913086,19681600
2012-08-01,25.038732189430647,25.184026650631292,24.782741459466905,24.907278060913086,22180200
2012-08-02,24.644370337028786,24.796582344894766,24.049362640029585,24.33302879333496,36675000
2012-08-03,24.782751828146406,25.107931161224247,24.561353919450802,24.96955680847168,24516300
2012-08-06,25.073336727384046,25.460781724702493,24.98339300760465,25.11484718322754,18979200
2012-08-07,25.301650051089148,26.201079256374157,25.301650051089148,25.60607147216797,37225800
2012-08-08,25.4953680932458,25.931246242386457,25.426182258454773,25.709848403930664,18672400
2012-08-09,25.405428675491592,25.779035902453664,25.315484973042114,25.543800354003906,23406700
2012-08-10,25.433093772572356,25.59914343178698,25.184023242655112,25.578388214111328,15492700
2012-08-13,25.50920748344511,25.66141949722616,25.35699810893466,25.592233657836914,14453500
2012-08-14,25.889742415301342,26.04195447339232,25.58532093839075,25.668344497680664,18065100
2012-08-15,25.647581100463867,25.882816642936383,25.564557567611956,25.647581100463867,17521300
2012-08-16,25.723695296721516,25.84131178577628,25.4607842798202,25.668344497680664,15894100
2012-08-17,25.73752005651504,25.73752005651504,25.46077147899347,25.585308074951172,17079800
2012-08-20,25.543793492427945,25.945078642278055,25.460769979768223,25.855134963989258,17922100
2012-08-21,26.035034569363027,26.88603323248976,25.9866039442537,26.318700790405273,36880600
2012-08-22,26.20799188502623,26.415552005108033,25.986594071702957,26.173398971557617,16899400
2012-08-23,26.15955923318935,26.214907362558048,25.737518859764617,25.75827407836914,16429500
2012-08-24,25.557634927805523,25.903569360371073,25.370830017507693,25.716764450073242,20019300
2012-08-27,25.813624847007755,25.90356588714063,25.529958755909643,25.75827407836914,17618200
2012-08-28,25.6683309630805,25.93816200721896,25.529959316982794,25.689088821411133,18050500
2012-08-29,25.82054125906732,25.93816031771311,25.640656547295272,25.806703567504883,13681900
2012-08-30,25.640659538467737,25.689090144951148,25.398503866780587,25.52996063232422,13700700
2012-08-31,25.696008682250977,25.875896061351046,25.502286248700333,25.696008682250977,16771600
2012-09-04,25.5853162459699,25.765203670589433,25.446941913017387,25.60607147216797,13631400
2012-09-05,25.654505317151834,25.799797182393565,25.557641434386404,25.675260543823242,13537500
2012-09-06,26.000433677441734,26.892942523370206,25.94508290040445,26.76840591430664,41346800
2012-09-07,27.01056589294718,27.34958021867396,26.98289050003499,27.19045066833496,28082400
2012-09-10,27.14201460676579,27.522541945542212,26.796080182556278,26.816835403442383,20853500
2012-09-11,26.844506259706513,27.41875857381567,26.796075659633424,27.398000717163086,22378900
2012-09-12,27.59173109034154,27.847721831536386,27.529462786886548,27.619403839111328,29882200
2012-09-13,27.564051549802226,28.767904355482642,27.39108435951463,28.643367767333984,47018600
2012-09-14,29.030814742750955,29.120758427382963,28.525750826274415,28.760986328125,43471600
2012-09-17,28.366630853520714,28.671052283274612,28.332037929114517,28.498085021972656,19740100
2012-09-18,28.40120557203778,28.594930575217607,28.13137723965685,28.546497344970703,25186600
2012-09-19,28.594938704984198,28.892439860170516,28.39429612002155,28.601856231689453,22887200
2012-09-20,28.338948230211496,28.560346057067033,28.055282099598447,28.53959083557129,20997400
2012-09-21,28.73331303082524,28.850932109935314,28.207493856315622,28.283599853515625,28287400
2012-09-24,28.096793184757843,28.691800791865685,28.08295549165416,28.5257511138916,20499500
2012-09-25,28.747149519291117,28.747149519291117,28.041442992035062,28.055280685424805,21988200
2012-09-26,27.778531039331458,28.110627718687308,27.467189577663536,27.84079933166504,23782700
2012-09-27,27.9515087707178,28.359711587968228,27.820051971043608,28.145231246948242,20843400
2012-09-28,27.96533620994107,28.110630666803793,27.78545147948399,28.00684928894043,21380700
2012-10-01,28.28360456542475,28.71256259287675,28.228253780323485,28.34587287902832,21956400
2012-10-02,28.463485574458407,28.532674046685518,28.06220299262254,28.3112735748291,26946100
2012-10-03,28.457643353137975,28.57612846324279,28.17187951609316,28.478551864624023,22419100
2012-10-04,28.68764204038089,29.266135614492374,28.51339737233709,29.147647857666016,24326500
2012-10-05,29.300976622612144,29.57976642587551,28.89672781855161,29.070972442626953,22774400
2012-10-08,28.806142575304264,29.161600685935475,28.652806348603363,29.036144256591797,18631300
2012-10-09,29.112797957847985,29.238254325085336,28.785217147976848,28.84097671508789,19947500
2012-10-10,28.9594644334453,29.273105379983384,28.806130927508814,29.11280059814453,25797600
2012-10-11,29.53098661476281,29.719171181796128,29.168557373672282,29.342802047729492,27755000
2012-10-12,28.994324642907774,29.57281847527602,28.68068622742157,29.008264541625977,44564000
2012-10-15,29.210381076679063,29.55887047280206,29.084924681373735,29.537961959838867,26268000
2012-10-16,29.823720859328805,30.046753842953837,29.461291596247406,29.851600646972656,28588100
2012-10-17,29.92129965384613,30.34645714095562,29.809783153847174,30.1931209564209,26177500
2012-10-18,30.032817993440986,30.21403132000297,29.795845084082547,29.97705841064453,23630400
2012-10-19,29.8306851384525,29.844625030247084,29.314922435865302,29.496135711669922,29747500
2012-10-22,29.44735673609464,29.635541346714184,28.92462259285036,29.335840225219727,27993000
2012-10-23,28.903707956921156,29.091892527688426,28.61097551614003,28.80613136291504,22896400
2012-10-24,29.05006393854174,29.189460169554405,28.813091143448798,29.070972442626953,18918900
2012-10-25,29.44037678435402,29.46825390726899,28.854914662942473,29.0430965423584,17311700
2012-10-26,28.868856342442236,29.03613239951357,28.485518590992065,28.68764305114746,21892700
2012-10-31,28.88977642240855,29.126749358742757,28.68068328064626,29.050081253051758,19423500
2012-11-01,29.06401659675706,29.900391691531397,28.98037988490857,29.858572006225586,23325400
2012-11-02,29.997953061038206,30.018861563689082,29.503099000714357,29.565824508666992,17029200
2012-11-05,29.5031176794316,29.52402619531987,29.175536750443598,29.4612979888916,13252500
2012-11-06,29.670375974443377,30.00492535165289,29.558859515373538,29.88644027709961,17190900
2012-11-07,29.280070033901126,29.280070033901126,28.09520853209917,28.213693618774414,47631200
2012-11-08,28.77127534101036,28.92461148159626,28.157936096191406,28.157936096191406,27830900
2012-11-09,28.09521377585255,28.73643293609395,27.781572813228873,28.311275482177734,27553200
2012-11-12,28.47157958885508,28.513399269122093,28.088241825410623,28.283397674560547,12816000
2012-11-13,28.00461053433415,28.241583450773167,27.87915412805683,27.907033920288086,19793500
2012-11-14,28.02550389516327,28.13702034502574,27.27276852328206,27.38428497314453,30986600
2012-11-15,27.223989344747217,27.683995186574155,27.161261154554325,27.453990936279297,24858700
2012-11-16,27.481868368827023,27.649141755838592,27.063682242535553,27.551565170288086,32458000
2012-11-19,27.941872105354296,28.367029475615148,27.941872105354296,28.290361404418945,26781200
2012-11-20,28.109149745814157,28.701580524589517,28.053390178570005,28.36703109741211,19375900
2012-11-21,28.534306245392944,28.562186030738335,28.12308871721774,28.387941360473633,13030200
2012-11-23,28.645833136699032,28.729472523126233,28.555227789548347,28.638864517211914,8316700
2012-11-26,28.429758771092406,28.49248695373535,27.941873201509743,28.49248695373535,20376600
2012-11-27,28.485515045678458,28.71551926317982,28.32521028443314,28.401878356933594,19875000
2012-11-28,28.22067441157291,28.492495733868235,27.79551689361837,28.4576473236084,26106900
2012-11-29,28.680665759213728,28.820059329388677,28.51338975273709,28.729454040527344,18915000
2012-11-30,28.569155437673235,28.813096896581904,28.47157619534727,28.63188362121582,20066600
2012-12-03,28.764310344002684,28.83400714825859,28.401881112594136,28.443700790405273,18955500
2012-12-04,28.422781621560087,28.520358183557175,28.018535484891878,28.276416778564453,24031100
2012-12-05,28.360060259013544,28.91764530499469,28.22763527291242,28.71552085876465,25515600
2012-12-06,28.75037133965688,28.959464417647293,28.65279474717887,28.90370750427246,20541700
2012-12-07,29.16158661881473,29.670380710712053,29.084918542447834,29.66341209411621,34552900
2012-12-10,29.64947869358675,29.74008402298236,29.280078122830318,29.489173889160156,22394500
2012-12-11,29.691297454452577,30.03281825514878,29.565841050830567,29.71917724609375,21955000
2012-12-12,29.970088742326347,30.23494143380524,29.76099563169065,29.809783935546875,23110600
2012-12-13,29.726144251086968,29.914326170710847,29.621596376840024,29.816749572753906,18457000
2012-12-14,29.80977814346228,30.046750998475392,29.76795846595551,29.837657928466797,16208600
2012-12-17,29.97008274506601,30.32554069614031,29.83765775520747,30.30463218688965,23879800
2012-12-18,30.54857703586085,30.625242457840418,30.18614780065554,30.576454162597656,33858600
2012-12-19,30.660089715001895,30.938879559118398,30.262809467832696,30.3394775390625,34348500
2012-12-20,30.451006143510693,31.043439783528772,30.25585290898227,31.036468505859375,25014900
2012-12-21,30.541612079501977,30.80646477902271,30.207062560574162,30.667068481445312,38973500
2012-12-24,30.471917310667806,30.681010441722968,30.464946033000032,30.611310958862305,8621200
2012-12-26,30.632210613452607,30.792515375602278,30.471905851302935,30.639179229736328,11498900
2012-12-27,30.639183184573238,30.68100286396078,29.90038746006591,30.409181594848633,19567000
2012-12-28,30.03978227069717,30.450999828722377,30.032813653236307,30.137361526489258,15401200
2012-12-31,30.039779148514743,30.667061005310213,30.00493074730668,30.64615249633789,24209600
2013-01-02,31.565465548875398,31.579501203987135,31.03212403976682,31.340900421142578,31413000
2013-01-03,31.39704411989761,31.40406060918071,31.018089449948253,31.277742385864258,24227700
2013-01-04,31.193528600089145,31.88125960625621,31.186509434347595,31.832136154174805,24487700
2013-01-07,31.642656729974362,31.92336444636424,31.59353328116021,31.86722183227539,24456900
2013-01-08,31.860209988785144,31.93038558959961,31.551430920335328,31.93038558959961,19624200
2013-01-09,31.972495206867915,32.42162551418017,31.67775176955187,31.90933609008789,25920600
2013-01-10,32.20407479568468,32.39355213393568,31.951438344683353,32.38653564453125,23413600
2013-01-11,32.2602213426814,32.38653958354552,31.90933793517615,32.379520416259766,19723900
2013-01-14,32.20406467445511,32.40757760458168,31.916340512803572,32.19704818725586,19079500
2013-01-15,31.923376351364425,32.61110756826135,31.82512674006928,32.526893615722656,29898000
2013-01-16,32.21811979793111,32.86374676856595,31.97951893354864,32.856727600097656,43453600
2013-01-17,32.56197729433786,32.891805836568075,32.48478252582836,32.59004592895508,41086800
2013-01-18,32.54795168070389,32.70233858832907,32.40759775620318,32.60409164428711,28679100
2013-01-22,32.456719498118964,32.66724903513353,32.37250821871879,32.66023254394531,24257300
2013-01-23,32.442691802978516,32.590062247363434,32.22514304434199,32.442691802978516,19105100
2013-01-24,32.44968490846673,32.84267244450179,32.33740237288145,32.54091262817383,20008200
2013-01-25,32.80059223110098,33.095333099365234,32.70936176743542,33.095333099365234,26009100
2013-01-28,32.870761629937086,32.983044226606104,32.61812511817473,32.73040771484375,19706800
2013-01-29,32.47777260035968,33.09532824712226,32.45672044914985,33.067256927490234,19907400
2013-01-30,33.01111303262803,33.22865904128891,32.95497040005228,33.07427215576172,18631300
2013-01-31,32.99004850398008,33.13742153263255,32.89882076841816,33.01811981201172,19536000
2013-02-01,33.26374733483924,33.68480634331958,33.13040992976575,33.57954025268555,24520000
2013-02-04,33.36197347460937,33.55145071349394,33.24969096382884,33.46022033691406,20822600
2013-02-05,33.642693496304,34.24621326621431,33.635677007433436,34.23919677734375,28067500
2013-02-06,33.97954711640087,34.267274073885105,33.90937150732485,34.112884521484375,28282600
2013-02-07,34.14095391069623,34.21112951581502,33.61462884122216,33.84621047973633,21429600
2013-02-08,33.91637413236142,34.16900780803442,33.86724801753509,34.12690353393555,15218300
2013-02-11,34.04270981990494,34.31640114898669,33.95148205390586,34.14797592163086,13935900
2013-02-12,34.24622049222449,34.604123071771866,34.10586659195155,34.48482131958008,16388000
2013-02-13,34.63218109195321,34.70235935908696,34.0356805449657,34.1619987487793,21635600
2013-02-14,33.965506163997404,34.59007804007254,33.944451344594164,34.54095458984375,18017800
2013-02-15,34.63217754270759,34.7093722901299,34.08480050029754,34.30234909057617,20016200
2013-02-19,34.470785354998384,34.86377573685868,34.470785354998384,34.702369689941406,20445900
2013-02-20,34.632190453513914,34.76552785859741,33.93744282176642,34.112884521484375,24786700
2013-02-21,33.972519666095835,34.00059097148104,33.56549644611843,33.86023712158203,24437700
2013-02-22,34.12693517429019,34.323429107666016,33.97254555404971,34.323429107666016,23584100
2013-02-25,34.45672979446432,34.52690804195365,33.43917063762011,33.47425842285156,32775500
2013-02-26,33.83918812415054,33.867256755115825,32.87776590310986,33.404090881347656,39401400
2013-02-27,33.57953094524431,34.66727132354075,33.51637184377566,34.58305740356445,31921200
2013-02-28,34.49885811312392,34.77254675530146,34.21113381275419,34.3304328918457,24711500
2013-03-01,34.105880340693446,34.681329154461864,33.94447422727343,34.323429107666016,25923400
2013-03-04,34.197107352669065,34.48483173042896,33.91640214440727,34.45676040649414,17695200
2013-03-05,34.730438232421875,35.16553287533356,34.6041200010882,34.730438232421875,25561100
2013-03-06,35.004138260448634,35.22168431435908,34.82167734365365,35.10940170288086,19607900
2013-03-07,35.123411627971,35.69184343790109,35.09534032641297,35.53043746948242,24245400
2013-03-08,35.50237201437422,35.68483015049487,34.814641075108526,35.22868347167969,32711900
2013-03-11,35.249748260883976,35.6287029992168,35.02518308491521,35.42518997192383,19473000
2013-03-12,35.33395928000741,35.558524454370726,35.12342976367031,35.28483581542969,18003400
2013-03-13,35.29184534293585,35.390092245255005,35.16552713223199,35.20061492919922,16680200
2013-03-14,35.26378261341768,35.79010772705078,35.22167564059697,35.79010772705078,26378700
2013-03-15,35.067291037433776,35.291856219666386,34.4918424233342,35.102378845214844,60880800
2013-03-18,34.51990355557313,34.849734766441756,34.351481044043126,34.744468688964844,28011400
2013-03-19,34.84272355120174,35.081324376174756,34.16200888174355,34.52692794799805,24411500
2013-03-20,34.78657881775426,34.83570227783521,34.414643283704834,34.47078323364258,19385300
2013-03-21,34.239198992706925,34.54797538651126,33.930419921875,33.930419921875,23535900
2013-03-22,34.12692574767544,34.386578756061446,33.92341270030583,34.2321891784668,22791500
2013-03-25,34.41463977110661,34.61113359137488,33.79708432265665,34.049720764160156,23581400
2013-03-26,34.20410083403572,34.36550680989782,33.909357508137305,34.1339225769043,16417500
2013-03-27,33.82515928215015,33.902354056162196,33.37602897192862,33.523399353027344,26530100
2013-03-28,33.57251926536564,33.63567837587997,33.17952894694009,33.30584716796875,27506700
2013-04-01,33.36899808785823,33.67777707548216,33.326893809201785,33.565494537353516,17442200
2013-04-02,33.69183210023772,33.951487814678295,33.600604318759416,33.881309509277344,17273700
2013-04-03,33.91660227821148,33.944849106801655,32.857370449972365,33.08333969116211,33467400
2013-04-04,33.16102214858068,33.570593143912774,33.11865459304029,33.53528594970703,21514000
2013-04-05,33.040967358950454,33.923660421368886,33.01272053444936,33.83185958862305,22961500
2013-04-08,33.81068390384686,34.31205303671247,33.60589841788222,34.30499267578125,18672300
2013-04-09,34.417965324908444,34.57331745520648,34.22024026871025,34.37559509277344,20066700
2013-04-10,34.559209212085506,34.99702705500434,34.516841655121084,34.77811813354492,20388900
2013-04-11,34.7498708923508,35.02527078445637,34.48153405550073,34.82048797607422,22584700
2013-04-12,34.53094498277376,35.01113010329708,34.213175021579694,34.608619689941406,37805900
2013-04-15,34.17081968751809,34.84166707712052,33.82480545190478,33.84598922729492,31527300
2013-04-16,34.19907338098326,34.262627413674934,33.605903307116456,34.2414436340332,23865500
2013-04-17,33.97311318885353,34.022543817107085,32.75146551644811,33.04098892211914,43466300
2013-04-18,33.048047078876515,33.422310988359115,32.518430931158086,32.935062408447266,26106800
2013-04-19,33.29519359775982,33.44348543119766,32.9774234591314,33.3516845703125,19746100
2013-04-22,33.47171505205971,33.53526904710376,33.09745143957145,33.436405181884766,15230100
2013-04-23,33.6694543233531,34.06490190175821,33.464668825941544,34.01546859741211,20568500
2013-04-24,34.12138387439282,34.545075480122044,34.008399266613985,34.403846740722656,16459300
2013-04-25,34.61569354249514,35.04644821388398,34.523892704224004,34.60157012939453,19058800
2013-04-26,34.50270321887646,34.665118401994086,34.326164624996636,34.51682662963867,13929000
2013-04-29,34.65807324263014,34.67219396581975,34.35442651249277,34.54508590698242,13496300
2013-04-30,34.57331251508979,34.77809790049983,34.403836998296136,34.608619689941406,13802600
2013-05-01,34.43210090211568,34.538025181285576,33.78950025310856,33.90248489379883,17686400
2013-05-02,34.071960734484705,34.071960734484705,33.690636589605255,33.9519157409668,15529300
2013-05-03,34.340294930205204,34.38972553091445,33.17513889916574,33.59177017211914,43257900
2013-05-06,33.69064362561486,34.17082908750146,33.5917823882441,34.02253723144531,20829500
2013-05-07,34.29793528413087,34.87698195167872,34.079026346392915,34.700443267822266,24291600
2013-05-08,34.75693081562084,35.30067018934583,34.67925337740783,35.13825225830078,23559300
2013-05-09,35.09587983345732,35.17355726088674,34.54507748157856,34.629817962646484,18103100
2013-05-10,34.636880128070885,34.763988162532975,34.347356870410756,34.573326110839844,16199600
2013-05-13,34.48859245599143,35.095885872651,34.32617721331185,35.07469940185547,23979500
2013-05-14,35.14532326057955,35.60432224526918,35.0676458048008,35.47015380859375,24188400
2013-05-15,35.44894995141733,36.31751950421287,35.41364277163185,36.07742691040039,27467000
2013-05-16,35.92208159740122,36.47994434451064,35.90089782267443,35.992698669433594,21389500
2013-05-17,36.1974758629202,36.95306360145654,36.19041550368848,36.93187713623047,26080300
2013-05-20,36.91776070665325,37.16491642675808,36.65648426541415,36.92482376098633,22020000
2013-05-21,37.0942945460766,37.89931023472407,37.03780358756103,37.440311431884766,37112600
2013-05-22,37.72983940712974,38.81025505201574,37.63097819697886,37.871070861816406,46968300
2013-05-23,37.29908639078519,37.98405722643854,37.186101760614484,37.67334747314453,25294200
2013-05-24,37.35558511256482,37.89226150512695,37.22847704968523,37.89226150512695,18342300
2013-05-28,38.527789955788094,38.591343967657906,38.15352624421448,38.556034088134766,27162300
2013-05-29,38.19589672910238,38.81025038528573,38.06878870454506,38.605464935302734,20482600
2013-05-30,38.556028356155394,39.47403121196902,38.506597764690376,39.27630615234375,24890800
2013-05-31,39.33986923800919,39.42460972331383,38.54897689819336,38.54897689819336,24990100
2013-06-03,38.55603395330082,38.73963562862292,37.4544346764306,38.47835922241211,28279600
2013-06-04,38.513676087491795,39.113906475420556,38.0405510610373,38.16059875488281,22022600
2013-06-05,37.97701152572597,38.32302862898263,37.21436559701769,37.44739532470703,24326000
2013-06-06,37.31320825531653,37.793393587024184,36.91070035870364,37.77927017211914,23940900
2013-06-07,37.96993597949479,38.47130513615126,37.71571987365033,38.32301330566406,21691000
2013-06-10,38.58427709369413,38.725508516505386,38.146462107368045,38.38655471801758,16007000
2013-06-11,37.75101888604359,38.16765014838088,37.50386588879505,37.7722053527832,17600800
2013-06-12,38.06172721868387,38.202955958443894,37.405003342490694,37.55329513549805,18479100
2013-06-13,37.426199724795325,38.301832752670414,37.40501594544693,38.25239944458008,17090200
2013-06-14,38.16059837286396,38.224152399847995,37.36264285490129,37.51799774169922,17185300
2013-06-17,37.92049902937976,38.31594384456429,37.80751441164622,38.02642059326172,16856600
2013-06-18,38.15353212641923,38.32301041545606,37.93462592471393,38.210025787353516,13259100
2013-06-19,38.12528107184314,38.492479026223435,37.793387608491706,37.814571380615234,20840000
2013-06-20,37.48268482497826,37.553299202505784,36.91069866944833,37.058990478515625,31857100
2013-06-21,37.39793445401247,37.41205786453789,36.5011180888865,36.69178009033203,44412200
2013-06-24,35.92913426057245,36.33164202656891,35.38539508512203,35.95737838745117,30736500
2013-06-25,36.374016864237504,37.11548123924552,36.374016864237504,36.776527404785156,20951400
2013-06-26,37.17903674383581,37.28495830611293,36.63529743742963,37.07311248779297,19332000
2013-06-27,37.44737925566407,37.77221243349635,37.34145767717266,37.53211975097656,17093600
2013-06-28,37.51094182064207,37.518004877075946,37.129620279982284,37.27791213989258,18256000
2013-07-01,37.581543953148085,37.87106719502859,37.023681242720926,37.0660514831543,23511100
2013-07-02,37.3932622341751,38.076113626958886,37.073174795867,37.556861877441406,23935300
2013-07-03,37.208308058725564,37.56396000942235,37.13717604054077,37.53550720214844,10442300
2013-07-05,37.955194074008986,38.41042834618854,37.77736801685071,38.403316497802734,17070200
2013-07-08,38.79452428305833,39.05770602685663,38.44598409796627,38.90833282470703,21786900
2013-07-09,39.171526350566914,39.2426556929631,38.545577826520656,39.04349136352539,20508700
2013-07-10,38.958114246950764,39.228410483975864,38.72338266162157,39.00079345703125,16915000
2013-07-11,39.719226963341306,39.740565221225616,38.8016438865731,39.2213134765625,21322600
2013-07-12,39.484485876101466,39.726329357071656,38.94389600220846,39.10038375854492,32569200
2013-07-15,39.47027555813395,39.477387407009374,38.837212471801784,39.04349136352539,28292000
2013-07-16,39.05059260616738,39.413356470110706,38.96523416831402,39.12883377075195,19222700
2013-07-17,39.15729775235464,39.53429084354759,39.0079245136193,39.313785552978516,19166600
2013-07-18,39.48448477647945,40.210015199184376,39.470261083944585,40.09620666503906,24563100
2013-07-19,40.19578989151362,40.23135726405105,39.76900855516008,39.946834564208984,17762600
2013-07-22,39.95394671894216,40.30959873978406,39.79746167489024,40.23135757446289,15999700
2013-07-23,40.34517965892391,40.46610008417389,40.16735358879595,40.30961227416992,10577100
2013-07-24,40.48741543622326,40.49452999451279,40.10331340426656,40.2811393737793,16665000
2013-07-25,40.15312170435389,40.18868637084961,39.75479038473553,40.18868637084961,13870200
2013-07-26,39.87570205319815,39.98951058134068,39.5485001605552,39.868587493896484,16762300
2013-07-29,39.81880095386595,39.83302736067536,39.39201960322258,39.61252212524414,10049100
2013-07-30,39.74055890450779,39.82591734929782,39.178630733393916,39.3564567565918,14207400
2013-07-31,39.5342743596052,40.02507310227134,39.484480587378094,39.640968322753906,19404900
2013-08-01,40.089097619325415,40.3878440247982,39.97528907722964,40.217132568359375,15979400
2013-08-02,40.025087981596336,40.202914033026886,39.840147368598856,40.181575775146484,11007300
2013-08-05,40.06775038823495,40.24557636500487,39.84013064163311,39.90414810180664,9370200
2013-08-06,39.8259164733882,39.90415764261026,39.34222948385513,39.47026443481445,10588600
2013-08-07,39.16440207245268,39.45603662518049,38.96523509281225,39.335113525390625,12828400
2013-08-08,39.420460145815575,39.6409653277846,38.502880193061536,39.00079345703125,18587100
2013-08-09,38.901212882642206,39.22841476884782,38.64514573441636,38.78029251098633,12652500
2013-08-12,38.43887305238089,38.63803732606472,38.18280314998185,38.47443771362305,15133000
2013-08-13,38.56691576969728,38.90834147051142,38.12590519857837,38.61670684814453,15078100
2013-08-14,38.64515915129431,39.015034953837606,38.41042745883121,38.51712417602539,15785800
2013-08-15,38.06899895363536,38.18280751065359,37.62087657325916,37.905399322509766,16933200
2013-08-16,37.74891153908093,38.25393684126123,37.74891153908093,37.905399322509766,17139000
2013-08-19,37.62087050470715,37.66354972423324,36.845548987145435,36.86688995361328,22793300
2013-08-20,36.831318621028494,37.24387622519932,36.034658936054676,37.07316207885742,18701500
2013-08-21,36.93090072235279,37.14429408351622,36.475666616901485,36.72462463378906,17136200
2013-08-22,36.9878223404633,37.45728305394046,36.938031258231675,37.1371955871582,14658500
2013-08-23,37.17986273913137,37.28655671778216,36.91668100236792,37.21542739868164,11126800
2013-08-26,37.10162427942745,37.3719206156283,36.83844250422161,36.84555435180664,16548400
2013-08-27,36.29074598435549,36.66773639789741,35.956432092551545,35.99199676513672,23596800
2013-08-28,35.79994189331825,36.31207907513026,35.65768050982206,35.97776794433594,18748100
2013-08-29,35.98487790316891,36.40454747007323,35.885295753972976,36.0631217956543,13576000
2013-08-30,36.14847473592483,36.15558929655064,35.771484425052485,35.942195892333984,15863100
2013-09-03,36.45433996599227,36.78865380567896,36.15559350675663,36.36898422241211,15277200
2013-09-04,36.39031474630104,37.058939570168405,36.226715141952944,36.89533996582031,19923800
2013-09-05,37.0091496701588,37.3576898562528,36.92379394202932,37.06605529785156,13913200
2013-09-06,37.27944983913127,37.49284053827909,36.47567540181753,37.386146545410156,22339900
2013-09-09,37.54263507161232,37.83426968712593,37.35769717221279,37.59954071044922,19936400
2013-09-10,38.28949330585837,38.36062261619116,37.91250036354866,38.175682067871094,20233200
2013-09-11,37.962292333200736,38.23970044891945,37.74178983783936,37.88404846191406,16028600
2013-09-12,38.004974374763314,38.20413863400649,37.04471502380142,37.15852355957031,21976700
2013-09-13,37.194083877336475,37.5568476948214,37.15140466387563,37.407474517822266,11942900
2013-09-16,38.01919983025091,38.04765264183406,37.684886077672566,37.7986946105957,17055300
2013-09-17,37.83425568209715,37.926725954272484,37.61375319675262,37.763126373291016,13207000
2013-09-18,37.478617099266444,38.317956267369645,37.38614950746927,37.99075698852539,20844500
2013-09-19,38.14722653400424,38.232582236918226,37.36479066483129,37.521278381347656,22452200
2013-09-20,37.66355859468085,38.03343711079129,37.556861877441406,37.556861877441406,30792200
2013-09-23,37.04471683172404,37.258107507528784,36.55391529262249,36.60370635986328,28189500
2013-09-24,36.28361106592456,36.468551601068896,35.778585943677236,35.79281234741211,34906900
2013-09-25,35.72168456200986,36.91667539249254,35.60787604069766,36.7744140625,39175500
2013-09-26,36.93801396615637,37.38613620986863,36.66060586261375,36.90956115722656,22298700
2013-09-27,36.632157385758255,37.2723320953392,36.553913508652855,37.15852355957031,23026000
2013-09-30,36.79576009619348,37.05183000166804,36.589481259737894,36.76730728149414,21350600
2013-10-01,36.73172976015307,37.05181702993465,36.59658300776032,36.959346771240234,19188000
2013-10-02,36.773070332868414,37.58276653320196,36.751574868574885,37.32481002807617,23841200
2013-10-03,37.26030932245496,37.4036187511444,36.90203711743135,37.217315673828125,18614500
2013-10-04,37.310461476319695,37.74755393659324,37.267467834302764,37.740386962890625,17407200
2013-10-07,37.4681061565693,37.51826404432375,37.13849639892578,37.13849639892578,16159300
2013-10-08,37.13850355626956,37.231652375251,36.42912328311622,36.450618743896484,19536000
2013-10-09,36.66556363147936,36.78737756096485,36.006344311343035,36.36461639404297,24721200
2013-10-10,37.145665043675926,37.661577931340936,36.81605524695671,37.63291549682617,24328700
2013-10-11,37.948185533471914,38.22763737358078,37.37495063922301,37.62574005126953,32498800
2013-10-14,37.2173073826185,37.86219830135327,37.08832919887154,37.769046783447266,18881600
2013-10-15,37.91237423956387,38.005525801842104,37.38929701560262,37.48244857788086,17566500
2013-10-16,37.69740124532513,38.72922419522042,37.67590578805646,38.693397521972656,24864000
2013-10-17,38.54293229841328,38.90120457618235,38.41395405974436,38.84387969970703,17791000
2013-10-18,38.87970471996914,39.109001482674934,38.550094894517756,38.90836715698242,24796600
2013-10-21,38.886863708496094,39.30245802622311,38.61457607959916,38.886863708496094,19471700
2013-10-22,39.159154691558015,39.18065015004374,38.421112060546875,38.421112060546875,24820900
2013-10-23,38.19896848540631,38.23479514516188,37.776207340133084,37.79770278930664,21034400
2013-10-24,37.86220445630277,37.898031127967776,37.339127396474154,37.604248046875,17759000
2013-10-25,37.37495355586371,37.91236182367237,37.31046445439068,37.81204605102539,20889600
2013-10-28,37.898039919082464,38.04134937238546,37.618587988511884,37.74756622314453,14836800
2013-10-29,37.85504995502947,37.96969697389484,37.439452803267166,37.78339385986328,23363100
2013-10-30,37.97685399731695,38.14882585962345,37.618581789795094,37.69023513793945,16157200
2013-10-31,37.72606310239534,37.76905401627755,36.93069839477539,36.93069839477539,23738000
2013-11-01,36.866204841414586,37.769049458181655,36.7587221028806,37.62574005126953,25794400
2013-11-04,37.79055257011538,37.804881052614,37.26030851546851,37.288970947265625,18891300
2013-11-05,37.15282359997184,37.353457877471214,37.016681156961376,37.22447967529297,14532200
2013-11-06,37.4466019286363,37.503926781626824,37.13849041071026,37.33195495605469,14013000
2013-11-07,37.35345863802275,37.50393229916123,36.95935978263157,37.009517669677734,17348900
2013-11-08,37.138496333342914,38.67190086118523,37.116998143343345,38.66473388671875,31183100
2013-11-11,38.62891033694128,38.80088220383889,38.47843666178093,38.765052795410156,12062800
2013-11-12,38.64322783558105,38.750710555911525,38.40676694421367,38.67189025878906,15964800
2013-11-13,38.349463404077376,38.836713900995434,38.084342694501515,38.79372024536133,22121900
2013-11-14,38.87970009810166,39.051671966337544,38.478436961218115,38.980018615722656,17634000
2013-11-15,38.88686597606404,39.3812806415178,38.82954111046938,39.31679153442383,20530100
2013-11-18,39.76104565158264,40.126482053300776,39.62490048095459,39.940181732177734,22318800
2013-11-19,40.10498482170847,40.585068184404285,39.9688396571115,40.23396301269531,22979900
2013-11-20,40.43459247716183,40.441756717007024,39.96167337879617,40.1981315612793,17682800
2013-11-21,40.3271141502323,41.1296457705173,40.3271141502323,41.000667572021484,22843600
2013-11-22,41.02217188258699,41.21563922209369,40.886029414075,41.172645568847656,16730600
2013-11-25,41.20130173480384,41.65988969937768,41.13681263144815,41.30878448486328,18649600
2013-11-26,41.29445241978427,41.53091063829078,40.964839935302734,40.964839935302734,16263300
2013-11-27,41.25862583359368,41.43776192477796,41.079489742409415,41.18696975708008,11238900
2013-11-29,41.258623969013115,41.452088533357134,40.986336357366426,41.000667572021484,7128800
2013-12-02,40.91468176222688,41.38043668844374,40.77137507729843,40.828697204589844,12465300
2013-12-03,40.764194118118496,41.000654987247906,40.22678603380497,40.742698669433594,20426800
2013-12-04,40.44175594324718,41.17979836955423,40.276951095966794,40.979164123535156,20287200
2013-12-05,40.63523696982896,40.656735163028465,39.94735492225111,39.99751281738281,21324900
2013-12-06,40.53490040765019,40.67104280561354,39.85418295103572,40.169464111328125,18661200
2013-12-09,40.32712699435949,40.50626313450273,40.190984511874824,40.4919319152832,12714000
2013-12-10,40.47759335235857,40.89318767265825,40.37727484279667,40.62806701660156,14543700
2013-12-11,40.513423953250694,40.67822884912601,40.09782685925193,40.1766471862793,17836100
2013-12-12,40.1623106754329,40.55640952522327,40.06199490276624,40.34861373901367,15325300
2013-12-13,40.391600418732374,40.52774558171417,40.15514222699479,40.248291015625,11461300
2013-12-16,40.3701108843078,40.80003642326915,40.362946643131735,40.427433013916016,26379200
2013-12-17,40.59940058338893,40.59940058338893,39.882856271833596,39.92584991455078,18338500
2013-12-18,40.01183249484858,41.03649102855068,39.69655399732466,41.01499557495117,27685900
2013-12-19,40.9146762394396,41.2299574638841,40.71404472090178,41.00782775878906,16790000
2013-12-20,40.99350416547701,41.55957489331575,40.98633992422586,41.34461212158203,22001700
2013-12-23,41.53807719050792,41.83902450798515,41.41626322862442,41.731544494628906,13990600
2013-12-24,41.60972649117686,41.767367108867404,41.58823103727343,41.738704681396484,4532600
2013-12-26,41.81036851868324,41.88918884732676,41.502254179476886,41.70288848876953,6677000
2013-12-27,41.681388494262166,41.81036671130332,41.602570902425995,41.65989303588867,8943700
2013-12-30,41.659888935778504,41.75304046856262,41.35177464021552,41.523746490478516,8815800
2013-12-31,41.70287951464515,41.95366893054282,41.595396774460646,41.90351104736328,11017400
2014-01-02,42.05498150280256,42.19201440528272,41.80976284748997,41.98285675048828,15627600
2014-01-03,42.04054132633858,42.51655351410155,41.982841545384524,42.307395935058594,14214100
2014-01-06,42.66802058448759,42.891603157356364,42.43001581452317,42.5526237487793,17550700
2014-01-07,42.76177431401337,42.86274618467965,41.910721759430274,42.06217956542969,17851200
2014-01-08,42.220861331710246,42.48771601827798,42.04776468962877,42.458866119384766,14687400
2014-01-09,42.53820355892933,42.55262850891621,42.06940506510631,42.37953186035156,13242500
2014-01-10,42.31461440685687,42.3795252961047,41.96121281639004,42.18479537963867,12694900
2014-01-13,42.19921598183535,42.314612808218776,41.49241007632722,41.615020751953125,20711600
2014-01-14,42.04775883048717,42.24970534332164,41.5140495317214,41.64387130737305,30272400
2014-01-15,41.63665338082121,43.02141793507913,41.63665338082121,42.90602111816406,35186600
2014-01-16,42.40115582872318,43.14402260988063,42.365094842009334,42.54540252685547,21689400
2014-01-17,42.7040813519419,42.718506300238175,41.85302866140475,41.910728454589844,20997900
2014-01-21,41.89629771704165,42.148727399151646,41.52847121578462,41.95399475097656,19548300
2014-01-22,42.0694024184433,42.0694024184433,41.41307961608133,41.53569030761719,15433500
2014-01-23,41.17507146792388,41.182282566235116,40.54038751671265,40.727909088134766,26234600
2014-01-24,40.388924900043364,40.64856842889085,39.73260498046875,39.73260498046875,26833100
2014-01-27,39.725393883012835,40.24467818943064,39.44411155924329,39.73260498046875,23935000
2014-01-28,39.948987312728775,40.634157358656665,39.840804306284234,40.201419830322266,18041000
2014-01-29,39.63884071588081,40.295160577669805,39.559504894465064,40.04994201660156,25459000
2014-01-30,40.43941721840487,40.67021089129931,40.12207660599441,40.38893127441406,17031100
2014-01-31,40.02830951857915,40.4682607480868,39.79751588199762,39.927337646484375,18174000
2014-02-03,40.02831536412658,40.33123102464727,39.09071573468183,39.17005157470703,28549900
2014-02-04,39.46575100156613,39.92012443322565,39.379201323012424,39.63163375854492,20709300
2014-02-05,39.73981700178601,39.99224943904607,39.36477939726216,39.81915283203125,19491600
2014-02-06,39.92011974258868,40.7855971674912,39.81193678402392,40.735111236572266,20881600
2014-02-07,40.85773651776607,41.05968031373546,40.57645412173715,40.836097717285156,23388500
2014-02-10,40.944270166931396,41.05245312908606,40.67020171050769,40.92263412475586,14715200
2014-02-11,40.82888276712324,41.5212637890961,40.807246719960844,41.420291900634766,18774100
2014-02-12,41.35538100378984,41.622235673450994,41.225559218273034,41.48520278930664,13437900
2014-02-13,41.1606426034023,41.90350946625992,41.081306773140376,41.853023529052734,16605500
2014-02-14,41.75204983520827,41.997268412933224,41.651077965193956,41.939571380615234,13067300
2014-02-18,41.84581598564695,42.300192210381766,41.759269050408996,42.18479537963867,14983800
2014-02-19,42.09104331357898,42.22086511896579,41.268840380314536,41.29768753051758,18669900
2014-02-20,41.49242059168517,41.809764008121434,41.30490173301851,41.52848434448242,12457000
2014-02-21,41.53568110270139,41.715988799318204,41.37700944926991,41.550106048583984,16790100
2014-02-24,41.5573190034347,41.997270243049215,41.52847186165719,41.853023529052734,16151400
2014-02-25,41.759270661219496,41.8169677031779,41.052461950466665,41.131797790527344,17991800
2014-02-26,41.37701389730456,41.3842277466599,40.54760005447136,40.92985153198242,23661700
2014-02-27,40.95148085396045,41.030816676179214,40.48989361698977,40.88656997680664,16277500
2014-02-28,40.80003132735036,41.43471528246604,40.67020954672949,40.98033905029297,18599000
2014-03-03,40.605297087753975,40.691844021065236,40.165345820565825,40.54038619995117,19151000
2014-03-04,41.07410767223432,41.36981228422027,40.85052506267302,41.29768753051758,17157000
2014-03-05,41.45635909880954,42.040557221097394,41.36981214593364,41.94679641723633,17761500
2014-03-06,42.19920933883097,42.61752448816801,42.11987626859384,42.480491638183594,19420600
2014-03-07,42.80504267731358,43.12959705570747,42.603098953547104,42.84110641479492,18602200
2014-03-10,42.65359024213994,42.89880883091942,42.45885759064354,42.69686508178711,16945200
2014-03-11,42.85553554641442,42.87717434266185,41.92514984609496,41.968421936035156,19420000
2014-03-12,41.61502795522073,41.80254679882297,41.4130814106362,41.77369689941406,17932100
2014-03-13,41.83139356436236,42.07661218841145,41.24719552584838,41.41307830810547,17192500
2014-03-14,41.189494419933695,41.492410057322424,40.836090091702815,40.965911865234375,18635800
2014-03-17,41.26162688042864,41.6150312983841,41.146230024800374,41.52848434448242,13581400
2014-03-18,41.70156769139579,41.946786291414185,41.55732097057132,41.874664306640625,12554800
2014-03-19,41.82417640200842,42.5021323813703,41.75205166934616,42.04775619506836,21450700
2014-03-20,42.091026145082424,43.627248381365085,41.925143406145146,43.353179931640625,33736500
2014-03-21,43.96623068749064,44.13932729705972,43.273849751768886,43.39645767211914,35144100
2014-03-24,43.54070065671525,44.132109665869336,43.52627571121429,44.045562744140625,25810500
2014-03-25,44.074420934288156,44.3412755981116,43.677744487787876,43.94459915161133,24053500
2014-03-26,44.16817046542727,44.283567270477086,43.194507343497406,43.20172119140625,22745200
2014-03-27,43.230573322671866,43.67052455251603,42.56704230481175,43.216148376464844,24632600
2014-03-28,43.425300313203785,43.699368752884226,43.04304891797774,43.30269241333008,14708700
2014-03-31,43.872472684620924,44.009505551783356,43.70658717269104,43.78592300415039,15216700
2014-04-01,43.959011284224005,44.204229829870634,43.54069616171285,43.75706481933594,14584400
2014-04-02,43.81513026071132,44.10544199287885,43.69174957414173,43.89496612548828,14012200
2014-04-03,44.018355329067624,44.12722016638379,43.74981597272763,44.025611877441406,11925200
2014-04-04,44.28689583268377,44.31592756598239,43.40144734740517,43.40870666503906,16966900
2014-04-07,43.32161243597141,43.54660422115003,42.70470331695253,42.82082748413086,18685700
2014-04-08,42.675675367219384,42.83534714948024,42.276498680186016,42.71196365356445,16956500
2014-04-09,42.89340499497399,43.14742851969587,42.4579400506202,43.016788482666016,15308400
2014-04-10,43.07484246338574,43.10387419344523,41.64506436568315,41.65958023071289,29977200
2014-04-11,40.0483522260301,40.679777080464596,39.591112201761966,40.13544464111328,47241300
2014-04-14,40.53463571268292,40.59995573952099,39.54032220958685,39.888694763183594,31081500
2014-04-15,39.9830475185918,40.38222423976936,39.44597142144124,39.7725715637207,26691400
2014-04-16,39.91771409195188,40.171734801453425,39.69272234309473,40.106414794921875,27049400
2014-04-17,40.164488834936485,40.33141716924657,39.924981158348864,40.077396392822266,17955400
2014-04-21,40.10642341287116,40.2152910366896,39.91046611978786,39.93949508666992,12384800
2014-04-22,39.94674404156688,40.701552357055945,39.87416472164411,40.505592346191406,16257600
2014-04-23,40.49833489748701,40.730583194714185,40.32415005887568,40.679779052734375,11379000
2014-04-24,40.69429871636274,40.832195290521405,40.360442104009095,40.78139114379883,15360600
2014-04-25,40.86849411322892,40.897523082150165,40.382222199598026,40.4257698059082,15937700
2014-04-28,40.374961879945104,40.425766031587585,39.68547340514471,40.273353576660156,21394100
2014-04-29,40.447535476622384,40.868487294867265,40.33141131445456,40.71607208251953,13453400
2014-04-30,40.817689883696296,40.89752300886024,40.44028560220773,40.62898635864258,14388100
2014-05-01,40.58543787607241,40.78139794695746,40.28061294488598,40.440284729003906,12744600
2014-05-02,40.520112991532514,40.91203029088972,40.23705776336024,40.33866882324219,15153800
2014-05-05,39.10484032997829,39.7290085906464,38.974200332693435,39.35160446166992,25232300
2014-05-06,39.22097300891454,39.235488874954974,38.698412905932216,38.712928771972656,25327400
2014-05-07,38.86534873668959,39.2790413087675,38.640359691051465,39.22823715209961,18502600
2014-05-08,39.33708860361609,39.57659341958918,39.23548033207491,39.45321273803711,16090800
2014-05-09,39.35161106329641,39.41693107289692,38.95969100569335,39.199195861816406,12366500
2014-05-12,39.38789280174971,39.69997693261617,39.2137052155335,39.66368865966797,12825500
2014-05-13,39.72900572396248,39.79432571789168,39.5548181506121,39.641910552978516,12310700
2014-05-14,39.656429281119465,39.699976869759006,39.40966514939757,39.45321273803711,10325800
2014-05-15,39.33709905254653,39.33709905254653,38.72018717506548,38.83631134033203,19763000
2014-05-16,38.77098758640195,38.836307596105506,38.4443903065024,38.69115447998047,19992400
2014-05-19,38.52421773784591,39.126610789863975,38.509701875691334,39.06855010986328,12068900
2014-05-20,38.98871994018555,39.22096823130506,38.76372819689314,38.98871994018555,16888200
2014-05-21,39.22822189458613,39.627398442556746,39.177417757678114,39.27902603149414,13210200
2014-05-22,39.315314365413535,39.627398503250944,39.20644954413725,39.59111022949219,11800900
2014-05-23,39.59111116996837,39.620142897112146,39.30805875186126,39.576595306396484,10876500
2014-05-27,39.73626900949316,40.22979732096352,39.69272141661588,40.01932144165039,14503700
2014-05-28,39.98303227218518,40.35317711321155,39.91771226863724,40.24431228637695,11374900
2014-05-29,40.46205714734042,40.58543787607241,40.200777052827014,40.440284729003906,11741000
2014-05-30,40.338672586878126,40.5564050554175,40.14271253460712,40.33141326904297,11991900
2014-06-02,40.389472887301714,40.389472887301714,39.93223280892043,40.17173767089844,9440000
2014-06-03,39.98304262417475,40.39673516421466,39.98304262417475,40.353187561035156,9131500
2014-06-04,40.29510787614044,40.44752026254079,40.0991479070754,40.411231994628906,9727800
2014-06-05,40.57817460817985,41.12250712542531,40.273349727459205,41.10073471069336,16803400
2014-06-06,41.1950922361971,41.46363166050696,41.11525910940601,41.34750747680664,15399800
2014-06-09,41.303954050304846,41.85554315301231,41.296697501116746,41.67409896850586,11999700
2014-06-10,41.7103881765465,42.05150134567955,41.652324711134156,42.0224723815918,11609200
2014-06-11,41.7176437635077,41.94263553386515,41.35475541890313,41.56523132324219,14232200
2014-06-12,41.42007258412002,41.67409330043241,41.27491670253373,41.39830017089844,11670200
2014-06-13,41.39104085407914,41.855537460260734,41.28217601935304,41.39830017089844,12040800
2014-06-16,41.260405550557785,41.332984883950516,40.88300409138949,41.27492141723633,11199100
2014-06-17,41.21686161695494,41.79748245365189,41.13702573279313,41.67409896850586,11200500
2014-06-18,41.57974241249496,41.95714657976095,41.33297825576788,41.93537139892578,13729400
2014-06-19,41.870050412501975,41.870050412501975,41.521677982101046,41.586997985839844,11624400
2014-06-20,41.870059993380615,41.92812346270941,41.62329578597044,41.76845169067383,17124800
2014-06-23,41.761191302379025,42.25471967183129,41.54345884964852,42.23294448852539,16007700
2014-06-24,42.007958372147826,42.182143238847644,41.58700653515595,41.67409896850586,12322900
2014-06-25,41.528940152103665,41.90634433645941,41.27491666738941,41.753929138183594,14836600
2014-06-26,41.61603639497033,41.72490400821877,41.07896041482624,41.65232467651367,11854400
2014-06-27,41.60877602533906,41.87731260644324,41.54345601711175,41.753929138183594,10178600
2014-06-30,41.68861198874693,41.93537617356988,41.64506715935475,41.819252014160156,11549000
2014-07-01,41.76809078807383,42.38200507851177,41.716931496201695,42.07504653930664,14472200
2014-07-02,41.85580548006569,42.00928340499013,41.526922220961026,41.63655090332031,19189900
2014-07-03,41.82657207598755,42.133530723224986,41.65847680239433,41.69501876831055,12599800
2014-07-07,41.57808536879665,41.65117209310977,41.21997017756948,41.41729736328125,13916100
2014-07-08,41.183418178819515,41.27112223257143,40.65720779617288,40.75221633911133,18343400
2014-07-09,40.83990402814339,41.01530648941678,40.64257416823194,40.942222595214844,10914300
2014-07-10,40.24062717014482,40.78876501295005,40.167540451653515,40.60605239868164,12436600
2014-07-11,40.40870835836044,40.86183470319996,40.3356216653397,40.78144073486328,10230000
2014-07-14,41.31496319588681,41.54152777407115,41.07378406631082,41.13956069946289,14004400
2014-07-15,42.35278274977353,42.89361050381855,42.21391938451277,42.58665466308594,36178000
2014-07-16,42.76204397151027,43.10554445763101,42.61587616190101,42.9082145690918,20507500
2014-07-17,42.798590654856675,43.017845167196555,42.21390823798715,42.28699493408203,17013500
2014-07-18,42.6304864304117,42.74011226943777,42.31622067352106,42.55739974975586,12803300
2014-07-21,42.47701992254916,42.68896718498544,42.316234747573986,42.56472396850586,9141400
2014-07-22,42.69626618421875,42.97399003329549,42.65972423280733,42.87897872924805,10375200
2014-07-23,42.94476148360473,43.25902732892699,42.76935897661759,43.12016677856445,11122100
2014-07-24,43.17131993625501,43.375957094630444,43.1128533715644,43.24440383911133,9844100
2014-07-25,43.06169148108553,43.31749071813835,43.0032249161409,43.12746810913086,10500600
2014-07-28,43.07631301004826,43.31018486852369,42.87898310671478,43.25902557373047,12382800
2014-07-29,43.21516579881696,43.21516579881696,42.710877461791405,42.85704803466797,13498800
2014-07-30,43.1347801087999,43.324799938366276,42.83513163157871,43.054386138916016,11815700
2014-07-31,42.86436413877875,42.88628875201056,42.14082123443494,42.148128509521484,15955900
2014-08-01,41.943489197541375,42.01657588451456,40.90568333427055,41.27841567993164,23915400
2014-08-04,41.59269933519174,41.64385864406865,41.17611479835215,41.402679443359375,13543900
2014-08-05,41.24187987662301,41.36612308103507,40.63527283021839,40.971466064453125,16863300
2014-08-06,40.847217756984236,41.431897366905396,40.803368528722835,41.095706939697266,12190600
2014-08-07,41.38805239141912,41.431901624186196,40.693744063557126,40.861839294433594,11743800
2014-08-08,40.84722609500888,41.190726655693204,40.664513505363665,41.176109313964844,12213200
2014-08-11,41.322267874027965,41.35150254894594,41.051851312994806,41.16147994995117,9066800
2014-08-12,41.095705588223026,41.32957742450038,41.02262168487593,41.183406829833984,11289600
2014-08-13,41.431895688384955,41.54152433054169,41.300342432985744,41.45382308959961,7012600
2014-08-14,41.49037053024237,41.65846575927573,41.43921123392668,41.64384841918945,8275900
2014-08-15,41.833867803856265,42.023887634277344,41.212643444305286,41.47574996948242,12727400
2014-08-18,41.556147152548085,41.97273158696173,41.483060452141494,41.826560974121094,8881400
2014-08-19,42.09697710253218,42.18468114782611,41.9069572470074,42.067745208740234,9040500
2014-08-20,41.96541750680156,42.279683318542965,41.94349289276406,42.12620544433594,8121400
2014-08-21,42.140827317836816,42.95207158019035,42.09697529707058,42.75474166870117,12745500
2014-08-22,42.710876531246655,43.1786229118552,42.63048536648923,42.74742126464844,10228600
2014-08-25,43.10554960895247,43.72677402592021,43.01784835511174,43.368656158447266,13996800
2014-08-26,43.53675709792091,43.81448102412938,43.40520380592601,43.66100311279297,10281100
2014-08-27,43.74137323592392,43.814459911799815,43.507501449064314,43.551353454589844,11410900
2014-08-28,43.30289442735017,43.39059571138056,42.98132119392302,43.237117767333984,9096100
2014-08-29,43.36864550130811,43.5952100383591,43.288251543387695,43.449039459228516,8897900
2014-09-02,43.45635108012393,43.639063625319174,43.22978930838402,43.60982894897461,8671100
2014-09-03,43.865627660875,44.12142410590292,43.45635056085817,43.63175582885742,11791800
2014-09-04,43.58060584171544,43.95333828230832,43.4344352185127,43.63907241821289,9811900
2014-09-05,43.573289126745934,43.78523635864258,43.280950712931684,43.78523635864258,9600900
2014-09-08,43.73408410900066,44.011808016622396,43.66100019077152,43.770626068115234,8090000
2014-09-09,43.58059343963303,43.61713538804149,42.95936916480138,43.16400909423828,14868700
2014-09-10,43.22979315943895,43.52944164873396,43.06169514946907,43.28095245361328,9153800
2014-09-11,43.25172167225258,43.734082766487,43.09824377589906,43.67561340332031,11467000
2014-09-12,43.70484863889789,44.15066778079059,43.66830668044186,43.87294387817383,14359100
2014-09-15,43.69022350484318,43.84370416373835,43.44904439167458,43.807159423828125,10685600
2014-09-16,43.639075664827075,43.99719357891804,43.57329901889089,43.84371566772461,10947900
2014-09-17,43.81447296271014,44.28221667575505,43.71946164975651,44.077579498291016,15091800
2014-09-18,44.245668822798564,44.87420039890662,44.245668822798564,44.815731048583984,16973700
2014-09-19,45.12270228328743,45.20309348068766,44.56725445051307,44.66226577758789,18739300
2014-09-22,44.538015009290454,44.91075021293464,44.43569641628148,44.516090393066406,13225200
2014-09-23,44.450319822808645,44.87421438080861,44.41377786145729,44.538021087646484,14328800
2014-09-24,44.71341422476531,45.04960463837174,44.59647830751211,45.04229736328125,13728200
2014-09-25,44.93999491644439,44.947302194158,43.960655212402344,43.960655212402344,16340100
2014-09-26,44.092196830622854,44.494163909706934,44.084886766873225,44.260292053222656,11948900
2014-09-29,43.872943906089,44.216444449334276,43.65368936724057,44.092201232910156,10686500
2014-09-30,44.143352697727785,44.3918418744464,43.94602281139487,44.02641677856445,14384800
2014-10-01,44.02641520388095,44.14335111886186,43.65368005814845,43.68291473388672,18995800
2014-10-02,43.52105983993101,43.77122326519972,43.12374096331187,43.29296875,24559100
2014-10-03,43.59462883343077,44.43341111633475,43.44747340681898,44.367191314697266,18321100
2014-10-06,44.7203674819151,44.73508330684043,44.14646434361028,44.27890396118164,11578000
2014-10-07,44.0875883954888,44.0875883954888,43.550473570213484,43.609336853027344,14542000
2014-10-08,43.67556699287319,44.46284534316181,43.54312738191282,44.440773010253906,15834100
2014-10-09,44.38925736184759,44.38925736184759,43.32974075264424,43.469539642333984,19189500
2014-10-10,43.432746320717285,44.01400856138783,43.05014343344385,43.05750274658203,16689400
2014-10-13,43.04280026721246,43.5210547262174,42.75584871451208,42.79263687133789,17169300
2014-10-14,41.71105156969809,43.057520128471374,41.24751569806898,42.66756057739258,29096800
2014-10-15,41.95384883266725,42.21872801655194,39.9231102940553,40.8575439453125,37866900
2014-10-16,40.28364044484854,41.18864244131934,39.9378256469774,40.52644729614258,31965100
2014-10-17,41.0046986621978,41.77726106422285,40.88697489433451,41.35051345825195,20183500
2014-10-20,41.276934556572016,41.75518894472057,41.25486222709797,41.66689682006836,10807600
2014-10-21,42.108359116190805,42.68226212111017,41.997994665036444,42.6234016418457,14020400
2014-10-22,42.70433624001896,42.866204659209366,42.26287002564429,42.27022933959961,13750700
2014-10-23,42.763207472986664,43.11637884925677,42.630767856040805,42.71906280517578,12641900
2014-10-24,42.67490526088561,43.24880826105976,42.67490526088561,43.21937942504883,13758000
2014-10-27,43.00599784253358,43.25616115541291,42.85884245729477,43.14579391479492,11087100
2014-10-28,43.31503553433729,43.918370281473145,43.270890869319224,43.87422561645508,13625000
2014-10-29,43.86686565878597,43.98458944170438,43.23409927306585,43.624061584472656,16712100
2014-10-30,43.36654800845997,43.911022373293584,43.3518321816529,43.69764709472656,14709800
2014-10-31,44.23475456542269,44.543781261921296,44.0508109719791,44.4996337890625,18347600
2014-11-03,44.727710269395644,44.99258940665681,44.411327167306546,44.79393005371094,11841200
2014-11-04,44.323049680171906,44.418698328262664,43.71971210916005,44.330406188964844,15295800
2014-11-05,44.73508438443754,45.05146761106178,44.43341698309311,44.99260711669922,14063800
2014-11-06,44.941091999290705,45.1103197379543,44.609993029402816,45.051456451416016,10421600
2014-11-07,44.93374694872353,45.28691835979492,44.77923498264671,45.228057861328125,12384600
2014-11-10,45.06617487993836,45.56650161743164,45.02938672710189,45.56650161743164,10801000
2014-11-11,45.404628077759185,45.53706766666927,45.095604241472984,45.15446472167969,12539800
2014-11-12,44.45548380368914,44.76451048272232,44.31568769100528,44.558494567871094,17219600
2014-11-13,44.51433700428015,44.60998843166855,44.13909341491906,44.315677642822266,12240400
2014-11-14,44.33040188165579,44.60263758864724,44.27889790484001,44.352474212646484,6803400
2014-11-17,44.146445707375825,44.53640507962924,44.065510107831436,44.42604064941406,9017600
2014-11-18,44.40396790193014,44.749782643365776,44.2936034657897,44.536407470703125,8897800
2014-11-19,44.47755668241085,44.727720054915345,44.256824955320106,44.587921142578125,9210100
2014-11-20,44.29363122872616,44.330419397164874,43.96253209926309,44.23476791381836,10917300
2014-11-21,44.933737427783136,44.933737427783136,44.36719086545594,44.47755813598633,12340500
2014-11-24,44.661498388237796,45.11032113837974,44.661498388237796,44.85279846191406,8335000
2014-11-25,44.99995768439854,44.99995768439854,44.109671423193866,44.367191314697266,14802600
2014-11-26,44.56584179907235,44.56584179907235,44.29360613872429,44.39661407470703,7626600
2014-11-28,44.44077394638326,44.55849773563268,44.16853540325428,44.26418685913086,6759600
2014-12-01,44.131749476269036,44.30097725644737,43.815366250400984,44.14646530151367,12771600
2014-12-02,44.153808651338466,45.022022434716575,44.14645214428698,44.94108963012695,12546600
2014-12-03,44.85279822687297,45.33840912632068,44.7424337718998,45.27954864501953,12115500
2014-12-04,44.95580837586869,45.30162319325045,44.76450829382622,45.161827087402344,11515200
2014-12-05,45.6253591769514,46.39792437079224,45.52971054705694,46.1330451965332,20071100
2014-12-08,46.059457951140175,46.471492461274245,45.80929464262225,46.1109619140625,15528200
2014-12-09,45.50763805739603,46.24341233678323,45.294265649508404,45.94910430908203,19676400
2014-12-10,45.73573138735966,45.794594679904634,44.418694687606596,44.646785736083984,29620600
2014-12-11,45.007328533728504,45.66217025047052,44.963183856408214,44.98525619506836,16886200
2014-12-12,44.536408192152365,45.044094149591395,44.11701715316268,44.175880432128906,17405400
2014-12-15,44.69092105739942,44.7424250209981,43.256160969315815,43.52839660644531,19209900
2014-12-16,42.98393173162056,44.04344848230194,42.75584350304807,42.99129104614258,20709700
2014-12-17,43.09430035419956,44.02137754027725,42.925072602686754,43.977230072021484,17856400
2014-12-18,44.61735818824555,45.235408782958984,44.470202750122056,45.235408782958984,18173400
2014-12-19,45.17654214520394,45.87552546936541,45.15446700809713,45.56650161743164,22756400
2014-12-22,45.73572758805541,45.8608106709446,45.331052309072334,45.573856353759766,17073400
2014-12-23,45.6547929861689,46.331706775476086,45.56650085947878,45.97117614746094,13552600
2014-12-24,46.162479029838316,46.2581276642709,45.816664224064205,45.97117614746094,7412500
2014-12-26,46.110955210521084,46.27282638860464,45.91965520558556,46.02266311645508,6086500
2014-12-29,45.92702587900809,46.603939627020864,45.801945607723816,46.324344635009766,10601200
2014-12-30,46.1477738700994,46.55980576102451,46.037406581169165,46.46415710449219,7518100
2014-12-31,46.57450572247547,46.71430461506975,46.04475021362305,46.04475021362305,18529400
2015-01-02,46.04475653862506,46.62235148421659,45.963300261721244,46.274314880371094,12600000
2015-01-05,45.95590618034425,46.11881594390535,44.60077581300911,44.837738037109375,20100600
2015-01-06,44.90437903137463,44.9858353168401,43.20861600155856,43.67513656616211,29074100
2015-01-07,44.34897980201532,44.34897980201532,43.44556003165632,43.741764068603516,23843200
2015-01-08,44.408234127420286,45.09690630434465,44.408234127420286,44.71924591064453,16971100
2015-01-09,44.96362809346153,45.015463406067866,43.904701864824744,43.94172668457031,15396200
2015-01-12,43.89729019032761,43.986153137338796,43.1493787475971,43.564064025878906,15455200
2015-01-13,43.88248019690126,44.20830535667994,43.22342886889422,43.571468353271484,21644700
2015-01-14,43.57145890999907,43.57145890999907,40.92784751284817,42.06822967529297,49602300
2015-01-15,41.26849027436323,41.920137785923316,40.35766621975721,40.720516204833984,42458100
2015-01-16,40.476142894571296,41.46842313252052,40.46133240447508,41.416587829589844,29368900
2015-01-20,41.49803088082593,41.75720731283942,41.03891430867168,41.253662109375,23477700
2015-01-21,41.06113682944473,41.779427102919946,40.868603319168514,41.386959075927734,21842400
2015-01-22,41.74981109007348,42.74949502406896,41.43879649017397,42.64582443237305,31423500
2015-01-23,42.7420903915683,42.85316481281336,41.95715148730264,41.971961975097656,15458300
2015-01-26,41.77202162480137,42.20151726555259,41.616515751347926,42.038604736328125,12577700
2015-01-27,41.50544267875749,41.920127874395945,41.2906948368298,41.616519927978516,15220500
2015-01-28,41.92752598927274,41.971957447865265,40.54277801513672,40.54277801513672,24354400
2015-01-29,40.92785490232036,41.386968817891336,40.49095531054422,41.224056243896484,20393300
2015-01-30,40.72051271468269,41.09817033429669,40.26139598519151,40.268802642822266,26943700
2015-02-02,40.379875536869946,41.20924602138031,40.18734481803025,41.07595443725586,20308900
2015-02-03,41.401771053196505,42.04601173809584,41.37215007750162,42.001583099365234,18812500
2015-02-04,41.705381613498844,42.26076223103458,41.67576063594208,41.749813079833984,14934100
2015-02-05,42.105250514209814,42.2385420699732,41.80904642922197,42.038604736328125,11293900
2015-02-06,42.764310353598525,43.490007402439716,42.608804448449426,42.86798095703125,25214000
2015-02-09,42.51993133203496,43.02347656372872,42.379235950313124,42.81613540649414,14372400
2015-02-10,43.26044860088613,43.475196462810054,42.986461605390254,43.290069580078125,16367300
2015-02-11,42.99386748161239,43.43817086217343,42.83095492382774,43.22342300415039,13061900
2015-02-12,43.638101923880626,44.215696800092935,43.35670831696188,44.11202621459961,23211300
2015-02-13,44.03057503640429,44.59336231528707,43.941714927827185,44.18608093261719,16479100
2015-02-17,43.95652358572917,44.534118504638656,43.92690260916668,44.50449752807617,15308800
2015-02-18,44.50449061996521,44.50449061996521,43.77879375569978,43.96392059326172,14278100
2015-02-19,43.80102468669507,44.04539072030723,43.54184533762565,43.86026382446289,11256500
2015-02-20,43.6603222100185,44.34899442185514,43.20861217593081,44.2823486328125,15379000
2015-02-23,44.06020064858211,44.08241497185997,43.54184478187164,43.94912338256836,16814000
2015-02-24,44.61557726806709,45.356084774591025,44.489692347867766,45.03766632080078,22937700
2015-02-25,44.993253002102854,45.37091356465916,44.98584916696844,45.2746467590332,18307900
2015-02-26,45.19317482586409,45.68931635275376,45.1043147109033,45.60045623779297,15444800
2015-02-27,45.26721766981266,45.85221636271221,45.26721766981266,45.378292083740234,15225900
2015-03-02,45.37829618976981,45.785577552124785,45.19316932499456,45.741146087646484,13047300
2015-03-03,45.65227814465342,45.90405075050894,45.54120091493638,45.88924026489258,13706900
2015-03-04,45.644893822343235,46.037361996362065,45.43014591305219,46.00774383544922,16625500
2015-03-05,46.05956675512824,46.08178107603899,45.615260563229846,45.91146469116211,10931300
2015-03-06,46.029945274625625,46.55570491239164,45.02285464042985,45.089500427246094,22719200
2015-03-09,45.05248289661244,45.63748458375642,45.022861914394745,45.54121780395508,13001500
2015-03-10,44.99323088854052,45.17835774885758,44.40082550048828,44.40082550048828,16357700
2015-03-11,44.52672090052497,44.91178517525797,44.400833144933316,44.608177185058594,13015600
2015-03-12,44.9117752488722,45.50418060798504,44.9117752488722,45.44493865966797,18159600
2015-03-13,45.467163615516526,45.807796402437404,44.7488704052082,45.17095947265625,16506200
2015-03-16,45.54120425154034,45.85221599783646,45.356077404989364,45.80038070678711,15182900
2015-03-17,45.42271665665509,45.659678760210014,45.11170213023232,45.62265396118164,11718300
2015-03-18,45.45976566229966,45.948500614226816,45.23761392502597,45.726348876953125,15697900
2015-03-19,45.59305211147385,45.65229407461124,44.993239946363076,45.31906509399414,11523800
2015-03-20,45.40793035109622,45.985525432970334,45.28204540240575,45.726348876953125,18368300
2015-03-23,45.72635697218603,45.97072590381812,45.25983626395128,45.2746467590332,15112900
2015-03-24,45.14875194137236,45.34868934415348,44.763687627661966,44.77109146118164,12128700
2015-03-25,44.82291667645811,44.90437295089362,44.12684066504783,44.14165115356445,14950900
2015-03-26,44.0305712818808,44.274940090645195,43.59367178348129,44.089813232421875,14039600
2015-03-27,44.05278511036673,44.26753010288739,43.68993525263962,44.09721374511719,11755800
2015-03-30,45.082095405202935,45.51158826738273,44.8821580500322,45.141334533691406,20656500
2015-03-31,44.963610159057424,45.1265198659215,44.741455679568276,44.85993957519531,17346700
2015-04-01,45.03139249699391,45.1506610940221,44.5245002487272,44.68849563598633,18100600
2015-04-02,44.777948045924404,45.24756940833922,44.725768210499176,45.1133918762207,12697800
2015-04-06,44.66612244852883,45.284830134631626,44.46485903917602,45.07611083984375,12025200
2015-04-07,45.583017581319794,45.843916783301744,45.3593864440918,45.3593864440918,11505500
2015-04-08,45.51593214569204,45.888646943612116,45.42647854680769,45.50847625732422,11734000
2015-04-09,45.672469610173984,45.903553798112036,45.34448162654834,45.821556091308594,11728500
2015-04-10,45.73209421021093,46.05262909131632,45.62028150231057,45.99299621582031,9869700
2015-04-13,45.94826398497968,46.41788526459052,45.843904332529995,46.268798828125,15468700
2015-04-14,46.93223516216221,47.41676541806935,46.76824262493425,46.99187088012695,33775400
2015-04-15,47.021691870526055,48.065294255707585,46.96950919203802,47.8640251159668,28732200
2015-04-16,47.76711557609476,47.90874328965428,47.45403376083923,47.56584930419922,16640500
2015-04-17,47.14841850931902,47.26023407800164,46.58189330884428,46.84279251098633,20221200
2015-04-20,47.12605176280495,47.34968003394594,47.066416040587214,47.140960693359375,12755300
2015-04-21,47.20805423291518,47.40931770678316,46.31353821430666,46.447715759277344,14985100
2015-04-22,46.701155504611975,47.073870224222325,46.23898720491204,46.917327880859375,14484700
2015-04-23,46.80553142075159,47.11861052899487,46.66389795823223,46.812984466552734,12851300
2015-04-24,46.68624039368927,46.84277987273993,46.4700652024742,46.663875579833984,9597500
2015-04-27,46.73842492986128,47.07386873562049,46.447707912732476,46.470069885253906,11146400
2015-04-28,46.58189387231043,46.798066280876704,46.04518368588258,46.78315734863281,12307800
2015-04-29,46.63406871345689,47.62548843088121,46.5595240602298,47.4093132019043,17601200
2015-04-30,47.39441241840287,47.6180407159332,46.902426182812846,47.1558723449707,16840900
2015-05-01,47.48385206359184,47.610573693240184,47.208043989260936,47.41676330566406,11640100
2015-05-04,47.46893172090081,48.35599428949548,47.43911387041649,48.244178771972656,14972500
2015-05-05,48.08765871084146,48.69145478686725,47.92366331064291,48.00566101074219,17692400
2015-05-06,48.10257016743642,48.50510282544055,47.27514287384621,47.647857666015625,18087900
2015-05-07,47.46149990948228,48.154749645139525,47.148420851359994,48.08020782470703,15039900
2015-05-08,48.43055543262748,48.937447719148246,48.15474447076997,48.81817626953125,16802600
2015-05-11,48.646717637405075,48.929978723597266,48.51254013611946,48.78834533691406,13798800
2015-05-12,48.68399014227555,48.85544139905441,48.27400740270175,48.72126388549805,12762200
2015-05-13,48.76598859506447,48.92252808214793,48.49763356372859,48.84053039550781,11874100
2015-05-14,49.07162700054143,49.332526196882135,48.98217341014922,49.23562240600586,11855500
2015-05-15,49.29524789752145,49.31761555843771,48.78090543995597,49.108890533447266,11152100
2015-05-18,49.04925104023334,49.60086713910673,49.04925104023334,49.51141357421875,10510900
2015-05-19,49.77231813144861,50.08540279915908,49.62323452752929,49.95122528076172,14282700
2015-05-20,49.90650324972684,49.96613897524601,49.496520432928094,49.556156158447266,12446000
2015-05-21,49.302705955056496,49.70523856163938,49.20580216885486,49.68287658691406,12934500
2015-05-22,49.6679794802305,49.81706883438777,49.43689809025842,49.54871368408203,9296900
2015-05-26,49.34742883163104,49.41452044152403,48.68399705571708,48.9970817565918,15571300
2015-05-27,49.16108705045048,49.6828912592349,49.06418323563127,49.54871368408203,10963700
2015-05-28,49.466706457971,49.4965243230741,49.00453807963731,49.347434997558594,11797400
2015-05-29,49.33252428478473,49.36234214709308,48.72127232540286,49.03435134887695,14310700
2015-06-01,49.190900166092,49.69034234526705,49.17599407570589,49.257991790771484,11899300
2015-06-02,49.071629087430026,49.48906781932773,48.885271698236245,49.2132568359375,12784200
2015-06-03,49.51886751627912,50.04066573971077,49.399596101109545,49.720130920410156,12927300
2015-06-04,49.42942797748371,49.981049898370884,49.20580254136184,49.444339752197266,13863300
2015-06-05,50.219575513067596,50.56992251747791,49.951220501946295,50.25684356689453,20801100
2015-06-08,50.286668994978335,50.35376060144925,49.8021387248671,49.86177444458008,14558700
2015-06-09,49.90650205365841,50.14503926284247,49.548699083470154,50.07795333862305,13263500
2015-06-10,50.38356885943626,51.06191232232123,50.29412097399196,50.88301086425781,17478900
2015-06-11,50.95755462596041,51.19609180828493,50.8010151332326,51.076820373535156,13739900
2015-06-12,50.92027707220202,51.09172832503729,50.592292025521985,50.875553131103516,11804700
2015-06-15,50.37613189837961,50.84575048189401,50.16741252792876,50.68175506591797,14082300
2015-06-16,50.51773805036783,51.076809990969025,50.40592821198669,50.96500015258789,11692800
2015-06-17,50.99482915551859,51.19609259578589,50.719018223798464,50.79356002807617,14521900
2015-06-18,50.95009124335338,51.30044392241567,50.6146503350284,51.270626068115234,16759600
2015-06-19,51.032089978904914,51.188629451846964,50.62955746826495,50.74882888793945,21606400
2015-06-22,51.33772975123523,51.650808764353144,51.24827616726917,51.404815673828125,14306700
2015-06-23,51.69553661565288,52.045889403668106,51.57627084853601,51.993709564208984,15736900
2015-06-24,51.81478835015791,52.00859585886011,51.36753194112958,51.44952392578125,16995000
2015-06-25,51.67316912295202,51.78498467761972,51.16627687067709,51.17373275756836,13314300
2015-06-26,51.389900112703934,51.6507992422038,51.26317280365444,51.3973503112793,14489200
2015-06-29,50.45068521317858,50.88303582886511,50.0630642493346,50.09287643432617,19934400
2015-06-30,50.60720346096799,50.77119884523488,50.06304316281898,50.51029968261719,20677400
2015-07-01,51.11054593337021,51.313124842220795,50.855440418296986,51.073028564453125,13964400
2015-07-02,50.98298832628642,51.11804283503783,50.41276326653296,50.66035842895508,12822900
2015-07-06,50.18016407034486,50.61534032989438,49.92506429882392,50.51780319213867,13527100
2015-07-07,50.337722462779034,50.435265316662395,48.99468787989141,50.120140075683594,22421500
2015-07-08,49.519899566711494,49.63995055577153,48.92716068800658,49.092227935791016,17707200
2015-07-09,49.88754859469784,50.045111233712156,49.51239781865998,49.60243606567383,14984700
2015-07-10,50.43526624699514,50.570320741955264,50.142649128639206,50.307716369628906,12356100
2015-07-13,50.937958528760284,51.12553386749466,50.78039593114481,51.088016510009766,16175600
2015-07-14,51.00550159039949,51.84583565791936,50.840434334466224,51.800819396972656,20185100
2015-07-15,51.943384792164196,52.09344282966337,51.65826650682969,51.91337203979492,16891600
2015-07-16,52.24349225140965,52.483588506421086,52.07843072712062,52.19097137451172,18035700
2015-07-17,52.03340554739195,52.13844729473507,51.710775687882105,51.92836380004883,14040700
2015-07-20,52.14595592532183,52.34853481811788,51.90585966658197,51.965885162353516,11512900
2015-07-21,51.89085098953006,52.17596347954494,51.673262882276944,51.845829010009766,11659900
2015-07-22,51.980876172689605,52.738682132600175,51.920850691354225,52.581119537353516,15493000
2015-07-23,52.66366759265867,52.97879286961425,52.11594494279598,52.250999450683594,14331800
2015-07-24,52.10094029930453,52.19097281971047,51.530709531232496,51.70328140258789,12413900
2015-07-27,51.13305308375745,51.18557396462543,50.69787679979605,51.028011322021484,16801600
2015-07-28,51.433160783255026,51.47067241684162,50.84792091098392,51.05801010131836,14932400
2015-07-29,51.26060289821457,51.84583720537541,51.1405576239915,51.725791931152344,13059200
2015-07-30,51.71828576900602,52.10844005401932,51.42566862415942,51.800819396972656,10197200
2015-07-31,51.77832207947584,51.800830214649615,51.320637583116756,51.418174743652344,11911800
2015-08-03,51.46319101399989,51.65076643957828,51.02051575732179,51.418174743652344,9980600
2015-08-04,51.37316242681451,51.733304066005616,51.25311139751871,51.365657806396484,10964000
2015-08-05,51.808325949885315,52.08593386855184,51.44067405726991,51.56822967529297,11302900
2015-08-06,51.583215692541096,51.725774774972635,51.020489703167925,51.208065032958984,10803400
2015-08-07,51.26809356730767,51.57571414983628,50.68285941938169,51.05801010131836,11453300
2015-08-10,51.18557370855955,51.77831263215961,51.18557370855955,51.68827438354492,12661400
2015-08-11,51.19307327270508,51.32062315238948,50.90795504241513,51.19307327270508,14800300
2015-08-12,50.57782721283145,50.68286896561095,49.57242021921111,50.45027160644531,21069000
2015-08-13,50.45777621625871,50.87044433378815,50.24769271073325,50.68286895751953,11930600
2015-08-14,50.58533794598185,50.95298989110618,50.57033443107868,50.93798065185547,11248800
2015-08-17,50.73539514158655,51.200578459816334,50.570327877306255,51.073028564453125,10326500
2015-08-18,51.005500108814694,51.290612627106185,50.900452629079574,51.17806625366211,10617500
2015-08-19,50.96798357116112,51.253096094085954,50.54031192460066,50.72038269042969,15198200
2015-08-20,50.12764655668752,50.3002184382103,49.47488784790039,49.47488784790039,20972300
2015-08-21,48.837117140214794,49.09972721916532,47.69666148978246,47.71916961669922,28235500
2015-08-24,44.4853843397314,47.208977196485385,37.56760239366372,45.20567321777344,36339100
2015-08-25,47.344018194901096,47.50908542228211,44.81550322491445,44.950557708740234,31772500
2015-08-26,46.36863426013556,47.25399029982839,45.430757342001044,47.20146942138672,33576800
2015-08-27,48.00430185863928,48.56703098920283,47.374048323555826,48.37945556640625,29045700
2015-08-28,48.23688754405466,48.364437434260516,47.71917764053531,48.11683654785156,16687300
2015-08-31,47.726695021498266,48.2819167165432,47.621653233904574,48.09434127807617,14223400
2015-09-01,47.156449933361564,47.156449933361564,45.76089149422174,46.10602951049805,23637300
2015-09-02,46.9838760418488,47.20146414947526,46.17355196341541,46.94636154174805,17757900
2015-09-03,47.17895337123504,47.76418755401127,46.85632353658333,47.028892517089844,17065400
2015-09-04,46.36862929251397,46.4586646656006,45.5808133381169,46.14353942871094,20189000
2015-09-08,47.09643615148542,47.419066098436865,46.766304447193264,47.38905334472656,13385100
2015-09-09,47.97427694092513,48.27439582400481,46.518693059447315,46.65374755859375,13889500
2015-09-10,46.413656249886145,47.26899959411767,46.10603271622088,47.01389694213867,15751100
2015-09-11,46.80381115461618,47.01389467121349,46.51119401016327,46.938865661621094,12766700
2015-09-14,46.99888725755929,47.036401761525916,46.60873011952533,46.803810119628906,10202800
2015-09-15,47.088924136015095,47.936765691036896,46.90134874804756,47.70417404174805,14023500
2015-09-16,47.93675327390166,48.23687496177802,47.42654812181536,48.12432861328125,12235900
2015-09-17,48.124345049008745,48.49949585589179,46.811317224918106,47.00639724731445,21249200
2015-09-18,46.3911441674047,46.3911441674047,45.60332528485946,45.72337341308594,31008000
2015-09-21,46.15855038853256,46.45116752677435,45.82841874629086,46.10602951049805,13136400
2015-09-22,45.46827219137376,45.835921205428974,45.33321768516353,45.70086669921875,14811900
2015-09-23,45.618331514076466,45.88093876148362,45.25818713053847,45.49828338623047,11712200
2015-09-24,45.0256009813696,45.30321465401714,44.61293564424927,45.18316650390625,17293400
2015-09-25,45.970975649269555,46.413653671875096,45.67085388872663,46.121036529541016,18384300
2015-09-28,45.708372382794686,45.77589964170213,44.785501752508544,45.003089904785156,17452200
2015-09-29,45.0030939918221,45.11564038761344,44.065216900806696,44.89805221557617,19334900
2015-09-30,45.54330219066208,45.768392071035834,45.10062418565202,45.74588394165039,18743800
2015-10-01,45.85842529743185,46.42115140302953,45.42325193076626,46.08351516723633,16863200
2015-10-02,45.03307777360208,45.99283661301363,44.23201846564257,45.95505142211914,20435100
2015-10-05,46.280004075646815,47.03571934029743,46.264889424414804,46.86946105957031,13471100
2015-10-06,46.93747957770543,47.12640841008529,46.567177797797804,46.89213562011719,12134800
2015-10-07,47.269989974799046,47.63273296162831,46.672974214406615,46.95259094238281,12773100
2015-10-08,46.74098870461366,47.04327596838388,46.42358967219744,46.95259094238281,13964600
2015-10-09,47.14906948254333,47.26998379568054,46.53694203352202,46.80144119262695,12112000
2015-10-12,46.73342717202317,46.861897369762175,46.400913528324,46.64274215698242,10857400
2015-10-13,46.393360268487505,46.97526137614502,46.33290454555978,46.51427459716797,15621900
2015-10-14,45.91725971667979,46.075962118404895,44.99528902390915,45.33536148071289,28989400
2015-10-15,45.69810305234891,46.82411718417942,45.41848632832661,46.771217346191406,18147900
2015-10-16,47.1793212890625,47.34557963000116,46.922377890714564,47.1793212890625,17456600
2015-10-19,46.854348705749636,47.43624983400199,46.786334213283126,47.020606994628906,14510400
2015-10-20,47.12640394187644,47.47403226861756,46.91480459217749,47.247318267822266,11545100
2015-10-21,47.51938271560554,47.579838445427484,46.89213758210409,46.899696350097656,12113400
2015-10-22,47.17173821059926,48.0483705508351,47.17173821059926,47.753639221191406,15295700
2015-10-23,48.08616230249499,48.50936388152475,47.98791851252247,48.26753234863281,16985200
2015-10-26,48.24487057739045,48.35822903893716,47.91991272930368,48.29021453857422,13880200
2015-10-27,48.010594149295436,48.259981592766536,47.84433873647325,48.09372329711914,8831900
2015-10-28,48.13906826571813,49.680725385381166,48.1315094978526,49.49935531616211,17962000
2015-10-29,49.31797758196429,49.748735032942996,49.03080210421206,49.280189514160156,12753700
2015-10-30,49.348206043986295,49.378429578936114,48.46401485699095,48.55470275878906,15731400
2015-11-02,48.705835271802464,49.68826719561784,48.66049421138435,49.52956771850586,15253300
2015-11-03,49.340669012005705,49.95279676324919,49.24998107025952,49.710968017578125,11519500
2015-11-04,49.88478367669656,49.99058338948961,49.597608085699484,49.76386642456055,11388400
2015-11-05,49.718504569847134,50.383531881849926,49.688275269440254,50.209720611572266,12715900
2015-11-06,51.66827072126327,52.16703995226166,51.46422430785126,51.73628234863281,23262700
2015-11-09,51.917631699488275,51.93274923218374,50.69337677102773,50.92764663696289,17143800
2015-11-10,50.77650597708922,51.275275009419964,50.58001841131074,51.14680480957031,13239700
2015-11-11,51.46422467740601,51.51712453206831,50.821867652034804,50.897438049316406,8513900
2015-11-12,50.52712045035812,50.55734975126336,49.83941682747558,49.87720489501953,13576900
2015-11-13,49.75629235367847,50.00567978527765,49.29531132721503,49.54469299316406,11837000
2015-11-16,49.46911951541764,50.315522670064254,49.2499614012953,50.26262283325195,11041100
2015-11-17,50.38354323678207,50.43644308300376,49.79408616012586,49.97545623779297,12354800
2015-11-18,50.23995298484284,51.048568081823845,50.15682384505181,50.972991943359375,12911400
2015-11-19,51.07124000224706,51.25261005505117,50.66315305920029,51.13169860839844,12839500
2015-11-20,51.38105450662638,51.471742370382906,50.920067955746504,51.040985107421875,11209600
2015-11-23,50.86720564989094,51.071252052383585,50.46667737952194,50.5422477722168,11339000
2015-11-24,50.005672818013885,50.73871747598274,49.90743191879152,50.46665954589844,10910000
2015-11-25,50.58001469749149,50.723602419515515,50.29284501909242,50.52711486816406,7772000
2015-11-27,50.63293570068329,50.88232318565195,50.36087767447229,50.76140594482422,4052500
2015-11-30,50.84451836557334,51.025888401446224,50.391090393066406,50.391090393066406,15147500
2015-12-01,50.88986766368118,51.26017232744257,50.625368450744766,51.09391403198242,12708800
2015-12-02,51.26016581917389,51.29794812156752,50.23995140415089,50.375980377197266,13440900
2015-12-03,50.504467885034494,50.65560867768533,49.55982351683761,49.72608184814453,14626900
2015-12-04,49.95279524643367,51.38865590272853,49.89989539010106,51.30552673339844,17786000
2015-12-07,51.13170567683966,51.19971729392436,50.179502678098096,50.632930755615234,11686000
2015-12-08,50.06614301136,50.60270022949045,49.65049725368466,49.84698486328125,13084500
2015-12-09,49.582474643863016,50.315519309045364,49.15171721126557,49.4691162109375,16770200
2015-12-10,49.529585354434644,50.255071407690146,49.18195698093622,49.58248519897461,12839000
2015-12-11,48.97034912279465,49.2424070663607,47.995472903133084,48.41867446899414,17889300
2015-12-14,48.53959305312185,48.94012121318997,48.0634887555203,48.56981658935547,17638200
2015-12-15,49.174395817370616,50.368427410990456,49.174395817370616,49.952781677246094,18126600
2015-12-16,50.56491508426773,51.192154421143556,49.809199760448344,51.03345489501953,21720000
2015-12-17,51.31306303249335,51.388633399067984,49.937661604497215,50.088802337646484,18122100
2015-12-18,49.854536850376356,49.854536850376356,48.66806411743164,48.66806411743164,23819600
2015-12-21,49.13659264272028,49.54467948342904,48.99301069618006,49.52956771850586,18869300
2015-12-22,49.816757501241696,49.877216116654466,49.10638894991984,49.6353874206543,12149500
2015-12-23,49.967907161535166,50.51957620610239,49.915007311156785,50.42889404296875,12524500
2015-12-24,50.34575642058012,50.54979701898573,50.11903951955141,50.33063888549805,4468200
2015-12-28,50.09638274905409,50.21729423468564,49.65806636162948,50.16439437866211,6610600
2015-12-29,50.51200068738575,50.85963474962596,50.43643032128328,50.68581771850586,9820800
2015-12-30,50.66314581284603,50.67070457894633,50.217270863315676,50.32307052612305,7190700
2015-12-31,50.02081196470793,50.46668135266601,49.87722417132734,49.89989471435547,14654300
2016-01-04,48.65218723185819,48.735871119789884,47.937047681708194,48.401126861572266,25393200
2016-01-05,48.46200251417852,48.78913737686413,47.95988455685423,48.484825134277344,16566700
2016-01-06,47.71643371735404,48.02835543550457,47.427334619357545,47.78490447998047,22961500
2016-01-07,46.75783379600223,47.16865829053587,45.70795284619013,45.852500915527344,27630900
2016-01-08,46.50678004068519,46.613289458425186,44.772188558952266,44.825443267822266,22373300
2016-01-11,44.7569694519043,45.05367504812174,44.15594878655104,44.7569694519043,20925500
2016-01-12,45.228662799854256,45.312349603042165,44.20160144549914,44.85587692260742,22971600
2016-01-13,45.2362646456788,45.4036382345677,43.296263937470364,43.6234016418457,28808100
2016-01-14,44.247243540357104,45.17540191851408,43.585361581623424,44.27767562866211,31296300
2016-01-15,42.9463013540592,43.79837949391507,42.7713212031526,43.395164489746094,38131700
2016-01-19,43.92013033038493,44.102720059838525,42.991971434812655,43.37236404418945,22818900
2016-01-20,42.322455467632665,42.740886489937076,41.584493348658576,42.23115921020508,34646100
2016-01-21,42.4061530476346,42.99956436115828,41.88881906583706,42.03336715698242,31301100
2016-01-22,42.938688838825016,43.486454769576035,42.83217944165974,43.326690673828125,22732200
2016-01-25,42.96912683653008,43.25061641093505,42.29963537373627,42.34528350830078,21114400
2016-01-26,42.489837743698715,43.47886048755962,42.45940855173954,43.42560577392578,17535700
2016-01-27,43.42559657742471,44.33092941963634,43.029988144093586,43.395164489746094,20560000
2016-01-28,43.76034844472039,44.10270223522636,43.083250338033096,43.5777587890625,15497900
2016-01-29,43.996180254383944,45.29712138482137,43.75272648227318,45.26668930053711,26992200
2016-02-01,45.008035308361045,45.38082119244611,44.46026924265699,44.77980041503906,16807900
2016-02-02,44.034226831049125,44.11030415328388,43.17453915941007,43.38755798339844,22448200
2016-02-03,43.64621891541915,43.973356579752775,41.858375970290815,43.67665100097656,31543200
2016-02-04,43.410388188204514,44.52113346486075,43.410388188204514,44.429840087890625,21651300
2016-02-05,44.56677070974062,44.99280829956247,43.68425764016469,43.93531799316406,22001300
2016-02-08,43.12890560322452,43.30388582524241,42.254004493135064,43.01478958129883,28267600
2016-02-09,42.0638045211675,43.128901809612074,41.942079033854846,42.75611877441406,26300000
2016-02-10,43.03760459624965,43.67666407340879,42.20074230809176,42.2387809753418,22389600
2016-02-11,41.006304037048096,41.01391060849604,39.94120410017781,40.37485122680664,44334700
2016-02-12,42.33769266128409,43.79839868389279,41.97251325346702,43.7375373840332,37011400
2016-02-16,44.30049893319127,44.5819884989838,43.8516357812803,44.39179229736328,23730700
2016-02-17,44.77220315839427,45.07651836730958,44.422242699657104,44.711341857910156,21580100
2016-02-18,44.76457974021911,44.77979578515591,43.55493173830029,43.98097229003906,17037800
2016-02-19,43.74513167567077,44.25485616476592,43.425603411252446,43.988582611083984,15658200
2016-02-22,44.51352163213847,44.795014124642414,44.44505087749751,44.55916976928711,14882800
2016-02-23,44.04943493457233,44.193982981624366,42.5735107711258,42.69523620605469,31772500
2016-02-24,41.995316452862234,42.76370773082257,41.3334345696525,42.710453033447266,25560100
2016-02-25,42.70287514124531,43.38758009682436,42.63440435547087,43.37236404418945,14473300
2016-02-26,43.85164725546053,44.209217136760884,43.471254752686356,43.775569915771484,20947500
2016-02-29,43.67666710347405,43.82882468519439,42.82458870887042,42.83219528198242,19554100
2016-03-01,43.18215036306151,45.03846740722656,43.11367960483962,45.03846740722656,23958100
2016-03-02,45.03846277736269,45.57101274188077,44.85587314015278,45.464500427246094,20943100
2016-03-03,45.32756869515333,45.61666488647461,44.962389365400924,45.61666488647461,15790600
2016-03-04,45.72317355411354,46.065527356205955,45.28952637218454,45.68513488769531,18459000
2016-03-07,45.29712824723221,45.68512722306592,45.12975466047537,45.6014404296875,12832400
2016-03-08,45.04607851238059,45.266706855760056,44.642863396811805,44.71894073486328,14132900
2016-03-09,45.00042180028798,45.297127406091825,44.64285201782504,44.977596282958984,13238800
2016-03-10,45.33518391276798,45.39604521122298,43.980987372789926,44.58961486816406,21139200
2016-03-11,45.18300478166615,45.27429813692571,44.62002570504152,45.14496612548828,21055000
2016-03-14,45.00042180028798,45.12214725144247,44.581987841165954,44.977596282958984,13436100
2016-03-15,44.53634948098739,45.0460739794005,44.4526626762535,45.03846740722656,10910500
2016-03-16,44.87109140492396,45.45689610465789,44.483092397133426,44.825443267822266,17423900
2016-03-17,44.71132200093584,44.985204986891056,44.11791079947527,44.69610595703125,19405700
2016-03-18,45.68513413142664,46.385057771025124,45.38842847524626,46.012271881103516,29570200
2016-03-21,45.81446830015911,46.27093808620279,45.61666259795316,45.99705505371094,12684400
2016-03-22,45.639485180848865,46.08834836583522,45.35799269215028,45.829681396484375,12042700
2016-03-23,45.90575551430652,46.03508753886318,45.54057915406193,45.6014404296875,11658700
2016-03-24,45.11453480155812,45.27429890150125,44.787397129009726,45.2514762878418,12921200
2016-03-28,45.2895203614921,45.456893954116,45.02324682973938,45.19062042236328,11159700
2016-03-29,45.13737171400848,45.13737171400848,44.52874144255899,44.90913391113281,15933400
2016-03-30,45.23626406379109,45.82206871520309,45.17540278817313,45.42646026611328,13307100
2016-03-31,45.22866441929364,45.59384083541835,44.96999742843478,45.05368423461914,14904700
2016-04-01,44.90152506755575,45.692742058688275,44.551564710688545,45.54819107055664,15417500
2016-04-04,45.55584863166182,45.655483711033284,45.18796863511755,45.371910095214844,12305000
2016-04-05,44.90439837329733,45.08833984713358,44.61315892457766,44.72812271118164,12886600
2016-04-06,44.59016947191716,45.126662295674755,44.4138938013605,45.07301330566406,12167900
2016-04-07,44.65147296498622,44.78176543315138,43.73943738243064,43.9310417175293,19226800
2016-04-08,44.229950434656345,44.896735722644536,44.21462173478472,44.25294494628906,13547700
2016-04-11,44.38324128568011,45.126667262874186,44.38324128568011,44.60550308227539,17627800
2016-04-12,44.71278489362661,45.517522464801914,44.60548694062323,45.4332160949707,17779200
2016-04-13,46.352933177862376,47.6405148986628,46.27629259214964,47.35694122314453,37516800
2016-04-14,47.28028922833326,48.215319409202635,47.21897735549697,47.97006607055664,24249900
2016-04-15,48.19234212225001,48.20767082592011,47.09636466087401,47.41825866699219,19290700
2016-04-18,47.24197155241941,47.96240583268931,47.15766516441756,47.724815368652344,13813100
2016-04-19,47.939410675302,48.65217913416335,47.939410675302,48.5295524597168,19255600
2016-04-20,48.652185058656954,49.28831009617009,48.39926879090984,49.23466110229492,14594400
2016-04-21,49.24999042827206,49.556558599232694,48.544884804522916,48.7441520690918,15395800
2016-04-22,48.774828827945186,49.34197636855743,48.774828827945186,49.027748107910156,12444700
2016-04-25,48.7441520690918,49.012399949595036,48.399266531324535,48.7441520690918,10687200
2016-04-26,48.9051048399663,49.104372116241876,48.537224767391514,48.997074127197266,12048000
2016-04-27,48.94341305510674,49.54121766006657,48.744142904353325,49.13501739501953,15284100
2016-04-28,48.774809470918015,49.372614188275406,48.5525476931541,48.7441520690918,12852500
2016-04-29,48.353273727130194,48.75181112468397,48.05437140987745,48.43758010864258,16376400
2016-05-02,48.81313081628787,49.05072130009952,48.3916017648453,48.889774322509766,10247300
2016-05-03,48.207649259254644,48.2153121458359,47.3645884764673,47.94706726074219,19120300
2016-05-04,47.326267877250146,47.717139410559106,46.95838792717996,47.18831253051758,17030200
2016-05-05,47.21132123044257,47.51788942847378,46.79745796384677,46.9354133605957,14033900
2016-05-06,46.521544942662736,47.27263377585715,46.437238546058616,47.21131896972656,11057900
2016-05-09,47.03504505870638,47.43358254260969,46.78979167225065,46.912418365478516,11197100
2016-05-10,47.17299994886012,47.717155711503125,47.01971585305408,47.548545837402344,11897200
2016-05-11,47.49488771571375,47.97772857779039,47.37226104736328,47.37226104736328,11254000
2016-05-12,47.72482255550092,47.94708435303957,47.03504557129511,47.34161376953125,11071700
2016-05-13,47.28795572189619,47.824448504292675,46.76679163884252,46.904747009277344,15122300
2016-05-16,46.912424243103054,47.510232005682425,46.7514772362611,47.2573127746582,10951300
2016-05-17,47.08103706378587,47.64052160446362,46.86644105466327,47.2573127746582,12180900
2016-05-18,47.28795078780131,49.18099964253259,47.280284977104536,49.08136749267578,24007100
2016-05-19,48.69050416188795,49.21933412238769,48.20766322880231,48.58320617675781,16076200
2016-05-20,48.94342259549149,49.1963417768292,48.56787672965238,48.675174713134766,11862000
2016-05-23,48.62918556196393,48.95107947288184,48.40692380995847,48.63684844970703,9347500
2016-05-24,49.00473589237307,49.6408609229701,48.90510371834577,49.4645881652832,13839400
2016-05-25,49.77115005664565,50.73683181384706,49.755818433470466,50.215667724609375,18935200
2016-05-26,50.253988317557756,50.261654128746045,49.748155877843644,49.84012222290039,9428400
2016-05-27,49.97809281373484,50.16969722071004,49.85546903386799,50.146705627441406,10116000
2016-05-31,50.37662027396714,50.445595036,49.78647557805933,50.02406311035156,15139400
2016-06-01,49.63318656381878,50.522227601586366,49.24997790935171,50.34595489501953,14031000
2016-06-02,50.215673094089844,50.43793487548828,49.93976816774522,50.43793487548828,10637600
2016-06-03,49.24232308397032,49.70983821449718,48.70583026330588,49.54122543334961,20261700
2016-06-06,49.541223947213844,50.39961360398727,49.51056654726109,50.03173065185547,13193500
2016-06-07,50.162015716923264,50.384277461169155,49.847787628369154,49.86311340332031,9924100
2016-06-08,49.763482321126006,50.185014232631836,49.75581650983478,50.00873565673828,9428000
2016-06-09,49.65618382576174,49.740490207169024,49.25764350505442,49.625526428222656,10817800
2016-06-10,48.99707446805605,49.1043724578471,48.72882949357841,48.928096771240234,16678400
2016-06-13,48.65218079319849,49.311297363542906,48.48356801371585,48.491233825683594,14314900
2016-06-14,48.03905008426598,48.644520622920396,47.27263256910366,47.579200744628906,19509300
2016-06-15,47.83211860046868,48.26897636479687,47.448909830100035,47.494895935058594,16982100
2016-06-16,47.09635492178702,47.747808612969514,46.67482589080712,47.68649673461914,16791200
2016-06-17,47.747811611619184,48.06204268248219,47.46423794368205,47.73248291015625,15751500
2016-06-20,48.62917707432892,48.935742232602955,47.77845342445739,47.80144500732422,12213200
2016-06-21,48.07736653365114,48.28429959704798,47.62518011889149,48.24597930908203,11611600
2016-06-22,48.24598755782172,48.828463635983155,48.039054459045,48.06204605102539,12643500
2016-06-23,48.82079099353936,49.165679422601706,48.6904985098267,49.08903884887695,16583600
2016-06-24,46.35293027761026,47.287960567786754,45.47921479108831,45.67848205566406,44108700
2016-06-27,44.9963746519497,45.02703205630257,43.72412160781553,44.153316497802734,37300700
2016-06-28,45.36424546306565,45.64015619855724,44.65147703759583,45.617164611816406,29088700
2016-06-29,46.26095625513165,46.91240989712352,45.98504551426201,46.904747009277344,21483000
2016-06-30,47.23431524925261,47.663507213604426,46.766800067811396,47.625186920166016,21343600
2016-07-01,47.625189315245045,47.89552249123132,47.23899738017287,47.31623458862305,14217800
2016-07-05,46.6905955795691,46.80645136753025,45.64787580945861,45.99544906616211,23357700
2016-07-06,45.5783672952412,46.56702057480989,45.38527134289558,46.48978042602539,20429800
2016-07-07,46.74467153271999,47.22354870063767,46.466612871861145,46.791015625,13771400
2016-07-08,47.37029314020297,48.01909261149905,47.37029314020297,47.75648498535156,16998800
2016-07-11,48.2121883352697,48.62155369299795,47.995921845729455,48.09633255004883,13151400
2016-07-12,48.683340920837296,49.09270626229467,48.5752076803651,48.81464767456055,16588100
2016-07-13,48.72196708985304,48.992300216717844,48.38211636304002,48.783756256103516,18526900
2016-07-14,50.004119795878154,50.18949612933276,49.47117904245133,49.525245666503906,28985900
2016-07-15,50.011852783831486,50.05047433229873,49.131335692731014,49.57159423828125,17607100
2016-07-18,49.532964734376,49.74151163409111,49.35531978272832,49.40166091918945,10824400
2016-07-19,49.13132881399282,49.50979518613584,49.01547007763309,49.324424743652344,9737400
2016-07-20,49.51752740135041,49.61021558159593,49.208572693352906,49.37849807739258,10411100
2016-07-21,49.43256673429384,49.57159606394689,49.14678553285617,49.1931266784668,9808700
2016-07-22,49.3553143357786,49.50206321598336,49.12359689340572,49.46344757080078,8195700
2016-07-25,49.417116011183666,49.56386787497268,49.185401456523486,49.3321533203125,8168300
2016-07-26,49.417107016036034,49.63337644790813,49.20856307087895,49.532962799072266,8067800
2016-07-27,49.494346862530044,49.9655013714624,49.47889588919011,49.687442779541016,11806800
2016-07-28,49.43256275653245,49.579317562918526,49.21629623732393,49.50979995727539,10013400
2016-07-29,49.27810174884028,49.65657122936283,49.2394831356632,49.40940856933594,13210400
2016-08-01,49.548419887872626,49.671998226466286,49.13133194608059,49.27808380126953,11422600
2016-08-02,49.115879733085606,49.44028242009215,48.95367986278733,49.16222381591797,13550000
2016-08-03,49.193113380439954,49.9500490003725,49.162220273854174,49.94232940673828,13122300
2016-08-04,49.81102660417881,50.065914657064404,49.64110123558841,49.86509323120117,9873000
2016-08-05,50.31307742411358,51.26311203739535,50.25901079687448,51.20904541015625,20752700
2016-08-08,51.03138342080796,51.355783113474594,50.853732602736734,51.0545539855957,11359200
2016-08-09,51.11636353039266,51.19360073698208,50.73789709312974,50.87692642211914,10097000
2016-08-10,50.91553252881595,51.031391263379106,50.328525154584014,50.421207427978516,11556100
2016-08-11,50.413486894829816,50.73789256204855,50.2203909491899,50.56024169921875,9604500
2016-08-12,50.18178472380048,50.4752884949006,50.096822020330656,50.452117919921875,7685400
2016-08-15,50.63747838955,50.846025308722886,50.560241190635075,50.76106262207031,8371600
2016-08-16,50.48299712487191,50.94642614814499,50.390308963089396,50.75333023071289,10128900
2016-08-17,50.82284898394901,50.96187828338259,50.622027575251636,50.89236068725586,11868100
2016-08-18,50.683827083546134,50.969605318175425,50.614309477270936,50.9387092590332,9313600
2016-08-19,50.76105316446915,50.90780794003911,50.37486134902775,50.86918640136719,9084900
2016-08-22,50.78422773196663,50.884635490477784,50.52162010532827,50.82284927368164,9055600
2016-08-23,51.03138863026587,51.239929627463255,50.79195157925783,50.7996711730957,8949600
2016-08-24,50.969605318175425,51.15498167302878,50.79967993930355,50.9387092590332,10167200
2016-08-25,50.90780900982951,51.08545394868675,50.815120850760806,51.03138732910156,9978700
2016-08-26,51.2322176312218,51.65702517527194,50.861470823332745,51.147254943847656,14038600
2016-08-29,51.355786690426264,51.826941183323534,51.33261612402468,51.711082458496094,14583100
2016-08-30,51.71108142379671,52.21313195945695,51.71108142379671,52.135894775390625,13791200
2016-08-31,52.10499872320021,52.344435761651646,51.64156972598285,52.135894775390625,14952300
2016-09-01,52.24403241908652,52.30582452868028,51.479374214528384,51.91190719604492,12226500
2016-09-02,52.05866593386895,52.197695244595934,51.73426617311278,52.128177642822266,13720700
2016-09-06,52.135906419325266,52.1745279663938,51.52572251113097,52.08956527709961,16649400
2016-09-07,51.873294830322266,52.205414181564414,51.7188145465605,51.873294830322266,10070400
2016-09-08,51.91965092665111,52.27494684243047,51.749725511969245,51.94282150268555,12253000
2016-09-09,51.77288144806014,52.081836124406756,51.471652259147774,51.47937774658203,19686900
2016-09-12,51.08545940837899,51.981427363339904,50.791955712522935,51.796051025390625,16453000
2016-09-13,51.06229606373872,51.641583942943605,50.838304043307645,51.386695861816406,18876100
2016-09-14,51.185875542406016,51.94281431409964,51.13953439675049,51.28628921508789,12648600
2016-09-15,51.20132364347541,51.69564881210489,51.04684334526568,51.471656799316406,12531300
2016-09-16,51.04682066803518,51.17813033638517,50.54477612714099,50.838279724121094,25161500
2016-09-19,51.09318078941989,51.471647136547816,50.86146333201601,51.12407684326172,13466900
2016-09-20,51.5566106879255,51.63384787743333,51.16269336076977,51.332618713378906,10092200
2016-09-21,51.62612533569336,51.85011732301777,51.21676290441157,51.62612533569336,14116800
2016-09-22,51.74198678262988,52.07411203739071,51.626128039281596,52.050941467285156,12781700
2016-09-23,52.05095478606092,52.44487225711233,51.888754860997864,51.94282150268555,13967400
2016-09-26,51.440758021595116,51.59523831164226,50.62203310921707,50.807403564453125,16408100
2016-09-27,50.52163166403222,51.29401553248472,50.28991414636796,51.255393981933594,13711400
2016-09-28,51.42531092398391,51.57205982775293,50.96960145222671,51.525718688964844,11278000
2016-09-29,51.517988608925414,51.91190593196873,50.475271829405834,50.70698928833008,18727200
2016-09-30,51.03911771975694,51.79605046668097,51.03911771975694,51.43302917480469,21680100
2016-10-03,51.24766210578747,51.68792062021904,51.17815039484484,51.371246337890625,14901700
2016-10-04,51.511278335123606,52.265937805837396,51.42569802799169,51.814697265625,17226900
2016-10-05,52.04031479022521,52.958353180032894,51.97029778026064,52.662715911865234,16280000
2016-10-06,52.69383795436608,52.88055592153079,52.164798767685106,52.802757263183594,17485000
2016-10-07,52.740512185270575,53.043931086055544,52.4370932844856,52.989471435546875,18497000
2016-10-10,53.1684229902563,53.728582947926945,53.08284860262292,53.401824951171875,13027500
2016-10-11,53.29289836922384,53.54185765702603,52.849439452336895,53.145076751708984,15657100
2016-10-12,53.10618282567689,53.36291783675706,52.942803842023004,53.00503921508789,11899800
2016-10-13,52.48376816143493,52.80275033516047,51.98584969055402,52.70160675048828,17890000
2016-10-14,53.526303504175225,53.70523984968175,52.35930565977307,52.530460357666016,24163800
2016-10-17,52.45267458479464,52.740536260692565,51.92363519450027,52.258174896240234,14963400
2016-10-18,52.78720268359735,53.06728264840523,52.546025022213165,52.670501708984375,11870300
2016-10-19,52.75606579000854,53.29288654660333,52.75606579000854,53.176185607910156,12705800
2016-10-20,52.96613070959525,53.432928546715154,52.85721141212249,53.106170654296875,14122000
2016-10-21,52.75606375348701,53.31622348906554,52.670483464126065,53.28510284423828,12175700
2016-10-24,53.6585634419992,53.72080475345557,53.29290315676572,53.58076477050781,10197100
2016-10-25,53.58853007195959,53.627432367976745,53.19953085441607,53.52629470825195,9945100
2016-10-26,53.19175690702936,53.87639341576494,53.19175690702936,53.78303146362305,9801300
2016-10-27,54.06310752607467,54.28094612986874,53.7596886228391,53.86083221435547,14210700
2016-10-28,54.09422922551595,54.1097925178932,53.26955279922885,53.76747131347656,12766500
2016-10-31,54.01643648301965,54.13313744599502,53.860839156157525,53.884178161621094,14336300
2016-11-01,54.055338791766474,54.2887347820994,53.16063932301308,53.6585578918457,15564500
2016-11-02,53.40961005569189,53.56520741593255,52.911691380131224,53.43294906616211,12449800
2016-11-03,53.572969579150644,53.829710472259194,53.07505108469224,53.199527740478516,10369700
2016-11-04,53.285110051894875,53.33956970379509,52.62381258291883,52.7171745300293,13571300
2016-11-07,53.744128610543484,54.43654668223885,53.681887316633315,54.36652374267578,16515100
2016-11-08,54.22649727079511,54.88780079548072,53.868618645387876,54.483238220214844,17531700
2016-11-09,55.59575892023547,57.68857628859956,55.48683963090446,56.98837661743164,50948400
2016-11-10,57.743050269833105,60.10038480166909,57.743050269833105,59.63358688354492,56192300
2016-11-11,59.361288242066074,59.68804618925764,58.9489440489062,59.66470718383789,27574300
2016-11-14,60.10037969454596,62.58219662600284,60.10037969454596,61.85865783691406,46130700
2016-11-15,60.97173426606613,61.780853281450675,60.5127121421859,61.74195098876953,28126300
2016-11-16,60.85504148751635,60.95617915213607,59.81252044750145,60.21708297729492,26054900
2016-11-17,60.62941536637351,61.0417535674235,60.37267447059104,60.699432373046875,19306700
2016-11-18,60.652763024386715,61.010641626100444,60.33378672236999,60.4582633972168,19770000
2016-11-21,60.683891274534055,60.8161496130103,60.131512976493575,60.72279357910156,11983500
2016-11-22,60.956181954869464,61.11956092937831,60.49716568396237,61.096221923828125,14410100
2016-11-23,61.36072124983318,61.648576790075644,60.598280388737756,61.35293960571289,13373700
2016-11-25,61.539665851697876,61.81196407624288,61.049529047516856,61.32960891723633,6185700
2016-11-28,60.82390009227095,61.36072075478939,60.699417529971775,60.93281936645508,13007200
2016-11-29,60.98731224873875,61.58637451896553,60.98731224873875,61.39965057373047,14144100
2016-11-30,62.17764315280485,62.652222746678895,62.006482520829564,62.37214279174805,25351900
2016-12-01,62.74559314101696,64.01372882048277,62.74559314101696,63.632511138916016,23823600
2016-12-02,63.64030256663492,63.66364158032512,62.940102477630944,63.48469924926758,16931500
2016-12-05,64.0292757537153,64.79949256859224,64.02149410711651,64.77615356445312,18529800
2016-12-06,65.0406795564923,65.20405854464587,64.1304226500689,65.11070251464844,16130000
2016-12-07,65.00178489558989,65.421898912923,64.45718231845673,65.40634155273438,18996900
2016-12-08,65.53081787682382,66.51887338441168,65.30519759400127,66.22323608398438,20844900
2016-12-09,66.14541770334833,66.51885952641351,65.46078128599466,66.51107788085938,14567200
2016-12-12,66.40994429214832,66.74448384355581,65.57748623664457,65.91980743408203,14511300
2016-12-13,66.1142986996978,66.65111349495001,65.21181781502054,65.9431381225586,16669000
2016-12-14,65.25850404164025,67.0012247416339,65.16514803190768,65.91980743408203,22622600
2016-12-15,66.44107711983392,67.28909268718941,66.05207784622326,66.90787506103516,19438900
2016-12-16,67.1335031503798,67.1335031503798,66.04430387061463,66.08320617675781,23008500
2016-12-19,65.97428712634294,66.47220578169463,65.4997074805142,66.46442413330078,21685100
2016-12-20,66.74448849096382,67.32798733504836,66.55777052284077,67.32020568847656,14587300
2016-12-21,67.24241186749065,67.53804916625988,66.9312112744581,67.49137115478516,11400500
2016-12-22,67.25019144451441,67.81812701883324,67.07124917994021,67.60028839111328,13924200
2016-12-23,67.68589779433817,67.80259880525351,67.2190996863368,67.72480010986328,10759400
2016-12-27,67.72475957641386,67.81033987082108,67.49135769427484,67.78699493408203,6946400
2016-12-28,67.810349207751,67.98928553112675,67.18016641346719,67.29686737060547,9455600
2016-12-29,67.35910166941949,67.4291186750287,66.16098344296782,66.82228088378906,14689000
2016-12-30,66.98567751377232,67.23463682552473,66.64336216989913,67.13349914550781,13617800
2017-01-03,67.95038913626816,68.27715303177224,66.8923165904312,67.86481475830078,20550700
2017-01-04,68.02907128749384,68.20117891035628,67.59098349729744,67.98995971679688,15266600
2017-01-05,67.91176872359985,68.14646217412782,66.69920181187837,67.3641586303711,14300800
2017-01-06,67.58317511614791,67.7631074840003,67.23114105237146,67.37195587158203,12893300
2017-01-09,67.066850254702,67.88044026118511,66.90256134440332,67.41888427734375,12806600
2017-01-10,67.33283418503859,67.98214725418973,67.05902926687233,67.61446380615234,13989000
2017-01-11,67.61447225889114,68.12297058105469,67.20767718226051,68.12297058105469,14713100
2017-01-12,67.87262895817376,68.27159930258236,67.29372027873792,67.46582794189453,21337400
2017-01-13,68.14643842920488,68.97567798672627,67.35631045414186,67.82569122314453,28296000
2017-01-17,66.44102671780611,66.66789541564557,65.15022493903041,65.3614501953125,30024600
2017-01-18,65.42402396742727,65.89341073038577,64.95464317296941,65.66654205322266,21270100
2017-01-19,65.76042460710624,66.23763017827405,65.0250634393489,65.16587829589844,16555600
2017-01-20,65.26754069586897,65.58046309516438,65.15801875139034,65.45529174804688,18436800
2017-01-23,65.16587674600872,65.7134867481763,65.09546633515781,65.48661804199219,12179200
2017-01-24,65.6508884006174,66.49577735712445,65.36925874844839,66.2767333984375,15175300
2017-01-25,67.15290466965943,67.4110661613538,66.62876295149196,67.30154418945312,17551000
2017-01-26,67.2389696987778,68.02127303893111,67.2389696987778,67.86481475830078,15962800
2017-01-27,67.79438839758858,68.04472514673769,67.48928470257978,68.00560760498047,12535400
2017-01-30,67.42671556791093,67.66922765304815,66.74610962667121,67.30154418945312,13661900
2017-01-31,66.96516453851665,67.39543376181322,65.7838848269667,66.20632934570312,15655100
2017-02-01,66.9182194218256,67.35630732339891,66.24543816240941,66.45665740966797,15430900
2017-02-02,65.97948056402622,66.4253993309535,65.83867165047353,66.17505645751953,11081400
2017-02-03,67.42673887704989,68.30291495514561,67.1764020020937,68.20121765136719,17885200
2017-02-06,67.89608916321293,68.41240612382903,67.75527436149959,67.88043975830078,11828400
2017-02-07,68.16992037811002,68.37332094098717,67.65360321819294,67.84135437011719,9392800
2017-02-08,67.41888804945076,67.52058531382633,66.78522438584224,67.24678039550781,13970900
2017-02-09,67.24679579014702,68.31855353691954,67.24679579014702,68.21685028076172,13749100
2017-02-10,68.43588719392683,68.43588719392683,67.9743251980459,68.06037902832031,10992500
2017-02-13,68.40462530734769,69.42161635589684,68.39680060055429,68.9600601196289,18739100
2017-02-14,69.07738952074477,70.17260945700491,68.92874997146617,70.0630874633789,17932100
2017-02-15,70.46988792213705,71.08790829118644,69.89880384464806,70.86885833740234,17381800
2017-02-16,70.72022501399672,71.22089868745681,70.22737007682439,70.8219223022461,17672700
2017-02-17,70.26647966123484,70.77497798179957,70.16478238452203,70.58722686767578,15776600
2017-02-21,70.80627418768069,71.30694782809437,70.76715663482001,71.19742584228516,14068300
2017-02-22,70.81408963507639,71.42429120146407,70.73586050148832,71.23653411865234,11839000
2017-02-23,71.33040783159939,71.4555732431676,70.81408484156823,71.29129028320312,11067000
2017-02-24,70.54812722368754,70.8297569506086,70.19609304928713,70.66547393798828,15062300
2017-02-27,70.65761378645452,70.97836091340581,70.42292047558777,70.74366760253906,12361000
2017-02-28,70.28994947875499,71.0487846257271,70.08654895198401,70.89232635498047,15183500
2017-03-01,72.58989302519491,73.52083546585767,72.44907825239297,73.22355651855469,24451400
2017-03-02,73.43480814559273,73.47391972694973,71.9953670635519,72.0814208984375,16862500
2017-03-03,72.08141719058578,72.84025225817896,72.08141719058578,72.59774017333984,12817500
2017-03-06,72.16749384842703,72.22225485163158,71.26784367992245,71.90933227539062,15059200
2017-03-07,71.69027951903449,72.04231364405696,71.35388883509037,71.5103530883789,11156800
2017-03-08,72.50385311396612,72.63684321140103,71.2678127568084,71.35386657714844,17378400
2017-03-09,71.65897381792908,72.08141827330059,71.3069397560361,71.63550567626953,13726200
2017-03-10,71.93278741843132,71.971904971577,70.82191814370148,71.40864562988281,13729900
2017-03-13,71.43209675061046,71.79978017595089,71.13482371045184,71.4712142944336,10004300
2017-03-14,71.20523676434554,71.69809161490409,71.00966095850484,71.58856964111328,10237700
2017-03-15,71.81543450695835,72.40216189355606,71.29128683887136,71.76067352294922,16601400
2017-03-16,71.99536726073572,72.60556284177747,71.63550848136495,71.69026947021484,14492000
2017-03-17,71.8389278172811,72.00321082686746,70.9158095001994,70.93927764892578,21734700
2017-03-20,70.61851436038539,71.32258850509768,70.24301212887241,70.4307632446289,14623600
2017-03-21,70.6889279429688,70.90797191596728,68.10732461891392,68.36548614501953,33089200
2017-03-22,67.97430218033524,68.89741989100773,67.2858777397566,68.4749755859375,21741000
2017-03-23,68.22467130973472,69.23384330119251,68.13079276337795,68.36548614501953,16090100
2017-03-24,68.67841364834527,68.91310107851741,67.88046086765722,68.28726196289062,16093200
2017-03-27,66.9103930170486,68.3733021776068,66.67570563367288,68.24813079833984,16689300
2017-03-28,68.07602458617133,69.64063104933638,68.04473770918803,69.31206512451172,16264400
2017-03-29,69.31204784808824,69.48415547109758,68.90525289520129,69.05388641357422,10207600
2017-03-30,68.99912455551257,69.9848280401623,68.93654484944628,69.6484375,11631000
2017-03-31,69.39810459861255,69.42157273574433,68.64709436790152,68.71749877929688,16987600
2017-04-03,68.83486183003745,68.97567665486928,67.7474607815862,68.46717834472656,19831800
2017-04-04,68.36490442803493,68.97860614716474,68.23115015649017,68.69535827636719,14280800
2017-04-05,69.56870481091818,69.66312276869186,67.76693596893456,67.81414794921875,17635500
2017-04-06,67.64890592727657,68.38062842903084,67.07454065056466,68.04230499267578,14379600
2017-04-07,67.60955963416889,68.30193978745143,67.43646309515,67.80625915527344,13097100
2017-04-10,67.72757652708947,68.20752381031842,67.19255362133227,67.5702133178711,15081600
2017-04-11,67.30272351257435,67.49942307649836,66.7204944841417,67.45221710205078,14690500
2017-04-12,67.6095756705673,67.62530899475856,66.90145602607254,67.19257354736328,14730600
2017-04-13,67.27125389729625,68.44358167039647,66.40577697753906,66.40577697753906,30529800
2017-04-17,66.43724471495503,67.72759333684259,66.38216907875717,67.55449676513672,19071700
2017-04-18,67.16109564410499,67.37352851944368,66.67327859320217,67.00373840332031,14127000
2017-04-19,67.27126639549766,67.60172029852389,66.37431665711469,66.45299530029297,17588500
2017-04-20,66.8621254677888,67.49156053710793,66.52380194201662,67.31060028076172,15635800
2017-04-21,67.27121713310054,67.41284098822923,66.4922889312883,66.50015258789062,19820600
2017-04-24,68.0973775842227,69.27757472777739,67.99508998999372,68.84483337402344,25468300
2017-04-25,69.67096694552521,70.12730523417373,69.44279479980469,69.44279479980469,18253800
2017-04-26,69.51363092613711,70.0643933562089,69.34840399795404,69.57657623291016,12832200
2017-04-27,69.52937254220076,69.52937254220076,68.45932630302701,68.93140411376953,13329000
2017-04-28,68.92351659224168,69.12021612932159,68.41209659527522,68.4514389038086,10755600
2017-05-01,68.73467614769467,69.03365723707441,68.10523532471434,68.4986343383789,15712300
2017-05-02,68.22327133558282,68.35702558917484,67.68037865562312,68.05804443359375,14414200
2017-05-03,67.71184672349422,68.53011751808187,67.68037407722622,68.4514389038086,11540500
2017-05-04,68.99431953898781,69.0257921797782,68.11310360523461,68.53010559082031,11540100
2017-05-05,68.6481384408885,68.7189473928964,67.99509453711276,68.4514389038086,9436000
2017-05-08,68.48289963103097,68.70320211377117,68.17604888681537,68.53010559082031,8162200
2017-05-09,68.6560219300311,69.11236038583704,68.05805353609904,68.25475311279297,10273900
2017-05-10,68.08165239993774,68.8291143477644,68.0344464252856,68.7897720336914,8334900
2017-05-11,68.52227277805447,68.82912969007607,67.94004361731753,68.57735443115234,10907400
2017-05-12,68.19966651641415,68.49078400416462,67.93215201362844,68.38849639892578,8738800
2017-05-15,68.53011087834406,68.83696164623512,68.34128102182486,68.71894073486328,8835600
2017-05-16,68.73470452572722,69.30906396124554,68.71896519711862,68.93140411376953,9795000
2017-05-17,68.9313991120749,68.9313991120749,66.06745379821173,66.3034896850586,24679700
2017-05-18,66.14612622646352,66.72049156925827,65.5875002096599,66.05957794189453,23350100
2017-05-19,66.256245017265,67.14532441051134,66.20903906802093,66.70471954345703,13412900
2017-05-22,67.01949636497378,67.1060446800617,66.25630086072367,66.64183044433594,11636000
2017-05-23,66.6811695809927,67.71974330957597,66.49233963110372,67.47583770751953,11753000
2017-05-24,67.57023192370391,67.64104688804964,67.06668152113502,67.43647766113281,9833800
2017-05-25,67.6567714678605,67.727586423054,66.94078827037762,67.1532211303711,12238500
2017-05-26,66.96438750896579,67.31844425674916,66.8935725577332,67.16108703613281,8113500
2017-05-30,66.98015659496006,66.99589592710187,65.91797978165167,66.01239776611328,12603200
2017-05-31,65.87862556665434,65.94943453367411,64.2342139665896,64.63548278808594,28327900
2017-06-01,64.87938554969342,65.36720264506056,64.2420808627933,65.3514633178711,17123500
2017-06-02,64.74564074382187,65.29639722004532,64.50173516189368,65.0210189819336,14998500
2017-06-05,65.02099428259675,65.70551078827378,64.97378831765113,65.1390151977539,9080200
2017-06-06,64.74562042333878,65.47734294226682,64.61972983811553,65.27277374267578,12196800
2017-06-07,65.54814190505253,66.17758272965722,65.38291503922213,66.02022552490234,13711100
2017-06-08,66.02024371246118,67.45221628027026,66.0045043859742,66.83850860595703,17951000
2017-06-09,67.27911271418002,68.49078260761118,67.18469477345256,68.41996765136719,19120200
2017-06-12,68.41997539504695,69.03367707224933,68.36489975742094,68.43571472167969,16053400
2017-06-13,68.8841879428943,69.12022381194919,68.43571318861643,68.66387939453125,12557200
2017-06-14,68.27048735181458,68.6953591634977,67.52303135148738,68.52226257324219,16175700
2017-06-15,67.86134584476486,68.51438980197055,67.85347618185561,68.11312103271484,12509700
2017-06-16,68.33341243116332,68.41996070067276,67.68036858042588,67.80625915527344,16936600
2017-06-19,68.4278353177755,69.41920265671834,68.33341737980217,69.2933120727539,15972300
2017-06-20,69.04154668371076,69.17530094601712,68.74256550865049,68.86058044433594,11197800
2017-06-21,68.82913876207752,68.88421441963895,68.2626428541334,68.54589080810547,10005900
2017-06-22,68.39636938639019,68.73469286051667,68.17606684561835,68.46717834472656,12180600
2017-06-23,68.97073430715602,69.23824281852283,68.14459378149922,68.34129333496094,18812000
2017-06-26,68.45931382141083,68.97859751771243,68.152463000234,68.64027404785156,10082400
2017-06-27,69.01006576587164,69.97783014211431,68.84483887291188,69.27758026123047,15415200
2017-06-28,69.7103095329089,70.86690368498328,69.7103095329089,70.67020416259766,17466200
2017-06-29,72.6529530825306,72.89686464059304,71.05575347327166,71.71666717529297,27697800
2017-06-30,72.35394266237981,72.38541530241159,71.72450787012117,71.91333770751953,16892700
2017-07-03,72.43550350872995,73.95447020216423,72.3168394228323,73.37694549560547,13208100
2017-07-05,73.66967268289699,74.19972577942305,73.26619663762747,74.11270141601562,17535400
2017-07-06,74.00191873681801,74.76931183930377,73.47977273626871,73.87533569335938,16596100
2017-07-07,74.33423202402314,74.500367835242,73.75671316156924,74.24720764160156,12817800
2017-07-10,73.97028375878048,74.11268668552401,73.6459191894931,73.72503662109375,13987200
2017-07-11,73.83580201147568,73.83580201147568,73.00511717358856,73.44023895263672,13262300
2017-07-12,73.26619178957803,73.440240504876,72.83898295270484,73.18708038330078,13540100
2017-07-13,73.32947295135601,73.87534580248658,73.05257401485223,73.6538314819336,12820100
2017-07-14,71.84215322735045,73.2661825030989,71.66019761955698,72.98137664794922,22235200
2017-07-17,72.64117158315243,72.77566152216595,72.19023011319287,72.30098724365234,14374200
2017-07-18,71.55734364460731,72.45131987951828,71.45449943842112,72.04784393310547,14719400
2017-07-19,72.26143768647248,72.48295801124473,71.99245777439512,72.15068054199219,11651200
2017-07-20,72.11112786799876,72.56206939504328,71.91334639059657,72.15068054199219,11561700
2017-07-21,72.03991596755847,72.2772561302873,71.6127072961332,71.90542602539062,10971300
2017-07-24,71.96083675053988,72.41969138444088,71.92128406295006,72.21399688720703,10725100
2017-07-25,73.07630425645682,73.98609424642919,72.9971868348837,73.41648864746094,16447700
2017-07-26,73.65382638279625,73.72503085850875,72.53042895730157,72.72821044921875,11815500
2017-07-27,72.64911904143683,72.83107468399194,72.11906594590491,72.42760467529297,12332400
2017-07-28,72.34848688947719,72.58582715827116,71.92128406295006,72.21399688720703,9351900
2017-07-31,72.39594656142074,73.0684024970916,72.38803361088925,72.62537384033203,11520300
2017-08-01,73.17124094916083,73.68547404858703,73.00510521595773,73.59844970703125,12523700
2017-08-02,73.47185939251484,73.74083928260524,73.18705360547138,73.66172790527344,10165600
2017-08-03,73.33738387058035,73.67756832023844,72.97346660468311,73.17916107177734,11078800
2017-08-04,73.97027973793853,74.68229433295281,73.94654692407343,74.09686279296875,14324000
2017-08-07,74.27882387786886,74.51616410568016,74.13642094834464,74.38166809082031,7978300
2017-08-08,74.32630283067961,75.3310364679057,74.04940987248045,74.11270141601562,13745400
2017-08-09,73.55889526376879,74.11268102782216,73.4402251612396,73.99401092529297,11214400
2017-08-10,73.4956129688931,73.63010295193949,72.83897688346015,72.93391418457031,13252300
2017-08-11,72.8864285964849,73.31363731617431,72.18232701287046,72.3247299194336,10679500
2017-08-14,73.0763105035497,73.49560631615954,73.04466473937752,73.1712417602539,10994800
2017-08-15,73.81997065850327,74.01775217331938,73.29783059801142,73.36112213134766,8812700
2017-08-16,73.60637075616057,73.75668664189902,72.68866161179751,72.85479736328125,11085400
2017-08-17,72.59373427508284,72.7519570843518,71.59691367641116,71.71558380126953,13837500
2017-08-18,71.44660443658698,72.41969230807643,71.35167315650966,71.78678894042969,13040700
2017-08-21,71.87378621111296,71.94499068014383,71.32791344899691,71.69973754882812,11502100
2017-08-22,72.04784342546994,72.55416357450149,71.99246484778874,72.43549346923828,9211800
2017-08-23,71.88962476795204,73.05257496599684,71.86588591688724,72.52252197265625,8811300
2017-08-24,72.72821895197309,72.87853483486367,72.31683605644736,72.40385437011719,8623200
2017-08-25,72.68865839966821,73.16333885243174,72.62537290367074,72.69657135009766,11794600
2017-08-28,72.9101671848761,72.93389999658363,72.09530242277692,72.46713256835938,7292900
2017-08-29,71.55735343596743,72.2377223658336,71.4465962646695,72.07158660888672,10886100
2017-08-30,72.19025104393448,72.68865827550964,72.14278541306429,72.23771667480469,9165300
2017-08-31,72.63326033856949,72.6649060959874,71.83422759805862,71.90542602539062,13217400
2017-09-01,72.19023752377633,73.06838774528664,71.95289734225027,72.5462417602539,9815800
2017-09-05,72.00829386183415,72.07949834836491,70.42604168610153,70.8136978149414,16897300
2017-09-06,71.20133625741244,71.61271910003128,70.91653042951782,71.28836059570312,11845700
2017-09-07,71.28836400658531,71.30418387075323,69.682379199891,70.03838348388672,14592300
2017-09-08,69.8643306431908,70.7424809296778,69.80895206817864,69.95135498046875,14242200
2017-09-11,70.71872764295433,71.39909624516365,70.37063039462113,71.0351791381836,13219000
2017-09-12,71.33581446349027,72.19023180634079,71.28043589696169,71.90542602539062,14003800
2017-09-13,71.68394378662975,72.3880456052805,71.45451646970335,72.11115264892578,12485400
2017-09-14,72.15069034508866,72.41176337932629,71.78677310152071,71.96873474121094,10562800
2017-09-15,72.05576239823732,72.55416963902802,71.80260230256086,72.48297119140625,18171800
2017-09-18,72.72823085409134,73.68549281924562,72.66493931032565,73.51144409179688,11318700
2017-09-19,73.34530210596893,74.65066141549315,73.19498621120643,74.31838989257812,12626100
2017-09-20,74.44497492113878,75.38641703955652,74.13643618306833,74.84053802490234,15311600
2017-09-21,74.72977580179807,75.44970349931408,74.516174395921,75.18071746826172,10851500
2017-09-22,74.91964881542854,75.1411692217776,74.70604739693077,75.02249908447266,8358300
2017-09-25,74.7693235842411,75.0620363555487,73.93072587912809,74.46078491210938,10463400
2017-09-26,74.19179341906805,74.3895749140158,73.84369605650011,74.12850189208984,9358100
2017-09-27,75.13324930829268,75.72659390402735,74.82471060137571,75.29938507080078,15090200
2017-09-28,75.62374685354231,75.85317416459287,75.08578685829582,75.45761108398438,10270400
2017-09-29,75.39431195333657,75.56835460726856,75.17279159814467,75.5604476928711,11438400
2017-10-02,75.76614333149885,76.64429377829681,75.52089617393273,76.6126480102539,13797200
2017-10-03,76.60478354610973,77.07945825817093,76.55731184983209,77.01616668701172,9633500
2017-10-04,76.97657060880795,77.0873277780213,76.16961862075294,76.23291015625,12166600
2017-10-05,76.39203443718185,77.50608615360943,76.03394920419494,77.2593994140625,14236200
2017-10-06,77.6254492266342,77.69706384415302,76.76603738984802,77.1241226196289,10231900
2017-10-09,77.15595894812994,77.24349197883015,76.50344385542436,76.71829986572266,7765100
2017-10-10,76.75812343163994,77.33106499388549,76.5830572797208,77.29127502441406,10631500
2017-10-11,77.05253270496527,77.1957680570172,76.50346284358363,77.06048583984375,14283600
2017-10-12,77.42653932942562,77.58568702822478,76.08967801778778,76.38410186767578,18251600
2017-10-13,75.97825665896524,76.95702632581408,75.5644630195882,76.2806396484375,13190600
2017-10-16,76.66261336474443,77.94377237450287,76.66261336474443,77.85623931884766,12434000
2017-10-17,78.03924524194517,78.12677827584648,77.44243241321475,77.68115997314453,10335700
2017-10-18,78.10290128347422,78.4212026508025,77.68910768461939,77.97557830810547,10158600
2017-10-19,77.33900161412116,78.1427053370584,77.25942169842068,78.07109069824219,9133900
2017-10-20,79.00211721101797,79.48752555419209,78.56445803135118,79.18514251708984,15326600
2017-10-23,79.18514030313906,79.56709717394742,78.97028425110123,79.04985809326172,9238600
2017-10-24,79.47955531253915,80.5219925638564,79.38406914097327,80.30713653564453,13000800
2017-10-25,80.56975169650566,80.72889939487537,79.7262579671743,80.38672637939453,14632700
2017-10-26,80.64932114645396,81.50077403558765,80.62544960011019,80.95966339111328,13054400
2017-10-27,80.71298347714195,81.3495863846044,80.41060043519968,80.98353576660156,10400400
2017-10-30,80.47425200406498,81.11085488095277,80.26736122950719,80.69706726074219,8839500
2017-10-31,80.6652504408284,80.92784355713209,80.02864745399809,80.06047821044922,8690200
2017-11-01,80.45037186408767,80.9278209352,80.1559480736338,80.30713653564453,8418200
2017-11-02,80.26735859916725,80.98352922332856,79.70237644821377,80.84029388427734,8731800
2017-11-03,80.45038045862331,80.79255344250888,80.15595663671607,80.69706726074219,7103500
2017-11-06,80.6413581129463,80.91987566332406,80.10025356525101,80.19573974609375,8121500
2017-11-07,80.02070569421484,80.17190030254896,78.18252312382566,78.58039855957031,18822600
2017-11-08,78.19841085456254,78.27799077353907,77.30717404454164,77.69709014892578,18524700
2017-11-09,77.28328905669737,78.15861337334972,77.03660227874403,77.68911743164062,13697800
2017-11-10,77.83236472730405,78.25411157655174,77.58568398252038,77.59364318847656,9314000
2017-11-13,76.9411274904944,78.02334879265663,76.88542519131377,77.87215423583984,9303100
2017-11-14,77.45835885315496,77.80849105250705,77.06844276730068,77.40265655517578,11043800
2017-11-15,76.70241189166235,78.57242488106145,76.3522796299362,78.134765625,15384100
2017-11-16,78.40532519743968,78.82707214922945,78.2302590504107,78.35758209228516,9808000
2017-11-17,77.84030031207928,78.30979618349691,77.64136272121104,78.09494018554688,9017900
2017-11-20,78.34165270860369,78.8986818321747,77.79258886290566,78.78727722167969,9483200
2017-11-21,79.17717219303563,79.21696214518845,78.7076823273228,78.72359466552734,13389400
2017-11-22,78.80317823617325,79.19309431685534,78.45304604146564,78.49283599853516,7342200
2017-11-24,78.64403182518811,78.69973412333154,78.19045423427869,78.23819732666016,3680000
2017-11-27,78.23023182850389,78.8827470133117,77.92784881591797,77.92784881591797,13076200
2017-11-28,78.15066440548202,80.92783225366321,77.95968596454595,80.65727996826172,16773000
2017-11-29,81.4928072707278,82.93311365612384,81.13471592217859,82.54319763183594,21105500
2017-11-30,83.34693351045792,84.87477959483596,82.78991040283337,83.17186737060547,23945900
2017-12-01,83.47424417756069,83.80845799261026,81.32571378560853,83.38671112060547,19683500
2017-12-04,85.72621270826961,86.25936414014006,84.96228680842837,85.10552215576172,23576600
2017-12-05,84.01532730408259,85.47155196913944,82.85353246776585,84.1267318725586,17193900
2017-12-06,83.99147545126114,84.15858234314463,83.17980646657551,83.49810791015625,15476200
2017-12-07,82.71828436269676,83.70501962009098,82.54322430518762,83.2514419555664,13371800
2017-12-08,83.35488298173993,84.30182822519008,83.02862229174269,84.29386901855469,13506900
2017-12-11,84.12674638458284,84.39729864866862,83.80048575555563,84.04717254638672,10591200
2017-12-12,85.07370436723818,85.4397489353902,83.98352379804294,85.02595520019531,15508800
2017-12-13,84.90657179415912,85.2328323974246,83.9357613310707,83.95963287353516,15020300
2017-12-14,84.44505161992848,84.70764469071848,83.26733811974718,83.28325653076172,13034200
2017-12-15,84.18244891815668,84.76334340262785,83.71295295060156,84.4609603881836,29350600
2017-12-18,85.29649726949637,85.64662335799856,84.73151514811643,85.11347198486328,12713100
2017-12-19,85.42382922884806,85.53523383176805,84.69969930986812,84.75540161132812,12149900
2017-12-20,85.62275542822064,85.72620688215544,84.42117043342488,84.4609603881836,13091500
2017-12-21,84.81904350496957,85.99675692491672,84.79517196116905,85.80577850341797,12323700
2017-12-22,86.10020031678106,86.30709714343202,84.99410762487292,85.50338745117188,14573400
2017-12-26,85.30446735464582,85.93311109743696,84.66787047653393,85.1612319946289,7403700
2017-12-27,84.88269313092033,85.37606056114282,84.88269313092033,85.32035827636719,9496500
2017-12-28,85.46361405631818,85.81374018542714,85.27263561579555,85.77395629882812,7440600
2017-12-29,86.01268067290239,86.16387523182033,85.09757232666016,85.09757232666016,8925700
2018-01-02,85.6466432900366,85.95698556877794,84.99412797690144,85.90128326416016,13578800
2018-01-03,85.82964475651058,86.33096535870285,85.52726176851917,85.9887924194336,11901000
2018-01-04,86.67672784462768,88.01255265060199,86.54874156005144,87.22065734863281,12953700
2018-01-05,87.39661431944569,87.62858482714373,86.21276588407652,86.66070556640625,14155000
2018-01-08,86.50874918275771,86.9326930645744,86.14879233958973,86.78871154785156,12466500
2018-01-09,86.9646782282191,87.6925802819852,86.78069949659147,87.22864532470703,13292300
2018-01-10,87.56461209322109,88.54848071071689,87.50061895149335,88.18852996826172,15834500
2018-01-11,88.52449581852763,88.73247050364876,88.0285641652607,88.66047668457031,13676800
2018-01-12,89.30837646352086,90.26824908102235,88.66045664912217,90.124267578125,18884200
2018-01-16,89.1963819894096,90.73218045425934,88.84442588602798,89.8042984008789,22703300
2018-01-17,89.50033440702929,90.62819033662365,89.0363934103428,90.38021850585938,14940300
2018-01-18,90.1962359485485,90.96413504657153,89.8042826828496,90.59618377685547,14572900
2018-01-19,91.14015138125383,91.46010489622687,90.22827043759204,90.39624786376953,18785500
2018-01-22,90.11627041175011,91.50008683041152,89.98828414499333,91.45209503173828,12475700
2018-01-23,90.92415750932469,91.70005744067124,90.66819108789579,91.3561019897461,12320800
2018-01-24,91.87604257962823,92.78792340765821,91.71606584242771,92.52395629882812,15904500
2018-01-25,92.81991086504631,92.9238951237481,92.05201161695733,92.54794311523438,13510000
2018-01-26,92.54793147990723,93.04386901855469,91.9560103615164,93.04386901855469,13883900
2018-01-29,92.80391736216005,93.86778034778355,92.80391736216005,92.9478988647461,11679900
2018-01-30,92.41195879237769,93.2678470356975,91.97201977355603,92.07600402832031,14279100
2018-01-31,92.50796106619661,93.31585762531837,92.11601378815037,92.52395629882812,13141400
2018-02-01,92.60395808155407,93.57983218691281,92.37199360982854,93.48384857177734,13800600
2018-02-02,93.17988649203315,93.52384202780951,91.26013480636799,91.41211700439453,16477300
2018-02-05,90.38825517855658,91.66008699025771,83.17319537074056,87.02869415283203,30097600
2018-02-06,85.46887638943203,89.97229424879254,85.27690308063302,89.67633056640625,33114800
2018-02-07,89.22840113619003,91.54809465128521,88.90844151602174,90.28426361083984,21878300
2018-02-08,90.47622076881505,90.47622076881505,86.26076618977814,86.29276275634766,27425800
2018-02-09,87.26863429303907,88.82843483140385,84.97293715456428,88.02053833007812,28188000
2018-02-12,88.92442305920105,90.1722647754562,88.04453881625479,89.38036346435547,18043300
2018-02-13,89.04441181105376,90.42823441051128,88.62846862606898,89.93229675292969,16358200
2018-02-14,90.09227255514291,92.20399723202867,90.01228418609993,92.01202392578125,15186900
2018-02-15,92.57996112642405,92.77993512598165,91.3641218943116,92.39598846435547,12130200
2018-02-16,91.62808664278023,92.84392584310478,91.58808940282557,91.73207092285156,13214300
2018-02-20,91.70807356364645,92.29999486869937,91.16414406359942,91.75606536865234,13461500
2018-02-21,91.9880400848208,93.94778284553898,91.72407293992408,92.14002227783203,14212500
2018-02-22,92.38798913836482,93.13189267163976,91.79606779983362,91.9720458984375,17070400
2018-02-23,92.23599313195457,93.89977804796868,92.23599313195457,93.83578491210938,12162500
2018-02-26,94.49969938114408,95.10762196260552,93.84378499944562,95.00363159179688,16511200
2018-02-27,95.11561148663132,95.45156625437328,93.86776990217173,93.87577056884766,17563300
2018-02-28,94.24372808444737,94.77965683520881,92.25998370637271,92.38796997070312,17735600
2018-03-01,92.37198204392877,93.29985812281815,90.1082751620154,90.73219299316406,18690000
2018-03-02,89.90030732136167,90.83618413891507,88.88444212758283,90.64421081542969,18353700
2018-03-05,89.62834358682673,92.7319376740545,89.50035730559419,92.03602600097656,13933000
2018-03-06,92.49995151735372,92.6439330080987,91.44408928613089,92.11600494384766,10674400
2018-03-07,90.98814837133745,92.06800649410148,90.47621554124605,91.77204895019531,13006500
2018-03-08,92.07600820564893,92.17199790090042,90.55620492913118,91.78004455566406,11173700
2018-03-09,93.2278651267245,94.4517048187492,92.52395286265299,94.41970825195312,15366600
2018-03-12,94.38770719518152,94.9876290629475,93.78778532741553,94.1157455444336,12339300
2018-03-13,94.54769436775716,94.76366968154507,92.65194496184948,92.98789978027344,13312300
2018-03-14,93.23586915011452,93.25986505196568,91.66807383438132,91.94803619384766,12905100
2018-03-15,92.68397697522398,92.78796128658182,91.85208417618985,92.18003845214844,8748000
2018-03-16,92.2599942328021,93.267864819874,92.2599942328021,92.3399887084961,19888900
2018-03-19,92.06802388871058,92.3479862545106,90.62821482057257,91.6120834350586,13214900
2018-03-20,91.8840443552412,92.34797933980539,91.54808343871493,91.70006561279297,9921200
2018-03-21,91.83603701888057,93.29184716523065,91.35610074806465,91.78004455566406,13633000
2018-03-22,90.54821676311448,90.86817635540511,87.62060083505108,87.94855499267578,22550400
2018-03-23,88.2044954726906,88.72442889421967,85.39686598132936,85.59683990478516,23081500
2018-03-26,87.3406317642101,88.91642760032438,86.90868726324062,88.23651123046875,20217500
2018-03-27,88.8444258987381,89.34036348969038,85.82882143026151,86.52472686767578,18039900
2018-03-28,86.61271802109614,87.3246248094559,85.30889003737765,86.38874816894531,19189300
2018-03-29,86.78869081894615,88.61245219336062,86.21276488961097,87.96453857421875,13274600
2018-04-02,87.95655686217515,88.5724801537241,84.85296281082223,86.2687759399414,18822500
2018-04-03,86.676729011155,87.58860994150635,85.79684465237834,87.45262908935547,14050700
2018-04-04,85.66887627271355,88.95644993084076,85.60488311618825,88.78047180175781,15302600
2018-04-05,89.74517894874741,90.70992523746082,89.55223214447206,89.9461669921875,16627000
2018-04-06,88.87691583770155,89.68086801666341,86.68212369032157,87.70314025878906,18906000
2018-04-09,88.44278389842366,90.83052293160192,88.34630742558414,88.7563247680664,15974300
2018-04-10,90.14715385934332,90.74208287640424,89.57634855946182,90.4526596069336,13951400
2018-04-11,89.76932347079797,89.88991141787433,88.85281213732956,88.93321228027344,14503300
2018-04-12,89.68890816037643,91.96409442672471,89.64067298970305,91.1440658569336,16435500
2018-04-13,92.47059914073392,92.5751168746563,87.67100863154809,88.67594909667969,39152800
2018-04-16,89.19044146117598,89.61653506185297,88.26589538656833,88.60355377197266,16580500
2018-04-17,89.53614108442346,89.97831102711943,88.42668334142735,88.60355377197266,15501400
2018-04-18,88.8608353159671,89.29497023820628,87.54235420413039,87.88805389404297,16081400
2018-04-19,88.0568931844617,89.93814472919735,88.03277559719201,89.81755065917969,17911000
2018-04-20,90.2838053250264,90.63754000777062,89.14218890851896,89.61652374267578,15584400
2018-04-23,89.69694007309057,90.00243967836978,88.94122309822276,89.18241119384766,11285800
2018-04-24,89.84164371951802,90.76618982569174,88.10510430614812,88.76435089111328,16453100
2018-04-25,88.6517947530003,88.86082401497674,87.30919622739732,88.42668914794922,13548200
2018-04-26,88.41063276040043,89.0939909681684,87.904138901045,88.51514434814453,10299500
2018-04-27,88.07297902334643,88.56339042876046,87.73531438768785,87.95238494873047,9384000
2018-04-30,88.23375306459275,88.675929223623,87.42980087266024,87.45391845703125,13744900
2018-05-01,87.1886127616131,87.60667133627234,86.4570194564621,87.45391845703125,10503400
2018-05-02,86.91528800264985,88.02474002416989,86.60978832144943,86.76253509521484,12162100
2018-05-03,86.49717935405103,86.6418909370097,84.55965852330746,86.2157974243164,15379100
2018-05-04,85.56461935294467,87.42174667832808,85.20284337365382,87.17252349853516,11967900
2018-05-07,87.43784943438146,88.17748404081873,87.11626730394427,87.92826080322266,9356700
2018-05-08,88.05690498115074,89.51205685560991,87.85591688208534,89.23067474365234,12543200
2018-05-09,89.5924219143427,91.36111403996262,89.26279861680693,91.17620849609375,11368100
2018-05-10,90.99933620615148,92.00427628746804,90.64559533475445,91.88368225097656,9159700
2018-05-11,92.04446669952004,92.23741960401331,91.38522627666954,91.53797912597656,10253000
2018-05-14,91.73899678725553,92.21332569670022,91.4415322302631,91.5701675415039,8710700
2018-05-15,91.57821717780526,91.57821717780526,90.50091781523855,90.87073516845703,11536200
2018-05-16,90.75814286842132,91.4013069366219,90.54911362620605,91.11991882324219,7571100
2018-05-17,91.00738467272625,91.17622002880408,90.20343248963266,90.81443786621094,8617200
2018-05-18,90.645620862677,90.68582093071794,89.11006904181765,89.34321594238281,11806300
2018-05-21,90.08284453384641,90.47677938598093,89.97832682453738,90.16323852539062,9441900
2018-05-22,90.32404093523976,91.88371038171871,90.27580575934267,90.85465240478516,11507600
2018-05-23,90.45267458283311,90.66169776364933,89.33518138156225,90.43659210205078,11453900
2018-05-24,90.15521557659271,90.16325681747904,88.53123453672428,89.42362213134766,14084800
2018-05-25,88.80455318087404,89.3030057187835,88.59552390579354,88.96534729003906,8283500
2018-05-29,87.77551126317051,87.79158761015526,84.3828316181526,85.16266632080078,30643800
2018-05-30,86.53743277252349,87.30922631307813,85.74152164221242,87.10823822021484,17490800
2018-05-31,86.78662509541265,86.97957801199361,85.55657938713031,86.03091430664062,19808200
2018-06-01,87.10018093691338,87.58255717787681,86.66605213391621,87.14842224121094,13594200
2018-06-04,87.62274114952857,87.83981166002333,87.04389463309987,87.18860626220703,9415400
2018-06-05,87.01979381139638,87.07607022612923,86.07917110786053,86.69821166992188,10415200
2018-06-06,87.35744304726121,89.02965884779796,87.2127314157691,88.72415924072266,15453600
2018-06-07,89.3834033669809,89.64066781851241,88.45885713584104,89.0779037475586,13444400
2018-06-08,88.93319070586938,89.35124313288097,88.4829733225474,89.3271255493164,10383200
2018-06-11,89.33515947910605,89.97028237357021,89.05377133742702,89.10201263427734,12642900
2018-06-12,89.3512537197019,89.66479461052766,88.04884884988554,88.5875015258789,15294100
2018-06-13,88.80454882789735,89.60045969482938,88.09707318325417,88.41061401367188,14979700
2018-06-14,88.6598367469053,88.72415438708734,86.64995649372493,86.85094451904297,20487300
2018-06-15,86.66606595251463,87.1323536548352,85.43601370233283,86.7464599609375,26028600
2018-06-18,86.23193055854871,87.14843574451818,85.77367796556398,86.97156524658203,9786800
2018-06-19,85.94247965835423,86.73034927179769,85.70129157785735,86.46504974365234,12707200
2018-06-20,86.97156023232984,87.34137755502508,86.37663724657395,86.45703125,8876900
2018-06-21,86.10326094078808,86.99564818223728,85.64500853034124,86.4328842163086,11048700
2018-06-22,86.95548767007747,87.12431692472168,84.82501275137169,85.01795959472656,19478900
2018-06-25,84.94558004680344,84.9777327325008,83.57885782529591,84.24613952636719,16907600
2018-06-26,84.18182752255018,84.58380359101828,82.89550533018586,84.30242156982422,17086800
2018-06-27,84.15773148329144,85.15463067086063,82.99200303978738,83.00003814697266,16276800
2018-06-28,83.35376337493265,84.7847972929541,83.21709297459766,84.35870361328125,14491300
2018-06-29,85.76563211225967,85.94250260068388,83.73163376271978,83.7718276977539,18972400
2018-07-02,83.38591840299429,84.48732892854196,83.11257148109824,84.47929382324219,11130000
2018-07-03,84.74461724406628,85.0420756777908,83.2251417118311,83.29750061035156,8311700
2018-07-05,84.17047399620623,84.37255427138227,83.68548256918383,83.83906555175781,10723400
2018-07-06,83.35406640146822,84.46954719696362,82.6104063708046,84.11388397216797,12173700
2018-07-09,84.63930500069532,86.86218811393209,84.63930500069532,86.71669006347656,13900800
2018-07-10,87.31484161632055,87.62200757806224,86.11044491638746,86.18319702148438,14575900
2018-07-11,85.93260914185421,86.53884993139866,85.85177826998166,85.99727630615234,10186500
2018-07-12,86.82985289737516,86.94301736038118,85.65778974466967,86.36911010742188,12456800
2018-07-13,86.73285387480219,87.13701441258411,84.98687739142406,85.97303009033203,21289100
2018-07-16,86.53078256789368,89.5377321001403,86.47420033342401,89.3841552734375,24662600
2018-07-17,89.47305623479862,89.66705155404752,88.71323249782372,89.31947326660156,14821900
2018-07-18,89.25481689340103,90.62896650226764,89.07698525967704,90.15205383300781,14244900
2018-07-19,89.7721580484763,89.79640669979541,88.69709544898362,88.82642364501953,16775300
2018-07-20,88.91531646218775,90.32179337764774,88.73748484254332,89.94996643066406,13578100
2018-07-23,89.77214332281078,92.34260478002636,89.66706379533056,91.62319946289062,18140000
2018-07-24,91.78484509575205,92.77907639726202,91.67975942679617,92.26983642578125,14000400
2018-07-25,92.05158209406248,93.37722787990224,91.64742164308697,93.10240173339844,13329100
2018-07-26,93.29642855312304,93.43384167281442,92.61744172617658,92.83568572998047,11897800
2018-07-27,93.10243323912022,94.00775517578458,92.80335218407009,93.78950500488281,12802700
2018-07-30,93.99158319985196,95.06665181932111,93.81375155849604,94.35533142089844,13411600
2018-07-31,94.63825503297574,94.63825503297574,92.81144725027448,92.9165267944336,15843800
2018-08-01,93.5631634162694,94.3229871919669,93.18325152842066,93.49041748046875,13531600
2018-08-02,92.60936372391033,93.96734364651422,92.41536835411024,93.88651275634766,11058100
2018-08-03,93.76524947189132,94.67865011300587,93.71675217836334,94.64631652832031,11016100
2018-08-06,94.40383814365411,95.00199413312512,93.91076169502209,94.67058563232422,9857400
2018-08-07,95.17172714916359,95.61630623293142,94.84031869608272,95.01815032958984,10562100
2018-08-08,94.84030837941935,95.60012595766003,94.7998898609278,95.2121353149414,8997100
2018-08-09,94.98582405155206,95.15557076013931,94.33107969899982,94.47657775878906,9694200
2018-08-10,93.36108813107396,93.72483016348568,92.69826506807883,93.54700469970703,12630600
2018-08-13,93.4095949220143,93.66825745663009,92.00311777547861,92.05970001220703,10336300
2018-08-14,92.36684527923717,92.98925595210093,91.86569016638616,92.67401123046875,10597600
2018-08-15,92.003098154529,92.41534360106246,91.31602652163987,91.90609741210938,10152100
2018-08-16,92.43154076985115,93.20752848912983,92.39112840446293,92.77103424072266,10118600
2018-08-17,92.66595469031068,93.01353310106072,92.39112840446293,92.77103424072266,8505100
2018-08-20,92.6255102018097,92.99734332799785,92.23751953439668,92.64976501464844,8618700
2018-08-21,93.25600232081328,94.0804870833036,92.85992056368536,93.21558380126953,10976700
2018-08-22,93.20749678563037,93.28833382291535,92.77908762282036,92.93267059326172,8314700
2018-08-23,92.92458072420924,93.07816368649927,92.49617158413682,92.7386703491211,9265400
2018-08-24,92.94076387531173,93.13475921481384,92.51234850703526,92.6982650756836,8845700
2018-08-27,93.13475283136201,94.79989222921131,93.09433431186072,94.33914947509766,13768000
2018-08-28,94.57354390830221,94.59779254822553,93.74097438027374,93.87838745117188,8302600
2018-08-29,94.04818040233886,94.06435028158162,93.2479440558774,93.57127380371094,7221700
2018-08-30,93.43383529416217,93.79758349833737,92.94076508463702,93.11051177978516,8991800
2018-08-31,92.81951191240137,92.82759068303207,92.0031058876647,92.617431640625,13065700
2018-09-04,92.42343410356366,93.15092434656108,91.8495268471437,93.07817840576172,10174200
2018-09-05,92.95691812132729,93.52274037352666,92.3506773509708,92.62550354003906,11462400
2018-09-06,92.5527608077797,92.71442255199757,91.74443975268993,92.22943115234375,9877600
2018-09-07,92.55276274912072,92.77100672509263,91.84952119632169,92.40726470947266,10955600
2018-09-10,92.83567776695125,92.93267851976665,91.87377984461774,91.91419219970703,8276900
2018-09-11,91.77680271494867,92.61745762139641,91.48580654860129,92.49620819091797,9333800
2018-09-12,92.35068722573008,92.85992730716092,91.21903643332757,91.40495300292969,10800800
2018-09-13,91.6393768705155,92.25369654365814,91.0735483290403,91.7606201171875,12470800
2018-09-14,91.99503102117025,92.54468966725575,91.5262094262453,91.74445343017578,10337900
2018-09-17,91.9788747475286,92.49619984837527,91.58279906622447,92.019287109375,9561300
2018-09-18,92.41533140432651,92.68207878552589,91.79292084819464,92.39108276367188,7944200
2018-09-19,92.50425373074003,95.4303716936945,92.50425373074003,95.07471466064453,16052800
2018-09-20,95.78606426068798,96.384220234796,95.44657082946463,95.89114379882812,15590000
2018-09-21,96.29526991815325,96.37610694454061,95.17170432176083,95.2606201171875,24788200
2018-09-24,95.18791438143683,95.75373680303854,94.1128456133917,94.34725952148438,12492500
2018-09-25,94.60589237628587,95.35763116723884,94.02390025851584,94.08048248291016,9308300
2018-09-26,94.37148935576056,94.46849010883746,92.68210120025886,92.97309112548828,14023600
2018-09-27,93.29641412873426,93.57124649262684,92.27793404577993,92.56892395019531,13283000
2018-09-28,91.86570474757359,92.34261129091814,90.95229785330152,91.2109603881836,15815100
2018-10-01,91.63937389746869,92.64169042844772,91.37262642944164,91.74445343017578,10146300
2018-10-02,91.6312751652164,92.24560089295221,91.1866961187628,92.12435150146484,13753100
2018-10-03,92.90842693787465,93.49041910237786,92.5365999809977,92.9892578125,17142000
2018-10-04,93.24159805083187,95.0811920603429,92.96484106777909,93.8276596069336,16357400
2018-10-05,94.2834856688368,94.50325795774961,92.81017482100376,93.29856872558594,13777600
2018-10-08,92.99737964501087,94.24277025625528,92.26479510598898,93.86833953857422,14370900
2018-10-09,93.33927683756373,93.63231073629798,92.52529516556575,93.21717834472656,14069500
2018-10-10,93.36365320800063,93.56714853426932,90.7344970703125,90.7344970703125,23086400
2018-10-11,90.3275342112722,90.73452498903934,87.40533719760708,88.01582336425781,33705600
2018-10-12,89.83914224700945,90.21357299952398,85.9564469340773,87.0553207397461,32075700
2018-10-15,87.25883979364862,88.60191090283398,86.54253810017074,86.5588150024414,18903200
2018-10-16,87.22628318616586,88.54492958428993,86.8762708018096,88.4146957397461,19302800
2018-10-17,88.21932016741077,90.18916028312456,88.09722790027247,89.39959716796875,18794500
2018-10-18,88.74027187914497,89.4077365470972,87.75535488193418,87.98326873779297,17582500
2018-10-19,87.62511689901646,88.90306771035314,87.315799929145,87.83675384521484,15234500
2018-10-22,88.03211639482114,88.18676868487614,86.37159308915783,86.57508850097656,16199100
2018-10-23,84.81687904277267,86.41228842129378,84.40988824849798,85.67156219482422,21407500
2018-10-24,85.27273372462918,85.49250607458394,83.76686866107607,84.07617950439453,23168900
2018-10-25,84.80060298366836,86.20065232347454,84.42617219444826,85.35411071777344,17464700
2018-10-26,84.65407946875452,85.10990714017282,83.62032565387764,84.18196868896484,19174900
2018-10-29,85.02852542527474,86.79486417788911,84.40989761051208,85.34597778320312,18445200
2018-10-30,86.04599708594156,87.07975723042877,85.35411394469934,86.85183715820312,18019700
2018-10-31,87.97513403035938,89.92869113930824,87.73907861788516,88.74027252197266,20860000
2018-11-01,89.22866562501271,89.7170533451502,88.17048705622581,88.70771789550781,13065000
2018-11-02,89.45658543150716,90.19730551078504,87.49488665537962,88.21932983398438,19009200
2018-11-05,88.40656394157249,88.96007181489885,88.25190541205549,88.79727172851562,10276400
2018-11-06,88.45536121243838,89.26934264892391,87.71464133453301,89.21236419677734,10825000
2018-11-07,89.83914811238263,90.94616354434599,89.00888343331684,90.74266815185547,12679600
2018-11-08,90.36009188696003,91.92293494281176,90.35195033276258,91.4752426147461,11662500
2018-11-09,91.35314969008522,91.45896505313945,90.21357430797273,90.58800506591797,10432200
2018-11-12,90.6938162208714,91.1170900738213,88.39838866506136,88.68328094482422,13279700
2018-11-13,88.80538205864545,90.44962819691226,88.80538205864545,89.20423126220703,13746100
2018-11-14,89.7251791305062,90.11588675387317,86.26575792310709,87.36463165283203,18361400
2018-11-15,88.10536760958547,89.60309699927735,86.94137366043644,89.59495544433594,19100000
2018-11-16,89.09027254870203,90.15659253492625,88.35769416802032,89.52982330322266,13798600
2018-11-19,89.505395942672,90.51473116174104,89.15538368466295,90.21356201171875,13987000
2018-11-20,89.35888777535246,89.93681389318331,87.89372480639966,88.27629089355469,18936200
2018-11-21,88.74843092267055,89.22054183723247,87.61699676513672,87.61699676513672,10619600
2018-11-23,86.88438206182254,87.41347126966858,86.33087440303044,86.81112670898438,6488400
2018-11-26,87.68209839696138,89.52169854030242,87.46231988863205,88.93563079833984,13948300
2018-11-27,88.52863703404971,89.56239089245491,88.42281545573873,89.31005859375,9238200
2018-11-28,89.3751622653511,90.67753129335084,88.61815929748477,90.3031005859375,13977300
2018-11-29,89.75775027491063,90.18916574896213,89.24494409129201,89.5868148803711,11144300
2018-11-30,89.41588366615731,90.6124376940617,89.19611135152805,90.50662231445312,18652700
2018-12-03,91.4752621792084,91.89039458945786,90.9543143825057,91.3613052368164,16034500
2018-12-04,90.84033654596207,90.84033654596207,86.87625051127372,87.28324127197266,23555900
2018-12-06,85.47620188777003,85.76109418017828,83.74241726076828,85.62271881103516,27213900
2018-12-07,85.59832768138914,87.07977428496818,83.76686866107607,84.07617950439453,19248600
2018-12-10,83.73427890042326,84.23894345445628,80.81208209451067,82.50516510009766,23636400
2018-12-11,83.94591787407691,84.3773333268226,81.56909315759401,81.69933319091797,16860700
2018-12-12,82.74936268948298,83.75869801573668,81.44698731474601,82.22840881347656,22621500
2018-12-13,82.65984974453639,83.00172059135758,81.94354182526763,82.3098373413086,17250900
2018-12-14,81.3900345549733,82.97730271525911,81.28421916169611,81.63423156738281,19879500
2018-12-17,81.21095256154734,81.85399885836135,80.12836160582576,80.59233093261719,25113500
2018-12-18,80.92604888415349,82.12260282538605,79.86787653415432,80.20974731445312,20837200
2018-12-19,80.10393769071369,81.87027639252888,78.63062667147727,79.19227600097656,28767900
2018-12-20,78.63877735335251,79.99812538521792,77.889915633902,78.50853729248047,31825200
2018-12-21,78.69575239718759,80.12022039739824,76.26194880996594,76.65265655517578,41313900
2018-12-24,75.61073786943483,76.69333470950922,75.00025177001953,75.00025177001953,17009300
2018-12-26,75.44796285186847,78.10968017578125,74.16187032500015,78.10968017578125,22542900
2018-12-27,77.18173697037162,79.07831563567153,76.14798304531485,78.98877716064453,20304700
2018-12-28,79.72948056713511,80.03065593939151,78.50037304860327,78.81782531738281,17963300
2018-12-31,79.43648231142392,80.42954111893482,78.76901747181324,79.46090698242188,13237200
2019-01-02,78.10153106574877,81.21908204546742,78.09339572118431,80.83650970458984,15670900
2019-01-03,80.94318776111764,81.14833574434445,79.34303599619643,79.68768310546875,16286400
2019-01-04,81.32888261083296,82.82235996549511,80.64778967299706,82.62541961669922,16935200
2019-01-07,82.41204922513974,83.26546559857584,81.82122202348246,82.68284606933594,15430700
2019-01-08,83.39674951229054,83.55266397102234,81.68992318039241,82.52692413330078,13578800
2019-01-09,82.72384472662796,83.2818473158724,82.00172630668358,82.38740539550781,14230300
2019-01-10,82.07559780308878,82.65822355234585,81.46015388768865,82.37921905517578,14376100
2019-01-11,81.96891333258398,82.19867803188974,81.19755504724165,81.9853286743164,15439900
2019-01-14,81.13192610832549,83.17519825438822,80.95960255486183,82.83055114746094,21258500
2019-01-15,81.1483227798862,84.08604293290522,80.91035040608782,83.43777465820312,26504900
2019-01-16,83.9055468489484,84.8902549189663,83.53628288784701,84.1106948852539,18533000
2019-01-17,83.79065235671546,84.93127477310854,83.63473786822622,84.45532989501953,14247600
2019-01-18,85.15281378387728,86.0800865840488,84.3814616997063,85.82569885253906,16428700
2019-01-22,84.58661545964144,85.0051128254735,83.80704938992832,84.47173309326172,17083700
2019-01-23,84.88202867611211,85.0953780638152,83.6757575737857,84.25837707519531,12146700
2019-01-24,83.80704041709808,84.59480781391044,83.65113222834336,84.30760192871094,11296800
2019-01-25,84.93946907010519,85.59593883178697,84.30760980303198,84.84099578857422,14369400
2019-01-28,84.43071106433011,85.53850902119619,84.18453095808424,85.24309539794922,12283100
2019-01-29,85.24309142067113,86.25242229644157,85.12000763391123,85.48106384277344,9743300
2019-01-30,85.45643048005927,86.35908021774732,85.16101692799865,85.67799377441406,12526300
2019-01-31,84.85742413706106,85.17745452530791,84.29942131077574,84.9312744140625,17520600
2019-02-01,85.3415686925716,86.039070646108,84.94768177470225,85.24309539794922,13000800
2019-02-04,85.1692508150906,85.54672241210938,84.5291900088144,85.54672241210938,9871500
2019-02-05,85.76824076966003,85.7928637793035,84.75891649589943,85.1692123413086,12763000
2019-02-06,85.10358758971033,85.8503292447961,84.9066472811484,85.12820434570312,8745000
2019-02-07,84.72612432783563,84.93127232862943,83.24085480548703,84.01220703125,13177500
2019-02-08,83.766020944257,83.979370326255,82.10842183415416,83.1751937866211,12892600
2019-02-11,83.50344363098455,83.70859163088139,82.69105304374656,82.78131866455078,10978500
2019-02-12,83.6593477390264,84.45532294117655,83.61011422487107,84.19273376464844,12852300
2019-02-13,84.43892513816144,85.21848509933335,84.43892513816144,84.59483337402344,10754100
2019-02-14,84.08605315645559,84.60302380062711,83.1669879728646,84.0450210571289,11518500
2019-02-15,85.25950920498151,86.73657103393329,85.06256887991195,86.61348724365234,14716900
2019-02-19,86.08829555124836,86.46576705782584,85.18563949136842,86.30985260009766,12764900
2019-02-20,86.33446856150995,86.8186210128739,86.06367174603278,86.72835540771484,10030300
2019-02-21,86.53140570242596,86.97452604053382,86.1293174599391,86.54782104492188,8400100
2019-02-22,86.73655933453813,87.05658966734163,85.98161630641802,86.16214752197266,10647300
2019-02-25,86.7775905444116,88.02488743633496,86.7283570354441,87.0647964477539,11230700
2019-02-26,85.75185523120746,86.54783039151204,85.29232576159635,86.4001235961914,15465400
2019-02-27,86.3098737472905,86.47398965623272,85.76007856565138,86.29346466064453,9968800
2019-02-28,86.1703411491748,86.33445699441081,85.48924849627078,85.63695526123047,15156900
2019-03-01,86.24420730102426,86.9088909961907,85.50567334007229,85.69441223144531,13813300
2019-03-04,86.09648022117493,86.91707192650969,84.742502655249,85.49745178222656,12466300
2019-03-05,85.4482251830363,85.79287851042844,84.73431429623716,85.43181610107422,10856600
2019-03-06,85.22667588409202,85.809295386256,84.97229439655237,85.1117935180664,9070800
2019-03-07,84.72613319142971,84.90666445271368,83.83169081949468,84.49636840820312,12705700
2019-03-08,83.69217510040225,84.70971367313531,83.69217510040225,84.52918243408203,10582400
2019-03-11,85.32514630317664,85.79288342361788,85.06255715241348,85.6287612915039,9763200
2019-03-12,85.8256961379014,85.98981825959058,85.13640200866323,85.37437438964844,10219100
2019-03-13,85.4974670805917,86.14573539507725,85.30052052842615,85.66158294677734,13022200
2019-03-14,85.75186023533938,86.87607347980764,85.71903580550601,86.44115447998047,10926500
2019-03-15,86.49859253594995,87.63921474118035,86.3508857480472,87.43406677246094,24811700
2019-03-18,87.4340730669283,88.4516053120564,87.39304096598282,87.9592514038086,12935500
2019-03-19,88.78805262169766,88.95217477941162,87.43408081912347,87.63922882080078,12889300
2019-03-20,87.33559834366005,87.51612956785763,85.67800541902854,85.76826477050781,14920700
2019-03-21,84.92306203067646,84.92306203067646,83.93014648879966,84.41429901123047,19751000
2019-03-22,83.55266083812677,83.96295675783091,81.66529710324016,81.86224365234375,31115200
2019-03-25,81.72276275259392,82.52694575069047,80.49187462490501,81.1811752319336,21032300
2019-03-26,81.91147234644193,82.3874170878822,81.0908805552491,81.9935302734375,15987100
2019-03-27,81.96072002718046,82.42845717863965,81.30425023704838,81.71454620361328,12753200
2019-03-28,82.05919564772242,82.7156717171521,81.8458399860648,82.64181518554688,12454100
2019-03-29,83.32290872697216,83.69217260630768,82.54334260525741,83.06852722167969,14523400
2019-04-01,83.82345780533188,85.89955416124046,83.79884105180236,85.86672973632812,17499300
2019-04-02,85.83392575269636,86.52322631877392,85.61236865754809,86.27704620361328,10295400
2019-04-03,86.82683526744367,87.27816336000055,85.98983420379817,86.4493637084961,11499200
2019-04-04,86.44936496013288,87.42507298555215,86.36667281389943,87.28450012207031,11952100
2019-04-05,87.48294533837606,87.73927330332158,86.81317560736845,87.07777404785156,9933700
2019-04-08,86.91240616575763,87.35891723632812,86.74703449896472,87.35891723632812,8056300
2019-04-09,86.8876008825966,86.9868213590752,86.20129648050445,86.71395874023438,9092200
2019-04-10,86.92893507823007,87.41679218759913,86.3832035669711,87.10257720947266,10882300
2019-04-11,87.40852456358148,88.2519364383003,87.28449266335524,87.8385009765625,11183800
2019-04-12,90.49276284492537,92.48551864335874,90.02971080236274,91.9563217163086,25834100
2019-04-15,91.71654200806084,91.78269321090771,90.22817779516167,90.90621185302734,15163800
2019-04-16,90.8731365219448,92.10517271313495,90.84006092042297,91.8653793334961,11583200
2019-04-17,92.36148301244658,94.80902658710086,91.79094634414366,94.5113525390625,17791900
2019-04-18,94.70152408012144,95.04880834742183,93.70928151397054,93.8167724609375,12501900
2019-04-22,93.29583028961036,94.2053868729214,93.15526377306263,93.9325180053711,7975900
2019-04-23,93.43644168896043,94.56925745661289,93.31240975244681,94.04832458496094,9193100
2019-04-24,93.65139626647698,94.38731083423968,93.27930059080063,93.89118957519531,9245700
2019-04-25,93.44469742734945,94.38732990252316,93.02299143313216,93.9408187866211,9311800
2019-04-26,94.22192489743537,94.74285753756821,93.93252137987464,94.65190124511719,7889300
2019-04-29,94.75940331702242,96.8761970982809,94.63537142105221,96.01625061035156,14242200
2019-04-30,96.27259801476228,96.51239137979962,95.30516038613013,95.95838928222656,11389100
2019-05-01,95.68550358080634,96.7438973458241,95.18111181645811,95.22245788574219,10412900
2019-05-02,95.2307303802729,95.73512218872789,94.74287952438776,95.42918395996094,8613300
2019-05-03,95.91702383187054,96.4792962928811,95.64415492244095,96.01625061035156,8185400
2019-05-06,94.41214709999366,95.47881162854834,94.03178713228462,95.16459655761719,9387000
2019-05-07,94.28808790310605,94.28808790310605,92.84933430066275,93.61005401611328,15017700
2019-05-08,93.15529108126383,93.99042625982253,92.98991309403056,93.11394500732422,9575800
2019-05-09,91.89843304198105,93.22142524504727,91.43538734803899,93.03951263427734,12205900
2019-05-10,92.40282632749326,93.30411261212602,91.40231326029905,93.03125,13189000
2019-05-13,91.02195507128171,91.32789328324615,90.1123982941698,90.50102233886719,13783700
2019-05-14,90.58372528067281,92.3780339298696,90.54237920511419,91.22041320800781,10503600
2019-05-15,90.30256500346287,91.69997876228047,89.80644375389313,90.87310791015625,10142000
2019-05-16,91.46847239339706,92.75011865971582,91.44366096420823,92.03900909423828,9672700
2019-05-17,90.95581087889566,92.4028351428781,90.8152443215834,91.59249877929688,9570100
2019-05-20,91.43537948631503,92.45242709213716,91.26173736601672,92.07206726074219,8518200
2019-05-21,92.146498177912,92.54339269033215,91.96458556450087,92.38629150390625,7967900
2019-05-22,92.1134291544603,92.43590833450159,91.57596175154983,91.63384246826172,7918900
2019-05-23,90.65811624275213,90.78214812751521,88.88861319180188,89.83124542236328,14558000
2019-05-24,90.5589035483434,90.92272878458958,90.28604092968347,90.71601104736328,8537300
2019-05-28,90.29429759737971,90.81523028937819,89.66588027054459,89.73202514648438,11665500
2019-05-29,88.84728408548706,89.63281529990357,88.52480490866631,89.48397827148438,9966400
2019-05-30,89.83953901416777,90.27777965237671,88.09484062952535,88.52481079101562,10367800
2019-05-31,87.28450757558113,88.1361837629027,86.68915939960182,87.6152572631836,10952800
2019-06-03,87.48293977583143,88.35942087135295,87.0695043445818,88.02867126464844,11680700
2019-06-04,89.17802865394836,90.873116586047,88.58268057421567,90.74081420898438,12858600
2019-06-05,90.84004869186425,91.27001883671521,89.83126506108788,91.06330108642578,8340500
2019-06-06,91.07985187709941,91.67520007160276,90.07106813736053,91.26176452636719,8726700
2019-06-07,90.70774287036772,90.97234132838233,90.09586011905738,90.26123809814453,10618900
2019-06-10,91.57595859743043,91.95631848108302,91.13771799905952,91.2369384765625,11380600
2019-06-11,91.63385837734994,92.25401172487086,91.26176889224782,91.51809692382812,9847700
2019-06-12,91.5345906619988,91.69996859920926,90.037956604253,90.35216522216797,9670500
2019-06-13,90.50930351449757,91.08811702910364,90.1702896676576,90.57545471191406,8406900
2019-06-14,90.60024333667852,91.20386186327326,89.82298267987757,90.80696105957031,9077400
2019-06-17,90.70771594816367,91.26172412801901,90.17851918920095,90.31082153320312,8128600
2019-06-18,90.13720669346944,92.12169829390479,90.11240157359929,91.54288482666016,11057300
2019-06-19,91.63383505964163,92.27052289199612,90.7077373586015,90.88138580322266,13126500
2019-06-20,91.6834594009695,91.85710156377985,90.15374922604695,91.11292266845703,13638000
2019-06-21,91.11291292338001,92.33667840901875,90.20334982233462,90.49275970458984,27089500
2019-06-24,90.36046483726561,90.76562987418058,89.74858204356387,89.84780883789062,13039600
2019-06-25,89.8643268680171,90.11239065370778,89.02918551861752,89.10360717773438,18660100
2019-06-26,89.55013756748704,90.38527278891763,89.43437612474368,89.698974609375,10324600
2019-06-27,89.99663543701172,90.58371939084947,89.6658920881496,89.99663543701172,10906600
2019-06-28,91.81572929252711,92.96507913604725,91.69996789163466,92.44415283203125,21634700
2019-07-01,93.62659834837989,94.69325629850056,93.50256644695146,93.99868774414062,12724500
2019-07-02,93.85812992935091,94.42866663534664,93.61833657989322,94.0979232788086,10174900
2019-07-03,94.38101208462832,94.82236150125001,93.48167425957371,93.947998046875,6849400
2019-07-05,94.52260135345045,95.15546767754981,94.03129037867205,94.50594329833984,7929400
2019-07-08,94.06460436221559,94.4976248699364,93.68155166888523,93.98966217041016,6917200
2019-07-09,93.4983583183522,94.50595476647189,93.3901063597432,94.38937377929688,8947300
2019-07-10,94.4060217783539,94.78907446014506,93.88140103877242,94.11456298828125,9242300
2019-07-11,94.40603793734952,95.23043392941665,94.19785668205668,95.01392364501953,11595200
2019-07-12,95.03890573544174,96.05483129227913,94.87236327010584,96.01319885253906,10783400
2019-07-15,96.21305012416258,96.2380308583956,94.53927104548485,94.84738159179688,12946600
2019-07-16,94.49762060714836,96.17972204138788,94.03129036193236,95.86328887939453,16945000
2019-07-17,95.28871852452318,95.71341003790747,94.70581358708381,94.92231750488281,13120900
2019-07-18,94.87234888546051,95.82165477095366,94.55591570802508,95.48856353759766,9397200
2019-07-19,95.67176186170887,95.86329138132629,94.4310035576414,94.5475845336914,10402800
2019-07-22,94.02297931801944,95.30537017972965,93.90639197740391,95.15547943115234,9061100
2019-07-23,95.6634383232357,96.97081621811849,95.61347686011503,96.8958740234375,12752200
2019-07-24,96.24635572692677,97.32889440041669,96.19638790743302,97.28726196289062,10011000
2019-07-25,97.33723006568499,97.62868256098871,96.02985199830437,96.3546142578125,10138400
2019-07-26,96.40455162748047,97.02077258143198,96.20469944540268,96.77928161621094,12800400
2019-07-29,96.97915417201818,97.57871719739622,96.42122993853104,96.47119140625,8500400
2019-07-30,95.92156149939599,96.66268598397973,95.56348961951511,96.25464630126953,7121100
2019-07-31,96.67936344678034,96.74598296618255,95.64678630879418,96.5960922241211,13648000
2019-08-01,96.03816271575015,97.26226931580939,93.76482097947061,94.0479507446289,15664500
2019-08-02,93.5982838765705,94.45598954230356,92.76555894235402,94.03962707519531,11025500
2019-08-05,92.25758639984693,92.41580615351933,90.15911623129975,91.24166107177734,15855300
2019-08-06,91.64138388173663,92.0161075703864,90.21741861721821,91.95781707763672,10203500
2019-08-07,89.934285933015,90.1674478800352,88.21887473434941,89.95926666259766,17320900
2019-08-08,90.80866433464803,91.66637007327029,90.53386355823869,91.48316955566406,10903300
2019-08-09,91.05846990197914,91.97446605511749,90.17578350845146,91.38323211669922,9980800
2019-08-12,90.30068117241423,90.3589716554664,89.27642685228477,89.66780853271484,9393700
2019-08-13,89.89267583891487,91.87456572751096,89.12657023899486,91.05016326904297,12124700
2019-08-14,88.51865670883856,89.02661939058564,86.97811060832133,87.26956939697266,19491800
2019-08-15,87.28622034097404,88.58526910101251,86.88650960924636,87.60265350341797,13365600
2019-08-16,88.57696383618949,89.9176516443783,88.16060132068209,89.70114135742188,11830600
2019-08-19,91.29163008526656,91.39155936214922,90.28403370115058,90.50887298583984,8265400
2019-08-20,89.80939058818477,90.30070164517292,89.30142782648626,89.3597183227539,8374000
2019-08-21,90.1091535886129,90.29235406873254,89.47628093543226,89.6095199584961,8189300
2019-08-22,90.24241439051664,90.99186183996815,89.87601334185123,90.53386688232422,9343400
2019-08-23,89.93429782834264,90.58382229614847,87.52772314470958,88.2854995727539,14762300
2019-08-26,88.7851354153311,89.09323957717945,88.2771726935309,88.99331665039062,8209500
2019-08-27,89.39301762759116,89.56788909593654,87.30287632904766,88.05233001708984,14331800
2019-08-28,87.50273262504777,89.27643434669008,87.46942286719514,88.93502044677734,10585500
2019-08-29,90.0508435324491,91.50811167625557,89.95091428687007,90.95018768310547,10002200
2019-08-30,91.46651149777935,92.06607451787697,91.15840731197578,91.48316955566406,10170300
2019-09-03,90.75036881800271,90.75869149329705,89.36804233667327,90.40061950683594,9868800
2019-09-04,91.14174391507038,91.78294568913103,90.40061921230529,91.49149322509766,6929200
2019-09-05,92.64064900841296,94.6974806141434,92.59901022039278,93.57330322265625,13224700
2019-09-06,93.81478636754446,94.08125807029401,93.23187514996407,93.77314758300781,7836600
2019-09-09,94.68914374912448,96.6460459135592,94.59754350561087,96.09645080566406,13985100
2019-09-10,96.84591890909053,97.65365681297006,96.37126591876701,97.32057189941406,14333100
2019-09-11,97.33723894327225,97.59538169791533,96.07982223092233,97.5870590209961,9919200
2019-09-12,97.05410839904016,98.65293899136563,96.52948754457947,98.18661499023438,12283500
2019-09-13,99.09424551521637,100.2600614389737,98.88606432715919,100.11849975585938,16257200
2019-09-16,99.01099827804018,99.81874249974089,98.5779777442768,99.22750854492188,11993900
2019-09-17,98.61128841043764,98.76950818613354,97.62867270179623,98.73619842529297,10735400
2019-09-18,98.52800882877612,99.9936064155277,98.05335589513099,99.72713470458984,10665600
2019-09-19,99.67718495503014,100.21012847348885,99.16922217131356,99.41071319580078,9382600
2019-09-20,99.71047983866248,100.21011351850558,98.98601322650542,99.01099395751953,21862800
2019-09-23,98.0783579397081,99.19421283957352,97.99508670316605,98.99435424804688,9135100
2019-09-24,98.88607338355091,99.31076482497453,97.46211468921013,97.70360565185547,11696500
2019-09-25,97.6536512701339,98.56132476166053,97.5287476112337,98.26154327392578,9389400
2019-09-26,98.16162666780977,98.30319475482052,97.38719211670134,97.45381164550781,9899200
2019-09-27,98.22823355516782,98.79448677077322,97.66198033956242,98.02838134765625,10207800
2019-09-30,98.56132690916193,98.90274083957326,97.61202096171368,98.00340270996094,9755000
2019-10-01,98.59462381204763,99.09425745293777,96.1047782818282,96.22135925292969,11250300
2019-10-02,95.60515553873469,95.68010409264446,94.03963482061351,94.30610656738281,12548700
2019-10-03,94.23893022034562,94.77614923354176,92.76998809139981,94.17178344726562,12735200
2019-10-04,94.2976901584921,96.48012364569001,94.23893272793397,96.21151733398438,9453100
2019-10-07,95.85059461783416,96.95020090782921,95.74986483090238,96.0016860961914,6771600
2019-10-08,94.9020778401845,94.9020778401845,93.72692895809571,93.8612289428711,10806300
2019-10-09,94.57469902841427,94.98600747601691,94.07106295821195,94.54112243652344,7273700
2019-10-10,94.96923268642193,96.86626883548806,94.85171779616911,95.86738586425781,10994100
2019-10-11,97.39508508620959,99.04029994106978,97.26078510013997,97.48741912841797,15076500
2019-10-14,97.24397593608826,98.10016300758015,97.08449513185349,97.74761199951172,8779000
2019-10-15,99.76215626376558,102.06209819525226,98.9395522405113,100.69388580322266,23379000
2019-10-16,100.693884392931,101.24788850228877,100.2070334612068,100.45885467529297,11087700
2019-10-17,101.35703031123302,102.0453345259204,100.62675375010531,101.02127075195312,10818500
2019-10-18,100.7274883496055,101.5836691827814,100.60997345885745,101.19754791259766,10417400
2019-10-21,102.44825800845209,103.8920133776391,102.39788990663187,103.70735168457031,12714600
2019-10-22,103.62338315258815,105.00838715862461,103.34638747464497,104.74817657470703,12549100
2019-10-23,104.25295092314757,105.05038073830609,104.22777007497818,105.02519989013672,8828300
2019-10-24,105.16786774096664,105.47844639554394,104.14380415979363,104.94962310791016,8020500
2019-10-25,104.92444792676363,106.30945192021292,104.71459903091011,105.78902435302734,9055700
2019-10-28,106.2423172608865,106.7795300156131,106.099621523805,106.19195556640625,9522200
2019-10-29,105.81422291240978,106.95580160931452,105.71349952414717,106.12480163574219,9797300
2019-10-30,105.80582253401879,105.98209484918007,104.85730136623793,105.53721618652344,8513700
2019-10-31,105.33573972575223,105.53719925711763,103.96752736331264,104.85728454589844,11589100
2019-11-01,105.93172687162799,107.43424583096974,105.7806354007422,107.27476501464844,11682600
2019-11-04,108.34920446962337,108.63459594940697,107.91271509526086,108.13096618652344,9159900
2019-11-05,108.60939350871064,109.37324655994044,108.14772337839811,108.36597442626953,13747600
2019-11-06,108.02182739813077,108.98712726477348,107.9294933650306,108.53385925292969,11231100
2019-11-07,109.48237106284628,110.2042518511925,109.0542838821913,109.1214370727539,13528900
2019-11-08,109.02070898254733,109.45718549011131,108.49188563480679,109.4404067993164,9293400
2019-11-11,108.78569080042712,109.20538866183593,108.57584186972272,109.05429077148438,8679000
2019-11-12,108.81086066351749,109.6418541479982,108.29042665835557,108.41634368896484,9099000
2019-11-13,107.55177735036234,108.13096244457353,106.95580075552066,107.8455581665039,8023300
2019-11-14,107.20761676896973,108.14773582752711,107.09849123247234,107.9462890625,8483400
2019-11-15,108.47509220493737,108.72691345214844,107.77839230452301,108.72691345214844,10163600
2019-11-18,108.75209601207334,109.6670341768219,108.27364716216736,109.64185333251953,8749300
2019-11-19,109.9524545889759,110.170692874398,109.27253326838003,109.6082992553711,8824500
2019-11-20,109.37326088445808,109.64186084480724,108.23168223461018,108.81086730957031,11782800
2019-11-21,109.12142405507774,109.72578988988174,108.60939224526213,109.06266021728516,7705500
2019-11-22,109.24732562976017,110.14548501552339,109.2053660988184,109.78453826904297,8167900
2019-11-25,110.1706641785407,110.85897466646793,109.8516897760223,110.37212371826172,10068500
2019-11-26,110.64912563338,110.64912563338,109.42360251600579,110.52320861816406,10490700
2019-11-27,111.04366627605722,111.16118117734948,110.50645346898355,110.8506088256836,6607900
2019-11-29,110.69110417869108,111.14438501828018,110.33855953021155,110.59877014160156,5712000
2019-12-02,111.06047433955435,111.4214212525947,110.25466141286542,110.35538482666016,8615600
2019-12-03,108.92837823247477,109.08786545695803,107.93788469481314,108.936767578125,10361300
2019-12-04,109.44040876668966,111.19474259836285,109.1130449760513,111.08561706542969,10318200
2019-12-05,111.37102033306527,111.89984374644227,110.95132246420417,111.68999481201172,9587400
2019-12-06,113.05820132623077,113.9731395041234,113.02461832790456,113.35198211669922,10170600
2019-12-09,113.0078339505735,113.70453383693349,112.82316589355469,112.82316589355469,8498200
2019-12-10,111.84946006292748,113.12534491972372,111.53888779963786,112.8987045288086,7532900
2019-12-11,112.72241519337477,113.33518312554132,112.4873854798332,112.63008117675781,9011900
2019-12-12,112.8902981375379,116.2310884261579,112.6552684373229,115.85336303710938,13717400
2019-12-13,115.7946487425192,116.53332114955961,114.3424975860998,114.83773803710938,10592100
2019-12-16,116.15554833987864,116.54166308052709,115.2657911978576,115.2825698852539,11372000
2019-12-17,115.60993025364358,116.39896401578943,115.19023253404754,115.98765563964844,11546800
2019-12-18,115.96250462764824,116.69278755712763,115.60157064387623,115.87017059326172,10381500
2019-12-19,115.63510459577306,116.02123211169823,115.08111337122959,115.29096221923828,9350400
2019-12-20,115.8533663579759,116.57524697451652,114.91323472200958,115.19863891601562,29992600
2019-12-23,115.50088140262152,115.76109208330494,114.89651532766936,115.16511535644531,9738400
2019-12-24,115.27420565383561,115.52602690938072,115.0475652430289,115.48405456542969,3324300
2019-12-26,115.744264345761,116.75993870626509,115.6519303129879,116.70956420898438,6770900
2019-12-27,116.9278015388741,117.32231846818806,116.3989782489087,116.79349517822266,7868200
2019-12-30,117.43144838228334,117.58254626219129,116.23111872953652,116.36542510986328,6963000
2019-12-31,116.2646649043653,117.07887955568643,116.07999687160225,117.01172637939453,7201600
2020-01-02,117.33911147002149,118.43873052280593,116.8942328032374,118.43032836914062,10803700
2020-01-03,116.15785399145182,117.61932738145413,115.8030460933789,116.86746978759766,10386800
2020-01-06,115.36376290118035,116.80834998835687,115.31307789643517,116.77455139160156,10259000
2020-01-07,115.97199962637478,116.46197611772448,114.7386216398624,114.789306640625,10531300
2020-01-08,114.63721634219726,116.22541480440921,114.55274565423159,115.68475341796875,9695300
2020-01-09,116.62251209483705,116.77456712956537,115.76927143200749,116.10719299316406,9469000
2020-01-10,115.91286749580017,115.94665319836851,114.73016165972709,114.94981384277344,10190900
2020-01-13,115.0512064747436,115.90443420410156,114.68794242614126,115.90443420410156,12355200
2020-01-14,116.52959583568942,118.91188182835468,116.31839967472591,117.25611114501953,24906000
2020-01-15,116.45352706030666,117.08711531876233,115.0173833621649,115.49891662597656,16293400
2020-01-16,116.11562485109933,116.49577529116013,115.60030579978502,115.94667053222656,10783800
2020-01-17,116.19165331416,116.82524168292144,116.00581258514728,116.74921417236328,14697700
2020-01-21,115.89598337022196,116.63939782790237,115.47359113570137,115.60030364990234,8474200
2020-01-22,115.93822379195085,116.07337950869403,115.2117086416063,115.46513366699219,7549100
2020-01-23,114.64571062808382,115.51583763535396,113.80936932917868,115.34687042236328,9345700
2020-01-24,115.2032388933349,115.25392389240491,111.78187255224552,112.4830322265625,15166400
2020-01-27,110.05003451635868,112.30560664358829,109.57695745616742,111.53684997558594,12860500
2020-01-28,112.2211649988526,114.0205600304097,111.9170420764822,113.56436920166016,13062800
2020-01-29,113.88539280120403,114.50208185750235,112.9392383158819,113.39541625976562,9326000
2020-01-30,112.09445230981525,115.00051292115737,112.09445230981525,114.79776000976562,9048900
2020-01-31,113.61507664021264,113.90230028813492,111.06382373772942,111.81568145751953,12785200
2020-02-03,112.06908702058207,113.4038477458128,112.06908702058207,112.66887664794922,10021100
2020-02-04,114.51052285047751,115.39754900868036,114.11347316909516,114.2908706665039,9157100
2020-02-05,115.37223102624291,116.35217129773986,114.89914085505062,116.23390197753906,10150700
2020-02-06,116.78299647867824,116.82522538506045,115.82838601132762,116.25077819824219,8992300
2020-02-07,115.50735929491438,116.30145863763629,115.14410821579771,115.87906646728516,6379800
2020-02-10,115.6932164640798,116.45353012849014,115.52426216878409,116.36060333251953,5960700
2020-02-11,116.7998852728262,117.27297535976665,116.39439237440693,116.58024597167969,6578600
2020-02-12,117.0871217624939,117.67001216442736,116.41129167153723,116.58024597167969,7958000
2020-02-13,116.36904811243872,116.86746780194984,115.22858404556325,116.47887420654297,7447500
2020-02-14,116.4450861706626,116.74076588603512,115.68478531740159,116.12407684326172,6627600
2020-02-18,116.02269410765105,116.3352731218733,114.08814337494319,114.58656311035156,8996400
2020-02-19,115.65945274851444,116.9097302398493,115.17791938047444,116.14942932128906,7071200
2020-02-20,115.87909208511455,116.88438773525655,115.33843050315444,116.14942932128906,7422800
2020-02-21,115.35533933431172,115.66790551037417,113.9783363158486,114.73019409179688,9772800
2020-02-24,111.03848261224049,112.52529877029754,110.49782101927528,111.646728515625,13618400
2020-02-25,110.66674375017789,111.7058248340968,106.09645757489405,106.66246795654297,20797200
2020-02-26,107.2284935198547,108.9349553210869,106.73006732879965,106.98350524902344,24825600
2020-02-27,103.83245528048528,106.1218202659605,102.47235186013677,102.53148651123047,23005500
2020-02-28,99.27906384295936,100.09850577513045,95.17341742349757,98.08792114257812,45931400
2020-03-02,98.52719305156593,102.7088793082091,96.69401262158908,102.65818786621094,27355400
2020-03-03,102.19357180903197,103.86624134298259,98.1977386864724,98.80598449707031,32547700
2020-03-04,99.96333659236399,101.5346360447213,96.8967651876699,101.24740600585938,25795900
2020-03-05,97.71619817191649,98.35823604284742,95.10581778561436,96.28006744384766,25025600
2020-03-06,89.76678356825545,93.1966058419524,88.71924637184546,91.30429077148438,38159400
2020-03-09,81.58083376465324,83.82796348669613,78.56495354757038,78.93666076660156,40352000
2020-03-10,83.63365517711637,85.55976256814627,79.89970969484305,85.06978607177734,31102700
2020-03-11,82.53545225858531,84.52070121071016,79.87438594354897,81.0655288696289,38127000
2020-03-12,75.68423259003684,81.91029604423989,72.92179039092039,74.38327026367188,49725200
2020-03-13,81.09084334661671,87.84911776280762,77.72015578619546,87.78153991699219,38543300
2020-03-16,71.97562746432985,79.392839823977,71.42652276687465,74.64514923095703,38589700
2020-03-17,76.78245937249375,82.31580018653916,73.91864055682211,79.20699310302734,35239800
2020-03-18,74.06224925551773,76.69797899113337,67.8868771493327,70.86896514892578,41525600
2020-03-19,68.90062099340632,74.43396198511736,64.97237826812727,72.06011962890625,32175100
2020-03-20,72.90489627274373,75.57441162431549,69.67782012367283,70.53949737548828,30150800
2020-03-23,69.84678577170828,70.75070496842244,65.96922139566911,66.76332092285156,32536600
2020-03-24,71.72221142014669,76.11508861452766,70.03264227689327,74.70429992675781,34363200
2020-03-25,75.3885627605397,80.3812419701034,71.41807841059828,77.49208068847656,38111700
2020-03-26,79.47732126566615,83.27040157769451,79.02113689691805,82.89025115966797,29826300
2020-03-27,78.72545919699249,80.11934828133542,76.49522892781172,76.98519897460938,30041500
2020-03-30,76.5797011429459,79.48575486829455,75.43924358142988,78.98733520507812,21656900
2020-03-31,77.76242242409685,79.55336159166062,75.47305056239918,76.05595397949219,23379300
2020-04-01,71.89115276449763,73.12453724275669,70.32830287845948,71.2660140991211,28029600
2020-04-02,70.547970062329,74.2650239239195,70.08333591268183,73.92710876464844,24018000
2020-04-03,73.40642695451828,74.66970321397396,70.64941526284858,71.74198150634766,21199400
2020-04-06,75.95855799062883,77.66568373091506,74.85746110668407,76.35973358154297,26820800
2020-04-07,80.61902398488562,80.6617047404095,77.14502278194945,77.36695098876953,22563800
2020-04-08,78.61314726687282,80.96898285848074,77.2901285869598,80.4909896850586,22903300
2020-04-09,82.72732403069068,89.1034406543987,82.70171818275111,87.7121353149414,42055900
2020-04-13,88.01087610333737,88.01087610333737,83.05167745855769,83.81134796142578,26911900
2020-04-14,86.2269232380082,87.06341776423429,79.92763123827065,81.5152587890625,46151300
2020-04-15,77.80226303679781,78.55339607723606,76.93162519394345,77.49497985839844,30118600
2020-04-16,77.01699043484916,77.30719872177143,74.3026599020473,74.54165649414062,32449600
2020-04-17,78.52781061787594,81.68599170090074,77.64010415116998,81.24214172363281,30191900
2020-04-20,78.92896015825816,80.84093917642718,77.21329695468691,78.2802505493164,23679400
2020-04-21,75.64274097392695,77.99856971574116,75.39520696968904,76.00977325439453,23035000
2020-04-22,77.40962412398073,78.41682864080556,76.12074227763246,76.25730895996094,16662400
2020-04-23,76.59875648600934,77.91324453955023,76.18904981425408,76.30001068115234,16638800
2020-04-24,77.36695525301302,77.7595934792318,75.53179337120943,77.42670440673828,15809200
2020-04-27,78.4765880581453,81.62623125054664,78.13516153937798,80.7641372680664,22870200
2020-04-28,83.48696605607888,83.95642814849266,81.11406277915097,81.33599090576172,20238900
2020-04-29,84.57101855512406,84.88683267848594,83.02606518906296,83.52967071533203,20462600
2020-04-30,81.60062466483451,82.65904100250887,80.70438738734904,81.73719787597656,19127600
2020-05-01,79.80811725033512,80.01297048725007,78.39119995726976,79.5947265625,18547700
2020-05-04,78.54486318801308,79.09968043192357,77.50352181423239,78.64729309082031,15725900
2020-05-05,79.93616633253987,80.41415946932798,78.44243126790894,78.52778625488281,18064100
2020-05-06,78.66435674909316,79.17649316556097,76.76090869515582,77.05111694335938,20978000
2020-05-07,77.9644383194128,79.3045384299632,77.31573515292578,77.85347747802734,16771900
2020-05-08,79.2106437917148,80.3032033178623,78.62168327658249,79.12528228759766,20487800
2020-05-11,77.76812044043447,77.76812044043447,76.24877944027145,76.79505920410156,31907600
2020-05-12,76.94869437740135,77.49497409567338,74.17461503748294,74.28557586669922,27962900
2020-05-13,73.73077107993988,74.14048419354238,71.18715693554735,71.72489929199219,35451600
2020-05-14,70.60671420851958,75.20741707207023,70.33357437938703,74.70381164550781,35152500
2020-05-15,74.13193468081904,74.4989669789891,72.8089161267031,73.32105255126953,26099000
2020-05-18,75.70249175321236,77.80225559669894,75.01110141184606,77.20475769042969,30504400
2020-05-19,76.8633225927105,77.84491447332734,75.61711533860307,75.6854019165039,19597300
2020-05-20,77.426690751257,78.86067669992545,77.13648248782286,77.95590209960938,20552400
2020-05-21,77.05114480984155,78.32295862717442,76.53900820815332,76.96578979492188,14621400
2020-05-22,76.82918792895528,77.12793360060185,75.7280911573146,76.3682632446289,13557900
2020-05-26,79.28746652242272,83.22239247207592,79.04846992444993,81.78840637207031,41233900
2020-05-27,87.12316433355416,87.55848323291852,84.33201653541724,86.52567291259766,39402000
2020-05-28,87.86578459801883,87.87431553996544,84.84417054572111,85.23680877685547,24713900
2020-05-29,84.2125186747212,84.65636851649694,82.60781625808,83.0602035522461,26526400
2020-06-01,83.43575836917898,84.93803062460368,83.11993780897693,84.16128540039062,15176800
2020-06-02,85.59530198413776,85.71480029068368,83.58943011035204,84.4429931640625,21195000
2020-06-03,86.70493457578081,89.55583198412896,86.26107815118812,89.00101470947266,25941100
2020-06-04,88.61690373071006,90.99834510295663,87.73773494881833,90.85324096679688,26784700
2020-06-05,98.09999094512182,98.8169807034286,93.49074967316727,94.94181060791016,42231000
2020-06-08,96.80256365696737,97.46834162228868,95.54782525516906,96.83670043945312,24881800
2020-06-09,94.44673667874312,95.28322467828036,93.04689403643462,94.35284423828125,17031100
2020-06-10,94.28455524474019,94.32723599374381,90.34962983438794,90.52887725830078,24913300
2020-06-11,85.38190077203755,86.7049259482503,82.40296790254455,82.974853515625,36259200
2020-06-12,85.96233592165585,86.32083084781581,83.07729509200712,85.24534606933594,24856800
2020-06-15,82.30054496395299,86.57689752475542,81.83108920946452,86.42325592041016,22153600
2020-06-16,89.93994516877311,90.20454764287031,84.76734841330963,87.1146469116211,22193600
2020-06-17,87.515823883241,87.52436133767603,84.68199464259033,84.91246032714844,15639800
2020-06-18,84.22105717709282,85.8001473783484,83.76013238915029,84.45152282714844,16591900
2020-06-19,85.80869204063103,85.86844119341175,82.56515637055472,83.48699951171875,40371200
2020-06-22,83.00899582500607,83.60648727749093,82.4029669197233,82.58221435546875,16216900
2020-06-23,84.47711500630969,85.330677843173,83.52112228464242,83.58940887451172,15381400
2020-06-24,82.58220680349176,82.65902433514283,80.49951133871413,80.79826354980469,22919800
2020-06-25,80.53364347105358,83.82839617883839,80.45682595005096,83.61500549316406,25743600
2020-06-26,81.18236952593689,81.40429770767952,78.52778833410405,79.03138732910156,41896300
2020-06-29,79.72277410989327,80.65315452109901,78.68142635675687,79.38134765625,18499700
2020-06-30,79.23623892161501,80.79826046047415,79.01431076282879,80.28611755371094,19137000
2020-07-01,80.99458431799813,81.69450564638227,79.40695677836636,79.60327911376953,18755700
2020-07-02,81.65456109152875,81.84417586375986,79.23267886133095,79.86185455322266,27845600
2020-07-06,81.38738281612567,82.05102796442439,80.56859890157662,81.87865447998047,18625300
2020-07-07,80.86161478526158,81.10294023298587,79.29299279942833,79.56879425048828,25757200
2020-07-08,79.54294346771043,80.44791394873624,79.12062390989838,80.41344451904297,18762200
2020-07-09,80.60306540719134,81.12019899297371,78.24151456291686,78.67245483398438,25600800
2020-07-10,79.2930018074541,83.46450005058924,79.18095971560372,82.97322845458984,28954200
2020-07-13,85.0934606481115,85.55887030962712,82.9387594996552,84.16262817382812,32079200
2020-07-14,84.78316767649743,86.14493355620715,83.29211186073555,84.645263671875,42731700
2020-07-15,86.95513083256573,87.29988437827339,85.0245201824805,85.95535278320312,22508400
2020-07-16,85.1365546253524,87.23954514677276,84.93832579296522,86.19667053222656,16886900
2020-07-17,86.18804498171464,86.25699699585024,84.58494681900467,84.60218811035156,16137700
2020-07-20,83.97301927315466,84.80042378275263,83.82650116299833,83.86097717285156,14458100
2020-07-21,84.21434926420237,86.23115320675697,84.15401788764368,85.67955017089844,17798100
2020-07-22,85.88637958001728,86.30007847234995,84.05919084127613,85.05897521972656,14271200
2020-07-23,84.89522393597969,85.62782099999745,84.43842835167304,85.30892944335938,12870200
2020-07-24,85.84330188049486,86.01568193670552,84.41258357989379,84.70561981201172,12744200
2020-07-27,84.04196003587307,84.14538147595347,82.8870368751787,83.5162124633789,11959100
2020-07-28,83.17147021145543,84.3694836086584,83.17147021145543,83.87821197509766,11754300
2020-07-29,83.66274554978213,85.93810969815057,83.60241417371277,85.9122543334961,12743500
2020-07-30,84.06782571247257,84.24019918417689,82.78362559408409,83.61964416503906,14834800
2020-07-31,83.15425490866335,83.54209860311074,82.0941387278774,83.29215240478516,14535000
2020-08-03,83.61963433019983,84.09367118507298,82.61123583051588,82.82670593261719,12962800
2020-08-04,82.66294620931936,82.69741563622061,81.90448730498916,82.35266876220703,13366200
2020-08-05,82.62849983954256,84.8693882023979,82.49921642761048,83.78341674804688,15260900
2020-08-06,84.10230029500131,84.55047525920433,83.20594379096893,83.80925750732422,10482100
2020-08-07,83.54208181033817,85.74849390980131,83.22318364023928,85.6536865234375,14743700
2020-08-10,86.28285133075258,87.94628084213518,86.21389931743728,86.7396469116211,14989900
2020-08-11,89.51490661108382,91.497234332761,89.21324976012238,89.48043060302734,31518600
2020-08-12,91.49723338524463,91.7299382176833,87.6618613679134,88.72197723388672,19240800
2020-08-13,87.91179952124936,89.0839573742494,87.60152205571256,88.23069763183594,13598600
2020-08-14,87.48085298430674,89.04085426829978,87.41190098015925,88.26516723632812,12134400
2020-08-17,87.48086181935237,87.91180202535904,85.78295635558601,85.93809509277344,14988000
2020-08-18,86.11049831890654,86.11049831890654,84.5677311767028,84.74010467529297,13246500
2020-08-19,85.25722320199837,86.69656215541737,84.75733090030884,84.9383316040039,13533000
2020-08-20,83.82649541871716,84.49014047994207,83.43003119601285,83.92130279541016,13672600
2020-08-21,83.83511531883074,84.95556262550511,83.55069974459934,83.87821197509766,12228300
2020-08-24,84.8521257047696,86.36903710277201,83.96438991395384,86.23975372314453,17898300
2020-08-25,87.28261773618267,87.89455855430094,86.01565918026363,86.61897277832031,13648900
2020-08-26,86.13634365193366,86.42075923391255,85.36927049399857,85.40373992919922,12052400
2020-08-27,85.32616463436042,88.47202959509588,85.32616463436042,88.21346282958984,22163900
2020-08-28,88.89436051603447,88.98916790377386,87.7480577920049,88.5754623413086,13756700
2020-08-31,88.01525176823576,88.06696250152092,86.20529719572723,86.35182189941406,14219400
2020-09-01,85.8002018790438,86.93788381600275,85.36064100605651,86.30870819091797,11595600
2020-09-02,86.14493741501893,87.86008402730882,85.80880460822597,87.61013793945312,14475700
2020-09-03,89.04949867858751,90.48883762727112,86.73965852818806,87.33435821533203,23281200
2020-09-04,89.67865729422999,90.67843512824653,87.36881758382903,89.22185516357422,26325500
2020-09-08,88.75646141714671,89.26496778239456,85.73987950965449,86.11910247802734,22108600
2020-09-09,86.87755772666253,87.64463085176129,85.80882116364452,86.9378890991211,13434000
2020-09-10,87.39468658560236,88.27380182818354,85.87777501981114,86.04153442382812,15922800
2020-09-11,86.16219279515832,87.36020613849755,85.834674003759,87.11026000976562,13784300
2020-09-14,87.48949005302757,89.17015437197527,87.3688273109301,88.31689453125,19017400
2020-09-15,88.54098110800322,88.64440255311928,85.4468268876374,85.56748962402344,23683000
2020-09-16,85.6967766692633,87.16197085979732,85.11931832392794,85.92948150634766,19270600
2020-09-17,85.06761558201838,85.61921865937096,84.2143555991804,84.94695281982422,18290100
2020-09-18,84.3694660082135,85.7484732379329,83.98162248522607,84.76593017578125,20121600
2020-09-21,82.05102086613992,82.78362455071593,80.86162814486731,82.14582824707031,28378800
2020-09-22,81.84416554840345,82.44748579997355,80.73233899505551,81.24946594238281,19257000
2020-09-23,81.68900733636775,82.18027880557982,79.86182545293835,79.93077087402344,19952700
2020-09-24,79.56881174824002,81.27533812269326,78.75864193075319,79.86185455322266,18366500
2020-09-25,79.33609837519175,80.77543715439134,79.1809596305362,80.55996704101562,13293100
2020-09-28,81.93036694553035,83.54208601928879,81.31843251447822,82.8784408569336,20894100
2020-09-29,82.76638449197722,82.76638449197722,81.30119025223998,82.18030548095703,12848200
2020-09-30,82.18030001466555,83.77477754023371,82.10273393006744,82.97322845458984,16400600
2020-10-01,83.70582145278034,84.26603841639069,82.76636845763919,83.5765380859375,15778700
2020-10-02,82.09410504372426,84.97278231625388,81.95620102855798,84.36946868896484,15149600
2020-10-05,85.52641951870035,86.33540646438654,84.83921498319113,86.1527328491211,13871900
2020-10-06,87.04870230621317,87.73590681033123,84.82181646567903,85.26544952392578,19220400
2020-10-07,86.08315024059365,87.29228046897312,85.83088475340483,86.75296020507812,16358500
2020-10-08,87.43145155717716,88.6579762533266,86.90082537390921,88.53619384765625,15659000
2020-10-09,88.72757481895643,88.82326195018288,87.08350558118374,88.03166961669922,13689100
2020-10-12,87.94468085670977,89.59745069194823,87.72721131619534,89.11032104492188,16058000
2020-10-13,89.59746699253473,89.7888412848674,87.21400225312982,87.66633605957031,21697300
2020-10-14,87.88379078599733,88.66668246929041,87.07480381936847,87.17919158935547,15204100
2020-10-15,86.2049330202769,88.53620698959317,86.15274244914076,88.48401641845703,17171200
2020-10-16,88.2143440809991,89.01463036537436,87.61412604939594,88.30133056640625,13275000
2020-10-19,88.37961170795786,88.6144825063631,86.60505962620653,86.81383514404297,11725700
2020-10-20,87.25748754405797,88.52750902774203,87.09221518491088,87.30968475341797,11257100
2020-10-21,87.30098168624312,87.84900259445894,86.40500815075697,86.43980407714844,10730500
2020-10-22,86.39630804484206,89.80622921258312,86.38760740402924,89.49307250976562,14837200
2020-10-23,90.03238002278896,90.85876153259215,89.53654978957846,90.30204010009766,15087600
2020-10-26,89.29299873518845,89.33648866328869,87.20528972370121,88.06646728515625,12410700
2020-10-27,87.43143982820347,87.7880863579242,86.25710585298073,86.40498352050781,10391700
2020-10-28,84.8131325871637,85.50903786817776,83.56920637708618,83.9780502319336,16389500
2020-10-29,83.61268634852472,85.23066016456188,82.84718936403375,84.52605438232422,14208800
2020-10-30,85.16977802506952,85.6134111301312,83.70838237884257,85.2828598022461,15194500
2020-11-02,86.45718081836866,87.75329728398886,85.12626843356256,87.20527648925781,15011600
2020-11-03,89.61485818373262,91.11104989885371,89.32780339294585,89.95411682128906,17482600
2020-11-04,87.85768504154652,88.78845431067937,86.0570377026954,87.20527648925781,18886500
2020-11-05,87.90989684290933,91.42420589010035,87.85770626984163,90.77179718017578,17837400
2020-11-06,91.36331563959745,91.42420685436684,89.06683748737319,89.56266784667969,12552800
2020-11-09,98.43541637016152,103.42851518068395,95.99105421277005,101.68875885009766,47792400
2020-11-10,102.08020053734197,102.16718702583314,99.76632808758693,101.35820007324219,20539300
2020-11-11,101.68006330260064,101.74095451175502,99.13131988517793,99.84461975097656,14443400
2020-11-12,97.887386675102,99.13131268893582,97.47854288475442,98.61808776855469,22063000
2020-11-13,99.77499971615337,99.91418337584214,98.79204000700963,99.23567962646484,11847900
2020-11-16,102.462943432978,103.17624321812774,100.67099664906011,102.03670501708984,19858600
2020-11-17,100.37523546054484,101.28861013869685,99.6706363090034,101.00154876708984,14553200
2020-11-18,102.07150601920088,103.17625506289119,100.20996717994107,100.25346374511719,12571200
2020-11-19,99.32269514381534,100.74929488964413,98.78336825975066,100.52312469482422,10202500
2020-11-20,99.5401743557702,100.60142694599281,99.24441228205738,99.66195678710938,12718900
2020-11-23,100.94936892041052,102.7935064780716,100.53182445950678,102.53254699707031,13209200
2020-11-24,104.44627239110466,107.42995480208583,104.13311571662051,107.27337646484375,20121600
2020-11-25,105.57713649335511,106.45570883819063,104.79424466018655,106.15125274658203,11715600
2020-11-27,106.12512093616107,106.42957692299363,105.32483473173181,105.44661712646484,5983600
2020-11-30,104.38538876419534,105.0117021586436,102.44555736953723,102.54124450683594,14411800
2020-12-01,104.68113577968693,105.75978948874138,104.06352307545806,104.15921020507812,12668900
2020-12-02,104.12441658394462,106.39479918849979,103.75036869715389,106.1599349975586,10811300
2020-12-03,105.99465361907576,106.02944954225066,104.6985370048687,105.46402740478516,12904400
2020-12-04,106.54267221797673,107.24727135267074,105.855467725096,106.42088317871094,13583700
2020-12-07,105.38574458768063,106.27301742591932,104.56805696115035,106.020751953125,9724300
2020-12-08,105.29006264702326,106.41220636962107,105.04649780242423,106.1251449584961,9592100
2020-12-09,107.1428737201496,107.25596210976764,104.768110451167,105.29873657226562,13073900
2020-12-10,104.37667444447946,105.06387896017965,104.00262658496274,104.6202392578125,13668400
2020-12-11,103.46329674215642,104.40275998641874,102.96746652223028,104.00261688232422,9981600
2020-12-14,105.55101720043633,105.62060904896586,102.74131434165727,102.9065933227539,12112400
2020-12-15,103.76776860434703,105.16827300124214,103.18495181813806,104.66374206542969,12590200
2020-12-16,104.64634999740652,105.32485393078325,104.2636014661093,104.96820068359375,11169400
2020-12-17,105.48143749267832,105.64670984575508,104.02004178052096,104.09832763671875,11618000
2020-12-18,103.63728120194823,104.28098916811587,102.8804848299833,103.58509063720703,28954800
2020-12-21,107.14290696945442,108.7347858267528,105.33355854050254,107.47346496582031,28323600
2020-12-22,107.33424974732483,107.44733150219841,105.78586791352922,105.83805847167969,11788200
2020-12-23,106.80364761998166,110.05699032981136,106.4295997170082,108.79566955566406,14973200
2020-12-24,108.81304520304482,109.21319495774246,107.49083344932714,108.31721496582031,4164900
2020-12-28,109.4480926195849,110.17009323554448,108.55211899005086,109.03054809570312,8072600
2020-12-29,109.77860431838117,109.84819615331362,108.63906622709351,108.74345397949219,8389200
2020-12-30,109.16099435467315,109.47415098279683,108.6477694920855,109.04791259765625,7398000
2020-12-31,108.81306151224103,110.76159347044037,108.57819731694019,110.5354232788086,8580200
2021-01-04,110.90947629938672,111.222632998693,108.54340640980338,109.4915771484375,16819900
2021-01-05,109.50907627770478,110.65682778188479,108.44018109392785,110.08733367919922,13731200
2021-01-06,113.79343487711478,116.3254871174699,112.04114253515971,115.256591796875,24909100
2021-01-07,118.8838046379264,121.07416137937578,118.20917101827456,119.04150390625,21940400
2021-01-08,119.12913330303363,119.46207183310611,117.50826383374968,119.17294311523438,12035100
2021-01-11,117.91129120015883,121.0829236314147,117.49950304408252,120.95150756835938,15937900
2021-01-12,122.16933197762431,124.11436970979717,121.63488443195743,122.85272216796875,18033500
2021-01-13,121.42462444115493,123.35213587972014,120.99532303585177,122.96664428710938,14816800
2021-01-14,123.08932596096862,125.06940418465027,122.66001110928923,123.68509674072266,18565600
2021-01-15,120.40828339944751,124.10560661860228,120.0403050741272,121.46842193603516,27881000
2021-01-19,122.53731991336286,123.27327658098022,120.74999466788115,120.94273376464844,19843800
2021-01-20,120.75002782560247,121.0566698368746,118.66480332587791,119.12915802001953,16028800
2021-01-21,118.88380091822654,119.29558904224491,117.68348973950877,118.13031768798828,13411700
2021-01-22,116.25541274234587,117.75360973336467,115.82609787456629,117.21916198730469,12933200
2021-01-25,115.77349278334567,116.67591867098437,113.95111441124602,115.75596618652344,14212800
2021-01-26,116.30797596131936,116.67595439399348,115.07261120020455,115.28289031982422,11307800
2021-01-27,113.53934392868003,113.76714961614327,111.57678589919365,112.02362060546875,17603900
2021-01-28,113.81093822166869,115.79978601346961,113.01365847710417,113.99493408203125,13761800
2021-01-29,114.9411674298819,115.40552200946202,112.31273922748396,112.73328399658203,14808100
2021-02-01,113.3728603289545,113.95988770410122,112.56681064711164,113.56561279296875,11080700
2021-02-02,115.59827511499813,117.74482215163003,114.96745127344988,117.06143188476562,12253600
2021-02-03,117.09648933123634,118.94515132332216,116.97382986408331,118.40194702148438,10600800
2021-02-04,118.69105616372725,121.48595359875816,118.69105616372725,121.1267318725586,12419500
2021-02-05,122.12554707918179,122.21316670868592,120.36450482472777,120.89018249511719,10051300
2021-02-08,121.08296470013639,122.92287042023045,121.06543809615863,122.78268432617188,10136400
2021-02-09,122.16057801160603,122.64245920102212,121.38081149377909,122.29200744628906,8614800
2021-02-10,122.66000696183598,123.42224701277156,121.81890388893342,122.36212158203125,10323200
2021-02-11,122.3620884780637,123.1418549194642,121.10044089447722,122.02039337158203,9201000
2021-02-12,121.82766120854305,124.07058467792957,121.78385139397815,123.75517272949219,8324600
2021-02-16,125.77032061990602,127.32109735354183,124.76274822631702,126.73406982421875,12130600
2021-02-17,126.12074659951288,127.37363768790993,125.39354651037902,127.1283187866211,10810100
2021-02-18,126.16456099774183,127.73285070006024,125.63886997936673,127.55762481689453,10587800
2021-02-19,127.79418911346629,130.4050909094959,127.79418911346629,129.68666076660156,11969800
2021-02-22,128.67908510388062,131.58788553434144,128.60899207760568,130.9044952392578,11488400
2021-02-23,132.74434872810863,133.44526541965598,131.06215668971933,131.95582580566406,16234400
2021-02-24,131.51778933940724,134.7157050439979,131.51778933940724,134.2776336669922,15061400
2021-02-25,135.16255262531052,135.71451349490434,131.938340190342,132.45526123046875,18127700
2021-02-26,131.68427167802906,132.1836661455895,128.3636828240177,128.9419403076172,19829200
2021-03-01,131.0008808326756,132.630507045509,130.08968479491995,131.8594970703125,14845500
2021-03-02,131.49149692801222,132.98093683186465,131.28121786896335,131.43016052246094,14221700
2021-03-03,132.4990360666763,135.78457067811155,132.1398277761707,133.97096252441406,14324100
2021-03-04,133.70812815786616,135.25890436621202,130.21231422891725,131.9120330810547,20093900
2021-03-05,134.24260730823255,134.47916961883655,129.64285738816145,132.21871948242188,18465100
2021-03-08,133.5854576576524,136.20512873396495,132.07849137969745,133.97096252441406,17133300
2021-03-09,132.73562105622415,135.14501351764076,131.2637077150378,133.02474975585938,16238800
2021-03-10,133.09485012195302,136.8184568587185,132.7443849959897,135.91603088378906,14342200
2021-03-11,135.0223792356936,136.80970482149334,134.36527207830144,135.2063751220703,11771500
2021-03-12,137.43172899455243,138.10636254093606,135.86343962030364,136.80966186523438,12849500
2021-03-15,136.9849572416574,137.48435177739714,134.89097610051297,136.12632751464844,12101100
2021-03-16,135.00483800155266,135.45167937622847,133.34017206414595,134.49667358398438,12805600
2021-03-17,136.09998657499767,137.44925364870963,134.09362592837078,135.88095092773438,13952400
2021-03-18,138.08008967014828,141.66350996973617,137.6507749505123,138.12388610839844,21898500
2021-03-19,136.24897327224215,136.62572165918615,132.46404301534375,135.9248046875,54418800
2021-03-22,133.87462901689184,134.89971453842116,131.95587405266556,132.2712860107422,19944800
2021-03-23,131.71055849593208,133.2788483419302,130.5102470489579,130.9483184814453,17076300
2021-03-24,131.42144104081518,134.20756917381792,131.2987815639323,131.9646453857422,13079800
2021-03-25,131.42141193658384,134.0235569624384,130.83439790086572,133.65557861328125,15608300
2021-03-26,135.1888041646873,136.19636279454855,133.65555463384416,135.88095092773438,16754400
2021-03-29,133.27884761095848,134.6894381505867,132.33261171770982,133.7694854736328,17570300
2021-03-30,135.32901387035344,136.5643649767628,134.82084947550763,135.34652709960938,13184300
2021-03-31,134.29519695746177,135.35533586177257,133.27886787659673,133.375244140625,16736700
2021-04-01,133.0861060974922,134.74201570514077,132.77946409244927,134.67193603515625,16561500
2021-04-05,136.07317268453153,136.54908381723237,134.48683810250495,135.38575744628906,13508000
2021-04-06,134.65430100499057,135.9674475263067,133.8346955386655,134.43397521972656,13071600
2021-04-07,134.92749528104292,136.80466153503886,134.53089817118018,136.54026794433594,16903500
2021-04-08,135.72069312992477,137.05145612401668,134.23128856668504,136.70774841308594,12335500
2021-04-09,137.3158127759061,138.39981165713579,136.5755215129988,137.7300262451172,12122400
2021-04-12,137.11313115667738,138.58490564745455,137.10432296725384,137.439208984375,12273400
2021-04-13,136.38160507828832,136.7781886393972,134.33697617573364,135.79994201660156,16113600
2021-04-14,133.49097477339598,135.5708505204266,133.01506359318446,133.2618408203125,19939600
2021-04-15,133.29706730322334,134.13430239180315,131.59615911414338,134.1078643798828,17694100
2021-04-16,135.6060801940227,136.17011354237428,134.56614917109334,135.10374450683594,13773400
2021-04-19,135.2095214663922,135.61492681377607,134.1519604243546,134.53091430664062,11900200
2021-04-20,133.72891284159428,133.73772102984506,131.0056765391512,131.55209350585938,13716700
2021-04-21,130.2477727959318,132.7330538699798,129.3664697394809,132.67135620117188,12236700
2021-04-22,132.39815174033916,132.4598494079052,129.78068063955575,129.87762451171875,15256100
2021-04-23,129.7101691426233,133.1913267522592,129.27833927890657,132.36289978027344,14041900
2021-04-26,132.8828525610243,134.3634484522448,132.5303367737703,132.68896484375,10799100
2021-04-27,132.63605059158704,133.5790508945003,132.29234309141364,133.29702758789062,12821200
2021-04-28,134.33700925248564,134.74241454767858,133.4292682422321,134.16075134277344,8943700
2021-04-29,135.31528141314993,136.84875375432128,135.01564156586028,136.76943969726562,12976900
2021-04-30,135.80880807648273,136.15251573489212,134.8481775127489,135.55322265625,11705100
2021-05-03,136.46979321561554,137.0250050356331,134.95395077668758,135.15664672851562,11801100
2021-05-04,134.72477740470512,137.1659903368525,134.08143001777225,137.0249786376953,12977700
2021-05-05,137.4832611999092,139.49263086471402,136.27588045286507,138.82284545898438,10506700
2021-05-06,139.3075376380871,141.73112029611133,138.50554887655008,141.61654663085938,13542400
2021-05-07,138.55841657686062,142.3303911933586,138.38215872001362,142.10125732421875,14257800
2021-05-10,142.33044297810824,144.29574501984152,141.9955435149222,142.08367919921875,14014300
2021-05-11,141.96025737697698,143.11476189937093,139.28108932036153,139.72174072265625,15451700
2021-05-12,140.66475640745062,141.69587918674083,138.390993311728,138.76113891601562,14381700
2021-05-13,139.40445193844405,143.16761816008702,138.96380059695556,142.33038330078125,15395000
2021-05-14,143.11484964712923,144.93033238608902,142.7623336882014,144.5425567626953,10584000
2021-05-17,143.97846419783855,145.28280229648757,143.67882441069608,145.12416076660156,9886800
2021-05-18,145.1329372196799,145.85561196341652,142.982569704855,143.0795135498047,11098100
2021-05-19,141.88978098698632,142.04840906987988,139.8099053985892,141.98672485351562,13278900
2021-05-20,141.73995971679688,142.6477007092968,140.58545496600274,141.73995971679688,10426000
2021-05-21,142.18941110750353,143.84626491458127,141.83689531551977,143.3527374267578,10249000
2021-05-24,143.96968304516818,144.73641248202148,142.87686229860788,144.12831115722656,9440300
2021-05-25,144.40152226383725,146.03192497486253,142.38333057896787,142.638916015625,12609100
2021-05-26,144.15473360936176,144.30455350091327,142.1629802858294,142.6212615966797,13058300
2021-05-27,144.48961857221286,145.19466363446793,143.2734296236293,144.84214782714844,15707500
2021-05-28,145.13298606170358,145.36213347103492,143.88153729058948,144.74522399902344,10291300
2021-06-01,146.18173626188243,147.0982989875066,145.83802860167782,146.3403778076172,9445400
2021-06-02,147.4067123598128,147.56535386827346,145.88206216868394,146.34915161132812,10498600
2021-06-03,145.7762901947755,147.39788401722404,145.1153131364023,146.44607543945312,13354400
2021-06-04,146.48137085705082,146.88676268787103,145.44142637178516,146.68406677246094,8510800
2021-06-07,147.17760111871993,147.26573679783766,145.538376999493,145.9966583251953,7267200
2021-06-08,144.96550317932005,146.0847480589538,143.7933688354114,145.4149627685547,10370700
2021-06-09,144.65707876846565,144.72758462456125,143.01785459518965,143.59951782226562,12377400
2021-06-10,144.85095814491547,145.62650906955795,141.28167839097026,141.36099243164062,12119400
2021-06-11,141.38743522803742,142.06604231005542,140.1800544093801,141.26405334472656,13683800
2021-06-14,141.14069364524994,141.29933520450797,138.06495426799324,138.866943359375,19917900
2021-06-15,138.10017389080085,138.29406162166867,135.83523223128665,136.76058959960938,24485500
2021-06-16,136.3640077894381,138.9109728909911,134.93630124979595,137.72122192382812,25321200
2021-06-17,138.45275180533346,138.77002152664673,133.29712219589828,133.74658203125,29722400
2021-06-18,131.57858382430896,131.9310997610939,130.04511125929048,130.3623809814453,43595700
2021-06-21,131.38462064809784,133.25297824687993,131.33174463267773,132.57437133789062,18664800
2021-06-22,132.7242312985075,133.05030909082285,131.0145014026409,132.38052368164062,14251200
2021-06-23,132.37171319730788,133.99330755464524,132.27476932553137,133.18251037597656,12733300
2021-06-24,133.88755093386155,134.9451118505592,133.27064151975597,134.4075164794922,13733200
2021-06-25,134.47803159707985,136.1613236803624,133.66723439017304,135.76473999023438,15484900
2021-06-28,135.456264690176,136.14367993548683,134.06380437470588,136.01148986816406,14125800
2021-06-29,136.60197635669732,137.7564812310609,135.3769656227581,135.84405517578125,14528700
2021-06-30,135.50030894781747,137.553746137781,135.46506275187056,137.0778350830078,12531000
2021-07-01,137.71238377421685,138.48793461515686,136.97209257929126,138.43505859375,10479400
2021-07-02,138.23121187034394,138.5591822690405,137.49551349774717,138.3021240234375,11424000
2021-07-06,138.0805173169613,138.0805173169613,135.0402350806245,135.97979736328125,15083400
2021-07-07,134.7388587460548,136.75094871429897,134.33113079440767,136.13934326171875,12271800
2021-07-08,134.38432514398679,135.1997946550329,132.99269943402788,133.7904510498047,17834600
2021-07-09,135.6607114124253,138.40848635513726,135.24411096359202,138.07167053222656,13694500
2021-07-12,136.81302151444098,141.07651534953,136.44960176952983,140.04830932617188,19940400
2021-07-13,138.31984699870512,139.50759505901357,136.05957128535965,137.9652862548828,22671700
2021-07-14,138.2312276312848,139.41011695129913,135.57208245007982,137.4955291748047,14622800
2021-07-15,136.4141235939525,138.7453115430436,136.23684997798162,137.79689025878906,11539300
2021-07-16,138.24005504917056,138.52369007633146,133.8613285805578,134.65020751953125,14002700
2021-07-19,131.6719687060685,132.7976769483079,129.15464860343752,130.271484375,22172900
2021-07-20,129.87265077759676,133.94999849215455,129.70423609018138,132.70021057128906,15385200
2021-07-21,134.7742818330521,136.19248382390688,134.16267656085802,135.49224853515625,12356700
2021-07-22,135.50996357726802,136.00633489035482,132.9305910127235,133.78150939941406,9913300
2021-07-23,134.26906281245886,135.47454216634478,133.1788173790153,133.52450561523438,9666100
2021-07-26,133.12564456459683,134.69454366455776,133.10791314691176,134.4197540283203,8208000
2021-07-27,133.31178927647173,135.16433712799432,132.77996842337348,134.24249267578125,11218700
2021-07-28,134.98704268827927,135.41251557789045,133.7372549597358,134.46408081054688,9217300
2021-07-29,135.74045638891934,136.38751106838288,134.65021097898068,135.61636352539062,9063500
2021-07-30,135.24409633688512,136.2102489647489,134.02088548961353,134.5349884033203,9805200
2021-08-02,134.75656651810192,136.90160793654317,133.90564792695702,133.99427795410156,10203200
2021-08-03,134.6856894630543,135.900041524692,132.53178853840174,135.51889038085938,10394800
2021-08-04,134.06520965448289,135.9443342154893,133.76384317302131,134.0563507080078,10155000
2021-08-05,134.97818099485653,136.22798222307588,134.7388541899592,135.74932861328125,9151500
2021-08-06,137.55756319917384,139.8887511442105,137.48665104788685,139.6051025390625,13328800
2021-08-09,139.62283666900805,140.53580865625037,138.18688924650905,139.4544219970703,9516900
2021-08-10,138.93145869175157,141.80332645768948,138.55030756565003,141.16513061523438,8667000
2021-08-11,141.8210222479502,143.15059433152473,141.0055529930373,142.84922790527344,9156500
2021-08-12,143.48749949005037,143.92181794436416,142.3086099959873,143.40771484375,8844200
2021-08-13,143.40764719219374,143.73561752198822,141.43989283896403,141.8032989501953,8980900
2021-08-16,140.88149210087786,140.96126319796414,138.96690462014902,140.87261962890625,8755800
2021-08-17,139.66716144646568,140.8105878105227,137.62848097032506,139.1707763671875,9347200
2021-08-18,138.5503294277656,140.05717570045434,137.6905380467097,137.9032745361328,8065500
2021-08-19,135.75821817341085,137.8855287455141,135.62525280946016,136.75096130371094,9517700
2021-08-20,136.81300383307882,137.30050288751434,135.75820757691088,137.14096069335938,6974100
2021-08-23,137.6816576116109,139.24168438191933,137.60188651244337,138.89599609375,7934600
2021-08-24,139.1618786533826,140.5357725170838,139.04664474429788,139.75575256347656,7670900
2021-08-25,140.50035258981225,143.39882441602344,139.87102918289025,142.63653564453125,11335000
2021-08-26,143.8242420307152,145.2158673298207,142.84035812930955,143.3721923828125,11027500
2021-08-27,143.37220696551307,144.6220081207902,142.93787516347194,144.52450561523438,8780200
2021-08-30,144.6663402771601,144.91452603181153,141.71468806100958,142.2110595703125,7937600
2021-08-31,142.21101933237287,143.03534745741635,141.2448669519116,141.7766876220703,12340800
2021-09-01,142.01605148798308,142.49469156876154,140.90807456245898,141.57286071777344,8729900
2021-09-02,141.83879545188688,143.24813902967688,141.31581999918535,142.2288055419922,8813300
2021-09-03,142.16672596427387,142.60991670716706,141.06760805285984,141.36898803710938,7959700
2021-09-07,141.8121956509525,143.0442655217667,140.89922369398778,141.12081909179688,9285600
2021-09-08,140.83717388360927,141.4487793603148,140.08374410286274,140.49148559570312,7852700
2021-09-09,140.28760376329723,142.55673823881511,140.11918911431437,141.1030731201172,7904300
2021-09-10,142.31740552520614,142.459229805302,139.35689468502122,139.48098754882812,8311600
2021-09-13,140.518071320401,141.86537511406553,140.11034336613898,141.69696044921875,10052800
2021-09-14,142.21989803076553,143.00877696408253,138.50595766741557,139.22393798828125,11685600
2021-09-15,138.91371765637592,140.65989039261834,138.6921222687828,140.1901092529297,11691500
2021-09-16,141.29806647430257,142.57445789274993,139.3568889858395,140.12803649902344,10880900
2021-09-17,139.49871431000017,140.9435068493016,139.16188503728958,139.76461791992188,25581600
2021-09-20,136.40530705037236,136.99918128729902,133.39161406669078,135.5809783935547,15819900
2021-09-21,136.08614532357296,136.99025820546208,135.24408563632394,135.5986328125,8999900
2021-09-22,137.56640294445904,139.38348768286616,137.4777729115538,138.19573974609375,11236200
2021-09-23,140.0482570823013,143.33673793066038,139.75574960588878,142.866943359375,12336100
2021-09-24,143.09743791055868,145.00315281056876,142.54788568406644,144.51564025878906,10102400
2021-09-27,146.25294874872534,148.38025895684527,145.90726050177815,148.0079803466797,13220900
2021-09-28,148.6461692435583,150.06438500015915,146.83795700274467,147.21023559570312,13387900
2021-09-29,147.32551490546223,147.9371069447565,146.2884363679226,147.0950469970703,7777100
2021-09-30,147.954821030504,148.01687423706542,144.29406054647163,145.09181213378906,13161200
2021-10-01,145.36655201956864,149.17799480802995,145.01200486371008,148.14093017578125,11285000
2021-10-04,147.99914621507656,151.07489164404444,146.90002809236836,147.98141479492188,14120000
2021-10-05,149.1049691924734,151.71771035696676,148.62343128073803,150.39796447753906,12292900
2021-10-06,149.80052072885388,150.79033359868424,148.02598742698203,150.718994140625,8692600
2021-10-07,152.66293906274976,152.93937095083857,151.18267596444397,151.67312622070312,10195400
2021-10-08,151.61070541294677,152.78777236477782,150.96866394590825,151.78904724121094,8190100
2021-10-11,152.30628090175765,152.74321643420737,148.43620660702203,148.59671020507812,12154700
2021-10-12,147.80307841177563,148.64130015871032,146.92919373388324,147.45530700683594,13032600
2021-10-13,146.30494746923307,147.49985260162964,143.21066866354056,143.56735229492188,22753500
2021-10-14,144.23616366584307,146.2514523061639,142.72914994878374,145.76992797851562,15176800
2021-10-15,147.4463652401446,149.06929360366405,146.3673747031609,148.56993103027344,14267400
2021-10-18,148.45402184158823,150.35339593764024,147.94574687340938,148.51644897460938,12672900
2021-10-19,149.27437570608612,150.3890290898132,148.5431701617977,150.3177032470703,8053900
2021-10-20,150.07693400228655,152.36865427914998,149.32789019552558,152.34190368652344,8185600
2021-10-21,152.27056891851095,152.778857407259,150.41578400193282,151.14700317382812,8415200
2021-10-22,151.61964542862444,153.4565924477398,151.325375235279,153.18016052246094,8817900
2021-10-25,154.00945982599293,154.2323905390945,152.02090806836713,152.4311065673828,10159200
2021-10-26,152.48462485544655,153.81329695285987,152.0744263104464,152.84130859375,8015100
2021-10-27,151.87821606599223,152.21706143787156,149.22087263599218,149.65782165527344,9847000
2021-10-28,150.0769629620378,152.04766290105195,149.77378044936046,151.91390991210938,7212900
2021-10-29,152.64511326006627,153.59035092503674,151.04893532112914,151.4947967529297,8140100
2021-11-01,153.41197044410453,153.67057765206982,150.7100516966302,151.41452026367188,7435500
2021-11-02,151.41452554022447,153.0998809920009,150.62980516678888,152.01197814941406,7173800
2021-11-03,151.70876136990896,152.60048391746548,150.83486347654704,152.06544494628906,8402700
2021-11-04,151.59286023922454,151.7712020593607,148.46291843501731,150.06800842285156,9574200
2021-11-05,150.61200605252094,151.67315857699904,149.28334751902554,149.8540496826172,7975600
2021-11-08,150.7457416010709,152.41325887786448,150.4693097109725,150.75465393066406,6413700
2021-11-09,149.22984689784147,150.22857228635945,148.56105465947041,149.61328125,7990300
2021-11-10,149.3189745583569,150.65655870836895,148.9979538180896,149.47056579589844,6999200
2021-11-11,149.38138762843306,150.41577559943053,148.82851031261848,149.46163940429688,5815300
2021-11-12,149.4972862777679,149.5775516516244,147.77626821591568,148.79283142089844,8113400
2021-11-15,149.1049421860028,149.6221293210665,148.02595185126418,148.5253143310547,6492500
2021-11-16,148.97123329486502,148.9801592325637,147.2412886012529,147.45530700683594,9706100
2021-11-17,147.32151606149384,147.63361084847645,145.69857418539243,146.66163635253906,9909600
2021-11-18,146.59032163656786,147.00052014250582,144.95846715633294,145.39541625976562,8122500
2021-11-19,143.83492232584197,144.55721577730006,142.18522933658568,143.49606323242188,12193600
2021-11-22,146.38519698024632,148.00812516651015,145.3418830876607,146.55462646484375,14549900
2021-11-23,147.58013924597208,150.30880912989716,147.4642109154094,150.0591278076172,12354400
2021-11-24,150.21963380444038,151.09351836726648,148.4183498794795,148.88204956054688,9629800
2021-11-26,144.58391997810585,145.03869366284258,141.62340764972922,144.3966522216797,13619300
2021-11-29,145.62723050902432,146.93806395349284,142.51512702526043,143.77244567871094,12104400
2021-11-30,141.92659435531044,143.23742786971184,141.15078632015687,141.63232421875,18922600
2021-12-01,143.56737162742732,145.59158620494438,140.7138613723036,140.7941131591797,12253400
2021-12-02,142.52402659659097,145.5737162944381,141.60555339548236,143.75460815429688,12969900
2021-12-03,144.01322335257078,144.30749349128556,140.16990049774233,141.15078735351562,12681800
2021-12-06,143.57625440423294,145.00301604142393,142.19409522605045,142.81829833984375,11186500
2021-12-07,144.35211621097451,145.69861297372486,143.71007459528383,144.9674072265625,9851600
2021-12-08,145.0476027024034,145.59155403762097,142.82720850980573,143.30874633789062,11705700
2021-12-09,142.36356941590006,143.50497375060272,141.47184642900032,143.08587646484375,11189600
2021-12-10,143.85275165040477,144.19159711614117,141.8998762287949,142.51516723632812,10405400
2021-12-13,142.22980087338019,142.48839452442272,140.2501749701873,140.8208770751953,12069000
2021-12-14,140.40177025344812,143.46929925828124,140.26801725883521,141.89987182617188,12563600
2021-12-15,142.54189313181374,142.54189313181374,140.31258616138567,140.8386993408203,14014200
2021-12-16,143.02342149950582,144.29859219812784,141.51640776777535,143.041259765625,19542800
2021-12-17,142.06927491426154,142.12277610214872,138.37752967073413,139.7864532470703,28082000
2021-12-20,137.78007971088095,137.94950921352105,135.3991815578562,137.2718048095703,15148000
2021-12-21,138.58261525379947,140.1609544900461,138.29725748502273,139.18898010253906,11291300
2021-12-22,138.88585235139698,140.0540072631372,138.4310785358179,139.7329864501953,7273000
2021-12-23,140.5444387620308,141.89093536551516,140.18775506510846,140.23233032226562,8055200
2021-12-27,140.53548859034498,141.0705139916638,139.4119093950218,141.03485107421875,6188100
2021-12-28,141.07057610368327,142.8094332351341,140.96357369762882,141.4629364013672,6342300
2021-12-29,141.65014771430114,142.34569028942937,141.02593097701518,141.39154052734375,6398900
2021-12-30,141.88199532769937,142.88964630430962,141.222115649987,141.32020568847656,6948200
2021-12-31,141.29346403591148,142.04250786452585,140.85652860585765,141.2042999267578,5805900
2022-01-03,142.55083757992244,145.02982640105893,142.23872909109633,144.1916046142578,13120900
2022-01-04,146.518953956493,150.3266136770625,146.44761450804248,149.65782165527344,20195800
2022-01-05,150.54596115953973,151.03037186584788,146.87694256757743,146.9217987060547,17539400
2022-01-06,149.72960509641362,150.14224866124152,147.00251104013205,148.48268127441406,14047500
2022-01-07,148.6172517115506,150.28579871431185,148.0700396921458,149.95388793945312,13913300
2022-01-10,151.66729639993684,151.8825839638644,148.4916679502889,150.09742736816406,12922500
2022-01-11,150.9406408791439,151.1738872950451,149.19136120073472,150.24990844726562,11854100
2022-01-12,151.12005700620907,152.13373437527682,149.97179755770478,151.10211181640625,12568000
2022-01-13,151.01242009050983,152.3311111128668,150.60874223815324,150.9137420654297,13623400
2022-01-14,144.21265775850256,144.45486996967608,140.7499744667053,141.63807678222656,40158400
2022-01-18,139.7452498407538,139.7452498407538,135.04460866379125,135.69947814941406,32324800
2022-01-19,135.9685991254916,136.56065358417206,133.2594500165841,133.60032653808594,22380000
2022-01-20,133.6541462152785,135.10739177724707,132.19192121422608,132.46104431152344,14860800
2022-01-21,132.31747799186851,132.32644374060277,129.41995332344493,130.14657592773438,20705400
2022-01-24,127.6348439332284,130.505459020239,125.20379712835866,130.03001403808594,28471400
2022-01-25,128.86379726741953,131.73442547362257,126.29818254764014,131.44735717773438,18915900
2022-01-26,133.41196260354067,135.07154398514834,130.93605969263675,132.69430541992188,20709100
2022-01-27,134.0398854480491,134.90107666430532,129.29440222770756,130.35293579101562,17536800
2022-01-28,129.34823169494967,131.65368924058268,127.53615057812438,131.51913452148438,14117000
2022-01-31,130.64897881203532,133.47473744678217,129.77882178469122,133.30430603027344,13985700
2022-02-01,133.3850326915344,135.87888044168872,133.03517674638817,135.59181213378906,14584900
2022-02-02,135.00873406395868,135.4034461742531,132.82886539324826,134.50637817382812,12441100
2022-02-03,134.5602190123695,136.04037594623622,133.0262264928322,133.39402770996094,12474900
2022-02-04,133.75281206831244,137.69990484260524,133.45677805701527,136.85665893554688,16654400
2022-02-07,137.49363513024076,137.8076007605817,135.32273191381407,137.31422424316406,12572300
2022-02-08,139.0455389982661,142.1673317830876,138.86612813719293,139.8977508544922,20411400
2022-02-09,140.47185552174238,141.2253892529799,139.78112311219272,140.4808349609375,9131100
2022-02-10,140.53467515269898,142.6607219171673,139.242895051898,139.8977508544922,16455600
2022-02-11,139.59272220121784,141.90715878928052,137.22446373476254,138.07667541503906,16830000
2022-02-14,137.00917180548444,137.86138354343666,134.84724864411163,136.79388427734375,17026500
2022-02-15,138.60592128923037,139.8887351800383,138.0138670277931,138.7943115234375,9500000
2022-02-16,137.91523153749446,140.03231244666443,137.91523153749446,139.0455322265625,9076500
2022-02-17,137.25137483278107,137.90623050093004,135.16120519438138,135.8429718017578,11367500
2022-02-18,136.470968939486,138.27407082015867,135.57390087559804,136.4799346923828,11733300
2022-02-22,135.0984501377166,137.46670917789797,134.9280050227362,136.2377166748047,11333500
2022-02-23,137.35904486865755,137.52052422308435,132.73915024183813,133.38504028320312,11799000
2022-02-24,128.22689316888548,130.0658851782874,125.39215520138974,129.67117309570312,25655100
2022-02-25,130.2991399619814,134.67683661768356,129.99414009680157,132.73916625976562,18367700
2022-02-28,128.77409236741448,130.12865989067305,126.37892285491631,127.2042236328125,31315300
2022-03-01,125.62539323134126,126.02010533055902,119.83034177659619,122.40492248535156,36840400
2022-03-02,123.15845620666198,125.62539313674434,122.54845655427278,124.9436264038086,19405600
2022-03-03,125.44598486023004,126.46864182475801,122.95213693465882,124.05552673339844,16640800
2022-03-04,121.05035761091736,121.48094641645369,118.77179723493775,120.56593322753906,21016000
2022-03-07,118.56546192179273,119.0319410594169,115.6769022077085,115.91014862060547,27560100
2022-03-08,116.29587870181693,118.22456915671027,114.16982537539673,115.09381103515625,19207800
2022-03-09,119.22032570013873,121.3194751170721,118.80768210636694,119.70475006103516,17536200
2022-03-10,118.28736877441406,119.71370338915295,116.90589029038762,118.28736877441406,15604200
2022-03-11,118.8525350472462,120.27886977167104,115.20146199955721,115.62308502197266,20061800
2022-03-14,116.13442121683083,119.23826861534666,115.92808573571372,116.77133178710938,15786900
2022-03-15,118.23355203367143,119.80342085968103,117.63251818286528,118.84355163574219,15096600
2022-03-16,120.98754151798268,124.23493657630115,120.59282945766564,124.15419006347656,20354900
2022-03-17,122.77269780508182,125.75993517663802,121.9294518956844,125.72404479980469,17050500
2022-03-18,125.75997783812693,126.3520460632106,124.20805387374652,125.67924499511719,23656500
2022-03-21,125.90348644062438,126.27127388012174,124.45022712081358,125.27552795410156,12676100
2022-03-22,127.62584617361375,129.11496839368772,127.13245612110323,127.93981170654297,13548600
2022-03-23,126.46862193420927,127.01583387142114,124.8718422528046,125.39214324951172,12093200
2022-03-24,125.85864012963835,126.2264412860091,124.79112704504428,126.20849609375,10017600
2022-03-25,126.56732914635661,128.44219810431576,126.3071854320687,127.31189727783203,8383500
2022-03-28,125.58950465638422,126.45966160512846,123.70565661127058,126.36994934082031,10818100
2022-03-29,128.5946979254854,128.8189649161555,125.80481601402293,126.6480484008789,11316500
2022-03-30,127.29395724894273,127.49131332496432,125.50880049971033,126.07394409179688,8771000
2022-03-31,125.43699505517598,125.90347415479127,122.23445636382974,122.28829193115234,17353900
2022-04-01,123.25714742476931,123.26612686590566,120.02771058352332,121.38227844238281,15721300
2022-04-04,120.31475002974481,122.84448823916672,119.21136027516562,121.9205093383789,17416400
2022-04-05,121.16139444620825,122.3633264137418,120.20344245046942,120.50167083740234,12110300
2022-04-06,118.91112708700985,119.7967662029885,118.35082675909324,118.82979583740234,12914700
2022-04-07,118.34176475033891,119.21837153875572,116.33551146031589,118.4682846069336,12994200
2022-04-08,118.99244272850939,121.00772823457842,118.82978025063063,120.63721466064453,13126900
2022-04-11,120.19441986083984,121.91147748585546,119.80582797956211,120.19441986083984,10466400
2022-04-12,119.41723604375794,121.622309063575,118.11588057044719,118.875,12989900
2022-04-13,114.71788933277817,116.80547432717792,113.87743187227159,115.04322814941406,30838000
2022-04-14,114.32023962420212,115.94693353883649,112.98273497274542,113.9768295288086,18835200
2022-04-18,113.5701434058857,116.79642055778413,113.45266264732628,116.09152221679688,11834400
2022-04-19,116.08250600784747,118.67618451798498,115.88368706171472,118.49542999267578,15015400
2022-04-20,119.76062165997892,120.6552929706008,118.69422806465955,118.91112518310547,13430200
2022-04-21,119.48949275267643,120.02268260662909,117.44709678570847,117.98931884765625,12174200
2022-04-22,117.73630335546179,117.95320049865266,114.4919611552525,114.60040283203125,14318800
2022-04-25,113.87740414842291,114.8805307730328,111.25662293903507,114.56422424316406,17149000
2022-04-26,112.63931739466504,114.23890078693036,111.03974089721517,111.17529296875,17209500
2022-04-27,110.55174092550332,111.66330936313132,109.54861415311751,109.72935485839844,17215200
2022-04-28,110.98551611682517,111.74464221162738,109.47630992531687,111.46448516845703,13015600
2022-04-29,111.20240988430221,111.70848933574892,107.4519819342342,107.86769104003906,14874800
2022-05-02,108.33762647553962,109.08771348260495,106.83745935622471,108.85274505615234,18545000
2022-05-03,109.82877297906336,112.21458633002966,109.15098493856574,111.1843490600586,15720900
2022-05-04,110.9764847378184,115.13358284670139,110.92225701254574,114.86246490478516,17128500
2022-05-05,113.19059313864258,113.95875147359433,110.39810995874578,111.9886474609375,15055400
2022-05-06,111.88022141296786,112.32304102636881,109.51247924685795,111.80792236328125,14417900
2022-05-09,110.35292824313188,111.4554645341142,108.89794273058195,110.12699890136719,14312300
2022-05-10,111.25665913152588,111.86214818628612,106.24102437685895,107.4429702758789,16382400
2022-05-11,107.81349037672508,111.05783258734287,106.58443414063375,106.76517486572266,14630300
2022-05-12,105.73491506029154,106.92782151851247,104.26185846936285,106.6747817993164,16318800
2022-05-13,107.91289919303422,108.67201850760863,106.60250481218553,107.62370300292969,10443200
2022-05-16,107.12665119486428,107.958069468724,105.94278372024193,106.87361145019531,10269000
2022-05-17,109.38595382698577,111.1301286672963,109.17809579334987,110.41619110107422,11160200
2022-05-18,109.6209241733182,110.22641318095555,108.02134050261459,108.52742004394531,12664900
2022-05-19,106.81035106010692,108.12977750514206,106.30426467810382,106.91879272460938,12765800
2022-05-20,107.95807381611333,108.14785363225734,103.94556657530786,106.04219055175781,13150100
2022-05-23,108.86179804671684,114.38351195643533,108.85275894209595,112.60318756103516,24376700
2022-05-24,112.38628336640434,115.2149160178376,111.25663674756771,114.19371795654297,19324900
2022-05-25,114.12142297694743,115.54929800869557,113.11829619215871,114.9889907836914,12780400
2022-05-26,116.01017356133217,117.65494549867444,115.86558928819228,116.97715759277344,15990900
2022-05-27,117.62783949658807,118.63096618652344,116.70604404889943,118.63096618652344,11177800
2022-05-31,117.64591943764148,120.32996110302054,117.22118496442737,119.49854278564453,17015000
2022-06-01,120.07691976449294,120.07691976449294,116.28130965612804,117.40192413330078,10768000
2022-06-02,117.3928681441484,119.29971214009548,116.28129976042759,119.29067993164062,8374800
2022-06-03,118.57676705837365,119.08284660003112,117.47423071849128,117.62786102294922,8596000
2022-06-06,118.4682832259273,119.6431183318285,116.99523358195292,117.23922729492188,11323500
2022-06-07,116.42589443991919,117.77243810052948,116.23610775084937,117.5465087890625,6722200
2022-06-08,116.57954442501068,116.98621449647362,114.68173926682266,115.67582702636719,8422100
2022-06-09,115.10645881795871,115.76617538802924,113.2086472386285,113.24479675292969,13560100
2022-06-10,110.7867003434973,111.51871604395458,107.83154781032387,108.0394058227539,12945200
2022-06-13,105.60841065322221,106.59345926062625,103.98171665635213,104.82217407226562,16805600
2022-06-14,104.42453907119632,106.02411569368229,102.31887606109719,103.07799530029297,13357900
2022-06-15,104.48780686263981,105.68974574838859,102.27369512557486,104.29802703857422,14083500
2022-06-16,102.89725809937562,103.25874641860864,101.09886250208206,102.50865936279297,16724900
2022-06-17,102.60806113597721,103.59310966490476,101.36093376761,102.14716339111328,30919900
2022-06-21,104.71371604424984,105.76202442694503,103.96362910204657,104.67756652832031,11680500
2022-06-22,103.81904622285296,105.01195284374018,103.3762266538764,104.09016418457031,9842700
2022-06-23,103.93653253030116,104.09016282234957,100.74641144394799,102.95147705078125,11851500
2022-06-24,102.32790123176514,106.47595985574357,101.96641297406664,106.02410125732422,14841100
2022-06-27,106.69285925000018,107.09049705722877,104.50586509987413,105.17461395263672,11280500
2022-06-28,106.34041663724126,107.80444119495111,104.46972203868671,104.66854095458984,11590900
2022-06-29,104.8312154319951,105.57226340322173,103.68349740020885,104.19861602783203,9338400
2022-06-30,102.27369580618208,103.09608194408895,100.24937077452782,101.76761627197266,15172600
2022-07-01,101.80376401830425,103.40334074376509,100.45722705553179,103.0689697265625,10573600
2022-07-05,100.99026175029019,102.7589839701268,99.65005192762612,102.67693328857422,12514200
2022-07-06,101.86550523822852,103.01425645258415,101.00849440190805,102.0113754272461,10656200
2022-07-07,103.47922576144309,104.75562288886854,103.38805602858515,104.59151458740234,10347400
2022-07-08,104.99266980949216,105.43940636977449,103.57951460419706,104.26329803466797,8807800
2022-07-11,103.52481970997854,104.14478366510028,102.31224202549255,102.89573669433594,7939500
2022-07-12,102.64046584345348,105.01091397132377,102.34871848857415,102.99603271484375,11250900
2022-07-13,101.88374015936986,102.54929248449999,100.63469314504873,102.02961730957031,12979900
2022-07-14,98.45568654377227,98.67450223106911,96.6960837209675,98.46480560302734,26204800
2022-07-15,99.52241105012891,103.82568263852335,98.16395617487412,102.97779083251953,18863900
2022-07-18,104.63710769683716,105.61263855488106,101.46435612083512,101.92021179199219,13977900
2022-07-19,103.14189317339459,104.79209529728033,102.72250682510133,104.44564056396484,11862300
2022-07-20,104.0262511393981,104.60974577679487,103.46099462206014,104.42740631103516,11667500
2022-07-21,104.33623877096178,105.33000070510592,103.3607080014549,105.13854217529297,11595900
2022-07-22,105.06559292874054,105.98642315495934,103.63420667490144,104.62797546386719,7645500
2022-07-25,105.61261976118219,106.17788319691866,104.63708907673336,105.04736328125,9394000
2022-07-26,104.46387653413653,105.3755877827379,103.05072131648251,103.40628814697266,10675100
2022-07-27,103.94419664495763,105.52145313762384,103.2968825227635,105.06559753417969,9337400
2022-07-28,105.07472391040734,105.7402761983333,103.50657941243819,104.67356872558594,10384800
2022-07-29,105.38470801865441,106.21436865768555,104.65534313697755,105.17501831054688,12944500
2022-08-01,104.39093058640391,104.9470749652063,103.08718331482189,104.12653350830078,14740400
2022-08-02,103.86214812609651,104.2997726043284,102.35782311166867,102.50370025634766,14942900
2022-08-03,103.43365165130211,104.02626543013938,101.84727582268702,103.57952880859375,14394500
2022-08-04,102.88662461505184,103.31513006314175,101.21819117258478,102.43988800048828,18033900
2022-08-05,102.59486535586312,105.93173185359173,102.15724785321973,105.5396957397461,14174600
2022-08-08,105.98643368868454,106.39670097225427,104.09919166381499,104.25418090820312,10332500
2022-08-09,104.61886174429863,105.7493817013612,104.27241398727425,105.1932373046875,10233800
2022-08-10,107.54546386367775,108.83098013248042,107.12607750134782,107.9375,12847300
2022-08-11,109.31418836276644,110.49940890206962,108.77627506840615,109.53299713134766,11684900
2022-08-12,110.01619247768109,111.45669789077503,108.89479155979754,111.3472900390625,9906700
2022-08-15,110.44469667973978,111.88520207732508,109.95237178604083,111.64815521240234,8456200
2022-08-16,111.49317682279519,113.27101109319032,111.11025974237243,112.7148666381836,9555000
2022-08-17,111.50228771728254,112.28635994213667,110.94614330300683,111.76667785644531,8149300
2022-08-18,111.44758384323562,111.65728049616463,109.90679652486368,110.90055847167969,9531800
2022-08-19,109.9706138068486,110.3079425186389,107.68221661490286,108.15630340576172,13464500
2022-08-22,106.44228518581733,106.81609012568435,105.3026461581319,106.36934661865234,8967600
2022-08-23,106.38757678235416,106.93460208357399,105.19323044070963,105.32086944580078,7607000
2022-08-24,105.11117437456016,106.1322933186239,104.34533342756143,105.5761489868164,9771300
2022-08-25,105.90439211650425,108.25660207670461,105.4667676147196,108.08338165283203,10758900
2022-08-26,108.91302674356575,109.39623260047188,104.48210944484156,104.54592895507812,11276200
2022-08-29,103.93508258274382,104.71915481483241,103.44275767265529,104.2906494140625,8117300
2022-08-30,104.84678994619081,105.37558412139947,103.3515841069008,104.30888366699219,10745400
2022-08-31,104.37271015520666,104.87414718457181,103.33335289905345,103.68892669677734,10738300
2022-09-01,103.28776611772071,104.5094558275641,102.02960712396792,104.40005493164062,9979800
2022-09-02,105.6399844420633,107.08048292247653,103.19659802769777,103.67068481445312,10666600
2022-09-06,104.23594945130463,104.61886650900324,102.17548006742352,103.69803619384766,9751900
2022-09-07,103.14189889372177,105.85880168171782,102.80457015780182,105.66734313964844,10647900
2022-09-08,105.10207839372593,108.30218703000823,104.50946465281362,108.12895965576172,11435000
2022-09-09,108.62128563770517,109.45094627409702,108.19278020623292,108.64863586425781,9299700
2022-09-12,109.97061235072863,110.81850408276097,109.21389035159987,109.93414306640625,8614600
2022-09-13,107.64574992677623,108.42070311911871,105.55793027299376,106.11407470703125,12904600
2022-09-14,106.39670719576539,107.43605753368846,104.73739288822108,105.867919921875,9345700
2022-09-15,105.86791470838278,108.84008842726139,105.53969809616963,107.46340942382812,10821400
2022-09-16,107.02577704942541,107.03489610903685,105.1841234887689,106.74314880371094,14844100
2022-09-19,105.75852140582307,108.24749656498024,105.31178477164828,107.72782135009766,8201300
2022-09-20,107.04402880105883,107.29930685625395,104.51858456400993,105.60352325439453,9619000
2022-09-21,106.25084449626627,106.30554495291823,102.49459112650202,102.55841064453125,12606300
2022-09-22,103.3698226400101,103.57040023496134,101.26377180463231,101.39141082763672,11684500
2022-09-23,100.33384161489218,100.59823179783973,97.69899624472215,99.50418090820312,18138600
2022-09-26,98.46481065934786,99.93266626360436,96.6960886864614,97.36164093017578,15753600
2022-09-27,98.23689151433285,98.61980858680523,95.41058790600958,96.504638671875,12793600
2022-09-28,96.59580431812306,99.1303674402746,96.31317605600384,98.45569610595703,12762600
2022-09-29,97.50753073066873,97.80839715984979,95.18267085124788,96.78728485107422,12713900
2022-09-30,96.69608619451772,98.11836037511323,95.1826492422561,95.27381896972656,15973400
2022-10-03,96.29494710582061,98.7930340448525,95.23735869093113,98.21865844726562,12248100
2022-10-04,100.84438972081601,103.01426015959885,100.16060623041493,102.81368255615234,16013600
2022-10-05,100.95554298426751,102.05938210489853,100.10926585724786,101.54425811767578,10943500
2022-10-06,100.68878954956745,101.36029653834461,99.2905927343852,99.47456359863281,11521400
2022-10-07,98.9042467927951,99.07902403370649,96.83454290299183,97.48765563964844,11681100
2022-10-10,98.1775411355368,98.71105938533421,96.14462613285576,96.57696533203125,8931700
2022-10-11,96.00665021944351,96.16302613507425,93.68857833699754,93.78976440429688,12739700
2022-10-12,93.64259675715924,96.3378111859489,93.16426130589896,95.30755615234375,13181000
2022-10-13,93.80816922694486,101.0935242382516,93.60579708473557,100.60599517822266,22398700
2022-10-14,102.9884468206979,106.00561351072889,101.84781217354812,102.2801513671875,33387100
2022-10-17,106.1620278600295,107.63381606898712,105.15936753708851,106.57596588134766,22276300
2022-10-18,110.07144505078197,110.51297790830733,107.58779640955845,109.31714630126953,21539700
2022-10-19,108.53525208343639,109.30794505734121,106.40115803927876,107.1738510131836,17072000
2022-10-20,107.77178061030486,109.19757235991656,106.38277741928198,106.82431030273438,12207400
2022-10-21,107.12785001119728,112.58266873224537,107.00826967137668,112.43549346923828,20593300
2022-10-24,112.28832177486858,113.23578498979896,111.607621205954,112.57347869873047,12624200
2022-10-25,112.08596451134066,113.3921759710345,111.20289167867277,112.86785125732422,11289100
2022-10-26,113.14380913764298,115.16751673776746,113.03342240711233,114.16486358642578,11667000
2022-10-27,115.16749722079823,116.08736543188459,114.25682965687322,114.6155776977539,10727600
2022-10-28,115.25029299205744,116.16096058745379,114.10965833594217,115.97698974609375,11859500
2022-10-31,115.6274303396685,117.21880541920488,115.52624427586944,115.79300689697266,13295200
2022-11-01,116.7036728143492,118.00068323532452,116.20694317928304,117.88109588623047,13386900
2022-11-02,117.42118789912877,119.91403010751542,116.4921189668985,116.7956771850586,16546100
2022-11-03,116.18855810244017,117.90870726342665,115.82061641151631,117.00724029541016,12474400
2022-11-04,119.11374261581228,120.34636268011572,118.16627945813835,120.2083740234375,14953200
2022-11-07,120.50275470110567,121.68937870511282,120.0244192256256,120.84310150146484,12011200
2022-11-08,120.72353014327824,121.47781490923938,119.71166932007465,120.91669464111328,9884100
2022-11-09,120.79711309521187,120.89828513458521,118.8653840315612,119.34371948242188,9494000
2022-11-10,122.00213154445737,124.41218188876199,121.91013910423132,124.25580596923828,16351600
2022-11-11,124.35698196816122,125.25844885785426,123.05996446082021,124.45816802978516,10704700
2022-11-14,123.99824764200531,124.85371840985461,123.1795654296875,123.1795654296875,11085600
2022-11-15,123.88786977737047,124.83534714564182,121.05468744790996,122.28730773925781,14038300
2022-11-16,122.34251638440045,122.85764052340406,121.45024277359774,122.45289611816406,7893400
2022-11-17,121.42261172136165,122.24129392076719,120.76030544363178,121.9193344116211,8820200
2022-11-18,123.7866949945706,123.87867341119204,121.68018853802984,123.11518096923828,9468500
2022-11-21,123.02320785610965,123.7774926636639,122.11253306500956,122.38849639892578,7800500
2022-11-22,123.26238282319476,124.43061978453187,122.97722582512283,124.21903991699219,9185700
2022-11-23,124.12702629211735,125.56201854399083,124.05343514637053,125.54361724853516,7316200
2022-11-25,125.54364686615239,126.15076343473466,125.15730378689436,125.78282165527344,3220500
2022-11-28,125.16649477413172,125.75520996446024,123.43713776175792,123.58432006835938,9906900
2022-11-29,123.86948883593583,125.69082443669085,123.63952172345388,125.61723327636719,7925300
2022-11-30,125.1848925755155,127.10741424560547,122.51727971512798,127.10741424560547,14761200
2022-12-01,127.1073856696894,127.54893252740312,124.57774802951523,125.3228530883789,8858500
2022-12-02,123.71309664207149,124.50418396659444,122.65523964188837,124.32940673828125,8931900
2022-12-05,123.48313322914372,123.78669147111698,120.13481297293777,120.84310150146484,10154500
2022-12-06,122.70123700651065,124.28341167026855,119.46329652764835,121.04547119140625,13966700
2022-12-07,120.78790740397876,122.41607826790143,119.88644037637134,120.96268463134766,11739400
2022-12-08,121.72618627524957,122.32409511698182,120.89829629891516,122.23211669921875,8907300
2022-12-09,121.60660515113852,123.0415976740122,121.42263427006624,121.56981658935547,7957800
2022-12-12,121.79053982614178,123.8602432040971,121.05465652061713,123.45551300048828,8841600
2022-12-13,125.92078063323768,126.10475150005928,122.41608438860365,123.33595275878906,10025400
2022-12-14,123.05997414348795,124.83532717601992,122.1217045924292,122.7196273803711,9966100
2022-12-15,120.6407161626169,121.49620093947502,118.70900124661992,119.67486572265625,12087800
2022-12-16,118.80099041726888,119.49089167180837,118.13868409002481,118.92977142333984,21133700
2022-12-19,119.26092738556954,120.80631353076245,118.74580334919769,119.63807678222656,9017200
2022-12-20,120.47515997879809,121.4686194898387,119.7668574129856,120.21759796142578,8549900
2022-12-21,121.58820385220774,122.32410141257536,121.21106845863704,121.56981658935547,8051700
2022-12-22,120.59476972799395,120.7787406265195,118.12032113999783,120.19002532958984,8648200
2022-12-23,120.11642508597477,120.90751252232536,119.25174648855914,120.76033020019531,5091900
2022-12-27,121.02709573135758,121.6250045947413,120.08882600529972,121.1834716796875,5411000
2022-12-28,121.28466670483263,122.7196593115516,120.51196650145529,121.84578704833984,8827700
2022-12-29,122.27810638778347,122.59087232837359,121.707792440018,122.54487609863281,6585200
2022-12-30,122.16770923693821,123.56591301233534,121.82736245035154,123.3543472290039,9292500
2023-01-03,124.40299628166797,125.78279875758501,123.16116843891199,124.2926025390625,11054800
2023-01-04,125.09288920960297,126.6474547722274,124.70654622634046,125.4516372680664,11687600
2023-01-05,125.71109900611238,125.7574349814953,123.89483340528501,125.42383575439453,8381300
2023-01-06,126.14663299445324,128.23162464990682,124.62690630895726,127.82389068603516,10029100
2023-01-09,128.43551351578455,128.6949780570482,126.84165182530386,127.29570770263672,8482300
2023-01-10,127.68489216994938,128.54669613706488,127.24009787646544,128.4355010986328,9048700
2023-01-11,128.71347947194283,129.5011486437458,127.97216041583958,129.38995361328125,8703700
2023-01-12,129.73280110072432,130.52973173021888,129.0100051972005,129.2602081298828,11001700
2023-01-13,125.65548798505763,132.96685729835428,124.91415487787899,132.5220489501953,20200000
2023-01-17,130.81699709347208,131.15985783440507,129.01926884362786,130.47413635253906,14292900
2023-01-18,128.7320320560219,130.409289951252,126.40611283939846,126.55438232421875,13392600
2023-01-19,125.39605600519903,125.93350815389596,123.79291868041716,124.86785125732422,13303400
2023-01-20,125.24777212551754,125.55357260655532,123.75584415789655,125.17363739013672,13092500
2023-01-23,125.21072205128073,127.84245618023675,124.93273441420591,127.20305633544922,10487100
2023-01-24,126.4153837477437,130.00156557157928,125.0995237869042,128.2965087890625,6945000
2023-01-25,127.92585143360175,128.91737365722656,127.18451808131469,128.91737365722656,8967000
2023-01-26,129.19536536933722,129.7884291770242,128.2131047634579,129.71429443359375,7487600
2023-01-27,130.2980992468447,130.90042460682147,129.50116841409078,130.0293731689453,7489900
2023-01-30,129.01930883385893,129.81623972338787,128.72278397297444,128.92665100097656,6729300
2023-01-31,129.6216202707968,129.79768849678175,128.11115511077284,129.6957550048828,9188700
2023-02-01,128.07407442201645,130.54826245171603,127.99066402210332,129.3528594970703,8841800
2023-02-02,129.73284050688963,130.1591117757627,127.87951421393406,128.75057983398438,11822100
2023-02-03,128.04629647186732,131.89195670361985,127.99997463008327,130.74288940429688,11501200
2023-02-06,129.94593088846233,131.80853231502536,129.7606011415751,131.51199340820312,8406200
2023-02-07,131.0116128404591,133.7545272635078,130.82626893802635,133.11512756347656,10447900
2023-02-08,132.1884607576999,133.47652165944172,131.8455999997501,132.17919921875,6958000
2023-02-09,132.6240275098244,132.82789453708943,129.6123722267593,130.12203979492188,6443100
2023-02-10,129.52895812609816,130.91895268101243,128.4262268501719,130.69654846191406,6582900
2023-02-13,130.9374834079669,132.26260469752583,130.41855439555908,132.11434936523438,7134600
2023-02-14,132.04947412052846,133.26340035710024,131.21548309777444,132.69813537597656,9249400
2023-02-15,131.2247410075454,133.3375314038536,130.9374777552037,133.25413513183594,6728300
2023-02-16,132.4294166058746,132.8742108997828,131.28961090183597,131.4193572998047,8165300
2023-02-17,130.64097381124589,132.35530638497582,129.79772104653122,131.80857849121094,7948800
2023-02-21,130.37221408839721,130.97453935641977,128.57448568386212,129.38995361328125,9996300
2023-02-22,128.73203678321767,129.20462987621065,127.36057934765923,128.3984375,11107500
2023-02-23,128.55596690113632,129.89036401708915,127.82390927933932,129.42703247070312,8068000
2023-02-24,128.9081003151785,130.99309222400296,128.74129360979924,130.59461975097656,9126900
2023-02-27,131.68806954312896,132.80006223113793,131.3266715660322,131.73440551757812,10014700
2023-02-28,132.4572381618464,133.21709462222364,131.49350052946778,132.83717346191406,11019800
2023-03-01,131.67881442565394,132.9390766374571,131.400812705156,132.09580993652344,7139200
2023-03-02,131.80854393721583,131.98459802144257,129.30654264448808,130.72434997558594,11106800
2023-03-03,131.13210111004906,133.1985701757487,130.7336427309527,133.1244354248047,9513100
2023-03-06,132.9205348006957,133.4765240826197,132.19773883636643,132.34600830078125,9261300
2023-03-07,131.59542802066633,131.87342979188446,127.70344564288506,128.45404052734375,11747600
2023-03-08,127.87952078987817,128.42624868087265,126.85092407880404,127.6941909790039,10002500
2023-03-09,126.73043266860088,127.27717461017774,119.7433995459709,120.78125762939453,25888100
2023-03-10,119.50248764664268,125.34045425805641,118.44608513720004,123.84852600097656,37599700
2023-03-13,121.58746667652436,124.06165535712526,119.9194703357383,121.62452697753906,42901100
2023-03-14,125.35896882911182,125.59063457785571,121.66157838884752,124.74736785888672,29648100
2023-03-15,121.37430696184849,121.38358264061789,117.43599656788254,118.8537826538086,34280600
2023-03-16,118.62211706005856,122.27317128142602,116.7780598014456,121.16117858886719,24558500
2023-03-17,118.96499618763241,119.05765400044798,116.2498663425754,116.58346557617188,38396000
2023-03-20,117.67693236359524,119.97505971381725,116.76880658293382,117.81593322753906,22875500
2023-03-21,121.01292089516592,122.0693161768008,120.64226134151549,120.97586059570312,17807800
2023-03-22,120.98513078442906,121.07780274934426,117.76034718992405,117.85301208496094,17250200
2023-03-23,118.52020864551586,120.03066691183282,116.77807754068986,117.5379409790039,16677600
2023-03-24,116.41667263675598,116.46300861569885,114.08148493751717,115.74948120117188,22311100
2023-03-27,117.49161641016451,119.89167753823259,117.02828485577623,119.06694793701172,18853900
2023-03-28,119.27081369649973,119.85460183384843,118.37194228939033,119.4283447265625,10820500
2023-03-29,120.55887618293832,120.67007123133865,118.39974237149276,119.66927337646484,14595300
2023-03-30,120.41986180140537,120.57739282481155,118.28854100564449,119.30786895751953,12134700
2023-03-31,120.15113080741834,120.78125487519789,119.4005360220757,120.75345611572266,13105200
2023-04-03,120.38279043309,121.80058365315669,119.91945894575434,120.61445617675781,11775400
2023-04-04,120.92952065990403,121.01291693578341,118.06613540333719,119.00205993652344,11579900
2023-04-05,118.42301895348227,119.68382327165587,118.1054771924964,119.17950439453125,9614700
2023-04-06,118.60980863489203,119.61846068612611,118.47905823477232,119.04875946044922,8760200
2023-04-10,118.18020558100874,119.75855181831997,117.88134648944423,119.4410171508789,9477300
2023-04-11,119.82392148798569,120.42163960796621,119.11412854849803,120.02938842773438,10516300
2023-04-12,120.64577329938268,121.8131925993878,119.59977016680972,120.01070404052734,11821000
2023-04-13,119.97336856368719,120.51503864900333,118.45104903740956,120.46835327148438,12450200
2023-04-14,126.22138924982342,129.92911468105393,125.98790535239443,129.56488037109375,43931300
2023-04-17,130.70429183926572,130.8070253311657,128.5655854633638,130.59222412109375,16050500
2023-04-18,131.00314941057005,132.41338702348074,129.84506414684276,132.05848693847656,13760100
2023-04-19,131.89969982484027,132.15186638694743,131.12453169001014,131.89036560058594,9158100
2023-04-20,130.66691009806405,132.08648169838483,130.6015277772831,131.5074462890625,10586200
2023-04-21,130.50814259486725,131.7876295784063,129.61155830847594,131.25527954101562,11842500
2023-04-24,131.18058693269546,131.77830508418094,130.78832148106375,131.4327392578125,7567500
2023-04-25,130.37742388920663,130.71364129697216,128.5375694982017,128.57492065429688,10629300
2023-04-26,128.52819436776014,128.70564438655003,125.14735253851849,126.29608917236328,14416100
2023-04-27,127.0152221587228,128.79904230186102,126.6976875234998,127.99585723876953,9041100
2023-04-28,127.53821983923324,129.1819553139001,126.7070178778751,129.10723876953125,9887300
2023-05-01,132.86164281251018,133.8983116604561,131.52612205157675,131.87167358398438,20415800
2023-05-02,132.05849653289422,133.00178066931096,129.28470648454353,129.74234008789062,14113400
2023-05-03,129.29403922640566,129.5088404117128,126.7910845535605,126.99655151367188,12930900
2023-05-04,126.04393126060248,126.75371705352376,123.10202612066476,125.25941467285156,17089200
2023-05-05,127.4261839440608,128.77105357683092,126.93119918348947,127.70636749267578,11261400
2023-05-08,128.40680811856598,128.85509320709122,127.46352406161003,128.01455688476562,7484900
2023-05-09,126.94984067076172,127.90245883341599,126.27742024793284,127.39813995361328,7343600
2023-05-10,128.83639488315123,128.93912835459855,125.95987193335027,127.46350860595703,8133400
2023-05-11,126.08132295100151,127.77174433415396,125.98792367815392,127.06195831298828,7057300
2023-05-12,127.7810665956295,127.93983392631426,124.33484219523142,125.24076080322266,9988600
2023-05-15,125.39951910473174,126.70702305782953,125.11000139016896,126.29608917236328,7639500
2023-05-16,126.5109139682824,126.95919903532884,125.11001066437758,125.44622802734375,6477200
2023-05-17,126.92183671945286,129.4341256523218,126.51091704425899,129.30337524414062,12711500
2023-05-18,129.135290205709,130.49882831537636,128.65897388939536,130.28402709960938,10999600
2023-05-19,130.55483917276476,131.20860543284945,129.00451705077612,129.98513793945312,13492200
2023-05-22,131.68492275092876,132.28264097920177,128.56558119246412,128.9111328125,11402500
2023-05-23,128.45346653923175,129.84503539267243,127.44482886440842,127.56623077392578,9514900
2023-05-24,126.45486808153771,127.34211825680605,126.15601611517806,126.39883422851562,8578000
2023-05-25,125.9132021840053,127.26740592967897,125.6890525137463,126.70703887939453,8472500
2023-05-26,127.1179592797064,128.50952828093497,126.66967423765121,127.89312744140625,8579900
2023-05-30,127.76239849545193,128.6216175747922,127.03392983577807,128.37879943847656,7399900
2023-05-31,127.69701940034612,127.79975289345691,125.52094759225562,126.74441528320312,14219900
2023-06-01,127.50087540035871,129.09789708675177,126.50155759891467,128.4908447265625,12248100
2023-06-02,130.340041387807,132.13319591046866,130.13457442941316,131.18992614746094,12922500
2023-06-05,130.85371078269984,130.85371078269984,129.0045223796328,129.90109252929688,8511900
2023-06-06,129.51816641951615,130.8443673509023,129.07922985155474,130.1345672607422,9329500
2023-06-07,130.33071499383752,131.93708535558784,129.6582802260943,131.39540100097656,9281400
2023-06-08,131.3767054077865,131.58217235836509,130.2653198798546,131.4327392578125,7368100
2023-06-09,131.0778577635055,132.43206143627933,130.94710735890789,131.69424438476562,7249100
2023-06-12,131.75028833145842,131.98377220735534,130.52682085114972,131.68490600585938,7596600
2023-06-13,131.19924368125277,133.43134876280965,130.8817090589414,132.63751220703125,7701600
2023-06-14,133.5527697521183,134.12247094836258,131.40471536050583,132.1425323486328,9068700
2023-06-15,131.30195685706784,133.9263126990027,130.7789553833227,133.6367950439453,9343100
2023-06-16,133.59947478908592,134.45869373040634,133.0858074190779,133.79559326171875,13813500
2023-06-20,133.1885471192388,133.55278140759413,131.72226149001006,133.11383056640625,8428600
2023-06-21,133.4593487667666,134.50536599401806,132.32929503334896,132.9176788330078,9926500
2023-06-22,132.90838991273588,133.1792392516984,129.7703653263482,130.35874938964844,10075200
2023-06-23,129.3874394118001,129.9851576611485,128.52822031903222,129.67697143554688,9919500
2023-06-26,129.6956405842955,130.76032666699746,128.5936033455019,129.9945068359375,8429700
2023-06-27,129.81704569009904,130.6015481575484,129.3874290527476,130.0038299560547,8154000
2023-06-28,129.9664779252572,130.0131775541122,128.84575808636748,129.4341278076172,7558600
2023-06-29,130.8163215824884,134.07574659103412,130.61085468071673,133.95433044433594,15423200
2023-06-30,135.0470863028697,136.35459037328218,134.1691846052818,135.8315887451172,14212800
2023-07-03,136.53203468399295,137.73680522331213,136.35458465672096,136.92428588867188,8021600
2023-07-05,136.29423841477606,136.7550004176732,135.74883406462274,136.0121307373047,8934900
2023-07-06,134.48876602280728,134.83669068550142,133.00301235042232,134.6674346923828,9709500
2023-07-07,135.32572853850496,137.14059656906454,134.47000686930954,135.73007202148438,8981500
2023-07-10,135.88049308545027,137.28161890628877,135.88049308545027,136.49171447753906,9100100
2023-07-11,137.61073314225018,139.00246063974816,137.0183227540901,138.62631225585938,11260900
2023-07-12,138.65453286860148,140.93017696899278,138.23137845732865,139.31277465820312,11323200
2023-07-13,139.82996469805036,140.4599971273314,138.9366355624607,139.9898223876953,11234900
2023-07-14,142.5099721147579,143.7700370233772,139.5572752064884,140.83615112304688,27028400
2023-07-17,141.38154673382755,144.57872915123014,141.38154673382755,144.23080444335938,17262400
2023-07-18,144.2307981597808,145.18994423405886,143.70420478207672,144.4940948486328,13491700
2023-07-19,143.6383953372702,145.9516615690135,143.14001121819382,145.04891967773438,12510000
2023-07-20,145.3122096636025,147.24932737217384,145.1993723131521,146.8355712890625,9935900
2023-07-21,146.50647148363527,146.8261869060102,145.4626828470377,145.70716857910156,10636400
2023-07-24,145.72596790033828,149.31809564584665,145.50027884750722,148.57522583007812,14381400
2023-07-25,147.91697040494864,148.31191544958145,146.656905593702,147.46560668945312,9944700
2023-07-26,147.36216242019992,148.81029419886468,146.95780471245106,148.34951782226562,8728600
2023-07-27,148.3589293263149,149.3086770578347,146.27135250380405,146.71331787109375,10778400
2023-07-28,147.89815662979652,148.19907533355618,147.10826655531773,147.55023193359375,9103800
2023-07-31,147.80411192295733,149.87289208348741,147.77590258882222,148.53759765625,8892700
2023-08-01,148.0392255755503,148.57523171653716,146.83557927662042,147.80413818359375,6853900
2023-08-02,146.28076942585813,146.4030194553348,144.75740779094255,146.13031005859375,8299400
2023-08-03,145.75417354946845,147.55964288063694,145.14295210950536,147.02365112304688,6084000
2023-08-04,147.0706408871841,148.38713866051694,146.4123991748143,146.71331787109375,6209400
2023-08-07,147.25871943203992,148.29309514639542,147.25871943203992,147.40916442871094,7251800
2023-08-08,145.11473741719715,146.67570663590206,143.48792249952785,146.58168029785156,8623400
2023-08-09,146.0550962518034,146.2431632885542,144.3154438775193,144.61634826660156,6277800
2023-08-10,145.17113300465522,146.16790099076863,143.9580743433723,144.40003967285156,5995100
2023-08-11,143.90168962180442,145.30281560835894,143.5255555435083,145.2369842529297,5180700
2023-08-14,144.44707877373204,145.6789342505091,143.79823536111664,145.5378875732422,5044300
2023-08-15,143.73242626004551,144.1273713266908,141.268700822504,141.83291625976562,10300300
2023-08-16,141.6166564012589,141.9551828333585,140.75152213698502,141.23110961914062,6978200
2023-08-17,141.87991569368114,142.23723869259535,139.54783895539543,139.76412963867188,9953900
2023-08-18,138.84257898796662,140.5822310649973,138.64511365512735,140.08384704589844,8517500
2023-08-21,140.7233190219691,141.14648784226083,139.19055885344807,140.56346130371094,8327000
2023-08-22,140.35655794613976,140.71389533939447,137.1499771305122,137.6483612060547,9673300
2023-08-23,137.62013862354203,138.7861626811415,136.78322824246797,138.57928466796875,7858000
2023-08-24,138.7015607535187,140.49763186524416,138.22198764115348,138.44766235351562,6534000
2023-08-25,138.49465769081132,139.75472243593128,137.14996494383848,138.27838134765625,6695500
2023-08-28,138.76737776566313,139.74533489819532,138.35362170430923,138.75796508789062,5094100
2023-08-29,138.8990275844994,139.9710254145166,138.4006291608985,139.88638305664062,6337000
2023-08-30,139.7547267719963,140.25311081871706,138.41003398330267,139.32217407226562,6277300
2023-08-31,139.4162165882018,139.50085895109873,137.25342414131575,137.60134887695312,10933900
2023-09-01,137.3756682568864,139.2469691078084,137.0089324904701,138.0621337890625,7903500
2023-09-05,138.38181790077672,139.36918761732844,136.36005812905785,136.53872680664062,7854700
2023-09-06,136.06853406868635,136.85842399771465,135.5137314529587,136.3130340576172,8629200
2023-09-07,135.53256513460647,136.60456288869358,134.8367014053034,135.1470184326172,8373700
2023-09-08,134.81789072040658,135.52315278000043,134.14083799530906,135.25045776367188,7107900
2023-09-11,136.11557526086284,136.39768294977497,135.1188071954874,135.84288024902344,6854200
2023-09-12,135.88050858043627,138.5323011715463,135.45735415699824,137.61074829101562,8363200
2023-09-13,138.55109286085687,138.88961925718172,137.12177194179168,137.67657470703125,8325900
2023-09-14,139.0212716819653,140.95838942649576,138.7203672923135,140.34716796875,10034900
2023-09-15,140.0368343962491,140.79851513334847,139.46322067409136,139.9333953857422,19863400
2023-09-18,139.32217189447775,140.2437102977801,138.93662519308836,140.2248992919922,6512400
2023-09-19,140.58227082922656,140.7891488973981,138.42887647238217,140.0462646484375,7943400
2023-09-20,140.72330545579,141.28752092938885,139.30338279031352,139.45384216308594,7332000
2023-09-21,138.77677791737364,139.9710257740391,137.88344878149712,138.36302185058594,8052400
2023-09-22,138.50406751537056,138.7109455472443,136.5293422319317,137.03712463378906,7071700
2023-09-25,136.6798117345326,137.78001897736758,135.12822638033307,137.7141876220703,7044700
2023-09-26,135.97456357881177,137.1405879484126,135.62662445523367,136.2848663330078,7468400
2023-09-27,136.52933425011622,137.37564298659942,135.88988918481877,137.08413696289062,6717800
2023-09-28,137.55432304561114,139.9898247951475,137.30042466423484,138.7861785888672,8868100
2023-09-29,139.73589767834073,139.8863426462939,136.2189864842379,136.36944580078125,11917800
2023-10-02,136.1908141533554,136.93368391413614,134.12204820895175,135.1940460205078,9170600
2023-10-03,134.6580429468487,135.02477867086904,133.85875449633997,134.19728088378906,9431100
2023-10-04,134.64864342376092,134.91194012848763,133.46379390389643,134.79910278320312,8128700
2023-10-05,134.55279382335263,135.55693133960906,133.40658332997998,135.36746215820312,8576200
2023-10-06,135.37692931115018,138.19037578099838,134.6475135159572,137.4514923095703,10270600
2023-10-09,136.08742554116313,137.73569774934012,135.93585596091424,137.138916015625,6964900
2023-10-10,137.75464668471994,139.033491521425,137.62202691646297,137.97251892089844,11288800
2023-10-11,138.78717603176514,139.46922462849858,137.3757259962922,138.44615173339844,8698200
2023-10-12,138.5882761853236,139.2134899098604,137.47995064881113,138.1240997314453,10484400
2023-10-13,140.67228296640758,145.03928168920007,140.04706935081757,140.19863891601562,29427000
2023-10-16,141.57220133475337,141.63851843881218,138.98610891137227,140.05654907226562,12663500
2023-10-17,139.7913175888073,141.43958969955224,139.052419542389,139.75341796875,11482700
2023-10-18,138.8629600091824,139.7060458454633,137.70726736334078,138.21881103515625,9620300
2023-10-19,137.8114720413774,139.2703038448197,137.24310784044647,137.63148498535156,11143600
2023-10-20,136.94945735914212,137.48940409847202,134.6285897844194,135.4148406982422,13332900
2023-10-23,135.40536824661368,136.10635221522327,133.31185510958022,133.567626953125,10133400
2023-10-24,133.74761802339899,134.25914727136302,132.96136711370946,133.72866821289062,8881400
2023-10-25,133.1602734724665,133.7381052430868,132.15613610821745,132.9992218017578,8242600
2023-10-26,132.39296772266337,134.20229129970062,132.08036094329557,133.3402557373047,9109400
2023-10-27,131.6256752868679,131.76777717096823,128.0638773242415,128.5375213623047,17434700
2023-10-30,129.2479771142823,130.76362924255815,128.86905324136248,130.1763153076172,9855500
2023-10-31,130.4510585756186,131.90040830075068,130.2237042141286,131.72988891601562,9672500
2023-11-01,131.90988322864285,133.1224109809578,131.17099958127815,131.61622619628906,9432000
2023-11-02,132.7056199115953,134.0223501243303,131.89095136205958,133.96551513671875,10186200
2023-11-03,134.6949028990368,136.19161989432564,134.3728284006059,135.4622039794922,9538700
2023-11-06,135.62323960267491,136.589477540853,135.26326548846805,136.4852752685547,7625100
2023-11-07,135.9453164987424,136.6557826075624,135.29169982038272,136.41896057128906,6297900
2023-11-08,136.51369114592342,137.20520742421806,136.049514764893,137.09153747558594,7618200
2023-11-09,137.77357879262672,137.97250119221647,136.12529235225335,136.68418884277344,7992500
2023-11-10,137.2999149802925,138.7587320335193,136.48524678175977,138.71136474609375,7983300
2023-11-13,138.01985731607252,138.5408686017075,137.5083281612012,138.09564208984375,6676300
2023-11-14,138.94822676761797,141.38276438904606,138.79667164043798,140.61546325683594,9927700
2023-11-15,140.63438110068913,142.24476778987932,140.63438110068913,141.84690856933594,8365300
2023-11-16,142.1784843279759,143.5425816665274,142.1784843279759,143.466796875,8126200
2023-11-17,144.1772437015897,144.80245730700287,143.5520300961765,144.7645721435547,7812400
2023-11-20,144.06358253221205,145.64555199659807,143.9120129602485,145.2097930908203,7019000
2023-11-21,145.124549485046,145.53189092775239,144.52776774752715,144.90667724609375,7083500
2023-11-22,145.32345017700808,145.76867667690715,144.8403240640081,145.24766540527344,5174500
2023-11-24,145.49396152952596,146.2991621172823,145.2003045600638,145.44659423828125,3496900
2023-11-27,145.34240642173663,145.43714101363966,144.66037228701836,145.1150665283203,6259100
2023-11-28,145.14346959235732,145.75920101513483,144.66982558884604,145.44659423828125,6582700
2023-11-29,146.04339921623102,147.4264461508105,145.88236197975067,146.1855010986328,9126100
2023-11-30,146.74438172768336,147.90007419819418,146.2423202639577,147.8527069091797,9869800
2023-12-01,147.60643889731196,149.5389002641886,147.60643889731196,148.57266235351562,8916000
2023-12-04,147.79588967365407,149.71888331169214,147.66326992118485,149.66204833984375,9607500
2023-12-05,148.97053122729264,150.1451737523716,148.69582402014166,149.6431121826172,9135600
2023-12-06,150.46725568883625,150.8272298337835,147.77696064362786,148.07061767578125,9366000
2023-12-07,148.43059418130548,149.01790825495266,147.91905044566917,148.5253143310547,8130900
2023-12-08,148.97053119979643,150.41041325374513,148.70529167070984,150.16412353515625,7369400
2023-12-11,150.16411790485932,150.90300148739232,149.81361146891027,150.7135467529297,8093900
2023-12-12,150.83669073201253,152.18183819415106,150.50514854635935,152.05870056152344,10223000
2023-12-13,152.05870693457936,153.4891069225962,151.34824077979803,152.5702362060547,12379100
2023-12-14,153.299648728851,156.1509809623848,153.18597877206992,155.34579467773438,13643000
2023-12-15,154.48376758862938,156.5677988213493,153.8301363916895,156.5204315185547,20309300
2023-12-18,157.17404014465845,158.32026510801109,156.89933295505307,157.4676971435547,8469600
2023-12-19,157.249825740006,159.58962852032627,156.82354898280948,159.5706787109375,10345700
2023-12-20,159.13494074793843,160.48008817985806,157.67610890953222,157.77084350585938,10734700
2023-12-21,158.04556267481686,159.22967294621378,156.94670487388746,158.6707763671875,7601700
2023-12-22,158.67076914508667,159.36228546485532,158.41499729085479,158.57603454589844,6576300
2023-12-26,158.63285356809848,159.87379852543415,158.36759963211486,159.51382446289062,4683600
2023-12-27,158.99282920902155,160.53691341777682,158.74653950976872,160.47059631347656,6428600
2023-12-28,160.42326026550225,161.66420547787502,160.09170361823246,161.32318115234375,6320100
2023-12-29,161.03896292625708,161.69259397084912,160.68847098531793,161.13369750976562,6435100
2024-01-02,160.17692675575273,163.09457557227162,160.00642185144383,163.0093231201172,9977400
2024-01-03,162.80093544417744,162.9714403661268,161.38947095422876,162.2988739013672,9852300
2024-01-04,162.64198661978116,165.2249734767481,162.54666787031996,163.3759002685547,11972500
2024-01-05,163.4330960040298,165.25357661087241,163.4330960040298,164.1956024169922,10066000
2024-01-08,163.95730590820312,164.2813663790476,161.54588994783876,163.95730590820312,11229900
2024-01-09,163.57603719514984,163.7380674223825,162.12729120685847,162.66104125976562,9923600
2024-01-10,162.0319849264367,163.06136634061303,161.03119622846532,163.00418090820312,9670200
2024-01-11,162.34654010755642,162.37513282741753,160.73574901857515,162.3179473876953,11919500
2024-01-12,165.65390615743877,168.0462559111224,160.9835629898582,161.1265411376953,19436500
2024-01-16,157.14245233618308,160.21153041789913,156.5991760965609,160.11622619628906,17206400
2024-01-17,159.4966746905354,161.14559906926118,158.68652340442242,159.25839233398438,11107500
2024-01-18,159.28698002537405,159.67776656824674,157.4951066503195,159.5729217529297,9382300
2024-01-19,159.6968369137711,162.5752918286845,159.24886492376933,162.3274688720703,13115700
2024-01-22,162.47044192364703,163.91918812242486,161.7555948824447,162.1368408203125,12837500
2024-01-23,161.71745692199738,161.79370901610295,160.54511188027425,161.0693359375,8360800
2024-01-24,161.42197810648736,162.99463562700143,160.94541345862262,162.508544921875,9967100
2024-01-25,164.23376744177511,164.8819031655703,162.89939175102663,164.83424377441406,8873500
2024-01-26,164.51968890937266,164.9485942895545,163.72858965349826,164.2051544189453,7443000
2024-01-29,164.16700911633845,164.73887801633018,163.27106517505794,164.634033203125,6971200
2024-01-30,164.72938024672698,168.47517236034656,164.72938024672698,168.00814819335938,10822100
2024-01-31,167.94139187726532,169.94296936922615,166.16857066951718,166.18763732910156,11521800
2024-02-01,165.5014105537029,166.64516307784658,163.39498789899295,165.58718872070312,9354800
2024-02-02,165.17731524669946,167.57920522249475,165.13918192921102,166.540283203125,8607600
2024-02-05,165.71107322302376,166.88341827855515,164.81512928623064,166.32107543945312,7820200
2024-02-06,166.42593618076785,167.62687406891743,165.61577031946283,166.89297485351562,6764800
2024-02-07,167.45531197350942,167.62686829007302,165.8064021309331,167.20748901367188,7225500
2024-02-08,166.79764812133146,167.09311591388456,165.43468003475408,166.60702514648438,6060300
2024-02-09,166.79763336618873,166.8929521169806,165.52996960737374,166.80715942382812,6296700
2024-02-12,166.58794275909298,168.52279413115167,165.55856133977713,167.55059814453125,8539300
2024-02-13,167.10264500375442,167.9699816610953,164.52918411800974,166.09231567382812,8397600
2024-02-14,166.86437705636513,167.84609921027982,166.24483419786299,167.7793731689453,7056700
2024-02-15,167.89376426236916,171.76348244847617,167.89376426236916,171.4394073486328,8723400
2024-02-16,171.19156494301498,171.54421815228707,169.80953027964074,170.6387481689453,8152600
2024-02-20,170.79125525671367,172.00173363675566,170.04781550672885,171.30593872070312,9668000
2024-02-21,171.51564198980836,172.50690476436938,170.15267385428854,172.42111206054688,7024000
2024-02-22,173.29801377657841,174.82301226014678,172.7451969178192,174.4894256591797,9296500
2024-02-23,175.19471637316317,176.5195656852943,174.60378078668188,175.3662872314453,7105800
2024-02-26,175.137543282542,175.81427161767567,173.92706476152355,174.7658233642578,7145400
2024-02-27,174.718140230457,174.93735591051686,173.69829938040482,174.85157775878906,5717100
2024-02-28,174.83252201060458,176.51956515120406,174.38456456464726,175.73800659179688,6131600
2024-02-29,176.9580179517879,177.69191716010636,175.23285596671522,177.33926391601562,9643000
2024-03-01,176.9961179460984,177.70143890302512,176.42424906044945,176.60533142089844,6311800
2024-03-04,176.05253948496141,178.79754229244386,175.6331602181459,177.93019104003906,7063600
2024-03-05,177.62521425779468,180.42741731565528,177.62521425779468,179.7125701904297,6617800
2024-03-06,180.37973138798867,181.16130444415123,178.83566647867224,180.6466064453125,7572900
2024-03-07,181.00883022706049,181.57117315213273,177.88256657197127,179.06443786621094,7618300
2024-03-08,179.60771515433038,181.5330407077065,179.11208377013827,179.3980255126953,6172200
2024-03-11,178.5020662570391,179.60769981055208,177.49175145743587,179.4647216796875,5762600
2024-03-12,180.09380825926033,181.24710130313005,179.10256002169075,180.9420928955078,5708400
2024-03-13,181.437716033799,182.74349867848787,180.94208466575625,182.409912109375,7795500
2024-03-14,182.07630255175962,182.6481859917152,178.3305111052107,179.15972900390625,10310900
2024-03-15,177.73956247395188,181.99052590228584,177.73956247395188,181.38052368164062,17214200
2024-03-18,181.69506181540558,183.6680321068183,180.989740825109,183.62991333007812,9013800
2024-03-19,183.67754239796616,184.84034669165865,183.36300800326316,184.7069091796875,8478700
2024-03-20,185.08820281034855,187.34711486243472,184.53538600625475,187.12789916992188,9367000
2024-03-21,187.30899243272455,190.08258791393138,187.12789552103195,189.7299346923828,11203800
2024-03-22,189.68227554589657,191.08337691916773,187.32804477821512,187.404296875,8108800
2024-03-25,187.38524407916947,187.70930458163005,185.25022900773442,185.6886749267578,8620000
2024-03-26,185.46943290101217,187.44241759575021,184.96427551941824,186.55599975585938,5961500
2024-03-27,187.28994092343356,190.2446480989538,187.17557004094428,190.16839599609375,8725800
2024-03-28,190.13980217725017,191.3121473467988,189.23431755076805,190.91183471679688,8628300
2024-04-01,190.61634353364525,191.5218135054846,189.26290160477805,189.6155548095703,7309000
2024-04-02,189.09134989704782,190.41619924304973,188.79588209625334,189.53932189941406,7014700
2024-04-03,189.710845299009,190.20647659631237,188.43365555557205,189.0055389404297,9353400
2024-04-04,190.92293205560827,191.43103611802593,187.47166000683382,187.56752014160156,9243800
2024-04-05,188.05644940533662,189.93547176986357,187.0498229672658,189.29315185546875,6532300
2024-04-08,189.45613591686737,190.75995368251904,189.45613591686737,190.28060913085938,8001000
2024-04-09,189.88756106284035,190.66409690966574,186.85809993213326,189.00555419921875,7351500
2024-04-10,187.4716553790757,188.9288668988633,186.1582413721076,187.39495849609375,7681400
2024-04-11,187.90305769185724,188.44951748332386,185.2570811252899,187.35659790039062,10137700
2024-04-12,180.54033357260192,181.1251198648831,174.99909726257042,175.23876953125,31532300
2024-04-15,176.8781612512524,179.71588778155154,174.67317311755488,175.3346710205078,14766600
2024-04-16,175.3442474381056,175.5935159903281,172.22850756281414,173.3310089111328,16451800
2024-04-17,173.87743429200685,174.88406075478235,171.79708073743586,172.64073181152344,9017100
2024-04-18,173.61860787689943,175.78524005173225,172.5352844752654,173.7624053955078,9557700
2024-04-19,174.86488374948237,178.20113230723476,173.91579091483374,178.1244354248047,13402300
2024-04-22,178.30659681566635,182.27556923453258,178.29700056215378,181.58531188964844,11529700
2024-04-23,183.23425914662198,184.28880841859586,182.64945818883783,184.20252990722656,9144400
2024-04-24,182.65903852652195,185.24749624840408,182.313909855042,185.10369873046875,6964900
2024-04-25,184.30798671411355,185.92817369729963,183.28218231517408,185.3817138671875,9802300
2024-04-26,185.57346202257514,186.8197461895444,185.08452120379513,185.49676513671875,6413700
2024-04-29,185.48714503201876,186.23492128742024,184.4805186486911,185.29541015625,5387800
2024-04-30,184.8448357100977,186.93478547211615,183.7231712629308,183.8190460205078,8153700
2024-05-01,184.3271633446403,186.42669488243652,182.90829289804591,183.93409729003906,7445300
2024-05-02,185.09414122272094,185.50637058013808,181.69079144659688,183.7423858642578,6501700
2024-05-03,184.06831413963806,184.57641821151952,180.67456103420002,182.63986206054688,8922800
2024-05-06,183.80944819934183,184.2600332249276,181.9783632240918,184.06829833984375,7911100
2024-05-07,183.78070641582713,184.95988996978727,183.73276903282613,183.82864379882812,7688800
2024-05-08,183.10962159293808,188.52620925988919,183.10962159293808,187.56752014160156,9227600
2024-05-09,187.10736271795474,189.42738874358233,187.04026208314102,189.3411102294922,7977300
2024-05-10,190.33811525626354,191.10506941270592,190.07927974835587,190.55862426757812,7529800
2024-05-13,190.58739418867287,191.5940206597629,189.85878111742107,190.52027893066406,7049200
2024-05-14,190.77915069779183,193.2525705878791,189.97385528104797,193.18545532226562,8596200
2024-05-15,193.6647758753469,194.3166920568384,191.5173216973383,193.76065063476562,8370000
2024-05-16,193.86611690223924,196.03274906827554,193.6456224984565,194.1057891845703,8497900
2024-05-17,195.39042954302607,196.5792093322775,194.43174041156257,196.32994079589844,9260500
2024-05-20,195.94649233225823,197.3749445599267,187.32787083564088,187.5004425048828,17373300
2024-05-21,188.86176341948598,191.64195611591128,188.47829360909478,191.2776641845703,14420800
2024-05-22,190.7791584374926,192.63901790049846,189.52327787576553,190.11766052246094,9425300
2024-05-23,189.63829745126534,190.10806039860006,187.97018770099368,188.78506469726562,8069400
2024-05-24,189.58077653024836,192.4664255616402,189.398623253968,192.4185028076172,7356200
2024-05-28,191.60359727675655,192.13087918863567,190.4531733234784,191.2584686279297,6910200
2024-05-29,189.82044693132437,190.76955443221763,188.75630141642043,189.9259033203125,6120000
2024-05-30,190.35731003961553,191.59402720097117,190.2039162690166,191.0955047607422,6829100
2024-05-31,191.06671917230923,194.9014751431396,190.15596755492365,194.2591552734375,14417900
2024-06-03,193.95239907688003,194.05785546823523,190.9612936179844,193.48265075683594,6444300
2024-06-04,191.89121473962575,193.63602130368506,190.08887454138957,190.93252563476562,6848300
2024-06-05,191.50773045425237,191.56526408846938,188.78505690537415,189.1110076904297,8351600
2024-06-06,189.11101459986781,189.8396277088891,187.26075158024344,188.77548217773438,7640300
2024-06-07,189.2739797714667,192.61980995746194,188.8713321096013,191.68988037109375,6964500
2024-06-10,191.00919662074557,192.5430902034892,190.24224251515733,191.36390686035156,6070800
2024-06-11,189.73415971337363,189.76291921555642,185.60221211085312,186.330810546875,9235300
2024-06-12,187.9030786059077,188.5933359833063,183.406824027288,183.61773681640625,12751300
2024-06-13,184.37510431277676,186.54173652510667,182.99458959650315,185.6597442626953,8587800
2024-06-14,183.54103282309364,186.81016629946183,183.5122733191848,185.7747802734375,6874000
2024-06-17,185.48715258773336,187.50040543639741,184.68185729964134,186.92518615722656,8725400
2024-06-18,186.5609073499265,189.78210335662163,186.11032229627904,188.86175537109375,9023000
2024-06-20,188.2769434150986,191.21052959046503,188.00851164927644,190.46275329589844,8731100
2024-06-21,188.58373987114496,189.0247286665629,186.19659873864725,188.190673828125,20972100
2024-06-24,189.63830383493246,190.99964071138498,188.95764271092415,190.6641082763672,9785900
2024-06-25,189.90672123301874,191.80493619273605,189.57118882344554,189.88755798339844,6862500
2024-06-26,189.29316469485687,189.7629276320688,188.1715001746751,189.27398681640625,7758600
2024-06-27,189.2835952173299,191.60362129195104,188.765894864985,190.94212341308594,7913500
2024-06-28,191.74738392817818,194.23039958562825,191.06672292192064,193.90443420410156,15307600
2024-07-01,194.46048274583055,198.53491119480896,194.28792573905153,196.96266174316406,10205800
2024-07-02,196.80929606300535,200.23182347007662,196.31078822001166,200.20306396484375,7802900
2024-07-03,200.89332093759472,201.68903471376527,199.07180271542398,200.06884765625,5560900
2024-07-05,199.53863075110766,199.90494123598646,197.1575464066805,197.41781616210938,8093100
2024-07-08,197.65883954033447,199.45188272324833,196.62736569671677,197.78416442871094,8707000
2024-07-09,198.22757616752443,202.20889121555817,198.05404829847083,200.15557861328125,9058900
2024-07-10,198.71922757684789,200.48335172261358,198.17938920186893,200.31947326660156,8328500
2024-07-11,198.78671869994315,200.6086806066436,197.98659583908096,199.98207092285156,10658100
2024-07-12,196.65627534258937,199.9820770572198,194.82467866192138,197.56243896484375,15443400
2024-07-15,199.731435258761,203.99231931553012,199.27835346292989,202.4884796142578,10719700
2024-07-16,202.44028200402863,206.04565232180363,200.58940119084525,205.92996215820312,11557000
2024-07-17,206.10349645675493,209.72813632324488,205.59257690590508,209.06297302246094,11572500
2024-07-18,207.86760619146685,208.84124221450833,201.7076384383101,202.42098999023438,12415100
2024-07-19,203.5970906580946,204.70570108246514,201.39916866530874,202.22821044921875,8095900
2024-07-22,202.883717700245,204.53215166667349,202.16071673369055,202.71018981933594,7663200
2024-07-23,203.42357088396682,203.86700327176683,201.81369037966206,202.75840759277344,5557300
2024-07-24,202.00648720315863,204.39720644869962,200.57976931414956,201.08103942871094,7119000
2024-07-25,201.1388579458968,202.62342813048153,200.56046601291564,201.15814208984375,6403800
2024-07-26,201.70762096805632,205.48650399280814,201.10993020801746,204.59962463378906,8027800
2024-07-29,204.99487998321382,205.9203277459261,202.97048598586377,203.2596893310547,6533600
2024-07-30,205.55398670734905,208.02182760531736,205.29371695525305,207.4434356689453,8850700
2024-07-31,207.04821445631424,208.60025726077208,205.01417096363343,205.13949584960938,9071600
2024-08-01,205.5250819532728,206.13240750216778,198.9506004887708,200.47372436523438,10918600
2024-08-02,196.5406090896375,197.30216371939395,189.80223404419826,191.9712371826172,18041700
2024-08-05,187.06445780696276,189.10813588433086,184.0278448440605,187.88385009765625,13927000
2024-08-06,188.3658523579827,195.30667364113896,187.01625639153167,193.12802124023438,10605800
2024-08-07,196.1838966420379,198.3432648205562,192.99305473526,193.18585205078125,9204400
2024-08-08,195.18133758602812,197.53350302957801,194.52580907593605,196.71409606933594,7761200
2024-08-09,196.14535459603678,199.0373586273821,195.59586676952446,198.3914794921875,5540200
2024-08-12,198.9795069946796,199.68322380780327,196.32850348454394,198.76742553710938,6936000
2024-08-13,200.25200574943543,200.59904684016206,198.00588073299562,200.45445251464844,6387800
2024-08-14,200.26164277885246,203.17291622190587,199.66395194824793,202.67164611816406,6999800
2024-08-15,205.3322777083701,206.1902382803681,203.5006811149563,203.93447875976562,7001000
2024-08-16,204.06944265968446,206.38303995381162,203.9730366434738,206.26736450195312,7931200
2024-08-19,206.29629275515234,207.7712136714554,206.1227795694666,207.694091796875,6090800
2024-08-20,207.26029344076227,208.22429480560302,205.9878045786156,206.79757690429688,5640000
2024-08-21,206.71078640427385,207.26027419175705,205.17802790680824,206.8746795654297,5202300
2024-08-22,206.8554135333752,208.9954977287081,206.62404791162533,208.8316192626953,5247100
2024-08-23,209.76670860699275,211.29946728870814,208.70630119288492,210.45114135742188,7214000
2024-08-26,211.125922885165,211.771802001634,210.20048985928128,211.28016662597656,5105200
2024-08-27,211.6079355441664,212.48518032160453,211.29946275454142,212.25381469726562,5185200
2024-08-28,211.3572962547529,214.210746726538,211.29945852719868,213.3238525390625,6506400
2024-08-29,214.1528714460767,214.95299424737954,211.05843567605964,214.21072387695312,6416100
2024-08-30,214.49029824755388,217.36301812340238,213.9408104229473,216.70750427246094,8574100
2024-09-03,214.29750959484844,216.032715019767,211.3476677272337,212.3695068359375,8956100
2024-09-04,213.08282103922625,214.07575581850506,209.39070934836008,211.43438720703125,7389500
2024-09-05,212.2248812160305,212.85149088939755,208.2532005501347,209.7956085205078,8067900
2024-09-06,209.76670350231032,210.86566447314522,203.49104518429826,204.81173706054688,7777000
2024-09-09,207.4434494984693,210.29688521091413,206.4697987366713,209.005126953125,8935100
2024-09-10,210.73069601813924,210.7692495990519,193.3883068457007,198.1601104736328,28406900
2024-09-11,197.86128563565708,200.22308610329478,194.5644026413618,199.77000427246094,13658700
2024-09-12,200.17487888132874,201.26420513801557,197.51424039176328,199.16268920898438,9054400
2024-09-13,199.41332446960854,200.36769112363794,195.7115627301204,196.9647674560547,10226700
2024-09-16,198.42038268062674,200.71471040461438,198.18901708097934,200.37730407714844,8634900
2024-09-17,200.2519838182576,202.37278371399074,200.18451137690533,201.71726989746094,7573300
2024-09-18,201.4859220173664,203.73204698540877,199.25908119547495,200.0592041015625,8259900
2024-09-19,202.22820187533188,204.28152945633747,199.87603622956823,202.9029998779297,11635200
2024-09-20,202.37276763560212,203.8091347387514,201.9582541744633,203.4910125732422,20885000
2024-09-23,203.40429771900446,204.17550178969574,202.43066158932191,203.82846069335938,7223500
2024-09-24,203.54885955429185,205.28406475898234,202.79693975050793,203.9730224609375,7323200
2024-09-25,204.05978081621666,204.59963388085862,201.10030458012938,202.62342834472656,8976500
2024-09-26,203.5296182097208,204.07909135317036,201.48592526014383,202.22821044921875,7807500
2024-09-27,203.06688130801132,204.79245198574228,201.79440715731258,202.9222869873047,7032500
2024-09-30,198.8831236365637,203.36573890816123,197.87091923913886,203.2693328857422,8663800
2024-10-01,201.37986551461756,201.56302811498028,198.76743023115927,199.58682250976562,8540100
2024-10-02,199.62540303508803,201.4280808680096,198.2854417354765,199.8278350830078,5810900
2024-10-03,198.74815887229946,199.0566463684385,196.98403461617457,197.8419952392578,7251300
2024-10-04,203.00189752185364,205.30057644632367,200.68381627913752,204.86412048339844,10211700
2024-10-07,204.67983675803367,206.9106297822478,203.3801626203171,204.5828399658203,6718900
2024-10-08,204.2433966990474,204.9708282984031,202.10960030086417,204.4082794189453,6021800
2024-10-09,203.38987804339538,207.79327240536833,203.07951491459352,206.99794006347656,7024000
2024-10-10,208.34610048894507,208.34610048894507,205.106608749474,206.4353790283203,7927100
2024-10-11,209.1802366899085,217.87062636423727,208.6855885118762,215.6010284423828,18320700
2024-10-14,216.4836435076752,216.96859791284456,212.2936451428216,214.81539916992188,9048900
2024-10-15,216.92980160195145,218.66593180883564,215.14517299607007,215.69801330566406,9235800
2024-10-16,215.63980707901965,216.94917496872304,214.38861654483065,216.91038513183594,6382500
2024-10-17,217.521435503585,219.0538930763408,216.59031660888084,217.6669158935547,6470200
2024-10-18,218.22948685727843,219.12180120536095,216.3866659992262,218.58834838867188,7000500
2024-10-21,218.4428562648874,218.90840833464267,216.19266079507577,216.28965759277344,5870000
2024-10-22,216.30905529120685,218.50104375579213,214.4468322523353,217.37594604492188,9586800
2024-10-23,216.9298093573414,218.03550481569224,215.8338076592832,216.6873321533203,6180500
2024-10-24,215.15486108792416,218.28766222544806,214.98997837538428,218.21006774902344,6002200
2024-10-25,218.22944850915363,218.83078714249672,214.23342956566813,215.62039184570312,6369700
2024-10-28,216.6291186743872,218.85020313281026,216.2411463063524,218.71441650390625,6843000
2024-10-29,218.43314372922367,219.9267966077979,216.10535398126922,216.19264221191406,6580000
2024-10-30,215.8434720010865,219.5000318832495,214.91236795234585,217.65721130371094,7110900
2024-10-31,217.93847133580033,218.89868622999063,215.14514447933752,215.24212646484375,7829900
2024-11-01,216.83279926451777,219.34485939228048,215.99867714182966,216.23146057128906,6923500
2024-11-04,215.95019859290983,217.02679800371024,212.57491995349548,213.16656494140625,8229600
2024-11-05,213.4090000945877,215.2809314938348,213.3799040189193,214.8250732421875,5600700
2024-11-06,227.92855883805424,240.53737273122323,227.70548396691856,239.6256561279297,23987800
2024-11-07,237.14269869088656,237.2105994098778,228.14194632127268,229.2670440673828,16451100
2024-11-08,232.1379691294592,232.1379691294592,228.6850961621216,229.84898376464844,9502100
2024-11-11,232.7780887124302,234.81490290851687,231.80818000946172,232.08944702148438,9017100
2024-11-12,233.31154859132423,234.194169089919,231.57540367214264,232.35133361816406,6861000
2024-11-13,233.34064938993217,236.74502378242778,233.07876988293,233.9031982421875,11472600
2024-11-14,235.1252801712944,236.9390048192966,233.7965099040101,234.59182739257812,10172200
2024-11-15,234.19417438377397,239.00491351851235,234.19417438377397,237.92831420898438,11518800
2024-11-18,240.30458500761375,240.46946771808433,235.37744681373624,237.65673828125,9051400
2024-11-19,234.96038095752812,237.77311024831232,234.28144783212835,235.7751007080078,6792700
2024-11-20,237.04568704958282,237.24937439416908,231.4590181077945,233.5346221923828,9015300
2024-11-21,235.9108925350345,238.10289570204407,234.8245995104416,237.3948516845703,8783500
2024-11-22,236.2794645809059,241.6527523940075,235.71691574566026,241.07081604003906,7997300
2024-11-25,242.07953542341588,246.65750617332893,241.56548494002442,242.7584686279297,10295400
2024-11-26,242.95243099918525,243.44707909896903,240.86711845381728,242.4480743408203,6212100
2024-11-27,241.84675111969358,243.63137965588157,241.28420227248876,242.27349853515625,5472300
2024-11-29,242.34139881448183,244.19392806320383,241.94373267843793,242.2056121826172,5494800
2024-12-02,242.04072865244322,242.7196618094662,237.65673701052887,238.84002685546875,8899700
2024-12-03,240.76044150846369,241.54606521705796,237.2687789369744,237.45306396484375,6657700
2024-12-04,237.33667477531787,237.96712436015684,234.94099891212346,236.07579040527344,7346300
2024-12-05,238.00591244621754,239.74204263244474,237.25907854952092,238.09320068359375,6572500
2024-12-06,238.30658907627586,240.28521131504291,237.47246691672382,239.91664123535156,5519700
2024-12-09,239.69356932385114,240.4112923726013,236.42496656531813,236.4734649658203,7076500
2024-12-10,236.55105259242768,240.49858844470623,234.93130670009893,235.5520477294922,9108300
2024-12-11,236.6577320701239,236.919611573279,234.89249106315413,236.20187377929688,7884400
2024-12-12,235.68782146085866,236.75472698403252,233.78679383764873,234.26205444335938,6113800
2024-12-13,234.78580466330752,235.41623939456244,231.94396449404366,232.7198944091797,10392700
2024-12-16,233.36973231358596,233.42792446749883,230.3727179900156,232.3707275390625,9032000
2024-12-17,231.46872125413844,231.8275975615697,229.50951620113162,231.1874542236328,8083600
2024-12-18,231.80819899787568,231.87609971646904,222.6231616444076,223.43788146972656,11322400
2024-12-19,225.28071175973975,229.24763503500648,225.28071175973975,225.949951171875,11790800
2024-12-20,224.94124306119815,232.01188637341022,224.62117138701748,230.45033264160156,32348400
2024-12-23,228.966372067765,231.43962760916577,227.81217825530683,231.216552734375,8611500
2024-12-24,232.2252432886818,235.19317647466937,231.8760903487652,235.01858520507812,3729100
2024-12-26,234.16505795563904,235.93999271034167,233.54431695942878,235.8236083984375,4451800
2024-12-27,235.41626442753616,236.06610154566872,232.81690115537214,233.91290283203125,5730200
2024-12-30,231.58510803780834,233.59281138216528,229.97505601890364,232.11856079101562,5723800
2024-12-31,232.8265915853147,234.17476411638413,231.83728054536303,232.496826171875,4871000
2025-01-02,233.67040567185904,235.9593908295792,232.24463867787563,232.77809143066406,9220900
2025-01-03,236.55104128388234,237.51125626141643,233.0302678325568,235.9593963623047,9491100
2025-01-06,237.58749766624487,239.52758971131513,234.5457584708976,234.80899047851562,9917800
2025-01-07,236.0666364630763,239.1083757665875,234.85773282590426,237.07080078125,8753400
2025-01-08,236.6613409803632,238.1237179586147,234.467775512986,237.0318145751953,8675300
2025-01-10,236.99278289320623,237.6947249539719,232.75189905848535,233.85354614257812,10256800
2025-01-13,233.65858101637204,238.4064266263034,233.00538778135987,238.084716796875,10005300
2025-01-14,236.57360158862997,241.50668420793562,236.11538894602398,241.26295471191406,12407400
2025-01-15,244.11945166267157,247.3074375627741,237.5680017698704,246.0205535888672,18448500
2025-01-16,247.6291630037952,250.59292194672196,246.0010517880716,247.89239501953125,15292300
2025-01-17,247.76566685921358,254.08313151072235,245.8158308046432,252.65975952148438,17678100
2025-01-21,253.54692929719334,257.6220793628749,252.9912189012906,256.43267822265625,13712100
2025-01-22,256.305959746207,256.77393113987694,253.72243275979156,256.2474670410156,9021900
2025-01-23,258.05104328370686,260.1665986454837,257.1931106983808,259.2794494628906,10749700
2025-01-24,257.0761463209556,260.4006204848565,256.4132091788652,258.1972961425781,7666300
2025-01-27,257.54406044260105,259.2989006643702,255.68196378667437,259.1819152832031,7522300
2025-01-28,259.18195317720495,260.6248127587292,258.1875177876292,260.4396057128906,7375400
2025-01-29,260.50781879552153,263.89078529426916,258.94794411487567,259.89361572265625,7684900
2025-01-30,261.8922195390952,262.93538890949,259.93262489498824,261.50225830078125,8753500
2025-01-31,262.47722622767554,264.0273425276852,260.26414296900646,260.5956115722656,7193800
2025-02-03,255.262756728444,261.4437627852604,255.13604238526239,260.11785888671875,8381400
2025-02-04,263.07188179280973,263.07188179280973,260.13736895555724,261.21954345703125,5626000
2025-02-05,262.1651692327603,263.85178786661055,261.59970020428995,263.64703369140625,5704400
2025-02-06,265.6164359735269,270.0328135723906,264.38802970359865,269.9548034667969,7264400
2025-02-07,270.315515971974,271.5634098810839,267.81972815375417,268.88238525390625,6857900
2025-02-10,269.22363870895646,269.2528850631033,262.82817808363956,264.2418212890625,8627400
2025-02-11,263.4813089554095,269.2918110393429,262.8963522921109,268.0926513671875,7196400
2025-02-12,267.205505594858,269.51608618824747,266.3963367662514,268.5411682128906,6683900
2025-02-13,268.5899033779397,270.02303399802724,266.9422896122563,269.38934326171875,8398700
2025-02-14,270.41299219849265,272.22635509125433,269.516084328549,269.6525573730469,5688600
2025-02-18,269.8182931454493,272.94777133904427,269.0968336529695,272.92828369140625,7919800
2025-02-19,271.39767571560697,273.2207676026046,270.26676727320427,272.245849609375,7007200
2025-02-20,271.6901230945166,271.7486157904694,259.074682630374,260.10809326171875,13846700
2025-02-21,261.59004848661357,262.447981229904,256.24748624566746,257.61236572265625,12835600
2025-02-24,258.830952916328,260.3030885181435,252.12351276645532,254.78504943847656,10372800
2025-02-25,255.6527330596067,256.4034091360431,246.99545729877843,250.94386291503906,9608400
2025-02-26,250.70992062126717,254.36586318209035,250.48567876676748,252.29904174804688,5943600
2025-02-27,253.65415230957024,257.0273899341107,251.3923354606858,252.552490234375,8204400
2025-02-28,254.19039237134785,258.16804490068563,251.42162869611653,258.0120544433594,10467100
2025-03-03,257.37837301094754,259.6401900961025,251.35338641961366,254.08314514160156,9058300
2025-03-04,248.87704143525806,250.77814324961585,239.78105560243947,243.97320556640625,13465600
2025-03-05,244.9481392715601,246.7029945878236,241.61392160869326,245.2211151123047,7861400
2025-03-06,241.88689051222846,243.10553793634068,237.7337454462382,240.35626220703125,9983200
2025-03-07,239.07914548596173,240.53177871306028,233.41487408448356,236.20314025878906,20498700
2025-03-10,230.28537474013976,231.55275617002158,222.9637314395914,226.39544677734375,18887200
2025-03-11,225.9372366595305,227.4678649933782,221.00415417455685,223.3927001953125,18143000
2025-03-12,228.13079748633706,228.44277836700155,221.55984522899598,222.1837921142578,16054000
2025-03-13,223.5486764519025,223.7436570558228,218.60583558035344,219.54176330566406,16467900
2025-03-14,222.39827175013033,227.2923638870342,221.8718226173793,226.60992431640625,11962100
2025-03-17,225.38153653003468,229.75892371378134,224.67960925467645,228.06256103515625,9586000
2025-03-18,228.44278631946406,230.24637564186483,227.6628489667191,229.07647705078125,10344900
2025-03-19,229.82715648248669,236.25186202365677,228.99847029765743,233.1126251220703,10120600
2025-03-20,230.62659068730426,235.69616111397977,230.27561962597693,233.01513671875,8328500
2025-03-21,231.8452488224462,236.22263602846675,230.56810861367876,235.56944274902344,19326900
2025-03-24,239.322859868715,242.4523531078021,238.27970537306442,241.83815002441406,9422700
2025-03-25,243.05680360286865,245.50385729754217,241.4091898067444,244.83116149902344,9287700
2025-03-26,246.26428619669275,248.28235866743117,243.51501036934545,244.73365783691406,12779300
2025-03-27,243.27127484247194,244.353434361877,240.98021170983642,241.89663696289062,8022500
2025-03-28,240.7462457637879,243.25177720979866,235.06247221658606,236.7588348388672,11978400
2025-03-31,233.4051034157958,239.69332104124126,231.40651869928774,239.14736938476562,13603000
2025-04-01,236.53458470709884,239.52758990904476,234.8382370203243,237.5485076904297,8054700
2025-04-02,235.5401876257281,241.0484682086845,235.40369970489934,239.6543426513672,7758800
2025-04-03,228.3940232218039,229.24219704420537,221.59884419066404,222.9539794921875,17188500
2025-04-04,211.20251967446586,213.54692494518173,204.94422641328694,206.2684783935547,27170700
2025-04-07,201.84453550263905,217.81396118841425,198.303402775656,210.34913635253906,22914400
2025-04-08,219.25590423367711,223.49348363812953,209.18182124244132,212.73275756835938,19485700
2025-04-09,208.4461369100307,232.9495891897229,206.9747524141952,229.86949157714844,24022400
2025-04-10,225.6122868759835,225.95561590830835,215.9011552975308,222.7774200439453,18896400
2025-04-11,221.99268738474478,234.02861709200695,220.70768061687372,231.6940155029297,20284500
2025-04-14,232.57685007270544,235.20571653709092,229.1730460537919,230.24224853515625,13017800
2025-04-15,231.5959137609775,234.0972553015322,228.37848769241106,228.6825714111328,10912900
2025-04-16,227.57414175874206,229.1240019340848,223.58177786322105,225.229736328125,9322300
2025-04-17,226.39703780490407,229.86949873745436,226.15180704795938,227.534912109375,9557900
2025-04-21,226.23027991963676,227.38776189376563,222.02211180001825,224.62156677246094,8716200
2025-04-22,227.5545095207112,231.48802026386073,226.95614590207006,231.09564208984375,10701400
2025-04-23,235.63731625364926,242.08197236154456,235.4215120035636,236.28472900390625,14126800
2025-04-24,235.1664754342962,240.78715979495186,233.04767825191306,239.97299194335938,9055200
2025-04-25,239.98281495355522,240.93431149661754,237.13814413406232,238.90380859375,8588600
2025-04-28,239.89451126938215,242.13101437011173,236.24547674341366,238.580078125,7394300
2025-04-29,237.56973353773236,240.5713553936845,237.07927205884616,239.953369140625,7216800
2025-04-30,236.6084332300704,240.54192890236706,233.88145363718232,239.953369140625,12991700
2025-05-01,238.20735800557856,243.71033710273736,237.55014133575548,242.1800994873047,8689600
2025-05-02,246.4667172954741,248.78169626532693,244.70106780011497,247.69287109375,7165000
2025-05-05,246.388234299257,250.29231865313628,245.80949331599908,247.74191284179688,5450700
2025-05-06,245.2307330928332,247.83017287653877,244.24981016046186,244.4950408935547,6369900
2025-05-07,245.08361641763196,247.63400722536448,244.08307077124687,244.63238525390625,8724100
2025-05-08,246.77078915965458,250.99856460126213,246.7511665100619,248.63453674316406,8320100
2025-05-09,249.64490778917525,250.63563464782604,247.52611048052464,248.2519989013672,5087600
2025-05-12,257.8846409478204,258.57129899597703,253.7647824650602,255.08900451660156,9603900
2025-05-13,256.05034578816554,258.6399970419656,255.42257059461764,257.9925842285156,8589000
2025-05-14,257.9827669437803,261.5533412811179,257.28631994724986,260.5724182128906,8643100
2025-05-15,261.87698531695685,264.3783267139839,259.70915411050737,262.3870544433594,9214600
2025-05-16,262.3968965278898,263.33857420454694,259.66011303826815,262.45574951171875,8932900
2025-05-19,260.48410598167084,263.20128200998215,256.93316930268384,259.826904296875,12145000
2025-05-20,257.51191281628184,261.5729486833489,257.29610854408895,260.61163330078125,8436300
2025-05-21,259.30697200049985,260.5821597835497,255.75603592778836,256.06011962890625,7464000
2025-05-22,254.49067374288148,257.29609924459567,253.93154043030927,255.6972198486328,6514100
2025-05-23,251.9108411041023,256.9920152183282,251.11629584411466,255.73643493652344,6671800
2025-05-27,257.04106526626447,260.23885381510826,256.99200115618,260.22906494140625,7506600
2025-05-28,261.16091702282114,261.63177081627316,257.8846379571237,258.46337890625,5535400
2025-05-29,259.74841937820054,260.3467980228732,257.5217347653291,259.3266296386719,5081200
2025-05-30,258.4241883810186,260.26829856132497,257.7179225906518,258.96368408203125,10977700
2025-06-02,258.00235590026796,259.97402070361045,256.90372693326515,259.611083984375,6011200
2025-06-03,258.6988154428008,261.49442184863057,257.86502496413567,261.1903381347656,6998400
2025-06-04,260.8470856497254,262.02417541627636,259.1402590883603,259.17950439453125,5915700
2025-06-05,259.68954289634314,259.68954289634314,255.34406123341302,256.9527893066406,8173800
2025-06-06,259.2873285675225,261.563076806133,259.2186867176483,260.66064453125,7738100
2025-06-09,260.9255242470256,262.7892720045682,258.32608422186917,261.6513977050781,8285000
2025-06-10,260.80780989527875,263.7701865542935,260.77838340293533,263.4759216308594,7538100
2025-06-11,263.5543728329388,264.4764428071077,260.71952105435884,263.03448486328125,7434100
2025-06-12,261.76906334571646,263.17180580407035,260.08190474325323,263.12274169921875,6618000
2025-06-13,260.0230636958611,261.92605676944186,257.69828090375347,259.89556884765625,7098300
2025-06-16,261.90641444850957,266.5461905448813,261.75928200050436,265.2023010253906,8566000
2025-06-17,263.0541348281509,265.42795173106725,262.69116817138956,264.37835693359375,6739300
2025-06-18,264.849226160592,272.4219533800811,264.5745689012487,268.7336730957031,9586400
2025-06-20,270.3129479704052,272.00992553694005,268.5865139770169,269.7538146972656,13969700
2025-06-23,269.81264124435313,273.23605246885563,266.9189068142398,272.9613952636719,8094600
2025-06-24,274.8643916774201,277.31669887612225,274.1777636230179,275.8943786621094,9267900
2025-06-25,276.12980042711285,278.85676493196144,275.5510594998146,278.6409606933594,6826900
2025-06-26,279.26878993935657,283.88892888521605,279.04316687272353,283.24151611328125,8942100
2025-06-27,280.3575940845552,283.19247586135157,279.6022941678673,281.6327819824219,17868600
2025-06-30,284.8600677978569,287.0671448158187,283.4083207402523,284.3794250488281,12689200
2025-07-01,285.340726898368,285.57613885641626,281.12273972582574,284.869873046875,9338300
2025-07-02,286.46878021661104,287.23389900971387,284.17342383730266,286.4295349121094,8158700
2025-07-03,287.95726066275904,292.1462676228288,287.03074848169234,291.75201416015625,6541600
2025-07-07,291.0127726573706,291.7914435365602,285.91695574871414,287.77984619140625,8825700
2025-07-08,285.1185912184717,285.54244302383853,276.28718720828704,278.72174072265625,15440900
2025-07-09,283.05857981144027,283.0783120359289,278.42604907780265,279.0962829589844,11273800
2025-07-10,278.93861835925793,284.1724112302303,278.93861835925793,284.05413818359375,8410900
2025-07-11,281.4223984494675,283.2557206237078,279.5792402426265,282.7431640625,7384700
2025-07-14,282.9502113560098,285.1481889533,281.16618941470136,284.55682373046875,9079900
2025-07-15,283.866855384694,287.7601801900451,281.3830312287391,282.4376525878906,12526100
2025-07-16,284.2611002489253,286.5576787356624,278.9484690013939,281.7181396484375,9979800
2025-07-17,279.3722805662569,286.13381646736286,279.3722805662569,285.73956298828125,8509500
2025-07-18,285.365019447414,288.3022635940587,284.09355419862834,287.08990478515625,12217000
2025-07-21,286.82378823022276,289.9581440577552,286.409802517335,286.7942199707031,7898100
2025-07-22,287.3165917383993,289.41602825063205,285.02987956960806,287.2475891113281,6717500
2025-07-23,288.6373728619252,292.72780910920665,288.3515263055785,292.5011291503906,7083500
2025-07-24,293.15163750090335,295.29047824712586,291.9491449333037,292.2940979003906,7001200
2025-07-25,292.4419829511327,294.6103920554469,291.71258245493334,294.33441162109375,5918500
2025-07-28,293.3882007039174,295.13278810430046,292.5602593912129,293.9992980957031,5840400
2025-07-29,295.69464217411235,296.9661375577531,291.94918873841937,292.7771301269531,7635700
2025-07-30,293.1516503269176,296.29584201458954,293.1122159565272,295.3299255371094,8061700
2025-07-31,294.8469611494763,296.66055111466636,291.2591855090535,291.9885559082031,14749700
2025-08-01,286.23241068269874,287.61231301174155,280.1608103552954,285.2171936035156,12007100
2025-08-04,286.0943926240756,290.0961238185278,286.0943926240756,290.0369873046875,6649500
2025-08-05,290.4608068242693,291.54502636918687,283.11771225513746,287.1884460449219,7182300
2025-08-06,288.1051104485434,289.08092314098127,285.99583781724914,287.16876220703125,6330200
2025-08-07,288.7359444448802,289.2484709612734,282.29965937267906,282.8220520019531,8057100
2025-08-08,284.8327802026082,287.0504898402696,280.62404088373916,284.6159362792969,6634100
2025-08-11,285.2467115527221,287.1391701841974,284.6356142061902,285.4044189453125,5510100
2025-08-12,287.31661546362176,290.5199739550687,286.1732592848133,288.6472473144531,8570900
2025-08-13,289.7314666813669,290.32283187703916,283.0389031406188,286.36053466796875,8420400
2025-08-14,286.40977645449954,289.9778498963191,285.48329438065525,289.93841552734375,6322400
2025-08-15,290.6086841881212,291.25921599583813,285.66073811560074,286.32110595703125,7340500
2025-08-18,285.83814995621725,287.7108766469041,284.27097198497654,287.34619140625,5386900
2025-08-19,286.6562214265169,288.2825659770611,285.37489004447787,286.4886779785156,6031500
2025-08-20,286.63651945321493,289.12034355143464,283.1473143479242,288.0459899902344,7374200
2025-08-21,287.7503044651617,288.5683797096441,285.31575079885044,287.28704833984375,6624000
2025-08-22,288.9922055724686,292.8953659306035,285.96625689985,291.9885559082031,8552800
2025-08-25,291.9885819039242,293.08266767966575,289.9187435512912,290.6678161621094,5856300
2025-08-26,289.9384416271958,294.45269969390944,289.28790983878844,294.28515625,6714700
2025-08-27,292.98408908730437,296.74927450763425,292.77711127340297,294.9849548339844,6056500
2025-08-28,295.71434878470495,296.91684155087967,294.41331520000983,296.7492980957031,6410500
2025-08-29,297.70533564994906,298.60227955806266,295.4284896061262,297.09423828125,6796400
2025-09-02,295.9508866438156,296.14799833495414,290.273540537871,295.39892578125,7221900
2025-09-03,296.25645520177414,296.25645520177414,292.1265844883639,295.211669921875,6316900
2025-09-04,295.694622931837,300.0610396446901,293.99930589050996,299.4598083496094,6605800
2025-09-05,299.2922261938372,300.7706992658433,290.08627080836624,290.1552734375,9837700
2025-09-08,290.6579550877705,292.20540066234315,287.2574550934962,288.70635986328125,8188500
2025-09-09,288.4008143193263,294.7089599546063,288.11496777534006,293.5754699707031,7848200
2025-09-10,292.44198029068025,297.2125163723058,291.1606189374317,296.22686767578125,7787300
2025-09-11,296.91682530734334,301.3424087307021,296.4733014094209,301.1748352050781,7942500
2025-09-12,300.622869917122,303.13626220753474,299.3415385689925,302.5054626464844,6846700
2025-09-15,302.7617353660041,305.5018376479389,302.7617353660041,304.4668884277344,7122000
2025-09-16,305.55111968192784,306.43819756185593,302.72231251567524,304.75274658203125,10525600
2025-09-17,305.9355331009736,308.4193571478893,304.3387568426567,307.2760009765625,8657800
2025-09-18,307.3154351086428,308.94174954569326,305.16669795269365,308.7347717285156,8050700
2025-09-19,309.09945390156855,311.2678631029987,304.68373667454165,310.26251220703125,23568600
2025-09-22,305.35395817376326,309.198012204534,305.11741210895696,307.9560852050781,7520200
2025-09-23,307.34499004479613,311.77054315707727,306.12276518201463,308.25177001953125,8584400
2025-09-24,309.54299157852137,312.036681822986,307.1971727167786,308.92205810546875,7310500
2025-09-25,309.6119974927529,311.1200389596543,307.3252850484171,308.9516296386719,7083200
2025-09-26,310.3807832525034,313.24902470509,309.1980228082985,311.5241394042969,7258100
2025-09-29,312.50978831201064,313.4461666504931,309.158588598915,311.1594543457031,6462400
2025-09-30,311.71140689202116,312.85476301381095,305.65950932869447,310.9031677246094,11823300
2025-10-01,309.46410924883065,310.0752066018678,302.9982564818407,306.2508850097656,9235200
2025-10-02,305.5511124553201,306.10307334887034,301.74652271909054,303.1362609863281,7600000
2025-10-03,304.08248279942853,307.18727011434805,303.78677014872494,305.5806579589844,6029900
2025-10-06,307.2148975143275,308.7698967102646,302.2131839322167,306.2244567871094,7214500
2025-10-07,306.39282285956295,307.04651731937065,301.7872798561248,304.7486877441406,8454200
2025-10-08,305.2637226562496,305.8282811149513,300.6482653222047,301.1236877441406,6489900
2025-10-09,302.13392206728275,305.09536030036105,300.4898171115272,302.6093444824219,7060300
2025-10-10,302.73812442433035,307.50214203189404,297.93448072337696,298.01373291015625,8597400
2025-10-13,302.6786918104351,306.5017785031187,302.53013174675476,305.0260314941406,10788700
2025-10-14,302.91638858642943,304.0653034578676,291.39755808509767,299.19232177734375,16178800
2025-10-15,303.4611428511513,309.13634876005415,302.520212088773,302.767822265625,11354800
2025-10-16,302.43105556912377,305.72920960204,294.2302082762473,295.6861572265625,10549400
2025-10-17,296.30025689141456,296.68651306450823,291.3876792596173,294.7155456542969,10153500
2025-10-20,295.6465484229892,300.78693806489423,295.3098022126917,299.4696350097656,6894900
2025-10-21,298.7763518720256,301.14348948053015,294.16089447968653,294.2500305175781,7372700
2025-10-22,294.9235089294393,295.21074518844307,287.76264219334536,291.2984924316406,8054100
2025-10-23,291.5659521228084,293.53691953831486,289.7138327608809,291.72442626953125,5438800
2025-10-24,293.24968626033206,299.7073793455201,292.6257339726554,297.5680236816406,7228300
2025-10-27,299.27155593587753,301.6188954834183,298.13255521259686,301.2425231933594,5642200
2025-10-28,301.9457281513223,305.0260143525006,300.26199714781296,302.4409484863281,6336000
2025-10-29,300.60865723546095,305.30333633604477,300.1134369007715,302.58953857421875,7520300
2025-10-30,302.8668918595425,309.6216749468322,302.1834853094115,306.48199462890625,7514600
2025-10-31,305.5905808443981,309.8791757592273,304.3129038831637,308.1459045410156,7721300
2025-11-03,308.02707397940236,309.3344630267029,303.28285431242927,306.3928527832031,7770000
2025-11-04,303.7780648320401,309.23540287266394,302.1834697809128,306.2937927246094,7085200
2025-11-05,306.6503419445097,310.107000668758,302.70840715746203,308.7005615234375,6865200
2025-11-06,308.01715622418413,311.83035912038315,307.2941538281452,310.4239501953125,7206100
2025-11-07,308.90856044061366,311.4242580235003,304.6991875199946,311.20635986328125,7302300
2025-11-10,311.9888009767473,316.505207868057,311.20634440947254,313.8607482910156,5794100
2025-11-11,314.4649080237581,316.00007894896714,312.2661285601958,312.6028747558594,5030200
2025-11-12,313.23678409164455,319.16951418656384,313.1872439213492,317.34710693359375,10578300
2025-11-13,316.17840351377913,317.565014483568,306.1452341336872,306.5216064453125,8973300
2025-11-14,304.5704148461381,304.6991769671513,298.35044875494805,300.7076721191406,10327000
2025-11-17,301.0939616708072,302.66875869849656,294.8244855709175,297.4986572265625,8344000
2025-11-18,296.6369875977812,300.05402007948175,294.1806837974681,296.5478515625,8077300
2025-11-19,296.8746866890342,301.5396841634701,296.409178349521,300.3709411621094,5546600
2025-11-20,303.411609711364,306.95740445253,295.3098117912242,295.5277099609375,7501600
2025-11-21,298.40990318772816,298.79615936428223,290.01095471385685,295.171142578125,11766800
2025-11-24,295.3890327721484,296.9539460474125,291.69470820468445,295.1513366699219,10940200
2025-11-25,297.18170363006027,301.5891765934406,292.7346348034667,300.103515625,8877200
2025-11-26,302.0844103036798,305.5806647286523,300.30162915288383,304.6991882324219,7910900
2025-11-28,306.1452235979446,310.7210547537004,305.2934288863403,310.087158203125,4322400
2025-12-01,309.95842421118846,311.038000929866,305.5905771667579,305.9669494628906,7727300
2025-12-02,305.7886541478843,307.5120415313108,304.1544330268201,304.9368896484375,7249000
2025-12-03,304.26340519365976,309.37405277594195,303.86720471987456,309.1462707519531,8535300
2025-12-04,310.26549041680175,315.4454763850748,310.0079661400671,313.0783386230469,9627800
2025-12-05,312.62274341566774,315.4355916137351,311.6718985008828,312.0284729003906,6518900
2025-12-08,312.0482477999388,313.44477282870224,310.3546026483966,312.1968078613281,7417200
2025-12-09,311.939326475107,315.7524991840304,297.15202309779255,297.6373596191406,18049200
2025-12-10,297.62741810314117,308.2152311685389,295.60691069504315,307.1455383300781,18874100
2025-12-11,306.2838676543348,314.96013772429524,306.2838676543348,314.3460693359375,9721900
2025-12-12,316.6241041512468,317.2084605896136,313.5735598207153,315.4751892089844,8982900
2025-12-15,316.5349331916296,319.79349149101296,315.3464225115248,316.9608154296875,10864100
2025-12-16,316.0397380851819,316.4656203572433,311.39456850853577,312.5335693359375,8331300
2025-12-17,315.3860269605939,316.3170436429019,311.65207637787455,311.9690246582031,8718700
2025-12-18,312.979256626897,314.66301788263524,309.2353920446346,310.0079345703125,11444900
2025-12-19,310.79038320864026,315.51477427620307,310.1961127673861,314.17767333984375,24494400
2025-12-22,314.4748493262905,320.1401715734682,314.4748493262905,320.0014953613281,8354600
2025-12-23,320.51650136966475,324.6466524002949,320.00148308544306,322.8143310546875,6668300
2025-12-24,323.1213622604756,326.8355148620812,322.3884458193645,326.02337646484375,4289300
2025-12-26,325.9639318748006,327.6972031402456,323.4185221880518,324.7754211425781,4158300
2025-12-29,323.8741142125664,324.63674268276935,320.43728371815735,320.6551818847656,8635300
2025-12-30,321.70506610211044,321.83382823915406,319.4072362471025,320.328369140625,7904300
