title,date,stock
Will COVID-19 Accelerate The Adoption Of Autonomous Vehicles?,2020-04-27,AMZN
Amazon Statement Shows Co. Extends Closure Of French Warehouses Til May 5,2020-04-27,AMZN
3 Sector ETFs For This Week's Earnings Parade,2020-04-27,AMZN
"'Fast Money' Traders Share Their Thoughts On Alibaba, Peloton And More",2020-04-27,AMZN
"SunTrust Robinson Humphrey Maintains Buy on Amazon.com, Raises Price Target to $2770",2020-04-27,AMZN
"Apple And Amazon Earnings, Fed Meeting Among Highlights In Busy Week Ahead",2020-04-27,AMZN
UPDATE: Feinseth Tells Benzinga 'There are also concerns that the results may not be strong enough and could be risk to guidance that could cause a selloff when the company reports its results after the close on Thursday',2020-04-28,AMZN
New York AG Raises Concerns about Amazon's Pandemic Safety Practices,2020-04-28,AMZN
Senator Josh Hawley Is Requesting the DOJ Open a Criminal Antitrust Investigation Into Amazon,2020-04-28,AMZN
Seeing Reports Of Sheeting Investigation Outside Amazon Fulfillment Center,2020-04-28,AMZN
"Amazon May Have Violated Labor And Whistleblower Laws, New York Preliminary Investigation Says",2020-04-28,AMZN
Amazon Introduces One-Year Free Subscription For Its Food Network Kitchen App,2020-04-28,AMZN
"Earnings Feast: Bring a Plate With Healthcare and Caterpillar in Morning, GOOGL And AMD Later",2020-04-28,AMZN
Blue Chip Stocks Resisting COVID-19,2020-04-28,AMZN
Tigress Financial Analyst Ivan Feinseth On Amazon Weakness Notes 'The stock has had an incredible run making new all-time highs in a difficult market' as Co. 'has benefited from being the place to go to during the shelter in place lockdown',2020-04-28,AMZN
"UPDATE: Feinseth Also Notes Anticompetition Concerns With Allegations Of Co. Potentially Using Sales Data To Create Preferred Pricing, Mentions News Of Judiciary Committee Calling For Investigation Into Co.",2020-04-28,AMZN
"Amazon shares are trading lower. Weakness potentially related to selloff following recent momentum, reopening of physical stores in some US states and potential US anti-competition investigation into co.",2020-04-28,AMZN
"Amazon, Walmart Shares Unaffected Following Earlier Article From The Intercept 'As Amazon, Walmart, Others Profit Amid Coronavirus Crisis, Their Essential Workers Plan Unprecedented Strike'",2020-04-28,AMZN
Oscar Organizers To Allow Films Released On Streaming Platforms To Be Eligible For 2021 Academic Awards,2020-04-28,AMZN
A Coronavirus Department Store Pair Trade Idea To Mitigate Risk,2020-04-28,AMZN
UPS Faces Mix/Margin Challenges As COVID-19 Skews Shipping Choices,2020-04-28,AMZN
Twitch's New Esports Directory Will Highlight Live Tournaments,2020-04-29,AMZN
"Alphabet, Boeing Shares Get A Lift Following Earnings, While GE Falls Short",2020-04-29,AMZN
Ford Terminates Electric Vehicle Program With Rivian,2020-04-29,AMZN
"US Places 5 Amazon Foreign Web Sites On List Of Platforms Blamed For Facilitating Piracy, Action Being Sought By US Apparel, Footwear Trade Group",2020-04-29,AMZN
"Locked Down, Demand Up: Amazon Shines As Virus Economy Plays To Its Strengths",2020-04-29,AMZN
PreMarket Prep Stock Of The Day: Blue Apron,2020-04-29,AMZN
Today Pickup: Canadian Freight Recovers Off Lows,2020-04-29,AMZN
Amazon Responds To 'Wrongful Inclusion' On Notorious Markets List,2020-04-29,AMZN
"Overwatch Champion Sinatraa Retires From League, Joins Sentinels VALORANT Roster",2020-04-29,AMZN
"Netflix Working On 'Social Distance,' A New Show From The Maker Of 'Orange Is The New Black'",2020-04-29,AMZN
Zoom Uses Oracle's Cloud Computing Services To Handle Demand Surge During Pandemic,2020-04-29,AMZN
Poland Plans to Introduce a 1.5% Surcharge on the Revenue of Video-on-demand Platforms Such as Netflix,2020-04-29,AMZN
Three High-Quality Companies To Bet On In A Post-Coronavirus World,2020-04-29,AMZN
Amazon Bought Cameras to Take Temperatures of Workers from U.S. Blacklisted  China's Zhejiang Dahua Technology Co,2020-04-29,AMZN
AT&T Is Hoping HBO Max Will Turn The Tide,2020-04-29,AMZN
"Amazon, NFL Report Renewal Of Exclusive Multi-Year Partnership To Delivery Live Digital Stream Of Thursday Night Football, Will Stream 11 Thursday Night Football Games By FOX",2020-04-29,AMZN
FaZe Clan's Ewok Partners With HyperX As Brand Ambassador,2020-04-30,AMZN
"Amazon shares are trading higher, potentially in anticipation of the company's Q1 earnings report after the close today. The coronavirus outbreak has been seen as a potential positive catalyst for online retailers due to physical store closings globally.",2020-04-30,AMZN
"Apple And Amazon Up To Bat this Afternoon As Investors Ponder Microsoft, Facebook Results",2020-04-30,AMZN
'Jeff Bezos and Elon Musk win contracts for spacecraft to land NASA astronauts on the moon',2020-04-30,AMZN
"Blue Origin, SpaceX Land NASA Deal",2020-04-30,AMZN
"Express Shares Rebound From Session Low, Spike ~25% Following Circulation Of TheDeal.com Chatter Amazon Could Be Interested In Co.",2020-04-30,AMZN
A Peek Into The Markets: US Stock Futures Edge Higher Ahead Of Apple Earnings,2020-04-30,AMZN
3 ETFs To Buy For Amazon's Earnings,2020-04-30,AMZN
"Citigroup Maintains Buy on Amazon.com, Raises Price Target to $2700",2020-04-30,AMZN
"From Amazon Earnings Conference Call: Large Portion Of $4B Will Be Spent On Impact To Productivity Of Social Distancing Practices In Warehouses, Increased Wages, Overtime For Workers",2020-04-30,AMZN
From Amazon Earnings Conference Call: Saw Big Increase In Grocery Sales In Mar.,2020-04-30,AMZN
12 Stocks Moving In Thursday's After-Hours Session,2020-04-30,AMZN
"Fortnite World Cup 2020 Canceled, Hopes For Return Next Year",2020-04-30,AMZN
"Amazon Says Has Seen Lower Demand For Discretionary Products Such As Apparel, Shoes And Wireless Products",2020-04-30,AMZN
Amazon Says Increased Grocery Delivery Capacity By More Than 60%,2020-04-30,AMZN
"Amazon Says Seeing More Use Of Prime Video Benefits, Says Video Rentals Have Been Up",2020-04-30,AMZN
"Amazon Reports Mixed Q1 Earnings, Plans To Spend $4B On Coronavirus-Related Expenses",2020-04-30,AMZN
3 Analyst Takes On eBay After 'Big Improvement' In Q1,2020-04-30,AMZN
"Amazon.com Q1 EPS $5.010 Misses $6.250 Estimate, Sales $75.500B Beat $73.610B Estimate",2020-04-30,AMZN
Amazon Sees Q2 Sales $75B-$81B,2020-04-30,AMZN
Amazon shares are trading lower after the company reported worse-than-expected Q1 EPS results.,2020-04-30,AMZN
"After Hours Stocks We're Watching: AMZN, WDC, AMGN, GILD, V, SKY, LOCO",2020-04-30,AMZN
"'If you're a shareowner of Amazon, you may want to take a seat,"" Jeff Bezos says in earnings release. We expect to spend $4 billion on COVID-related expenses.""' -Tweet From Bloomberg's Jon Erlichman",2020-04-30,AMZN
From Amazon Earnings Conference Call: Sees Investing $1B In Coronavirus-Testing Capability In 2020,2020-04-30,AMZN
"Earnings Scheduled For April 30, 2020",2020-04-30,AMZN
"10 Stocks To Watch For April 30, 2020",2020-04-30,AMZN
"Mizuho Maintains Buy on Amazon.com, Raises Price Target to $2550",2020-05-01,AMZN
"Pivotal Research Maintains Buy on Amazon.com, Raises Price Target to $2700",2020-05-01,AMZN
32 Stocks Moving in Friday's Pre-Market Session,2020-05-01,AMZN
Amazon shares are trading lower after the company reported worse-than-expected Q1 EPS results. The company also expects to spend $4 billion on COVID-related expenses.,2020-05-01,AMZN
"Morgan Stanley Maintains Overweight on Amazon.com, Raises Price Target to $2600",2020-05-01,AMZN
"Raymond James Maintains Outperform on Amazon.com, Raises Price Target to $2525",2020-05-01,AMZN
"Susquehanna Maintains Positive on Amazon.com, Raises Price Target to $3000",2020-05-01,AMZN
"Cramer Weighs In On Cracker Barrel, UPS And More",2020-05-01,AMZN
"Credit Suisse Maintains Outperform on Amazon.com, Lowers Price Target to $2760",2020-05-01,AMZN
"Apple Has 'Better Days Ahead,' Analysts Say After Q1 Earnings Beat",2020-05-01,AMZN
"8 Stocks To Watch For May 1, 2020",2020-05-01,AMZN
A Peek Into The Markets: US Stock Futures Point To A Lower Open,2020-05-01,AMZN
"KeyBanc Maintains Overweight on Amazon.com, Raises Price Target to $2700",2020-05-01,AMZN
"RBC Capital Maintains Outperform on Amazon.com, Raises Price Target to $2700",2020-05-01,AMZN
"UPDATE: Raymond James Maintains Outperform On Amazon, Raises Target To $2,525 As Firm Cites 4 Reasons:",2020-05-01,AMZN
"Canaccord Genuity Maintains Buy on Amazon.com, Raises Price Target to $2750",2020-05-01,AMZN
"Guggenheim Maintains Buy on Amazon.com, Raises Price Target to $2700",2020-05-01,AMZN
"UPDATE: Morgan Stanley On Amazon Notes 'Moreover, efficiency/scale gains are driving EBIT too, which AMZN is wisely investing in safety, a next competitive edge. PT to $2,600, Bull case $3,200. Remains top pick'",2020-05-01,AMZN
"Disappointment From Amazon, Apple Weighs On Market As Investors Also Consider Energy Earnings",2020-05-01,AMZN
Mid-Morning Market Update: Markets Open Lower; Amazon Posts Mixed Q1 Results,2020-05-01,AMZN
"UPDATE: Morgan Stanley Maintains Overweight On Amazon, Raises Target To $2,600 Notes 'Accelerating growth and consumer demand still outpacing AMZN's network capacity speak to the structural share gains afoot'",2020-05-01,AMZN
"Benchmark Maintains Buy on Amazon.com, Raises Price Target to $2650",2020-05-01,AMZN
"BMO Capital Maintains Outperform on Amazon.com, Raises Price Target to $2850",2020-05-01,AMZN
"UPDATE: Judiciary Panel Says Will Investigate Related To Amazon 'Possibly Criminally False, Perjurious' Statements By Co. About Business Practices",2020-05-01,AMZN
UPDATE: House Judiciary Panel Wants To Know About Amazon's Private-Label Practices,2020-05-01,AMZN
Amazon Shares Largely Unaffected As House Judiciary Committee Has Called On Jeff Bezos To Testify After Co. Reportedly Mislead Congress,2020-05-01,AMZN
"JMP Securities Maintains Market Outperform on Amazon.com, Raises Price Target to $2850",2020-05-01,AMZN
"UBS Maintains Buy on Amazon.com, Raises Price Target to $3000",2020-05-01,AMZN
"B of A Securities Reiterates Buy on Amazon.com, Raises Price Target to $2600",2020-05-01,AMZN
10 Biggest Price Target Changes For Friday,2020-05-01,AMZN
"MKM Partners Maintains Buy on Amazon.com, Raises Price Target to $2525",2020-05-01,AMZN
US Billionaires Add $406B To Collective Wealth While More Than 30M People Lose Jobs During Pandemic,2020-05-01,AMZN
Amazon Analysts React To Q1 Earnings: Stock Sell-Off Is Short-Sighted,2020-05-01,AMZN
"Benzinga's Bulls And Bears Of The Week: Ford, Gilead, Microsoft, Intel And More",2020-05-01,AMZN
How Amazon Web Services Stacked Up Against Microsoft's Azure,2020-05-01,AMZN
"Warren Buffett Says There's No Bubble In FANG Stocks, But He's Still Not Buying",2020-05-01,AMZN
"Amazon, Exxon Mobil Earnings Weigh On Market To Start New Month As Caution Steers The Wheel",2020-05-01,AMZN
Mid-Afternoon Market Update: Dow Tumbles Over 600 Points; International Money Express Shares Climb,2020-05-01,AMZN
"Today's Pickup: Amazon, Walmart, Instacart Workers To Hold May Day Walkout",2020-05-01,AMZN
"SunTrust Robinson Humphrey Maintains Buy on Amazon.com, Lowers Price Target to $2700",2020-05-01,AMZN
58 Stocks Moving In Friday's Mid-Day Session,2020-05-01,AMZN
Mid-Day Market Update: Hub Group Slides On Downbeat Q1 Results; Medigus Share Jump,2020-05-01,AMZN
98 Biggest Movers From Friday,2020-05-04,AMZN
"4 Sector ETFs For May: 2 To Buy, 2 To Avoid",2020-05-04,AMZN
"GM, Disney In Focus Along With Friday's Payrolls Data As Stocks Appear Shaky To Start New Week",2020-05-04,AMZN
Amazon Plans To Extend Closure Of French Warehouses Until May 8,2020-05-04,AMZN
YouTube Signs Gamer PewDiePie to Live Streaming Deal,2020-05-04,AMZN
PreMarket Prep Stock Of The Day: Chegg Inc.,2020-05-05,AMZN
"U.S. Immigration And Customs Working With 3M, Amazon, Pfizer & Others To Curtail Imports Of Counterfeit Masks, Coronavirus Tests, Other Gear",2020-05-05,AMZN
"Retail Sector Preview: Pandemic Pits E-Commerce Giant Amazon Against Big Box Stores, Mall Outlets",2020-05-05,AMZN
"Disney, Beyond Meat And Video Game Makers All Set To Report As Firm Tone Continues",2020-05-05,AMZN
YouTube Signs Gamer PewDiePie To Exclusive Streaming Deal,2020-05-05,AMZN
"Today's Pickup: Idelic Integrates Samsara ELD, Camera Data Into Platform",2020-05-05,AMZN
"Charles Schwab Launches Fractional Shares, The Ability To Gift Stock",2020-05-05,AMZN
'An Amazon warehouse worker in New York has died of COVID-19' -The Verge,2020-05-05,AMZN
"A Low-Cost, FAAMNG-Heavy ETF For May",2020-05-06,AMZN
"Webull Leverages Crisis To Spur Innovation, Financial Wellness",2020-05-06,AMZN
"Coronavirus Drives Surge In Online Grocery Penetration For Players Like Amazon Prime Now, Walmart",2020-05-06,AMZN
"eBay Reported An Amazing Quarter, But Is It Enough?",2020-05-06,AMZN
Amazon Emerges As The Winner Of The COVID-19 Outbreak,2020-05-06,AMZN
A Recap Of Social Media Earnings,2020-05-06,AMZN
"GM, Disney, Beyond Meat Results In Focus, With GM And BYND Getting Early Lift",2020-05-06,AMZN
"Amid COVID Outbreak, Freighter Demand Boosts ATSG In Q1",2020-05-06,AMZN
"Stifel Downgrades Wayfair After Q1 Print, Says Coronavirus Sales Surge Will Dissipate",2020-05-06,AMZN
Amazon's Brokerage Operation Goes National,2020-05-06,AMZN
Amazon Weighs Direct Investment in India's Future Retail,2020-05-07,AMZN
'Cramer: Coronavirus could propel plant-based Beyond Meat into a giant like Amazon or Facebook' -CNBC Article,2020-05-07,AMZN
Amazon Says Planning To Prolong Closure Of French Warehouses Until May 13,2020-05-07,AMZN
Former XPO Executive Tapped To Head US Postal Service,2020-05-07,AMZN
"Barron's Picks And Pans: Boyd Gaming, Domino's Pizza, Exxon And More",2020-05-08,AMZN
"Along With Dramatic Jobs Data, Investors Scrutinize Recent Earnings From Uber, Square",2020-05-08,AMZN
"Vista Equity Invests $1.5B In India's Jio Platforms, Joining Facebook, Silver Lake As Stakeholders",2020-05-08,AMZN
"Daily Mail, Citing Sources, Reports Amazon Is 'Circling' AMC Theaters, Says 'The duo are said to have held talks about a potential takeover of AMC by Amazon'",2020-05-11,AMZN
Former Google CEO Eric Schmidt Cut Last Ties With The Company: Report,2020-05-11,AMZN
"Amazon Worker Claims At Least 600 Employees Struck By COVID-19, Six Dead",2020-05-11,AMZN
"'Amazon needs movies more than a multiplex' -BNN Bloomberg; Mentions 'Lions Gate Entertainment Corp., ViacomCBS Inc.'s Paramount Pictures, Sony Pictures and Metro-Goldwyn-Mayer Inc. are all options and may be willing sellers'",2020-05-11,AMZN
PreMarket Prep Stock Of The Day: AMC Entertainment,2020-05-11,AMZN
Amazon Might Be Looking To Buy Struggling AMC Theaters: Report,2020-05-11,AMZN
"AMC Shares Fall To Session Low, Still Up 30% For Session; Traders Circulate Deadline Article Suggesting Co. Sources Say No Talks With Amazon Happening",2020-05-11,AMZN
AMC Shares Largely Unaffected As Traders Circulate Word CNBC's David Faber Questioned Amazon Rumor,2020-05-11,AMZN
"Shares Of AMC Up 71% Pre-Market After Traders Circulate Daily Mail Report That Amazon Is In Talks With Odeon Cinemas, Which AMC Owns",2020-05-11,AMZN
"Benzinga Pro's Top 5 Stocks To Watch For Mon., May 11, 2020: SNE, CNK, MRNA, WORK, KMX",2020-05-11,AMZN
"'A Movie Studio Could Buy AMC, Even if Amazon Isn't Interested' -Barron's Article",2020-05-11,AMZN
3 Soaring Cloud Computing ETFs,2020-05-11,AMZN
AMC's Stock Still In The Spotlight As Wall Street Digests Amazon Rumor,2020-05-12,AMZN
"Caution Ahead: Biggest Blue-Chips Seek Change, Innovation Post-COVID-19",2020-05-12,AMZN
Here's What Kara Swisher And Chamath Palihapitiya Think About Elon Musk's Threats To Leave California,2020-05-12,AMZN
PreMarket Prep Stock Of The Day: Simon Property Group,2020-05-12,AMZN
Amazon Releases AI-Based Enterprise Search Solution Kendra,2020-05-12,AMZN
"With This NASDAQ-100 Soaring, Don't Forget This ETF",2020-05-12,AMZN
Not Just Fun And Games: How Esports Could Offer Potential Investment Opportunities,2020-05-12,AMZN
Amazon Air Picks San Bernardino Airport For Western Hub,2020-05-12,AMZN
"Amazon Shares Unaffected Amid Report Coalition Of 13 US Attorney Generals Have Asked Co. To Provide Data About Infections, Deaths Among Its Workers, Evidence Co Is In Compliance With State Paid Sick Leave Laws",2020-05-12,AMZN
"Investor 'Bill Miller doesn't see market as 'dramatically overvalued,' says Amazon could double in 3 years' -Tweet From CNBC",2020-05-13,AMZN
"Retail Pro Says Giants Like Amazon, Walmart Will Prevail After Coronavirus: 'It's Not Fair'",2020-05-13,AMZN
Amazon Extended Increased Hourly Pay Through May 30,2020-05-13,AMZN
Amazon Says One-Day Deliveries Of Non-Essential Goods To Restart In Coming Weeks,2020-05-13,AMZN
"Amazon To Extend Double Overtime Pay In US, Canada",2020-05-13,AMZN
What To Know About The Conflicting AMC Entertainment-AMC Networks Rumors,2020-05-13,AMZN
Financial Stocks Could Be In Focus Today After Powell Speech; Cisco Reports This Afternoon,2020-05-13,AMZN
3 ETFs To Order Out With If Uber Buys GrubHub,2020-05-13,AMZN
Amazon to Extend France Warehouse Closures to May 18,2020-05-13,AMZN
Today's Pickup: COVID-19 Gives Smaller e-Commerce Firms A Chance Against Amazon,2020-05-14,AMZN
Hearing KeyBanc Saying Amazon Launched Common Threads Vogue Thurs. Morning,2020-05-14,AMZN
P/E Ratio Insights for Amazon.com,2020-05-14,AMZN
Commentary: Trade Flow And The Warning Flares It Signals,2020-05-14,AMZN
Amazon Calls For Federal Law Against Price Gouging During National Crises,2020-05-14,AMZN
Amazon To Manufacture Face Shields And Sell Them At Cost,2020-05-15,AMZN
Amazon Said to be Looking at Additional Fairway Locations,2020-05-15,AMZN
A Peek Into The Markets: US Stock Futures Up Ahead Of Economic Reports,2020-05-15,AMZN
"Mark Cuban On Consumer Demand, Small Businesses Dilemma And Market Uncertainty",2020-05-15,AMZN
3 ETFs With Big-Time Shopify Exposure,2020-05-15,AMZN
Quick Retreat: Impressive Thursday Turnaround Halted in Its Tracks Amid Fresh Trade Tiff,2020-05-15,AMZN
"Here's How Much Investing $1,000 In Amazon's IPO Would Be Worth Today",2020-05-15,AMZN
USPS on horns of dilemma as it weighs parcel rate hikes,2020-05-15,AMZN
"Hedge Fund Duquesne 13F Shows Increased Stakes In Facebook, Alibaba, Netflix, Amazon, Google, Alnylman",2020-05-15,AMZN
How Supply Chain Partners Can Help Drive The Triple Bottom Line,2020-05-15,AMZN
13F From Appaloosa Shows Cut Stake In Amazon From 291.5K To 250K Shares,2020-05-15,AMZN
13F For Buffett's Berkshire Shows Cut Stake In Amazon From 537.3K To ~533.3K Shares,2020-05-15,AMZN
"Seth 'Scump' Abner Slams 'Call Of Duty: Modern Warfare,' Claims 'Warzone' Saved It",2020-05-15,AMZN
"Q1 13F Roundup: How Buffett, Einhorn, Ackman And Others Adjusted Their Portfolios",2020-05-15,AMZN
"Barron's Picks And Pans: Cisco, Gilead, Netflix, Wayfair And More",2020-05-15,AMZN
"Walmart, Target And Home Depot Among Major Retailers Set To Report Earnings In Days Ahead",2020-05-18,AMZN
Does Amazon's Jeff Bezos Smoke Weed?,2020-05-18,AMZN
Walmart Earnings Ahead: Sales Figures May Offer Outlook For Spending During Coronavirus Lockdown,2020-05-18,AMZN
Morning Market Stats in 5 Minutes,2020-05-18,AMZN
"Already Soaring, This Online Retail ETF Has E-Commerce Trends In Its Favor",2020-05-18,AMZN
"General Atlantic To Invest $871M In India's Jio Platform, Joining Facebook, Vista, Silver Lake As Stakeholders",2020-05-18,AMZN
Amazon Warehouse Workers In Seattle Area Can Now Have Access To Company's Virtual Medical Clinic,2020-05-19,AMZN
'Hear Amazon in Talks With Penney's' -Yesterday WWD Report,2020-05-19,AMZN
Women's Wear Daily On Monday Published Article 'Hear Amazon in Talks With Penney's',2020-05-19,AMZN
"Walmart Earnings Look Strong Across the Board, But Home Depot Down After Missing on EPS",2020-05-19,AMZN
"Amazon Announces New Fulfillment Center In Wilmington, Delaware",2020-05-19,AMZN
Opinion: Is Amazon Really A Winner Of The Pandemic?,2020-05-19,AMZN
Facebook's New Shopping Feature Lifts Stock To All-Time Highs,2020-05-20,AMZN
"A Challenge To Amazon, As Microsoft And FedEx Enter Multiyear Collaboration",2020-05-20,AMZN
'Crucible' Is Out: Here's Everything You Need To Know About Amazon's First Video Game,2020-05-20,AMZN
"Amazon Issues Press Release Highlighting 'Crucible,' Its Free-To-Play Shooter Game",2020-05-20,AMZN
"'Amazon launches its first big-budget game, a shooter called Crucible' -Tweet From CNBC",2020-05-20,AMZN
Stocks That Hit 52-Week Highs On Wednesday,2020-05-20,AMZN
Facebook Plans To Resume Work In Office In July At 25% Capacity And Safety Measures In Place,2020-05-20,AMZN
Alibaba Invests $1.4B In AI And Internet of Things Systems For Its Smart Speakers,2020-05-20,AMZN
McDonald's Faces Class Action Over Lack Of Worker Protection Against Coronavirus,2020-05-20,AMZN
COVID-19 Has Dimmed The Magic Of e-Commerce,2020-05-21,AMZN
"Here's How Much Investing $1,000 In The 2015 Shopify IPO Would Be Worth Today",2020-05-21,AMZN
Making Sense Of Walmart's Decision To Close Jet.com: 'Mission Accomplished',2020-05-21,AMZN
"New Investors Pile In, Fuel Record Rise In Account Openings, Trading Volumes",2020-05-21,AMZN
3 Ways Small Businesses Can Get Emergency Help Right Now,2020-05-21,AMZN
Stocks That Hit 52-Week Highs On Thursday,2020-05-21,AMZN
Target And Walmart Prove There's Still Some Life In Retail,2020-05-21,AMZN
Climate Change: Up And Down Pattern Continues As Week Advances And Powell Awaited,2020-05-21,AMZN
Amazon Pushes Prime Day To To September,2020-05-21,AMZN
"KKR To Invest $1.5B In India's Jio Platforms, Joins Facebook, Three Other US Firms As Stakeholders",2020-05-22,AMZN
The Secret to Tech's Resilience to COVID-19- Infrastructure Expansion,2020-05-22,AMZN
A Peek Into The Markets: US Stock Futures Down Ahead Of Three-Day Weekend,2020-05-22,AMZN
Amazon Reschedules Prime Day to September As It Tries To Restore Pre-Pandemic Operations,2020-05-22,AMZN
"Barron's Picks And Pans: Dropbox, Slack, Starbucks And More",2020-05-22,AMZN
3 Tips To Make Money In The Stock Market,2020-05-22,AMZN
Amazon Shareholders Demand Disclosures On COVID-19 Worker Safety,2020-05-26,AMZN
"'FAANG Stocks Are Strong Once Again,' Facebook, Amazon, Netflix Hit Record Highs Last Week",2020-05-26,AMZN
In Consumers We Trust: 3 Leveraged ETFs That Surged In April,2020-05-26,AMZN
"'Amazon is looking to invest in localized podcast content, like news and sports' -Axios, Citing Sources",2020-05-26,AMZN
"Aircraft Prices, E-Commerce Conditions Are Ripe For Amazon Air, Says Bullish BofA",2020-05-26,AMZN
Amazon Expects To Invest $4B Apr.-June On Covid Initiatives,2020-05-26,AMZN
11 Local News Stations Ran Amazon Produced Content Praising Company's Health And Safety Efforts,2020-05-27,AMZN
These 10 Stocks Have Surged During The Coronavirus Pandemic,2020-05-27,AMZN
"A Peek Into The Markets: US Stock Futures Surge Ahead Of HP Earnings, Beige Book Report",2020-05-27,AMZN
"6 Stocks To Watch For May 27, 2020",2020-05-27,AMZN
Amazon Looks To Double-Down On Self-Driving Tech With Zoox Acquisition: WSJ,2020-05-27,AMZN
"Trump Gets Mad Over Fact Check Warning On Twitter, Claims Election Interference",2020-05-27,AMZN
Amazon in Advanced Talks to Buy Self-Driving-Car Tech Company Zoox; Deal Expected to Value Zoox at Less Than Its Private Valuation,2020-05-27,AMZN
Same Old Leadership Song Lifts These Leveraged ETFs,2020-05-27,AMZN
E-commerce Drives Multi-Pronged Expansion At UPS Airlines,2020-05-27,AMZN
"Amazon Is Serious About Self-Driving Technology, Eyeing Multi-Billion Dollar Acquisition",2020-05-27,AMZN
Bezos Says Amazon's Strategy Is To Undercharge For Prime Membership Relative TO ITs value For Customers,2020-05-27,AMZN
Hearing Amazon Has Said It Will Keep 125K Of 175K Jobs Added During Pandemic As Permanent Positions,2020-05-28,AMZN
"'Amazon's website is down for many users across the US' -Tweet From Business Insider; BZ NOTE: Benzinga Reporters In NYC, Detroit Not Experiencing Issues",2020-05-28,AMZN
"Here's How Amazon Could Become A Threat To Tesla, Ford And More With Zoox Buy",2020-05-28,AMZN
"'Rivian reopens factory, delays electric pickup/SUV, but Amazon delivery van is still on time' -Electrek Report",2020-05-28,AMZN
"Amazon Offers Full-Time Employment To 125,000 Workers Hired To Meet Increased Demand During Pandemic",2020-05-29,AMZN
Jeff Bezos Buying Stake in UK Startup Beacon,2020-05-29,AMZN
"Benzinga's Bulls And Bears Of The Week: Amazon, Disney, Netflix And More",2020-05-29,AMZN
FedEx named as suitor for German parcel company,2020-05-29,AMZN
"Fandom, America's Navy Partner For Warzone Tournament To Celebrate National Military Appreciation Month",2020-05-29,AMZN
"UPS Slaps 'Peak' Surcharge On Amazon, Walmart, Others, As Delivery Requests Balloon Post Lockdown Ease",2020-05-29,AMZN
Amazon Company Spokesperson Says Adjusted Routes or Scaled Back Typical Delivery Operations to Ensure Safety of Its Teams in Handful of U.S. Cities,2020-05-29,AMZN
"Apple CEO Writes To Employees About George Floyd Death, Urges For 'Better, More Just World For Everyone'",2020-06-01,AMZN
"Amazon, Apple, Walmart, Other Retailers Shutter Stores, Scale Back Operations In Areas Worst Hit With Protests",2020-06-01,AMZN
"UK Supply Chain Startup Beacon Raises $15M From Amazon CEO, Others",2020-06-01,AMZN
"Gun, Security Stocks Trade Higher After Weekend Protests Turn Violent And Destructive",2020-06-01,AMZN
Making Sense Of Why Consumers Are Switching Their Grocery Store Habits,2020-06-01,AMZN
"Amazon Curtails Some Service, Highways Closed, As Protests Impact Freight And Driver Safety",2020-06-01,AMZN
How Social Media Stocks Fared During The Pandemic,2020-06-01,AMZN
"Amazon Files for Mixed Shelf Offering, Size Not Disclosed",2020-06-01,AMZN
"Morgan Stanley Maintains Overweight on Amazon.com, Raises Price Target to $2800",2020-06-01,AMZN
The 'Real' S&P 500 And Why The Current Rally Makes Sense,2020-06-01,AMZN
Amazon Looks To Establish Supply Chain Trust With New Blockchain Patent,2020-06-01,AMZN
Why Shopify — And Not Zoom — Is The Stock To Chase Right Now,2020-06-02,AMZN
"Pepper Spray, Books On Racism, 'I Can't Breathe' Merchandise Are Top Sellers On Amazon As Protests Rage",2020-06-02,AMZN
"How Cameo, Facebook And Peloton Are Embracing Coronavirus Disruption",2020-06-02,AMZN
4 Blue Chips That Lived Up To Their Title During the Pandemic,2020-06-02,AMZN
Bezos Among Investors In U.K. Freight Startup Beacon,2020-06-02,AMZN
'Amazon plans summer sale for June 22 to 'jumpstart sales' after coronavirus crunch' -CNBC,2020-06-02,AMZN
Zoom revenue spikes to $328M in Q1; CEO thanks Amazon Web Services for help meeting demand - GeekWire,2020-06-02,AMZN
Tesla CEO Musk Says Other Three Officers Should Be Charged In Floyd's Murder Case,2020-06-02,AMZN
Amazon Plans 'Biggest Sale In The Sky' In June To Support Sellers Affected By Pandemic,2020-06-03,AMZN
Peloton Makes Its Fitness App Available On Apple TV After Pandemic Demand Surge,2020-06-03,AMZN
A Peek Into The Markets: US Stock Futures Rise Ahead Of ADP Jobs Report,2020-06-03,AMZN
"Warner Music Set To Go Public Today, In Anticipated Largest US IPO Of The Year",2020-06-03,AMZN
"Stocks Keep Rallying Even During Protests Because 'Nobody Is Investing To Make The World A Better Place,' Analysts Say",2020-06-03,AMZN
"Zoom Initially Slips Despite Strong Earnings, Then Reverses Course In Pre-Market Trading",2020-06-03,AMZN
Tech Tracking: FourKites Unveils Dynamic ETA Product For LTL Shipments,2020-06-03,AMZN
"Amazon Air To Lease 12 Additional 767-300 Converted Cargo Aircraft, Increasing Their Fleet To Over 80 Aircraft As Part Of Amazon's Dedicated Air Cargo Network",2020-06-03,AMZN
Amazon Will Open New Regional Air Hubs At Lakeland Linder International Airport In Florida Later This Summer,2020-06-03,AMZN
Air Transport Services Group Shares Up After Hours Following Amazon Press Release Announcing Lease Of 12 Boeing 767-300 Converted Cargo Aircraft From Co.,2020-06-03,AMZN
Trump Says Amazon Is Destroying A Lot Of Shopping Centers,2020-06-03,AMZN
Amazon Vs. Walmart: Locking Horns In A Battle For Retail's Future | Stock News & Stock Market Analysis - IBD - Investor's Business Daily,2020-06-03,AMZN
Where Will Amazon Be in 5 Years? - The Motley Fool,2020-06-04,AMZN
Amazon's Web Services Unit Reports Multi-Year Deal With Slack Technologies,2020-06-04,AMZN
Hearing Amazon Has Licensed Slack For All Employees,2020-06-04,AMZN
"Why Genius Brands Is On A Massive Rally, Adding Nearly 2500% Value In A Month",2020-06-04,AMZN
What Elon Musk Thinks About Amazon: 'Monopolies Are Wrong!',2020-06-04,AMZN
Ex-Whole Foods Exec Says Grocery Stores Need To Prepare For Next Disruption,2020-06-04,AMZN
'Time to break up Amazon. Monopolies are wrong!' -Tweet From Elon Musk,2020-06-04,AMZN
Report: GM Starting Electric Delivery Van Program,2020-06-04,AMZN
FAANG Stocks Seem Immune To COVID-19,2020-06-04,AMZN
Why Spirit AeroSystems's Stock Is Trading Higher Today,2020-06-04,AMZN
"Flight Industry Conditions Just Right For Amazon Air Takeoff, Analyst Says",2020-06-04,AMZN
Lawsuit Filed After Amazon Warehouse Worker Fatally Infects Cousin With Coronavirus,2020-06-04,AMZN
Amazon in Talks to Buy $2B Stake in Indian Telco Bharti Airtel,2020-06-04,AMZN
Revealed: UK banks and investors' $2bn backing of meat firms linked to Amazon deforestation - The Guardian,2020-06-04,AMZN
Amazon And Slack Deepen Partnership In A Bid To Compete With Microsoft,2020-06-05,AMZN
Amazon Shares Unaffected Following 'A Massive industrial fire has erupted in Redlands at what appears to be an Amazon distribution center. All people are accounted for',2020-06-05,AMZN
"Hearing Pivotal Reiterates Buy, $2,700 Price Target On Amazon",2020-06-05,AMZN
"US Debt Market Raised $22.5B This Week, The Highest Since 2007: FT",2020-06-05,AMZN
Bharti Airtel Says There is No Proposal from Amazon to Buy $2B Stake in Co Under Consideration,2020-06-05,AMZN
'A New Business Cycle': Stock Market Update For The Week Ahead,2020-06-05,AMZN
"ESPAÑOL • Cannabis en Argentina, Blockchain Uruguayo, Elon Musk, Warren Buffett, Jeff Bezos, Isiah Thomas, y Canopy Growth",2020-06-05,AMZN
Analysis: Amazon Air And ATSG Grow Together,2020-06-05,AMZN
Should Salesforce Shareholders Rejoice or Be Concerned?,2020-06-05,AMZN
Slack Fails To Deliver Another COVID-19 Blockbuster,2020-06-05,AMZN
PreMarket Prep Stock Of The Day: Genius Brands,2020-06-05,AMZN
Tesla’s Elon Musk Wants Amazon Broken Up. It’s Not Just About a Book. - Barron's,2020-06-05,AMZN
You Can Buy Amazon Stock for $5 or Less -- Here's How - The Motley Fool,2020-06-06,AMZN
"Stock market rally: Amazon, Microsoft, other Seattle companies bounce back from March lows - GeekWire",2020-06-08,AMZN
Grand Rapids investors sue Amazon for $10M for allegedly damaging warehouse before rejecting deal - MLive.com,2020-06-08,AMZN
"Highlights From Stanley Druckenmiller's CNBC Interview: Coronavirus 'Casualties,' Why He Was 'Far Too Cautious'",2020-06-08,AMZN
Sony To Unveil PS5 In June 11 Event,2020-06-08,AMZN
"Post-Pandemic Cannabis: Are Amazon, Uber And Other Mainstream Delivery Services The Future?",2020-06-08,AMZN
"Hearing RBC Capital Raised its Price Target on Amazon to $3,300",2020-06-08,AMZN
10 Biggest Price Target Changes For Monday,2020-06-08,AMZN
Logmore Secures €4.5M In Series A To Boost Logistics Quality Control,2020-06-08,AMZN
"RBC Lifts Amazon Price Target To Street-High $3,300, Says It's 'Best Global Play' On E-Commerce",2020-06-08,AMZN
"Baird Maintains Outperform on Amazon.com, Raises Price Target to $2750",2020-06-08,AMZN
"RBC Capital Maintains Outperform on Amazon.com, Raises Price Target to $3300",2020-06-08,AMZN
"Facebook-Backed Jio Platforms Gets $750M From Abu Dhabi Sovereign Fund As It Looks To Challenge Amazon, Walmart In India",2020-06-08,AMZN
"Amazon Faces Lawsuit From Workers For Neglecting CDC, New York Guidelines On Coronavirus",2020-06-08,AMZN
"IRS Alerts Against Criminals Profiteering From Fake Coronavirus Treatments, Charities, Phishing, Other Financial Fraud",2020-06-09,AMZN
Amazon shares are trading higher despite market weakness. Not currently seeing company-specific news.,2020-06-09,AMZN
"BofA Raises Amazon Target On Sales Upside, Accelerating Unit Growth",2020-06-09,AMZN
'Inside Amazon's plan to test warehouse workers for Covid-19 every two weeks' -Earlier CNBC Report,2020-06-09,AMZN
3M Sues Amazon Seller For Price Gouging Of Its N95 Masks During Coronavirus Pandemic,2020-06-09,AMZN
"Sonos Shares Spike To Session High, Now Up 9.5%, As Citron's Andrew Left, Currently Interviewing On FOX Business, Said Co. Could Be Acquired By Apple Or Amazon",2020-06-09,AMZN
"IBM Discontinues Facial Recognition Technology, Says It Can't Condone 'Racial Profiling' Or 'Mass Surveillance'",2020-06-09,AMZN
"Tesla, Amazon Backer Baillie Gifford Invests $35M In Air Taxi Startup Lilium",2020-06-09,AMZN
"Dow and S&P 500 post back-to-back losses, but Nasdaq closes above 10,000 for the first time - CNBC",2020-06-09,AMZN
"Twitter, Square Will Mark Juneteenth As Holiday To Honor African-American Culture",2020-06-10,AMZN
Big Tech Reaches New Record Heights At The Stock Market,2020-06-10,AMZN
"Hearing Vertical Group Out Positive On Amazon, Saying Co.'s Ad Spend Revenues Are Increasing As Shipping Bottleneck Issues Begin To Abate",2020-06-10,AMZN
"How Cannabis Company Cannaphyll Is Marketing On Mass-Consumer Platforms, Google And Amazon",2020-06-10,AMZN
"Benzinga Pro's Top 5 Stocks To Watch For Wed., Jun. 10, 2020: AAPL, BAC, NIO, SONO, GLW",2020-06-10,AMZN
Tech Stocks And FAANGS Strong Again To Start Day As Market Awaits Fed,2020-06-10,AMZN
"Microsoft, Amazon Push Into Cybersecurity As Cloud Computing Grows - Investor's Business Daily",2020-06-11,AMZN
Better Buy: Amazon.com vs. Walmart - The Motley Fool,2020-06-11,AMZN
"One stock that drove the Nasdaq to above 10,000 is still a buy, traders say - CNBC",2020-06-11,AMZN
"Why Amazon Could Be Worth $5,000 a Share, According to One Analyst - Barron's",2020-06-17,AMZN
Amazon Stock Dips After It Acquires Self-Driving Vehicle Startup - Investor's Business Daily,2020-06-26,AMZN
EBAY vs. AMZN: Which Stock Is the Better Value Option? - Yahoo Finance,2020-06-29,AMZN
"Why Amazon Stock Hit a Record High Above $3,000 Today - The Motley Fool",2020-07-06,AMZN
"Amazon stock hits $3,000 for the first time as investors continue betting on Seattle tech giant - GeekWire",2020-07-06,AMZN
Amazon shares just hit an all-time high - CNN,2020-07-06,AMZN
Amazon Revenue Forecasts Keep Rising. It’s ‘the Sticky Nature of Online Shopping.’ - Barron's,2020-07-07,AMZN
Will Amazon Shares Run Out of Steam? - thestreet.com,2020-07-07,AMZN
Better Buy: Amazon vs. PepsiCo - The Motley Fool,2020-07-09,AMZN
"China’s Closed. So Google Invests $10 Billion In India, Following Facebook, Amazon, Apple - Forbes",2020-07-13,AMZN
"Amazon (NASDAQ: AMZN) Shares Heading to $3,700, According to a Cowen Analyst - Wccftech",2020-07-13,AMZN
"""Adventure EV"" maker Rivian raises $A3.6 billion to roll out first electric - The Driven",2020-07-13,AMZN
Amazon's corporate office diversity remains largely a mystery while other big tech discloses data - The Business Journals,2020-07-21,AMZN
Amazon (NASDAQ: AMZN) Can’t Go Without Creating a New All-Time High Every Couple of Days – A New High Has Been Created Today - Wccftech,2020-07-21,AMZN
Amazon Prime Day Will Be Late This Year. Blame Covid-19. - Barron's,2020-07-21,AMZN
"Jeff Bezos is now personally worth more than Nike, McDonald's, Costco, and almost 50% of the Dow - markets.businessinsider.com",2020-07-22,AMZN
5 Big Numbers That Show Amazon’s Explosive Growth During The Coronavirus Pandemic - Forbes,2020-07-23,AMZN
"Amazon Met With Startups About Investing, Then Launched Competing Products - WSJ",2020-07-23,AMZN
Apple Earnings: What Happened with AAPL - Investopedia,2020-07-23,AMZN
"Tesla's $300 Billion Milestone Compared to Apple, Amazon at Same Time - Business Insider",2020-07-23,AMZN
Amazon’s Wall Street Optimism Factors In 20% Share Price Upside Ahead of Second Quarter Earnings - Wccftech,2020-07-27,AMZN
Investors drop Brazil meat giant JBS - The Guardian,2020-07-28,AMZN
"Oceana: Amazon (AMZN) has “a plastic problem,” record growth tied to ocean pollution, customer satisfaction issues - GlobeNewswire",2020-07-29,AMZN
"Amazon reports profit, sales surge amid COVID-19 spending - Los Angeles Times",2020-07-30,AMZN
"Amazon Q2 earnings blow past estimates as coronavirus buying boosts revenue, profit - Yahoo Finance",2020-07-30,AMZN
Amazon (NASDAQ: AMZN) Q2 2020 Earnings – AWS and Online Sales Continue to Serve as Bulwarks - Wccftech,2020-07-30,AMZN
Amazon's second-quarter earnings results just showed why the online retail giant is soaring during COVID-19 - Fortune,2020-07-30,AMZN
Amazon sales soar as pandemic fuels online shopping - CNBC,2020-07-30,AMZN
Amazon doubled its profit during a pandemic - The Verge,2020-07-30,AMZN
Amazon cloud revenue growth slows to 29% in Q2 - CNBC,2020-07-30,AMZN
Amazon just posted record sales and profit in the middle of a pandemic - vox.com,2020-07-30,AMZN
"Apple posts blowout third quarter, with sales up 11% despite coronavirus disruptions - CNBC",2020-07-30,AMZN
Facebook (FB) Q2 earnings: A visual dashboard - AlphaStreet,2020-07-30,AMZN
Amazon Doubles Profit To $5.2 Billion As Online Shopping Spikes : Coronavirus Updates - NPR,2020-07-30,AMZN
Tech giants' shares soar as companies benefit from Covid-19 pandemic - The Guardian,2020-07-31,AMZN
"India biggest investment avenue, overseas operations see profit: Amazon - The Times of India",2020-07-31,AMZN
Amazon Is the New King of Seattle as Market Cap Passes Microsoft’s - Barron's,2020-07-31,AMZN
Better Buy: Netflix vs. Amazon - The Motley Fool,2020-08-02,AMZN
"What Facebook, Google and Amazon's earnings mean for our 2020 ad spend outlook - Business Insider",2020-08-03,AMZN
Amazon gets approval to buy 16% stake in UK food delivery firm Deliveroo - CNBC,2020-08-04,AMZN
Between the Lines: Amazon Q2 Report Hints It Will Avoid Taxes on This Year’s Record Profit Haul - Institute on Taxation and Economic Policy,2020-08-05,AMZN
Amazon and Tesla Take Off as Small Investors Embrace Fractional-Share Trading - WSJ,2020-08-06,AMZN
"Jeff Bezos, Amazon are taking notice of faith-based investors - Christian Post",2020-08-06,AMZN
3 Stocks to Get You Started Investing in 2020 - The Motley Fool,2020-08-07,AMZN
Stock Split Watch: Could Amazon Be Next? - The Motley Fool,2020-08-12,AMZN
Jim Simons' Renaissance fund dumped Apple and Amazon and boosted its Tesla stake last quarter - markets.businessinsider.com,2020-08-14,AMZN
Amazon Is Now Delivering 66% of Its Own Orders - The Motley Fool,2020-08-14,AMZN
"Expanding our Tech Hubs to create 3,500 new jobs in the U.S. - About Amazon",2020-08-18,AMZN
"Amazon Thinks Future Of Work Is At The Office, Buys Real Estate In Six Major US Cities - Yahoo Finance",2020-08-18,AMZN
"If You Invested $10,000 in Amazon Stock During the Coronavirus Market Crash, This Is How Much You'd Have Now - The Motley Fool",2020-08-20,AMZN
Jeff Bezos Recently Sold $3 Billion in Amazon Stock. Here's the Key Thing Most People Missed - inc.com,2020-08-20,AMZN
"Government shutdowns of “nonessential” retailers were a huge gift for Amazon, Walmart, and Target - vox.com",2020-08-20,AMZN
Target Is Killing Amazon and Walmart in This Key Metric - The Motley Fool,2020-08-21,AMZN
"Here's How Much Investing $1,000 In Amazon At Dot-Com Bubble Peak Would Be Worth Today - Yahoo Finance",2020-08-24,AMZN
AMZN Stock is at Least 12% Undervalued Based on Its Powerful Free Cash Flow - InvestorPlace,2020-08-26,AMZN
Jeff Bezos is now worth more than $200 billion - CNBC,2020-08-26,AMZN
"Mark Cuban's Strategy Returned 1,000% on Netflix and 500% on Amazon - markets.businessinsider.com",2020-08-30,AMZN
Activists sour on Oatly vegan milk after stake sold to Trump-linked Blackstone - The Guardian,2020-09-01,AMZN
"Billionaire investor Daniel Loeb reverses losses with bets on Amazon, Disney and Alibaba - Financial News London",2020-09-01,AMZN
"Amazon's profits, AWS and advertising - Benedict Evans",2020-09-06,AMZN
Don’t Sleep on Amazon (NASDAQ: AMZN) Prime Video - MarketBeat,2020-09-08,AMZN
Amazon Price Gouging: Sellers Charging up to 14 Times More Than Competitors - Business Insider,2020-09-10,AMZN
"India's largest company, Reliance Industries, has reportedly offered Amazon a 40% stake in its retail arm for $20 billion - Business Insider",2020-09-10,AMZN
RIL offers Amazon 40% in retail unit for $20 billion? - The Times of India,2020-09-11,AMZN
Snowflake's complicated ties to Amazon present a long-term risk to IPO investors - CNBC,2020-09-16,AMZN
"Tonal, a fitness company backed by Amazon and Steph Curry, raises more cash as investors bet on ‘workout from home’ - CNBC",2020-09-17,AMZN
"Trump says Amazon costs the USPS 'billions,' but internal docs tell a different story - CNBC",2020-09-17,AMZN
Amazon reveals first 5 companies to receive investments from its $2B Climate Pledge Fund - GeekWire,2020-09-17,AMZN
Amazon's logistics centers attract more Korean investors - The Korea Times,2020-09-21,AMZN
Newly released documents show Amazon is a $3.9 billion-per-year customer the Post Office can't afford to lose - Business Insider,2020-09-22,AMZN
"GameStop surges 28% after cofounder of Chewy.com pitches plan to turn it into Amazon rival, report says - markets.businessinsider.com",2020-09-22,AMZN
GameStop Rises on Investor’s Plan to Make It an Amazon Rival - Yahoo Finance,2020-09-22,AMZN
"Seattle's Pure Watercraft gains backing from Jeff Wilke, Tom Alberg in Series A - The Business Journals",2020-09-22,AMZN
GameStop Rises on Investor’s Plan to Make It an Amazon Rival - Bloomberg,2020-09-22,AMZN
BlackRock’s $400m stake in Amazon meatpackers defies sustainability cred - news - Mongabay,2020-09-24,AMZN
How Amazon is investing in a circular economy - About Amazon,2020-10-01,AMZN
Upskilling 2025 - About Amazon,2020-10-02,AMZN
Apple vs. Amazon Stock: Which Is the Better Buy? - U.S. News Money,2020-10-05,AMZN
Why Tesla Stock Is the Next Amazon.com - Barron's,2020-10-08,AMZN
Better Buy: Amazon vs. Dollar Tree - The Motley Fool,2020-10-09,AMZN
Jeff Bezos Is Again Worth More Than $200 Billion As Amazon Stock Soars Ahead Of Prime Day - Forbes,2020-10-12,AMZN
"Snowflake draws bullish calls from Wall Street, though some analysts say stock is fully valued - CNBC",2020-10-12,AMZN
"S&P 500 Gains 57 Points Ahead of Earnings, Huge Apple and Amazon Events, Ford Stock Gets an Upgrade - The Motley Fool",2020-10-12,AMZN
"How Amazon Makes Its Money, by Business Segment - Visual Capitalist",2020-10-13,AMZN
Visualized: A Breakdown of Amazon’s Revenue Model - Visual Capitalist,2020-10-14,AMZN
Amazon Earnings: What Happened with AMZN - Investopedia,2020-10-26,AMZN
Better Buy: Amazon vs. Home Depot - The Motley Fool,2020-10-27,AMZN
Amazon third-quarter earnings soar as pandemic sales triple profits - The Guardian,2020-10-29,AMZN
"Amazon reports sales growth of 37%, topping estimates - CNBC",2020-10-29,AMZN
"Tech Q3 Earnings: Facebook, Google, Amazon Post Strong Revenue and Profit Gains - Variety",2020-10-29,AMZN
"Amazon cloud revenue jumps 29%, in line with expectations - CNBC",2020-10-29,AMZN
Apple falls as strong iPad and Mac sales don't make up for iPhone decline - CNBC,2020-10-29,AMZN
Big Tech Continues Its Surge Ahead of the Rest of the Economy (Published 2020) - The New York Times,2020-10-29,AMZN
Amazon ad revenue jumps 51% to $5.4B as marketers eye online shoppers - Marketing Dive,2020-10-30,AMZN
Big Tech is doing great as the economy tanks - vox.com,2020-10-30,AMZN
Amazon to invest $2.8 billion to build its second data center region in India - TechCrunch,2020-11-06,AMZN
"Amazon’s Robotics Deals Have Paid Off, And One Investor Thinks Ocado’s May As Well. - Barron's",2020-11-06,AMZN
Amazon invests in green startups to support development of sustainable technologies - About Amazon,2020-11-09,AMZN
"How Tom Alberg bet on Seattle and Amazon, shaping the region's tech industry and building a legacy of understated influence - GeekWire",2020-11-12,AMZN
"After landing Amazon, Dallas investors sell off Seffner warehouse for big profit - The Business Journals",2020-11-13,AMZN
Amazon taps into Korea by investing in 11st - theinvestor.co.kr,2020-11-16,AMZN
Walgreens drops 9% to lead drug store stocks lower after Amazon launches pharmacy business - CNBC,2020-11-17,AMZN
"Plug Power Has Soared This Year. How Walmart, Amazon Also Benefited From the Green-Energy Rally. - Barron's",2020-11-20,AMZN
Amazon's (AMZN) Challenge to Pharmacies Worries Markets - Investopedia,2020-11-23,AMZN
Profits are 'soaring' for large retailers—but frontline workers are barely earning more - CNBC,2020-11-27,AMZN
"Hot Mutual Fund Loves Facebook, Amazon, Apple, Netflix, Google - Investor's Business Daily",2020-11-30,AMZN
Amazon Continues Investment in Nevada with Thousands of Jobs to Support Operations - Business Wire,2020-12-02,AMZN
Buy Amazon Stock Because It’s Cheaper Than Apple Stock - InvestorPlace,2020-12-03,AMZN
"After reaching $40B in revenue in record time, Amazon Web Services hints at its own reinvention - GeekWire",2020-12-03,AMZN
"Amazon will hit $4000 in 2021, this investor says - Cantech Letter",2020-12-03,AMZN
"If You Have $3,000, Should You Spend It on 1 Share of Amazon? - The Motley Fool",2020-12-03,AMZN
"Kroger, other retailers see 'eye-popping profits' as workers reap little benefit - Detroit Free Press",2020-12-04,AMZN
"Amazon tokenized stock FTX price today, AMZN to USD live price, marketcap and chart - CoinMarketCap",2020-12-08,AMZN
Amazon eyes potential $100 million investment in India's Apollo Pharmacy - ET - Yahoo Finance Singapore,2020-12-08,AMZN
Second 1M-SF Amazon warehouse sells to East Coast investor - The Business Journals,2020-12-08,AMZN
"Up 71% in 2020, Is Amazon Still a Buy? - The Motley Fool",2020-12-10,AMZN
Airbnb's IPO Will Likely Net Millions for Amazon CEO Jeff Bezos - Business Insider,2020-12-10,AMZN
Amazon's Driverless Electric Vehicle Is Coming - The Motley Fool,2020-12-14,AMZN
Amazon invests in ZeroAvia to support the development of sustainable aviation - About Amazon,2020-12-16,AMZN
Amazon investing over $5 billion in small business success and stability during difficult time - About Amazon,2020-12-22,AMZN
How Has Amazon Stock Done Since the Beginning of 2020? - The Motley Fool,2020-12-23,AMZN
Here's How Much You'd Have Had to Invest in Amazon 10 Years Ago to Be a Millionaire Today - The Motley Fool,2020-12-23,AMZN
Goldman affiliate unloads Amazon-leased building after 23 months' ownership - The Business Journals,2020-12-23,AMZN
"Amazon launches $2 billion Housing Equity Fund to preserve and create over 20,000 affordable homes - About Amazon",2020-12-28,AMZN
3 Catalysts for Amazon in 2021 - The Motley Fool,2020-12-30,AMZN
Meet Kellianne Fedio: Amazon Expert | Exit Advisor | Podcaster | Attorney | Real Estate Investor - SHOUTOUT LA,2021-01-04,AMZN
Rivian Close to New Funding Round at $25 Billion Valuation: Bloomberg - Business Insider,2021-01-05,AMZN
Amazon profits increased nearly 200% since start of COVID-19 pandemic - ResearchFDI,2021-01-06,AMZN
Elon Musk overtakes Jeff Bezos as the world's richest person thanks to Tesla's surging stock - markets.businessinsider.com,2021-01-07,AMZN
"9 Dow Stocks With the Most Upside Potential, According to Wall Street - The Motley Fool",2021-01-10,AMZN
Deliveroo secures $180m in funding as it prepares for IPO - The Guardian,2021-01-18,AMZN
Better Buy: Amazon vs. Lowe's - The Motley Fool,2021-01-19,AMZN
"Amazon Prime member total reaches 142 million in U.S. with more shoppers opting in for a full year, data shows - MarketWatch",2021-01-20,AMZN
"Amazon announces a new investment in Swiebodzin, Poland creating more than 1,000 new jobs - About Amazon Europe",2021-01-20,AMZN
Want to buy an Amazon warehouse? It'll cost you. - Crain's Chicago Business,2021-01-20,AMZN
Apple Earnings: What Happened With AAPL - Investopedia,2021-01-25,AMZN
Amazon invests in Infinium to support decarbonization efforts in transportation sector - About Amazon,2021-01-26,AMZN
"Apple reports blowout quarter, booking more than $100 billion in revenue for the first time - CNBC",2021-01-27,AMZN
Amazon Earnings: What Happened With AMZN - Investopedia,2021-01-28,AMZN
3 Superb Robinhood Stocks That Can Double Your Money - The Motley Fool,2021-01-28,AMZN
Apple had a record quarter in China with the highest ever number of iPhone upgrades - CNBC,2021-01-28,AMZN
"Have $3,000? Buying These 2 Stocks Would Be the Smartest Move You Ever Made - The Motley Fool",2021-01-31,AMZN
New York investor takes Amazon's Alliance Airport cargo hub as part of $570 million deal - Dallas News,2021-02-01,AMZN
Amazon Stock Forecast Bullish: New Record Set as Charts Show 'Breakout' Rally Before Earnings Report - Tech Times,2021-02-02,AMZN
"Amazon stock rose 225,000% under Jeff Bezos, bringing his net worth to $195 billion as he steps down as CEO - Fortune",2021-02-02,AMZN
"Amazon CEO Jeff Bezos Will Step Down, But Not Away - Kiplinger",2021-02-02,AMZN
Why I Sold Amazon Stock - The Motley Fool,2021-02-02,AMZN
"Pandemic lifestyle delivers earnings boon for Amazon, Google - Times of Malta",2021-02-02,AMZN
"Amazon founder Bezos will give CEO role to AWS leader Andy Jassy, become executive chairman - ZDNET",2021-02-02,AMZN
Jeff Bezos to step down as Amazon CEO after record-smashing 2020 - MarketWatch,2021-02-02,AMZN
Amazon’s Net Profit Soars 84% With Sales Hitting $386 Billion - Forbes,2021-02-02,AMZN
Amazon's cloud division reports 28% revenue growth; AWS head Andy Jassy to succeed Bezos as Amazon CEO - CNBC,2021-02-02,AMZN
Amazon Names AWS Chief to Succeed Jeff Bezos as CEO. Earnings Were Strong. - Barron's,2021-02-02,AMZN
Amazon Web Services posts record $13.5B in *profits* for 2020 in Andy Jassy's AWS swan song - GeekWire,2021-02-02,AMZN
"Amazon earnings: Q4 sales topped $100 billion for the first time, Bezos to step down as CEO - Yahoo Finance",2021-02-02,AMZN
"Jeff Bezos stepping down as Amazon CEO, will be succeeded by Andy Jassy - 6abc Philadelphia",2021-02-02,AMZN
Amazon reports first $100 billion quarter following holiday and pandemic shopping surge - CNBC,2021-02-02,AMZN
Billion-dollar baby: Amazon daily sales surpass new milestone - Al Jazeera,2021-02-03,AMZN
Jeff Bezos gave a nod to Warren Buffett in his letter to Amazon employees: 'I still tap dance into the office' - markets.businessinsider.com,2021-02-03,AMZN
Opinion: The key lesson for Amazon investors as Andy Jassy takes over from Jeff Bezos - MarketWatch,2021-02-03,AMZN
Amazon investors take Jeff Bezos exit in stride - Fox Business,2021-02-03,AMZN
Amazon Net Income By Year: FY 1996 to 2020 - Dazeinfo,2021-02-03,AMZN
Should You Buy Amazon (AMZN) Stock? - U.S. News Money,2021-02-03,AMZN
"Amazon share price: Bezos plans to step down as CEO, where next? - ig.com",2021-02-03,AMZN
"Investigation: Dutch, Japanese pension funds pay for Amazon deforestation - news - Mongabay",2021-02-05,AMZN
Better Than Bezos? 14 Founders (And Investors) Top Amazon's Big Dog - Investor's Business Daily,2021-02-05,AMZN
Amazon breaks through $1 billion revenue mark in Australia - SMH.com.au,2021-02-08,AMZN
Amazon Australia sales exceed $1b - AFR,2021-02-08,AMZN
Andy Jassy Would Be a Billionaire If He Held on to His Amazon Stock - Business Insider,2021-02-08,AMZN
"Advertising surge lifts Amazon's 'Other' segment past subscription business, on pace to rival AWS - GeekWire",2021-02-08,AMZN
Charting 2020 Stock Market Ups and Downs - HowMuch.net,2021-02-09,AMZN
Target Global leads $150M round for Amazon Marketplace consolidator Branded - TechCrunch,2021-02-09,AMZN
Early Rivian investors explain the 3 factors that could make the Amazon-backed startup the next Tesla - Business Insider,2021-02-10,AMZN
Amazon took a chunk of Deliveroo. Then things got interesting - WIRED,2021-02-11,AMZN
Amazon’s Free Cash Flow Will Spike AMZN Stock Higher This Year - InvestorPlace,2021-02-12,AMZN
News | San Diego Investor Buys Newly Built Industrial Property Housing Amazon - CoStar,2021-02-13,AMZN
When Will There Be Another Stock Market 'Crash?' Probably Not Anytime Soon - The Motley Fool,2021-02-23,AMZN
Amazon Spends $42 Billion On R&D But The 10K Discusses R&D In 300 Words - Forbes,2021-03-08,AMZN
Amazon spends $131 million to take minority stake in air cargo contractor ATSG - CNBC,2021-03-08,AMZN
"From forecasting demand to ordering – An automated machine learning approach with Amazon Forecast to decrease stockouts, excess inventory, and costs - Amazon Web Services",2021-03-12,AMZN
"In the 15 years since its launch, Amazon Web Services transformed how companies do business - The Seattle Times",2021-03-13,AMZN
Amazon Business Just Hit $25 Billion in Annual Sales - Industrial Distribution,2021-03-16,AMZN
Better Buy: Amazon vs. Walmart - The Motley Fool,2021-03-17,AMZN
Anthony Scaramucci says it's not too late to buy bitcoin — just look at Amazon's run since 2009 - CNBC,2021-03-18,AMZN
Amazon Is Betting Billions on Thursday Night Football - The Motley Fool,2021-03-22,AMZN
Amazon-Backed U.K. Delivery Company Deliveroo Seeking Up to $2.45 Billion in London IPO - The Motley Fool,2021-03-22,AMZN
DigitalOcean IPO: Amazon Web Services Rival Saw Its Stock Sink - Business Insider,2021-03-25,AMZN
Amazon asks India not to change rules till probe is complete: Report - The Statesman,2021-03-26,AMZN
"Amazon.com, Inc. Income Statement – NASDAQ:AMZN - TradingView",2021-03-30,AMZN
Deliveroo shares tumble on stock market debut - BBC,2021-03-31,AMZN
Amazon-backed Deliveroo tanks in London market debut - CNBC,2021-03-31,AMZN
Tradeweb teams up with Amazon Web Services to expand access to closing price data - The TRADE,2021-04-13,AMZN
Amazon stock may be 70% undervalued and the company worth $3 trillion: analyst - Yahoo Finance,2021-04-13,AMZN
"In Bezos’ last shareholder letter, Amazon founder commits to improving employee safety - The Seattle Times",2021-04-15,AMZN
Bezos says Amazon needs to do better for employees in last investor letter as CEO - Reuters,2021-04-15,AMZN
2020 Letter to Shareholders - About Amazon,2021-04-15,AMZN
"Jeff Bezos Highlights Couple That Made ~170,000% Return on Amazon Stock Buy - markets.businessinsider.com",2021-04-17,AMZN
Amazon is making big global investments in renewable energy - About Amazon,2021-04-19,AMZN
"Facebook, Google and Amazon are reaping the benefits from advertising's pandemic hot streak - CNBC",2021-04-21,AMZN
3 Lessons From Jeff Bezos' Final Letter to Shareholders as Amazon CEO - The Motley Fool,2021-04-22,AMZN
"Jeff Bezos, Drake and others invest $80 million in sports media company Overtime - CNBC",2021-04-22,AMZN
Amazon CEO Jeff Bezos: 25 Best Quotes From Shareholder Letters - markets.businessinsider.com,2021-04-24,AMZN
"Amazon.com, Inc. Statistics – NASDAQ:AMZN - TradingView",2021-04-25,AMZN
"How Famed Investor Bill Miller Is Roaring Back With Amazon, Bitcoin, and GM - Barron's",2021-04-25,AMZN
"Warren Buffett, Jeff Bezos Share Views on Stock Prices, Dream Business - markets.businessinsider.com",2021-04-26,AMZN
"Bill Miller Lost 90% of Wealth, Billionaire From Bitcoin, Amazon Stock - markets.businessinsider.com",2021-04-26,AMZN
Apple Q2 2021 Earnings Preview: What to Look For - Investopedia,2021-04-27,AMZN
Leading Investor In Amazon Sellers AccrueMe To Host Scale To Sale Summit - 24-7 Press Release Newswire,2021-04-27,AMZN
"Apple reports another blowout quarter with sales up 54%, authorizes $90 billion in share buybacks - CNBC",2021-04-28,AMZN
"Amazon Tops Q1 Expectations, Bezos Touts More Than 175 Million Prime Video Viewers - Variety",2021-04-29,AMZN
Amazon's sales surge 44% as it smashes earnings expectations - CNBC,2021-04-29,AMZN
"Amazon pops on surging sales, as all of Big Tech posts monster earnings: CNBC After Hours - CNBC",2021-04-29,AMZN
"Amazon’s net income, EPS more than triple year-on-year - FreightWaves",2021-04-29,AMZN
"Consumer spending, streaming propel Amazon to second straight quarter of more than $100B in revenue - USA Today",2021-04-29,AMZN
Amazon Q1 2021 Earnings Report Preview: What to Look For - Investopedia,2021-04-29,AMZN
Amazon’s pandemic profits top previous 3 years of earnings - MarketWatch,2021-04-29,AMZN
"Yousician raises $28m in B Round, new investors include Amazon Alexa Fund and Paul McCartney’s MPL Ventures - Music Business Worldwide",2021-04-29,AMZN
"Amazon crushes earnings estimates with $108.5B in Q1 revenue, up 44%, profits of $8.1B, up 224% - GeekWire",2021-04-29,AMZN
Amazon Q2 2021 Earnings Report Recap - Investopedia,2021-04-30,AMZN
Amazon’s sales and profit rise as retailer rides wave of pandemic shopping - Reuters,2021-04-30,AMZN
How much revenue tech giants like Amazon and Apple make per minute - CNBC,2021-05-01,AMZN
Jeff Bezos Just Sold $2.5 Billion Worth Of Amazon Stock In His First Sale Of 2021 - Forbes,2021-05-05,AMZN
People Are Finally Paying Attention to Amazon Prime Video - The Motley Fool,2021-05-06,AMZN
Amazon plans massive ‘robotic’ distribution centre in Richmond - Western Investor,2021-05-07,AMZN
Amazon announces issuance of $1B Sustainability Bond - About Amazon,2021-05-09,AMZN
Amazon - Revenue by Business Segment | US Big Tech | Collection - MacroMicro,2021-05-10,AMZN
Amazon’s profit soars 220 percent as pandemic drives shopping online. (Published 2021) - The New York Times,2021-05-12,AMZN
"After Losing 90% Of His Wealth In 2008, Bill Miller Became A Billionaire Again Thanks To Bitcoin And Amazon - Celebrity Net Worth",2021-05-13,AMZN
Amazon invests in BETA Technologies to accelerate zero-emission air transportation - About Amazon,2021-05-18,AMZN
Bill Miller Roars Back with Amazon and Bitcoin - Validea,2021-05-19,AMZN
Protesters march into lobby of Amazon investor calling for end in facial recognition sales to ICE and police - amNewYork,2021-05-24,AMZN
Better Buy: MercadoLibre vs. Amazon - The Motley Fool,2021-05-25,AMZN
Amazon signs deal to buy legendary Hollywood studio MGM for $8.45 billion - Yahoo Finance,2021-05-26,AMZN
"Jeff Bezos names next Amazon CEO, announces date he will step down - The Globe and Mail",2021-05-26,AMZN
"Amazon bought MGM for $8.5 billion. Here's how much you'd have if you invested $1,000 in the tech giant in 2011 - CNBC",2021-05-27,AMZN
Prediction: These Will Be the 10 Largest Stocks by 2035 - The Motley Fool,2021-05-30,AMZN
Amazon ranked No. 1 investor in America - About Amazon,2021-06-01,AMZN
Bellevue grabs attention of international investors - KUOW,2021-06-01,AMZN
Can Cloudera make a comeback? - Fortune,2021-06-01,AMZN
Why Amazon's Purchase of MGM Will Do Little for Amazon Stock - The Motley Fool,2021-06-01,AMZN
Amazon Prime Day Is Good For Shoppers. Just Don’t Expect It to Move the Stock. - Barron's,2021-06-02,AMZN
Investing in Amazon Crude II - amazonwatch.org,2021-06-03,AMZN
Amazon - Revenue by Business Segment - MacroMicro,2021-06-04,AMZN
Amazon - Total Revenue - MacroMicro,2021-06-04,AMZN
Why You Should Be Holding On to Your Amazon Stock - InvestorPlace,2021-06-11,AMZN
An Amazon employee's husband was sentenced to prison for insider trading— and earning a $1.4 million profit - Business Insider,2021-06-11,AMZN
3 Reasons Stock Price Doesn't Matter - The Motley Fool,2021-06-12,AMZN
How investing in warehouses paid off for Amazon’s landlord - AFR,2021-06-14,AMZN
MacKenzie Scott's Wealth Rising Despite Donations Due to Amazon Stock - Business Insider,2021-06-16,AMZN
Amazon Appstore will reduce its developer revenue cut from 30% to 20% and give 10% in Free AWS Credit - AFTVnews,2021-06-16,AMZN
Amazon Prime Day starts soon. These are the top deals so far - CNBC,2021-06-18,AMZN
Where Will Amazon Stock Be In 10 Years? Probably Lower Than You Think - Seeking Alpha,2021-06-21,AMZN
Redeveloped Carvana-Amazon site in Hazelwood sold to Georgia investor - The Business Journals,2021-06-24,AMZN
"Amazon Prime Day 2021 Generated $6.8 Billion in Gross Sales, up 9%: Analysts - Variety",2021-06-24,AMZN
Amazon Sold Its Plug Power Stock. Should You? - The Motley Fool,2021-06-26,AMZN
Twitch Stock: How to Invest in Amazon (AMZN) - Bullish Bears,2021-06-26,AMZN
Amazon share price history under Jeff Bezos - FOREX.com,2021-06-28,AMZN
Need to Perform Financial Data Analysis? Why Python Is Your Best Tool. - Built In,2021-06-30,AMZN
Turning Price/Performance Upside Down: Ansys RedHawk-SC™ and Amazon Web Services - Amazon Web Services,2021-06-30,AMZN
"Amazon grants 61,000 shares of stock to incoming CEO Andy Jassy - CNBC",2021-07-02,AMZN
"Amazon’s Climate Pledge Fund Makes First Investment in India, Backing Battery Software Startup ION Energy - ESG Today",2021-07-02,AMZN
Amazon Gives Incoming CEO Andy Jassy Stock Awards Worth More Than $200 Million - Variety,2021-07-02,AMZN
Early Amazon investor John Doerr on the end of the Jeff Bezos era - CNBC,2021-07-02,AMZN
Jeff Bezos is about to hand over the keys of Amazon to a new CEO. Read his final letter to shareholders right here. - Business Insider,2021-07-03,AMZN
Amazon CEO Andrew Jassy to Receive $200 Million in Stock: SEC Filing - Business Insider,2021-07-03,AMZN
If You Had Invested In Amazon's IPO... - Statista,2021-07-05,AMZN
"Andy Jassy takes over as Amazon CEO, replaces Bezos - The News Minute",2021-07-05,AMZN
Andy Jassy to receive $214 mn in stock grants but here’s the catch - Business Today,2021-07-05,AMZN
Amazon’s new boss faces pressure from all sides as Bezos leaves for space - CNBC,2021-07-05,AMZN
"Bezos retires officially, Andy Jassy takes over as Amazon CEO - Mid-day",2021-07-06,AMZN
"What if you had invested in $1,000 Amazon's IPO in May 1997 - The Times of India",2021-07-06,AMZN
"Property, cash and Amazon: Why buyout firms are battling to buy UK’s Morrisons - Reuters",2021-07-06,AMZN
Jeff Bezos becomes richest man in history with a net worth of $211billion as Amazon stocks soar - the-sun.com,2021-07-07,AMZN
Amazon’s new Alberta robotic hub biggest in West - Western Investor,2021-07-09,AMZN
A complete guide to Amazon stock - FOREX.com,2021-07-14,AMZN
Analyzing Financial Data in Python - Towards Data Science,2021-07-19,AMZN
"Rivian raises $2.5 billion in new funding round led by Amazon, Ford - CNBC",2021-07-23,AMZN
Will Netflix Be a Trillion-Dollar Stock by 2030? - The Motley Fool,2021-07-24,AMZN
"The main attractions arrive: Apple, Microsoft, Google, Facebook, Amazon and Tesla headline the biggest week of earnings - MarketWatch",2021-07-25,AMZN
Apple (AAPL) Q3 FY 2021 Earnings Report Preview: What to Look For - Investopedia,2021-07-26,AMZN
Workday falls 7% on report that Amazon has canceled its contract with the HR software company - markets.businessinsider.com,2021-07-27,AMZN
Investor Alert: Canadians Can Buy Amazon Stock for Under $25 Today - Yahoo! Finance Canada,2021-07-27,AMZN
Apple (AAPL) Crushes Earnings Estimates: What's Next? - Investopedia,2021-07-28,AMZN
"Amazon Prime Day, AWS and jobs in the spotlight for Andy Jassy's first earnings report as CEO - GeekWire",2021-07-29,AMZN
Amazon (AMZN) Q2 2021 earnings results miss Wall Street's revenue expectations - Shacknews,2021-07-29,AMZN
Amazon sales of $113B disappoint Wall Street but profits of $7.8B exceed expectations - GeekWire,2021-07-29,AMZN
AMZN Stock Price Predictions: What Will Amazon Be Worth in 2025? 2030? - Yahoo Finance,2021-07-30,AMZN
Amazon rushes to boost fulfillment capacity as it plays ‘catch-up’ to demand - Supply Chain Dive,2021-07-30,AMZN
1 out of every 153 American workers is an Amazon employee - Business Insider,2021-07-30,AMZN
Amazon Annual Revenue by Segment: FY 2001 - 2020 - Dazeinfo,2021-07-30,AMZN
Amazon Annual Revenue By Region: FY 2013 to 2020 - Dazeinfo,2021-07-30,AMZN
Growth in Amazon Revenue by Quarter: FY Q1 1997 – Q2 2021 - Dazeinfo,2021-07-30,AMZN
Jeff Bezos Loses $13.5 Billion After Amazon Disappointment - Bloomberg,2021-07-30,AMZN
Why Apple shareholders shouldn't be too worried after the earnings selloff - CNBC,2021-08-01,AMZN
Apple (AAPL) Option Traders Bearish After Earnings - Investopedia,2021-08-02,AMZN
5 charts show Amazon’s growing logistics network as it puts inventory closer to consumers - Supply Chain Dive,2021-08-02,AMZN
Alibaba (BABA) Earnings Beat Expectations. Why the Stock Is Dropping. - Barron's,2021-08-03,AMZN
Amazon invested millions in a pre-revenue company with a system for measuring human proteins - CNBC,2021-08-05,AMZN
Amazon Stock: Investors Expect Too Much - The Motley Fool,2021-08-08,AMZN
Why Aterian Stock Plunged on Monday - The Motley Fool,2021-08-09,AMZN
Fractional shares: How to invest small in stocks like Amazon and Tesla - This is Money,2021-08-10,AMZN
What Traders Missed About Amazon (AMZN) Over the Years - Investopedia,2021-08-10,AMZN
"Investing, creating jobs, and contributing to the American economy - About Amazon",2021-08-11,AMZN
These 10 Standout Stocks Could Be the Next Amazon - Barron's,2021-08-13,AMZN
Amazon's Former Retail CEO Jeff Wilke Recently Backed 10 Startups - Business Insider,2021-08-14,AMZN
"Walmart takes another page from Amazon, reports 95% increase in U.S. advertising sales - GeekWire",2021-08-17,AMZN
Amazon EC2 – 15 Years of Optimizing and Saving Your IT Costs - Amazon Web Services,2021-08-17,AMZN
"Smallcase raises $40 Mn in Series C from Faering Capital, Amazon and others - Entrackr",2021-08-18,AMZN
Home Depot Bought $7 Billion of Its Stock; Should Investors Follow? - The Motley Fool,2021-08-19,AMZN
Big Tech Is in a Perilous Moment. The Stocks Are Unstoppable. - Barron's,2021-08-20,AMZN
Will Coupang Be a Trillion-Dollar Stock by 2030? - The Motley Fool,2021-08-21,AMZN
Is Amazon Poised to Conquer the Department Store Space? - The Motley Fool,2021-08-22,AMZN
Amazon vs. Netflix: Which is a better growth stock to buy? - USA Today,2021-08-22,AMZN
Amazon Vs. Walmart: The Epic Battle Of Retail Kings Gets Hot - Investor's Business Daily,2021-08-23,AMZN
Amazon Is Adding Employees Faster Than Revenue - Marketplace Pulse,2021-08-23,AMZN
Looking Back at Amazon's (AMZN) Missed NYC HQ2 - Investopedia,2021-08-24,AMZN
Can investors save the Amazon? - BBC,2021-08-25,AMZN
Does Apple's (AAPL) iPhone 13 Even Matter? - Investopedia,2021-08-27,AMZN
"Affirm soars 47% after partnering with Amazon to bring buy now, pay later service to the online retail giant - markets.businessinsider.com",2021-08-30,AMZN
Here's Why Katapult Holdings Stock Is Skyrocketing Today - The Motley Fool,2021-08-30,AMZN
Amazon pledges support to forests and communities in the Brazilian Amazon - About Amazon,2021-09-02,AMZN
How Amazon's cloud business generates billions in profit - CNBC,2021-09-05,AMZN
Amazon Is Investing $1.2B to Provide College Tuition and Skills Training for Its Employees - Dallas Innovates,2021-09-09,AMZN
How Amazon is fueling its revenue flywheel to keep driving the virtuous cycle - Business Insider,2021-09-14,AMZN
Amazon and Deliveroo deepen ties with Prime food delivery bundle in UK and Ireland - CNBC,2021-09-15,AMZN
Price to earnings ratio of Apple Inc – NASDAQ:AAPL - TradingView,2021-09-18,AMZN
10 Lessons from (Relentlessly) Owning Amazon Shares for 10 Years - The Smart Investor,2021-09-19,AMZN
"5 Game-Changing Stocks That Can Turn $200,000 Into $1 Million (or More) in 10 Years - The Motley Fool",2021-09-19,AMZN
How GoodRx Fended Off Amazon - Los Angeles Business Journal,2021-09-20,AMZN
Amazon Logistics Will Be A Trillion-Dollar Business (NASDAQ:AMZN) - Seeking Alpha,2021-09-21,AMZN
"How the dean of valuation prices loss-making tech stocks — and his views on Amazon, Netflix and Airbnb - MarketWatch",2021-09-23,AMZN
Amazon Web Services announces planned NZD $7.5 billion investment to open data centres in Aotearoa New Zealand - About Amazon Australia,2021-09-23,AMZN
These 15 innovations are helping to restore and protect the Amazon - The World Economic Forum,2021-09-23,AMZN
Why Amazon’s Holiday Hiring Frenzy Could Squeeze Retail Margins - WWD,2021-09-28,AMZN
Amazon vs. the S&P 500: Which Is the Better First Investment? - The Motley Fool,2021-09-30,AMZN
3 Reasons Amazon Should Consider Spinning Off AWS - The Motley Fool,2021-09-30,AMZN
Amazon Turns Negative for 2021 as Higher Yields Add to Pressure - Bloomberg,2021-10-04,AMZN
How Cloudflare Will Disrupt Amazon - The Motley Fool,2021-10-06,AMZN
Amazon all in on back-to-the office - Western Investor,2021-10-06,AMZN
"Bill Miller Touts Bitcoin, Coinbase, Compares Crypto to Amazon Stock - markets.businessinsider.com",2021-10-11,AMZN
Jeff Bezos Shared a 22-Year-Old Article Predicting Amazon's Failure to Show How to Deal With Criticism - NBC Bay Area,2021-10-12,AMZN
"2 Unstoppable Stocks That Could Turn $200,000 Into $1 million by 2030 - The Motley Fool",2021-10-13,AMZN
14 of the Newest European Rollup Players Gobbling up Amazon Sellers - Business Insider,2021-10-13,AMZN
"The best way to buy Amazon shares has a Canadian twist. Plus, why caution is necessary with oil stocks - The Globe and Mail",2021-10-15,AMZN
AT&T Tops Wall Street Estimates In Q3 Despite Expected HBO Max Hit - Deadline,2021-10-21,AMZN
Apple Among Big-Tech Earnings on Tap This Week - Kiplinger,2021-10-25,AMZN
"Investors call it the 'Amazon of Construction'. Meet the builders of Infra.Market, the now $2.5 billion beh... - Forbes India",2021-10-27,AMZN
"Earnings Season Shines Light on QQQ, Nasdaq 100 - ETF Trends",2021-10-27,AMZN
Amazon Q3 FY2021 Earnings Report Preview: What to Look For - Investopedia,2021-10-27,AMZN
Amazon earnings preview: Wall Street expects lower profits as tech giant boosts spending - GeekWire,2021-10-27,AMZN
"Apple sales miss expectations, Tim Cook says supply issues cost company $6 billion - CNBC",2021-10-28,AMZN
Amazon profits suffer largest percentage drop in four years - The Guardian,2021-10-28,AMZN
Amazon profit plunges 50% year over year — with more pain to come - The Seattle Times,2021-10-28,AMZN
Amazon: Labor now ‘primary capacity constraint’ even as workforce approaches 1.5 million - GeekWire,2021-10-28,AMZN
Apple and Amazon Stock Dives Set to Erase $200 Billion in Value - Bloomberg,2021-10-28,AMZN
"Opinion: Apple and Amazon are struggling, so investors may want to look to these tech stocks instead - MarketWatch",2021-10-28,AMZN
"Stock Market Today: Nasdaq Lifted by Amazon, Apple and … Meta? - Kiplinger",2021-10-28,AMZN
Apple Q4 FY2021 Earnings Report Recap - Investopedia,2021-10-28,AMZN
Amazon reveals 20% stake in Rivian ahead of EV maker’s IPO - TechCrunch,2021-10-29,AMZN
Why Jeff Bezos is backing this millennial founder's Indonesian start-up - CNBC,2021-10-31,AMZN
"Amazon-backed EV start-up Rivian plans to price shares up to $62, putting valuation near $55 billion - CNBC",2021-11-01,AMZN
Amazon sales growth slows and costs rise. (Published 2021) - The New York Times,2021-11-01,AMZN
When To Sell Stocks: Amazon Stock Triggered This Key Profit-Taking Rule - Investor's Business Daily,2021-11-03,AMZN
"Price to earnings ratio of Amazon.com, Inc. – NASDAQ:AMZN - TradingView",2021-11-04,AMZN
PayPal's Venmo strikes new partnership with Amazon; stock sinks as earnings outlook comes up short - MarketWatch,2021-11-08,AMZN
Why Aterian Stock Is Surging Today - The Motley Fool,2021-11-09,AMZN
Amazon And Other Big Winners In Rivian’s Supercharged IPO - Crunchbase News,2021-11-09,AMZN
"The big winners in Rivian's $77 billion IPO include Amazon, Ford, and a Saudi investor that sells gas-fueled cars - markets.businessinsider.com",2021-11-10,AMZN
Amazon France (AMZN) Revenue Climbed 28% in 2020 During Lockdowns - Bloomberg,2021-11-10,AMZN
Amazon-backed Rivian shares jump in IPO debut - Fox Business,2021-11-10,AMZN
Amazon-backed electric vehicle maker Rivian races to huge stock market debut after IPO - GeekWire,2021-11-10,AMZN
Rivian's shares jump more than 10% after soaring on the EV startup's stock market debut - markets.businessinsider.com,2021-11-11,AMZN
Meet the ‘Trillion Dollar Club’: How 5 companies took over the S&P 500—and likely your portfolio - Fortune,2021-11-13,AMZN
"Macy’s CEO, a department store veteran, fights to fit in the Amazon future of retail - CNBC",2021-11-13,AMZN
Visa falls after Amazon says it will stop accepting cards issued by the company in the UK - markets.businessinsider.com,2021-11-17,AMZN
"Up More Than 100% From Its Recent IPO, Is This Cloud Stock a Buy? - The Motley Fool",2021-11-19,AMZN
Did the Lucid and Rivian Bubble Burst Just Signal a Stock Market Top? - The Motley Fool,2021-11-24,AMZN
Best Financial Books for Doctors - The White Coat Investor,2021-11-24,AMZN
Amazon’s strategy to squeeze marketplace sellers and maximize its own profits is evolving - vox.com,2021-12-01,AMZN
Amazon Joins $5.4B Collectibles Boom - Front Office Sports,2021-12-03,AMZN
"After AWS outage, Larry Ellison says a major customer told him that Oracle's cloud 'never ever goes down' - CNBC",2021-12-09,AMZN
News | Affordable Housing Investor Taps Into $2 Billion Amazon Fund to Buy Apartments Near HQ2 - CoStar,2021-12-10,AMZN
Amazon backs Amogy and Hippo Harvest’s sustainability technologies - About Amazon,2021-12-14,AMZN
"3 Growth Stocks That Could Skyrocket 50% or More in 2022, According to Wall Street - The Motley Fool",2021-12-20,AMZN
Amazon.com Inc: Report on Aligning Retirement Plan Options with Company Climate Goals - As You Sow,2021-12-20,AMZN
2021 Review – Microsoft and Amazon Dominate IT Vendor Revenue and Growth Ranking - Synergy Research Group,2021-12-21,AMZN
Amazon (AMZN) Option Traders Expecting Volatility - Investopedia,2021-12-22,AMZN
Amazon's year in review: 2021 - About Amazon,2021-12-23,AMZN
"If You'd Invested $5,000 in Amazon in 2015, This Is How Much You Would Have Today - The Motley Fool",2021-12-29,AMZN
Amazon was the worst-performing FAANG stock of 2021 — here's why - CNBC,2022-01-05,AMZN
Rivian sinks 17% to dip below IPO price as snub from Amazon slams EV maker - markets.businessinsider.com,2022-01-06,AMZN
Where Will Amazon Stock Be In 5 Years (NASDAQ:AMZN) - Seeking Alpha,2022-01-09,AMZN
Why Amazon Stock Sorely Lagged the Broader Market in 2021 - The Motley Fool,2022-01-10,AMZN
Why Amazon Stock Slipped on Friday - The Motley Fool,2022-01-21,AMZN
"Apple revenue pops 11% to $123.9 billion, Cook says supply chain improving - CNBC",2022-01-27,AMZN
Amazon is earning and maintaining customer trust through privacy - About Amazon,2022-01-28,AMZN
MacKenzie Scott Cut Amazon Stock Worth $8.5 Billion Last Year - Bloomberg,2022-01-28,AMZN
"Amazon Q4 earnings preview: Analysts expect record revenue of $137B, lower profits - GeekWire",2022-02-01,AMZN
Amazon Q4 FY2021 Earnings Report Preview: What to Look For - Investopedia,2022-02-02,AMZN
Amazon's stake in electric automaker boosts profits as logistics expenses mount - The Business Journals,2022-02-03,AMZN
Amazon shares soar on cloud revenue beat and huge profit gain from Rivian stake - CNBC,2022-02-03,AMZN
AWS growth accelerates in quarter marred by outages - CNBC,2022-02-03,AMZN
Amazon to Raise Price of Prime Membership - The Hollywood Reporter,2022-02-03,AMZN
Amazon increases the price of Prime nearly 17% to $139 per year - CNBC,2022-02-03,AMZN
Here’s why Amazon’s $30 billion advertising business is so effective - GeekWire,2022-02-03,AMZN
"S&P 500 rises to end best week of the year so far, Amazon pushes Nasdaq 1.6% higher on Friday - CNBC",2022-02-03,AMZN
Amazon (AMZN) AWS revenue was up 40% in Q4 2021 to $17.78 billion - Shacknews,2022-02-03,AMZN
Amazon Earnings Preview: Will We Get an Alphabet Reaction or a Meta Reaction? - thestreet.com,2022-02-03,AMZN
Amazon has a $31 billion a year advertising business - CNBC,2022-02-03,AMZN
Amazon (AMZN) Q4 2021 earnings results massively beat EPS expectations - Shacknews,2022-02-03,AMZN
AMZN Earnings: All you need to know about Amazon’s Q4 2021 earnings results - AlphaStreet,2022-02-03,AMZN
Amazon Q4 2021 Earnings Report Recap - Investopedia,2022-02-03,AMZN
"Amazon profits nearly double to $14.3B, boosted by Rivian stake, as company hikes Prime fees - GeekWire",2022-02-03,AMZN
Amazon’s $191 Billion Jump Sets Record for Market Value Gain - Bloomberg,2022-02-04,AMZN
Prime Prices to Rise and Users May Unsubscribe. Does It Matter for Amazon Stock? - Barron's,2022-02-04,AMZN
"The Rundown: Google, Meta and Amazon are on track to absorb more than 50% of all ad money in 2022 - Digiday",2022-02-04,AMZN
Jeff Bezos Net Worth Climbs $19 Billion in a Day As Amazon Shares Soar - Business Insider,2022-02-04,AMZN
"Amazon is investing in American jobs, workers, and communities - About Amazon",2022-02-04,AMZN
AWS vs Amazon: Cloud giant’s revenue rises as parent company’s profit falls during Q4 - Computer Weekly,2022-02-04,AMZN
Missing profits: 93% of Amazon sellers lost revenue from supply chain disruptions - FreightWaves,2022-02-04,AMZN
"Bitcoin jumps 10%, climbs past $40,000 for first time in 2 weeks - Al Jazeera",2022-02-04,AMZN
Amazon surges with record $190 billion gain in value - Reuters,2022-02-04,AMZN
Opinion: $1.4 trillion? Big Tech’s pandemic year produces mind-boggling financial results - MarketWatch,2022-02-06,AMZN
"From movies to shipping, AWS is driving Amazon’s revenue diversification - TechCrunch",2022-02-07,AMZN
Amazon.de revenue €31 billion in 2021 - Ecommerce News - Europe,2022-02-07,AMZN
How to Buy Amazon Stock - money.com,2022-02-09,AMZN
Advertising Is Masking Amazon’s Unprofitability - Marketplace Pulse,2022-02-09,AMZN
Amazon: A major European employer - About Amazon Europe,2022-02-10,AMZN
"After Alphabet’s Stock Split, Amazon and Others Look Ripe to Split Shares - Barron's",2022-02-11,AMZN
Affirm’s revenue growth is being driven by Amazon and Shopify - Modern Retail,2022-02-11,AMZN
Billionaire investor Dan Loeb says there's an epic $1 trillion opportunity in Amazon that the market is failing to see - markets.businessinsider.com,2022-02-17,AMZN
Exclusive | Activist Investor Daniel Loeb Sees Roughly $1 Trillion of Untapped Value in Amazon - WSJ,2022-02-17,AMZN
A Secretive Belgian Tycoon Is a Key Investor in a Major New Gold Refinery in Brazil’s Amazon - The Intercept,2022-02-17,AMZN
Pros And Cons Of Investing In Amazon Stock (NASDAQ:AMZN) - Seeking Alpha,2022-03-01,AMZN
How Amazon-backed investment startup smallcase grew its userbase 7X in 3 years - YourStory.com,2022-03-04,AMZN
Amazon under investor pressure over tax transparency - Luxembourg Times,2022-03-06,AMZN
NYC real estate firm wants to open ‘Amazon-like’ warehouse in Paterson - Bergen Record,2022-03-09,AMZN
"Amazon to split stock for the first time since the dot-com boom, after gains of more than 4,500% - MarketWatch",2022-03-09,AMZN
Amazon stock split could set it up for being included in the Dow Industrials - CNBC,2022-03-09,AMZN
"Amazon announces 20-for-1 stock split, $10 billion buyback - CNBC",2022-03-09,AMZN
"Amazon Jumps on Plan to Split Stock, Buy Back Up to $10 Billion - Bloomberg",2022-03-09,AMZN
Amazon Approved a 20-for-1 Stock Split. Does That Mean It's a Good Time to Buy? - money.com,2022-03-10,AMZN
"Amazon (AMZN) Approves 20-for-1 Stock Split, $10B Buyback - Investopedia",2022-03-10,AMZN
Amazon Stock Split and Buyback Cheered On by Wall Street. Here’s Why. - Barron's,2022-03-10,AMZN
What is a stock split? Here’s how it impacts your investments - Fortune,2022-03-10,AMZN
Amazon stock split sends shares soaring - Yahoo Finance,2022-03-10,AMZN
Amazon’s stock is splitting: What that means for AMZN and investors - Fast Company,2022-03-10,AMZN
Amazon’s Stock Split Follows Alphabet’s. Here’s Who’s Next. - Barron's,2022-03-10,AMZN
Amazon announced a 20-for-1 stock split. Here’s what that means and how it will impact investors - CNBC,2022-03-10,AMZN
Amazon stock has its second-best day of 2022 on planned 20-for-1 split - CNBC,2022-03-10,AMZN
Amazon’s stock split: Here’s what employees and investors need to know - GeekWire,2022-03-11,AMZN
What Can We Learn from Amazon’s Stock Split? - Kellogg Insight,2022-03-17,AMZN
Saudi Ministry of Investment Signs MOU with Amazon Saudi Arabia - وكالة الأنباء السعودية,2022-03-19,AMZN
"Amazon will open its first fulfillment center in Turkey, creating 1,000 new jobs over the next year - About Amazon Europe",2022-03-23,AMZN
Amazon's profits will be hammered by higher gas prices: top analyst - Yahoo Finance,2022-03-24,AMZN
"Tesla, Alphabet, and Amazon Are Planning Stock Splits. Will That Help Them Join the Dow? - Barron's",2022-03-28,AMZN
Skeptical Of Amazon Stock At These Frothy Levels? Here's Why To Stay The Course - Investing.com India,2022-03-28,AMZN
Amazon makes historic launch investment to advance Project Kuiper - About Amazon,2022-04-04,AMZN
Amazon’s continued investment in Aussie jobs and businesses - About Amazon Australia,2022-04-06,AMZN
"Amazon Stock: Headed to $5,000? - The Motley Fool",2022-04-07,AMZN
Amazon faces shareholder vote on treatment of warehouse workers - Reuters,2022-04-07,AMZN
CNBC Pro Talks: Tesla vs. Nio? Amazon vs. Alibaba? Investor Sid Choraria picks his favorites and more - CNBC,2022-04-12,AMZN
Amazon Stock: The Impact Of Higher Interest Rates (NASDAQ:AMZN) - Seeking Alpha,2022-04-12,AMZN
2021 Letter to Shareholders - About Amazon,2022-04-14,AMZN
Introducing the $1 billion Amazon Industrial Innovation Fund - About Amazon,2022-04-21,AMZN
New York City and State Pension Funds Launch “VOTE NO” Campaign Against Against the Re-election of Two Amazon Board Directors Responsible for Oversight of Human Capital Management - NYC.gov,2022-04-21,AMZN
Agility Robotics raises $150M from Amazon and others to build human-like robots used in warehouses - GeekWire,2022-04-22,AMZN
"Building on progress at Amazon’s HQ2 in Arlington, Virginia - About Amazon",2022-04-23,AMZN
A Big Tech encore and Twitter showdown will shape biggest week of earnings season - MarketWatch,2022-04-24,AMZN
Amazon Q1 2022 Earnings Report Recap - Investopedia,2022-04-28,AMZN
Amazon reports slowing sales growth and indicates slowdown may continue. (Published 2022) - The New York Times,2022-04-28,AMZN
Amazon shares fall on bleak forecast and slowest growth since dot-com bust - CNBC,2022-04-28,AMZN
Amazon stock plunges after company issues disappointing revenue forecast - Yahoo Finance,2022-04-28,AMZN
Amazon stock tumbles as company reports $3.8 billion loss - The Seattle Times,2022-04-28,AMZN
Amazon shares fall 14% for worst day since 2006 - CNBC,2022-04-29,AMZN
"Amazon stock suffers worst day in more than 15 years, wiping away more than $200 billion in market cap - MarketWatch",2022-04-29,AMZN
AWS Now Has A $74B Annualized Revenue Run Rate - crn.com,2022-04-29,AMZN
"Amazon Stock Suffers Its Biggest One-Day Drop Since 2006, Falling 14% After Report Of Quarterly Loss - Deadline",2022-04-29,AMZN
Amazon Stock Sinks. This Part of Its Business Could Help Shares Fly Again. - Barron's,2022-04-29,AMZN
It’s The Time Of The Earnings Season For Losing - Banyan Hill Publishing,2022-05-01,AMZN
"Amazon to create 2,500 jobs at Southern California Tech Hubs - About Amazon",2022-05-03,AMZN
"AMZN, NFLX and The Three-Day Rule - Cabot Wealth Network",2022-05-05,AMZN
Amazon’s new labor issue: What to do with too many workers - The Washington Post,2022-05-05,AMZN
How to Roll a Butterfly - tastylive,2022-05-05,AMZN
Amazon stock has lost nearly all of its gains from the pandemic - CNBC,2022-05-10,AMZN
Amazon CEO Andy Jassy's $214 Million Pay Package Is 'Excessive': Report - Business Insider,2022-05-13,AMZN
Rivian's shares sink after a report says legal battle with a supplier could delay Amazon vans - CNBC,2022-05-16,AMZN
"Walmart and Amazon aren't seeing a labor shortage — they've had too many workers, and now it's taking a financial toll - Business Insider",2022-05-17,AMZN
Google and Amazon Face Shareholder Revolt Over Israeli Defense Work - The Intercept,2022-05-18,AMZN
"Prime Video reveals an investment of £1 billion in TV, movies, and live sport - About Amazon UK",2022-05-19,AMZN
Shipping's $500 Billion Profit Can Take on Amazon - Bloomberg,2022-05-22,AMZN
"Meta, Alphabet, and Amazon: A shareholder’s guide to supporting human rights - Access Now",2022-05-24,AMZN
"Bill Miller Touts Amazon Stock, Bitcoin, Warns of New Investing Era - markets.businessinsider.com",2022-05-25,AMZN
"Amazon shareholders approve $212M payout to CEO Jassy, reject worker safety, climate initiatives - The Seattle Times",2022-05-25,AMZN
Amazon shareholders reject 15 motions on worker rights and environment - The Guardian,2022-05-25,AMZN
Amazon shareholders reject investor-led proposals at annual meeting - New York Post,2022-05-25,AMZN
Amazon CEO Andy Jassy says he's focused on returning to 'healthy' level of profitability - CNBC,2022-05-25,AMZN
USA: Amazon faces ‘unprecedented shareholder action’ in favour of improving working conditions - Business and Human Rights Centre,2022-05-25,AMZN
Will Amazon Convert Shipping Expense into Profit? - Practical Ecommerce,2022-05-26,AMZN
How To Buy Amazon Stock (AMZN) In India - Forbes,2022-05-26,AMZN
"Loop Capital Says AMZN Stock Could Hit $4,000 in 2025 - InvestorPlace",2022-05-27,AMZN
Amazon Investors Push Company on Global Tax Transparency - The FACT Coalition,2022-05-27,AMZN
Amazon Shareholders Pass CEO's $214 Million Payout - Business Insider,2022-05-27,AMZN
Inside Amazon's Struggles With Record Inflation - Business Insider,2022-05-27,AMZN
Amazon Shareholders Narrowly Approve Executive Pay - Silicon UK,2022-05-30,AMZN
Amazon's Investment in Vodafone Idea: What it Means for Investors... - Equitymaster,2022-05-31,AMZN
ESG resolution round-up: Founders’ voting power helps Meta and Amazon fend off ESG proposals - Responsible Investor,2022-06-01,AMZN
Better Buy: Apple vs. Amazon - The Motley Fool,2022-06-03,AMZN
What Does Amazon's Stock Split Mean for Investors? - Morningstar,2022-06-03,AMZN
Amazon’s Split Shouldn’t Mean Much. But It Helped the Stock Anyway. - Barron's,2022-06-06,AMZN
Amazon's Stock Split Has Taken Effect. Now What? - The Motley Fool,2022-06-06,AMZN
"Amazon Stock Split, Retail Giant's First in 23 Years, Takes Effect - CNET",2022-06-06,AMZN
Amazon stock split may draw retail traders in tough market - Reuters,2022-06-06,AMZN
Amazon's Big Split - Investopedia,2022-06-06,AMZN
Target Stock Falls After a Second Warning That Earnings Will Drop. Amazon and Others Caught in Selloff. - Barron's,2022-06-07,AMZN
Does the Amazon Split Make the Stock a Buy? - The Motley Fool,2022-06-09,AMZN
Amazon Stock Remains Poised For Long-Term Gains Despite Adverse Macro Environment - Investing.com,2022-06-10,AMZN
Nearly half of Amazon shareholders agree: Time to cut back on plastic packaging - grist.org,2022-06-14,AMZN
Amazon Stock Is a Buy at $100 - InvestorPlace,2022-06-16,AMZN
Amazon Prime Day Is Coming. It Could Be the Catalyst the Stock Needs. - Barron's,2022-06-16,AMZN
The Carr Report: Amazon stock split 20 for 1! Should I buy? - New Pittsburgh Courier,2022-06-22,AMZN
Amazon to fund construction of 568 affordable homes in Seattle - About Amazon,2022-06-23,AMZN
BETA Technologies receives new funding from The Climate Pledge Fund - About Amazon,2022-06-23,AMZN
The Most Valuable Business on Earth Could Be Hiding Inside Amazon - Barron's,2022-06-29,AMZN
Why Amazon Shares Fell 12% in June - The Motley Fool,2022-07-05,AMZN
DoorDash Stock Is Coming Back Despite Grubhub Deal With Amazon - Barron's,2022-07-07,AMZN
Amazon’s “Customer-Centric” Business Model Couldn’t Function Without Abusing Workers - Jacobin,2022-07-09,AMZN
Amazon Prime Day Is Here. Is the Stock Also a Bargain? - Barron's,2022-07-12,AMZN
Amazon Stock Might Be the Best Amazon Prime Day Deal of All - Kiplinger,2022-07-13,AMZN
Amazon invests in green hydrogen companies - About Amazon,2022-07-14,AMZN
Amazon.com to Webcast Second Quarter 2022 Financial Results Conference Call - Amazon Investor Relations,2022-07-14,AMZN
"If you believe in Amazon, its stock is now a bargain after falling 34% this year - MarketWatch",2022-07-14,AMZN
The Biggest Stock Splits of 2022 and What They Mean for Investors - money.com,2022-07-18,AMZN
Where Will Amazon Stock Be In 10 Years? (NASDAQ:AMZN) - Seeking Alpha,2022-07-18,AMZN
Amazon’s Economic Impact in the UK for 2021 - About Amazon UK,2022-07-19,AMZN
Amazon Web Services brought in more money than McDonald’s in 2018 - qz.com,2022-07-20,AMZN
Amazon announced its first stock split in more than 20 years - qz.com,2022-07-20,AMZN
Amazon is EV startup Rivian’s biggest investor—and its most important customer - qz.com,2022-07-20,AMZN
"Alphabet, Amazon Look Ready to Join the Dow After Stock Splits - Barron's",2022-07-22,AMZN
Prediction: These Will Be the 3 Largest Stocks by 2040 - The Motley Fool,2022-07-24,AMZN
Big Tech earnings are about to determine the direction of the market - MarketWatch,2022-07-25,AMZN
Amazon Earnings Estimates Are Shrinking Ahead of the Report - Barron's,2022-07-25,AMZN
UPS puts limit on Amazon deliveries amid focus on bigger returns - Reuters,2022-07-26,AMZN
Amazon's One Medical Purchase Is The Genius Move Shareholders Have Been Hoping For - The Motley Fool,2022-07-26,AMZN
"Amazon sheds record 99k employees after overstaffing warehouses, will slow office hiring - GeekWire",2022-07-28,AMZN
Amazon.com (AMZN) Earnings: Ad Business Is a Star. But Where Are the Details? - Bloomberg,2022-07-28,AMZN
Amazon jumps on revenue beat and rosy guidance for third quarter - CNBC,2022-07-28,AMZN
"Amazon records $3.9 billion loss on Rivian investment, bringing markdown for the year to $11.5 billion - CNBC",2022-07-28,AMZN
"Amazon posts 7.2 percent increase in revenue, the slowest growth rate in two decades. (Published 2022) - The New York Times",2022-07-28,AMZN
Amazon stock rises 10% as tech giant beats revenue expectations amid 'inflationary pressures' - GeekWire,2022-07-28,AMZN
Amazon (AMZN) Q2 2022 earnings results beat revenue expectations - Shacknews,2022-07-28,AMZN
"Amazon could make one improvement to help future earnings results, analyst says - MarketWatch",2022-07-29,AMZN
Rivian Was Responsible for Amazon’s Loss. The Market Was Ready This Time. - Barron's,2022-07-29,AMZN
Amazon posts second quarterly loss in a row but shares rise on strong earnings - The Guardian,2022-07-29,AMZN
Amazon’s physical store sales rise 12.5% - Grocery Dive,2022-08-01,AMZN
Calendar Spread for Earnings - tastylive,2022-08-03,AMZN
Optimal pricing for maximum profit using Amazon SageMaker - Amazon Web Services,2022-08-04,AMZN
Investment group pays $5.2 billion to buy Amazon air freight contractor Atlas Air - DC Velocity,2022-08-04,AMZN
"From Theory to Practice - Aug 4, 2022 - tastylive",2022-08-04,AMZN
Amazon and iRobot sign an agreement for Amazon to acquire iRobot - About Amazon,2022-08-05,AMZN
"Tom Alberg, Early Amazon Investor and Board Member, Dies at 82 - Bloomberg",2022-08-06,AMZN
"Tom Alberg, 1940-2022: Early Amazon investor was a champion of Pacific Northwest tech - GeekWire",2022-08-06,AMZN
"Tom Alberg, Early Amazon Investor and Long-Time Amazon Board Member, Dies at 82 - WSJ",2022-08-07,AMZN
Remembering Tom Alberg: How an understated investor had an outsized impact on Seattle tech - GeekWire,2022-08-08,AMZN
2 Stock-Split Stocks That Have Never Been Cheaper and 1 Value Trap to Avoid Like the Plague - The Motley Fool,2022-08-11,AMZN
"Tom Alberg, Early Amazon Investor, Cultivated Tech Startups - WSJ",2022-08-12,AMZN
AMZN Forecast — Price Target — Prediction for 2027 - TradingView,2022-08-16,AMZN
Shareholders are critical to holding Amazon accountable on sustainability - Trellis Group (formerly GreenBiz),2022-08-18,AMZN
How Amazon’s DSP program has created $26 billion in revenue for owners - About Amazon,2022-08-19,AMZN
Exclusive: Amazon invests in re-commerce marketplace Cashify - Entrackr,2022-08-23,AMZN
FDI in 2021: Top foreign investors - Investment Monitor,2022-08-23,AMZN
Here's Why Amazon's Green Hydrogen Partnership with Plug Power Is a Big Deal - The Motley Fool,2022-08-25,AMZN
Amazon Stock Split Performance - Acorns,2022-08-25,AMZN
"John Doerr Talks Early Tech Bets, Regrets Not Backing Elon Musk, Tesla - markets.businessinsider.com",2022-08-25,AMZN
Amazon Stock: $9.7 Bln Revenue Opportunity In Healthcare (NASDAQ:AMZN) - Seeking Alpha,2022-08-25,AMZN
"Amazon.com, Inc. Earnings and Revenue – NASDAQ:AMZN - TradingView",2022-08-31,AMZN
Amazon pays college tuition for front-line employees - About Amazon,2022-09-01,AMZN
Apple Inc Earnings and Revenue – NASDAQ:AAPL - TradingView,2022-09-02,AMZN
Analyzing the 2022 Stock Splits - Nasdaq,2022-09-08,AMZN
Investor grabs Amazon shipping hub at DFW Airport - Dallas News,2022-09-14,AMZN
It's Google Vs. Amazon Now In Online Shopping - Investor's Business Daily,2022-09-15,AMZN
Why Doesn't Amazon Pay a Dividend? - The Motley Fool,2022-09-16,AMZN
Amazon: Facts and Statistics - Investing.com,2022-09-16,AMZN
Lack of drivers may stall Amazon’s Vancouver Island rollout - Western Investor,2022-09-19,AMZN
Amazon is partnering with Infinium to help power its trucking fleet with low-carbon electrofuels - About Amazon,2022-09-20,AMZN
"If You Invested $10,000 in Amazon for Its IPO in 1997, Here's How Much You'd Have Now - The Motley Fool",2022-09-22,AMZN
Large-scale revenue forecasting at Bosch with Amazon Forecast and Amazon SageMaker custom models - Amazon Web Services,2022-09-23,AMZN
Amazon invests nearly $1 billion in increased wages for operations employees - About Amazon,2022-09-28,AMZN
Why Warren Buffett Loves Amazon Stock - The Motley Fool,2022-09-30,AMZN
Why Is Amazon (AMZN) Stock Up Today? - InvestorPlace,2022-10-04,AMZN
Amazon is investing $150 million in funds that support underrepresented entrepreneurs - About Amazon,2022-10-05,AMZN
PLP completes Amazon warehouse in Knowsley - Place North West,2022-10-05,AMZN
"If You Invested $1,000 in AMZN Stock Right Before the 2008 Market Crash, Here's What You'd Have Today - InvestorPlace",2022-10-05,AMZN
Too Few Workers Means More Robots In Warehouses - Investor's Business Daily,2022-10-07,AMZN
How Ring's Founder Created A Doorbell Worth $1 Billion To Amazon - Investor's Business Daily,2022-10-11,AMZN
"Shuttered businesses, canceled warehouses and hiring freezes: Amazon is having a wave of frugality under CEO Andy Jassy - CNBC",2022-10-12,AMZN
"If You Invested $1,000 In Amazon Stock at Its IPO, Here's How Much You'd Have Now - The Motley Fool",2022-10-13,AMZN
Amazon Web Services announces 190 billion baht investment to drive Thailand’s digital future - About Amazon Singapore,2022-10-18,AMZN
Amazon to invest more than €1 billion to electrify its European transportation network and reduce carbon emissions - About Amazon,2022-10-18,AMZN
Marc Lore on ‘upsetting’ Diapers.com sale: ‘Investors got scared off by Amazon’s attack’ - TechCrunch,2022-10-18,AMZN
The $1 Million Amazon Conflict: Washington’s Ethics Czars Struggle to Enforce Stock-Trading Laws - WSJ,2022-10-21,AMZN
Big Tech Earnings Are Coming. 5 Questions Hang Over the Stocks. - Barron's,2022-10-21,AMZN
Amazon Q3 earnings preview: Where next for AMZN stock? - City Index UK,2022-10-25,AMZN
Alphabet and Microsoft Stocks Sink on Earnings. Alarms Are Ringing for Big Tech. - Barron's,2022-10-26,AMZN
Microsoft’s Earnings Were Bad News for Amazon and Other Software Stocks. Here’s Why. - Barron's,2022-10-26,AMZN
Apple beats but comes up light on iPhone sales and services - CNBC,2022-10-27,AMZN
Amazon Returns to Growth but Signals Slowness Ahead (Published 2022) - The New York Times,2022-10-27,AMZN
Amazon (AMZN) Q3 2022 earnings results beat EPS expectations - Shacknews,2022-10-27,AMZN
Amazon stock sinks 13% on weak fourth-quarter guidance - CNBC,2022-10-27,AMZN
"Amazon Outpaces Snap, Meta, Alphabet in Q3 Ad Revenue - ADWEEK",2022-10-27,AMZN
Amazon Slips Below $1 Trillion in Value After Bleak Outlook - Bloomberg,2022-10-27,AMZN
Listen to the Amazon (AMZN) Q3 2022 earnings call here - Shacknews,2022-10-27,AMZN
AMZN Earnings: All you need to know about Amazon’s Q3 2022 earnings results - AlphaStreet,2022-10-27,AMZN
Amazon shares drop nearly 20% after company predicts weaker holiday sales - The Guardian,2022-10-27,AMZN
Amazon stock tanks nearly 20% after lower than expected holiday quarter guidance - GeekWire,2022-10-27,AMZN
Amazon Shares Plunge on Forecast for Sluggish Holiday Sales - Bloomberg,2022-10-27,AMZN
Amazon nears $10B in quarterly ad revenue while digital peers slump - Marketing Dive,2022-10-28,AMZN
Jeff Bezos’ net worth plummets by $7.5 billion as Amazon stock plunges - New York Post,2022-10-28,AMZN
Amazon Shares Skid on Weak Outlook Amid Recession Fears - WSJ,2022-10-28,AMZN
Amazon’s Stock Drop Trips Up Some Well-Known Funds - Morningstar,2022-10-28,AMZN
"'The recession may be here already': Amazon sees $120 billion in market value wiped out after mixed 3rd-quarter earnings, but Wall Street isn't turning bearish yet - markets.businessinsider.com",2022-10-28,AMZN
Amazon and Meta stocks have lost roughly $160 billion in market cap after a Big Tech earnings ‘horror show’ - Fortune,2022-10-28,AMZN
Amazon shares fall 7% on weak fourth-quarter forecast - CNBC,2022-10-28,AMZN
Amazon said a strong dollar cost it $900 million more than expected in the past quarter - markets.businessinsider.com,2022-10-28,AMZN
Amazon sell-off pushes market cap below $1 trillion for first time since April 2020 - CNBC,2022-11-01,AMZN
"As Amazon’s value drops below $1 trillion, this chart shows how dramatically the biggest tech heavyweights have fallen - Fortune",2022-11-02,AMZN
Amazon commits $53 million to fast-track innovations by female climate tech entrepreneurs - About Amazon,2022-11-03,AMZN
"Amazon stock breaks long-term chart support, closes in on big inflection point - MarketWatch",2022-11-04,AMZN
Amazon calls on Rivian's EDV to handle hectic 2022 Holiday deliveries - Teslarati,2022-11-07,AMZN
"How a Seattle investor, Univ. of Washington student and Amazon are linked by new documentary film - GeekWire",2022-11-08,AMZN
"Amazon has made history as the first public company ever to lose $1 trillion in market value, as the tech sell-off worsens - Yahoo Finance UK",2022-11-09,AMZN
"Amazon has made history as the first public company ever to lose $1 trillion in market value, as the tech selloff worsens - markets.businessinsider.com",2022-11-10,AMZN
Where Will Amazon (AMZN) Stock Be in 5 Years? - InvestorPlace,2022-11-11,AMZN
"Alexa, why is your department shrinking? Because Amazon couldn’t find a profitable use for her - Fortune",2022-11-15,AMZN
"Amazon launches second cloud region in India, pledges $4.4 billion investment - TechCrunch",2022-11-22,AMZN
"How Alexa, Echo, and other devices became a drag on Amazon’s revenue - Fast Company",2022-11-26,AMZN
"Amazon Is a Top Stock Pick for Next Year, Says J.P. Morgan - Barron's",2022-11-28,AMZN
Should You Back Up the Truck and Load Up on Amazon Stock? - The Motley Fool,2022-11-28,AMZN
"Three Brilliant Communication Tactics Jeff Bezos Pioneered to Fuel Amazon’s Growth, According to Investors and Executives Who Know Him Best - Quick and Dirty Tips",2022-11-30,AMZN
Better Buy: Microsoft vs. Amazon - The Motley Fool,2022-12-09,AMZN
"Watch Out, Netflix: Is Amazon the Streamer to Beat? - The Motley Fool",2022-12-13,AMZN
Canadian Gold Miner Belo Sun Accused of Misleading Investors - amazonwatch.org,2022-12-14,AMZN
Amazon stock gives up last of its pandemic gains after almost 50% slump in 2022 - CNBC,2022-12-19,AMZN
Why Amazon stock has tanked by 50% in 2022 - Yahoo Finance,2022-12-20,AMZN
Amazon Stock Price (NASDAQ: AMZN): When will AMZN Stock Break its Selling Streak and Recover Back to $100 Price? - The Coin Republic,2022-12-22,AMZN
Amazon Stock Just Hit a 52-Week Low. Here's Why It Could Go Even Lower. - The Motley Fool,2022-12-22,AMZN
"If You Invested $10,000 in Amazon Stock at Its IPO, Here's How Much You'd Have Today - The Motley Fool",2022-12-24,AMZN
"Amazon is working on a standalone app for sports content, new report claims - TechCrunch",2022-12-28,AMZN
Amazon lost half its value this year as tech stocks got crushed and recession fears grew - CNBC,2022-12-29,AMZN
Amazon Stock: Conviction Buy Cheaper Than 2018 (NASDAQ:AMZN) - Seeking Alpha,2023-01-03,AMZN
Huge Amazon center in Newark is bought by veteran real estate investor - The Mercury News,2023-01-04,AMZN
Underwear retailer Bambody sells to Amazon brands investor Heyday - AFR,2023-01-04,AMZN
"Down Almost 50%, Is Amazon Stock a Buy In 2023? - The Motley Fool",2023-01-10,AMZN
Strong day for Amazon stock price on Wednesday rising 5.81% to $95.09 - StockInvest.us,2023-01-11,AMZN
Amazon's AWS Faces Risks as Economy Slows: Wall Street - Barron's,2023-01-13,AMZN
Amazon Stock 2023 Forecast: A Significant Trend Overlooked (NASDAQ:AMZN) - Seeking Alpha,2023-01-15,AMZN
Amazon Stock: Technicals And Valuation Indicate The Bottom Is In (NASDAQ:AMZN) - Seeking Alpha,2023-01-16,AMZN
Amazon Asked by Investors to Explain Working Conditions - Morningstar,2023-01-19,AMZN
7 Space Stocks to Buy Now or You’ll Be Kicking Yourself Later - Yahoo Finance,2023-01-24,AMZN
"Stocks Edge Lower, Amazon, Google, GE, Microsoft – Five Things To Know - thestreet.com",2023-01-24,AMZN
Better Buy In 2023: Amazon Stock vs. Tesla Stock - The Motley Fool,2023-01-25,AMZN
Amazon - AWS Can't Save This (NASDAQ:AMZN) - Seeking Alpha,2023-01-25,AMZN
Amazon Q4 earnings preview: Where next for AMZN stock? - FOREX.com,2023-01-27,AMZN
Amazon Stock: The King Of Operating Leverage (NASDAQ:AMZN) - Seeking Alpha,2023-01-27,AMZN
Amazon Q4 Earnings Preview: Be Greedy When Others Are Fearful (NASDAQ:AMZN) - Seeking Alpha,2023-01-31,AMZN
Amazon expected to post first unprofitable year since 2014 and worst loss since the dot-com bust - MarketWatch,2023-01-31,AMZN
Amazon earnings preview: Holiday quarter report will show impact of economic uncertainty - GeekWire,2023-02-01,AMZN
"An Investment of Just $1,000 in Any of These 3 Stocks Could've Made You a Millionaire - The Motley Fool",2023-02-01,AMZN
Why Amazon Stock Jumped 23% in January - The Motley Fool,2023-02-02,AMZN
Amazon beats on fourth-quarter revenue but provides light guidance - CNBC,2023-02-02,AMZN
"Amazon stock drops after revenue beat, EPS miss - Yahoo Finance",2023-02-02,AMZN
"Amazon reports $149B in revenue for holiday quarter, beating estimates, but shares fall 6% - GeekWire",2023-02-02,AMZN
Amazon is shutting some Fresh and Go stores as the company cuts costs - CNBC,2023-02-02,AMZN
Amazon CEO Andy Jassy explains the company's current mindset in surprise debut on earnings call - GeekWire,2023-02-02,AMZN
"Amazon's cloud business reports 20% growth in fourth quarter, missing estimates - CNBC",2023-02-02,AMZN
Apple posts first revenue drop in four years - The Guardian,2023-02-02,AMZN
"Earnings: Google parent Alphabet (GOOG, GOOGL) reports lower Q4 profit - AlphaStreet",2023-02-02,AMZN
Apple sales drop 5% in largest quarterly revenue decline since 2016 - CNBC,2023-02-02,AMZN
Apple (AAPL) Q1 2023 Earnings: What to Expect - Nasdaq,2023-02-02,AMZN
"Amazon Beats Expectations in Q4 Earnings, Advertising Revenue Surges to $11.6B - The Hollywood Reporter",2023-02-02,AMZN
"Amazon's advertising business grew 19%, while Google and Meta both deal with slowdowns - CNBC",2023-02-02,AMZN
"Amazon Q4 Revenue Hits $149 Billion, Topping Wall Street Forecasts, as Profit Falls - Variety",2023-02-02,AMZN
Amazon Reports Almost No Profit and Slowing Growth (Published 2023) - The New York Times,2023-02-02,AMZN
Amazon CEO Andy Jassy's First Ever Earnings Call: Shares 4 Priorities - Business Insider,2023-02-02,AMZN
Why Amazon Stock Plunged Today - The Motley Fool,2023-02-03,AMZN
Amazon’s CEO Fumbles - 24/7 Wall St.,2023-02-03,AMZN
Amazon (AMZN) Stock: Earnings Miss But Cloud Is Still A Growth Engine - Seeking Alpha,2023-02-06,AMZN
"Amazon's Full FY'22 Results - The good, the bad & the ugly - Moomoo",2023-02-06,AMZN
"Down 45%, Is Amazon Stock a Once-In-a-Generation Buying Opportunity? - The Motley Fool",2023-02-08,AMZN
‘Patience has run out’: Pension fund ditches Amazon over workers rights - Responsible Investor,2023-02-10,AMZN
Amazon Stock Price Prediction - GOBankingRates,2023-02-10,AMZN
Amazon Leads $20M Investment Into Synthetic Celebrity Studio Superplastic - The Hollywood Reporter,2023-02-15,AMZN
"Shopify stock falls nearly 7% as forecast disappoints amid escalating Amazon rivalry, price increases - MarketWatch",2023-02-15,AMZN
"Superplastic, a creator of 'synthetic' influencers, raises $20M led by Amazon in deal to make TV shows and more - TechCrunch",2023-02-15,AMZN
Amazon and Other Quality Stocks Have Been Hit Hard. They Could Be Buys. - Barron's,2023-02-17,AMZN
Amazon Music strikes playlist partnership with generative AI music company Endel - Music Business Worldwide,2023-02-20,AMZN
Exclusive | Amazon Corporate Workers Face Pay Reduction After Shares Slip - WSJ,2023-02-20,AMZN
Amazon Sales And Profit Analysis For 2022: Top 10 Insights - Forrester,2023-02-21,AMZN
Amazon’s share of seller revenue is now 50% - Search Engine Land,2023-02-21,AMZN
Here's How Amazon Makes Money - The Motley Fool,2023-02-21,AMZN
FreshToHome raises $104m with Amazon as lead investor - Gulf Business,2023-02-22,AMZN
Amazon's Stock Is Historically Cheap. Is It Time to Buy? - The Globe and Mail,2023-02-22,AMZN
Amazon's Stock Is Historically Cheap. Is It Time to Buy? - The Motley Fool,2023-02-22,AMZN
Amazon's Lagging Performance Vs. eBay Since 2020 Should Continue - Seeking Alpha,2023-02-25,AMZN
"If You Invested $10,000 In Amazon Stock 10 Years Ago, This Is How Much You Would Have Today - The Motley Fool",2023-02-27,AMZN
Amazon will spend $200 million on safety technology across its transportation network in 2023 - About Amazon,2023-02-27,AMZN
Exclusive | Amazon Employees Will Be Able to Use Stock as Collateral for Home Loans - WSJ,2023-02-28,AMZN
Why Amazon's Climate Pledge Fund is investing in this entrepreneur and her plastic waste solution - About Amazon,2023-02-28,AMZN
Amazon Employees Can Now Use Their Company Stock To Secure Home Loans - Investopedia,2023-02-28,AMZN
Big tech's billions for climate: Here's where Amazon and Microsoft are making their carbon bets - GeekWire,2023-03-01,AMZN
Amazon staff can now use their stock as down payments when they buy a home - Fortune,2023-03-01,AMZN
"‘They’re more concerned about profit’: Osha, DoJ take on Amazon’s grueling working conditions - The Guardian",2023-03-02,AMZN
Why Amazon's International E-Commerce Segment Has Long-Term Growth Potential - The Motley Fool,2023-03-03,AMZN
Amazon Web Services announces MYR 25.5 billion investment in Malaysia - About Amazon Singapore,2023-03-07,AMZN
"If You Invested $10,000 in Amazon Stock in 2013, This Is How Much You Would Have Today - The Motley Fool",2023-03-14,AMZN
How Profitable Could Amazon Really Be? - The Motley Fool,2023-03-14,AMZN
"If You Invested $10,000 in Amazon at Its IPO, This Is How Much You Would Have Today - The Motley Fool",2023-03-18,AMZN
"Amazon and Meta's 48,000 job cuts usher in Big Tech's new mantra: Revenue per employee - Business Insider",2023-03-21,AMZN
Amazon: Time To Buy (NASDAQ:AMZN) - Seeking Alpha,2023-03-22,AMZN
Amazon’s Pricey Stock Is Getting Harder to Justify - Bloomberg,2023-03-23,AMZN
The leader of Amazon's Female Founder Initiative says women shouldn't ‘take no’ at face value - About Amazon,2023-03-23,AMZN
"CHARTS: We analyzed revenue per employee to show why Amazon, Meta, and others are axing workers with brutality and speed - Yahoo Finance",2023-03-31,AMZN
"1 Green Flag for Amazon Stock in 2023, and 1 Red Flag - The Motley Fool",2023-04-04,AMZN
"Is Amazon a Retailer, a Tech Firm, or a Media Company? How AI Can Help Investors Decide - Harvard Business School",2023-04-11,AMZN
Ideas | Why Amazon takes down products or reviews remains a mystery - Rest of World,2023-04-11,AMZN
Amazon shareholder proposals hit record for 2nd straight year - Reuters,2023-04-13,AMZN
Amazon: Don’t Let Stock-Based Compensation Dilute Your Thoughts (NASDAQ:AMZN) - Seeking Alpha,2023-04-13,AMZN
"Amazon CEO Andy Jassy Commits to Cost-Cutting, Innovation in Shareholder Letter - WSJ",2023-04-13,AMZN
How Amazon boosts local economies in the communities we invest - About Amazon Europe,2023-04-13,AMZN
Amazon CEO Andy Jassy on investor letter: Consumer and enterprise both more careful on spending - CNBC,2023-04-13,AMZN
CEO Andy Jassy’s 2022 Letter to Shareholders - About Amazon,2023-04-13,AMZN
Amazon CEO Andy Jassy says he doesn't focus on the company's stock price - CNBC,2023-04-13,AMZN
How to Buy Amazon Shares in the UK - Fool UK,2023-04-18,AMZN
Amazon vs. Alibaba: Which Is a Better Value? - Yahoo Finance,2023-04-18,AMZN
Amazon sets record for shareholder proposals - Minerva-Manifest,2023-04-18,AMZN
Amazon Preps Managers for Employee Pay Questions After Stock Drops - Business Insider,2023-04-18,AMZN
Amazon Q1'23 Preview: AWS Is Going From Hero To Zero (NASDAQ:AMZN) - Seeking Alpha,2023-04-24,AMZN
Amazon Projected to Turn a Profit Despite a Slowdown in Cloud Services Revenue - Investopedia,2023-04-25,AMZN
"Ahead of Earnings, Is Amazon Stock a Buy? - Morningstar",2023-04-25,AMZN
"Amazon earnings preview: Analysts watching cloud growth, impact of layoffs - GeekWire",2023-04-26,AMZN
Amazon's 16% cloud revenue growth impresses even as margin narrows - CNBC,2023-04-27,AMZN
Earnings: Highlights of Intel’s (INTC) Q1 2023 financial results - AlphaStreet,2023-04-27,AMZN
Amazon's ad business is growing at just the right time - Axios,2023-04-27,AMZN
CommerceIQ's Guru Hariharan breaks down Amazon's earnings beat - CNBC,2023-04-27,AMZN
"Amazon Q1 revenue, profit grow but cloud unit a concern - The Hill",2023-04-27,AMZN
Better Buy: Amazon vs. Netflix - The Motley Fool,2023-04-27,AMZN
Amazon stock dips as uncertain cloud outlook overshadows revenue beat - CNBC,2023-04-27,AMZN
Amazon Earnings Beat Estimates. Why the Stock Is Dropping. - Barron's,2023-04-27,AMZN
Amazon (AMZN) Q1 2023 earnings results beat revenue & EPS expectations - Shacknews,2023-04-27,AMZN
"Amazon.com, Inc. - Amazon.com Announces First Quarter Results - Amazon Investor Relations",2023-04-27,AMZN
Amazon beats expectations in first quarter earnings as shares jump 11% - The Guardian,2023-04-28,AMZN
Amazon is Largest Contributor to Expected Earnings Growth for the S&P 500 for 2023 - FactSet Insight,2023-05-01,AMZN
New startups join the Amazon Sustainability Accelerator - About Amazon UK,2023-05-03,AMZN
Apple reports better-than-expected quarter driven by iPhone sales - CNBC,2023-05-04,AMZN
CEO of fitness band maker Whoop mocks the demise of Amazon's Halo health device - CNBC,2023-05-04,AMZN
Committed to our communities: The economic impact of AWS’s $15.6 billion investment in Oregon - About Amazon,2023-05-08,AMZN
"Amazon.com, Inc. Revenue Breakdown – NASDAQ:AMZN - TradingView",2023-05-17,AMZN
Attention Amazon: your shareholders want you to protect human rights - Access Now,2023-05-18,AMZN
Amazon's economic impact in Canada: How we're investing in local communities - About Amazon,2023-05-18,AMZN
'We've given it another 50-plus years of life': Look inside downtown's redeveloped Canada Post building before it opens - Western Investor,2023-05-18,AMZN
Will Amazon Deliver for the Bulls or Bears? - ETF Database,2023-05-19,AMZN
Amazon beats all 18 shareholder-led proposals at annual meeting - Reuters,2023-05-24,AMZN
Hopscotch raises $20 million in a funding round led by Amazon - ET Retail,2023-05-24,AMZN
1 in 3 Amazon Shareholders Unhappy With Executive Pay Practices - Morningstar,2023-05-31,AMZN
Better Buy: Amazon Stock vs. Microsoft Stock - The Motley Fool,2023-06-01,AMZN
Amazon: No Wireless Plans 'At This Time'; Telecom Stocks Close Down - Investor's Business Daily,2023-06-05,AMZN
What Amazon’s AGM revealed about shareholders’ ESG priorities - PA Future,2023-06-06,AMZN
Learn about AWS’s long-term commitment to Virginia - About Amazon,2023-06-06,AMZN
What Will Amazon Stock Be Worth In 2025? I'm Buying Put Spreads (NASDAQ:AMZN) - Seeking Alpha,2023-06-06,AMZN
Amazon Stock Is Up 50% This Year. Is It Still a Buy? - The Motley Fool,2023-06-08,AMZN
News | Amazon-Leased Warehouse in Dallas Trades to West Coast Investor - CoStar,2023-06-08,AMZN
"Amazon Rallies as Street Gets Bullish on Outlook for Retail, AWS, and AI - Barron's",2023-06-08,AMZN
"Jeff Bezos Bought One Amazon Share, Might Be Elon Musk-Style Trolling - markets.businessinsider.com",2023-06-12,AMZN
"If I Had $1,000 to Invest Between Amazon, Johnson & Johnson, and Tesla Stocks, Here's How I'd Do It - The Motley Fool",2023-06-15,AMZN
"Amazon's Breakeven Earnings, Soaring Valuation: A Red Flag For Value Investors (AMZN) - Seeking Alpha",2023-06-19,AMZN
"Amazon to fund 350 apprenticeships and traineeships across TV, film and books - About Amazon UK",2023-06-21,AMZN
Amazon's stock could soar to $180 as analyst says Wall Street is 'very wrong' about key catalyst - MarketWatch,2023-06-22,AMZN
Amazon Prime Day is coming up. Here's how to snag the best deals - CNBC,2023-06-22,AMZN
"AWS Profits Are Shrinking, Making Amazon Stock Tough to Own - The Motley Fool",2023-06-24,AMZN
Amazon to take its India investment to $26 billion by 2030 - About Amazon India,2023-06-24,AMZN
"AWS plans $10 billion infrastructure investment in Ohio, advancing the future of AI - About Amazon",2023-06-26,AMZN
Early Amazon Investor Bill Miller is Still Bullish on Bitcoin Despite the Recent Crash – What Does he Know? - Cryptonews,2023-06-26,AMZN
When Is the Last Time Amazon's Stock Experienced a Golden Cross? - The Motley Fool,2023-07-03,AMZN
The Union Organizing Drive Against Corporate America - Investor's Business Daily,2023-07-07,AMZN
Prime Day Often Pushes Amazon's Stock Price Down - Investopedia,2023-07-09,AMZN
"Amazon’s stock is no longer a sleeper pick, but Wells Fargo sees more wins ahead - MarketWatch",2023-07-11,AMZN
"Opinion | Amazon Prime Day, Walmart Plus Week and the Battle of the Retail Giants (Published 2023) - The New York Times",2023-07-12,AMZN
Amazon Stock Is Rising. Sales Hit a Record During Prime Day. - Barron's,2023-07-13,AMZN
"If You Invested $1,000 in Amazon in 2003, This Is How Much You Would Have Today - The Motley Fool",2023-07-16,AMZN
17 Awful Investments by Amazon - 24/7 Wall St.,2023-07-18,AMZN
Prime Video’s investment in the UK is creating opportunities for homegrown film and TV talent - About Amazon UK,2023-07-19,AMZN
Tylenol Maker Kenvue Sees Self-Care Surge as Amazon Emerges as Destination for Category - PYMNTS.com,2023-07-20,AMZN
Better Buy: Costco vs. Amazon Stock - The Motley Fool,2023-07-21,AMZN
iRobot Shares Plunge After Amazon Lowers Purchase Price - Investopedia,2023-07-25,AMZN
DISH’s Boost Is Coming to Amazon. Why the Stock Is Dropping. - Barron's,2023-07-26,AMZN
Amazon vows to double same-day delivery facilities in coming years - Fortune,2023-07-31,AMZN
Amazon Doubles Down on Delivery Speed Ahead of Earnings (AMZN) - Bloomberg,2023-07-31,AMZN
"Amazon modifies ad revenue, impressions share policy for international Fire TV apps - StreamTV Insider",2023-07-31,AMZN
Prime Day 2023 Powered by AWS – All the Numbers - Amazon Web Services,2023-08-02,AMZN
"US stocks fall as bond yields jump and investors await Apple, Amazon earnings - markets.businessinsider.com",2023-08-03,AMZN
Amazon Posts 11% Rise in Revenue as Growth Improves (Published 2023) - The New York Times,2023-08-03,AMZN
"Amazon Profits, Revenue Surge in Q2 - Transport Topics",2023-08-03,AMZN
Amazon (AMZN) Q2 2023 earnings results beat EPS & revenue expectations - Shacknews,2023-08-03,AMZN
Amazon stock rises as online orders pick back up - Fast Company,2023-08-03,AMZN
"Amazon CEO: AWS ""poised"" to be ""partner of choice in generative AI"" - Axios",2023-08-03,AMZN
AMZN Earnings: Key quarterly highlights from Amazon’s Q2 2023 financial results - AlphaStreet,2023-08-03,AMZN
Jeff Bezos’ wealth balloons by $12 billion as Amazon stock soars 11 percent - New York Post,2023-08-04,AMZN
Apple Inc. (NASDAQ:AAPL) Q3 2023 Earnings Call Transcript - Yahoo Finance,2023-08-04,AMZN
"Up 54% This Year, Is Amazon Stock Still a Buy? - The Motley Fool",2023-08-06,AMZN
"Amazon Gets An Earnings Lift, But Is It Back On The Growth Track? - Investor's Business Daily",2023-08-07,AMZN
Amazon in talks with UK microchip designer Arm over becoming anchor investor - The Guardian,2023-08-09,AMZN
Why Amazon’s In Talks For Anchor Investor In Arm IPO? The Answer’s In The Cloud. - Investopedia,2023-08-09,AMZN
"Apple, Amazon In Talks To Invest In ARM – Report - Silicon UK",2023-08-09,AMZN
Why Amazon's Q2 Earnings Report Should Force Investors to Look at the Stock Differently - The Motley Fool,2023-08-10,AMZN
Amazon Stock: 1 Simple Reason to Buy and Hold 'Forever' - The Motley Fool,2023-08-10,AMZN
"Amazon Investors Sue Jeff Bezos Over ‘Massive’ Losses, Expansion - Bloomberg Law News",2023-08-11,AMZN
Temu Shopping App Gets Wall Street's Attention; Will Amazon Prime Members Stay Loyal? - Investor's Business Daily,2023-08-11,AMZN
"Amazon, Meta and Alphabet Were the Big Winners from Tech Earnings. Here’s Why. - Barron's",2023-08-11,AMZN
How Amazon Music empowers aspiring UK musicians and labels - About Amazon UK,2023-08-14,AMZN
Legendary investor Seth Klarman just got back into Amazon and bought three other stocks - MarketWatch,2023-08-14,AMZN
Amazon Pharmacy Deal Shows the Company Is a Lot More Than E-Commerce and AWS - Barron's,2023-08-17,AMZN
"Here’s Amazon’s path to a $200 stock price, according to one bull - MarketWatch",2023-08-23,AMZN
The Amazon Effect on the U.S. Economy - Investopedia,2023-08-27,AMZN
"Amazon Stock: Buy, Sell, or Hold? - The Motley Fool",2023-08-28,AMZN
Better Artificial Intelligence (AI) Stock: Amazon vs. Nvidia - The Motley Fool,2023-08-29,AMZN
Shopify Is Offering Amazon's 'Buy With Prime.' 3 Benefits From the Deal. - Barron's,2023-08-31,AMZN
Lawsuit claims Amazon’s board erred in awarding Kuiper launch contracts to Blue Origin and others - SpaceNews,2023-08-31,AMZN
Apollo Tries to Salvage Amazon Aggregator Investment With Sale - Bloomberg,2023-09-01,AMZN
Where Will Amazon Stock Be in 5 Years? - The Motley Fool,2023-09-03,AMZN
"Scott Galloway Touts Apple, Amazon Bets, Echoes Warren Buffett's Tips - markets.businessinsider.com",2023-09-04,AMZN
Amazon sued by shareholder over rocket choice for Project Kuiper - Data Center Dynamics,2023-09-05,AMZN
Meet South Korea's Amazon - intelligentinvestor.com.au,2023-09-06,AMZN
Amazon’s Catalytic Capital investment fund backs 4 new venture capital funds - About Amazon,2023-09-07,AMZN
Is Chinese Upstart Temu an Amazon Killer? - The Motley Fool,2023-09-11,AMZN
Amazon is investing over $840 million in Delivery Service Partner rates and new programs for delivery drivers - About Amazon,2023-09-12,AMZN
Amazon supports the world’s largest deployment of direct air capture technology to remove carbon from the atmosphere - About Amazon,2023-09-12,AMZN
Amazon Invests $450 Million to Boost Pay and Benefits for Contract Delivery Drivers - Investopedia,2023-09-13,AMZN
Amazon demands 30pc of ad revenue from TV networks’ apps - AFR,2023-09-14,AMZN
Prediction: Here's How Much Amazon Will Be Worth in 2030 - The Motley Fool,2023-09-17,AMZN
Mombak hits $100m final close on Amazon Reforestation Fund – exclusive - Agri Investor,2023-09-18,AMZN
"Amazon is hiring 250,000 employees for the holidays, and making its largest ever annual investment in U.S. hourly wages - About Amazon",2023-09-19,AMZN
Generative AI and multi-modal agents in AWS: The key to unlocking new value in financial markets - Amazon Web Services,2023-09-19,AMZN
Amazon Invests Whooping $4B In AI Venture Anthropic - Dataconomy,2023-09-25,AMZN
Is Amazon’s investment in Anthropic a win for FTX creditors? - Blockworks,2023-09-25,AMZN
Amazon and Anthropic announce strategic collaboration to advance generative AI - About Amazon,2023-09-25,AMZN
Amazon Accelerates Heated AI Race With Up to $4 Billion Investment in Startup Anthropic - Investopedia,2023-09-25,AMZN
Anthropic's Amazon investment is the latest Big Tech AI alliance - Fortune,2023-09-25,AMZN
Amazon to invest as much as $4 billion in AI startup Anthropic - TechCrunch,2023-09-25,AMZN
Amazon Stock Falls After Massive FTC Lawsuit Alleging Illegal Monopoly - Investor's Business Daily,2023-09-26,AMZN
Amazon’s and Google’s stocks could be a 'win-win' even if both companies face government-ordered breakups - MarketWatch,2023-09-27,AMZN
"How Amazon’s renewable energy projects impact local communities around the world, from southern Ohio to Rajasthan, India - About Amazon",2023-09-27,AMZN
7 key stats that help explain Amazon’s economic impact in the U.S. - About Amazon,2023-09-29,AMZN
Better Buy: Amazon vs Apple - The Motley Fool,2023-09-29,AMZN
Amazon Invests Billions in AI – and Could Become a Major Play in the AI Race - InvestorPlace,2023-09-29,AMZN
Investing in the Pan Amazon: How China’s investment operates - news - Mongabay,2023-10-04,AMZN
Amazon Is Now An Advertising Juggernaut. Big Tech Rivals — And The Feds — Are Taking Notice. - Investor's Business Daily,2023-10-05,AMZN
"Amazon.com, Inc. (NASDAQ:AMZN) is largely controlled by institutional shareholders who own 60% of the company - Yahoo Finance",2023-10-08,AMZN
Wall Street Loves Amazon Stock Right Now. Here's Why I'm Not Buying. - The Motley Fool,2023-10-11,AMZN
Is It Too Late to Buy Amazon Stock? - The Motley Fool,2023-10-11,AMZN
Amazon (AMZN) Strategy Could Unlock $100 Billion in Revenue: Tech Watch - Bloomberg,2023-10-12,AMZN
"Here Are 3 Top AI Start-Ups That Trillion-Dollar Tech Giants Like Microsoft, Amazon, and Alphabet Are Betting On - The Motley Fool",2023-10-13,AMZN
Takealot’s war with Amazon here soon - Daily Investor,2023-10-18,AMZN
Amazon adds 39 renewable energy projects in Europe - About Amazon Europe,2023-10-23,AMZN
Amazon Stock Gets a New Buy Rating Ahead of Earnings. There’s More to It Than AWS. - Barron's,2023-10-24,AMZN
S&P 500 Gains and Losses Today: Tech Stocks Tumble After Alphabet's Earnings Report - Investopedia,2023-10-25,AMZN
These 3 Stocks Are Screaming Buys: Here's What They All Have in Common - The Motley Fool,2023-10-25,AMZN
"Amazon stock price soars today after high profits, strong sales, and advertising growth - Fast Company",2023-10-26,AMZN
"Nvidia, Amazon: Stock Splits, Reverse Splits Can Have Consequences - Investor's Business Daily",2023-10-26,AMZN
Amazon's profit margin nears record after CEO Andy Jassy's dramatic cost-cutting efforts - CNBC,2023-10-26,AMZN
Amazon's cloud group becomes more profitable but misses on top line - CNBC,2023-10-26,AMZN
"Amazon's cloud stabilizing, shoppers cautious heading into holiday season - Reuters",2023-10-26,AMZN
Amazon’s AI cloud dominance is getting chipped away by rivals - qz.com,2023-10-26,AMZN
"Amazon stock rises after beating Q3 estimates with $143.1B in revenue, $9.9B in profits - GeekWire",2023-10-26,AMZN
"Amazon revenue jumps 13%, continuing rebound - CNN",2023-10-26,AMZN
Amazon’s Profit Triples as Sales Show Resilience Leading Into Holidays - WSJ,2023-10-26,AMZN
Amazon (AMZN) Q3 2023 earnings results beat EPS & revenue estimates - Shacknews,2023-10-26,AMZN
"Amazon Posts Strong Revenue, Profit on Web Sales, Cost Cuts - Bloomberg",2023-10-26,AMZN
Amazon’s advertising revenue tops $12 billion in the third quarter - CNBC,2023-10-26,AMZN
AWS Q3 2023 revenues grew 12% to $23.1 billion from Q3 2022 - Shacknews,2023-10-26,AMZN
"AWS Strength, Growing Ad Revenue and Prime Day Sales Bolster Amazon's Q3 Results - Investopedia",2023-10-26,AMZN
Amazon Stock Climbs After Earnings. But AWS Is Doing Just OK. - Barron's,2023-10-27,AMZN
"A-Rod regrets not investing in Amazon, Microsoft or Starbucks in the '90s: 'I wouldn't have to work so hard today' - CNBC",2023-10-27,AMZN
Amazon’s Earnings Were Stronger Than Expected. Rivian Helped. - Barron's,2023-10-27,AMZN
Amazon profits nearly triple as company reports $143.1bn in revenue - The Guardian,2023-10-27,AMZN
"Meta, Google and Amazon saw ad revenue soar, thanks to AI and ad tech - Ad Age",2023-10-27,AMZN
How Does Amazon's Earnings Report Trigger Excitement on Wall Street and Cause a Surge in Its Stock Price? - Moomoo,2023-10-27,AMZN
How Much Does Amazon Make? Daily & Yearly Stats for 2023 - Jungle Scout,2023-10-27,AMZN
Google to Invest up to $2 Billion in OpenAI Rival Anthropic - Tech Times,2023-10-28,AMZN
Hawaiian Airlines welcomes new Amazon revenue stream - FreightWaves,2023-10-30,AMZN
AI in the cloud: Microsoft boosts share; Amazon predicts ‘tens of billions’ in new revenue - GeekWire,2023-10-30,AMZN
Amazon reaches 50 renewable energy projects in India - About Amazon,2023-10-30,AMZN
"After Earnings, Is Amazon Stock a Buy, a Sell, or Fairly Valued? - Morningstar",2023-11-01,AMZN
Amazon Q3 earnings call: Read CEO Andy Jassy’s and CFO Brian Olsavsky’s remarks - About Amazon,2023-11-02,AMZN
Warren Buffett Says He Was 'Too Dumb' to Invest in Amazon. It's a Lesson in Judgment and Self-Awareness - inc.com,2023-11-02,AMZN
Apple stock dips after weak outlook for December quarter revenue - CNBC,2023-11-02,AMZN
AAPL Earnings Strategies - tastylive,2023-11-02,AMZN
Why Did Apple (AAPL) Drop on an Earnings Beat? - Nasdaq,2023-11-03,AMZN
Apple Inc. (NASDAQ:AAPL) Q4 2023 Earnings Call Transcript - Yahoo Finance,2023-11-04,AMZN
"Amazon's Stock Is Up 60% in 2023, but It's Just Getting Started - The Motley Fool",2023-11-06,AMZN
Amazon stock split: The tech giant's history of dividing its shares - Business Insider,2023-11-06,AMZN
Amazon’s stock reaches a milestone not seen in 19 months - MarketWatch,2023-11-14,AMZN
Warren Buffett's Amazon.com Inc(AMZN) Holding History - GuruFocus,2023-11-15,AMZN
Major Growth Could Be Ahead for Amazon: 1 Chart All Investors Should See - The Motley Fool,2023-11-20,AMZN
Amazon’s renewable energy portfolio is now big enough to power 6.7 million homes - About Amazon Australia,2023-11-21,AMZN
"Jeff Bezos Emphasizes The Core Of Investment Wisdom: 'The Stock Is Not The Company, And The Company Is Not The Stock' — Insights From The Amazon Founder On Navigating Market Perceptions - Yahoo Finance",2023-11-21,AMZN
"3 Stocks That Could Turn $1,000 Into $5,000 by 2030 - The Motley Fool",2023-11-22,AMZN
Jeff Bezos Was An Early Investor In Google — A Move That Could Have Made Him A Billionaire Outside Of Amazon. He Took A Gamble Because He Believed In The Founders: 'I Just Fell In Love With Larry And Sergey' - Yahoo Finance,2023-11-27,AMZN
Why Is Warren Buffett Selling Amazon Stock Instead of Buying It Hand Over Fist? - The Motley Fool,2023-11-28,AMZN
"Calculating The Fair Value Of Amazon.com, Inc. (NASDAQ:AMZN) - Yahoo Finance",2023-12-01,AMZN
Amazon Bull Gets More Optimistic on the Stock After Cyber Week Shopping Numbers - Barron's,2023-12-01,AMZN
"Jeff Bezos Says He Doesn't Think About Amazon's Daily Stock Price — 'When The Stock Is Down 30% In A Month, It's Not Going To Feel So Good To Feel 30% Dumber.' - Yahoo Finance",2023-12-04,AMZN
"Rightbot, which is developing robots to unload freight, lands investment from Amazon - TechCrunch",2023-12-05,AMZN
Investing in Space: Why Amazon bought rocket launches from rival SpaceX - CNBC,2023-12-07,AMZN
Three years in Sweden - About Amazon Europe,2023-12-11,AMZN
"Bertelsmann, Amazon invest in personal care brand Nat Habit - VCCircle",2023-12-12,AMZN
Amazon seeks lawsuit dismissal days after SpaceX deal - Fortune,2023-12-14,AMZN
Agreement to develop films and television series - Games Workshop Investor Relations,2023-12-17,AMZN
Amazon Ad Revenue Statistics That will Blow Your Mind - Influencer Marketing Hub,2023-12-20,AMZN
2 Reasons Amazon Is a Dynamite Stock for 2024 - The Motley Fool,2023-12-21,AMZN
Where Will Amazon Stock Be in 2024? - The Globe and Mail,2023-12-28,AMZN
Amazon’s impact on the Polish economy: Ten key facts - About Amazon Europe,2024-01-03,AMZN
(AMZN) Amazon Has Wall Street Seeing Return to Record High Stock Price - Bloomberg,2024-01-08,AMZN
"People Think Amazon Is an E-Commerce Company, but 74% of Its Profit Comes From This Instead - The Motley Fool",2024-01-10,AMZN
Why Amazon Stock Jumped 80% in 2023 - Yahoo Finance,2024-01-11,AMZN
Amazon is the world's largest corporate purchaser of renewable energy for the fourth year in a row - About Amazon,2024-01-16,AMZN
"DSG’s Survival Chances Improve With Amazon, Sinclair Deals - Front Office Sports",2024-01-17,AMZN
Amazon agrees to invest US$115m in DSG as part of Bally Sports rescue package - SportsPro,2024-01-18,AMZN
"As Viewers Stream More, Amazon Invests $115 Million In Diamond Sports - Forbes",2024-01-18,AMZN
"What the new Diamond-Amazon deal means for MLB, NBA, NHL - ESPN",2024-01-18,AMZN
"Jeff Bezos Held 60 Meetings To Secure Amazon Investors But 38 Declined His Offer Of $50,000 For 1% Ownership — A Decision That Could Have Made Them Over $15 Billion Today - Yahoo Finance",2024-01-19,AMZN
"AWS plans to invest $10 billion in Mississippi, the largest capital investment in the state’s history - About Amazon",2024-01-25,AMZN
IRobot Stock Tumbles After Amazon Cancels Acquisition - Investor's Business Daily,2024-01-29,AMZN
"Amazon’s $1B investment fund eyes last-mile tech, AV startups - Supply Chain Dive",2024-01-29,AMZN
Stronger technical forecast for Amazon stock price after Tuesday trading. - StockInvest.us,2024-01-30,AMZN
[October.2024] Inside Amazon's earnings: three essential areas that should not be overlooked - Moomoo,2024-01-31,AMZN
Amazon Earnings Are Imminent; These Most Accurate Analysts Revise Forecasts Ahead Of Earnings Call - TradingView,2024-02-01,AMZN
Amazon Profit Surges on Strong Holiday Shopping - WSJ,2024-02-01,AMZN
"Amazon (AMZN) Share Price Gains After Robust Sales, Strong Profit Outlook - Bloomberg",2024-02-01,AMZN
Amazon is more profitable than ever after a year of mass layoffs - Fortune,2024-02-01,AMZN
"Amazon Q4 Earnings Top Expectations on Holiday Sales, AWS Growth; Stock Jumps - Investopedia",2024-02-01,AMZN
Amazon cloud unit speeds up revenue growth as clients adopt AI services - CNBC,2024-02-01,AMZN
Amazon Earnings: Company Shares Spike After Topping Revenue Expectations - Forbes,2024-02-01,AMZN
Apple stock falls after company gives outlook suggesting weak iPhone sales - CNBC,2024-02-01,AMZN
Amazon reports better-than-expected results as revenue jumps 14% - CNBC,2024-02-01,AMZN
Amazon heading for 2-year high as earnings exceed estimates - Proactive financial news,2024-02-01,AMZN
Amazon Beats Wall Street Q4 Estimates as Ad Sales Climb 27% - Variety,2024-02-01,AMZN
Amazon Stock Soars as Analysts Rush to Raise Price Targets. Where Shares Could Go. - Barron's,2024-02-02,AMZN
"Amazon Stock Jumps On Earnings Beat, Cloud AI Product Growth—Key Price Levels to Watch - Investopedia",2024-02-02,AMZN
Apple Inc. (NASDAQ:AAPL) Q1 2024 Earnings Call Transcript - Yahoo Finance,2024-02-02,AMZN
Bezos Discloses Plan to Sell Up to 50 Million Amazon Shares as Stock Surges - Yahoo Finance,2024-02-02,AMZN
"Meta Stock Has Best Day In Decade, Amazon Stock Hits 3-Year High - Forbes",2024-02-02,AMZN
Amazon's Profit Rebounds as Cost-Cutting Measures Pay Off - Voronoi by Visual Capitalist,2024-02-02,AMZN
"Meta, Amazon Surge by $272 Billion as Cost Cuts Cheer Investors - Bloomberg",2024-02-02,AMZN
Amazon Revenue 2023: $574.8B Record Sales Across All Segments - FourWeekMBA,2024-02-03,AMZN
Amazon Enters Chatbot Fray With Shopping Tool (Published 2024) - The New York Times,2024-02-04,AMZN
Jeff Bezos Laughed Off Criticism From Jay Leno In 1999 About Amazon Losing Billions And Never Making A Profit — 'We Are A Famously Unprofitable Company' - Yahoo Finance,2024-02-06,AMZN
Amazon Faces Pressure to Improve Warehouse Worker Safety - Morningstar,2024-02-09,AMZN
Jeff Bezos Sells Amazon Shares Worth Over $2 Billion - WSJ,2024-02-13,AMZN
Jeff Bezos sells more than $2 billion in Amazon stock - CNBC,2024-02-13,AMZN
Jeff Bezos sells more than $2 billion in Amazon stock for third time this month - CNBC,2024-02-15,AMZN
Jeff Bezos Is Selling Amazon Stock. The Valuation Is Lower Now. - Barron's,2024-02-16,AMZN
Amazon founder Jeff Bezos just saved millions on a recent share sale. Here's how. - USA Today,2024-02-16,AMZN
Jeff Bezos just sold another $2 billion of Amazon stock. It's his third sale this month — and he's not done - qz.com,2024-02-16,AMZN
Amazon to replace Walgreens in Dow Industrial Average next week - CNBC,2024-02-20,AMZN
Amazon Stock to Replace Walgreens in Dow Jones Industrial Average - Barron's,2024-02-21,AMZN
Amazon to Replace Walgreens in the Dow: Why This Matters - Kiplinger,2024-02-21,AMZN
"Amazon to join the Dow Jones index, while Walgreens gets the boot. Here's what that means for investors. - CBS News",2024-02-21,AMZN
"Amazon To Join the Dow Jones Industrial Average, Replacing Walgreens - Investopedia",2024-02-21,AMZN
"Amazon joins the Dow on Monday, giving the 127-year-old index a needed upgrade as it trails the S&P 500 - CNBC",2024-02-26,AMZN
Amazon lost nearly $1 billion on its Rivian investment last week - MarketWatch,2024-02-26,AMZN
Analyst who predicted Amazon stock could eclipse $200 revamps target - thestreet.com,2024-02-27,AMZN
"Amazon Investor Sues For Records, Alleging Prime Membership Dark Patterns Breach Fiduciary Duty - Value Added Resource",2024-03-02,AMZN
How Amazon’s latest Climate Pledge Fund investment is transforming recycling through AI and robotics - About Amazon,2024-03-05,AMZN
Amazon CEO Andy Jassy’s $9 million stock sale this week may be cause for caution - MarketWatch,2024-03-08,AMZN
5 ways Amazon is positively impacting small towns across the US - About Amazon,2024-03-13,AMZN
Amazon vs. Tesla: Which Stock Is the Better Buy for the Long Term? - Yahoo Finance,2024-03-20,AMZN
Amazon Stock Price Prediction - Forbes,2024-03-21,AMZN
Amazon.com (NASDAQ:AMZN) shareholders have earned a 15% CAGR over the last five years - Yahoo Finance,2024-03-26,AMZN
Amazon and Anthropic deepen their shared commitment to advancing generative AI - About Amazon,2024-03-27,AMZN
"Amazon doubles down on Anthropic, completing its planned $4B investment - TechCrunch",2024-03-27,AMZN
Amazon spends $2.75 billion on AI startup Anthropic in its largest venture investment yet - CNBC,2024-03-27,AMZN
5 takeaways from UPS’ 2024 investor and analyst day - Supply Chain Dive,2024-03-28,AMZN
Generative AI 'FOMO' is driving tech heavyweights to invest billions of dollars in startups - CNBC,2024-03-30,AMZN
Amazon's Earnings Estimate Rises 0.5% - TradingView,2024-04-02,AMZN
"Amazon Tops Google Investment in Anthropic, but Google Still Has More GenAI Firepower - Cloud Wars",2024-04-02,AMZN
Think Amazon Stock Has Peaked? Here's 1 Chart That Every Investor Needs to See. - The Motley Fool,2024-04-04,AMZN
Analyst unveils new Amazon price target as stock tests $2 trillion - Yahoo Finance,2024-04-08,AMZN
Amazon stock closed near a record high after AI bets and layoffs - qz.com,2024-04-08,AMZN
Still Time Left To Buy Amazon On Its Path To $360 By 2026 (NASDAQ:AMZN) - Seeking Alpha,2024-04-09,AMZN
How to Buy Amazon stocks | Amazon shares trading - LiteFinance,2024-04-11,AMZN
Amazon announces over €700 million investment in robotics and AI powered technologies across Europe - About Amazon Europe,2024-04-11,AMZN
"Investing in technology, safety, and skill training go hand-in-hand - About Amazon Europe",2024-04-11,AMZN
Amazon Stock Hits All-Time High—Bezos’ Net Worth Climbs $3.3 Billion - Forbes,2024-04-11,AMZN
CEO Andy Jassy’s 2023 Letter to Shareholders - About Amazon,2024-04-11,AMZN
Will Price of Bally Sports+ Rise Now That Amazon is an Investor? - IMDb,2024-04-14,AMZN
25 photos show how Amazon is investing in sustainability efforts around the world - About Amazon,2024-04-15,AMZN
"Going Into Earnings, Is Amazon Stock a Buy, a Sell, or Fairly Valued? - Morningstar",2024-04-19,AMZN
Entrepreneurs seeking millions from Amazon’s Alexa Fund face a stark reality - Fortune,2024-04-22,AMZN
Is Amazon Stock Going to $230? 1 Wall Street Analyst Thinks So. - The Motley Fool,2024-04-24,AMZN
Investors Slam JPMorgan Chase for Canceling Meeting with Amazon Indigenous Leaders - amazonwatch.org,2024-04-25,AMZN
"AWS plans to invest $11 billion in Indiana, the largest capital investment in the state's history - About Amazon",2024-04-25,AMZN
Amazon earnings preview: Advertising and AWS expected to continue fueling profits - GeekWire,2024-04-29,AMZN
Here's Exactly How Amazon Stock Could Double Again by 2030 - The Motley Fool,2024-04-29,AMZN
Amazon Reports $143.3 Billion in Revenue for First Quarter of 2024 (Published 2024) - The New York Times,2024-04-30,AMZN
Amazon boxes $10.4B profit for quarter - The Seattle Times,2024-04-30,AMZN
Amazon sales soar with boost from artificial intelligence and advertising - The Guardian,2024-04-30,AMZN
4 Key Takeaways From Amazon's Earnings Call - Investopedia,2024-04-30,AMZN
Amazon Reports Strong Cloud Unit Sales on Rising AI Demand - Bloomberg,2024-04-30,AMZN
Amazon's cloud division has its most profitable quarter ever - The Business Journals,2024-04-30,AMZN
Amazon will likely trade above $200 after earnings: Danielle Shay - Fox Business,2024-04-30,AMZN
"Amazon profit more than triples, topping Wall Street expectations - CNBC",2024-04-30,AMZN
Amazon (AMZN) Snuffs Out Investor Hopes for Dividend or Share Buybacks - Bloomberg,2024-04-30,AMZN
"Amazon Beats Earnings and Revenue Estimates on AWS, Advertising Growth - Investopedia",2024-04-30,AMZN
Amazon stock rises as Q1 earnings top estimates with $143.3B in revenue; AWS sales up 17% - GeekWire,2024-04-30,AMZN
Amazon Sales Surge as Company Focuses on AI - WSJ,2024-04-30,AMZN
Amazon's cloud margin widens on accelerating revenue growth - CNBC,2024-04-30,AMZN
Amazon Earnings Are Out. Stock Jumps on Strong Growth for AWS. - Barron's,2024-05-01,AMZN
"Amazon Stock Gains On Strong Earnings, AI Push Boosts Cloud Growth - Investor's Business Daily",2024-05-01,AMZN
"Amazon stock has 17% upside as earnings reveal a 'new era' of profits for the tech titan, Bank of America says - markets.businessinsider.com",2024-05-01,AMZN
AMZN vs. META: Which Magnificent Seven Stock Is Better? - Yahoo Finance,2024-05-02,AMZN
Amazon: Not Just an Online Store - Statista,2024-05-02,AMZN
Apple announces largest-ever $110 billion share buyback as iPhone sales drop 10% - CNBC,2024-05-02,AMZN
What's next for Amazon after earnings? SA analysts weigh in (NASDAQ:AMZN) - Seeking Alpha,2024-05-04,AMZN
How To Make Passive Income With Amazon Stocks - Yahoo Finance,2024-05-05,AMZN
The Religiosity of ESG Activists Through the Prism of Amazon Shareholder Meetings - Capital Research Center,2024-05-06,AMZN
"Amazon.com, Inc.'s (NASDAQ:AMZN) Intrinsic Value Is Potentially 61% Above Its Share Price - Yahoo Finance",2024-05-08,AMZN
Amazon Has A Flashy New Rival In PDD's Temu Shopping Site. It Should Take The Threat Seriously. - Investor's Business Daily,2024-05-10,AMZN
Choose France Summit: Amazon announces plan to invest more than €1.2 billion into its French operations - About Amazon Europe,2024-05-13,AMZN
AWS plans to invest €7.8 billion into the AWS European Sovereign Cloud - About Amazon Europe,2024-05-15,AMZN
"Amazon, Meta back Scale AI in $1 billion funding deal that values firm at $14 billion - CNBC",2024-05-21,AMZN
Over 30% of JPMorgan Investors Support Resolution on Indigenous Rights - amazonwatch.org,2024-05-21,AMZN
Who Owns the Most Amazon Stock Besides Jeff Bezos? - Yahoo Finance,2024-05-21,AMZN
"AWS plans to invest €15.7 billion in Spain, supporting 17,500 jobs annually in local businesses - About Amazon Europe",2024-05-22,AMZN
Amazon.com investors reject all 14 outside proposals at meeting - Reuters,2024-05-22,AMZN
"Amazon shareholders reject all 14 proposals on issues related to climate, AI, working conditions - GeekWire",2024-05-22,AMZN
History of Amazon: Company and Stock - Yahoo Finance,2024-05-25,AMZN
History of Amazon: Company and Stock - SmartAsset,2024-05-25,AMZN
Amazon Stock Just Set a New All-Time High. Here's Why I'm Still Buying. - The Motley Fool,2024-06-03,AMZN
Amazon Joining the $3 Trillion Club Sounds Like A Stretch. How It Could Happen. - Barron's,2024-06-07,AMZN
"Amazon adds $1.4 billion to the housing fund to create and preserve an additional 14,000 affordable homes - About Amazon",2024-06-11,AMZN
"Amazon's R&D leads Big Tech, spending $85.6 billion on tech - R&D World",2024-06-17,AMZN
"With 63% ownership of the shares, Amazon.com, Inc. (NASDAQ:AMZN) is heavily dominated by institutional owners - Yahoo Finance",2024-06-17,AMZN
"Amazon plans to invest €10 billion in Germany, driving innovation and jobs across the country - About Amazon Europe",2024-06-19,AMZN
"AWS plans to invest €8.8 billion in Germany, supporting over 15,200 jobs annually in local businesses - About Amazon Europe",2024-06-19,AMZN
How Much Will Your Amazon Shares Be Worth in 5 Years? Stock Experts Project - Yahoo Finance,2024-06-21,AMZN
"Amazon Mid-2024: Earnings, Overview - Practical Ecommerce",2024-06-23,AMZN
Amazon Stock Price Prediction: A Look at AMZN’s Path to $250 by 2025 - InvestorPlace,2024-06-25,AMZN
Amazon Market Cap Tops $2 Trillion As AMZN Stock Hits All-Time High - Forbes,2024-06-26,AMZN
Amazon Becomes Fifth US Company To Reach $2 Trillion Market Cap - Investopedia,2024-06-26,AMZN
Watch These Amazon Price Levels as Stock Reaches $2 Trillion Market Cap - Investopedia,2024-06-26,AMZN
AI-powered assistants for investment research with multi-modal data: An application of Amazon Bedrock Agents - Amazon Web Services,2024-06-26,AMZN
It's A New Era For Amazon Under Andy Jassy - Investor's Business Daily,2024-06-28,AMZN
"Amazon, Built by Retail, Invests in Its AI Future - WSJ",2024-06-30,AMZN
Jeff Bezos to sell $5bn in Amazon shares - Al Jazeera,2024-07-04,AMZN
The Saks-Neiman Marcus mega-deal and Amazon’s underground path to luxury - Vogue,2024-07-04,AMZN
The Big ‘What If’: Amazon Went Public in 1997 - Statista,2024-07-05,AMZN
How The New York Stock Exchange built its real-time market data platform on AWS - Amazon Web Services,2024-07-08,AMZN
"AWS, Advertising Trends Can Lift Amazon Stock, Analysts Say - Investopedia",2024-07-09,AMZN
"Amazon, Salesforce back Saks parent to acquire Neiman Marcus - Digital Commerce 360",2024-07-09,AMZN
Amazon’s investment in Saks Fifth Avenue and Neiman Marcus is its latest foray into fashion - GeekWire,2024-07-09,AMZN
Amazon’s economic impact in Spain - About Amazon Europe,2024-07-11,AMZN
Amazon announces billions of euros in European investments and the creation of thousands of new jobs - About Amazon Europe,2024-07-11,AMZN
Amazon's Prime Day is This Week. Here's What You Need To Know. - Investopedia,2024-07-12,AMZN
"Amazon investment boosts job numbers and increases household income, study finds - About Amazon",2024-07-16,AMZN
"Nvidia’s market cap will soar to $50 trillion—yes, trillion—says early investor in Amazon and Tesla - Fortune",2024-07-16,AMZN
"Amazon Has a $46 Billion ‘Hidden Gem’ to Boost Revenue: Twitch, Not Prime Day - Barron's",2024-07-17,AMZN
Why Amazon Stock Is the Biggest Bargain After Amazon Prime Day - Kiplinger,2024-07-18,AMZN
MELI vs. AMZN: Which E-Commerce Stock Is the Better Buy? - Yahoo Finance,2024-07-18,AMZN
"If You Invested $1000 In Amazon Stock 20 Years Ago, How Much Would You Have Now? - Yahoo Finance",2024-07-24,AMZN
Amazon Stock Is In a Correction. Earnings and Other Things That Could Send Shares Higher. - Barron's,2024-07-26,AMZN
Amazon: Why I Expect Shares To Pop On Strong Earnings (NASDAQ:AMZN) - Seeking Alpha,2024-07-28,AMZN
Temu and Shein's soaring popularity has Wall Street eyeing China's influence on tech earnings - CNBC,2024-07-29,AMZN
AMZN Earnings: All you need to know about Amazon’s Q2 2024 earnings results - AlphaStreet,2024-08-01,AMZN
Amazon’s Shares Slide as AI Spending Plans Spook Investors - Bloomberg,2024-08-01,AMZN
Amazon Earnings: Shares Slide as Spending Surges and Revenue Outlook Disappoints - WSJ,2024-08-01,AMZN
Amazon Q2 earnings: Here's what you need to know - About Amazon,2024-08-01,AMZN
"Amazon shares slide on revenue miss, disappointing guidance for third quarter - CNBC",2024-08-01,AMZN
Everything You Need to Know About Amazon's Q2 Earnings - Moomoo,2024-08-02,AMZN
Big Tech Fails to Convince Wall Street That AI Is Paying Off - Bloomberg,2024-08-02,AMZN
Amazon shares tumble after third-quarter outlook disappoints - CNBC,2024-08-02,AMZN
"Amazon says consumers cautious, forecasts revenue below Wall Street targets - Reuters",2024-08-02,AMZN
Amazon shares drop on slowing online sales growth - Reuters,2024-08-02,AMZN
Amazon Stock is Primed to Rebound Strongly After AI Bubble Bursts - MarketBeat,2024-08-02,AMZN
Amazon’s stock flashes this downtrend warning for the first time in over a year - MarketWatch,2024-08-02,AMZN
"Tech stocks see steepest three-week slump in two years, led by plunge in Amazon and Intel - CNBC",2024-08-02,AMZN
Jeff Bezos Stopped Selling Amazon Stock When It Hit This Price - Barron's,2024-08-04,AMZN
"6 ways Amazon’s investments are helping the U.S. economy, from contributing over $1 trillion to the GDP to creating jobs in small towns - About Amazon",2024-08-05,AMZN
Why Amazon Stock Fell 9% In A Day? - Forbes,2024-08-06,AMZN
"After Earnings and a Selloff, Is Amazon Stock a Buy, a Sell, or Fairly Valued? - Morningstar",2024-08-07,AMZN
UK regulator to examine $4bn Amazon investment in AI startup Anthropic - The Guardian,2024-08-08,AMZN
Amazon's $4 billion investment in AI firm Anthropic faces UK merger investigation - CNBC,2024-08-08,AMZN
Amazon’s $4 Billion Investment in AI Startup Anthropic Comes Under U.K. Scrutiny - WSJ,2024-08-08,AMZN
Beyond the Earnings Dip: Should You Still Hold Amazon Stock? - InvestorPlace,2024-08-09,AMZN
"If You'd Invested $1,000 in Amazon Stock 10 Years Ago, Here's How Much You'd Have Today - The Motley Fool",2024-08-13,AMZN
"If You Bought 1 Share of Amazon at Its IPO, Here's How Many Shares You Would Own Now - Yahoo Finance",2024-08-18,AMZN
Amazon Is Now Hedgies’ Favorite Stock - Institutional Investor,2024-08-27,AMZN
Why We Think Amazon Stock Is Now a Buy - Morningstar,2024-08-29,AMZN
AI-Fueled Earnings Growth and an Amazon Deal Have Oracle Stock Soaring - Investopedia,2024-09-09,AMZN
Prime time volatility: how Amazon's stock responds to earnings - ig.com,2024-09-10,AMZN
Amazon is investing an additional $2.1 billion in the Delivery Service Partner program—its biggest investment yet - About Amazon,2024-09-12,AMZN
"AMZN, GOOGL, or MSFT: Which Cloud Computing Giant Is the Best Pick? - Yahoo Finance",2024-09-16,AMZN
How Amazon is supporting farmers through solar and wind farm investments - About Amazon,2024-09-18,AMZN
Amazon is increasing the average total compensation package for fulfillment and transportation employees in the US to over $29 per hour - About Amazon,2024-09-19,AMZN
Amazon celebrates 20 years in Ireland - About Amazon Europe,2024-09-19,AMZN
Nvidia gets almost half its revenue from just 4 customers. Here's who they might be - qz.com,2024-09-23,AMZN
Where Is Amazon (AMZN) Stock's Price Heading In 2025: Prediction and Forecast to Know in December - Forbes,2024-09-26,AMZN
Amazon Spared U.K. Antitrust Probe Over $4 Billion Investment in AI Startup Anthropic - WSJ,2024-09-27,AMZN
Is Amazon Stock A Buy As Tech Giant's Shares Approach July Highs? - Investor's Business Daily,2024-09-27,AMZN
Where Will Amazon Stock Be in 3 Years? - Yahoo Finance,2024-09-29,AMZN
Amazon Stock Could Waver This Holiday Season. Morgan Stanley Says Buy the Dip. - Barron's,2024-10-03,AMZN
"If You'd Invested $1,000 in Amazon Stock 27 Years Ago, Here's How Much You'd Have Today - The Motley Fool",2024-10-03,AMZN
"If You'd Invested $1,000 in Amazon Stock 27 Years Ago, Here's How Much You'd Have Today - Yahoo Finance",2024-10-03,AMZN
Amazon Stock Falls After Rare Downgrade. Watch Out For These 'Multiple Headwinds' - Investor's Business Daily,2024-10-07,AMZN
"Amazon’s Climate Pledge Fund adds investments in startups focused on e-waste, carbon storage, and lower-carbon buildings - About Amazon",2024-10-09,AMZN
Cathie Wood's Amazon Bet: From 'Kiss Of Death' To Bold Investment — Is She Right This Time? - Yahoo Finance,2024-10-09,AMZN
Amazon’s Costly Space Race Is Grounding Profit Margin Hopes - WSJ,2024-10-09,AMZN
Amazon signs agreements for innovative nuclear energy projects to address growing energy demands - About Amazon,2024-10-14,AMZN
"Amazon invests in X-energy, unveils SMR project plans - World Nuclear News",2024-10-16,AMZN
Amazon Invests in X-energy to Support Advanced Small Modular Nuclear Reactors and Expand Carbon-Free Power - X-energy,2024-10-16,AMZN
Amazon’s Q3 Earnings Preview: Will AWS Drive Growth Amid Margin Pressures? - Yahoo Finance,2024-10-19,AMZN
Amazon Earnings: Is The Stock A Buy Before Or After Reporting? - Forbes,2024-10-22,AMZN
Amazon Before Q3 Earnings: Buy the Stock Now or Wait for Results? - Yahoo Finance,2024-10-28,AMZN
Amazon stock could rise above $240 due to these factors - Yahoo Finance,2024-10-29,AMZN
Smart Investor - Getting paid to wait: using put options to buy amazon at a discount during earnings season - Saxo,2024-10-29,AMZN
"Amazon's economic impact in Italy: Progress on the ""2023 Italy Plan” - About Amazon Europe",2024-10-30,AMZN
Amazon’s $110 billion cloud business is minting profits even amid the expensive gen AI arms race—but for how long? - Fortune,2024-10-31,AMZN
AMZN Earnings: All you need to know about Amazon’s Q3 2024 earnings results - AlphaStreet,2024-10-31,AMZN
Amazon beats earnings expectations on strong cloud growth - qz.com,2024-10-31,AMZN
Amazon's cloud unit records highest profit margin in at least a decade - CNBC,2024-10-31,AMZN
Amazon stock jumps 6%; Q3 revenue up 11% to $158.9B; profits hit $15.3B; AWS sales up 19% - GeekWire,2024-10-31,AMZN
"Amazon Belt-Tightening Produces Strong Cloud, E-Commerce Results - Bloomberg",2024-10-31,AMZN
Amazon (AMZN) AWS Q3 2024 revenues grew 19% to $27.5 billion from Q3 2023 - Shacknews,2024-10-31,AMZN
Amazon earnings are today. Here's what to expect - qz.com,2024-10-31,AMZN
What You Need To Know Ahead of Amazon's Earnings - Investopedia,2024-10-31,AMZN
Amazon Reports Record $15.3 Billion Profit (Published 2024) - The New York Times,2024-10-31,AMZN
"Amazon shares pop on earnings beat, cloud growth - CNBC",2024-10-31,AMZN
Watch These Amazon Price Levels as Stock Jumps After Cloud Growth Drives Earnings Beat - Investopedia,2024-10-31,AMZN
Amazon Q3 earnings: Here’s what you need to know - About Amazon,2024-10-31,AMZN
Amazon shares jump 6% after earnings beat - CNBC,2024-11-01,AMZN
Amazon Stock Rises on Quarterly Earnings - Barron's,2024-11-01,AMZN
Amazon stock pops after Q3 earnings beat - Yahoo Finance,2024-11-01,AMZN
Amazon.com Inc (AMZN) Q3 2024 Earnings Call Highlights: Record Operating Income and Robust AWS ... - Yahoo Finance,2024-11-01,AMZN
Amazon (AMZN) Q3 Earnings: Rufus AI Launch Sparks After-Hours Stock Rise - CryptoRank,2024-11-01,AMZN
Amazon.com Third Quarter 2024 Earnings: Beats Expectations - Yahoo Finance,2024-11-02,AMZN
Amazon’s $300 Price Target: A Realistic Outlook or Overly Optimistic? - Yahoo Finance,2024-11-04,AMZN
"Jeff Bezos Sells $214M Worth Of Amazon Shares In Latest Stock Move, Here's How Much He Still Owns - Yahoo Finance",2024-11-06,AMZN
Amazon Stock Traded at Record Highs This Week—Watch These Levels - Investopedia,2024-11-08,AMZN
Is Amazon Stock a Good Buy This Holiday Season? Experts Weigh In - Yahoo Finance,2024-11-12,AMZN
Amazon invests $110 million to support AI research at universities using Trainium chips - About Amazon,2024-11-12,AMZN
Amazon.com's (NASDAQ:AMZN) 19% CAGR outpaced the company's earnings growth over the same five-year period - Yahoo Finance,2024-11-12,AMZN
Amazon Set To Introduce New AI Chips In December To Rival Jensen Huang's AI Stalwart: 'We Want To Be Absolutely The Best Place To Run Nvidia' - Yahoo Finance,2024-11-13,AMZN
Amazon invested €1 billion in Luxembourg last year - About Amazon Europe,2024-11-14,AMZN
Amazon has invested almost €7 billion in growth in Poland - About Amazon Europe,2024-11-20,AMZN
"Funding the AI Cloud — Amazon, Alphabet, and Microsoft's Cloud Computing Investments, Part 3 - CSET | Center for Security and Emerging Technology",2024-11-20,AMZN
Amazon invests in first utility-scale wind energy projects in Greece - About Amazon Europe,2024-11-20,AMZN
Amazon Invests Another $4B In AI Firm Anthropic - The Hollywood Reporter,2024-11-22,AMZN
"Amazon doubles total Anthropic investment to $8B, deepens AI partnership with Claude maker - GeekWire",2024-11-22,AMZN
"Amazon to invest another $4 billion in Anthropic, OpenAI's biggest rival - CNBC",2024-11-22,AMZN
Amazon to invest an additional $4 billion in AI startup Anthropic - AP News,2024-11-22,AMZN
"Amazon Invests an Additional $4 Billion in Anthropic, an OpenAI Rival - WSJ",2024-11-22,AMZN
"Amazon stock price ended at $197.12 on Friday, after losing 0.635% - StockInvest.us",2024-11-22,AMZN
Amazon doubles down on AI startup Anthropic with another $4 bln - Reuters,2024-11-22,AMZN
Amazon doubles down on AI startup Anthropic with $4bn investment - The Guardian,2024-11-22,AMZN
Amazon Doubles Down Investment In Anthropic - Crunchbase News,2024-11-22,AMZN
Amazon and Anthropic deepen strategic collaboration - About Amazon,2024-11-22,AMZN
Amazon Doubles Down on AI with $8 Billion Investment in Anthropic - Yahoo Finance,2024-11-25,AMZN
Why Amazon Shares May Never Trade Below $200 Again - MarketBeat,2024-11-26,AMZN
Amazon offers $334M for nuclear reactors to be built at Hanford - Cascade PBS,2024-11-26,AMZN
"E-Commerce Spending Hits Thanksgiving Record. Amazon, Shopify Stock Gain In Black Friday Trading. - Investor's Business Daily",2024-11-29,AMZN
Amazon Rises 10.4% Since Q3 Earnings: Time to Buy the Stock? - Yahoo Finance,2024-11-29,AMZN
"Amazon in Germany: Investing in permanent jobs, the German economy and society - About Amazon Europe",2024-12-03,AMZN
Watch These Amazon Price Levels as Stock Hits New Record High - Investopedia,2024-12-05,AMZN
"Amazon: A Strong Year, But The Market Expects More (NASDAQ:AMZN) - Seeking Alpha",2024-12-05,AMZN
AWS invests €1.2 billion to expand cloud infrastructure in Italy - About Amazon Europe,2024-12-05,AMZN
Driving accelerated innovation & impact at the AWS Startups Investor Summit - Amazon Web Services,2024-12-09,AMZN
Amazon Stock Gets Price Target Hike On Generative AI Momentum - Investor's Business Daily,2024-12-10,AMZN
What’s Happening With Amazon Stock? - Forbes,2024-12-11,AMZN
Amazon.com (NASDAQ:AMZN) shareholders have earned a 21% CAGR over the last five years - Yahoo Finance,2024-12-15,AMZN
"These Two Mag 7 Stocks Are Top Ideas for 2025, Analysts Say - Barron's",2024-12-18,AMZN
"Retail investors bullish on 2025 markets, Amazon becomes most favored stock of the ‘Magnificent 7’ - eToro",2024-12-18,AMZN
"Institutional investors in Amazon.com, Inc. (NASDAQ:AMZN) see US$102b decrease in market cap last week, although long-term gains have benefitted them. - Yahoo Finance",2024-12-19,AMZN
Amazon Stock Price Prediction 2025: How High Can AMZN Go Next Year? - The Globe and Mail,2024-12-23,AMZN
"Investing $10,000 in Amazon in 2004 - U.S. News Money",2024-12-31,AMZN
AWS plans to invest at least $11 billion in Georgia to expand infrastructure to support AI and cloud technologies - About Amazon,2025-01-07,AMZN
4 Investing Experts Predict How High Amazon Stock Will Go in 2025 - Yahoo Finance,2025-01-15,AMZN
Amazon Stock Climbs as Analysts Predict $245 by 2025 - Yahoo Finance,2025-01-21,AMZN
Amazon.com's (NASDAQ:AMZN) 18% CAGR outpaced the company's earnings growth over the same five-year period - Yahoo Finance,2025-01-29,AMZN
Amazon Q4 Earnings Preview: Will AMZN Soar to New Highs? - tastylive,2025-02-03,AMZN
"Amazon is named top corporate purchaser of renewable energy in Europe, having invested in more than 230 projects in the region - About Amazon Europe",2025-02-03,AMZN
"Amazon, Alphabet Targeted as Oklahoma Joins Anti-DEI Investor Ranks - Bloomberg",2025-02-05,AMZN
Amazon Earnings Beat Expectations. Stock Slips As Guidance Disappoints. - Investor's Business Daily,2025-02-06,AMZN
Amazon.com Announces Fourth Quarter Results - Business Wire,2025-02-06,AMZN
"Watch These Amazon Price Levels as Stock Drops on Cloud Revenue Miss, Tepid Sales Outlook - Investopedia",2025-02-06,AMZN
Amazon.com Inc (AMZN) Q4 2024 Earnings Call Highlights: Record Operating Income and Robust AWS ... - Yahoo Finance,2025-02-06,AMZN
Amazon Earnings: Shares Fall After Sales Outlook Is Weaker Than Expected - WSJ,2025-02-06,AMZN
Amazon’s (NASDAQ:AMZN) Q4 Earnings Results: Revenue In Line With Expectations But Quarterly Revenue Guidance Misses Expectations - Yahoo Finance,2025-02-06,AMZN
"Amazon issues disappointing revenue forecast, points to weakest growth on record - CNBC",2025-02-06,AMZN
Amazon Q4 earnings: Here’s what you need to know - About Amazon,2025-02-06,AMZN
Amazon Bets Big on AI With $100 Billion Investment Plan - Yahoo Finance,2025-02-07,AMZN
Amazon dips after cloud growth disappoints investors - Reuters,2025-02-07,AMZN
Amazon Earnings: Raising Fair Value After Strong Q4 - Morningstar,2025-02-07,AMZN
Why Amazon Stock Is Down Today After Earnings - Barron's,2025-02-07,AMZN
Amazon stock falls after first quarter sales outlook disappoints - Yahoo Finance,2025-02-07,AMZN
Amazon.com Full Year 2024 Earnings: EPS Beats Expectations - Yahoo Finance,2025-02-11,AMZN
Why Is Amazon Stock Down Today? AMZN Price Hits 2-Month Lows Amid High Price Predictions - Finance Magnates,2025-02-24,AMZN
Amazon Stock (AMZN) Price Prediction and Forecast 2025 for February 25 - 24/7 Wall St.,2025-02-25,AMZN
Why are tech companies investing in quantum computing? - marketplace.org,2025-02-28,AMZN
"Big Tech Discounts Investors Can Buy Now (GOOGL, AMZN, META) - Yahoo Finance",2025-03-07,AMZN
Buy the Dip in Amazon Stock at Under $200 a Share? - Yahoo Finance,2025-03-10,AMZN
Amazon stock is trading cheaply on 1 valuation metric after broader stock market rout - Yahoo Finance,2025-03-11,AMZN
"Amazon AI scammers duped investors out of millions with 'passive income' scheme, FTC alleges - NBC News",2025-03-18,AMZN
"Amazon’s New Product Could Be “the Next Big Thing,” Veteran Investor Says - Yahoo Finance",2025-03-27,AMZN
Why Amazon (AMZN) Shares Are Trading Lower Today - Yahoo Finance,2025-04-03,AMZN
Investors managing over US$ 2 trillion raise concerns over Amazon’s Quebec exit Amid unionization efforts - UNI Global Union,2025-04-03,AMZN
Amazon's Pullback Paves the Way for a Strong Buy - Yahoo Finance,2025-04-06,AMZN
Amazon: The Early Years (1995-1999) - HistoryLink.org,2025-04-07,AMZN
"Well-Known Investor Buys More AMZN, UBER, Starts Position in RKT - Yahoo Finance",2025-04-08,AMZN
"Meta, Amazon Stock Price Targets Cut By Analyst. Here's How Wall Street Views Tech Giants' Tariff Risk. - Investor's Business Daily",2025-04-08,AMZN
Where Will Amazon Stock Be In 5 Years? April 2026 Edition - Forbes,2025-04-09,AMZN
Two Banks Lower Their Price Targets on Amazon (AMZN) Stock - Yahoo Finance,2025-04-09,AMZN
CEO Andy Jassy’s 2024 Letter to Shareholders - About Amazon,2025-04-10,AMZN
"Down 20% This Year, Here Are 3 Reasons Why I'm Still Loading Up on Amazon Stock - Yahoo Finance",2025-04-10,AMZN
Amazon Stock: 2 Experts Argue Pros and Cons of ‘Buying the Dip’ Amid Trump Tariff Drama - Yahoo Finance,2025-04-11,AMZN
Amazon CEO Andy Jassy shares how AI will reinvent ‘virtually every customer experience we know’ - About Amazon,2025-04-14,AMZN
Analysts reboot Amazon stock price targets - thestreet.com,2025-04-15,AMZN
"Amazon.com, Inc. (AMZN): Hit by Macro Fears, Still a Top Buy - Yahoo Finance",2025-04-15,AMZN
Analysts Cut Amazon Price Targets With First-Quarter Report Due Soon - Investor's Business Daily,2025-04-16,AMZN
History Suggests Now Could Be a Smart Time to Buy Amazon Stock - Yahoo Finance,2025-04-17,AMZN
Tariff Tsunami Leaves Amazon Stock (AMZN) Trading at a Discount - Yahoo Finance,2025-04-17,AMZN
Amazon Is Better Prepared for the Trade War Than Investors Think - WSJ,2025-04-18,AMZN
Amazon Stock Sell-Off: Should You Buy the Dip? - Yahoo Finance,2025-04-20,AMZN
"Amazon stock falls as Raymond James downgrades shares, citing tariff headwinds and 'limited' AI monetization - Yahoo Finance",2025-04-21,AMZN
Amazon Stock Downgraded From Strong Buy Call On Tariff Risks - Investor's Business Daily,2025-04-21,AMZN
This analyst downgraded Amazon ahead of Q1 earnings. Here's why. - Yahoo Finance,2025-04-22,AMZN
Amazon Stock Rallies Past Key Level On Hopes For Trump Easing China Tariffs - Investor's Business Daily,2025-04-23,AMZN
Amazon or Alphabet: Top Analyst Selects the Superior Tech Stock to Buy Ahead of Earnings - Yahoo Finance,2025-04-25,AMZN
Is Amazon a Better Stock to Buy Right Now Than Costco? The Answer Might Surprise You. - Yahoo Finance,2025-04-25,AMZN
"If You Invested $10K In Amazon Stock 10 Years Ago, How Much Would You Have Now? - Yahoo Finance",2025-04-28,AMZN
"Should You Buy, Sell or Hold Amazon Stock Before Q1 Earnings? - Yahoo Finance",2025-04-28,AMZN
"Josh Brown Loads Up On Amazon.com (AMZN), Says Company Will Be ‘Standing At The End of Trade War’ - Yahoo Finance",2025-04-28,AMZN
Oppenheimer Cuts Amazon Target Price 15% Ahead of Earnings Release - Investopedia,2025-04-28,AMZN
"Big Tech earnings on deck: Here's what to expect from MSFT, META, AMZN & AAPL - CNBC",2025-04-28,AMZN
Will Amazon’s Earnings Boost Or Hurt Its Stock Price? - Trefis,2025-04-29,AMZN
Trump-Bezos call sets stage for tense earnings report from Amazon - CNBC,2025-04-30,AMZN
"Amazon and Apple earnings coverage, Eli Lilly: What to Watch - Yahoo Finance",2025-04-30,AMZN
"Amazon earnings preview: Cloud growth, AI demand, and tariff risks in focus - GeekWire",2025-04-30,AMZN
Amazon Stock Retreats Ahead of Thursday's Earnings - Investopedia,2025-04-30,AMZN
"Amazon’s investing $4B in rural America to expand our delivery network, offer even faster delivery, and create more than 100,000 new jobs - About Amazon",2025-04-30,AMZN
Amazon Q1 earnings: Here’s what you need to know - About Amazon,2025-05-01,AMZN
Amazon Says Operating Profits May Decline Amid Economic Uncertainty - The New York Times,2025-05-01,AMZN
"Amazon issues light guidance, noting 'tariffs and trade policies' as factors - CNBC",2025-05-01,AMZN
Amazon Shares Drop on Tariff Concerns Despite Strong Quarter - WSJ,2025-05-01,AMZN
"Amazon's Earnings Top Expectations, But Soft Outlook Disappoints - Investopedia",2025-05-01,AMZN
"Earnings call transcript: Amazon Q1 2025 earnings beat expectations, stock dips - Investing.com",2025-05-01,AMZN
Amazon’s (NASDAQ:AMZN) Q1 Earnings Results: Revenue In Line With Expectations - Yahoo Finance,2025-05-01,AMZN
"Amazon Q1 earnings beat, but weak outlook weighs on stock - Yahoo Finance",2025-05-01,AMZN
Amazon: What historical trends say about post-earnings trading - Yahoo Finance,2025-05-01,AMZN
"Amazon Earnings Beat But Stock Falls On Mixed Guidance, Slight Cloud Miss - Investor's Business Daily",2025-05-01,AMZN
"Amazon posts solid first quarter earnings growth, but outlook is tempered by tariff uncertainty - The Hill",2025-05-01,AMZN
Amazon beats on earnings as ad sales surge. But Microsoft's cloud growth may steal the show - qz.com,2025-05-01,AMZN
"Amazon’s ad business grew 19% in first quarter, topping estimates - CNBC",2025-05-01,AMZN
Amazon.com Announces First Quarter Results - Business Wire,2025-05-01,AMZN
Amazon falls short on cloud revenue for third straight quarter - CNBC,2025-05-01,AMZN
Amazon reports better-than-expected earnings despite tumult of Trump tariffs - The Guardian,2025-05-01,AMZN
Amazon Braces for Tougher Business Climate Amid Trump Trade War - Bloomberg,2025-05-01,AMZN
Amazon Tops Q1 Earnings Estimates—But Stock Slides On Soft Guidance - Forbes,2025-05-01,AMZN
Amazon Stock Slips After Earnings. How It Fell Short of Microsoft’s Bar. - Barron's,2025-05-02,AMZN
Watch These Amazon Stock Price Levels After Company Issues Soft Outlook - Investopedia,2025-05-02,AMZN
"Amazon Q1 Earnings Beat Estimates, Stock Falls on Mixed Guidance - Yahoo Finance",2025-05-02,AMZN
"Amazon beats on Q1 earnings, but light Q2 guidance weighs on stock - Yahoo Finance",2025-05-02,AMZN
CNBC Daily Open: Signs of weakness in Apple and Amazon's earnings - CNBC,2025-05-02,AMZN
"Results: Amazon.com, Inc. Beat Earnings Expectations And Analysts Now Have New Forecasts - simplywall.st",2025-05-05,AMZN
Amazon.com First Quarter 2025 Earnings: EPS Beats Expectations - Yahoo Finance,2025-05-05,AMZN
"Amazon Q1 FY 2025 Earnings Reflect Cloud Momentum, Operating Margin Gains - The Futurum Group",2025-05-06,AMZN
"Amazon.com, Inc. (AMZN): Among Stocks That Will Make You Rich In 3 Years - Yahoo Finance",2025-05-07,AMZN
Amazon is investing more than €700 million in delivery station technology across Europe - About Amazon Europe,2025-05-07,AMZN
How Amazon helps data center communities thrive - About Amazon,2025-05-07,AMZN
"Amazon.com (AMZN) Stock “Is Oversold,” Prominent Investor Says - Yahoo Finance",2025-05-07,AMZN
"Dow rallies nearly 200 points on gains in Walt Disney, Honeywell shares",2025-05-07,AMZN
Marvell Stock Falls Sharply. What’s Hurting the Former AI Chip Favorite.,2025-05-07,AMZN
"Amazon.com (AMZN) Stock “Is Oversold,” Prominent Investor Says",2025-05-07,AMZN
"Apple Teams Up With AI Startup Anthropic To Integrate Claude Sonnet Into Xcode, Challenging Microsoft's GitHub Copilot",2025-05-07,AMZN
Amazon $84 Million Bet on AMD Signals AI Showdown with Nvidia,2025-05-07,AMZN
Q1 2025 Viant Technology Inc Earnings Call,2025-05-07,AMZN
"Dow up 350 points on gains in Walt Disney, Honeywell shares",2025-05-07,AMZN
Hartford Core Equity Fund Q1 2025 Commentary,2025-05-08,AMZN
"Is Amazon.com, Inc. (AMZN) the Best Dow Stock?",2025-05-08,AMZN
Amazon's $25B Automation Bet Includes Vulcan Robot,2025-05-08,AMZN
Amazon debuts a warehouse robot with a sense of 'touch',2025-05-08,AMZN
"Amazon.com, Inc. (AMZN): AI Integration and E-Commerce Strength Drive Price Target Boost",2025-05-08,AMZN
Amazon.com (NasdaqGS:AMZN) Reinforces Digital Transformation With US$4 Billion AWS Expansion In Chile,2025-05-08,AMZN
Temu's Threat To U.S. Retailers Will 'Continue To Weaken' From Tariff Hit: Analyst,2025-05-08,AMZN
"Amazon.com, Inc. (AMZN): Among Stocks That Will Make You Rich In 3 Years",2025-05-08,AMZN
Marjorie Taylor Greene Goes Stock Shopping Again: Here Are 50+ Stocks The Congresswoman Bought,2025-05-08,AMZN
Hartford Growth Opportunities Fund Q1 2025 Commentary,2025-05-08,AMZN
"'Jeff Bezos Would Be No. 1' — Warren Buffett Says Some People You Shouldn't Even Try to Beat, Praises Him As 'Most Remarkable Business Person'",2025-05-08,AMZN
UPS Stands by Call to Scale Back Amazon Business Despite New Tariff Challenges,2025-05-08,AMZN
AI and ad tech are safe from Trump's tariffs so far,2025-05-08,AMZN
Talen Energy mulls options to supply data centers after Amazon setback,2025-05-08,AMZN
2 No-Brainer Artificial Intelligence (AI) Stocks to Buy Right Now,2025-05-08,AMZN
AWS to invest $4bn in Chilean cloud infrastructure,2025-05-08,AMZN
3 No-Brainer Warren Buffett Stocks to Buy Right Now,2025-05-08,AMZN
Sun Country Airlines: Undervalued And Misunderstood - A Strong Buy Opportunity,2025-05-08,AMZN
Bezos Space Ambitions at Risk With Musk’s Man at NASA,2025-05-08,AMZN
Jeff Bezos invests in Dutch AI innovator Toloka,2025-05-08,AMZN
Trump Makes a Deal With the U.K. Now Comes the Hard Part.,2025-05-08,AMZN
"Shopify projects dour Q2 profit as tariff clouds e-commerce landscape, shares fall",2025-05-08,AMZN
Britain set to strike first deal to cut Trump tariffs,2025-05-08,AMZN
Amazon Sell-Off: Why Now May Be the Best Time to Buy Amazon Stock,2025-05-08,AMZN
Utility stocks outperform S&P 500 with 'no signs of recession' in power demand,2025-05-08,AMZN
"Shopify sees second-quarter revenue above estimates, profit view drags shares",2025-05-08,AMZN
The Economy Is Finally Cracking: Here's How To Rebalance Your Portfolio,2025-05-08,AMZN
Invesco Equity And Income Fund Q1 2025 Commentary,2025-05-08,AMZN
"Trump's U.S.-U.K. Trade Deal Keeps 10% Tariff, But S&P 500 Rallies (Live Coverage)",2025-05-08,AMZN
Marvell Likely Lost A Major Design Win (Rating Downgrade),2025-05-08,AMZN
Egg lovers can’t get a break. Vital Farms to raise prices because of tariffs.,2025-05-08,AMZN
Trump's U.S.-U.K. Trade Deal Keeps 10% Tariff But S&P 500 Rallies (Live Coverage),2025-05-08,AMZN
Amazon.com Partners With Vetsource to Offer Prescription Pet Medications,2025-05-08,AMZN
"Trump's U.S.-UK Trade Deal Keeps 10% Tariff, But S&P 500 Rallies (Live Coverage)",2025-05-08,AMZN
Prediction: This Magnificent Vanguard Index Fund Will Beat the S&P 500 Again in 2025,2025-05-08,AMZN
2 Beaten-Down Stocks That Are Great Buys on the Dip,2025-05-08,AMZN
Hartford Capital Appreciation Fund Q1 2025 Commentary,2025-05-08,AMZN
"Dow up nearly 450 points on gains for Boeing, Walt Disney stocks",2025-05-08,AMZN
This Week In E-Commerce - HF Foods Innovates With New Digital Platform And Brand Shift,2025-05-08,AMZN
"China Is Baked In, Time To Pick Up AMD And Nvidia Stock",2025-05-08,AMZN
"Boeing, Walt Disney share gains contribute to Dow's 550-point rally",2025-05-08,AMZN
Amazon's newest AI tool is designed to enhance product listings,2025-05-08,AMZN
Auxier Asset Management Spring 2025 Market Commentary,2025-05-09,AMZN
"Amazon.com, Inc. (AMZN): Among Billionaire Bruce Kovner’s Stock Picks with Huge Upside Potential",2025-05-09,AMZN
Amazon begins European rollout of its Temu clone,2025-05-09,AMZN
Lower U.S. Consumer Spending Can Already Be Seen,2025-05-09,AMZN
Amazon's Operating Margins Continue To Improve,2025-05-09,AMZN
"From Apple to GM, Tariffs to Cost Companies Tens of Billions",2025-05-09,AMZN
Tracking Cathie Wood's ARK Invest 13F Portfolio - Q1 2025 Update,2025-05-09,AMZN
"Amazon Acquires $84.4 Million Stake In AMD Amid AI Chip Expansion, Export Controls",2025-05-09,AMZN
"Amazon Issues Mixed Q2 Guidance: Buy, Sell or Hold the Stock?",2025-05-09,AMZN
"Amazon illegally suspended union leader for 10 weeks, NLRB judge finds",2025-05-09,AMZN
Amazon.com (NasdaqGS:AMZN) Expands Global Presence With AWS Developments in Chile and New Collaborations,2025-05-09,AMZN
Slate CEO: We've raised nearly $700M from backers like Bezos for US-built EVs,2025-05-09,AMZN
Trade Desk Stock Is Surging on Earnings. There Are ‘Significant Opportunities.’,2025-05-09,AMZN
"Artificial Intelligence-Driven Cloud Spending Likely to Benefit Microsoft, Google, Amazon, Wedbush Says",2025-05-09,AMZN
Q1 2025 Trade Desk Inc Earnings Call,2025-05-09,AMZN
"What Apple, Amazon, GM And Other Companies Are Saying About Trump Tariffs",2025-05-09,AMZN
PGIM Jennison Blend Fund Q1 2025 Commentary,2025-05-09,AMZN
"Tesla Supplier Panasonic To Slash 10,000 Jobs, Take $895 Million Hit",2025-05-09,AMZN
2 AI Stocks That Could Go Parabolic,2025-05-09,AMZN
"Amazon.com, Inc. (AMZN): Among Paul Tudor Jones’ Stock Picks with Huge Upside Potential",2025-05-09,AMZN
Tech Industry Warns US Investment Pledges Hinge on Research Tax Break,2025-05-09,AMZN
Invesco Main Street Fund Q1 2025 Commentary,2025-05-09,AMZN
Amazon: Buying Opportunity Knocking At The Front Door Again,2025-05-09,AMZN
"Amazon.com, Inc. (AMZN): Among Billionaire Larry Robbins’ Stock Picks with Huge Upside Potential",2025-05-09,AMZN
"Microsoft, Amazon, Google, Palantir Poised to Win Big in AI Cloud Race",2025-05-09,AMZN
"Jim Cramer on Amazon.com, Inc. (AMZN): ‘I Still Like It For The Long Haul’",2025-05-09,AMZN
Amplitude enters collaboration agreement with AWS,2025-05-09,AMZN
What Does Cramer Think of Amazon.com (AMZN)’s $100 Billion AI Bet?,2025-05-09,AMZN
30 AI stocks that could surge up to 73% — and are loved by a bullish tech analyst,2025-05-10,AMZN
EOS: Market Volatility Creating Better Opportunities,2025-05-10,AMZN
Alphabet Shares Take $138 Billion Blow as Search Warnings Blare,2025-05-10,AMZN
Sonos Interim CEO Says Company Has Turned a Corner and He Wants the Top Job,2025-05-10,AMZN
The Stealthy Lab Cooking Up Amazon’s Secret Sauce,2025-05-10,AMZN
Walmart & Retail Sector Earnings Loom: A Closer Look,2025-05-10,AMZN
Amazon.com (NasdaqGS:AMZN) Partners With Amplitude To Enhance Global Customer Experience,2025-05-10,AMZN
"Update: Market Chatter: Pledged US Investments of Tech Companies Depend on Research Tax Break, Industry Says",2025-05-10,AMZN
Amazon offers peek at new human jobs in an AI bot world,2025-05-11,AMZN
Invesco Summit Fund Q1 2025 Commentary,2025-05-11,AMZN
Is Amazon Stock a Long-Term Buy?,2025-05-11,AMZN
"Billionaire Investor Bill Miller, Who Beat the S&P 500 Index for 15 Consecutive Years, Says Buy Amazon and Sell Tesla",2025-05-11,AMZN
My 3 Top Stocks Down 20% or More to Buy Hand Over Fist Right Now,2025-05-11,AMZN
Invesco Growth And Income Fund Q1 2025 Commentary,2025-05-11,AMZN
Invesco Charter Fund Q1 2025 Commentary,2025-05-11,AMZN
Invesco Global Core Equity Fund Q1 2025 Commentary,2025-05-11,AMZN
TTD Q1: Upgrading My Price Target Amid Stellar Earnings,2025-05-11,AMZN
"USA: A Historical Underperformer, But Value-Orientation Might Be Appealing",2025-05-11,AMZN
"The Ultimate Growth Stock to Buy With $1,000 Right Now",2025-05-11,AMZN
Prediction: This Artificial Intelligence (AI) Semiconductor Stock Will Soar After May 28,2025-05-11,AMZN
The ‘most important consumer earnings report of the season’ lands this week,2025-05-11,AMZN
Online Retail Stocks Q1 Recap: Benchmarking Wayfair (NYSE:W),2025-05-12,AMZN
"Dow futures show 1,000-point gain ahead as markets rally on thaw in U.S.-China trade tensions",2025-05-12,AMZN
"As the Amazon's waves weaken, a surfer fights to protect them",2025-05-12,AMZN
"Wall Street Breakfast Podcast: Markets React As U.S., China Call Tariff Timeout",2025-05-12,AMZN
"Tesla, Amazon, Nvidia stocks set to surge after U.S. and China agree to slash tariffs",2025-05-12,AMZN
'The Game Is Rigged' Says Kevin O'Leary On Credit Card Points. He Claims They're Inflating Faster Than The Dollar And Always Cashes Out Fast,2025-05-12,AMZN
"The Best Stocks to Invest $1,000 in Right Now",2025-05-12,AMZN
Make Fewer Investing Errors With Barry Ritholtz,2025-05-12,AMZN
Is Alphabet's Business Dying,2025-05-12,AMZN
Retail stocks lifted by U.S.-China trade deal,2025-05-12,AMZN
Why Wall Street's Doubts On Amazon Are Your Golden Opportunity,2025-05-12,AMZN
eBay: A Potential AI Winner,2025-05-12,AMZN
"GAB: Lack Of Tech Exposure Is A Plus, But This Fund Is Incredibly Expensive",2025-05-12,AMZN
"This Artificial Intelligence (AI) Software Stock -- a 1,090% Gainer Since Its IPO -- Could Soar Another 285%, According to Dan Ives. Is It Time to Buy Like There's No Tomorrow?",2025-05-12,AMZN
"Amazon Stock Rallies On China Tariff Deal. China E-Commerce Stock Alibaba, PDD Also Jump.",2025-05-12,AMZN
Wall Street Rips Higher As Tariff Truce Halts US–China Economic Escalation,2025-05-12,AMZN
1 Growth Stock Down 20% to Buy Right Now,2025-05-12,AMZN
Consumer relief from U.S.-China trade deal sends retailers’ stocks surging,2025-05-12,AMZN
"Dow Jones Surges 1,000 Points On Trump-China Tariff Deal; Apple, Nvidia, Tesla Rally",2025-05-12,AMZN
The ‘Magnificent Seven’ are back in the stock market’s driver’s seat — but are they still a buy?,2025-05-12,AMZN
Nasdaq Recovery: 3 Artificial Intelligence (AI) Stocks That Are Still Too Cheap to Ignore,2025-05-12,AMZN
"Amazon-Backed Glacier's $16M Funding Boosts AI Robots Capable Of Sorting 30+ Material Types, Transforming Recycling Industry",2025-05-12,AMZN
"Magnificent Seven Gain $700B After US-China Slash Tariffs, Gold Crashes: What's Driving Markets Monday?",2025-05-12,AMZN
"EU regulators ask if Starlink is credible rival to SES, Intelsat",2025-05-12,AMZN
10 Consumer Discretionary Stocks With Whale Alerts In Today's Session,2025-05-12,AMZN
"China Trade Progress: Market Booms On News, Who Will Benefit?",2025-05-12,AMZN
"Amazon.com Inc., Nike share gains lead Dow's 1150-point surge",2025-05-12,AMZN
Top AI And Robotics News You May Have Missed In April,2025-05-12,AMZN
The U.S.-China trade thaw is helping Target’s stock today. Some analysts still see problems with no obvious solutions.,2025-05-12,AMZN
Affirm Stock Jumps on Latest BNPL Deal. It’s Part of a Pattern.,2025-05-12,AMZN
"Amazon, Apple power ‘Magnificent Seven’ to more than $830 billion in market-cap gains in one day",2025-05-12,AMZN
Amazon Strikes A New Partnership With FedEx After UPS Pullback - Business Insider,2025-05-12,AMZN
Amazon strikes new partnership with FedEx after UPS pullback,2025-05-12,AMZN
How 'negative' sentiment is driving defensive tech bets,2025-05-12,AMZN
"Dow surges nearly 1050 points on gains in shares of Amazon.com Inc., Nike",2025-05-12,AMZN
"NRG Energy Posts Upbeat Earnings, Joins Tesla, Apple, Amazon And Other Big Stocks Moving Higher On Monday",2025-05-12,AMZN
Rocket Lab's Inflection Point,2025-05-12,AMZN
Your New iPhone May Get More Expensive. Apple Won’t Blame Tariffs: Report.,2025-05-12,AMZN
Amazon's Project Kuiper: Tariff Catalyst And The $457 Billion Battle With Starlink,2025-05-12,AMZN
"U.S.-China Trade Deal Turns Back Clock On Tariffs; S&P 500 Soars, But Risks Remain",2025-05-12,AMZN
"Stock Market Today: Dow Jones Soars As Bessent Says This On China; Nvidia Surges, Alibaba Clears Entry (Live Coverage)",2025-05-12,AMZN
"Amazon.com Inc., Nike share gains lead Dow's nearly 925-point surge",2025-05-12,AMZN
Bandai Namco Entertainment Launches Gundam Metaverse on AWS,2025-05-12,AMZN
"These Stocks Are Moving the Most Today: Amazon, Nvidia, Tesla, Alibaba, Eli Lilly, Pfizer, NRG Energy, Newmont, and More",2025-05-12,AMZN
Amazon Stock Surges. Why It’s a Mag 7 Outperformer on Tariffs Deal.,2025-05-12,AMZN
Secrets behind 'Magnificent 7' surge ahead of Nvidia earnings,2025-05-12,AMZN
"Amazon.com Inc., Nike share gains lead Dow's 1,033-point surge",2025-05-12,AMZN
"CNBC Halftime Report Final Trades: Citigroup, Truist Financial, Amazon",2025-05-12,AMZN
US-China trade reprieve buys Shein and Temu time to restock US inventory,2025-05-12,AMZN
Why Is Amazon (AMZN) Stock Rocketing Higher Today - Yahoo Finance,2025-05-12,AMZN
"These Stocks Are Moving the Most Today: Amazon, Nvidia, Tesla, Alibaba, Eli Lilly, Pfizer, RH, Newmont, and More",2025-05-12,AMZN
US-China tariff agreement may add fuel to 'Magnificent 7' stock rally,2025-05-12,AMZN
"Amazon Stock Rallies On China Tariff Deal. China E-Commerce Stocks Alibaba, PDD Also Jump.",2025-05-12,AMZN
‘Magnificent Seven’ blows past a major threshold — but a few more marks must be crossed before tech is really back,2025-05-13,AMZN
Amazon taps FedEx for big-and-bulky residential deliveries,2025-05-13,AMZN
Microsoft is cutting 3% of its workforce with across-the-board layoffs,2025-05-13,AMZN
Nebius Q1 Preview: All About ARR,2025-05-13,AMZN
Wall Street Breakfast Podcast: FedEx Lands Amazon Deal As UPS Scales Back,2025-05-13,AMZN
US slashes 'de minimis' tariff on small China parcels to 54%,2025-05-13,AMZN
'De minimis': the trade perk Trump ended as part of China tariffs,2025-05-13,AMZN
"Stocks edge up, dollar dips as trade-deal sugar rush fades",2025-05-13,AMZN
"US to cut 'de minimis' tariff on China shipments, bolsters broader trade truce",2025-05-13,AMZN
US to cut 'de minimis' tariff on China shipments to 54% from 120%,2025-05-13,AMZN
"US to cut 'de minimis' tariff on China shipments, bolstering broader trade truce",2025-05-13,AMZN
"Dow Jones Futures: Trump Trade Deal Triggers Bullish Stock Market Rally; Amazon, Apple, Nvidia, Tesla Surge",2025-05-13,AMZN
"When Trump Says 'Buy,' You Buy",2025-05-13,AMZN
"Amazon com : Prime Video orders ‘Delphi,’ the first live-action series in the ‘Creed’ universe",2025-05-13,AMZN
Amazon com : ‘Beast Games’ renewed for two more seasons after record-breaking Prime Video debut,2025-05-13,AMZN
Amazon Seals New Partnership With FedEx for Delivering Large Packages,2025-05-13,AMZN
Amazon Reached Agreement With FedEx To Serve As One Of Several Third-Party Partners - Spokesperson,2025-05-13,AMZN
Screening for Buffett Stocks,2025-05-13,AMZN
AWS and HUMAIN announce a more than $5B investment to accelerate AI adoption in Saudi Arabia and globally - About Amazon,2025-05-13,AMZN
"FedEx strikes new Amazon deal, says heavy and rural deliveries are money makers",2025-05-13,AMZN
"With UPS Out, Amazon Turns to FedEx",2025-05-13,AMZN
"Amazon Takes A Further Bite Out Of The Big Apple, Closing Purchase Of 600,000 Square Feet At 522 Fifth Ave.",2025-05-13,AMZN
Humain Partners with U.S. Tech Companies to Build AI Infrastructure in Saudi Arabia -- Update,2025-05-13,AMZN
Trump begins four-day trip to Middle East in Saudi Arabia,2025-05-13,AMZN
Amazon.com (AMZN) Slid on Concerns around Tariffs and U.S.–China Trade Tensions,2025-05-13,AMZN
Trump says US adding $1 trillion of investment with Saudi trip,2025-05-13,AMZN
Tap Mag-7 ETFs on Temporary US-China Trade Truce,2025-05-13,AMZN
"Five Below: Even Without Tariffs, I'm Not A Buyer",2025-05-13,AMZN
"Amazon.com, Inc. (AMZN): A Bull Case Theory",2025-05-13,AMZN
FedEx Exec: Amazon Delivery Partnership ‘Will Push Up Our Yield’,2025-05-13,AMZN
Amazon And Meta Stock Add To Gains After Trump Slashes Tariffs On 'De Minimis' China Shipments,2025-05-13,AMZN
AWS and HUMAIN Announce Groundbreaking AI Zone to Accelerate AI Adoption in Saudi Arabia and Globally,2025-05-13,AMZN
Break Up Alphabet? It May Be the ‘Only Way Forward’ for Google Stock.,2025-05-13,AMZN
A 'Magnificent' China reset reignites the tech trade,2025-05-13,AMZN
Amazon launches AI-powered contextual ads at 2nd blockbuster upfront,2025-05-13,AMZN
"FedEx, Amazon strike large-package delivery deal",2025-05-13,AMZN
Advanced Micro Devices Stock (AMD) Stuck in Neutral as AI Boom Accelerates,2025-05-13,AMZN
Alphabet In 2025 Is Spelled MOS,2025-05-13,AMZN
"Citigroup, Truist Financial And A Consumer Cyclical Stock On CNBC's 'Final Trades'",2025-05-13,AMZN
Invesco Global Focus Fund Q1 2025 Commentary,2025-05-13,AMZN
"Stocks edge up, dollar eases as trade-deal sugar rush fades",2025-05-13,AMZN
Funds Kept Shifting Out of U.S. Stocks as Rally Picked Up,2025-05-13,AMZN
Why J Mintzmyer Is Short Walmart And Long 3 Shipping Stocks,2025-05-13,AMZN
Palantir Stock Hits Another All-Time High. The AI Trade Is On Fire.,2025-05-14,AMZN
BlackRock Unconstrained Equity Fund Q1 2025 Commentary,2025-05-14,AMZN
"Zacks Value Investor Highlights: DFH, KO, AMZN",2025-05-14,AMZN
"Big Tech ETF rises, on pace for longest winning streak of 2025",2025-05-14,AMZN
Marvell: Sell Into This Relief Rally Before It Falls Below $65,2025-05-14,AMZN
Tech Stocks - Focus On What Management Isn't Talking About,2025-05-14,AMZN
Is Amazon.com (AMZN) the Best High Volume Stock to Buy Now?,2025-05-14,AMZN
Wall Street Lunch: Oil Money Juices Big Tech,2025-05-14,AMZN
Trump trade war with China may never be totally over: Former Commerce Secretary Wilbur Ross,2025-05-14,AMZN
Amazon Commits $5 Billion on Saudi AI zone,2025-05-14,AMZN
"The Zacks Analyst Blog Highlights Microsoft, Amazon.com, Mastercard and CBL & Associates",2025-05-14,AMZN
9 Consumer Discretionary Stocks Whale Activity In Today's Session,2025-05-14,AMZN
"Amazon.com, Inc. (AMZN) and HUMAIN to Invest $5B+ in Saudi Arabia’s AI Zone Development",2025-05-14,AMZN
Walmart: How Tariff Panic Created A Buy Window Ahead Of Earnings,2025-05-14,AMZN
"Nvidia, Amazon, Google Among Wedbush's Top Picks to Shape AI Future",2025-05-14,AMZN
"These Stocks Moved the Most Today: UnitedHealth, Nvidia, Tesla, First Solar, Coinbase, Palantir, Super Micro, Boeing, Rigetti, and More",2025-05-14,AMZN
"Nvidia, Amazon, Google Announce AI Collaborations With Saudi Arabia's Humain",2025-05-14,AMZN
"Top Stock Reports for Microsoft, Amazon.com & Mastercard",2025-05-14,AMZN
"Amazon.com, Inc. (AMZN) – AWS Teams Up with NICE to Power CXone Mpower and Revolutionize AI Customer Service",2025-05-14,AMZN
Hartford Climate Opportunities Fund Q1 2025 Commentary,2025-05-14,AMZN
1 Incredible Stat About Amazon's Business That Could Send Its Stock Soaring,2025-05-14,AMZN
"Amazon.com, Inc. (AMZN), Meta Platforms, Inc. (META) Delivered the Best Earnings Among the Mag 7, Prominent Investor Says",2025-05-14,AMZN
Amazon com : Formula 1 and AWS Give Fans a Chance to Design Their Own Race Track With New Online Experience,2025-05-14,AMZN
"Tariffs Calm Down, PayPal Heats Up - Initiating With A Buy",2025-05-14,AMZN
"Waymo recalls 1,200 self-driving vehicles after minor collisions",2025-05-14,AMZN
Walmart: Why It's The Poster Boy Warning For The Market's Lost Decade To Come,2025-05-14,AMZN
You can see AI everywhere — except in Big Tech’s profits,2025-05-14,AMZN
3 Top Tech Stocks That Could Make You a Millionaire,2025-05-14,AMZN
Parnassus Value Equity Fund Q1 2025 Commentary,2025-05-14,AMZN
Parnassus Growth Equity Fund Q1 2025 Commentary,2025-05-14,AMZN
Amazon com : How to use Amazon’s Leadership Principles in your interview,2025-05-14,AMZN
Amazon: The Real Pain Is Still Coming,2025-05-14,AMZN
Trump's Fiscal Austerity: A Shock To The Economy And Market,2025-05-14,AMZN
The Amazonification of Uber: Part II,2025-05-14,AMZN
Walmart: Valuation Bubble About To Burst,2025-05-14,AMZN
Tracking Christopher Davis' Davis Selected Advisers 13F Portfolio - Q1 2025 Update,2025-05-14,AMZN
"The Trade Desk: Strong Earnings Rally, But High Growth Expectations Remain",2025-05-14,AMZN
"Google Backs Saudi AI Fund as Trump, MBS Tout New Investments",2025-05-14,AMZN
Sector Update: Tech Stocks Gain Late Afternoon,2025-05-14,AMZN
"These Stocks Are Moving the Most Today: UnitedHealth, Nvidia, Tesla, First Solar, Coinbase, Palantir, Super Micro, Boeing, Rigetti, and More",2025-05-14,AMZN
Is Amazon.com (AMZN) the Best High Volume Stock to Buy Now? - Yahoo Finance,2025-05-14,AMZN
Here are things driving the 5-day winning streak in Amazon stock - CNBC,2025-05-14,AMZN
Amazon and FedEx reach delivery deal following pullback by UPS,2025-05-14,AMZN
Trump and MBS Tout $1 Trillion Pledge as Details Remain Elusive,2025-05-14,AMZN
"S&P 500 to erase losses, FedEx and Amazon deal, Chevron downgrade",2025-05-14,AMZN
Amazon trims jobs in devices and services unit,2025-05-15,AMZN
"Mag 7 gains, fairly valued market, risk: Trading Takeaways",2025-05-15,AMZN
"Veteran Investor Is Bullish on Amazon.com, Inc. (AMZN) Stock - Yahoo Finance",2025-05-15,AMZN
Amazon.com (NasdaqGS:AMZN) Teams With Demandbase To Launch AI Agents On AWS Platform,2025-05-15,AMZN
Exclusive-Amazon trims jobs in devices and services unit,2025-05-15,AMZN
"Andy Jassy makes the case for Amazon's extraordinary AI spending, promising shareholders they will end up 'very happy' - Fortune",2025-05-21,AMZN
Amazon shareholders reject oversight proposals as Andy Jassy disputes AI cutback claims - GeekWire,2025-05-21,AMZN
Amazon's 2025 shareholder meeting: Here's what investors can expect - CNBC,2025-05-21,AMZN
Amazon investors again reject all shareholder proposals - Reuters,2025-05-21,AMZN
ESG News Recap: Amazon Rejects All Shareholder Proposals - Impakter,2025-05-22,AMZN
"Ackman's hedge fund Pershing Square bets on Amazon, exits Canadian Pacific - Reuters",2025-05-22,AMZN
Amazon shareholder revolt loses steam - GeekWire,2025-05-22,AMZN
3 Reasons to Buy Amazon Stock Like There's No Tomorrow - Yahoo Finance,2025-05-23,AMZN
Part 3: Building an AI-powered assistant for investment research with multi-agent collaboration in Amazon Bedrock and Amazon Bedrock Data Automation | Amazon Web Services - Amazon Web Services,2025-05-28,AMZN
"‘Time to Stock Up,’ Says Bill Ackman After Pulling the Trigger on Amazon Stock (AMZN) - Yahoo Finance",2025-05-29,AMZN
Is Amazon Stock A Buy? Tech Giant's Shares To Close Week Higher After Tariff Whiplash - Investor's Business Daily,2025-05-30,AMZN
"The Amazon Paradox: Growth Potential, But Stalling Stock Price - Seeking Alpha",2025-05-31,AMZN
"Amazon Stock Gets Price Target Hike As Analyst Sees Robotics, AI Boosting Retail Profits - Investor's Business Daily",2025-06-02,AMZN
Should You Hold on to AMZN Stock in 2H25 Despite its 5.8% YTD Decline? - Yahoo Finance,2025-06-03,AMZN
Amazon Exits Investor Challenge to Zoox Robotaxi Purchase (1) - Bloomberg Law News,2025-06-03,AMZN
Hope returns to Europe's industrial heartlands: Amazon's €320 billion investment story - About Amazon Europe,2025-06-04,AMZN
"Amazon's AI investment, Guidewire, Apple: Trending Tickers - Yahoo Finance",2025-06-04,AMZN
Amazon plans to invest $10 billion in North Carolina to expand cloud computing infrastructure and advance AI innovation - About Amazon,2025-06-04,AMZN
"Amazon Stock, Meta Get Price-Target Hike From Analyst After Tariff Relief - Investor's Business Daily",2025-06-04,AMZN
"Amazon: Investors Wanted Pure Play AWS, And Now They're Getting It (NASDAQ:AMZN) - Seeking Alpha",2025-06-05,AMZN
"You'd Be A Millionaire If You Invested $10,000 In This Stock In 1995: Here Is S&P 500's Top Performing Stock Over The Last 30 Years",2025-06-07,AMZN
QQA: New Option Strategy ETF In The Nasdaq 100,2025-06-07,AMZN
"Amazon, Hot IPO Lead Five Stocks Near Buy Points",2025-06-07,AMZN
"If I Could Only Buy and Hold a Single Stock, This Would Be It.",2025-06-07,AMZN
Prediction: 2 AI Stocks That Will Be Worth More Than C3.ai 2 Years From Now,2025-06-08,AMZN
Amazon.com (NasdaqGS:AMZN) Expands AWS Presence With US$5 Billion Data Center Investment In Taiwan,2025-06-08,AMZN
Meta in talks for Scale AI investment that could top $10 billion,2025-06-08,AMZN
Is It Too Late to Buy MercadoLibre Stock?,2025-06-08,AMZN
The 3 Best Growth Stocks to Buy With $100 Right Now,2025-06-08,AMZN
MercadoLibre's 50x PE Is Unjustified,2025-06-08,AMZN
1 Magnificent S&P 500 Dividend Stock Down 24% to Buy and Hold Forever,2025-06-08,AMZN
Amazon Eyes AI-Powered Humanoid Robots for Last-Mile Edge,2025-06-08,AMZN
Is Palantir Still a Buy After Its Run-Up? 3 Analysts From The Motley Fool Weigh In.,2025-06-08,AMZN
Warren Buffett's AI Bets: 22% of Berkshire Hathaway's $282 Billion Stock Portfolio Is in These 2 Artificial Intelligence Stocks,2025-06-08,AMZN
FFLC: Excellent Active ETF With Reasonable Fees,2025-06-08,AMZN
Why the tech trade is still 'alive and well',2025-06-08,AMZN
"Consumer Tech News (Jun 2-Jun 6): Amercia Witnesses Surge In Layoffs, Tesla Norway Sales Jumps 213% In May & More",2025-06-08,AMZN
Shopify vs. Amazon: Which E-Commerce Stock Has The Edge Now? - Yahoo Finance,2025-06-09,AMZN
Amazon plans to invest $20 billion in Pennsylvania to expand cloud computing infrastructure and advance AI innovation - About Amazon,2025-06-09,AMZN
"Amazon announces $20 billion AI investment that will bring at least 1,250 jobs to Pa. - Pennsylvania Capital-Star",2025-06-09,AMZN
Where Will Walmart Stock Be in 3 Years?,2025-06-09,AMZN
Want To Lose Money? Let Politics Rule Your Investment Decisions.,2025-06-09,AMZN
7 Reasons to Buy Amazon Stock Like There's No Tomorrow,2025-06-09,AMZN
TCW Transform Systems ETF Q1 2025 Commentary,2025-06-09,AMZN
"E.l.f. Beauty, Amazon, Jefferies Financial And More On CNBC's 'Final Trades'",2025-06-09,AMZN
3 Reasons to Buy Walmart Stock Like There's No Tomorrow,2025-06-09,AMZN
Jeff Bezos On His Heroes: Why He Sees Edison As A Symbol Of Invention And Disney As A Master Of Vision,2025-06-09,AMZN
CSQ: Continuing To Outperform And Good Wealth Protection Against Dollar Devaluation,2025-06-09,AMZN
TCW Compounders ETF Q1 2025 Commentary,2025-06-09,AMZN
Amazon's latest big bet may flop,2025-06-09,AMZN
Amazon and US rivals navigate volatile tariff landscape,2025-06-09,AMZN
Shopify Stock: Bull vs. Bear,2025-06-09,AMZN
Beyond The Screen: How Meta's Glasses Will Reshape Our Lives,2025-06-09,AMZN
5 Stocks In The Spotlight From Wall Street's Most Accurate Analysts Last Week,2025-06-09,AMZN
"As tech leads, which stocks have outperformed since April 8 rout?",2025-06-09,AMZN
The Best ETF to Invest in the AI Boom Without Betting on Just One Stock,2025-06-09,AMZN
"Amazon to spend $20 billion on data centers in Pennsylvania, including one at a nuclear power plant",2025-06-09,AMZN
"Amazon to spend $20B on data centers in Pennsylvania, including one next to a nuclear power plant",2025-06-09,AMZN
Citi Lifts S&P 500 Estimate as Stocks Eye New Record,2025-06-09,AMZN
Amazon Plans To Invest $20 Bln In Pennsylvania,2025-06-09,AMZN
Amazon to invest $20 billion in Pennsylvania to expand cloud infrastructure,2025-06-09,AMZN
Magnificent Seven Stocks: Nvidia Rallies; Tesla Slides On Downgrade,2025-06-09,AMZN
Amazon tightens grip on fake reviews with UK CMA commitment,2025-06-09,AMZN
IonQ To Buy Oxford Ionics In $1 Billion Deal As Acquisition Spree Continues,2025-06-09,AMZN
Amazon to Invest $20 Billion in Pennsylvania to Expand AI Infrastructure,2025-06-09,AMZN
Why Amazon Stock Still Looks Like a Long-Term Winner,2025-06-09,AMZN
The Smartest Artificial Intelligence (AI) Stocks to Buy Now as the AI Market Soars,2025-06-09,AMZN
Amazon confirms layoffs in books business,2025-06-09,AMZN
"Investors Heavily Search Amazon.com, Inc. (AMZN): Here is What You Need to Know",2025-06-09,AMZN
3 Potential Winners From The Tariff/Trade War,2025-06-09,AMZN
Why Amazon (AMZN) is a Top Growth Stock for the Long-Term,2025-06-09,AMZN
"Dow's 100-point rally highlighted by gains in Boeing, Amazon.com Inc. shares",2025-06-09,AMZN
Amazon CEO Andy Jassy shares the No. 1 career mistake Gen Z is making in their 20s that’s easily avoidable,2025-06-09,AMZN
Amazon Ups Its AI Infrastructure Ante,2025-06-09,AMZN
Shopify vs. Amazon: Which E-Commerce Stock Has The Edge Now?,2025-06-09,AMZN
TCW Transform Supply Chain ETF Q1 2025 Commentary,2025-06-09,AMZN
EU unconditionally clears SES's $3.1 bln bid for Intelsat,2025-06-10,AMZN
"Market Chatter: Tech Group Reportedly Pleads With Senate to Keep Clean Energy Credits, Loan Guarantees",2025-06-10,AMZN
EU unconditionally clears SES's $3.1 billion bid for Intelsat,2025-06-10,AMZN
Amazon Introduces New Key Access Control System for Multi-Family Properties,2025-06-10,AMZN
Cyberattack Disclosure Continues to Rattle United Natural Foods Stock,2025-06-10,AMZN
Target Digital Sales Up 4.7% in Q1: Is Circle 360 the Real Driver?,2025-06-10,AMZN
"Rebag Collaborates with Luxury Stores At Amazon, Expanding Access to Pre-Loved Luxury Goods",2025-06-10,AMZN
"Amazon commits $20B for Pennsylvania data centers, training",2025-06-10,AMZN
"Amazon ADS Launches Enhanced Video Generator, AI-Powered Tool That Creates High-Motion Videos That Show Products In Action - Website",2025-06-10,AMZN
IBM just took a 'significant' step toward useful quantum computing,2025-06-10,AMZN
Amazon.com (NasdaqGS:AMZN) Offers Prime Members Exclusive Early Superman Screenings,2025-06-10,AMZN
Amazon Shares Climb as $20B Pennsylvania AI Data Center Plan Takes Spotlight,2025-06-10,AMZN
"Fund manager who sold Tesla, just in time, says investors are overlooking these tech bargains",2025-06-10,AMZN
"Kanye West Once Gifted Kim Kardashian Stocks In Apple, Netflix, Amazon And Disney — And His Financial Foresight Continues To Benefit Her Wealth",2025-06-10,AMZN
CoreWeave Says It Can Deliver Shareholder Returns. These Analysts Are Skeptical.,2025-06-10,AMZN
Amazon Says Preparing To Launch Next Batch Of Project Kuiper Satellites With United Launch Alliance,2025-06-10,AMZN
Megacap stocks aren’t all up in 2025. But this chart shows they’ve trounced the S&P 500’s smallest equities.,2025-06-10,AMZN
American Century Growth Fund Q1 2025 Commentary,2025-06-10,AMZN
Can Snowflake's Gen2 Launch Drive Strong Product Revenue Growth?,2025-06-10,AMZN
"Mooove Over, Magnificent Seven. It’s Time to Invest in COW.",2025-06-10,AMZN
Dow Jones Leader Amazon Stock Is Breaking Out Today,2025-06-10,AMZN
Whole Foods Distributor United Natural Foods Stock Dives on Cyberattack News,2025-06-10,AMZN
Amazon wants to become a global marketplace for AI,2025-06-10,AMZN
"Amazon, Cameco, Universal Health Services: Trending Tickers",2025-06-10,AMZN
Amazon Pledges $20 Billion for Pennsylvania Data Centers,2025-06-10,AMZN
"Top Stock Reports for Amazon.com, Walmart & Cisco Systems",2025-06-10,AMZN
Warren Buffett Has 23% of Berkshire Hathaway's Portfolio Invested in 2 AI Stocks Up 600% and 900% in the Last Decade,2025-06-10,AMZN
"Dow Jones Futures: Amazon, Circle, Palantir, Tesla Rally Ahead Of Key Inflation Reports",2025-06-10,AMZN
Stock Market Today: Dow Jones Dips As Tesla Jumps On Cooling Trump-Musk Feud (Live Coverage),2025-06-10,AMZN
Roblox Hires Paramount's CFO: Will Naveen Chopra Fuel The Platform's Next Big Leap?,2025-06-10,AMZN
Amazon widens access to video generator as AI ad tools gain traction,2025-06-10,AMZN
Lawmakers Traded Stocks Heavily as Trump Rolled Out ‘Liberation Day’ Tariffs,2025-06-10,AMZN
American Century Focused Global Growth Fund Q1 2025 Commentary,2025-06-10,AMZN
"Pennsylvania Governor Josh Shapiro On Amazon Investment Says Anticipate Creating About 10,000 Construction Jobs, 1,250 Permanent Jobs - CNBC Interview",2025-06-10,AMZN
"Pennsylvania Governor Josh Shapiro On Amazon Investment Says Anticipate Creating About 10,000 Construction Jobs, About 12,150 Permanent Jobs - CNBC Interview",2025-06-10,AMZN
SQQQ: Benefits And Risks Of A Leveraged Bear ETF,2025-06-10,AMZN
"The Zacks Analyst Blog Highlights Amazon, Walmart and Cisco",2025-06-10,AMZN
AI Is Reshaping Real Estate - 3 REIT Sectors Set To Win Big,2025-06-10,AMZN
"Reddit brands Anthropic as 'anything but' a white knight, heating up AI scraping wars",2025-06-10,AMZN
QQQM: Taking A Deeper Look At This Nasdaq-100 ETF,2025-06-10,AMZN
Apple vs. Amazon: Which Warren Buffet AI Stock Is the Better Buy Today?,2025-06-10,AMZN
Target: Something Has To Change,2025-06-10,AMZN
Amazon delivery robots offer ‘large opportunity’ for savings: BofA,2025-06-10,AMZN
Amazon's Next Leap Forward In Advertising Could Boost Market Cap,2025-06-10,AMZN
IBM Unveils Plans for First ‘Fault-Tolerant’ Quantum Supercomputer. How It ‘Cracked the Code’ on Error Correction.,2025-06-10,AMZN
Thornburg Summit Fund Q1 2025 Commentary,2025-06-10,AMZN
Tracking Saudi Sovereign Wealth Fund's 13F Portfolio - Q1 2025 Update,2025-06-10,AMZN
"Want $1 Million in Retirement? Invest $100,000 in These 3 Stocks and Wait a Decade",2025-06-10,AMZN
"OpenAI Surges Past $10 Billion In Annualized Revenue Amid Record ChatGPT Use, Leaves Rivals Like Amazon-Backed Anthropic Behind",2025-06-10,AMZN
3 Brilliant Growth Stocks to Buy Now and Hold for the Long Term,2025-06-10,AMZN
"Amazon To Invest $20 Billion In 2 Pennsylvania Data Centers, Governor Josh Shapiro Says The State Will 'Lead' On US-China AI 'Battle'",2025-06-11,AMZN
Truist sees Project Kuiper becoming a key growth driver for Amazon,2025-06-11,AMZN
AWS Opens Applications for the 2025 Generative AI Accelerator to Support Startups Building Foundational AI,2025-06-11,AMZN
Talen Energy (TLN) Stock Surges On Expanded Nuclear Power Deal With Amazon,2025-06-11,AMZN
Nvidia CEO Sees Tenfold Increase in Europe’s AI Computing Power,2025-06-11,AMZN
"Nvidia, Apple, Amazon, Microsoft And Alphabet's Insitutional Investors Sold 8.4 Billion Shares In Q1, Filings Reveal",2025-06-11,AMZN
Wall Street Lunch: Tariffs' Impact On Inflation Muted In May,2025-06-11,AMZN
Amazon expands recycled water use at US data centers,2025-06-11,AMZN
Amazon Announces 3 AI-Powered Innovations To Get Packages To Customers Faster,2025-06-11,AMZN
Talen Energy and Amazon sign nuclear power deal to fuel data centers,2025-06-11,AMZN
10 Consumer Discretionary Stocks Whale Activity In Today's Session,2025-06-11,AMZN
Amazon (AMZN) Plans to Invest $20 Billion in Pennsylvania Cloud Infrastructure,2025-06-11,AMZN
"Talen Energy and Amazon, Urban Outfitters: Trending Tickers",2025-06-11,AMZN
A $2.7 Million Couple Explains Why Young Investors Should Avoid Dividend Stocks: 'Focusing On Total Returns Is A More Efficient Strategy',2025-06-11,AMZN
Can Shopify's Expanding Merchant Base Sustain Its Growth Momentum?,2025-06-11,AMZN
Musk Pins Tesla's Comeback on Robotaxis After Retreat From Feud,2025-06-11,AMZN
AST SpaceMobile Stock (ASTS) Rallies Alongside Surging Demand for Satellite Internet,2025-06-11,AMZN
"IBD Stock Of The Day: Amazon Breaks Out Amid Tariff Relief, Cloud AI Push",2025-06-11,AMZN
"When The Iconic CEO Moves On, Evaluate Your Investment",2025-06-11,AMZN
"Why Pro Investor Gary Black Ditched Tesla To Bet On Nvidia, Amazon, Meta And DoorDash?",2025-06-11,AMZN
AES Completes First Phase Of Giant Solar Project Supplying Amazon With Clean Power For 15 Years,2025-06-11,AMZN
Trump-Musk fight reveals fragility of relationship between Silicon Valley and White House,2025-06-11,AMZN
"Can This Unstoppable Stock Join Microsoft, Nvidia, Apple, Amazon, Alphabet, Meta Platforms, and Tesla in the $1 Trillion Club?",2025-06-11,AMZN
"Why I Just Bought This Badly Beaten-Down, 6.6%-Yielding Dividend Stock and Plan to Buy Even More",2025-06-11,AMZN
3 Growth Stocks That Could Skyrocket in 2025 and Beyond,2025-06-11,AMZN
Talen Energy Stock Rises as Nuclear Partnership With Amazon Is Expanded,2025-06-11,AMZN
Meta’s Scoping Out a Superintelligence Lab,2025-06-11,AMZN
Talen to sell Amazon 1.9 GW from Susquehanna nuclear plant,2025-06-11,AMZN
AI Bets That Fueled Big Tech’s Surge Now Threaten Rich Profits,2025-06-11,AMZN
American Century Ultra Fund Q1 2025 Commentary,2025-06-11,AMZN
Rebag joins forces with Luxury Stores at Amazon,2025-06-11,AMZN
"Talen Energy Expands Nuclear Energy Relationship with Amazon | Wed, 06/11/2025 - 06:00 - Talen Energy",2025-06-11,AMZN
Amazon.com (NasdaqGS:AMZN) Expands Luxury Resale And Launches Smart Property Access Solutions,2025-06-12,AMZN
New Findings from NSC Grant Recipients Help Tackle America's Most Common Workplace Injury,2025-06-12,AMZN
Vercept Raises $16M With Google Legend And Dropbox Co-Founder Backing To Build Future Of Workflows With Vision-Based Mac App Called Vy,2025-06-12,AMZN
Vinson & Elkins Represents Talen Energy in Agreement to Power Amazon Data Centers,2025-06-12,AMZN
How Amazon’s Nuclear Deal Could Solve a Touchy Political Problem,2025-06-12,AMZN
5 Reasons Amazon Is Still the Alpha in Tech Stocks,2025-06-12,AMZN
Applied Optoelectronics: Record Cash Outflows Likely To Result In Further Dilution - Sell,2025-06-12,AMZN
"Oracle Sees ‘Dramatically Higher’ Sales, Boosting Cloud Momentum",2025-06-12,AMZN
"Nvidia, Samsung Plan Investments in Robotics Startup Skild AI",2025-06-12,AMZN
"Amazon asks court to scrap EU tech label, arguing it poses no systemic risks",2025-06-12,AMZN
Don't Miss This Incredible Opportunity: 1 Growth Stock Down 48% to Buy Now,2025-06-12,AMZN
Amazon Rolls Out Three AI Tools to Speed Delivery,2025-06-12,AMZN
Amazon’s Return-to-Office Mandate Sparks Disability Complaints,2025-06-12,AMZN
3 No-Brainer Artificial Intelligence (AI) Stocks That Can Be Suitable Options for Any Investor,2025-06-12,AMZN
Update: Market Chatter: Amazon Asks Court to Remove EU Tech Designation,2025-06-12,AMZN
Stock Market Today: Indexes Mixed After Trump Tariff News But Microsoft Gains (Live Coverage),2025-06-12,AMZN
'Mag 7' turned 'Mid 7': Is 2025 the end of tech dominance?,2025-06-12,AMZN
Market Chatter: Amazon Web Services to Update AI Cloud Service,2025-06-12,AMZN
"Downdetector User Reports Indicate Problems With Google, Google Cloud, Google Firebase, Spotify, AWS, Cloudflare, Snap, Etsy, FuboTV, Box, Shopify, In The U.S.",2025-06-12,AMZN
Is Amazon Ads Set to Grow Even Bigger Through 2025 and Beyond?,2025-06-12,AMZN
German utility RWE and tech giant Amazon announce partnership,2025-06-12,AMZN
Amazon Reportedly Further Integrating Whole Foods Unit Into Its Core Business,2025-06-12,AMZN
Talen and Amazon sign 1.92MW nuclear energy PPA,2025-06-12,AMZN
1 Artificial Intelligence (AI) Stock That Could Set You Up for Life,2025-06-12,AMZN
"'Don't Design Policies Around The Bottom 5%,' Warns Stripe President – Says Top Remote Workers Are 'Coding Up A Storm In An Idaho Cabin'",2025-06-12,AMZN
Netflix co-CEO sees Warner split as part of broader ‘shakeout’,2025-06-12,AMZN
Market Chatter: Amazon Asks Court to Remove EU Tech Designation,2025-06-12,AMZN
Amazon restructures grocery leadership as it further integrates Whole Foods,2025-06-12,AMZN
"Talen: Up Almost 400%, What's Built Into Today's Stock Price?",2025-06-12,AMZN
Oklo Stock Dips. It’s Selling $400 Million of Shares After a Record High.,2025-06-12,AMZN
Apple: Risk Of Falling Behind In AI Race Increases After Disappointing WWDC Event,2025-06-12,AMZN
Trump's First Six Months: These 4 Markets Crush S&P 500 As Tariffs Boomerang,2025-06-12,AMZN
Stock Market Today: Dow Jones Falls On Trump Tariff News; Boeing Shares Drop After Jet Crash (Live Coverage),2025-06-12,AMZN
Latest News In E-Commerce - Greece's Social Commerce Market Set for Significant Growth,2025-06-12,AMZN
"Walmart, Amazon Mull Dollar-Pegged Stablecoins in the U.S.: WSJ",2025-06-13,AMZN
Why Walmart and Amazon Are Reportedly Considering Their Own Crypto Stablecoins,2025-06-13,AMZN
"If I Could Buy Only 1 Artificial Intelligence Stock Over the Next Year, Amazon Would Be It, but Here's the Key Reason",2025-06-13,AMZN
Micron Plots $200 Billion U.S. DRAM Buildout,2025-06-13,AMZN
Amazon Reorganizes Health-Care Business In Latest Bid To Crack Multitrillion-Dollar Market - CNBC,2025-06-13,AMZN
"Amazon reorganizes healthcare business, CNBC reports",2025-06-13,AMZN
"RH tariffs, Adobe outlook, Walmart & Amazon: Trending Tickers",2025-06-13,AMZN
The Deficit Narrative May Find Its Cure In Artificial Intelligence,2025-06-13,AMZN
"Deal Dispatch: Chicken Chains, Solar Pains And Disney's Hulu Gains — Plus, Why Big Tech Should Break Up",2025-06-13,AMZN
Walmart and Amazon have a shocking new plan,2025-06-13,AMZN
Broadcom Has Quietly Become a Top Tech Stock. AI Chips Are Driving Its Growth.,2025-06-13,AMZN
"Visa, Mastercard stocks fall after stablecoin report",2025-06-13,AMZN
Estee Lauder Launches on Amazon.ca to Expand Reach in Canada,2025-06-13,AMZN
"Wall Street's VIX Jumps 10%, Gold And Oil Gain As Middle East Tensions Flare Up: What's Driving Markets Friday?",2025-06-13,AMZN
"Big Tech Companies Helped Fund Trump's Inauguration, Now They Could Be Funding His Military, Birthday Parade",2025-06-13,AMZN
The Friday Checkout: Amazon taps Whole Foods leadership for grocery growth — finally,2025-06-13,AMZN
"Market Chatter: Walmart, Amazon, Expedia, Others Weigh Stablecoin Launches",2025-06-13,AMZN
Better Stock: Amazon or Alibaba?,2025-06-13,AMZN
Amazon unveils AI advances to enhance delivery and experience,2025-06-13,AMZN
Walmart and Amazon Are Exploring Issuing Their Own Stablecoins,2025-06-13,AMZN
Amazon Preps Bedrock Overhaul to Challenge Vertex AI,2025-06-13,AMZN
Sector Update: Tech Stocks Mixed Late Afternoon,2025-06-13,AMZN
Silent Giant TSMC Returns to the Peak of its Powers as the AI Boom Continues,2025-06-13,AMZN
"Bank of America Reiterates ‘Buy’ on Amazon.com (AMZN) as AI Delivery, Prime Ads Drive Growth",2025-06-13,AMZN
NCZ: Convertibles Should Be Superior To Traditional Bonds,2025-06-13,AMZN
Impax Ellevate Global Women's Leadership Fund Q1 2025 Commentary,2025-06-13,AMZN
"Amazon, Walmart Shares Move Down on WSJ Report of Companies Exploring Issuing Stablecoins",2025-06-13,AMZN
Amazon's Secret Weapon? How These AI Initiatives Could Be a Game Changer for the Stock.,2025-06-13,AMZN
"Warren Buffett and Cathie Wood Only Own 1 Stock in Common, and Billionaire Investor Bill Ackman Just Bought It, Too",2025-06-13,AMZN
Beyond The Brand: Separating 2 Popular BDCs (Buy Vs. Avoid),2025-06-13,AMZN
"Visa, Mastercard shares slide as WSJ says Walmart, Amazon exploring stablecoins",2025-06-13,AMZN
"Visa and Mastercard, Archer raises $850M, GM EV sales in April",2025-06-13,AMZN
"Oracle reports Q4 beat, BioNTech to acquire CureVac: Morning Buzz",2025-06-13,AMZN
Amazon Restructures Health Services Business,2025-06-13,AMZN
Is Roku's Strategy for Devices Segment Holding Back Its Profitability?,2025-06-13,AMZN
"Meta Finalizes $14.3 Billion Scale Investment, Hires Its CEO",2025-06-13,AMZN
Amazon to invest $13 billion in Australia's data center infrastructure over five years - Reuters,2025-06-14,AMZN
Amazon investing AU$20 billion to expand data center infrastructure in Australia and strengthen the nation’s AI future - About Amazon,2025-06-14,AMZN
"Will $5,000 Invested in Amazon Stock Make You $100,000 in a Decade?",2025-06-14,AMZN
IYY Vs. IWB: Fast Facts On Two Top 1000 ETFs,2025-06-14,AMZN
Amazon's healthcare business to be divided into six units after losing top health executives,2025-06-14,AMZN
Walmart and Amazon Explore Stablecoins. Visa Stock Falls but Analysts Don’t See Immediate Threat.,2025-06-14,AMZN
Cutting-Edge Momentum: Steven Cress's Top AI Stocks,2025-06-14,AMZN
"A $60 billion Visa, Mastercard slump seen as buying opportunity",2025-06-14,AMZN
PayPal: Healthy FCF And Buybacks Can Improve Bullish Sentiment,2025-06-14,AMZN
The Briton who invented Amazon's Alexa is now helping to make AI trustworthy,2025-06-14,AMZN
Harbor Human Capital Factor US Large Cap ETF Q1 2025 Commentary,2025-06-14,AMZN
2 Artificial Intelligence (AI) Stocks That Could Dominate the Rest of 2025,2025-06-14,AMZN
"Amazon joins the big nuclear party, buying 1.92 GW for AWS",2025-06-14,AMZN
Palantir Stock vs. Amazon Stock: Wall Street Says Buy One and Sell the Other,2025-06-14,AMZN
Amazon- Amazon Investing AU$20 Billion To Expand Data Center Infrastructure In Australia,2025-06-14,AMZN
Best Stock to Buy Right Now: Alibaba vs. Amazon,2025-06-14,AMZN
Amazon to invest $13 billion in Australia's data center infrastructure over five years,2025-06-14,AMZN
Amazon to invest $13 billion in Australia's data center infrastructure,2025-06-14,AMZN
Amazon com : investing AU$20 billion to expand data center infrastructure in Australia and strengthen the nation’s AI future,2025-06-14,AMZN
"Crypto Currents: Coinbase, Shopify partner for USDC payments",2025-06-14,AMZN
"JUST: ESG ETF Doing The Job, But Not The Best",2025-06-14,AMZN
"Investors Watch Out For Core Retail Sales, With Accenture And Kroger Set To Report Earnings",2025-06-14,AMZN
3 Warren Buffett Stocks to Hold Forever,2025-06-14,AMZN
"The ""Magnificent Seven"" Are Still Growing Faster Than the Rest of the S&P 500. Here's When That Could Change, According to Wall Street Analysts.",2025-06-15,AMZN
Billionaire Bill Ackman Just Joined Warren Buffett and Cathie Wood by Adding This Monster Artificial Intelligence (AI) Stock to His Portfolio,2025-06-15,AMZN
Superinvestor Moves: Amazon.com Inc. (AMZN) – Tracking Top Investor Activity Latest - The Acquirer's Multiple,2025-06-16,AMZN
"Amazon’s bringing faster Prime delivery speeds to thousands of smaller cities, towns, and rural communities - About Amazon",2025-06-24,AMZN
"Amazon to Invest Around $54 Billion in U.K. to Support Innovation, AI Push - WSJ",2025-06-24,AMZN
Amazon vs. Walmart: Which Is a Better Stock Buy? - Yahoo Finance,2025-06-25,AMZN
Amazon's 3 secret advantages that could power its stock higher - Yahoo Finance,2025-06-26,AMZN
The A.I. Frenzy Is Escalating. Again. - The New York Times,2025-06-27,AMZN
Is Amazon Stock A Buy? Wall Street Sees Upside For Second-Half Of The Year - Investor's Business Daily,2025-07-01,AMZN
Analyst reboots Amazon stock price target on AI growth - thestreet.com,2025-07-01,AMZN
Will Amazon Stock Cross $300 in 1 Year? Here’s What Analysts Say. - Yahoo,2025-07-01,AMZN
AMZN Stock Forecast: 1 Way for Amazon to Boost ‘Billions’ in New Revenue - Yahoo Finance,2025-07-01,AMZN
BiohackerDirect Reveals Top 4 E-Commerce Stores for Biohacking and Home Fitness Gear in 2025,2025-07-10,AMZN
"Dow Jones Futures Fall With Nvidia Chipmaker Due; AI Plays Rubrik, Astera Labs Flash Buy Signals",2025-07-10,AMZN
HELO: Cutting Volatility And Market Upside As Well,2025-07-10,AMZN
Why Cluely’s Roy Lee isn’t sweating cheating detectors,2025-07-10,AMZN
Amazon weighs further investment in Anthropic to deepen AI alliance - FT,2025-07-10,AMZN
Your Prize for Saving Time at Work With AI: More Work,2025-07-10,AMZN
Markets Rally Ahead Despite Potential Complications,2025-07-10,AMZN
Trillion-dollar companies: 9 most valuable mega-cap stocks,2025-07-10,AMZN
"Citi Reaffirms Buy on Trade Desk (TTD), Cites Strong CTV Trends and Ad Spend",2025-07-10,AMZN
Amazon Starts 10-Minute Delivery in Delhi in Quick-Commerce Push,2025-07-10,AMZN
Google brings its AI-powered marketing tools to India after ‘Google tax’ repeal,2025-07-10,AMZN
Confessions Of A Dividend Investor: 3 Growth Stocks I Secretly Wish I Owned Already,2025-07-10,AMZN
E-Commerce Today - E-Commerce's Expanding Role Amid Industry Shifts And Inflation,2025-07-10,AMZN
"Back-to-school spending set to dip as economic woes shrink budgets, Deloitte forecasts",2025-07-10,AMZN
"Returns, Refunds and the Fight for Loyalty",2025-07-10,AMZN
Viking Capital New Investment Opportunity,2025-07-10,AMZN
ClearBridge Global Value Improvers Strategy Q2 2025 Commentary,2025-07-10,AMZN
Amazon weighs further investment in Anthropic to deepen AI alliance,2025-07-10,AMZN
Wall Street Doubles Down on AI Trade as Earnings Season Looms,2025-07-10,AMZN
Biggest gets bigger: Walmart leads all retailers as sales grew 7% in 2024,2025-07-10,AMZN
"These Tennessee companies are among the best in the world, according to Forbes. See where they rank",2025-07-10,AMZN
Should You Hold on to GitLab Despite the Stock's 17% YTD Decline?,2025-07-10,AMZN
Vertiv stock falls after AWS unveils custom cooling technology,2025-07-10,AMZN
What Amazon Prime Day's slow start says about today's consumer,2025-07-10,AMZN
ClearBridge Sustainability Leaders Strategy Q2 2025 Commentary,2025-07-10,AMZN
Astronomer and Amazon Web Services Announce Strategic Collaboration Agreement,2025-07-10,AMZN
Traders eye Nvidia for a $4 trillion close,2025-07-10,AMZN
Slate Auto: Everything you need to know about the Bezos-backed EV startup,2025-07-10,AMZN
The world’s 10 richest people: The wealthiest have $100 billion or more,2025-07-10,AMZN
TTD Declines 23% in a Year: Continue to Hold or Sell the Stock?,2025-07-10,AMZN
Roku Stock Rises After Upgrade. This Big Shift Is Helping the Streamer.,2025-07-10,AMZN
Why Amazon (AMZN) is a Top Momentum Stock for the Long-Term,2025-07-10,AMZN
Jack Ma-Backed Ant to Add Circle’s Stablecoin to Global Net,2025-07-10,AMZN
Josh Brown’s New Best Stock Idea: a South Korean Ecommerce Company,2025-07-10,AMZN
Analyst Explains His Key Concerns for Amazon.com (AMZN) Stock,2025-07-10,AMZN
Gene Munster Explains Two Potential Growth Catalysts for Apple (AAPL) Stock,2025-07-10,AMZN
Grok 4's Launch May Signal AI's Next Wave: The Case For SOXL,2025-07-10,AMZN
Hansei Solutions Welcomes Health Care Revenue Cycle Management Leader Nick Rogers as COO,2025-07-10,AMZN
Astronomer and AWS Announce Strategic Collaboration Agreement,2025-07-10,AMZN
"Prediction: This Artificial Intelligence (AI) and ""Magnificent Seven"" Stock Will Be the Next Company to Surpass a $3 Trillion Market Cap by the End of 2025",2025-07-10,AMZN
We Better Hope Q2 Earnings Don't Disappoint,2025-07-10,AMZN
Amazon's Cloud Pivot To AI Is Why I'm Still Long,2025-07-10,AMZN
These Are The Most Overvalued And Undervalued Mega Cap Stocks,2025-07-10,AMZN
Cathie Wood Keeps Betting Big on Disruptive AI Stocks. Should You?,2025-07-10,AMZN
"Dow Jones Futures: Nvidia Chipmaker Rises, Delta Flies; AI Plays Rubrik, Astera Labs Flash Buy Signals",2025-07-10,AMZN
"Shopware Launches Agentic Commerce Alliance Designed to Shape a Diverse, Autonomous Future",2025-07-10,AMZN
Amazon Reportedly Considers Another Multibillion-Dollar Investment in Anthropic,2025-07-10,AMZN
Only 35% of Americans Feel on Track For Retirement. Here Are 2 Stocks to Buy Now and Hold For Decades.,2025-07-10,AMZN
Disney and UK's ITV tie-up in joint streaming deal,2025-07-10,AMZN
Prime Time! Amazon Stock Isn't The Only Deal,2025-07-10,AMZN
Microsoft: Open AI Is Becoming A 'Poached' Egg (Rating Downgrade),2025-07-10,AMZN
"Watching Vertiv Holdings, nVent Electric; Shares Trading Lower, Traders Circulate AWS Will Begin Using Its Own Denser, More Powerful Chips For Designing A Completely Custom Liquid Cooling System In Data Centers",2025-07-10,AMZN
Amazon To Rally Around 28%? Here Are 10 Top Analyst Forecasts For Thursday,2025-07-10,AMZN
"Amazon considers another multibillion-dollar investment in Anthropic, FT reports",2025-07-10,AMZN
"Meta: Hire Away, Zuckerberg",2025-07-11,AMZN
Market Chatter: Teradyne Unit Supplies Robotic Arms for Amazon's Warehouse Robot,2025-07-11,AMZN
"Vertiv falls, Autodesk & PTC deal reports, Intel's Mobileye stake",2025-07-11,AMZN
Vertiv Stock Is Falling. Amazon Launches a Cooling Competitor for AI Servers.,2025-07-11,AMZN
Nvidia's market value tops $4 trillion,2025-07-11,AMZN
5 Monster Stocks to Hold for the Next 5 Years,2025-07-11,AMZN
"Top 10 Trending Stocks On WallStreetBets As Of July 11, 2025 (Via Swaggy Stocks)",2025-07-11,AMZN
"The Zacks Analyst Blog Highlights Tesla, Alphabet and Amazon",2025-07-11,AMZN
"Trump Threatens 200% Pharma Tariffs, But Analyst Says This Stock Is Immune And Expected To 'Benefit' From Levies",2025-07-11,AMZN
"Amazon.com, Inc. (AMZN) Is Helping To Reduce Prices, Says Jim Cramer",2025-07-11,AMZN
Big Tech Needs a Way Out of Its AI Cost Spiral. These 2 Stocks Could Benefit.,2025-07-11,AMZN
Amazon considers additional investment in Anthropic,2025-07-11,AMZN
5 Growth Stocks to Buy and Hold Forever,2025-07-11,AMZN
AMAZON COM INC : Morgan Stanley reaffirms its Buy rating,2025-07-11,AMZN
"Wells Fargo Lifts PT on Amazon.com (AMZN) Stock, Maintains Equal Weight",2025-07-11,AMZN
"Equity Markets Close Higher as Jobless Claims Fall, Fed Official Cautions on Tariffs",2025-07-11,AMZN
Amazon Rival to Elon Musk’s SpaceX Has Arrived,2025-07-11,AMZN
"Equity Markets Higher as Jobless Claims Decline, Fed Official Comments",2025-07-11,AMZN
The Nasdaq Is Mirroring the 1990s. It Isn’t a Bubble This Time.,2025-07-11,AMZN
Growth Co Marketing Acquired by Chapter One,2025-07-11,AMZN
These Big Tech Stocks Are Cheaper than You Might Think Headed Into Earnings,2025-07-11,AMZN
AI device startup that sued OpenAI and Jony Ive is now suing its own ex-employee over trade secrets,2025-07-11,AMZN
United Parcel Service (UPS): A Bull Case Theory,2025-07-11,AMZN
Dan Ives Says Apple (AAPL) Must Acquire Perplexity—Here’s Why It’s a ‘No-Brainer’,2025-07-11,AMZN
Chain Reaction: Asendia’s Hendrick Kummeling on Why Strategic Flexibility is the Best Defense Against the Uncontrollable,2025-07-11,AMZN
"Dimon Calls Out Market’s Tariff Complacency. Why Nvidia, Bitcoin Point to a FOMO Trade and 5 Other Things to Know Today.",2025-07-11,AMZN
Prediction: These 2 No-Brainer Growth Stocks Will Beat the Market in the Next 10 Years,2025-07-11,AMZN
Amazon Stock Has Room to Run. 2 Analysts Raise Price Targets Before Earnings.,2025-07-11,AMZN
Amazon Stock Gets Price Target Hike As Analyst Sees AI Boosting Cloud Growth,2025-07-11,AMZN
Stock Market Holds At Record Highs Despite Trump Tariffs: Weekly Review,2025-07-11,AMZN
5 Grocery Store Mistakes Rachel Cruze Wants You To Avoid,2025-07-11,AMZN
Stock Market Today: Dow Falls 300 Points On Trump Tariff News; Nvidia-Backed CoreWeave Tumbles (Live Coverage),2025-07-11,AMZN
"Amazon Poised for Earnings Boost Amid More Manageable Tariff Backdrop, Morgan Stanley Says",2025-07-11,AMZN
"Vertiv More Likely to Collaborate Rather Than Compete With Amazon on Liquid Cooling, UBS Says",2025-07-11,AMZN
One tech giant is getting buried in the record-setting stock market,2025-07-11,AMZN
Is the Magnificent 7 Over?,2025-07-11,AMZN
Wall Street Has Faith in the TACO Trade. That’s Looking Less Wise.,2025-07-11,AMZN
"AI Spending Is Surging. These Job Types Are at Risk, Say CIOs.",2025-07-11,AMZN
Magnificent 7 Crush EU Giants—Jamie Dimon Tells Europe: 'You're Losing',2025-07-11,AMZN
Are You a Growth Investor? This 1 Stock Could Be the Perfect Pick,2025-07-11,AMZN
A Decade Of Change: How Tech Evolved In The Last Five Years And Bold Bets For The Next Five,2025-07-11,AMZN
Vertiv Stock Drops as Amazon Launches Cooling Competitor. Why These Analysts Say Buy.,2025-07-11,AMZN
Alphyn Capital Management’s Comments on Amazon.com (AMZN),2025-07-11,AMZN
"Intel Offloads RealSense as Tesla, Amazon Drive Robotics Gold Rush",2025-07-11,AMZN
Dokotoo Surpasses One Million Units Sold on Amazon Prime Day-Sets New Company Record,2025-07-11,AMZN
Amazon.com (AMZN) Faces Challenges in AI Leadership,2025-07-11,AMZN
Amazon workers win certification in Delta B.C.,2025-07-11,AMZN
Alphyn Capital Management Q2 2025 Letter To Investors,2025-07-11,AMZN
Is This Magnificent 7 Stock Still Worth the Hype in 2025?,2025-07-11,AMZN
Amazon ups maximum box length for FBA orders,2025-07-11,AMZN
Why Vertiv Stock Was Pulling Back Today,2025-07-11,AMZN
Sector Update: Energy Stocks Gain Friday Afternoon,2025-07-12,AMZN
US Equity Indexes Retreat as Trump's Latest Tariff Salvo Weighs on Risk Sentiment,2025-07-12,AMZN
7 Stocks I'm Buying As Tariffs And Deportations Prowl Behind The Rally,2025-07-12,AMZN
Don't Miss Out On These 3 Dirt-Cheap SWANs,2025-07-12,AMZN
Prime Day 2025 Went Bigger on Discounts for Fewer Products,2025-07-12,AMZN
"Momentum Commerce Tracking of Amazon US Prime Day Sales Shows +165% Increase on Day 3, Path to Year-over-Year Growth",2025-07-12,AMZN
Wall Street giant issues stark message on S&P 500,2025-07-12,AMZN
Nvidia and Other Big Tech Stocks That Are Cheaper Than You Might Think,2025-07-12,AMZN
Amazon Stock Climbs as Morgan Stanley Lifts Target to $300 on AI Momentum,2025-07-12,AMZN
Amazon Prime Day Is About Price: PMG Head of Commerce,2025-07-12,AMZN
Amazon Prime Day 2025 Delivers Record Sales and Savings in Expanded Four-Day Shopping Event,2025-07-12,AMZN
"Dow Jones Futures: Stocks Hold Up Amid Trump Tariffs, But Growth Woes Worrisome; Google, AMD Near Buy Points",2025-07-12,AMZN
Amazon (AMZN) Considers Additional Investment in Anthropic,2025-07-12,AMZN
Five Themes for Investors to Watch as Earnings Season Kicks Off,2025-07-12,AMZN
Wall Street hits record highs as Nvidia tops $4T and Trump ramps up trade tensions,2025-07-12,AMZN
AI leadership development platform Praxis Labs sells to Torch,2025-07-12,AMZN
"Google is said to pay $2.4 billion for Windsurf assets, talent",2025-07-12,AMZN
Amazon Vs Walmart: It's A No-Brainer,2025-07-12,AMZN
Google hires Windsurf execs in $2.4 billion deal to advance AI coding ambitions,2025-07-12,AMZN
Vertiv Stock Rebounds After Overreaction To AWS News,2025-07-12,AMZN
The Stock Market Is Doing Worse Than It Looks Today,2025-07-12,AMZN
Amazon boasts futuristic robots have 'a sense of touch.' Teradyne is key supplier behind this new innovation.,2025-07-13,AMZN
"Truist Financial Increases PT on Amazon.com Stock to $250, Keeps Buy Rating",2025-07-13,AMZN
Prediction: This Magnificent Artificial Intelligence (AI) Stock Will Be the Most Valuable Company in the World by 2030 (Hint: It's Not Nvidia or Microsoft),2025-07-13,AMZN
Patient Capital Management Q2 2025 Commentary,2025-07-13,AMZN
Amazon (AMZN)’s AI Push Could Fuel AWS Growth—And Wall Street Is Finally Noticing,2025-07-13,AMZN
"Amazon Prime Day 2025 racks up record sales figures, company says",2025-07-13,AMZN
"Amazon.com, Inc. (AMZN):”The Bargains Are Incredible,” Says Jim Cramer",2025-07-13,AMZN
'Magnificent 7' check-in: Why these 3 names might not 'belong',2025-07-13,AMZN
Wall Street Brunch: Big Banks Kick Off Earnings Season,2025-07-13,AMZN
Dow Jones Futures: Trump Tariffs Set To Top Liberation Day Highs; Will Markets Hold?,2025-07-13,AMZN
e.l.f. Beauty (NYSE:ELF) Surges 105% In Last Quarter,2025-07-13,AMZN
"Arm Holdings Wants 50% Of The AI Data Center, Can It?",2025-07-13,AMZN
Why Coupang Just Became a Must-Own AI Stock in the Technology Sector,2025-07-13,AMZN
"Inflation data, big bank earnings, and Netflix results: What to watch this week",2025-07-13,AMZN
That’s a Wrap on Prime Day. What the Numbers Show.,2025-07-13,AMZN
Amazon: Expect Big AWS Updates Next Week,2025-07-13,AMZN
Dow Jones Futures: Will Markets Hold With Trump Tariffs Set To Top Liberation Day Highs?,2025-07-13,AMZN
‘Scamazon’ – how fake emails are targeting Prime subscribers,2025-07-13,AMZN
Big Tech Scrambles to Slash Government Cloud Rates,2025-07-13,AMZN
Trump's FTC Chairman Is Becoming MAGA’s Answer to Lina Khan,2025-07-13,AMZN
"Xnurta Expands Full-Funnel Amazon Ads Support to Five New Markets, Representing 84.8M Monthly Visitors",2025-07-14,AMZN
Warren Buffett Has $65.8 Billion Invested in These 4 Artificial Intelligence (AI) Stocks. Here's the Best of the Bunch.,2025-07-14,AMZN
Vertiv's 'Sell The News' Moment Creates A Great Buying Opportunity,2025-07-14,AMZN
Bug Bite Thing Now Offering Tick Testing,2025-07-14,AMZN
Pega Signs Five-Year Strategic Collaboration Agreement with AWS to Reimagine Legacy Transformation,2025-07-14,AMZN
"If You Invested $1000 in Amazon a Decade Ago, This is How Much It'd Be Worth Now",2025-07-14,AMZN
Amprius Selected for Amazon Devices Climate Tech Accelerator,2025-07-14,AMZN
"It's Official -- Nvidia Hit a $4 Trillion Valuation. Here Is the Next ""Magnificent Seven"" Stock I Think Will Hit a Historical Milestone This Year.",2025-07-14,AMZN
"Dow Jones Futures Fall With Trump Tariffs Topping Liberation Day Highs; Inflation, Earnings Loom",2025-07-14,AMZN
"Prediction: This Stock Could Join Nvidia, Amazon, Alphabet, Microsoft, and Apple in the $2 Trillion Club By 2035",2025-07-14,AMZN
Air Premia Signs Interline Agreement with Amazon Air Cargo to Expand US Cargo Network,2025-07-14,AMZN
Amazon announces 'historic record' for Prime Day 2025,2025-07-14,AMZN
Pioneering seaweed harvest takes place in North Sea,2025-07-14,AMZN
Should You Buy Amazon Stock Before July 31?,2025-07-14,AMZN
"Amazon.com, Inc. (AMZN) is Attracting Investor Attention: Here is What You Should Know",2025-07-14,AMZN
Can IonQ Stock Hit $55 in 2025?,2025-07-14,AMZN
CRWV Stock Jumps 209% in 3 Months: Hold Steady or Make an Exit?,2025-07-14,AMZN
Americans Have Been Wary About Big Purchases—But They Weren't Last Week,2025-07-14,AMZN
"Meta CEO Mark Zuckerberg touts AI build-out, says company will spend hundreds of billions on data centers",2025-07-14,AMZN
Shopify Inc. (SHOP): A Bull Case Theory,2025-07-14,AMZN
"Zacks Market Edge Highlights: NVIDIA, Amazon.com and Microsoft",2025-07-14,AMZN
Inside the World of Superyachts. Read Our Conversation With a Yacht Lending Exec.,2025-07-14,AMZN
High Conviction Ideas With Next Gen Investors,2025-07-14,AMZN
Bitcoin soars to new all-time high as US lawmakers focus on pro-crypto legislation,2025-07-14,AMZN
"GreenPal Empowers Lawn Care Pros Leveraging AI, Surpasses 5 Million Transactions",2025-07-14,AMZN
"Dan Ives Bets On Cybersecurity As 'Biggest Subsector' In Tech For 2025; Expects Strong Q2 Earnings From CrowdStrike, Zscaler, Palo Alto, Check Point",2025-07-14,AMZN
Apple Faces Calls to Reboot AI Strategy With Shares Slumping,2025-07-14,AMZN
"Healthcare & Life Sciences NLP Market Report 2025-2030, with Case Studies of CSL Behring, IQVIA, Atrius Health,  Linguamatics, Humana, Watson, Philips, and Amazon",2025-07-14,AMZN
"At London Climate Action Week, Cascale Centers Fashion Industry Decarbonization Challenges",2025-07-14,AMZN
"Prime Day event drove over $24B in US e-commerce sales, GenAI traffic was up 3,300%",2025-07-14,AMZN
"JPMorgan Lifts PT on Amazon.com (AMZN) Stock, Keeps Overweight",2025-07-14,AMZN
"AWS doubles investment in AWS Generative AI Innovation Center, marking two years of customer success - Amazon Web Services",2025-07-15,AMZN
Amazon com : The Ocean Cleanup and AWS Join Forces to Accelerate Ocean Plastic Removal using AI,2025-07-15,AMZN
AMAZON COM INC : Buy rating from Jefferies,2025-07-15,AMZN
Parnassus Growth Equity Fund Q2 2025 Commentary,2025-07-15,AMZN
3 Red-Hot S&P 500 Growth Stocks to Buy with Room to Run in the Second Half of 2025,2025-07-15,AMZN
Parnassus Core Equity Fund Q2 2025 Commentary,2025-07-15,AMZN
AWS plans $100M Generative AI Innovation Center expansion,2025-07-15,AMZN
Mar Vista U.S. Quality Premier Strategy Q2 2025 Commentary,2025-07-15,AMZN
"Oracle to invest $3 billion in AI, cloud expansion in Germany, Netherlands",2025-07-15,AMZN
How Bookshop.org drives customer loyalty on a tight budget,2025-07-15,AMZN
Parnassus Core Select ETF Q2 2025 Commentary,2025-07-15,AMZN
Want to Trade Amazon on Crypto Exchange? The Price Might Be Off by 300%,2025-07-15,AMZN
Most S&P 500 Sectors Set For Q2 Earnings Decline,2025-07-15,AMZN
Jim Cramer Says He “Wouldn’t Bet Against” Amazon,2025-07-15,AMZN
Jim Cramer Calls Vertiv a “Fabulous Company”,2025-07-15,AMZN
Amazon’s Prime Day celebratory recap was missing one key metric that the tech giant usually reveals,2025-07-15,AMZN
2 Stocks I'm Still Holding for the Next Decade,2025-07-15,AMZN
"My Top 2 ""No-Brainer"" Stocks to Buy With $1,000 Right Now",2025-07-15,AMZN
"1 Unstoppable Stock That Could Join Nvidia, Microsoft, Apple, Amazon, and Alphabet in the $2 Trillion Club Before 2028",2025-07-15,AMZN
Momentum Commerce Confirms Record Sales for Amazon Prime Day 2025,2025-07-15,AMZN
"Morgan Stanley Raises Amazon PT to $300 — Manageable Tariffs, Strong AI Outlook",2025-07-15,AMZN
"Vertiv $135 PT, Buy Rating — UBS Says Fears Over AWS Are Misguided",2025-07-15,AMZN
Elon Musk spent months slashing federal contracts — Now his AI company is celebrating a $200M Pentagon contract and new unit to get government business,2025-07-15,AMZN
"Procter & Rivian downgraded, Starbucks gets a new Sell rating",2025-07-15,AMZN
"Microsoft Stock Gets Price-Target Hike On Cloud, AI Businesses",2025-07-15,AMZN
Amazon Cloud Summit To Put AI In Focus Following 'Record' Prime Day,2025-07-15,AMZN
"Liberty All-Star® Growth Fund, Inc. June 2025 Monthly Update",2025-07-15,AMZN
"Meet the leaders of MBB, the consulting giants advising the world's most powerful CEOs",2025-07-15,AMZN
Amazon Web Services CEO Matt Garman talks about why the company lagged rivals in AI—until now,2025-07-15,AMZN
"Chamath Palihapitiya Warns US May Fall Behind in AI Race — Not for Lack of Models, But Electricity: 'We Are Way Behind'",2025-07-15,AMZN
ParadeDB takes on Elasticsearch as interest in Postgres explodes amid AI boom,2025-07-15,AMZN
"Crypto Currents: Bitcoin surges past $123K, surpasses Amazon market cap",2025-07-15,AMZN
Google inks $3B deal to buy hydropower from Brookfield,2025-07-15,AMZN
Klaviyo Introduces an AI Shopping Assistant to Power Personalized Shopping at Scale,2025-07-15,AMZN
Catalina Snacks® Enters Granola Category with Bold New Protein-Packed Line,2025-07-15,AMZN
Rubrik Advances New Data Security for AWS Cloud Databases,2025-07-15,AMZN
Amazon-backed Anthropic launches financial services platform as part of expansion effort,2025-07-15,AMZN
Amazon's Rally Still Has Legs - Robust Commerce/AWS Prospects,2025-07-15,AMZN
What Are the 3 Best Bargain Artificial Intelligence (AI) Stocks to Buy Right Now?,2025-07-15,AMZN
Amazon: Jefferies confirms buy rating,2025-07-15,AMZN
Amazon Nova Sonic to integrate with Vonage Voice API,2025-07-15,AMZN
Warren Buffett Is Invested in These Three Magnificent Quantum Computing Stocks. Here's the Best of the Bunch.,2025-07-15,AMZN
Wall Street Lunch: June CPI Shows Tariff Impact On Prices,2025-07-15,AMZN
AWS says Anthropic's Claude for enterprise is now available in AWS Marketplace - blog,2025-07-15,AMZN
Harding Loevner Global Equity Q2 2025 Report,2025-07-15,AMZN
"Tractor Supply: Growth Priced In, Risk-Reward Balanced",2025-07-15,AMZN
Is Taboola Poised to Weather Challenges Posed by Walled Gardens?,2025-07-15,AMZN
Want to Trade Amazon on a Crypto Exchange? The Price Might Be Off by 300%,2025-07-15,AMZN
Tariffs Scare Third-Party Sellers: Here's How Amazon is Handling it,2025-07-15,AMZN
Amazon Names MyFBAPrep a Recommended FBA Prep Service Provider,2025-07-16,AMZN
Amazon’s Kuiper satellites to get boost from rival SpaceX,2025-07-16,AMZN
PAG Companies Book Sales Offers Price Match & Free Shipping on Amazon,2025-07-16,AMZN
Former Amazon executive to be new chief of Bezos Earth Fund,2025-07-16,AMZN
Amazon Enters AI Vibe Coding Race With Launch of Kiro Preview,2025-07-16,AMZN
Sector Update: Consumer Stocks Lower in Afternoon Trading,2025-07-16,AMZN
"Amazon.com, Inc. (AMZN): Watch Out For AWS Cloud Performance, Says Jim Cramer",2025-07-16,AMZN
Sector Update: Consumer Stocks Retreat Late Afternoon,2025-07-16,AMZN
The Million Dollar Sellers: A Peek Inside Amazon's Most Exclusive Community,2025-07-16,AMZN
"Top Stock Reports for Amazon.com, Meta Platforms & Shopify",2025-07-16,AMZN
Amazon CEO Andy Jassy unleashed a meticulous 8-minute defense of AWS’ standing in the AI arms race amid investor stock freakout - Fortune,2025-07-31,AMZN
Amazon.com announces second quarter results - About Amazon,2025-07-31,AMZN
Earnings call transcript: Amazon Q2 2025 earnings beat expectations - Investing.com,2025-07-31,AMZN
Amazon's gloomy earnings forecast overshadows better-than-expected results - CNBC,2025-07-31,AMZN
"Amazon earnings beat across the board, but shares fall as investors fret about trade headwinds - Fortune",2025-07-31,AMZN
Amazon.com Announces Second Quarter Results - Business Wire,2025-07-31,AMZN
It's Amazon's Turn. Can Tech Giant's Q2 Results Match Huge Leaps By Meta and Microsoft? - Investor's Business Daily,2025-07-31,AMZN
Amazon's Earnings Topped Wall Street's Estimates. The Stock Is Falling. - Investopedia,2025-07-31,AMZN
"Amazon earnings beat, operating income outlook disappoints - Yahoo Finance",2025-07-31,AMZN
"Amazon Stock Falls As Mixed Outlook, AI Cloud Letdown Overshadow Strong Q2 - Investor's Business Daily",2025-08-01,AMZN
Amazon stock sinks 8% after earnings: Here are the key takeaways - CNBC,2025-08-01,AMZN
"Amazon’s Earnings Selloff Explained, and Why You Should Buy AMZN Stock Now - Yahoo Finance",2025-08-01,AMZN
Amazon Discloses $36.7 Million Stake in IonQ - The Quantum Insider,2025-08-06,AMZN
How Much Richer Is Jeff Bezos Than the Entire Population of Florida?,2025-08-09,AMZN
How Much Richer Is Jeff Bezos Than the Entire Population of California?,2025-08-09,AMZN
UPS extends buyout offer deadline after low driver interest,2025-08-09,AMZN
"Microsoft, Apple, Amazon, and Meta Just Gave Nvidia Investors Great News",2025-08-09,AMZN
Mega-cap tech companies lead the markets higher,2025-08-10,AMZN
"Work-Life Balance Is Out, Hardcore Culture Is In: How Experts Suggest You Adjust To The New Era Of Work",2025-08-10,AMZN
Alan Turing Institute accused of ‘mismanagement of public funds’,2025-08-10,AMZN
2 Stocks Down 12% and 62% to Buy Right Now,2025-08-10,AMZN
I Found A Dividend-Growth Combo That Could Beat The Market For Years,2025-08-10,AMZN
This AI Stock Just Sank 10% but Could Be Worth More Than Nvidia and Palantir Combined in 2030,2025-08-10,AMZN
Citizens JMP Reiterates Hold Rating on Zoom Communications,2025-08-10,AMZN
13 Surprising Companies Jeff Bezos Bet On,2025-08-10,AMZN
Better Buy: Rivian vs. Ford,2025-08-10,AMZN
Amazon.com (AMZN) And Saks Unveil AI-Driven Customer Experiences Through AWS Collaboration,2025-08-10,AMZN
Thinking of Buying Amazon Stock? Here's 1 Green Flag and 1 Red Flag.,2025-08-10,AMZN
RGA Investment Advisors Q2 2025  Investment Commentary,2025-08-11,AMZN
"ROKU: Bears Were Right, But For The Wrong Reasons",2025-08-11,AMZN
Bringing AI To Fashion: These Startups Are Changing How We Approach Personal Style— And Cutting Costs For Retailers,2025-08-11,AMZN
The computer science dream has become a nightmare,2025-08-11,AMZN
Is Wall Street Bullish or Bearish on Amazon.com Stock?,2025-08-11,AMZN
"Here Are My Top ""Magnificent Seven"" Stocks to Buy Now",2025-08-11,AMZN
Amazon Stock Slips 10%: Here's Why It Can Still Finish 2025 With a Market Cap of $3 Trillion,2025-08-11,AMZN
S&P 500 Or Just Mag 7: Here's Why Mega Cap Stocks Keep Rising Despite All Odds,2025-08-11,AMZN
"Plastic Waste Is Piling Up, but Alternative Materials Struggle to Get Off the Ground",2025-08-11,AMZN
Wall Street Missed The Real Story In Amazon's Q2,2025-08-11,AMZN
Stagflation Playbook for S&P 500 Gets Fresh Look Before CPI Data,2025-08-11,AMZN
2 Soaring Growth Stocks to Buy and Hold Forever,2025-08-11,AMZN
"NVIDIA Unveils New Omniverse NuRec 3D Reconstruction Libraries, Cosmos World Models, And RTX PRO Blackwell Servers To Accelerate Robotics, AI Simulation, And Physical AI Development; Industry Leaders Amazon, Boston Dynamics, and Hexagon Adopt Technologies",2025-08-11,AMZN
AMZN: Amazon Pours Millions Into Quantum Computing With Bold IonQ Bet,2025-08-11,AMZN
"Amazon.com, Inc. (NASDAQ:AMZN): GitLab Announces That It Signed a 3-year SCA with AWS",2025-08-11,AMZN
"Nvidia Nears 52-Week High As AI Frenzy, China Chip Export Deal Drive Momentum (CORRECTED)",2025-08-11,AMZN
"Trading Is Getting Too Risky, Invest Instead; Here Are My 4 Rules",2025-08-11,AMZN
Tariffs Cost U.S. Consumers Approximately $12.2B Each Month; Averaging $47 More Per Adult,2025-08-11,AMZN
SK hynix Sees HBM Growing 30% Annually,2025-08-11,AMZN
Fed Rate-Cut Chorus Grows Louder: Could This Be A Breakout Moment For Growth ETFs?,2025-08-11,AMZN
Amazon: Why AWS's Growth Is Still The Key,2025-08-11,AMZN
"Pinterest Faces Slowdown in Advertiser Spend in APAC Region, UBS Says",2025-08-11,AMZN
Goldman Sachs revamps Nvidia stock price target ahead of earnings,2025-08-11,AMZN
The Rich Get Richer,2025-08-11,AMZN
"UPS closing operations in Texas, North Carolina as downsizing spreads",2025-08-11,AMZN
Amazon's Starlink Competitor Tops 100 Satellites. What Project Kuiper Means For Amazon Stock.,2025-08-11,AMZN
Tracking Baillie Gifford's 13F Portfolio - Q2 2025 Update,2025-08-11,AMZN
Exclusive-SK Hynix expects AI memory market to grow 30% a year to 2030,2025-08-11,AMZN
Congressman Invests $6.4 Million In Magnificent 7 Stocks—Top Pick Inside,2025-08-12,AMZN
Nvidia Vs. AMD: Navigating Trump And China,2025-08-12,AMZN
"Sangoma Leverages AWS to Deliver Flexible, Secure UCaaS and Contact Center Services",2025-08-12,AMZN
Should You Buy FLY Stock after the Firefly Aerospace IPO?,2025-08-12,AMZN
"Trump Vs. Swift, Round Two—New Album On The Way; 4 Stocks To Watch",2025-08-12,AMZN
Under the Radar: Four Emerging Picks From a Century-Old Growth Investing Powerhouse,2025-08-12,AMZN
XTransfer Attends Brazil’s Largest E-Commerce Summit,2025-08-12,AMZN
TTD Stock Crashes Post Q2 Earnings: Stay Invested or Make an Exit?,2025-08-12,AMZN
Warren Buffett Warns Investing At ‘Too-High Purchase Price’ Even for ‘an Excellent Company’ Can Undo a Decade of Smart Investing,2025-08-12,AMZN
Health & Fitness Stocks Positioned for Strong 2025 Growth,2025-08-12,AMZN
Best 0% purchase credit cards,2025-08-12,AMZN
"Meet Neurosymbolic AI, Amazon’s Method for Enhancing Neural Networks",2025-08-12,AMZN
Circle Internet Aces Its First Earnings Test.  The Stock Is Rising.,2025-08-12,AMZN
Catalysts Powering The Nuclear Comeback In 2025,2025-08-12,AMZN
Paramount Ponies Up $7.7 Billion to Win UFC Rights,2025-08-12,AMZN
"Jeff Bezos Once Said Great Leaders Need More Sleep, Not More Hours — Amazon Founder Then Explained His Point Using This Warren Buffett Rule",2025-08-12,AMZN
New Fospha Research: Brands Only Measuring Web Miss What's Causing 42% Of Their Sales,2025-08-12,AMZN
"Affirm Stock Revisits This Place As 'Buy Now, Pay Later' Delights Shoppers",2025-08-12,AMZN
Walmart: No Margin For Error At 45x Earnings And Facing Turbulence Ahead (Rating Downgrade),2025-08-12,AMZN
Broadcom Q3 Preview: Anticipating Strong Networking Business Growth,2025-08-12,AMZN
Jeff Bezos' space tech company makes surprising Bitcoin bet,2025-08-12,AMZN
Why IonQ (IONQ) Stock Is Up Today,2025-08-12,AMZN
Plug Power Second Quarter 2025 Highlights,2025-08-12,AMZN
Tracking Christopher Davis' Davis Selected Advisers 13F Portfolio - Q2 2025 Update,2025-08-12,AMZN
"Alphabet, Meta, Amazon and Microsoft share this one thing — and it’ll keep the stocks fired up",2025-08-12,AMZN
"Jeff Bezos' Blue Origin Now Accepts Bitcoin, Ethereum and Solana for Spaceflights",2025-08-12,AMZN
Media musical chairs are reshaping the sports landscape,2025-08-12,AMZN
Jeff Bezos's Company Opens Space Tourism To Bitcoin Payments - Here's How to Book Your Rocket Ride,2025-08-12,AMZN
"Prediction: This Unstoppable Stock Will Join Nvidia, Microsoft, and Apple in the $3 Trillion Club Before 2028",2025-08-12,AMZN
The Biggest Mistake Investors Make When Buying Amazon Stock,2025-08-12,AMZN
Big Tech Pledged Billions for New Housing. The Results Aren’t Living Up to the Hype.,2025-08-12,AMZN
Raymond James Raises PT on Alphabet Inc. (GOOGL); Maintains ‘Outperform’ Rating,2025-08-12,AMZN
Dr. Bronner's Boosts Marketplace Revenue by 55% with Pattern,2025-08-12,AMZN
Inflection Points: Tales Of The Automation Age,2025-08-12,AMZN
July Market Recap: Positioning For AI Demand And Policy Uncertainty,2025-08-12,AMZN
AST SpaceMobile Stock Soars After Earnings. Its Challenge to Musk’s SpaceX Is Shaping Up.,2025-08-12,AMZN
Mag 7 & AI: Playing for 'big gains' can also mean 'big losses',2025-08-12,AMZN
"Apple Rises 9% in a Month: Buy, Sell or Hold the AAPL Stock?",2025-08-12,AMZN
SPOT Skyrockets 106% in a Year: How Should You Play the Stock?,2025-08-12,AMZN
"BofA: The e-commerce surge continued in July, early data constructive for Amazon",2025-08-12,AMZN
"Amazon to Offer Same-Day Groceries Delivery in 2,300 Cities",2025-08-13,AMZN
"Amazon Expanding Same-Day Perishable Grocery Delivery in Bid to Gain Market Share, Wedbush Says",2025-08-13,AMZN
"Parks Associates Forecasts the Market for Smart Thermostats Will Reach Unit Sales of 8.1 million in 2030, with Annual Revenues Exceeding $1.1 billion",2025-08-13,AMZN
Prediction: This Artificial Intelligence (AI) Stock Could Hit a $5 Trillion Valuation by 2030,2025-08-13,AMZN
XTransfer Attends Brazil's Largest E-Commerce Summit,2025-08-13,AMZN
"Priority Fulfillment Expands Operations with 30,000 Sq Ft South Florida Facility",2025-08-13,AMZN
Enough Is Enough: AI Is Driving Us To Sell Our S&P 500 Position,2025-08-13,AMZN
Amazon expands express delivery offering to fresh produce,2025-08-13,AMZN
Macquarie Climate Solutions Fund Q2 2025 Commentary,2025-08-13,AMZN
"Benzinga Market Summary: S&P Continues Higher, Grocery Stocks Fall As Amazon Expands Grocery Delivery, CoreWeave Falls On Mixed Q2 Results",2025-08-13,AMZN
AI Weekly: Nvidia's future in China and $1 AI offers,2025-08-13,AMZN
"As Amazon Expands Grocery Delivery, Wednesday's Instacart (CART) Plunge Signals Heightened Competitive Fears",2025-08-13,AMZN
ClimeCo Certified Product™ Program Reapproved for Amazon's Climate Pledge Friendly Badge,2025-08-13,AMZN
Kodak’s Troubles Hold a Lesson for the AI Age,2025-08-13,AMZN
"Amazon Announces Major Grocery Expansion: Tens of Millions of Prime Members Can Now Shop Perishable Groceries Alongside the Rest of Amazon’s Same-Day Selection with Fast, Free Delivery",2025-08-13,AMZN
"CNBC Halftime Report Final Trades: Toast Inc., Amazon, Thermo Fisher Scientific, Transdigm Group",2025-08-13,AMZN
"Amazon expands same-day grocery delivery to perishable foods to compete with Instacart, Walmart",2025-08-13,AMZN
AI Revolution: More Skynet Than Nirvana,2025-08-13,AMZN
Top Midday Stories: CoreWeave Q2 Loss Misses Expectations; Hillenbrand Mulls Potential Sale,2025-08-13,AMZN
Snap: I'm Buying This Former Takeover Target With Shares Decimated From $80 To Just $7,2025-08-13,AMZN
Palantir's Perfect Storm: How Changing Conditions Could Disrupt A Market Darling,2025-08-13,AMZN
Nuclear Stocks Are Hot. This One Just Got a Big Target-Price Increase.,2025-08-13,AMZN
Disney Banks on NFL Deal: Will ESPN's New Streaming Push Pay Off?,2025-08-13,AMZN
Why BJ's (BJ) Stock Is Trading Lower Today,2025-08-13,AMZN
Big Tech Is on Track to Spend Over $1 Trillion on AI Infrastructure by 2028. These 3 Semiconductor Stocks Could Be the Biggest Winners (Hint: Not Nvidia),2025-08-13,AMZN
3 No-Brainer AI Stocks to Buy Right Now,2025-08-13,AMZN
Billionaires Buy a Brilliant Growth Stock That Has Partnered With Amazon,2025-08-13,AMZN
Lululemon: The Situation Is Better Than You Think,2025-08-13,AMZN
4 Lessons You Can Learn From Jeff Bezos’ Early Amazon Stock Sales,2025-08-13,AMZN
Amazon.com (AMZN) Partners With Sendbird To Enhance AI Capabilities And Market Reach,2025-08-13,AMZN
Target Stock Could Use Two Things for a Turnaround,2025-08-13,AMZN
"Former Amazon aggregator turns to Solana, records $70K in daily rewards",2025-08-13,AMZN
Microsoft’s $3.9 Trillion Empire: 3 Products You Use Without Realizing It,2025-08-13,AMZN
Big Tech is driving the stock market to new records,2025-08-13,AMZN
Harvard University reveals shocking Bitcoin investment,2025-08-13,AMZN
"Cathie Wood Just Dropped $12.9 Million On This Trendy Robotaxi Stock, Ark Also Loads Up On Amazon Shares",2025-08-13,AMZN
Gene Munster: Apple Could Be A Top 2 'Mag 7' Stock In 2025 — Says The 'Bar Is Very Low' On AI,2025-08-13,AMZN
"Palantir, Sooner Or Later, The Music Will Stop",2025-08-13,AMZN
"AMZN Q2 Deep Dive: Cloud Margins, Tariff Uncertainty, and Robotics Dominate Discussion",2025-08-13,AMZN
5 Must-Read Analyst Questions From Amazon’s Q2 Earnings Call,2025-08-13,AMZN
"DA Davidson and Citigroup Raise PT on Amazon.com, Inc. (AMZN)",2025-08-13,AMZN
3 Cash-Heavy Stocks We Approach with Caution,2025-08-13,AMZN
"Paramount Skydance: This Is A TKO, Alright... But For The Skeptics, Or For Paramount?",2025-08-13,AMZN
Amazon: Path To $270 By Year-End,2025-08-13,AMZN
"Amazon brings same-day grocery delivery to 1,000 more US cities",2025-08-14,AMZN
Heard on the Street Wednesday Recap: Anxiety in the Grocery Aisle,2025-08-14,AMZN
"Movies and Entertainment Market Outlook and Company Analysis Report 2025-2033 Featuring Paramount, Sony, Walt Disney, Warner Bros, Comcast, Netflix, Vivendi, The Idea Factory, Amazon, Marcs",2025-08-14,AMZN
"Toast, Amazon, Thermo Fisher Scientific And An Industrial Stock On CNBC's 'Final Trades'",2025-08-14,AMZN
1 Reason to Buy the Vanguard 500 Index (VFIAX) Index Fund Admiral Shares,2025-08-14,AMZN
Fabrinet Q4 Preview: Boosting Growth Through Partnership With AWS; Initiate With Buy,2025-08-14,AMZN
This Company Could Be the Amazon of AI Infrastructure,2025-08-14,AMZN
Stocks Muted Before the Open With Key U.S. PPI Data in Focus,2025-08-14,AMZN
Stock Market Fear Gauge Sinks. Why Fed Rate Moves Can Reverse That.,2025-08-14,AMZN
UPRO: Benefits And Risks Of The 3x Leveraged ETF,2025-08-14,AMZN
Foxconn Profit Beats on Solid AI Hardware Sales,2025-08-14,AMZN
Prediction: This Artificial Intelligence (AI) Semiconductor Stock Will Soar in September (Hint: It's Not Nvidia),2025-08-14,AMZN
Wall Street Breakfast Podcast: Bullish Soars 84% On Debut,2025-08-14,AMZN
"Payment Gateway Market to USD 171.1 Billion by 2032, Owing to Rising Digital Transactions and E-Commerce Adoption | Research by SNS Insider",2025-08-14,AMZN
BNY Mellon Global Emerging Markets Fund Q2 2025 Commentary,2025-08-14,AMZN
BNY Mellon Appreciation Fund Q2 2025 Commentary,2025-08-14,AMZN
"Amazon: Growth Machine Persists, But The Stock Still Isn't A Buy",2025-08-14,AMZN
BNY Mellon Global Equity Income Fund Q2 2025 Commentary,2025-08-14,AMZN
"EA SPORTS™ Madden NFL 26 Launches Worldwide Today—Powered by Real NFL Data, and Unleashing the Most Explosive and Immersive NFL Experience Yet",2025-08-14,AMZN
Stocks Are Mixed After Hot PPI Report,2025-08-14,AMZN
Kornit Digital: Weak Outlook Likely To Keep In The Penalty Box For Longer - Hold,2025-08-14,AMZN
Cisco remains under pressure as it hops on the AI train: Opening Bid top takeaway,2025-08-14,AMZN
Top Midday Stories: Stocks Fall on Hot July PPI Print; Deere Lowers Top-End Guidance for Full-Year Net Income,2025-08-14,AMZN
Amazon's Ad Business Hits Milestone: Is it the Next Revenue Pillar?,2025-08-14,AMZN
Trade Desk shares drop on report of Walmart advertising deal change,2025-08-14,AMZN
RiverMeadow's Workload Mobility Platform Now Supports Migrations to Amazon Elastic VMware Service (EVS),2025-08-14,AMZN
Amazon could seize market share and drive down fees with its latest grocery bet,2025-08-14,AMZN
Grocers under pressure: Amazon expands same-day grocery delivery,2025-08-14,AMZN
"The TopBrand 2025 ""Top 500 Global Brands list"" has been released, with Microsoft ranking first.",2025-08-14,AMZN
Stocks Fall Back on Hot PPI Report,2025-08-14,AMZN
Stocks Pare Earlier Declines. Tech Is Doing the Heavy Lifting.,2025-08-14,AMZN
Here's Why Amazon (AMZN) is a Strong Growth Stock,2025-08-14,AMZN
New to Investing? This 1 Retail and Wholesale Stock Could Be the Perfect Starting Point,2025-08-14,AMZN
"Ulta Beauty, Target Ending Shop-in-Shop Partnership by 2026",2025-08-14,AMZN
Super Impulse Brings Back Twisty Petz in 2025 with a Trend Forward Relaunch,2025-08-14,AMZN
E-Commerce Update - ECommerce Market Growth Driven By Technology And Consumer Trends,2025-08-14,AMZN
Amazon's Grocery Delivery Expansion Seen As Game-Changer In $90-Billion Online Market Opportunity,2025-08-14,AMZN
Why Sprouts (SFM) Stock Is Falling Today,2025-08-14,AMZN
"Grocery Outlet (GO) Stock Trades Down, Here Is Why",2025-08-14,AMZN
Amazon.com (AMZN) Partners With Sendbird To Expand AI Capabilities Through AWS Collaboration,2025-08-14,AMZN
"Instacart falls on Amazon grocery, Oracle job cuts, Bullish IPO",2025-08-14,AMZN
Amazon Expands Same-Day Grocery Delivery. Walmart and Instacart Should Be Worried.,2025-08-14,AMZN
"Amazon rolls out same-day grocery delivery to 1,000 cities",2025-08-14,AMZN
"Amazon boosts same-day delivery to take on Instacart, Walmart",2025-08-14,AMZN
"Bullish soars in public debut, Amazon delivery, C3.ai downgraded",2025-08-14,AMZN
"Apple Plots Expansion Into AI Robots, Home Security and Smart Displays",2025-08-14,AMZN
Not All Value Indexes Are Created Equal: Russell Vs. S&P,2025-08-14,AMZN
Chewy: Huge Opportunity Ahead,2025-08-14,AMZN
Foxconn sees robust AI demand continuing after Q2 profit tops forecast,2025-08-14,AMZN
Podcast: Hopes for Interest-Rate Cut Lead to Modest Stock Gains,2025-08-14,AMZN
Heard on the Street Recap: Anxiety in the Grocery Space,2025-08-14,AMZN
"S&P 500 Gains & Losses Today: Amazon Expands Same-Day Food Deliveries, Hitting Kroger, DoorDash",2025-08-14,AMZN
Cisco projects upbeat quarterly revenue as AI fuels networking equipment demand,2025-08-14,AMZN
"Amazon same-day delivery, Apple's AI, Centrus: Trending Tickers",2025-08-14,AMZN
Empowering Cloud Transformation: NetApp and AWS Expand VMware Integration with FSx for ONTAP,2025-08-14,AMZN
Jefferies Downgrades The Trade Desk (TTD) on Revenue Slowdown and Competition Concerns,2025-08-14,AMZN
"Amazon Launches Same-Day Fresh Grocery Delivery in 1,000 U.S. Cities",2025-08-14,AMZN
Amazon: Devouring The Physical And Digital Worlds,2025-08-14,AMZN
Stock Market Today: Dow Down; AI Stock Coherent Delivers 3 Sell Signals; Coach Owner Tapestry Gets Support At Key Level (Live),2025-08-14,AMZN
Amazon's Latest Prime Grocery Move Is a Big 'Shot' at the Competition,2025-08-14,AMZN
"Amazon Stock Gains On Big Expansion Of Perishable Delivery. Instacart, Grocery Stocks Fall.",2025-08-14,AMZN
"These Were the 5 Biggest Companies in 2019, and Here Are the 5 Biggest Companies Now",2025-08-15,AMZN
"Target falling behind peers, BofA cuts to Sell",2025-08-15,AMZN
"Dow Jones Futures Rise On Warren Buffett Buys, These Chip Losers; Amazon Offsets Hot Inflation",2025-08-15,AMZN
How Much of Jeff Bezos’ Net Worth Could He Actually Spend Today? A Guide to Liquid Assets,2025-08-15,AMZN
Retail Sales Notched Another Strong Month in July. Wall Street Was Depending on It.,2025-08-15,AMZN
S&P 500: Profit Margins Cannot Hold,2025-08-15,AMZN
US retail sales increase solidly in July,2025-08-15,AMZN
Stock Market Today: Dow Jones Rallies As UnitedHealth Surges On Warren Buffett Buy (Live Coverage),2025-08-15,AMZN
"Toon Media Networks, Streaming Division of Kartoon Studios (NYSE American: TOON), Posts Dramatic Growth in Q2 2025",2025-08-15,AMZN
Retail Sales Get Four-Day Amazon Prime Day Lift; S&P 500 Futures Edge Higher,2025-08-15,AMZN
Retail Sales Notch Another Strong Month. Wall Street Was Depending on It.,2025-08-15,AMZN
Retail Sales Get Amazon Lift; Inflation Expectations Jump; S&P 500 Dips,2025-08-15,AMZN
"Zacks Investment Ideas feature highlights: Fabrinet, Nvidia and Amazon",2025-08-15,AMZN
Amazon Expands Same-Day Grocery Delivery to Steer Competition,2025-08-15,AMZN
ValueAct Capital's Strategic Moves: A Deep Dive into Amazon.com Inc's 12.96% Portfolio Impact,2025-08-15,AMZN
"David Tepper's Hedge Fund Bets On Intel, UnitedHealth; Cuts Position In Four Mag 7 Stocks",2025-08-15,AMZN
Jeff Bezos Once Asked Warren Buffett Why People Don't Just Copy His 'Simple' Investment Strategy —He Said 'Because No One Wants To Get Rich Slow',2025-08-15,AMZN
"Stock Market Rallies Amid Shifts Despite Hot Inflation; Amazon, CoreWeave In Focus: Weekly Review",2025-08-15,AMZN
Which High-Conviction Stock Picks Are Set to Soar in the Coming Years? Amazon (AMZN) Is One.,2025-08-15,AMZN
Nvidia: The Lone $4T Market-Cap Stock Is Still A Cheap Growth Play,2025-08-15,AMZN
Can megacaps keep rising? Here's what valuation metrics tell us,2025-08-15,AMZN
BNY Mellon Global Real Return Fund Q2 2025 Commentary,2025-08-15,AMZN
Amazon Vs. Walmart: One Clear Winner,2025-08-15,AMZN
"Amazon, IBD Stock Of The Day, Delivers Early Entry As Grocery Move Hits Rivals",2025-08-15,AMZN
Bill Ackman Bets On These 2 Magnificent 7 Stocks: Pershing Square Q2 Portfolio Revealed,2025-08-15,AMZN
"Viking Global Investors LP Increased  Stake In Amazon Com Inc From 2,721,710 To 3,897,092 Shares (+43%), Increased  Stake In McDonalds Corp From 1,150,434 To 3,125,432 Shares (+172%), Increased Its Stake In JPMorgan Chase & Co. From 2,171,648 To 4,042,034 Shares (+86%), Increased Its Stake In Sherwin Williams Co From 972,230 To 1,957,750 Shares (+101%)",2025-08-15,AMZN
"Liberty All-Star® Growth Fund, Inc. July 2025 Monthly Update",2025-08-15,AMZN
Tracking Warren Buffett's Berkshire Hathaway Portfolio - Q2 2025 Update,2025-08-15,AMZN
Amazon (AMZN) Gets Price Target Hike After Strong Quarterly Performance,2025-08-15,AMZN
Hedge funds shift bets to double down on Big Tech amid AI boom,2025-08-15,AMZN
1 Stock Under $50 with Solid Fundamentals and 2 We Ignore,2025-08-15,AMZN
"Tiger Global Boosts Big Tech Bets, Ramps Up Portfolio Value By 28% In Q2",2025-08-15,AMZN
"JD.com Is Trying To Mirror Amazon's Global Playbook With Joybuy Launch, CECONOMY Deal In Europe",2025-08-15,AMZN
Alibaba Launches AI-Powered Agent To Automate Merchant Operations,2025-08-15,AMZN
"Sendbird, AWS Announce 3-Year Strategic AI Collaboration",2025-08-15,AMZN
My Favorite 10 Real-Money Blue-Chip Bargains To Buy In August,2025-08-15,AMZN
"1 Unstoppable Stock That Could Join Nvidia, Microsoft, and Apple in the $3 Trillion Club by 2027",2025-08-15,AMZN
"Got $1,000? 3 Stocks to Buy Now While They're On Sale",2025-08-15,AMZN
"Trending tickers: Intel, Amazon, Applied Materials, UnitedHealth and AB Foods",2025-08-15,AMZN
Better Growth Stock to Buy Right Now: Amazon or Alibaba?,2025-08-15,AMZN
"5 Unstoppable ""Ten Titans"" Growth Stocks to Buy Now and Hold Through at Least 2030",2025-08-16,AMZN
"Billionaire Bill Ackman Loads Up on Amazon, Alphabet in Big Tech Power Play",2025-08-16,AMZN
This Jabil Peer Reports Monday As AI Fever Boosts Top-10 Industry,2025-08-16,AMZN
Retail Earnings Loom: What Can Investors Expect?,2025-08-16,AMZN
"Stock Market Week Ahead: Walmart, Palo Alto, And Powell At Jackson Hole",2025-08-16,AMZN
Wedbush Sees 15% AI Chip Profit-Sharing Deal as Strategic Win,2025-08-16,AMZN
"Amazon.com, Inc. (AMZN): Jim Cramer Maintains It Needs To Buy NVIDIA",2025-08-16,AMZN
Stock Market Today: Dow Ekes Out A Gain; Chip Equipment Names Weigh On Tech,2025-08-16,AMZN
Billionaire Philippe Laffont Is Betting Big on Oracle Stock. Should You?,2025-08-16,AMZN
Amazon Just Gave Uber Stock Bad News. Should You Sell UBER Here?,2025-08-16,AMZN
"Amazon, Netflix, These Other Stocks Bear Watching As They Approach Buy Points",2025-09-06,AMZN
Should You Invest in the Amazon of Latin America?,2025-09-07,AMZN
Amazon’s New Curbs on Sharing Free Shipping Are Set to Hit Millions,2025-09-07,AMZN
Meet the Artificial Intelligence (AI) Stock With $368 Billion in Revenue Coming Down the Pipeline,2025-09-07,AMZN
"Consumer Tech News (September 1 – September 5): Apple AI Push, Palantir Expands Partnerships, Tesla Robotaxi Surge, NVIDIA's $1.5B Chip Deal - Apple (NASDAQ:AAPL), Amazon.com (NASDAQ:AMZN)",2025-09-07,AMZN
ASG: Discount Presents A Better Opportunity,2025-09-07,AMZN
Billionaire Bill Ackman May Be the Next Warren Buffett -- 30% of His Portfolio Is Invested in 2 Brilliant AI Stocks,2025-09-07,AMZN
How I Would Invest $1.8 Billion In Powerball Winnings,2025-09-07,AMZN
Amazon Curbs Shared Free Shipping for ‘Hundreds of Thousands’ of Users,2025-09-07,AMZN
Financial Bubbles Happen Less Often Than You Think,2025-09-08,AMZN
Anthropic Shuts Out China-Controlled Firms Over Security,2025-09-08,AMZN
Dave Stephenson Joins SiriusXM's Board of Directors,2025-09-08,AMZN
"XLK: No Reason To Sell A Stake In Tech, More Gains Are Ahead",2025-09-08,AMZN
AI Stocks Confront 2026 Test As Cloud Capital Spending Cools,2025-09-08,AMZN
"Robinhood, Alibaba, Tesla: Trending Stocks",2025-09-08,AMZN
Amazon Pharmacy Expands $5 RxPass Medication Subscription to Texas,2025-09-08,AMZN
"Amazon And Microsoft Engineers Quit At 23 To Launch AI Startup Bluejay, Raise $4 Million With Y Combinator And Floodgate",2025-09-08,AMZN
Stock Market Today: Dow Falls Ahead Of Key Inflation Data; Tesla Touches Buy Point (Live Coverage),2025-09-08,AMZN
Only 4 S&P 500 Sectors Are Rising,2025-09-08,AMZN
Nasdaq Files With SEC to Allow Trading of Tokenized Stocks,2025-09-08,AMZN
"Amazon Trades at 31.84x Premium P/E: Buy, Sell or Hold the Stock?",2025-09-08,AMZN
Jim Cramer on Trade Desk: “There Are Other Ways to Make Money That Are Easier”,2025-09-08,AMZN
An AI Spending Slowdown Would Drag Down the Market: Goldman Sachs,2025-09-08,AMZN
Amazon Has A New Golden Goose -- Anthropic,2025-09-08,AMZN
These Amazon Prime changes are coming Oct. 1. Here's what will change and who's impacted,2025-09-08,AMZN
Klarna IPO Update: Don't Buy Now Or Later,2025-09-08,AMZN
These 2 Billionaires Just Loaded Up on Amazon Stock. Should You?,2025-09-08,AMZN
"Could Investing $10,000 in QuantumScape Make You a Millionaire?",2025-09-08,AMZN
Bear of the Day: JD.com (JD),2025-09-08,AMZN
Bull of the Day: Astera Labs (ALAB),2025-09-08,AMZN
Google Stock: Why Digital Ads Are New Ballgame In Antitrust Battle,2025-09-08,AMZN
EV Company News For The Month Of August 2025,2025-09-08,AMZN
Hidetaka Kokubu Appointed as Head of Japan at Xsolla,2025-09-08,AMZN
Absa Expands Strategic Partnership With AWS To Drive Digital Transformation Innovation And Personalised Banking Experiences Across South Africa,2025-09-08,AMZN
Spectrum Brands: The Situation Is Not Looking Better,2025-09-08,AMZN
SKYWORTH TVs Are Back: Transforming How Australians Enjoy Home and Outdoor Entertainment,2025-09-08,AMZN
"Amazon.com, Inc. (AMZN) Might Make A Big Move In AI, Says Jim Cramer",2025-09-08,AMZN
These Were the 5 Top-Performing Stocks in the Dow Jones Industrial Average in August 2025,2025-09-08,AMZN
"Amazon.com, Inc. (AMZN) is Attracting Investor Attention: Here is What You Should Know - Yahoo Finance",2025-09-08,AMZN
Is Palantir Stock About to Breakout?,2025-09-09,AMZN
Can Sports Engagement Emerge as ROKU's Next Pillar for Revenue Growth?,2025-09-09,AMZN
3 No-Brainer Growth Stocks to Buy Right Now,2025-09-09,AMZN
Amazon Rises After JetBlue Signs On to Project Kuiper,2025-09-09,AMZN
Sirius XM Holdings (SIRI) Welcomes Airbnb Executive Dave Stephenson to Board,2025-09-09,AMZN
XYLD: Understanding The Structure And Suitability Of This High-Yielding ETF,2025-09-09,AMZN
AMAZON TEAMSTERS RALLY AFTER ATTACK ON WORKERS IN QUEENS,2025-09-09,AMZN
"Forget dollars, Bitcoin could run Earth-Mars economy",2025-09-09,AMZN
"Why It’s Been Hard for Gen Z To Get Jobs in Tech, Finance & More",2025-09-09,AMZN
"Stock Market Today: Dow Climbs 196 Points; Apple Sinks, Oracle Soars On Results (Live Coverage)",2025-09-09,AMZN
Four Reasons To Watch Amazon Stock — Including A Fresh Breakout,2025-09-09,AMZN
AMZY: Understanding The Strategy And Suitability Of This High-Yielding ETF,2025-09-09,AMZN
Is Amazon Stock A Buy? Tech Giant Eyes Breakout After Satellite Internet Boost.,2025-09-09,AMZN
Tech’s Data-Center Capex Isn’t Creating Jobs. That Matters for Stocks.,2025-09-09,AMZN
"Kroger Expected to Maintain 2025 Guidance Amid Uncertain Macro Environment, UBS Says",2025-09-09,AMZN
Tracking Dan Loeb's Third Point Portfolio - Q2 2025 Update,2025-09-09,AMZN
Four Reasons To Watch Amazon Stock Now. A New Breakout Is Just One.,2025-09-09,AMZN
"Stock Market Today: Dow Up, Nasdaq Hits High As This Goose Flies Above Entry; Amazon, Tesla Test Buy Points (Live Coverage)",2025-09-09,AMZN
Anthropic's $183 Billion Valuation Could Add Fuel to Amazon's AI Ambitions,2025-09-09,AMZN
Amazon (AMZN) Laps the Stock Market: Here's Why,2025-09-09,AMZN
Goldman Sachs analyst bets AI will give software companies a 'rebirth',2025-09-09,AMZN
"Technical Interview Preparation Course For Software Engineers and Engineering Managers - Interview Kickstart's Roadmap to Google, Meta & Amazon Jobs in 2025 and Top Tech Salaries",2025-09-09,AMZN
Rivian's Biggest Challenge Might Still Be Around The Corner,2025-09-09,AMZN
"AI Data Center Spending By Nvidia, Microsoft And Other 'Mag 7' Titans Is Squeezing S&P 500 Share Buybacks, Goldman Sachs Warns",2025-09-10,AMZN
AWS & Qualcomm Work With Sony Honda Mobility To Accelerate Development Of AI-Powered AFEELA EV,2025-09-10,AMZN
"AI Stocks Rally, Oracle Rockets On Best Day Since 1992: What's Moving Markets Wednesday?",2025-09-10,AMZN
Most Investors Are Not Ready For What's Next,2025-09-10,AMZN
The Risk I Took With Chewy And Why The Stock Chewed Itself Out,2025-09-10,AMZN
Albertsons: Fighting Off Macro Negatives With Inventive E-Commerce Surge,2025-09-10,AMZN
Oracle's Success Makes It Overvalued (Rating Downgrade),2025-09-10,AMZN
The Ultimate $1 Million All-Weather Portfolio For Lifetime Wealth,2025-09-10,AMZN
'Amazon Is Developing AR Glasses In Challenge To Meta' - The Information,2025-09-10,AMZN
Our H2 2025 Top Ideas,2025-09-10,AMZN
UBS Maintains a Buy Rating on United Parcel Service (UPS),2025-09-11,AMZN
E-Commerce Demand Closed The Summer Strong. What It Means For Amazon Stock.,2025-09-11,AMZN
"Affiliate Marketing Solutions Industry Analysis Report 2025: Features Strategic Profiles of Awin, CJ Affiliate, Rakuten Advertising, Impact, Amazon and Other Key Players",2025-09-11,AMZN
Oracle Stock Drops. Why Its OpenAI Deal Is a Sink or Swim Moment.,2025-09-11,AMZN
Options Corner: Amazon's Lens Live Makes Pinterest An Enticingly Discounted Prospect,2025-09-11,AMZN
Apple Analyst Sentiment Hits Five-Year Low After Two Downgrades,2025-09-11,AMZN
Oracle's Exceptional Backlog Confirms Its Role As Key AI Enabler: Analyst,2025-09-11,AMZN
The Rise Of The Magnificent 7: Concentration Risk Vs. Earnings Power,2025-09-11,AMZN
MySmile Launches Fluoride-Free Toothpaste for Enamel Repair,2025-09-11,AMZN
Amazon Analysts See Limited Near-Term AI Boost From Anthropic,2025-09-11,AMZN
"Roku (ROKU) Stock Trades Down, Here Is Why",2025-09-11,AMZN
Amazon’s Autonomous Car Has Arrived. Why Zoox Could Have a Rough Road Ahead.,2025-09-11,AMZN
Sector Update: Consumer Stocks Decline Late Afternoon,2025-09-11,AMZN
Why The Trade Stock Was Tumbling Today,2025-09-11,AMZN
"Stock Market Today: Dow Drops But S&P 500, Nasdaq Score Record Highs As Key Inflation Report Looms; Nvidia, Oracle Soar (Live Coverage)",2025-09-11,AMZN
Tracking Saudi Sovereign Wealth Fund's 13F Portfolio - Q2 2025 Update,2025-09-11,AMZN
"TEAMSTERS CALIFORNIA, CALIFORNIA LABOR FEDERATION CALL ON GOVERNOR NEWSOM TO SIGN AB 288",2025-09-11,AMZN
Goldman Sachs flags shift in S&P 500 spending,2025-09-11,AMZN
"UPS: Mr. Market May Be Pricing In A Dividend Cut, But I Remain Cautious",2025-09-11,AMZN
What A Weakening Economy Means For Visa,2025-09-11,AMZN
Broadcom: The Next AI Giant - Or A Stock Priced For Perfection,2025-09-11,AMZN
Why The Market Is Wrong About The Trade Desk,2025-09-11,AMZN
"AWS Newsroom Posts On X ""AWS + Beamr are modernizing media archives while migrating to the cloud. This approach converts videos to modern formats with 50% less storage while maintaining quality, transforming archives into flexible, cost-effective assets.""",2025-09-11,AMZN
Amazon's Zoox: Much More Than Just A $450 Billion Opportunity,2025-09-11,AMZN
E-Commerce Today - Global eCommerce Payments Soar Driven by Emerging Markets,2025-09-11,AMZN
"There's a new richest person in the world, Bloomberg ranking says",2025-09-11,AMZN
Jim Cramer Says Microsoft Paying Amazon's Anthropic For AI Is 'Big': Redmond Shifting Strategy?,2025-09-11,AMZN
Snowflake Soars 18% in a Month: Should You Buy the Stock or Wait?,2025-09-11,AMZN
"Oracle nears $1T, Amazon launches Zoox robotaxi, Klarna IPO",2025-09-11,AMZN
"Rockbot integrates with Amazon signage to deliver powerful, cost-effective digital signage, advertising and in-store media solutions for business",2025-09-11,AMZN
Oracle's stock skyrocketed. Jefferies analysts say there could be even more room to run.,2025-09-11,AMZN
"'Amazon's latest grocery expansion pushed supermarkets toward Instacart, its incoming CEO said'- Business Insider",2025-09-11,AMZN
Xylem and Amazon Partner on Smart Water Upgrades to Save More Than 1.3 Billion Liters Annually in Mexico,2025-09-11,AMZN
Fluor: I'm Waiting For A Bigger Drop,2025-09-11,AMZN
Crypto & Blockchain Stocks Poised for Growth Amid Policy Tailwinds,2025-09-11,AMZN
AI Has Become The Economy And Market,2025-09-11,AMZN
"Buffett, Ackman, Ives Are Now ETF Brands—And It's Changing The Game",2025-09-11,AMZN
Oracle shares skyrocket on AI cloud growth,2025-09-11,AMZN
NetApp (NTAP) Unveils StorageGRID 12.0 Enhancing AI Workloads And Data Security,2025-09-11,AMZN
"Ethereum Co-Founder Charles Hoskinson Sees 'Mag 7' Giants Like Amazon, Google As Next 'King Makers' In Crypto",2025-09-11,AMZN
Trade Desk Stock Is Plummeting. Why It Faces Growing Concerns.,2025-09-11,AMZN
"Robotaxi Battle Heats Up With Amazon's Las Vegas Zoox Launch, Lyft's Atlanta Expansion",2025-09-11,AMZN
Oracle: Unleashing Massive Cloud Growth,2025-09-11,AMZN
"Amazon's Relentless Drive Higher Raises The Stakes For Direxion's AMZU, AMZD ETFs",2025-09-12,AMZN
"CPZ: Discount Narrowing Drives Strong Results, But Now Takes Away Its Appeal",2025-09-12,AMZN
Amazon: Netflix Deal Creates Insurmountable CTV Dominance,2025-09-12,AMZN
"Tesla's Milestones: Innovation, Hype, And A 'Show Me' Story",2025-09-12,AMZN
Buy Top AI Stock Vertiv Before It Soars After Oracle's Report,2025-09-12,AMZN
Coupang: The Real Growth Potential Could Be In Front,2025-09-12,AMZN
5 Passive Income Streams for Retirees To Build Wealth,2025-09-12,AMZN
JCPenney’s Really Big Deals are Laughable… Until You See the Receipts,2025-09-12,AMZN
Cathie Wood Goes Bargain Hunting: 3 Stocks She Just Bought,2025-09-12,AMZN
"Top Midday Stories: FTC Probing Alphabet, Amazon Over Ad Placement Practices; IonQ Gets UK Regulatory Clearance for Oxford Acquisition",2025-09-12,AMZN
Analyst Explains Why Amazon.com (AMZN) is a ‘Tactical Winner’,2025-09-12,AMZN
Why Is Warner Bros Discovery (WBD) Stock Soaring Today,2025-09-12,AMZN
"Mexico Anti-Trust Regulator Says Mercado Libre And Amazon Do Not Offer Sufficient Information To Sellers About How Featured Offers Are Determined; Mercado Libre And Amazon Grant Greater Visibility To The Products Of Sellers Who Contract Logistics Services With The Platform Itself; Determined The Existence Of Barriers In The E-Commerce Platform Market On The Seller Side; However, There Was Insufficient Consensus To Order Corrective Measures",2025-09-12,AMZN
"What Looms Ahead After The Dow Jones Topped A Record Of 46,000",2025-09-12,AMZN
We are entering a golden age of robotics startups — and not just because of AI,2025-09-12,AMZN
Early tests show Amazon and Walmart are price leaders in grocery delivery,2025-09-12,AMZN
Update: Market Chatter: Nvidia Pulling Back From Cloud Competition With Amazon's AWS,2025-09-12,AMZN
From Polaris to Vision AI: Is SoundHound Building a Moat in GenAI?,2025-09-12,AMZN
AWS CEO: We're creating the AI building blocks for future startups,2025-09-12,AMZN
Amazon: Forward Inventory Buying Creates Uncertainties,2025-09-12,AMZN
Top Drone Tech Stocks Well-Positioned for Long-Term Growth,2025-09-12,AMZN
Amazon's AWS CEO: We're building the building blocks of AI,2025-09-12,AMZN
Mag 7 Stocks Are About to Be a $20 Trillion Market Problem,2025-09-12,AMZN
"A Chip Off The Old Block: Nvidia Stock Offers Entry As AI Boom Continues, Earnings Pop 54%.",2025-09-12,AMZN
"Amazon.com (AMZN) Is Just Disrupting Retail, Says Jim Cramer",2025-09-12,AMZN
"Paramount-Warner Bros., Amazon & Google, Apple: Trending Tickers",2025-09-12,AMZN
Will Amazon Partnership Help Netflix Double Ad Revenue Targets?,2025-09-12,AMZN
"The Best Stocks to Invest $50,000 In Right Now",2025-09-12,AMZN
5 Artificial Intelligence (AI) Stocks That Look Like No-Brainer Buys Right Now,2025-09-12,AMZN
SK Hynix Stock Hits Record After Next-Gen Chip Breakthrough,2025-09-12,AMZN
Is The Trade Desk Stock a Buy After Its 60% Decline This Year? Wall Street Has a Clear Answer for Investors.,2025-09-12,AMZN
Oracle Did Everything Right. It’s Time to Take Profits.,2025-09-12,AMZN
Nvidia may have a rival on the AI dance floor: Oracle,2025-09-12,AMZN
UBS Maintains a Hold Rating on The Kroger Co (KR),2025-09-12,AMZN
"Comcast, Amazon Announce Expanded Distribution Agreements for Streaming Services",2025-09-12,AMZN
Amazon.com (AMZN) Collaborates On Digital Signage And Advanced Water Management Solutions,2025-09-12,AMZN
Oracle's blockbuster surge shows AI trade's growing influence on market,2025-09-12,AMZN
Warner Bros. Discovery soars on rumored Paramount Skydance bid,2025-09-12,AMZN
"Xylem (XYL) Stock Trades Up, Here Is Why",2025-09-12,AMZN
Wall Street Bets on Fed Surrender: Rate Cuts Now Just Days Away?,2025-09-12,AMZN
AMZN: Amazon Named Morgan Stanley's 'Top Pick' Sees 30% Upside,2025-09-12,AMZN
"Cathie Wood's Ark Pivots: Sells Tempus AI After FDA Win, Loads Up On Amazon, Figma And This Trendy Crypto Stock",2025-09-12,AMZN
Booking Holdings Bets on Agentic AI to Challenge Big Tech,2025-09-12,AMZN
Tracking George Soros's 13F Portfolio - Q2 2025 Update,2025-09-12,AMZN
Oracle is shaking things up to catch up to its AI cloud rivals,2025-09-12,AMZN
Jim Cramer on Amazon: “Be Long”,2025-09-12,AMZN
Why The Trade Desk Stock's Recent Slide Was Justified,2025-09-12,AMZN
"With A Fed Rate Cut On The Horizon, Experts Say These 3 Asset Classes Could Be Game-Changers For Your Portfolio",2025-09-12,AMZN
"Amazon announces Prime membership changes — soon, users outside of an account holder’s household will be cut off",2025-09-13,AMZN
Amazon Bets on AI Spending: Will Capex Drive Growth or Prove Risky?,2025-09-13,AMZN
Wall Street Rushes to Boost S&P 500 Targets. The Runaway AI Train Keeps Rolling Along.,2025-09-13,AMZN
"Sellers on Amazon, MercadoLibre face competitive barriers, Mexico watchdog rules",2025-09-13,AMZN
Market Chatter: Amazon Tests GM Electric Vans in Push to Meet Climate Change Goals,2025-09-13,AMZN
Amazon testing GM's electric delivery vans in sustainability push,2025-09-13,AMZN
Why Rivian Stock Dropped Today,2025-09-13,AMZN
"Amazon, Google Probed by FTC Over Search Ad Practices",2025-09-13,AMZN
"Opendoor can be the Amazon of housing, investor Eric Jackson says",2025-09-13,AMZN
Sector Update: Consumer Stocks Mixed Late Afternoon,2025-09-13,AMZN
Why The Trade Desk Stock Wilted This Week,2025-09-13,AMZN
"Amazon: Tariff Relief For Now, But Snapback Risk Later",2025-09-13,AMZN
Billionaire Philippe Laffont Sells a Popular AI Stock and Buys the S&P 500's Worst Stock. Does He Know Something Wall Street Doesn't?,2025-09-13,AMZN
Billionaire Bill Ackman Bought Amazon Stock -- Should You?,2025-09-13,AMZN
"Amazon, Microsoft, Alphabet, and Meta Just Delivered Half a Trillion Dollars Worth of Great News for Nvidia Investors",2025-09-13,AMZN
"This Vanguard ETF Makes It Easy to Invest in the ""Magnificent Seven""",2025-09-13,AMZN
Best Stock to Buy Right Now: Costco vs. Amazon,2025-09-13,AMZN
2 Growth Stocks to Buy and Hold for the Next Decade,2025-09-13,AMZN
Should the New Amex Partnership Prompt a Rethink of UPS’s (UPS) Small Business Growth Strategy?,2025-09-13,AMZN
Is Rivian Stock Fairly Priced After Amazon Tests GM BrightDrop Electric Vans?,2025-09-13,AMZN
Is Amazon Stock Attractive Following Recent AI Partnership Announcement?,2025-09-13,AMZN
"Nvidia to scale back DGX Cloud Business, The Information reports",2025-09-13,AMZN
Jim Cramer Notes Apple Averages 13% Gain a Year,2025-09-13,AMZN
Business Is Booming for Many Tech Giants. They're Laying Workers Off Anyway.,2025-09-13,AMZN
Mag 7 plus Oracle equals GAMMATON! Strategist talks tech acronym.,2025-09-13,AMZN
Paramount-Skydance's reported bid for Warner Bros. Discovery could spark media bidding war,2025-09-13,AMZN
Amazon.com (AMZN) Partners With Rockbot And Xylem To Advance Digital Signage And Water Solutions,2025-09-13,AMZN
Amazon Stock: Headed to $300? - Yahoo Finance,2025-09-14,AMZN
Jim Cramer Discusses Microsoft Corporation (MSFT)’s Cloud Business In Detail,2025-09-14,AMZN
"Jim Cramer Says Someone Might Go to Jail For Buying Warner Bros. Discovery, Inc. (WBD) Call Options",2025-09-14,AMZN
Jim Cramer Discussed Paramount Skydance Corp. (PSKY)’s Warner Brother Deal In Detail,2025-09-14,AMZN
DealHurryUp Launches Algorithm Upgrade to Ensure Genuine Amazon Discounts for Shoppers,2025-09-14,AMZN
"Consumer Tech News (September 8 – September 12): Rally Rolls On As iPhone 17 Underwhelms, Microsoft Bets On AI Chips, Oracle Reports Q1",2025-09-14,AMZN
"Broadcom and Oracle's Blowout Earnings Just Proved Why It's Time to Forget the ""Magnificent Seven""",2025-09-14,AMZN
3 Monster Stocks to Hold for the Next 5 Years,2025-09-14,AMZN
Should You Buy Costco Stock Right Now?,2025-09-14,AMZN
How Much Money Would Every American Get If Jeff Bezos Distributed All of His Amazon Shares Equally?,2025-09-14,AMZN
"How I Would Invest $100,000 In Today's Overpriced Market",2025-09-14,AMZN
Jason Calacanis Says Amazon Will Replace All Factory Workers And Drivers By 2030. The Idea Of A Human Touching Your Package Will Be 'Insane',2025-09-15,AMZN
"Robotaxi Showdown: GOOGL, TSLA and AMZN Accelerate Driverless Race",2025-09-15,AMZN
"Jim Cramer Says Amazon.com, Inc. (AMZN) Was Added To Morgan Stanley’s Vintage List",2025-09-15,AMZN
"Stock Market Today: S&P 500, Nasdaq set records as market anticipates Fed rate decision",2025-09-15,AMZN
1 Growth Stock to Buy Before the End of 2025,2025-09-15,AMZN
Stock Market Today: Dow Wavers With Fed Ahead; Tesla Surges On Musk Stock Buys (Live Coverage),2025-09-15,AMZN
Earnings Growth & Price Strength Make Walmart (WMT) a Stock to Watch,2025-09-15,AMZN
"Oracle's AI Gains 'Are Clear.' Here's How Its Cloud Stacks Up Against Amazon, Microsoft, Google.",2025-09-15,AMZN
3 Top Buffett Stocks to Buy and Hold for the Long Haul,2025-09-15,AMZN
Remedio Raises $65 Million in Its First-Ever Funding Round to Set a New Standard in Device Posture Management,2025-09-15,AMZN
NIQ Continues Investment in Retail Media Sector with New Leadership Appointment in North America,2025-09-15,AMZN
PNK Group Acquires 37 Acres of Land in Connecticut,2025-09-15,AMZN
Similarweb’s 3rd Annual Global Ecommerce Report: Growth Shifts to Apps and AI,2025-09-15,AMZN
Prediction: This Artificial Intelligence (AI) Company Will Reshape Cloud Infrastructure by 2030,2025-09-15,AMZN
Billionaire Bill Ackman's Billion-Dollar Bet on Amazon Isn't His Largest Position -- This One Is,2025-09-15,AMZN
Trade Desk (TTD) Is Down 13.2% After Netflix Opens Ad Inventory to Amazon—Has the Competitive Edge Shifted?,2025-09-15,AMZN
How Amazon’s Evolving Story Is Shaping Analyst Views and Valuation,2025-09-15,AMZN
Can a Fed Rate Cut Boost the Magnificent Seven to New Heights?,2025-09-15,AMZN
'Look outside of the Mag 7': Fed rate cut investor playbook,2025-09-15,AMZN
Zacks Investment Ideas feature highlights: Vertiv and Nvidia,2025-09-15,AMZN
UK and US unveil nuclear deal to build new generation of plants,2025-09-15,AMZN
Tracking Ron Baron's BAMCO Portfolio - Q2 2025 Update,2025-09-15,AMZN
David Tennant becomes ambassador for Gordon Brown’s Multibank charity,2025-09-15,AMZN
This Is What It Costs to Protect Tesla CEO Elon Musk,2025-09-15,AMZN
"Mexican Watchdog: Amazon, Mercado Libre Limit Competition Among Sellers",2025-09-15,AMZN
Amazon Stock: Headed to $300?,2025-09-15,AMZN
Direxion's QQQU/QQQD ETFs Facilitate Speculation For Magnificent Seven Stocks,2025-09-15,AMZN
Stock Market Today: Indexes Up As Chips Fall On China; Buffett Stock Tests Entry (Live Coverage),2025-09-16,AMZN
"Cathie Wood, Dan Ives Align On These 11 AI Stock Picks — Some Might Surprise You",2025-09-16,AMZN
Netflix Joins Google On Two Elite Lists. Now The Trial Begins.,2025-09-16,AMZN
Stock Market Today: Dow Up As Buffett Stock Tests Entry; Tesla Jumps On Musk Move (Live Coverage),2025-09-16,AMZN
Stocks Rally as Bond Yields Fall Before FOMC Meeting,2025-09-16,AMZN
OpenAI Chair Calls AI A Bubble With Real Staying Power,2025-09-16,AMZN
"With no DOJ breakup, Alphabet becomes a $3 trillion company",2025-09-16,AMZN
Amazon Expects Kuiper to Serve Five Countries by Early 2026,2025-09-16,AMZN
Amazon (AMZN) Beats Stock Market Upswing: What Investors Need to Know,2025-09-16,AMZN
Prediction: This Is What Amazon's Stock Will Be Worth by 2030 - Yahoo Finance,2025-09-18,AMZN
"Amazon invested €1.8 billion in Luxembourg in 2024, supporting thousands of jobs - About Amazon Europe",2025-09-19,AMZN
Evaluating Amazon Stock After Its Recent 4% Pullback and Shifting Tech Sentiment - Yahoo Finance,2025-09-29,AMZN
"Amazon invests $1.9B in the Delivery Service Partner program, launching safety initiatives and AI-powered tools - About Amazon",2025-09-29,AMZN
Analyst Says Amazon (AMZN) Stock Has Been Stagnant But It’s ‘About to Change’ - Yahoo Finance,2025-09-30,AMZN
Amazon announces plans to invest over €1 billion to enhance Belgian customer experience - About Amazon Europe,2025-10-08,AMZN
Marvell Technology Stock Has Slumped This Year. Analysts Think It Has a Growth Story to Tell.,2025-10-10,AMZN
"'We've Transformed The Whole Buying Stack Into A Recommendation Engine,' How AdTech Company Vibe Earned A $410M Valuation",2025-10-10,AMZN
"Tech Stocks Are In A '1996 Moment,' Not A 1999-Style Bubble, Dan Ives Says",2025-10-10,AMZN
Teen Spending Is Slowing Down. Young Shoppers Are Still Buying From These Brands.,2025-10-11,AMZN
Sprouts Farmers Market: Moving Fast In The National Grocery Business,2025-10-11,AMZN
"Amazon's Prime Time, Already Here?",2025-10-11,AMZN
"How To Build A $500,000 Low-Stress Retirement Portfolio",2025-10-11,AMZN
"If AI Is A Bubble, The Signs Were Staring Us In The Face",2025-10-11,AMZN
"Nancy Pelosi, Cathie Wood Align On These 4 Stocks – Do You Own Any?",2025-10-11,AMZN
Will Analyst Optimism on AI-Driven Growth Change Amazon.com's (AMZN) Investment Narrative?,2025-10-11,AMZN
Assessing Arm’s Valuation After Qualcomm Adopts Latest AI Chip Technology,2025-10-11,AMZN
"The RealReal, Upwork, Skillz, Amazon, and Meta Shares Are Falling, What You Need To Know",2025-10-11,AMZN
Equities Slide After Trump's China Tariffs Threat; Nasdaq Posts Worst Day Since April,2025-10-11,AMZN
Amazon Stock Falls After Trump Threatens Higher Tariffs,2025-10-11,AMZN
Retail Stocks Look Scary. What They Signal About Consumers.,2025-10-11,AMZN
"Amazon (AMZN)’s Upcoming “Big Event” Could Matter, Says Jim Cramer",2025-10-11,AMZN
"Equities, Oil Slump Intraday After Trump's China Tariffs Threat",2025-10-11,AMZN
"Buy tech sell-off,  Wedbush’s Ives says: ’this is a 1996 moment, not 1999’",2025-10-11,AMZN
"AI Isn’t the Dot-Com Bubble, but That Won’t Stop It From Ending Badly",2025-10-11,AMZN
Nvidia Touts Software Advantage in Beating Rivals Like AMD,2025-10-11,AMZN
The Single Smartest Financial Decision Jeff Bezos’ Made — That You Can Steal,2025-10-11,AMZN
Q3 earnings will be 'validation moment' for AI spend: Dan Ives,2025-10-11,AMZN
Why is the stock market dropping? A look at Wall Street amid Trump tariff talks on China,2025-10-11,AMZN
"If I Could Only Buy and Hold a Single Stock, This Would Be It",2025-10-12,AMZN
"Meet the Potential Stock-Split Stock That Soared by 470% Over the Past 15 Years. Now, It's Poised to Join Nvidia, Apple, Microsoft, Amazon, Alphabet, Meta, and Tesla in the $1 Trillion Club by 2026.",2025-10-12,AMZN
"If You'd Invested $1,000 in Shopify (SHOP) 3 Years Ago, Here's How Much You'd Have Today",2025-10-12,AMZN
What Amazon Could Look Like in 5 Years' Time,2025-10-12,AMZN
"Consumer Tech News (Oct 6-10): China Hits Nvidia, Tesla Tests Cybercab, Sunak Joins Microsoft & More",2025-10-12,AMZN
QGRW: Leading Growth ETF With A Caveat,2025-10-12,AMZN
3 Tech Stocks You Can Buy and Hold for the Next Decade,2025-10-12,AMZN
Tariff Tantrum 2: Air Gap Or Market Correction Coming?,2025-10-12,AMZN
"1 Unstoppable Stock That Could Join Nvidia, Apple, Microsoft, Amazon, Alphabet, Meta, and Tesla in the $1 Trillion Club",2025-10-12,AMZN
Here's How You Can Earn $100 In Passive Income By Investing In Becton Dickinson Stock,2025-10-12,AMZN
"TSMC: Expecting Strong Q3 FY2025 Earnings, And Tariff Threat Looks Overblown",2025-10-12,AMZN
Amazon Prime shoppers just sent a warning to retailers,2025-10-12,AMZN
'My company is helping thousands of over-50s feel inspired and not retired',2025-10-12,AMZN
Running On A Financial Treadmill: Why A $400 Per Month Raise Changed Nothing For This Worker,2025-10-12,AMZN
"Masterclass Founder Reveals His AI Tool Stack, Says 'You Are Holding Yourself Back' If You Don't Use AI",2025-10-12,AMZN
Meet The Startup Building The Amazon Of Space: Inversion Launches Arc To Deliver Cargo Anywhere On Earth In 60 Minutes Or Less,2025-10-12,AMZN
"BMO Maintains Outperform on Amazon (AMZN), Calls It a Top Pick",2025-10-12,AMZN
Could Buying Amazon Stock Today Set You Up For Life?,2025-10-12,AMZN
"Venture Funding Roars Back in Q3, Thanks to AI's Billion-Dollar Boom",2025-10-12,AMZN
"How Horace Mann Educators, VICI Properties, And Flowers Food Can Put Cash In Your Pocket",2025-10-12,AMZN
"Nvidia leads Mag 7 rebound, Amazon to hire 250k seasonal workers",2025-10-13,AMZN
Taiwan Semi (TSM) is Going to $400,2025-10-13,AMZN
Why Estée Lauder (EL) Stock Is Up Today,2025-10-13,AMZN
Breakout Watch: This AI-Fueled Palantir Peer And Nvidia Partner Is No Flake,2025-10-13,AMZN
"Meet the Supercharged Growth Stock That's One of This Year's Big Winners. The Company Could Hit $50 Trillion by 2034, According to 1 World-Renowned Analyst",2025-10-13,AMZN
'Very troubling': AI's self-investment spree sets off bubble alarms on Wall Street,2025-10-13,AMZN
Risk Is Back On After Trump’s Latest China Post. Consumer Staples Are Struggling.,2025-10-13,AMZN
'100% of Addicts Eventually Have Financial Troubles' — Ramsey Tells 25-Year-Old Who Lost $55K Gambling To Do These Three Things,2025-10-13,AMZN
FTX Founder Sam Bankman-Fried Says This Was His 'Single Biggest Mistake',2025-10-13,AMZN
2 Dow Jones Stocks Worth Your Attention and 1 We Question,2025-10-13,AMZN
OpenAI taps Broadcom to build its first AI processor in latest chip deal,2025-10-13,AMZN
Can Amazon’s EUR 1B Belgium Expansion Justify Its Current Share Price in 2025?,2025-10-13,AMZN
CEO Pay vs. Worker Wages: 7 Companies With Biggest Gaps,2025-10-13,AMZN
"CNBC Halftime Report Final Trades: AbbVie, Amazon, Datadog, Sixth Street Specialty Lending",2025-10-13,AMZN
"Stock Market Today: Dow Jumps On Trump Tariff Comments; Nvidia, Tesla Rebound (Live Coverage)",2025-10-13,AMZN
'Bitcoin Is the Best Risk-Reward Investment Right Now.' Nearly 20% of Millennials Are Adding Crypto to Retirement Portfolios,2025-10-13,AMZN
"Why This Instacart Analyst Remains Bullish Even As Amazon, Uber, DoorDash Intensify Competition",2025-10-13,AMZN
Fee-Fi-Fo-Fum: Is A Giant Crash Brewing For AI Stocks?,2025-10-13,AMZN
"Looking For Yields: Essential Utilities, Verizon, And WesBanco Are Consistent Moneymakers",2025-10-13,AMZN
"Stocks to Watch Monday: Fastenal, Tesla, JPMorgan, Warner Bros.",2025-10-13,AMZN
"Short Squeeze in Silver and Rare Earths, Taco Traders Euphoric, Trump Seeks Diplomatic Path",2025-10-13,AMZN
"Amazon Keeps Holiday Hiring Plans Steady At 250,000 As Stock Regains Ground",2025-10-13,AMZN
Prediction: Buying Upstart Stock Today Could Set You Up for Life,2025-10-13,AMZN
"TQQQ: If You Missed The Run, The Recent News Is Creating Another Opportunity",2025-10-13,AMZN
Billionaire Bill Ackman Has $1.3 Billion Invested in This AI Stock -- and Wall Street Says Buy It Hand Over Fist,2025-10-13,AMZN
"Stock Market Today: Dow Jones, S&P 500 Rally After Trump Hints At De-Escalation With China— Tesla, Meta And Other Mag 7 Stocks In Focus (UPDATED)",2025-10-13,AMZN
Tech Earnings Are Key to Stock Market Navigating Trump’s ‘October Surprise’,2025-10-13,AMZN
"Stock Market News for Oct 13, 2025",2025-10-13,AMZN
Prediction: Here's What's Next for High-Flying Oklo Stock in 2026,2025-10-13,AMZN
Meet the Supercharged Growth Stock That One Wall Street Analyst Thinks Is Poised to Hit $20 Trillion by 2030,2025-10-13,AMZN
"Veteran Stockpicker Sees Risks for AI, Big Tech. Why It Could Be Worse Than Dot-Com Bust.",2025-10-13,AMZN
"I’m Not Giving Up On Amazon, (AMZN) Says Jim Cramer",2025-10-13,AMZN
Sector Update: Consumer Stocks Mixed Pre-Bell Monday,2025-10-13,AMZN
Google Cloud Momentum Builds Ahead Of Q3 Earnings. Is Google Stock A Buy?,2025-10-13,AMZN
JPMorgan Lowers MercadoLibre Inc. (MELI) Price Target amid Competition Pressure,2025-10-13,AMZN
"Factbox-From OpenAI to Meta, firms channel billions into AI infrastructure as demand booms",2025-10-13,AMZN
"Veteran Stockpicker Sees Risks for AI, Big Tech. Why It Could Be Worse Than the Dot-Com Bust.",2025-10-13,AMZN
Will Strong Pricing & Ad Growth Lift NFLX's Margins and Drive Upside?,2025-10-13,AMZN
AI-Powered Data Centers Are Fueling A Historic Demand Spike: 15 Stocks To Watch,2025-10-13,AMZN
Some people are spending $200 on Halloween candy — and others are skipping the holiday — as ‘greedy’ trick-or-treaters spoil the fun,2025-10-13,AMZN
"OpenAI and Broadcom sign deal to build up to 10 gigawatts of custom chips, Broadcom stock surges",2025-10-13,AMZN
Central banks stoked the dotcom bubble. They’re doing it again for AI,2025-10-13,AMZN
Fee-Fi-Fo-Fum: Is A Crash Brewing For AI Stocks?,2025-10-13,AMZN
3 Reasons Investors Are Excited About Coupang Stock,2025-10-13,AMZN
Target: The Forgotten Retailer That Is Worth A Second Look,2025-10-13,AMZN
Amazon.com's Q3 2025 Earnings: What to Expect - Yahoo Finance,2025-10-14,AMZN
US Leads Global Crypto Charge With $5B ETF Bet—Here's Why American Investors Are Suddenly All-In On Bitcoin,2025-10-14,AMZN
Where Will Amazon Stock Be in 1 Year?,2025-10-14,AMZN
Can Quick Suite AI Boost Amazon Stock Beyond 20.9% Return in 6 Months?,2025-10-14,AMZN
"Apple Jumps 18% in Three Months: Buy, Sell or Hold the Stock?",2025-10-14,AMZN
"Amazon to hire 250,000 workers during holiday season for third straight year",2025-10-14,AMZN
Jeff Bezos Predicts: Blue Origin Will One Day Be Bigger Than Amazon,2025-10-14,AMZN
"Amazon to Hire 250,000 U.S. Workers Ahead of Busy Holiday Season",2025-10-14,AMZN
"Amazon and TikTok are helping Estee Lauder reinvent itself, Goldman Sachs says",2025-10-14,AMZN
You’ll soon be able to shop Walmart’s catalog on ChatGPT,2025-10-14,AMZN
Morgan Stanley lays out shock case for the S&P 500,2025-10-14,AMZN
Walmart partners with OpenAI for ChatGPT shopping feature,2025-10-14,AMZN
2nd Amendment Meets Amazon: GrabAGun’s Firearm Market Revolution – Initiation Report,2025-10-14,AMZN
"Pattern Group Delivers 'Best-In-Class' E-Commerce Acceleration Platform, KeyBanc Says",2025-10-14,AMZN
"United States Digital Payment Forecast Report 2025-2033, Competitive Analysis of ACI, Aliant Payment, Amazon, American Express, Apple, Fiserv, Mastercard, Novetti, Paypal, Visa",2025-10-14,AMZN
Analyst Explains How Walmart (WMT) is Benefiting From Tariffs,2025-10-14,AMZN
5 Chapter 11 filings in transportation in October’s first 2 weeks,2025-10-14,AMZN
Walmart stock pops on OpenAI partnership to create a ChatGPT shopping experience,2025-10-14,AMZN
"Tariffs, Social Shopping, and an EV Reset",2025-10-14,AMZN
Basic Materials Roundup: Market Talk,2025-10-14,AMZN
"Liberty All-Star® Growth Fund, Inc. September 2025 Monthly Update",2025-10-14,AMZN
Liberty All-Star® Equity Fund September 2025 Monthly Update,2025-10-14,AMZN
3 Reasons to Hold BLZE Stock Now Despite a 56.8% Year-to-Date Rally,2025-10-14,AMZN
Netflix vs. Amazon: Which Streaming Giant Has Better Upside Potential?,2025-10-14,AMZN
"KERV.ai’s Interactive, Shoppable Solutions Are Now Available Across Amazon’s Portfolio of O&O and 3P Premium Inventory",2025-10-14,AMZN
How a cookware company is using Amazon’s supply chain services,2025-10-14,AMZN
"Stocks to Watch Recap: Broadcom, Fastenal, JPMorgan, Warner Bros.",2025-10-14,AMZN
Grindr’s owners may take it private after a financial squeeze,2025-10-14,AMZN
Lezzat Launches Amazon Europe Expansion Services as US Amazon Sellers Seek Global Growth,2025-10-14,AMZN
Nvidia DGX Spark hits market as 'world’s smallest AI supercomputer',2025-10-14,AMZN
The world's 10 richest people lost nearly $70 billion in Friday's market rout,2025-10-14,AMZN
This Billionaire Crypto Bull Just Called Bitcoin A 'Better Version Of Gold' — And Says It Could 10x From Here,2025-10-14,AMZN
Why Bitwise Investment Chief Says 'Solana The New Wall Street',2025-10-14,AMZN
"1 Unstoppable Stock Poised to Join Nvidia, Apple, Microsoft, Amazon, and Alphabet in the $2 Trillion Club by 2027",2025-10-14,AMZN
"Amazon, AbbVie, Datadog And A Financial Stock: CNBC's 'Final Trades'",2025-10-14,AMZN
VLU: Well-Rounded Large Value ETFs,2025-10-14,AMZN
"Dow falls 588 points on losses for shares of Goldman Sachs, JPMorgan Chase",2025-10-14,AMZN
Amazon Is Well Positioned To Capture A Larger Share Of The Cloud Computing Market,2025-10-14,AMZN
From Clouds To Chips: Is The Tech Sector Entering A New Phase For Investors?,2025-10-14,AMZN
Taco Traders Meet Cahn; Bank Earnings; New AMD Win; Rush To Buy Quantum And Nuclear Stocks,2025-10-14,AMZN
"Iridium, Qualcomm Integrate Satellite Services Into Snapdragon Radios To Boost Global Connectivity For US Government, Allies",2025-10-14,AMZN
'Industry Leader' DoorDash Stock Gains Following Positive Analyst Views,2025-10-15,AMZN
"Silicon Valley is plowing money into AI, and the latest deals are eye-watering",2025-10-15,AMZN
Amazon will soon offer vending machines for prescription drugs. What could go wrong?,2025-10-15,AMZN
Raymond James on why Amazon is still a ’show me’ story,2025-10-15,AMZN
"From Jeff Bezos to Reid Hoffman, tech bosses admit they’re mindboggled by balance—some set strict boundaries, others are working ‘every waking minute’",2025-10-15,AMZN
Big Tech Favorites Are Leading the Market,2025-10-15,AMZN
Are online pharmacies cheaper than your local drugstore? How to decide what’s best for your healthcare — and your wallet.,2025-10-15,AMZN
MacKenzie Scott has cut her stake in Amazon by 42%—worth nearly $13 billion—as the billionaire casually donates over $110 million to DEI causes,2025-10-15,AMZN
Is Amazon (AMZN) One of The Best Wide Moat Stocks to Buy Right Now?,2025-10-15,AMZN
Sector Update: Consumer Stocks Higher in Afternoon Trading,2025-10-15,AMZN
"BlackRock, Nvidia-backed group strikes $40 billion AI data center deal",2025-10-15,AMZN
"Here’s the good, bad and ugly earnings surprises that could hit investors’ favorite tech stocks",2025-10-15,AMZN
"PJM’s market monitor urges FERC to review Amazon data center’s effect on costs, reliability",2025-10-15,AMZN
"S&P Futures Climb on Fed Rate-Cut Optimism, More Big Bank Earnings on Tap",2025-10-15,AMZN
Amazon’s stock comeback hinges on AWS hitting this magic number. Why analysts are cautious.,2025-10-15,AMZN
"YieldMax® ETFs Announces Weekly Distributions on AMDY, HOOY, RDYY, CRCO, SMCY, and Others",2025-10-15,AMZN
"Amazon.com (AMZN) Restarts Drone Deliveries After Brief Halt, Authorities Investigating Recent Incident",2025-10-15,AMZN
Synchrony Financial’s (NYSE:SYF) Q3: Beats On Revenue,2025-10-15,AMZN
Powell-Triggered Stock Buying Outweighs Trump Post On Soybeans And Cooking Oil; Walmart Moves to Agentic Commerce,2025-10-15,AMZN
"Why Terreno Realty, Trinity Industries, And Stanley Black & Decker Are Winners For Passive Income",2025-10-15,AMZN
Think It's Too Late to Buy This Leading Tech Stock? Here's 1 Reason Why There's Still Time.,2025-10-15,AMZN
Former CEO of Rekor Systems and Senior Leader at American Express and Amazon Joins CEO Coaching International as Partner and Coach,2025-10-15,AMZN
Amazon Says Bedrock Now Mostly Runs On Trainium,2025-10-15,AMZN
"Dow's 133-point fall led by losses for Travelers, Honeywell stocks",2025-10-15,AMZN
Wall Street Lunch: Amazon Hints At Job Cuts In AI-Driven Restructure,2025-10-15,AMZN
Wall Street Bulls Look Optimistic About Amazon (AMZN): Should You Buy?,2025-10-15,AMZN
"Nvidia upgraded, Ibotta downgraded: Wall Street's top analyst calls",2025-10-15,AMZN
Afraid Of The AI Bubble? Just Buy Amazon Stock,2025-10-15,AMZN
Buy with Prime and Amazon MCF Help Power JLab Electronics to Double-Digit Growth in Average Order Value and Shopper Conversion,2025-10-15,AMZN
"Amazon to hire 250,000 employees for 2025 holiday season in US",2025-10-15,AMZN
SPMO: Is This The Best Growth ETF To Own?,2025-10-15,AMZN
"Cathie Wood Warns Wall Street Is Missing AI's Biggest Opportunity In Healthcare, Calling It 'Sleeper' Investment Poised For Massive Returns",2025-10-15,AMZN
Tech Is Valued as if AI Is the Next Smartphone. It Isn’t.,2025-10-15,AMZN
Is AI A Bubble? Yes... And No,2025-10-15,AMZN
"Walmart, IBD Stock Of The Day, Runs Past Buy Point On OpenAI Shopping Partnership",2025-10-15,AMZN
3 Reasons Growth Investors Will Love Amazon (AMZN),2025-10-15,AMZN
Jeff Bezos Touts Data Centers In Space As Samsung And OpenAI Plan Floating Data Centers In The Ocean,2025-10-16,AMZN
Seattle Tech Workers Are Fueling a Real-Estate Rush in the Cascade Mountains,2025-10-16,AMZN
Trump hosts glitzy dinner for wealthy donors to new White House ballroom,2025-10-16,AMZN
"The Zacks Analyst Blog Highlights Shopify, Amazon, Wix.com and Commerce.com",2025-10-16,AMZN
Trump Hosts Corporate Ballroom Donors at Glitzy White House Dinner,2025-10-16,AMZN
e.l.f. And Amazon Ads Transform Live Streaming With First-Ever Shoppable Twitch Integration,2025-10-16,AMZN
AI Spending Is Powering The Economy - Dividend Stocks To Buy Before The Next Wave,2025-10-16,AMZN
"The Zacks Analyst Blog Highlights Amazon, Microsoft, IonQ, Google, IBM",2025-10-16,AMZN
How Much Would It Take To Earn $100 A Month From Antero Midstream Stock,2025-10-16,AMZN
"Lockheed Martin, Microsoft, Meta, Google, Amazon And Palantir Join Trump's Lavish White House Dinner To Fund His $250 Million Ballroom",2025-10-16,AMZN
From Magnificent To Stretched: Rethink U.S. Equity Allocations,2025-10-16,AMZN
3 Risks Investors Should Know Before Buying Coupang Stock,2025-10-16,AMZN
Should You Buy Amazon Stock Before Oct. 31?,2025-10-16,AMZN
"“We’re 10 Years Behind”, SEC Chair Vows to Fast-Track U.S. Crypto Progress",2025-10-16,AMZN
Ken Griffin To Wall Street: Forget ChatGPT — Hedge Fund Alpha Doesn't Need AI,2025-10-16,AMZN
Have $500? 2 Absurdly Cheap Stocks Long-Term Investors Should Buy Right Now,2025-10-16,AMZN
"Salesforce, NVIDIA Corp. share gains lead Dow's 150-point climb",2025-10-16,AMZN
OpenAI's $400 Billion Plan To Build 5 'Stargate Data Centers' In The U.S. Takes Direct Aim At Microsoft And Meta In Battle For AI Supremacy,2025-10-16,AMZN
"Microsoft, AWS and Google are trying to drastically reduce China’s role in their supply chains",2025-10-16,AMZN
AI Magazine Highlights How Virtual Assistants Are Driving Business Efficiency and Workforce Change,2025-10-16,AMZN
Eric Naaman of Damotech Wins EY 2025 Entrepreneur Of The Year® Eastern Overall Award,2025-10-16,AMZN
"Stock Buying On New AI Data, Potential China Truce Extension, LAC And ABAT Show Insanity",2025-10-16,AMZN
Will BMO’s New CDRs Shift Its Competitive Edge With Retail Investors? (TSX:BMO),2025-10-16,AMZN
Amazon One Medical Introduces Pay-per-visit Virtual Healthcare for Kids Ages 2-11,2025-10-16,AMZN
Surex Digitizes Operations with Applied Digital Brokerage Technology,2025-10-16,AMZN
Is Trade Desk's Strong Cash Position Its Hidden Competitive Moat?,2025-10-16,AMZN
Unikraft Raises $6M From Heavybit And Vercel Ventures To Revolutionize AI Cloud Speed With Millisecond-Native Platform,2025-10-16,AMZN
E-Commerce Today - FMCG Digital Growth Trends in Beauty and Personal Care,2025-10-16,AMZN
"House of Doge, with Merger Partner Brag House Holdings, Inc. (NASDAQ: TBH) Appoints Matt Swann as Chief Digital Officer",2025-10-16,AMZN
Healthcare Pioneer Transforms Digital Health Experience Through Artificial Intelligence,2025-10-16,AMZN
"BMO's New CDRs Add Exposure to U.S. Stocks, Including Nvidia, Tesla and Amazon.com",2025-10-16,AMZN
Plug Power CEO Andy Marsh to Join Senator Bill Cassidy at Louisiana Energy Security Summit,2025-10-16,AMZN
McDermott Delivers First Subsea Project for TotalEnergies in Angola,2025-10-16,AMZN
Mitch Gould and InHealth Media Launch National Campaigns That Turn Retail Placement Into Retail Velocity,2025-10-16,AMZN
Are Amazon's Subscription Services Becoming a Long-Term Growth Engine?,2025-10-16,AMZN
E.l.f. Cosmetics first to test Twitch’s new livestream shopping ads,2025-10-16,AMZN
"Nvidia, Tesla Fuel Demand — And Buy Point — For This Turnaround AI Stock",2025-10-16,AMZN
"Social Buzz: Wallstreetbets Stocks Mixed Pre-Bell Thursday; Oklo to Advance, American Battery Technology to Decline",2025-10-16,AMZN
From back office to frontline: Unlocking AI’s revenue potential in banking,2025-10-16,AMZN
Mark Cuban-Backed Fintech Startup Yendo Raises $50 Million To Create AI Bank Serving Millions Locked Out Of Traditional Lending,2025-10-16,AMZN
Nancy Pelosi And Warren Buffett Are Betting On The Same 4 Stocks—Here's What They Know,2025-10-16,AMZN
Wall Street Is Heating Up on This ‘Strong Buy’ Chip Stock,2025-10-16,AMZN
"‘The Smartest Investments We Can Possibly Imagine’: Nvidia CEO Jensen Huang Says OpenAI Will Be Worth Trillions, Rivaling Amazon and Meta",2025-10-16,AMZN
Amazon Plans New Round of Corporate Layoffs Amid $100 Billion AI Expansion,2025-10-16,AMZN
TLN Stock Trades Above 50 & 200-Day SMAs: How to Play It Now?,2025-10-16,AMZN
"Exclusive-Anthropic aims to nearly triple annualized revenue in 2026, sources say",2025-10-16,AMZN
Shopify's 15.14X P/S Suggests Premium Valuation: Buy the Stock?,2025-10-16,AMZN
"Alphabet Rises 34% in 3 Months: Buy, Sell or Hold GOOGL Stock?",2025-10-16,AMZN
Meta commits $1.5 billion for AI data center in Texas,2025-10-16,AMZN
"Rubrik Rallies 20% YTD: Should You Buy, Sell, or Hold the Stock?",2025-10-16,AMZN
"Amazon Founder's Ex-Wife Cashes Out Billions, Sells 42% of Her Stake in Amazon",2025-10-16,AMZN
"Trump Era Funding Boosts Quantum: AMZN, MSFT, IONQ Poised for Gains",2025-10-16,AMZN
Volatility Shares files for the first ever potential 5X leveraged ETF in the US,2025-10-16,AMZN
How retail investors are reshaping options trading,2025-10-16,AMZN
Stocks Give Up Gains Again. Here's Why.,2025-10-16,AMZN
"Just 1 of the 2 ""Magnificent Seven"" Stocks Trading Lower This Year Should Bounce Back",2025-10-16,AMZN
High Stakes For VOO And SPY: The S&P 500's Lofty Valuations Put ETF Strategies To Test,2025-10-16,AMZN
7 Driverless Vehicle Stocks That Could Set You Up for Life,2025-10-17,AMZN
"Marjorie Taylor Greene, Cathie Wood Snap Up The Same 13 Stocks — Here's the Unlikely Portfolio Crossover",2025-10-17,AMZN
Will Amazon (AMZN) Beat Estimates Again in Its Next Earnings Report? - Yahoo Finance,2025-10-17,AMZN
Meta Platforms Rises 23% Year to Date: Should You Buy the Stock?,2025-10-17,AMZN
Amazon's Stalemate: Earning Income While Waiting For The Next Catalyst,2025-10-17,AMZN
AWS and InfluxData Expand Strategic Offering with InfluxDB 3 on Amazon Timestream for InfluxDB,2025-10-17,AMZN
CoreWeave Appoints Jon Jones as First Chief Revenue Officer to Lead Next Phase of Rapid Growth,2025-10-17,AMZN
Amazon.com (AMZN) Plans to Invest 1 Billion Euros in Belgium,2025-10-17,AMZN
A Look at Amazon (AMZN) Valuation as AI Investment and Corporate Layoffs Drive Next Growth Phase,2025-10-17,AMZN
"Chamber of Commerce Sues Over Trump’s $100,000 H-1B Visa Fee",2025-10-17,AMZN
Goldman Sachs Says This 1 Stock Is at a ‘Fundamental Inflection Point’ and You Should Buy It Now,2025-10-17,AMZN
UiPath Stock Surges 41% in a Month: Still a Buy or Bye-Bye?,2025-10-17,AMZN
"IBM Software, Consulting Units Poised For Growth, Synovus Trust Says",2025-10-17,AMZN
iRobot (IRBT) Is Up 19.3% After AI Roomba Launches and Global Marketing Blitz Has the Narrative Shifted?,2025-10-17,AMZN
"Market Chatter: Microsoft to Move Surface, Data Center Server Production Out of China",2025-10-17,AMZN
Gear Up for Amazon (AMZN) Q3 Earnings: Wall Street Estimates for Key Metrics - Yahoo Finance,2025-10-27,AMZN
Amazon to invest more than €1.4 billion in the Netherlands - About Amazon Europe,2025-10-27,AMZN
4 ways Amazon is investing in New York - About Amazon,2025-10-27,AMZN
How Amazon’s cloud and AI investments in APEC contribute to US GDP growth - About Amazon,2025-10-28,AMZN
"Amazon.com, Inc. - Amazon.com Announces Third Quarter Results - Amazon Investor Relations",2025-10-30,AMZN
Amazon earnings: Why this strategist is 'a little nervous' - Yahoo Finance,2025-10-30,AMZN
Amazon raises spending forecast to $125 billion as third-quarter results top estimates - CNBC,2025-10-30,AMZN
Amazon.com announces third quarter results - About Amazon,2025-10-30,AMZN
Amazon shares spike 10% on earnings and revenue beat - CNBC,2025-10-30,AMZN
"Amazon cloud records 20% sales growth, topping estimates - CNBC",2025-10-30,AMZN
Amazon’s Anthropic investment boosts its quarterly profits by $9.5B - GeekWire,2025-10-30,AMZN
Amazon’s Cloud Unit Posts Fastest Growth Since 2022 on AI Push - Bloomberg,2025-10-30,AMZN
Amazon.com Inc (AMZN) Q3 2025 Earnings Call Highlights: Robust Revenue Growth and Strategic ... - Yahoo Finance,2025-10-30,AMZN
"Amazon Earnings Due Soon. Can AWS Match Microsoft, Google Cloud Beats? - Investor's Business Daily",2025-10-30,AMZN
Amazon surges on AWS growth - Axios,2025-10-30,AMZN
Amazon Is Set To Report Earnings Today. Here's What Investors Should Know - Investopedia,2025-10-30,AMZN
Why Amazon Stock Surged to an All-Time High Today - Yahoo Finance,2025-10-31,AMZN
Why Amazon (AMZN) Stock Is Trading Up Today - Yahoo Finance,2025-10-31,AMZN
Amazon Stock Hits New Record. What Was So Good in Its Earnings Report. - Barron's,2025-10-31,AMZN
"Amazon's stock soars 10% on third-quarter beat, increased spending guidance - CNBC",2025-10-31,AMZN
Amazon Stock Surges As AWS Delivers The AI Cloud Growth Investors Wanted - Investor's Business Daily,2025-10-31,AMZN
"Amazon Earnings, AWS and OpenAI, Did Amazon Solve Groceries? - Stratechery by Ben Thompson",2025-11-04,AMZN
Bezos Defeats Amazon Investor Case Targeting Musk Space Feud (1) - Bloomberg Law News,2025-11-07,AMZN
Defunding the Amazon: Mapping ISDS Risk from the Oil and Gas Sector in Amazonian Countries - Boston University,2025-11-10,AMZN
"Poster Child of AI Data Center Trade Stumbles, SoftBank Sells Nvidia",2025-11-11,AMZN
Amazon Just Ditched Its Stake in IonQ Stock. Should You Bail on the Quantum Computing Leader Too?,2025-11-11,AMZN
"Amazon is probably an AI winner, says Evercore's Mark Mahaney",2025-11-11,AMZN
Plug Power: Sell On Rapidly Declining Backlog And No Visible Path To Profitability,2025-11-11,AMZN
"Magnificent Seven Stocks: Nvidia, Tesla Sell Off",2025-11-11,AMZN
Marvell: Amazon & Microsoft Tailwinds Ahead - Custom AI Monetization Grows,2025-11-11,AMZN
How Would We Know If Market Were 'AGI' Pilled?,2025-11-11,AMZN
Nebius Q3 2025 Earnings Confirm 3 Fundamental Strengths Against CoreWeave,2025-11-11,AMZN
MercadoLibre: A Solid Buying Opportunity That You Shouldn't Miss,2025-11-11,AMZN
"PodcastOne (NASDAQ: PODC) Reports Record 1H & Q2 Fiscal 2026 Financial Results and Raises Full-Year Guidance, Cash $2.7 Million up $2.2 Million Year-over-Year",2025-11-11,AMZN
5 Stocks to Buy Despite a Subdued Holiday Shopping Forecast This Year,2025-11-11,AMZN
Redcare Pharmacy appoints Hendrik Krampe as CFO,2025-11-11,AMZN
These 20 Stocks Now Make Up Half Of The S&P 500—Here's Why That's Risky,2025-11-11,AMZN
Jeff Bezos Was Always Confident That The iPad Was No 'Kindle Killer' And He's Still Turning The Page On Apple: 'You Don't Understand My Audience',2025-11-11,AMZN
"Instacart Analysts Praise Better-Than Expected Q3 Despite Competition, Kroger Loss",2025-11-11,AMZN
$1 Trillion Holiday Season Sales Haul: ETFs to Gain Momentum,2025-11-11,AMZN
Applied Materials Q4 Preview: Why I Think This Is The Wrong Entry Point,2025-11-11,AMZN
"Ripple Has 'No Plans' For Public Offering, President Says Despite Crypto Listing Boom",2025-11-11,AMZN
TTD Stock Post Q3 Earnings: Should Investors Hold or Fold?,2025-11-11,AMZN
ETF Investors Bet On Retail Revival As Holiday Spending Set To Hit Record High,2025-11-11,AMZN
3 Key Reasons to Buy Gitlab stock Despite an 18% surge in 3 months,2025-11-11,AMZN
Plug Power Stock Trades Wildly on AI News. Its Business Model Is Changing.,2025-11-11,AMZN
What is hybrid AI? Analyst explains what more companies are doing,2025-11-11,AMZN
AMD Wants to Take AI Share Away From Nvidia; Buying on Government Open Continues; Fed Divided,2025-11-12,AMZN
Foxconn Profit Tops Estimates Amid Robust AI Server Business,2025-11-12,AMZN
"Anthropic to spend $50 billion on U.S. AI infrastructure, starting with Texas, New York data centers",2025-11-12,AMZN
"Stock Market Today: Nasdaq, Dow Jones, S&P 500 Futures Rise Ahead Of House Vote To Reopen Government— Bill Holdings, AMD, Cisco In Focus (UPDATED)",2025-11-12,AMZN
Too Good To Go launches grocery bags with Whole Foods as food costs climb,2025-11-12,AMZN
Amazon Web Services becomes the Official Cloud Provider of the DP World Tour,2025-11-12,AMZN
Amazon Earnings Show Why the Stock Is a Buy,2025-11-12,AMZN
Short Sellers Target Tech Sector As Market Sentiment Shifts,2025-11-12,AMZN
"Amazon: Amazon Q3 Beat The Street, But AWS Is The Weak Link",2025-11-12,AMZN
Prediction: This Dividend-Paying Value Stock Will Join Berkshire Hathaway in the $1 Trillion Club Before Walmart,2025-11-12,AMZN
What's Going On With Broadcom Stock Wednesday?,2025-11-12,AMZN
Google To Run Ohio Data Centers On Solar Power From TotalEnergies,2025-11-12,AMZN
"Nvidia supplier Foxconn bullish on AI demand, teases OpenAI announcement",2025-11-12,AMZN
Dillard's: Downgrading To Sell After A Strong Run,2025-11-12,AMZN
Can L'Oréal's (ENXTPA:OR) Dr.G Launch Reveal a Shift in Its Global Expansion Playbook?,2025-11-12,AMZN
Why Meta's Post-Earnings Selloff Is An Early Gift (Rating Upgrade),2025-11-12,AMZN
"InventHelp Client ""Stack Em'"" Expands Retail Presence with Scheels Launch, Amazon Growth, and Outdoor Retailer Showcase",2025-11-12,AMZN
Meet The World's First AI-Led Startup: HurumoAI's Agent Offers 6 Procrastination Modes That Let AI Doomscroll So You Recharge In 30 Minutes,2025-11-12,AMZN
MercadoLibre: I'm Finally Turning Bullish (Rating Upgrade),2025-11-12,AMZN
"It’s Not Just Affordability, Americans Are Anxious Over Jobs Too",2025-11-12,AMZN
Anthropic Poised to Beat OpenAI to Profitability,2025-11-12,AMZN
How Does Amazon Make Money?,2025-11-12,AMZN
Can The Trade Desk Dominate the Open Internet With its AI Advantage?,2025-11-12,AMZN
I'm Pressing Pause On IonQ (Downgrade) And Loading Up On QTUM Instead,2025-11-12,AMZN
The $400 Billion AI Boom That Just Supercharged This Apple Supplier's Stock,2025-11-12,AMZN
"The Zacks Analyst Blog Highlights Oracle, Amazon, Microsoft and Alphabet",2025-11-12,AMZN
Amazon Business Unveils Next Generation AI Solutions to Help Organizations and Small Businesses Save Time and Money,2025-11-12,AMZN
"CEO filed for bankruptcy and had to start over—he turned $5,000 on a credit card into a $1 billion business",2025-11-12,AMZN
Microsoft's AI Datacenter Expansion: A Game Changer for the Stock?,2025-11-12,AMZN
Will AWS' Growing Capital Spending Boost or Burden Amazon Stock?,2025-11-12,AMZN
Meta Keeps Throwing Money At AI - Ad Monetization Remains Robust (Upgrade),2025-11-12,AMZN
"Foxconn, On Running, Circle: Market Movers",2025-11-12,AMZN
10 High Quality ETFs & Stocks To Buy In The Next Market Downturn And Hold Until 2030,2025-11-12,AMZN
Patrick Ryan’s Buckeye Tops Amazon’s Best Books of 2025 List,2025-11-12,AMZN
"Stock Market Today: Dow Jones Index Rises As Nvidia, AMD Rally (Live Coverage)",2025-11-12,AMZN
"Stock market today: Dow, S&P 500, Nasdaq diverge as Big Tech wobbles ahead of House shutdown vote",2025-11-12,AMZN
Arm Stock Delivered a Smashing Quarter. It Wasn't Enough.,2025-11-12,AMZN
Foxglove Raises $40 Million Series B to Power the Future of Physical AI,2025-11-12,AMZN
Anthropic to invest $50bn in new US data centres,2025-11-12,AMZN
Nasdaq Loses Early Gains,2025-11-12,AMZN
Amazon: Don't Let The Forward P/E Fool You - The Stock Is Still Cheap,2025-11-12,AMZN
What Is One of the Best Artificial Intelligence Stocks to Own for the Next 5 Years?,2025-11-12,AMZN
AMD Stock Surges as Wall Street Weighs Its Odds Against Nvidia,2025-11-12,AMZN
15 Stocks To Consider Buying For The Supreme Court Ruling On Trump's Tariffs,2025-11-12,AMZN
Anthropic to spend $50 billion on US data center buildout,2025-11-12,AMZN
"Dow on Pace to Clear 48,000 Closing Milestone",2025-11-12,AMZN
Anthropic announces $50B investment in new US data centers to meet AI demand,2025-11-12,AMZN
Top Midday Stories: AMD Shares Rise on Analyst Day Guidance; Anthropic to Invest $50 Billion in US Computing Infrastructure,2025-11-12,AMZN
Stock Market Today: Dow Drops 300 Amid Inflation Woes; Burry De-Registers Fund (Live Coverage),2025-11-13,AMZN
Amazon Launches AI Business Assistant to Help Companies Save and Streamline Spending,2025-11-13,AMZN
Can Audio Advertising Become Trade Desk's Next Big Growth Driver?,2025-11-13,AMZN
Money Moving Into Healthcare Not AI; Four Fed Presidents Do Not Want a Rate Cut; Euphoria Wearing Off,2025-11-13,AMZN
"Exclusive: Jumia goes from turning point to inflection point in Q3, CEO Dufay says",2025-11-13,AMZN
"How people are really feeling about the economy, AI, and crypto",2025-11-13,AMZN
CoreWeave: The Efficiency Paradox Behind Every 'Buy-The-Dip' Rally,2025-11-13,AMZN
Tencent Q3: This 'China Risk' Stock Should Already Be Trading Higher,2025-11-13,AMZN
Wisr AI Systems Joins Canadian Chamber of Commerce Future of Artificial Intelligence Council,2025-11-13,AMZN
Big Tech’s Climate Strategists Feeling Strain of AI Power Needs,2025-11-13,AMZN
nvp capital Crosses $200M in AUM with Second Fund to Back Vertical AI Founders Transforming Legacy Industries,2025-11-13,AMZN
What Is One of the Best Retail Stocks to Own for the Next 10 Years?,2025-11-13,AMZN
Should You Buy the Post-Earnings Pop in Affirm Stock?,2025-11-13,AMZN
Latest News In E-Commerce - AI Transforms African Payments Yet Faces Key Challenges,2025-11-13,AMZN
Microsoft (NASDAQ: MSFT) Stock Price Prediction for 2025: Where Will It Be in 1 Year,2025-11-13,AMZN
Prime Video with Ads Surges to 315 Million Viewers Worldwide,2025-11-13,AMZN
AI Stocks Hit Turbulence: Will Electrical Grid Issues Short-Circuit AI Revolution?,2025-11-13,AMZN
UPS needs a win-win-win strategy for B2C delivery,2025-11-13,AMZN
The robots have won. The smart trade now is investing in companies that make them.,2025-11-13,AMZN
Palantir CEO Alex Karp warns some AI investments 'may not create enough value' to justify cost,2025-11-13,AMZN
Elon Musk bashes government for taxing the ‘daylight’ out of people. Here’s the #1 way to get rich and keep your cash,2025-11-13,AMZN
"Zacks Investment Ideas feature highlights: Walt Disney, Amazon and Netflix",2025-11-13,AMZN
Nvidia Stock Gets Price-Target Hikes. Why the Shares Are Falling.,2025-11-13,AMZN
The Best Artificial Intelligence (AI) Stock to Hold in Uncertain Times,2025-11-13,AMZN
Binance Denied It Helped Trump's Crypto Venture—But A $2B Deal And A Presidential Pardon Have Lawmakers Asking Questions,2025-11-13,AMZN
Fortune Announces Brainstorm AI 2025 Speaker Lineup For Dec. 8-9,2025-11-13,AMZN
The Best Warren Buffett Stock to Buy With $500 Right Now,2025-11-13,AMZN
Nvidia Teed Up For A Strong Q3 Earnings Report (Earnings Preview),2025-11-13,AMZN
Automatic Data Processing: Double-Digit Dividend Hike Proves This Is A Dividend King Worth Owning,2025-11-13,AMZN
What Is One of the Best Artificial Intelligence (AI) Stocks to Own for the Next 10 Years?,2025-11-13,AMZN
SharkNinja Opens Walmart Store to Boost Holiday Reach,2025-11-13,AMZN
Mark Zuckerberg's Patience 'Ran Out': Hyperbolic CTO Says Yann LeCun's Meta Exit Was Inevitable After $15 Billion Alexandr Wang Deal,2025-11-13,AMZN
Sector Update: Tech Stocks Edge Higher Late Afternoon,2025-11-13,AMZN
"Stock market today: Dow closes above 48,000 for first time, Nasdaq slips with government shutdown vote on deck",2025-11-13,AMZN
LiveOne Inc (LVO) Q2 2026 Earnings Call Highlights: Resilience Amidst Revenue Challenges,2025-11-13,AMZN
"'Don't Bet Against Crazy People,' Says Ross Gerber. 'Shorting Palantir Is A Bad Idea'",2025-11-13,AMZN
"If You'd Invested $100 in Amazon Stock 3 Years Ago, Here's How Much You'd Have Today",2025-11-13,AMZN
Tracking Cathie Wood's ARK Invest 13F Portfolio - Q3 2025 Update,2025-11-13,AMZN
Dow notches record-high close while tech-heavy Nasdaq slips,2025-11-13,AMZN
Amazon CEO predicts the end of brick-and-mortar retail,2025-11-13,AMZN
Costco adds new ways to make money from members,2025-11-13,AMZN
"Google's 'Crazy Tool' Could Make Blockchain Obsolete – Experts Suggest 'Wild' And 'Exciting' Times Ahead Amid 'High Risk, High Reward' Endeavor",2025-11-13,AMZN
Fed official forecasts huge economic shift coming soon,2025-11-13,AMZN
Ghiorghiu Shares How He Scaled Atlas To $350K Per Month In Recurring Revenue: 'I Decided To Push All Of My Chips In. I Had My Back Against The Wall.',2025-11-13,AMZN
"Chinese tech giant Tencent's quarterly revenue rises 15%, fueled by AI",2025-11-13,AMZN
Cisco shares climb on strong AI-fueled equipment demand,2025-11-13,AMZN
Big Tech’s Soaring Profits Have an Ugly Underside: OpenAI’s Losses,2025-11-13,AMZN
Forget The AI Race: Build Income First To Survive The Next Market Crash,2025-11-13,AMZN
2 Years Of The Rise Of The 'Magnificent Seven' Tech Stocks,2025-11-13,AMZN
Amazon: Path To $3 Trillion,2025-11-13,AMZN
Joby Aviation wraps up first military aircraft test flight with partner L3Harris,2025-11-13,AMZN
Update: Market Chatter: Amazon Joins Microsoft in Legislation to Curb Nvidia's Exports to China,2025-11-14,AMZN
Prediction: Bitcoin Will Be Worth More Than Nvidia by 2030,2025-11-14,AMZN
"With the AI trade under pressure, Cramer looks at stocks outside of tech to buy",2025-11-14,AMZN
"FDLO: Leading The Low-Volatility Category, But Lagging The Benchmark",2025-11-14,AMZN
Amazon (AMZN): Evaluating Valuation Perspectives as Long-Term Growth Outpaces Peers,2025-11-14,AMZN
The question everyone in AI is asking: How long before a GPU depreciates?,2025-11-14,AMZN
"After a job loss, don't forget to manage your 401(k) — it's 'one of your biggest assets,' CFP says",2025-11-14,AMZN
"Spire: Data Center Thesis May Be Fraying, But Company Still On Growth Trajectory",2025-11-14,AMZN
AI Voice Assistants Are Making Themselves Heard. Wall Street Is Paying Attention.,2025-11-14,AMZN
Stock Market Today: Dow Off Lows As Nasdaq Retakes Key Level; Netflix Stock Split Is Up Next (Live Coverage),2025-11-14,AMZN
"Alibaba Leveraging China's Superior AI Strategy, Buy Ahead Of Earnings",2025-11-14,AMZN
Top Analyst Says Oracle's 'Irresponsible' AI Bet Differs From 'Healthy' Microsoft And Google Demand: A 'Bad Business' With 'Very Low Margins',2025-11-14,AMZN
Warren Buffett's Berkshire Hathaway reveals new position in Alphabet,2025-11-14,AMZN
"Nvidia, Palantir, Microsoft Dragged Into AI Scare -- Here's Why Wedbush Says Relax",2025-11-14,AMZN
Best E-Commerce Stock To Buy: Amazon Vs. Shopify,2025-11-14,AMZN
The Trade Desk: Don't Let The Bears Fool You This Time,2025-11-14,AMZN
"The AI Bubble Is Bursting, But Not For The Reason You'd Think",2025-11-14,AMZN
"Stocks to Watch Friday: Applied Materials, Nvidia, Warner Bros.",2025-11-14,AMZN
Vuzix Corp (VUZI) Q3 2025 Earnings Call Highlights: Strategic Partnerships and Military ...,2025-11-14,AMZN
Benchmark Boosts Amazon (AMZN) Price Target Amid Accelerating AWS Momentum and Long-Term Growth Plans,2025-11-14,AMZN
"2 ""Magnificent Seven"" Stocks to Buy Before They Soar at Least 20%, According to Select Wall Street Analysts",2025-11-14,AMZN
Amazon and Microsoft Back Effort That Would Restrict Nvidia’s Exports to China,2025-11-14,AMZN
Nasdaq Logs Worst Day in Nearly 5 Weeks as Data Release Uncertainty Dims Rate Cut Hopes,2025-11-14,AMZN
Jeff Bezos’s Blue Origin pulls off first landing of its largest reusable rocket,2025-11-14,AMZN
Apple Stock Outperforms Big Tech Peers During Selloff,2025-11-14,AMZN
CoreWeave Stock Dives 8% Amid Tech Selloff,2025-11-14,AMZN
TEAMSTERS-BACKED DELIVERY PROTECTION ACT SECURES SUPERMAJORITY IN NEW YORK CITY COUNCIL,2025-11-14,AMZN
AI-Fueled Apple Partner Engineers New Buy Point. Then This Happens.,2025-11-14,AMZN
Tracking Ken Fisher's Fisher Asset Management Portfolio - Q3 2025 Update,2025-11-14,AMZN
Bezos’ Blue Origin launches landmark Mars mission,2025-11-14,AMZN
"Stock Market Today: Dow Craters As Nvidia, Palantir Fall; Jobs Data On Watch (Live Coverage)",2025-11-14,AMZN
"Amazon, Microsoft back effort to curb Nvidia's exports to China, WSJ reports",2025-11-14,AMZN
Elon Musk Touts Solar As 'Biggest Source of Power' As AI Industry Scrambles For Energy Solutions,2025-11-14,AMZN
Disney makes bold statement on Warner Bros. purchase,2025-11-14,AMZN
"Luxembourg Minister's Bitcoin Prediction Just Came True: ""As Michael Saylor Says,...""",2025-11-14,AMZN
"Amazon, Microsoft back effort to restrict Nvidia's exports to China, WSJ reports",2025-11-14,AMZN
End Of An Era? YouTube Change Looms Amid Crypto Creator Uproar: 'It's TikTok Time I Guess',2025-11-14,AMZN
"With Layoffs Spreading Across Industries, These Careers Are Still 'Doing Fine Right Now'—And Some Are Surprisingly Easy To Get Into",2025-11-14,AMZN
The ‘Big Short’ investor betting $1 billion against the AI bubble says Meta and Oracle’s accounting is hiding the brutal truth,2025-11-14,AMZN
Apple Rises 20% in a Year: Is There More Room for the Stock to Grow?,2025-11-14,AMZN
NVIDIA Stock Slides as Amazon and Microsoft Back Tough China Export Limits,2025-11-14,AMZN
Walmart shares are up 312% during outgoing CEO Doug McMillon's tenure. Here's how that compares to its rivals,2025-11-14,AMZN
Longest U.S. Government Shutdown Is Over: What Happened And Key Takeaways,2025-11-14,AMZN
Nvidia Stock Drops Again. What Could Stop the Slide.,2025-11-14,AMZN
Apple Stock Resists Tech Selloff. There’s Good News on iPhone Sales.,2025-11-14,AMZN
"Magnificent Seven Loving Congressman Buys Stocks Again, But This Time Only Three Of The Seven",2025-11-14,AMZN
"If You've Ever Pictured Dave Ramsey On 'Shark Tank,' Here's What Happened When He Put Himself In The Shoes Of A Shark",2025-11-14,AMZN
"Shopify Rallies 31% in 6 Months: Buy, Sell or Hold the Stock?",2025-11-14,AMZN
Nebius Shares Fall Post Q3 Earnings: Should Investors Hold or Sell?,2025-11-14,AMZN
"Wall Street Roundup: Cisco Surges, Oracle Sinks Amid Growing AI Fears",2025-11-14,AMZN
QQQ vs. SPY vs. DIA: Which ETF Is the Ultimate Winner?,2025-11-14,AMZN
John Furner Stepping Up as Walmart’s Next CEO,2025-11-14,AMZN
"Meet the Best ""Magnificent Seven"" and ""Ten Titans"" Growth Stock for Value Investors to Buy in 2026",2025-11-14,AMZN
"Walmart CEO Doug McMillon to retire Jan. 31, longtime exec John Furner named next CEO",2025-11-14,AMZN
How to Short the Entire AI Industry,2025-11-14,AMZN
Bearish On AI? Tell That To The $600 Billion Big Tech Is About To Spend,2025-11-14,AMZN
"AI Spending Is Shifting — And Broadcom, Marvell Are Positioned To Win",2025-11-14,AMZN
Equities Retreat Intraday as Tech Sector Tumbles,2025-11-14,AMZN
"Stock Market Today: Dow, Nasdaq Losses Mount; Chip Titan Heads Into Earnings (Live Coverage)",2025-11-14,AMZN
"Public Investment Fund Sold Holding In Adobe Inc., AMD, Alphabet, Amazon, Coca Cola",2025-11-14,AMZN
Amazon and Microsoft Support U.S. Plan to Tighten Nvidia Chip Exports to China,2025-11-14,AMZN
Burry’s Depreciation Gripe Shines Spotlight on Big Tech Profits,2025-11-14,AMZN
Stock Market Today: Nasdaq Sinks 2% As Slide In Tech Stocks Accelerates (Live Coverage),2025-11-14,AMZN
"AI Spending Surge, Contrarian Take On Tech Stocks",2025-11-14,AMZN
Jim Cramer on Hertz: “It Has Been a Contrary Name”,2025-11-14,AMZN
Stock Market Today: Dow Sinks 400 Amid Inflation Woes; WeChat Parent Slides (Live Coverage),2025-11-14,AMZN
Tech Stocks Tumble As Rate Cut Odds Fall; $870M Outflows From Bitcoin ETFs,2025-11-14,AMZN
Affirm CEO says the robots are coming — but they're not coming for our jobs,2025-11-14,AMZN
CSE Global (SGX:544) Valuation in Focus After Amazon Deal and Strong New Orders,2025-11-14,AMZN
"Kevin O'Leary's Take on Gold: 'It's Not a Debate, It's Not a Johnny-Come-Lately, It's Not a Crypto, It's Not Something Where There's Still Skeptics'",2025-11-14,AMZN
"David Tepper's Hedge Funds Bets On AMD, Nvidia In Q3, Takes Profits On Intel",2025-11-14,AMZN
Alphabet’s Secret Portfolio Just Bought These 2 Stocks. Should You Buy Too?,2025-11-15,AMZN
"Liberty All-Star® Growth Fund, Inc. October 2025 Monthly Update",2025-11-15,AMZN
Tracking Warren Buffett's Berkshire Hathaway Portfolio - Q3 2025 Update,2025-11-15,AMZN
"Amazon, Walmart, and Target make holiday return policy changes",2025-11-15,AMZN
MarketBeat Week in Review – 11/10 - 11/14,2025-11-15,AMZN
"3 Stocks That Turned $1,000 Into $1 Million (or More)",2025-11-15,AMZN
2 Intriguing Stocks in the Portfolio of Congresswoman Marjorie Taylor Greene,2025-11-15,AMZN
"Airbnb CEO Brian Chesky Argues That AI Is 'Mostly Going To Be A Tool,' But Warns That Without Gen Z At The Bottom, There Will Be No Leaders At The Top",2025-11-15,AMZN
George Soros Significantly Increases Stake in Amazon.com Inc,2025-11-15,AMZN
Google plans $40 billion Texas data center investment amid AI boom,2025-11-15,AMZN
Liberty All-Star® Equity Fund October 2025 Monthly Update,2025-11-15,AMZN
ValueAct Capital's Strategic Moves: MongoDB Inc. Takes Center Stage with a 4.17% Portfolio Impact,2025-11-15,AMZN
Amazon.com (AMZN) Looks to Expand Its Amazon Bazaar to 14 New Markets,2025-11-15,AMZN
September Jobs Report Set For Thursday Release As Government Shutdown Data Fog Lifts,2025-11-15,AMZN
"Nvidia Faces Growing Pressure As Amazon, Microsoft Support Curbs On AI Chip Exports To China: Report (UPDATED)",2025-11-15,AMZN
"The Best ""Training-Wheel"" Stocks for New Investors in 2025",2025-11-15,AMZN
"The Best Trillion-Dollar Stock to Buy Now, According to Wall Street (Hint: Not Nvidia)",2025-11-15,AMZN
Can Amazon (AMZN) Extend Its AI Leadership After Securing the Recent OpenAI Partnership?,2025-11-15,AMZN
"More Americans Are Betting On Crypto, Private Equity And Alternatives, Skipping The Old 60/40",2025-11-15,AMZN
Tech Spending Sparks Worries. Most Borrowers Can Handle It.,2025-11-15,AMZN
"Amazon robotics chief: ‘I want to eliminate every menial, mundane job’ as AI reshapes warehouse work",2025-11-15,AMZN
Old Age Will Be Different in the Robotic Age,2025-11-15,AMZN
Is Amazon the Best Mag 7 AI Stock to Buy Before Earnings?,2025-11-15,AMZN
Leadership Transition at Walmart: How McMillon's Retirement Could Impact the Stock,2025-11-15,AMZN
"International Annual Returns, The Breakout In The Nikkei, And Top 10 Holdings",2025-11-15,AMZN
OpenAI Keeps Eyes Locked On 2030 Despite The Mind-Boggling Amount Of Money It Lost Last Month,2025-11-15,AMZN
"Druckenmiller Opens Position In Amazon, Closes Microsoft — Here's More Of Duquesne's Biggest Q3 Moves",2025-11-15,AMZN
Bill Ackman Cuts Alphabet Stake As Warren Buffett's Berkshire Hathaway Builds Its Own,2025-11-15,AMZN
Berkshire Hathaway Discloses Rare Tech Investment With $4 Billion Google Stake,2025-11-15,AMZN
Don’t Call Them Bets. They’re ‘Prediction Markets’—and Robinhood Is Getting Rich Off Them.,2025-11-15,AMZN
One Of America's Most Recognizable Restaurants Explores Sale Amid Identity Crisis As Yum! Brands Doubles Down On Gen Z Strategy,2025-11-15,AMZN
Walmart CEO Retiring. He Built An E-commerce Empire To Rival Amazon,2025-11-15,AMZN
"Stock Market Today: Dow Jones Climbs Off Lows As Nvidia Jumps; Micron, Palantir Lead Nasdaq (Live Coverage)",2025-11-15,AMZN
Trick week for stocks,2025-11-16,AMZN
AI Is Making Big Tech Weaker,2025-11-16,AMZN
Is the Vanguard Utilities ETF the Smartest Investment You Can Make Today?,2025-11-16,AMZN
My 3 Favorite Stocks to Buy Right Now,2025-11-16,AMZN
"Meet the Newest Supercharged Growth Stock to Join Nvidia, Apple, Microsoft, Amazon, Alphabet, Meta, and Taiwan Semiconductor Manufacturing in the $1 Trillion Club. It's Still a Buy Right Now, According to Certain Wall Street Analysts.",2025-11-16,AMZN
3 Supercharged Growth Stocks That Billionaires Are Buying,2025-11-16,AMZN
Shein takes on key Amazon product line,2025-11-16,AMZN
Should You Buy Plug Power While It's Below $3?,2025-11-16,AMZN
"A simple reason why the biggest investors say they aren't worried about AI bubble, tech stock selling",2025-11-16,AMZN
"Despite AI bubble fears, Warren Buffett’s Berkshire Hathaway loads up on shares of hyperscaler Alphabet amid huge rally",2025-11-16,AMZN
The AI Bubble Everyone Fears Doesn't Exist,2025-11-16,AMZN
In defense of junior staff: Why replacing young people with AI could spark a 'talent doom cycle',2025-11-16,AMZN
Trump Bets Big on a Nuclear Comeback,2025-11-16,AMZN
"Meet the Unstoppable Stock That Could Join Apple, Nvidia, Microsoft, Alphabet, Amazon, Meta, and Taiwan Semiconductor in the $1 Trillion Club by 2030.",2025-11-16,AMZN
Pasta and noodles chain closing dozens of restaurants,2025-11-17,AMZN
Stocks waver to start the week; Alphabet rises on Berkshire stake: Live updates,2025-11-17,AMZN
Tracking Christopher Davis' Davis Selected Advisers 13F Portfolio - Q3 2025 Update,2025-11-17,AMZN
Collect Them All (AI Edition) - spyglass.org,2025-11-18,AMZN
"Amazon plans to invest at least $3 billion in Warren County, Mississippi, for next-generation data center campus - About Amazon",2025-11-20,AMZN
Amazon to invest up to $50 billion to expand AI and supercomputing infrastructure for US government agencies - About Amazon,2025-11-24,AMZN
Amazon plans to invest $15 billion in Northern Indiana to build new data center campuses and advance AI innovation - About Amazon,2025-11-24,AMZN
How Has Amazon Stock Done for Investors? - Yahoo Finance,2025-11-27,AMZN
Bank of America resets Amazon stock forecast after key meeting - Yahoo Finance,2025-12-03,AMZN
Amazon Stock Down 9% as Investors Bet on Trainium3 AI Chip to Challenge Nvidia - Yahoo Finance,2025-12-03,AMZN
ChatGPT Thinks Amazon Stock Price Will Close At This Level By The End of 2025 - Yahoo Finance,2025-12-04,AMZN
"Amazon announces $35 billion investment in India by 2030 to advance AI innovation, create jobs - About Amazon",2025-12-09,AMZN
"Amazon, Microsoft pledge mega AI investments in India - BBC",2025-12-09,AMZN
Business leaders make their 2026 predictions for the Magnificent 7: ‘I’d rather be in Jensen’s seat than anywhere else’,2025-12-11,AMZN
Oracle: The AI Capex Blunder Explained,2025-12-11,AMZN
Microsoft fights $2.8 billion UK lawsuit over cloud computing licences,2025-12-11,AMZN
Bill Gates Has a Warning for AI Investors,2025-12-11,AMZN
Comcast And Amazon Announce Launch Of Amazon Luna On Xfinity TV And Streaming Devices Across US,2025-12-11,AMZN
Does TTD Have the Financial Strength to Fuel Its Next Growth Phase?,2025-12-11,AMZN
Amazon's Rufus Architect Leaves to Build AI for a Trillion-Dollar Industry: Construction,2025-12-11,AMZN
How Adding Indra Nooyi To The Board At Honeywell International (HON) Has Changed Its Investment Story,2025-12-11,AMZN
'A Modest Allocation Of 1% To 4% In Digital Assets Could Be Appropriate': Bank of America Opens Access To Bitcoin ETFs,2025-12-11,AMZN
Tech Giants Unveil Major Investment Plans for India: ETFs in Focus,2025-12-11,AMZN
E-Commerce Update - AI Chatbots Transforming Global Communication Markets,2025-12-11,AMZN
3 Underrated Growth Stocks That Look Like Great Buys Heading Into 2026,2025-12-11,AMZN
"Amazon plans new one-hour pickup service in stores, Business Insider reports",2025-12-11,AMZN
Europe’s Mediaset backs Paramount’s bid for Warner Bros. Discovery,2025-12-11,AMZN
Dip-Buyers Step Into Oracle As Market Awaits Broadcom's Read on AI Overbuild Risk,2025-12-11,AMZN
Google Names Amin Vahdat to Lead AI Infrastructure Buildout,2025-12-11,AMZN
The First Crack In Nvidia's CUDA,2025-12-11,AMZN
TD Cowen Reaffirms Amazon as Its Top Mega-Cap Pick for 2026,2025-12-11,AMZN
"Oracle Dud Earnings Report Forecasts Glum Wall Street Pre-Bell; Asia Off, Europe Steady",2025-12-11,AMZN
Amazon to pay €510m in Italian tax case,2025-12-11,AMZN
"Trending tickers: Oracle, Coca-Cola, Adobe, Synopsys and Nextdoor",2025-12-11,AMZN
"S&P 500 Sector Outlook For 2026: Sell Technology, Buy Healthcare",2025-12-11,AMZN
Five Things To Consider In The Upcoming November Jobs Report,2025-12-11,AMZN
"Amazon’s (AMZN) AI Assistant Rufus Sparks Jump in Purchases, Analysts Reaffirm Bullish View",2025-12-11,AMZN
Albertsons: Failed Kroger Deal Fallout Creates An Attractive Entry Point,2025-12-11,AMZN
Mairs & Power Balanced Fund Added Amazon (AMZN) Amid Market Share Capture,2025-12-11,AMZN
"Amazon Developing One-Hour In-Store Pickup Service, Report Says",2025-12-11,AMZN
Meta In 2026: Can Zuckerberg Win Back Wall Street?,2025-12-11,AMZN
Apollo CEO says some AI fortunes may be lost,2025-12-11,AMZN
SpaceX $1.5 Trillion Value Target Hinges on Starlink — And Elon,2025-12-11,AMZN
Does Marvell (MRVL) Rely Too Heavily on Hyperscalers for Its AI Data Center Strategy?,2025-12-11,AMZN
"Microsoft CEO Warns That Leaders Without Emotional Intelligence Will Fall Behind In AI Race, Says 'It's Just A Waste Of IQ'",2025-12-11,AMZN
Charlie Munger Warned That BlackRock Holds Too Much Power And Didn't Want Larry Fink Becoming An 'Emperor',2025-12-12,AMZN
"Cisco, Amazon, and Siemens Set the Pace for Intelligent Hospitality Solutions Amid $90 Billion Market Opportunity",2025-12-12,AMZN
"Grant Cardone Says Escaping The Middle Class Means Quitting Savings, Skipping Homeownership, And Avoiding College Debt And Do This Instead",2025-12-12,AMZN
Amazon's Datacenter Boom: The Next Big Growth Driver for the Stock?,2025-12-12,AMZN
Oracle Stock Is Falling and Default Insurance Prices Are Rising. Why It’s the Focus of AI Fears.,2025-12-12,AMZN
"5 Best Passive Income Streams To Start in 2026, According to a Wealth Coach",2025-12-12,AMZN
Roku's Improving Margins Signal a Turnaround: Is the Stock a Buy Now?,2025-12-12,AMZN
"President Trump's Federal AI Regulation Order a Major Win for Big Tech Companies, Wedbush Says",2025-12-12,AMZN
"TD Cowen Stays Bullish on Amazon (AMZN), Sees Multiple Growth Drivers Into 2026",2025-12-12,AMZN
Guggenheim Initiates Coverage of Amazon.com (AMZN) with “Buy” Rating and $300 Price Target,2025-12-12,AMZN
Amazon’s Quiet $10B Bet on Satellite Internet — and Why It Could Power Amazon Stock Higher,2025-12-12,AMZN
"Meta vs. Amazon: Which Underperforming ""Magnificent Seven"" Stock Will Rebound More in 2026?",2025-12-12,AMZN
"Dow, S&P 500 Notch New Highs; Oracle Selloff Weighs on Tech Sector",2025-12-12,AMZN
Elon Musk declares early victory over $45 billion rival,2025-12-12,AMZN
What Is One of the Best Tech Stocks to Hold for the Next 10 Years?,2025-12-12,AMZN
Tracking George Soros's 13F Portfolio - Q3 2025 Update,2025-12-12,AMZN
Look Past the S&P 500’s Market Cap and Focus on Revenue Instead,2025-12-12,AMZN
"Dow Rises, Nasdaq Falls Intraday as Oracle Slumps",2025-12-12,AMZN
Alphabet Stock Slides -- Waymo Recalls Thousands of Autonomous Vehicles,2025-12-12,AMZN
"After a 42% Six-Month Rally, What's Next for Apple Stock in 2026?",2025-12-12,AMZN
"Rivian announces $2,500 Autonomy+ self-driving upgrade, reveals new AI chip to keep pace with rivals",2025-12-12,AMZN
Roku Stock Is a Top Pick for 2026 at 2 Wall Street Firms. Here’s Why.,2025-12-12,AMZN
Rogers Xfinity Introduces Amazon Luna,2025-12-12,AMZN
Disney to Invest $1 Billion in OpenAI as Part of 3-Year Licensing Deal,2025-12-12,AMZN
Where Will Rivian Automotive Stock Be in 1 Year?,2025-12-12,AMZN
"Roku Seeing Faster Monetization, Improving Profitability, Wedbush Securities Says",2025-12-12,AMZN
"Musk, Huang, Zuckerberg Top Time's 2025 Person Of The Year List: Who Are The Architects Of AI?",2025-12-12,AMZN
How Good Has Etsy Stock Actually Been?,2025-12-12,AMZN
"SALI Showcases Global Ambition with Times Square Billboard Campaign, Marking a New Milestone in Its Journey Toward a Global Power Tool Accessories Empire",2025-12-12,AMZN
"Rivian Takes On Tesla In Self-Driving Race With Level 4 Autonomy Goal, $49.99/Month Subscription, R2 LiDAR",2025-12-12,AMZN
The Potential Losers In The AI Arms Race,2025-12-12,AMZN
Oracle says there have been 'no delays' in OpenAI arrangement after stock slide,2025-12-12,AMZN
Over-Owned AI Stock AVGO Leading Tech Stock Selling; Marijuana Stocks Rise on Trump Push; NATO Chief Warns,2025-12-12,AMZN
Is 2026 the year Mag 7 internet leaders capitalize on AI investments?,2025-12-12,AMZN
"Nancy Pelosi, Tom Lee Align On These 11 Stock Picks: Some Might Surprise You",2025-12-12,AMZN
"Even Though Oracle Fell After Earnings, I'd Still Rather Buy It in December Over Every ""Magnificent Seven"" Stock (Except One)",2025-12-12,AMZN
2 AI Nuclear Energy Stocks to Buy Now Before they Soar like GEV,2025-12-12,AMZN
Market Outlook 2026: A Goldilocks Vibe Forecast Through Tech And Energy,2025-12-12,AMZN
Amazon vs. Walmart: Which Stock Will Outperform in 2026?,2025-12-12,AMZN
Which Big Tech stocks will be even bigger winners in 10 years?,2025-12-12,AMZN
The Magnificent Seven Still Matter—But 2026 Isn't Just Their Story,2025-12-12,AMZN
"Rivian's AI, autonomy impress Wall Street, but EV and capital concerns remain",2025-12-12,AMZN
"Costco Sold 4.5 Million Pies Ahead of Thanksgiving. Despite Earnings Beat, the Stock Fails to Gain Traction.",2025-12-12,AMZN
"Zacks Investment Ideas feature highlights: GOOGL, AMZN, ASTS, GSAT, SATS, VSAT and PL",2025-12-12,AMZN
"Goldman’s Snider Sees AI, Strong Macro Driving 12% Earnings Jump",2025-12-12,AMZN
Jim Cramer's top 10 things to watch in the stock market Friday,2025-12-12,AMZN
"Single-stock ETFs can amplify returns, analyst says, but there’s ‘significant risk that the bet goes wrong’",2025-12-12,AMZN
AI tools could drive $263 billion in holiday sales. Walmart and Target are racing to get in,2025-12-12,AMZN
Costco Earnings Reveal 4.5 Million Pies Ahead of Thanksgiving. The Stock Ticks Lower.,2025-12-12,AMZN
S&P 500 Bears: Stop Fighting The Last War,2025-12-13,AMZN
2026: The Revenge Of The S&P 493 (Market Outlook),2025-12-13,AMZN
"Buy And Hold Portfolio For Next 10 Years: Potential $5,500 Monthly Income",2025-12-13,AMZN
"These 2 Are, By Far, My Favorite Mag-7 Stocks",2025-12-13,AMZN
Alphabet Running Too Hot Into 2026,2025-12-13,AMZN
Bernie Sanders Applauds Bipartisan House Vote Restoring Union Rights For 1 Million Federal Workers: 'Senate Must Pass This',2025-12-13,AMZN
Capturing The Evolving AI Landscape: WTAI's November 2025 Rebalance Through 5 Core Pillars,2025-12-13,AMZN
Why Redwire Stock Was Blasting Higher This Week,2025-12-13,AMZN
Oracle Data Center Delays Hit More Than Just the Stock,2025-12-13,AMZN
MacKenzie Scott announced another $7.1 billion in 2025 charitable donations—she's now given away $26.3 billion since 2019,2025-12-13,AMZN
Walmart's Valuation Makes Zero Mathematical Sense,2025-12-13,AMZN
EOD: Well-Positioned If The USA Outperforms The EU Going Forward,2025-12-14,AMZN
Here's Why 20 States Are Taking Donald Trump To Court Over A Little-Noticed H-1B Visa Fee Change,2025-12-14,AMZN
The Bubble Everyone Sees - And The One I'm Preparing For,2025-12-14,AMZN
"Why I Added GPIQ: Income, Stability, Quality - And Outperformance",2025-12-14,AMZN
Investor Who Reached $10K/Month in Dividend Income in 10 Years Shares His Portfolio: 'The Strategy is Be Disciplined. Everything Else Is Just Numbers',2025-12-14,AMZN
Three-Quarters of Employers Improve Workplace Safety Scores Over Three Years,2025-12-15,AMZN
Is Amazon Stock a Buy Right Now?,2025-12-15,AMZN
"'I Am NOT Building A New Financial System. I Built A Casino,' Disillusioned Developer Says He Wasted 8 Years Of His Life On Crypto In Viral Exit Note",2025-12-15,AMZN
3 Great Retail Stocks For the Holiday Season,2025-12-15,AMZN
Move Over Skincare: Gen Z Is Obsessed With Aesthetic Oral Care And MySmile Is Leading the Glow-Up,2025-12-15,AMZN
"These Stocks Are Moving the Most Today: iRobot, Tesla, ServiceNow, Zillow, Texas Instruments, Tilray, Newmont, and More",2025-12-15,AMZN
Oracle: OpenAI Is A Huge Wildcard,2025-12-15,AMZN
iRobot Files for Chapter 11 Amid Rising Competition and Tariff Pressures,2025-12-15,AMZN
Trends in Artificial Intelligence (AI) in the Packaging Design Market,2025-12-15,AMZN
Roomba Maker iRobot Declares Bankrupty. Its Stock Is Plunging 70%,2025-12-15,AMZN
Shopify Shares Rise 42% in a Year: Will the Rally Continue in 2026?,2025-12-15,AMZN
Nebius Stock Up 74% in Six Months: Should Investors Hold or Offload?,2025-12-15,AMZN
"Gene Munster's 11 Predictions For 2026: AI Trade Continues, Small‑Cap Tech Outperforms, This Magnificent Seven Stock Leads",2025-12-15,AMZN
Stock Market Today: Dow Dips Amid Ukraine-Russia Progress; Trump Eyes This Fed Move (Live Coverage),2025-12-15,AMZN
iRobot Files for Bankruptcy After Amazon Was Forced to Scrap Its Deal to Buy the Roomba Maker,2025-12-15,AMZN
Ubisoft accelerates in fast growing MOBA market by acquiring “March of Giants” game from Amazon,2025-12-15,AMZN
"If We Don't Take Them, the Chinese Are Going to Take Them"" — Kevin O'Leary Says It's 'Insane' to Deny Foreign Students U.S. College Access",2025-12-15,AMZN
"Amazon's $59 Million AI Backlash: Shareholders Target Israel, DHS Cloud Deals",2025-12-15,AMZN
New Swiftly Consumer Survey Reveals Nearly 8 in 10 Shoppers Trust Their Local Grocer Over National Giants,2025-12-15,AMZN
AI Is About to Empty Madison Avenue,2025-12-15,AMZN
Amazon and 9 More Stocks to Buy for 2026,2025-12-15,AMZN
"Roomba maker iRobot files for bankruptcy, sells itself to Chinese company",2025-12-15,AMZN
"After Outperforming Every ""Magnificent Seven"" Stock in 2025, Is Broadcom Still a Buy for 2026?",2025-12-15,AMZN
Oaktree-backed firm unveils $1.2 billion Amsterdam 'hyperscale' data centre project,2025-12-15,AMZN
"Got $5,000? 3 Tech Stocks to Buy and Hold for the Long Term",2025-12-15,AMZN
Is Google Now Unstoppable?,2025-12-15,AMZN
Patrick Mahomes Injury Puts Pressure On Amazon Stock: Will Viewers Pick 'Stranger Things' Over NFL?,2025-12-15,AMZN
Small Caps Outperform Mag Seven; Key Economic Data Ahead; Gold Buying On Dollar Debasement Fears,2025-12-15,AMZN
OpenAI is the 2025 Yahoo Finance Company of the Year,2025-12-15,AMZN
The Magnificent 7 isn’t that magnificent: 5 of the stocks have underperformed the market this year,2025-12-15,AMZN
Roomba maker tipped into bankruptcy by Trump tariffs,2025-12-15,AMZN
"MAGS: Outlook For 2026 - Earnings, Valuation, And What Charts Reveal (Upgrade)",2025-12-15,AMZN
"Salesforce, 3M share losses contribute to Dow's 131-point drop",2025-12-15,AMZN
"Trump admin to hire 1,000 specialists for 'Tech Force' to build AI, finance projects",2025-12-15,AMZN
Amazon and Microsoft Fuel India's $52B AI Ambition,2025-12-15,AMZN
"Undercovered Dozen: Capital Southwest, The Trade Desk, Energy Transfer And More",2025-12-15,AMZN
They made big money on risky trades in the market this year. Then they posted about it.,2025-12-15,AMZN
iRobot: Equity Holders Expected To Be Wiped Out In Bankruptcy - Strong Sell,2025-12-15,AMZN
How STMicroelectronics Became Backbone Of SpaceX's Starlink Network,2025-12-15,AMZN
"GLO: The Yield Is Nice, But I Still Have Concerns",2025-12-15,AMZN
Roomba-Maker iRobot's Shares Plunge Over 80% In Monday Pre-Market: What's Going On?,2025-12-15,AMZN
"Jamie Dimon Warns AI Will Eliminate Jobs, But Says These Skills Will Help People Bag Plenty Of Jobs: 'You Can Earn Quite A Bit Of Money With Skills'",2025-12-15,AMZN
Elon Musk Says American Airlines Could Risk Losing Customers For This Reason: 'If Their Connectivity…',2025-12-15,AMZN
"Nvidia CEO Jensen Huang Warned AI Compute Demand Is Exploding, Now Futurum CEO Daniel Newman Says We're Only '1% Into The AI Revolution'",2025-12-15,AMZN
Roomba maker iRobot files for bankruptcy protection; will be taken private under restructuring,2025-12-15,AMZN
"Guggenheim Initiates A Bullish Rating On Amazon.com, Inc. (AMZN)",2025-12-15,AMZN
XLY: Consumer Discretionary Dashboard For December,2025-12-16,AMZN
Humana Names Former Amazon Executive Next Insurance President. The Stock Drops.,2025-12-16,AMZN
Cramer’s Stop Trading: Amazon,2025-12-16,AMZN
"Alphabet Has Won, Amazon Will Win, Microsoft Pays The Price (For Now)",2025-12-16,AMZN
Amazon Isn't Behind. It's Reloading For Its AI Wave (Upgrade),2025-12-16,AMZN
"Jobs data, Tesla's rally, tariff revenue hits $200 billion and more in Morning Squawk",2025-12-16,AMZN
"The Best Warren Buffett Stocks to Buy With $1,000 Right Now",2025-12-16,AMZN
Nebius Epitomizes What's Wrong With Extremely High-Risk Hyper-Growth Investing,2025-12-16,AMZN
"Robotaxis in 2025: Waymo plots global expansion as Zoox, Tesla roll to the starting line",2025-12-16,AMZN
2025: The year that the robotaxi went mainstream with Waymo leading the pack,2025-12-16,AMZN
Could Amazon Help You Become a Millionaire?,2025-12-16,AMZN
Ross Gerber's Warning Echoes Nvidia CEO Jensen Huang As Big Tech Races To Make AI Core Career Skill: 'Teach Your Kid AI Now',2025-12-16,AMZN
Microsoft: Recent Sell-Off Presents Strong Buying Opportunity,2025-12-16,AMZN
Instagram TV app coming to Amazon Fire streaming device,2025-12-16,AMZN
"2026 Market Outlook: Elevated Risks, My Strategy, And Top Buys",2025-12-16,AMZN
Anemic Wage Growth But Good Retail Sales; Oil And Defense Stocks Fall,2025-12-16,AMZN
Instagram Debuts Dedicated Television App for Amazon Fire TV,2025-12-16,AMZN
Is an AI Bubble Forming? Assessing Stock Market Risks and Lessons from the Late 90s.,2025-12-16,AMZN
"Exclusive-Nasdaq seeks to extend trading hours, as Wall Street gears up for 24/7 move",2025-12-16,AMZN
"Nasdaq to file for near 24-Hour stock trading to meet global demand, Reuters says",2025-12-16,AMZN
"Liberty All-Star® Growth Fund, Inc. November 2025 Monthly Update",2025-12-16,AMZN
Liberty All-Star® Equity Fund November 2025 Monthly Update,2025-12-16,AMZN
Stock Market Today: Dow Dips As Trump Eyes This Fed Pick; Defense Stock Tests Entry (Live Coverage),2025-12-16,AMZN
OpenAI hires veteran Google executive as corporate development VP,2025-12-16,AMZN
"They Want To Spend Their Emergency Fund On A 10-Year-Old's Dance Competition Trips. Dave Ramsey Says, 'You're Broke. That's So Screwed Up'",2025-12-16,AMZN
Elizabeth Warren Put On Blast For iRobot Bankruptcy Years After Opposing Amazon Deal: 'Way To Destroy Another Great American Company',2025-12-16,AMZN
"Suspected Russian Hackers Step Up Attacks on U.S. Energy Firms, Research Shows",2025-12-16,AMZN
This Analyst Sees Nvidia at $8.5 Trillion Next Year. Is It Even Possible?,2025-12-16,AMZN
"U.S. ‘Tech Force’ Aims to Beef Up Federal Expertise, AI Adoption After Purge",2025-12-16,AMZN
‘I had to take 60 meetings’: Jeff Bezos says ‘the hardest thing I’ve ever done’ was raising the first million dollars of seed capital for Amazon,2025-12-16,AMZN
17 Reasons To Short Nvidia To $75,2025-12-16,AMZN
"Marvell’s CEO Says the Company Didn’t Lose Any Orders. Why Was Wall Street So Worried, and How Should You Play MRVL Stock Here?",2025-12-16,AMZN
Amazon’s same-day grocery delivery serves as magnet for parcel business,2025-12-16,AMZN
Social Media Leader Reddit Stock Eyes New Buy Point After 38% Rebound,2025-12-16,AMZN
How New AI And Cloud Economics Are Shaping What Analysts Think Gives Amazon The Edge,2025-12-16,AMZN
Roomba Vacuum Maker iRobot's Shares Sink Following Bankruptcy Court Filing,2025-12-16,AMZN
3 Stocks That Could Be Easy Wealth Builders,2025-12-16,AMZN
Apple punted on AI this year. Next year will be critical,2025-12-17,AMZN
"Stocks making the biggest moves midday: Oracle, Jabil, Paramount, Texas Pacific & more",2025-12-17,AMZN
Oracle: Wall Street's Gloom Creates An Incredible Buying Opportunity,2025-12-17,AMZN
"Jim Cramer Says It's 'Time To Sell' This AI Infrastructure Stock Amid Steep Pullback, Despite New Partnerships, Bullish Analyst Ratings",2025-12-17,AMZN
Amazon: What Should Investors Be Looking For In Trainium?,2025-12-17,AMZN
JBG SMITH Declares a Quarterly Common Dividend of $0.175 Per Share,2025-12-17,AMZN
US Threatens to Retaliate Against EU Firms Over Digital Tax,2025-12-17,AMZN
Meta Puts Instagram Reels On Amazon's Fire TV. How Video Fits Into Zuckerberg's AI Push.,2025-12-17,AMZN
Amazon in talks to invest $10 billion or more in OpenAI,2025-12-17,AMZN
Think It's Too Late to Buy Nvidia Stock? Here's the 1 Reason Why There's Still Time.,2025-12-17,AMZN
Nvidia Faces Competition on All Sides. The Stock Is Down.,2025-12-17,AMZN
Google has been crushing it with AI this year in this overlooked way,2025-12-17,AMZN
"Stocks to Watch Tuesday Recap: Ford Motor, Broadcom, Lennar",2025-12-17,AMZN
Holiday Preview: A Look Into The Consumer,2025-12-17,AMZN
GS Large Cap Value Fund Q3: Positioning For Sustained Momentum And Long-Term Growth,2025-12-17,AMZN
"Amazon: The Cloud Party Is Over, Welcome To The Buyer's Market? (Rating Downgrade)",2025-12-17,AMZN
Dave Ramsey Says He Made A Record $300M In 2025 – 'God's Been Good To Me',2025-12-17,AMZN
SAN FRANCISCO SUPERVISORS DEMAND AMAZON BARGAIN WITH THE TEAMSTERS,2025-12-17,AMZN
Accenture Stock Is Down 22% This Year Heading Into Earnings—Can AI Growth And New Guidance Calm Investor Fears?,2025-12-17,AMZN
"Stocks making the biggest moves premarket: Netflix, Amazon, Lennar, General Mills & more",2025-12-17,AMZN
"Amazon in Talks Over $10 Billion OpenAI Move: Report. That’s Bad for Nvidia, Broadcom.",2025-12-17,AMZN
"The Market Isn't Broken - It's Rotating, And I'm Positioning For What's Next",2025-12-17,AMZN
3 Reasons Why Amazon Stock May Be Poised for Gains in 2026 - Yahoo Finance,2025-12-17,AMZN
"Top Stock Reports for Amazon.com, Toyota Motor & Intuit",2025-12-17,AMZN
Is a new OpenAI deal what Amazon’s stock needs to finally come alive?,2025-12-17,AMZN
"OpenAI In Talks To Get $10 Billion Amazon Investment, Use Its Chips: The Information",2025-12-17,AMZN
Why Affirm Jumped 12% Yesterday — Does the Rally Have Legs?,2025-12-17,AMZN
Wall Street Breakfast Podcast: Oil Snaps Back,2025-12-17,AMZN
Should You Buy the 5 Highest-Paying Dividend Stocks in the Dow Jones Before 2026?,2025-12-17,AMZN
"Tesla Board Gets $3 Billion in Stock Awards, Outpaces Alphabet, Meta, Nvidia",2025-12-17,AMZN
Slope Working with Amazon to Expand Access to Capital for Amazon Sellers,2025-12-17,AMZN
"A Dave Ramsey Caller Floats Buying A Family Compound With Her Ex, His Girlfriend, And Three Kids. 'We Give White Trash A New Meaning'",2025-12-17,AMZN
"Oil falls to 4-year low, CoreWeave slides on AI bubble concerns",2025-12-17,AMZN
iRobot co-founder says FTC's opposition to Amazon deal was 'wrong-minded' following bankruptcy filing,2025-12-17,AMZN
Market Chatter: Carlyle Group Loses Over $100 Million on Loan to Bankrupt IRobot,2025-12-17,AMZN
Amazon Freight Partners: Building trucking companies without buying tractors,2025-12-17,AMZN
Oracle's $248 Billion AI Bet Just Shook Wall Street--And It's Not on the Balance Sheet,2025-12-17,AMZN
Prediction: These 2 AI Darlings Will Be Worth $5 Trillion or More in 2026,2025-12-18,AMZN
US Equity Indexes Slump as Oracle's Sell-Off Knocks Out Technology,2025-12-18,AMZN
Amazon Names New AI Chief Amid Battle to Take on Tech Rivals,2025-12-18,AMZN
Micron Q1 Preview: Record Quarter Predicted By Analyst — 'We Recommend Owning The Stock',2025-12-18,AMZN
Postal service plans to open last-mile delivery network to more shippers in money-raising move,2025-12-18,AMZN
Bank of America sets AI stocks to buy list for 2026,2025-12-18,AMZN
3 AI Stocks Showing Strong Momentum Heading Into 2026,2025-12-18,AMZN
Experts say Amazon is playing the long game with its potential $10 billion OpenAI deal: ‘ChatGPT is still seen as the Kleenex of AI’,2025-12-18,AMZN
TopDawg Joins the Amazon Service Provider Network with New U.S. Dropshipping Integration,2025-12-18,AMZN
OpenAI Eyes Up To $100 Billion Fundraise At $750 Billion Valuation As ChatGPT Maker Lays Groundwork For Potential $1 Trillion IPO: Report,2025-12-18,AMZN
Tracking William Nygren's Harris Associates Portfolio - Q3 2025 Update,2025-12-18,AMZN
Affirm (AFRM) Soars 11.8% on Amazon Contract Renewal,2025-12-18,AMZN
Amazon appoints longtime AWS exec Peter DeSantis to lead new AI org,2025-12-18,AMZN
Sector Update: Tech Stocks Fall Wednesday Afternoon,2025-12-18,AMZN
"FedEx Q2 Preview: Earnings A 'Critical Checkpoint' For Company, Analyst Sees 'Meaningful Upside'",2025-12-18,AMZN
CEO of Roomba maker iRobot says previous management was ‘in denial’,2025-12-18,AMZN
Affirm Stock Is Popping on News of Amazon Contract Renewal. How Much Higher Can AFRM Go?,2025-12-18,AMZN
"Amazon Names New AI Group Leader Amid Battle With Microsoft, Google",2025-12-18,AMZN
"Amazon taps veteran Peter DeSantis to lead AI, chip and quantum push",2025-12-18,AMZN
"Amazon shakes up AI team as veteran Prasad leaves, DeSantis promoted",2025-12-18,AMZN
Jim Cramer raises concerns about tech's 'Lazy Susan' deals,2025-12-18,AMZN
‘Top Pick’ Amazon Had a Dismal Year: What’s AMZN Stock’s Forecast for 2026? - Yahoo Finance,2025-12-22,AMZN
Is Amazon Stock a Buy Ahead of 2026? - Yahoo Finance,2025-12-26,AMZN
What Wall Street Thinks Amazon Will Be Worth 1 Year From Now. 1 Reason They Might Be Right - Yahoo Finance,2026-01-02,AMZN
Amazon (AMZN) Stock Falls Amid Market Uptick: What Investors Need to Know - Yahoo Finance,2026-01-02,AMZN
Why Amazon stock could have nearly 50% upside in 2026 - Yahoo Finance,2026-01-04,AMZN
Amazon stock price target raised to $300 from $275 at Jefferies - Investing.com,2026-01-05,AMZN
"The list of companies laying off staff this year includes Angi and Tailwind, with dozens of others like Meta warning of job cuts",2026-01-10,AMZN
Amazon.Com's Quarterly Earnings Preview: What You Need to Know - Yahoo Finance,2026-01-12,AMZN
Lafayette Real Estate Announces Two New Residential Build-to-Rent Townhome Communities in Florida,2026-01-13,AMZN
"Xray Expands U.S. Presence to Meet Growing Demand for Enterprise-Ready, Jira-Native Quality Management",2026-01-13,AMZN
The Biggest Loser: Tim Cook of Apple,2026-01-13,AMZN
"Bill Gates Says 'AI Will Change Society the Most'—Job Disruption Has Already Begun, 'Less Labor' Will Be Needed, And 5-Day Work Week May Disappear",2026-01-13,AMZN
Will the Collaboration With Google Push Up Apple Stock in 2026?,2026-01-13,AMZN
"Mark Cuban Asks Why Insurance Pays $2,500 for an MRI When a Center Down the Street Charges $350",2026-01-13,AMZN
Amazon's AWS Margin Expansion Accelerates: More Upside for the Stock?,2026-01-13,AMZN
Microsoft says it won’t drive up electricity cost near its data centers,2026-01-13,AMZN
Where Will Tesla Stock Be in 3 Years?,2026-01-13,AMZN
3 Warren Buffett Stocks to Buy Hand Over Fist and 1 to Avoid,2026-01-13,AMZN
'Big Short' Investor Michael Burry Bets Against Oracle—Here's His Advice,2026-01-13,AMZN
"If You Invested $500 or More in Amazon Stock at the Beginning of 2025, Here’s How Much You’d Have Now - Yahoo Finance",2026-01-14,AMZN
Anresco NJ Labs Expands Nationwide Testing Network with New Bi-Coastal Laboratories for Amazon Readiness,2026-01-14,AMZN
AppLovin Stock Just Got a New Buy Rating. Its Shares Are Tanking.,2026-01-14,AMZN
"These 2 ""Magnificent Seven"" Stocks May Announce Stock Splits in 2026",2026-01-14,AMZN
Netflix Ad-Tier Growth Accelerates: Is the Stock Finally Breaking Out?,2026-01-14,AMZN
AMZP: Why This 21% Yielding Amazon ETF Is Tops,2026-01-14,AMZN
Cantor Fitzgerald Reduces PT on Amazon.com (AMZN) Stock,2026-01-14,AMZN
Nebius Skyrockets 30% in a Month: Should Investors Buy or Hold Now?,2026-01-14,AMZN
‘I earn £99k a year investing my pension from home’,2026-01-14,AMZN
"Amazon Stock for the Next 10 Years: Buy, Hold, or Avoid?​",2026-01-14,AMZN
Apple and Qualcomm Stocks Falls -- Report Says Companies Facing Potential Supply Issues,2026-01-14,AMZN
"If You Invested $500 or More in Amazon Stock at the Beginning of 2025, Here’s How Much You’d Have Now",2026-01-14,AMZN
Cerebras scores OpenAI deal worth over $10 billion ahead of AI chipmaker's IPO,2026-01-14,AMZN
Supreme Court Tariff Ruling Won't Come Today (Live Coverage),2026-01-14,AMZN
Netflix Q4 2025 Earnings Preview: Warner Bros. Discovery Bid Takes Priority,2026-01-14,AMZN
MDB Trades Near 52-Week High: Should Investors Still Buy the Stock?,2026-01-14,AMZN
ETFs Vs. Stocks: A Beginner's Primer,2026-01-14,AMZN
"The ""Secret Sauce"" Protecting the Internet is Now Securing AI: ActiveFence is now Alice",2026-01-14,AMZN
Temu challenges Amazon for cross-border e-commerce dominance,2026-01-14,AMZN
"Amazon's Cloud Growth Tied To AI Advances, Analyst Says",2026-01-14,AMZN
CoreWeave's 2026 CapEx Spend to Double: High Risk or High Reward?,2026-01-14,AMZN
UPS' Revenue Struggles Persist: Is a Recovery Possible in 2026?,2026-01-14,AMZN
1 Cash-Producing Stock for Long-Term Investors and 2 We Find Risky,2026-01-14,AMZN
Amazon to Appeal Italian Antitrust Fine Despite Reduction,2026-01-14,AMZN
Amazon Eyes Margin Improvement amid Supreme Court Weighs Tariff Legality,2026-01-14,AMZN
Big Banks Beneficiaries of AI Second Act; Jitters Over Iran and Supreme Court; Short Squeeze In Silver,2026-01-14,AMZN
Oracle: Meta Compute Reaffirms Bullish Thesis,2026-01-14,AMZN
Hospitality Veteran Claudio Bono's #1 Amazon Bestseller 'The Homelessness Fix' Unveils $25 Billion Game-Changer: Repurposing Untapped Airline & Hotel Points to Revive Struggling Hotels and End Homelessness - With IRS Tax Incentives Key to Unlocking Airline Participation,2026-01-14,AMZN
CoreWeave And The Ghosts Of Cloud 1.0,2026-01-14,AMZN
$1 billion airline brand forced into Chapter 11 bankruptcy,2026-01-14,AMZN
2 Growth Stocks With Big Catalysts in 2026,2026-01-14,AMZN
"Quantum Computing Stocks: UBS Eyes IBM, Google, IonQ. Infleqtion To Go Public.",2026-01-14,AMZN
The Big Picture: Thoughts On Oil And AI 'Cross-Pollination',2026-01-14,AMZN
Microsoft to Revise Data Center Operations Amid Power Cost Concerns,2026-01-14,AMZN
OnTrac CEO Duffy leaves for UK pest control company,2026-01-14,AMZN
"The ‘Magnificent 7’ stocks are dying, and Wall Street is pretty happy about it",2026-01-14,AMZN
"WIRobotics Concludes CES 2026, Advancing into Execution Phase of Global Collaboration Across Humanoid and Wearable Robotics",2026-01-14,AMZN
Is This $50 Cloud Stock a Good Buy Now?,2026-01-14,AMZN
Tsai Capital 2025 Portfolio Update And Performance Review,2026-01-14,AMZN
Dow Jones Retail Giant Amazon Stock Eyes Latest Buy Point,2026-01-14,AMZN
Nasdaq Turns Lower Amid Mag 7 Struggles,2026-01-14,AMZN
Walmart makes bold move to challenge Amazon for customers,2026-01-14,AMZN
RSPD: Consumer Discretionary Dashboard For January,2026-01-14,AMZN
Urgent Warning: These REITs Face High Risk Of Dividend Cuts,2026-01-14,AMZN
How Macy’s Media Network navigates complex ‘coopetition’ with Amazon,2026-01-14,AMZN
Heard on the Street Tuesday Recap: Powered Down,2026-01-14,AMZN
Why Salesforce (CRM) Shares Are Plunging Today,2026-01-14,AMZN
"Saks Global, century-old high-end department store chain, files for bankruptcy",2026-01-14,AMZN
"Saks Global, the longtime leader of luxury department stores, files for bankruptcy protection",2026-01-14,AMZN
"Generative AI Digest: New Models, U.S. Executive Order",2026-01-14,AMZN
Hims & Hers: Growth Catalysts Or Margin Trap,2026-01-14,AMZN
Brooks Koepka Returns To PGA Tour Just Weeks After Leaving LIV Golf — Accepts Historic Penalty Of Up To $85 Million In One-Time Comeback Deal,2026-01-14,AMZN
"Stock Market Today, Jan. 13: Netflix Rises After HSBC Upgrade Sparks Optimism Ahead of Earnings",2026-01-14,AMZN
Why Atlassian (TEAM) Shares Are Plunging Today,2026-01-14,AMZN
"Amazon to appeal against Italian fine, even after it was cut, paper says",2026-01-14,AMZN
Amazon holds talks with suppliers on pricing following tariff changes,2026-01-14,AMZN
Heard on the Street Recap: Powered Down,2026-01-14,AMZN
Why DocuSign (DOCU) Stock Is Falling Today,2026-01-14,AMZN
Why Asana (ASAN) Stock Is Trading Lower Today,2026-01-14,AMZN
"AI Sentiment on Amazon (AMZN) Could Improve in 2026, BofA Says",2026-01-14,AMZN
"Domo, Amplitude, and LiveRamp Stocks Trade Down, What You Need To Know",2026-01-14,AMZN
Worried About Nvidia’s China Business? CEO Jensen Huang Says This Is the Top Indicator to Watch.,2026-01-14,AMZN
2 No-Brainer AI Stocks to Buy Hand Over Fist in 2026,2026-01-14,AMZN
Trump's $1.5 Trillion Military Budget Is Sending This Drone Stock Soaring: Momentum Score Spikes,2026-01-14,AMZN
Trump Shares Post Accusing Netflix Of Being 'Woke' — Is President Signaling He Won't Support Warner Bros. Merger?,2026-01-15,AMZN
Why the Nasdaq Composite Is Lagging the S&P 500 and Dow,2026-01-15,AMZN
Market Chatter: Amazon.com Seeks to Trim Payments to Suppliers Ahead of Supreme Court Ruling on Tariffs,2026-01-15,AMZN
A $900M Promise to Amazon and 4 Other Takeaways From the Saks Bankruptcy,2026-01-15,AMZN
Retail ETF (RTH) Touches New 52-Week High,2026-01-15,AMZN
Microsoft Spending on Anthropic AI Nears $500 Million Annually,2026-01-15,AMZN
Why Are Magnificent 7 Losing Their Grip On The Market In Early 2026?,2026-01-15,AMZN
Stock Market Today: Nasdaq Falls Near Critical Level; These China Names Rally (Live Coverage),2026-01-15,AMZN
"The S&P 500 closes higher Thursday as chip, bank stocks rally: Live updates",2026-01-15,AMZN
Amazon announces plan to close its first centre in UK,2026-01-15,AMZN
"2026’s Biggest AI Trends: The Rise of AI Factories | VRT Stock, NVT Stock, MOD Stock",2026-01-15,AMZN
"Equity Markets Fall Intraday as Big Tech, Major Banks Slide",2026-01-15,AMZN
JPMorgan's Q4 Results To Reveal If Dealmaking Will Replace Rate-Driven Profits For Big Banks In 2026— SpaceX's $1.5 Trillion IPO In Focus,2026-01-15,AMZN
"After Apple Deal, Is Google — Not OpenAI — Now the Premier AI Stock?",2026-01-15,AMZN
"Meta Hires Former Trump Adviser, Senator's Wife: President Says Zuckerberg Made 'A Great Choice'",2026-01-15,AMZN
"Mag 7 Fatigue? MAGS ETF Dips As Tesla, Meta And Nvidia Stumble In Early 2026",2026-01-15,AMZN
Why Saks collapsed while the rest of luxury retail is growing,2026-01-15,AMZN
Amazon Challenges Saks' Chapter 11 Financing in Court,2026-01-15,AMZN
Talen Energy Stock Jumps on $3.5 Billion Deal to ‘Enhance’ Data-Center Offerings,2026-01-15,AMZN
Broadcast Television Remains the Most Powerful Platform for Reaching NFL Audiences,2026-01-15,AMZN
Amazon Is Channeling Henry Ford in Drive for Data-Center Dominance,2026-01-15,AMZN
3 Technology Stocks to Sell in 2026,2026-01-15,AMZN
"Curiosity Named Agency of Record for Nurri, Launches First Consumer Campaign, ""Shake Ya Can""",2026-01-15,AMZN
"Wikipedia parent partners with Amazon, Meta, Perplexity on AI access",2026-01-15,AMZN
Did Amazon Just Crack the Code on One of AI’s Biggest Bottlenecks?,2026-01-15,AMZN
Rio Tinto Announced A Strategic Collaboration With Amazon Web Services To Bring Low-carbon Nuton Copper To U.S. Data Centres,2026-01-15,AMZN
TSMC’s Strong Outlook Shores Up Hopes of Sustained AI Boom,2026-01-15,AMZN
Rexford Industrial Realty: A Growing 4% Yield For Lifelong Income,2026-01-15,AMZN
Heard on the Street Wednesday Recap: AI Selloff Resumes,2026-01-15,AMZN
"Wikipedia owner signs on Microsoft, Meta in AI content training deals",2026-01-15,AMZN
"IGD: Middling Performance, But Could Be A Hedge Against A Richly Valued Market",2026-01-15,AMZN
AWS Launches AWS European Sovereign Cloud and Announces Expansion Across Europe,2026-01-15,AMZN
Amazon Unveils Europe Cloud to Boost Data Security,2026-01-15,AMZN
"Trending tickers: TSMC, Google, Airbnb, Schroders, BP",2026-01-15,AMZN
"Stock Market Today: Dow Jones Futures Drop, Nasdaq 100 Gains As Tech Stocks Rebound— Goldman Sachs, Taiwan Semiconductor, ASML In Focus (UPDATED)",2026-01-15,AMZN
Best Stock to Buy Right Now: Amazon vs. Sea Limited,2026-01-15,AMZN
NBCUniversal strategically leans into sports as it prepares for 'Legendary February',2026-01-15,AMZN
Amazon Is Buying America’s First New Copper Output in More Than a Decade,2026-01-15,AMZN
"Amazon threatens 'drastic' action after Saks bankruptcy, says $475M stake is now worthless",2026-01-15,AMZN
Steven Cress' Top 10 Stocks For 2026,2026-01-15,AMZN
Michael Burry's Grim Warning: Meta Just Crossed A Line,2026-01-15,AMZN
AI Bonds Could Devour Credit Markets. Let Stock Investors Take the Risk.,2026-01-15,AMZN
"Apple, Qualcomm Hit AI Supply Snag",2026-01-15,AMZN
Why Amazon (AMZN) Dipped More Than Broader Market Today,2026-01-15,AMZN
Update: Market Chatter: Amazon.com Seeks to Trim Payments to Suppliers Ahead of Supreme Court Ruling on Tariffs,2026-01-15,AMZN
Nasdaq Drops 1%. Small Stocks Take Lead From Big Tech.,2026-01-15,AMZN
"Elon Musk Slams Google, Apple Deal: 'Unreasonable Concentration Of Power'",2026-01-15,AMZN
"Nasdaq Logs Worst Day in 4 Weeks as Big Tech, Major Banks Slide",2026-01-15,AMZN
Heard on the Street Recap: AI Selloff Resumes,2026-01-15,AMZN
Tech Spending Is Still Strong. There’s 1 Big Winner and Plenty of Losers.,2026-01-15,AMZN
Alphabet and Amazon Just Said Something That May Eliminate Nvidia's Biggest Risk,2026-01-15,AMZN
Wedgewood Partners: Q4 2025 Top Performers And Detractors,2026-01-15,AMZN
SK Hynix Bets $13 Billion To Lock In AI Memory Dominance,2026-01-15,AMZN
Review & Preview: Not So Magnificent,2026-01-15,AMZN
"Trump Says Microsoft, Big Tech Must Bear Data Center Power Bills, So Americans Don't 'Pick Up The Tab'",2026-01-15,AMZN
"Amazon Blasts Saks Funding Deal, Says Its Equity Is ‘Worthless’",2026-01-15,AMZN
"Amazon's European sovereign cloud launch is a 'big bet,' AWS CEO Garman tells CNBC",2026-01-15,AMZN
Condo Owner Says HOA Fining $500 A Month Over 'Loud' Floors Installed Before He Bought Unit—Claims 'Board Tyrant' Tried To Personally Rip Them Up,2026-01-15,AMZN
Judge Approves Saks Global DIP Financing Despite Amazon’s Effort to Delay,2026-01-15,AMZN
"Inside the Mad Dash to Save Saks, America’s Last Luxury Retailer",2026-01-15,AMZN
Alibaba Takes Major Step to Link Shopping to Main AI App,2026-01-15,AMZN
Amazon: An Attractive Long-Term Investment Opportunity,2026-01-15,AMZN
Saks Global obtains court approval for $400 million in rescue financing,2026-01-15,AMZN
This Week In E-Commerce - Middle East Embraces Digital Shift With AI And Cashless Economy,2026-01-15,AMZN
Amazon.com (AMZN)’s Long-Term Outperformance Highlights the Risks of Paying Premium Valuations,2026-01-15,AMZN
"Shopify Trades 14% Below 52-Week High: Buy, Sell or Hold the Shares?",2026-01-15,AMZN
Taiwan Semiconductor Earnings Show No AI Bubble; Iran Tension Easing Stalls Blistering Metals Rally,2026-01-15,AMZN
"Bebuzee ($BBUZ) Poised to Become the Next Global Super App, Targeting Hundreds of Millions of Users and a Trillion-Dollar Digital Economy",2026-01-15,AMZN
"Dividend Investor Making $10,000 a Month Shares His Top 8 Stocks, Says AI Stocks Helped Him Reach Goals – 'Tempted To Just Go Ahead And Retire'",2026-01-15,AMZN
"Daily Market Alert: Chip Stocks Surge on TSMC, China Moves to Restrict Nvidia, Wells Fargo Upgrades AMD",2026-01-15,AMZN
PinchAI develops an ecommerce post-purchase risk operating system,2026-01-15,AMZN
First Ever GMA Trucking Procurement Brings Together Leading Companies to Enable Largest Known Deployment of Class 8 Battery Electric Trucks in Texas,2026-01-15,AMZN
Association for Financial Professionals Welcomed 178 New Certified Corporate FP&A Professionals in 2025,2026-01-15,AMZN
CIOs Plan Higher Software Spending in 2026,2026-01-15,AMZN
Chip stocks jump as Nvidia supplier TSMC dismisses bubble fears: 'AI is real',2026-01-15,AMZN
"""You're Never Going to Run Out of Laundry Detergent Again"": Inside Walmart's AI Vision",2026-01-15,AMZN
Gene Munster Says Apple's Move From OpenAI's ChatGPT To Google Gemini Significantly Raises Chances Of New Siri Succeeding: 'Nice Job',2026-01-16,AMZN
Sector Update: Consumer Stocks Advance in Afternoon Trading,2026-01-16,AMZN
Standard Chartered Says '2026 Will Be The Year Of Ethereum' As It Predicts 'ETH Outperformance',2026-01-16,AMZN
Sector Update: Consumer Stocks Higher Late Afternoon,2026-01-16,AMZN
"$3 Meal With Chicken, Broccoli, Tortilla, 'One Other Thing': How Trump Administration Is Solving Affordability, Getting Mocked On Social Media",2026-01-16,AMZN
Best AI Stocks to Buy Now Before they Soar like TSMC,2026-01-16,AMZN
Amazon’s Big Bet: How Nuclear Power and Copper Investments Can Drive the Stock,2026-01-16,AMZN
The Bricks-and-mortar Ruling the Saks Global Bankruptcy,2026-01-16,AMZN
Netflix Reportedly Prepares All-Cash Bid For Warner Bros. As Paramount Turns Up Heat On Takeover Battle,2026-01-16,AMZN
Trump Moves to Make Tech Giants Pay for Surging Power Costs,2026-01-16,AMZN
Exclusive: Is Apple Late To Foldable iPhones? Ming-Chi Kuo Says Cupertino Isn't At 'Disadvantage' As Samsung Sees Foldables Go Mainstream,2026-01-16,AMZN
AI Market Looks More Like Boom than Bubble After TSMC Earnings,2026-01-16,AMZN
"Massive Corporate Layoffs Changed Everything, Says Robert Kiyosaki. Calls Going To School For Job Security An 'Obsolete Idea'",2026-01-16,AMZN
Amazon Stock Climbs -- AWS Unveils Major EU Cloud Move,2026-01-16,AMZN
Top Midday Stories: BlackRock Rises on Q4 Results; Amazon Challenges Saks Global Chapter 11 Plan; Ford-BYD Potential Deal,2026-01-16,AMZN
Amazon digs deep for AI gold as copper mine partnership fuels massive data center expansion,2026-01-16,AMZN
"Buffett Refused A Raise For Decades, His Successor Earns 250x More To Lead Berkshire Hathaway",2026-01-16,AMZN
These Major Stores Are Closing Locations In 2026,2026-01-16,AMZN
"Congresswoman Violates STOCK Act With Over 200 Late Trade Disclosures: Purchases Include Mag7, Healthcare Stocks",2026-01-16,AMZN
Rio Tinto to supply copper to Amazon for AI data centers,2026-01-16,AMZN
Will MSFT Stock Climb as Azure AI Services Gain Traction?,2026-01-16,AMZN
Tech Earnings Seen as AI Reality Check,2026-01-16,AMZN
Watch February Earnings From NVIDIA and Microsoft to Predict Where This Mag7 ETF Goes Next,2026-01-16,AMZN
"AI chip trade, Saks' bankruptcy woes, Trump's health-care plan and more in Morning Squawk",2026-01-16,AMZN
"Multimillionaires Were Asked If 'The Harder You Work, The Luckier You Get' Is True. 'You Can't Sink A Long Putt If You Aren't On The Green'",2026-01-16,AMZN
Amazon vs. Oracle: Which Cloud Computing Stock is the Better Buy Now?,2026-01-16,AMZN
Is Carter's Wholesale Segment Weakness Dragging Overall Growth?,2026-01-16,AMZN
"Nigeria Approves Satellite Licenses for Amazon Kuiper, BeetleSat, Satelio",2026-01-16,AMZN
"AI-Shopping Assistant Rufus to Drive Amazon.com, Inc. (AMZN) e-Commerce Growth: Evercore ISI",2026-01-16,AMZN
"Prediction: This Will Be the First Dividend Champion from the ""Magnificent Seven""",2026-01-16,AMZN
OpenAI has committed billions to recent chip deals. Some big names have been left out,2026-01-16,AMZN
It's More Complicated Than Mag Seven,2026-01-16,AMZN
Spotify will net an eye-popping amount of money by raising prices again,2026-01-16,AMZN
Amazon Will Be America’s First $1T Revenue Company,2026-01-16,AMZN
Cathie Wood Is Selling Meta Platforms Stock. Should You?,2026-01-16,AMZN
5 Bargain Stocks That Could Deliver Jaw-Dropping Returns in 2026,2026-01-16,AMZN
Stock Market Today: Dow Wavers Near Record Highs; Nvidia Regains Key Level (Live Coverage),2026-01-16,AMZN
Rigetti Stock: Hype or Hidden Opportunity in Quantum Tech?,2026-01-16,AMZN
"Taiwan Semiconductor's Stock Surge Minted $6 Billion For Ken Fisher, Laffont And Sanders",2026-01-16,AMZN
AI + America + SCHG = Long-Term Growth,2026-01-16,AMZN
OpenAI Is Going on a Massive Spending Spree. These Stocks Stand to Benefit.,2026-01-16,AMZN
Trump's Power Move; Smart money Not Buying Semi Stocks At ATH,2026-01-16,AMZN
Oracle Doubles Down On Nashville World Headquarters As Cloud Hiring Hits Record High,2026-01-16,AMZN
Amazon & 3 More Stocks With Strong Interest Coverage Worth Buying,2026-01-16,AMZN
"Have $1,000? 3 Consumer Stocks to Buy and Hold for the Next 10 Years: Costco, Coca-Cola, and Amazon​.",2026-01-16,AMZN
AST SpaceMobile Stock Jumps Again. Why the SpaceX Rival’s Shares Are Going Stellar.,2026-01-16,AMZN
"Gold, silver record climb has hint of 'Sell America' trade in it",2026-01-16,AMZN
Nvidia stock is 'on track' but lacks 'meaningful new catalysts',2026-01-16,AMZN
Amazon Locks In Copper Supply as AI Power Demand Grows,2026-01-16,AMZN
Strategy Director Buys MSTR For First Time In 3.5 Years—Here's Why That Matters,2026-01-16,AMZN
"As Tech Giants Get More Hands-On With Energy, Their Risks Rise",2026-01-16,AMZN
"Microsoft, Alphabet, Amazon Poised For 'Very Strong' Q4 Earnings, Says Dan Ives: 'This Is A Mid-1996 Moment'",2026-01-16,AMZN
Why I'm Finally Bullish On Equities Again,2026-01-16,AMZN
"Copper, AI & America's Supply Risk",2026-01-16,AMZN
"Walmart overhauls executive ranks, John Furner set to take CEO role at month's end",2026-01-16,AMZN
Cathie Wood's ARK Invest Says Apple's Reliance On Google For AI Signals Deeper Trouble,2026-01-17,AMZN
Trump Says It's 'A Good Thing' Ford Has 5K Open Mechanic Jobs. 'You're Going To Have A Thing Called Robots',2026-01-17,AMZN
Liberty All-Star® Equity Fund December 2025 Monthly Update,2026-01-17,AMZN
Heard on the Street: Risks Rise as Tech Giants Dive Into Energy,2026-01-17,AMZN
"Dividend Investor Earns $30K a Month After 37 Years, Says He Started Investing in 1988 With Student Loans",2026-01-17,AMZN
The Visible Alpha AI Monitor January 2026 Update: What's Next For AI?,2026-01-17,AMZN
Amazon: The K-Shaped Economy Will Likely Increase Online Shopping,2026-01-17,AMZN
Expert flags split approaches among tech players in quantum computing,2026-01-17,AMZN
Amazon vs. Walmart: Which Retail Powerhouse Belongs in a Long-Term Portfolio?​,2026-01-17,AMZN
"Tesla's FSD, like almost everything else, is becoming a subscription",2026-01-17,AMZN
Verizon Outage Ends — And The Stock Is Bracing For The Damage,2026-01-17,AMZN
Billionaire Bill Ackman Has 39.5% of His Portfolio Invested in These 3 Unstoppable Stocks,2026-01-17,AMZN
"Dan Ives Calls It 1996, Not 1999 — 3 AI Stocks Wall Street Still Isn't Pricing In",2026-01-17,AMZN
"As Trump's deadline for a cap on credit card rates looms, banks have only questions and no answers",2026-01-17,AMZN
'Ramsey Show' Caller Says His Wife Secretly Took Out $300K In 'Predatory Loans' Over 10 Years And 'Blew' It On Amazon,2026-01-17,AMZN
"After a Disappointing 2025, Here's My Favorite ""Magnificent Seven"" Stock in 2026",2026-01-17,AMZN
"Liberty All-Star® Growth Fund, Inc. December 2025 Monthly Update",2026-01-17,AMZN
1 Fintech Disruptor + 2 Mag 7 Stocks to Buy as Momentum Surges,2026-01-17,AMZN
After Saks’s Collapse—a Bitter Rift With Amazon,2026-01-17,AMZN
These Stocks Trade Near All-Time Highs but Remain Solid Long-Term Buys,2026-01-17,AMZN
"30 Stocks to Buy in 2026, According to Our Roundtable Pros",2026-01-17,AMZN
"Focus On Amazon (AMZN)’s Retail Business As Well, Says Jim Cramer",2026-01-17,AMZN
"Walmart (WMT)’s Giving Great Competition to Amazon, Says Jim Cramer",2026-01-17,AMZN
AutoZone: Recent Pullback Creates An Opportunity In A Durable Auto Parts Leader,2026-01-17,AMZN
Why Is Meta Platforms Priced 36% Cheaper Than Its Hyperscaler Peers?,2026-01-17,AMZN
This Under-the-Radar Pet Stock Could Be the Biggest Meme Buy in January 2026,2026-01-17,AMZN
ICE raids spur investor questions on Home Depot surveillance data,2026-01-17,AMZN
"How Amazon, Microsoft's growth went from 'stupendous' to 'nice'",2026-01-17,AMZN
"Is Amazon.com, Inc. (AMZN) The Stock with Best Earnings Growth for the Next 5 Years?",2026-01-17,AMZN
"Gary Black Likes Elon Musk's Tesla But Not TSLA, Draws Comparison With Amazon—Says Nvidia 'Democratizes Autonomy'",2026-01-18,AMZN
"Amazon Loses Fight To Block Saks Bankruptcy Financing, Says Report: Company Warns Of 'Drastic Remedies'",2026-01-18,AMZN
"3 Growth Stocks to Invest $1,000 in Right Now",2026-01-18,AMZN
"Jamie Dimon Rules Out Fed Chair Role, But Would Consider 'Secretary of The Treasury' If The President Asks: 'I Like Being My Own Boss'",2026-01-18,AMZN
Amazon.com to Webcast Fourth Quarter 2025 Financial Results Conference Call - Amazon Investor Relations,2026-01-22,AMZN
Amazon Q4 earnings: AWS strength vs. rising AI costs - ig.com,2026-01-27,AMZN
ChatGPT Thinks Amazon Stock Will Close At This Price In The Next 60 Days - Yahoo Finance,2026-01-28,AMZN
Amazon (AMZN) Earnings Expected to Grow: What to Know Ahead of Next Week's Release - Yahoo Finance,2026-01-29,AMZN
Should You Invest in Amazon Stock in 2026? - Yahoo Finance,2026-01-30,AMZN
How High Will Amazon Stock Go in 2026? Experts Weigh In - Yahoo Finance,2026-01-30,AMZN
"January jobs data, Alphabet and Amazon earnings, more Warsh fallout: What to watch this week - Yahoo Finance",2026-02-02,AMZN
Here's How Much Amazon Stock Is Expected to Move After Earnings Thursday - Investopedia,2026-02-03,AMZN
Can Amazon’s Q4 Earnings Report Push AMZN Stock Higher? - Yahoo Finance,2026-02-03,AMZN
Should Investors Buy Amazon Stock Ahead of Q4 Earnings Release? - Zacks Investment Research,2026-02-03,AMZN
Is It Time To Reconsider Amazon.com (AMZN) After Strong Multi Year Share Price Gains - Yahoo Finance,2026-02-03,AMZN
"Amazon (AMZN) Earnings Thursday: AWS, Ads, Margins, Guidance - tastylive",2026-02-03,AMZN
Amazon Q4 Earnings Preview: What To Watch When AMZN Reports on February 5 - Yahoo Finance,2026-02-04,AMZN
Amazon (AMZN) Earnings: The $700 billion milestone and the AI crossroads - marketpulse.com,2026-02-04,AMZN
OpenAI models could help power Alexa as part of Amazon investment deal - CNBC,2026-02-04,AMZN
"Amazon reports EPS miss, revenue beat in Q4 earnings - CNBC",2026-02-05,AMZN
Amazon’s (NASDAQ:AMZN) Q4 CY2025: Beats On Revenue But Stock Drops - Yahoo Finance,2026-02-05,AMZN
Amazon.com announces fourth quarter results - About Amazon,2026-02-05,AMZN
Amazon shares tank on investor jitters over AI spending - Yahoo Finance,2026-02-05,AMZN
"Amazon stock falls 8% on $200 billion spending forecast, earnings miss - CNBC",2026-02-05,AMZN
"Amazon to Block Investor Vote on AI Services for Israel, DHS - Bloomberg Law News",2026-02-06,AMZN
"Amazon stock sinks after company touts $200 billion AI spending plans, offers cautious profit outlook - Yahoo Finance",2026-02-06,AMZN
Amazon Stock Slides As $200 Billion AI Spending Plan Spooks Investors - Investor's Business Daily,2026-02-06,AMZN
Amazon Stock Sinks 11% as Andy Jassy Announces $200 Billion Spending Plan - TIKR.com,2026-02-06,AMZN
Amazon Stock Falls Sharply on Earnings. AI Spending Soars. - Barron's,2026-02-06,AMZN
How LinqAlpha assesses investment theses using Devil’s Advocate on Amazon Bedrock - Amazon Web Services,2026-02-11,AMZN
Is Amazon Stock a Good Buy? - Yahoo Finance,2026-02-13,AMZN
"If You Bought Amazon Stock the Year It IPO’d, Here’s What It Would Be Worth Today",2026-02-13,AMZN
"A 24-Year-Old Asks, 'Am I Missing Something?' They Calculated That $100K By 30 Could Turn Into $1M By 65 Without Adding A Penny",2026-02-13,AMZN
'Amazon-Backed Nuclear Company Gets US Approval for Reactor Fuel' - Bloomberg,2026-02-13,AMZN
What Is Going On With Intel Stock On Friday?,2026-02-13,AMZN
"Oracle Wins CMS Cloud Contract To Power Medicare, Medicaid Modernization",2026-02-13,AMZN
Think You’re Too Old for Wealth? 4 Lessons To Learn From Jeff Bezos Getting Rich in His Mid-30s,2026-02-13,AMZN
Amazon eyes longest losing streak since 2006 on Capex angst,2026-02-13,AMZN
Crocs Regains Its Footing. Charts Point to More Upside,2026-02-13,AMZN
"I'd pick Broadcom, Nvidia first if buying tech stocks, says Niles Investment's Niles",2026-02-13,AMZN
Salesforce Stock Slumps As Employees Push Company To Distance From ICE,2026-02-13,AMZN
Marvell: The Market Overreaction Doesn't Quite Make Sense,2026-02-13,AMZN
Why Amazon Stock and the Rest of Big Tech Could Be the Next GE. That’s Not a Good Thing.,2026-02-13,AMZN
"Soros Fund Management Increases Stake In Amazon Com Inc By 12% To 2,659,572 Shares.",2026-02-14,AMZN
"UPS' plan to cut 30,000 jobs hits legal roadblock amid Amazon pivot",2026-02-14,AMZN
"I Predicted That Oracle and Netflix Would Join Nvidia, Alphabet, Apple, Microsoft, Amazon, Broadcom, Meta Platforms, and Tesla in the $1 Trillion Club by 2030. Here's Why That Forecast Is Being Tested in 2026.",2026-02-14,AMZN
Amazon Stock Faces Heavy Selloff -- AI Spending Stirs Investor Caution,2026-02-14,AMZN
Nvidia stock is stuck in a rut despite AI spending blitz,2026-02-14,AMZN
$10 Billion Gone In 7 Months: Coinbase's Brian Armstrong Falls Off Billionaire Leaderboard As Crypto Fortunes Evaporate,2026-02-14,AMZN
3 Amazon-Heavy ETFs to Buy on the Dip,2026-02-14,AMZN
"Meta, Amazon, and Goolge Lead a $700 Billion Capex Wave: What Stocks Win Beyond NVIDIA?",2026-02-14,AMZN
Her Husband Borrowed $250K Against The Family Home To Buy Crypto. She Says He Lost It All After Accidentally Pressing 'Sell Short',2026-02-14,AMZN
Elon Musk's xAI faces threat of NAACP lawsuit over air pollution from Mississippi data center,2026-02-14,AMZN
Nvidia Can't Break Out. Wall Street Is Questioning $600 Billion AI Payoff,2026-02-14,AMZN
"Liberty All-Star® Growth Fund, Inc. January 2026 Monthly Update",2026-02-14,AMZN
Liberty All-Star® Equity Fund January 2026 Monthly Update,2026-02-14,AMZN
Previewing Retail Sector Earnings: A Closer Look,2026-02-14,AMZN
Is Amazon Stock a Good Buy?,2026-02-14,AMZN
"Renaissance Loads Up on Netflix, Lam Research, ServiceNow — Smart Money Signals Shift",2026-02-14,AMZN
Seth Klarman's Strategic Moves: Amazon.com Inc. Takes Center Stage with 9.28% Portfolio Share,2026-02-14,AMZN
"Dow Jones Futures: Apple, Google, Amazon, Nvidia Hit Indexes; Five Ways To Handle This Dangerous Market",2026-02-14,AMZN
Marc Andreessen made a dire software prediction 15 years ago. Now it’s happening in a way nobody imagined,2026-02-14,AMZN
2026 Is Poised For Even Bigger Gains Than Last Year,2026-02-14,AMZN
Tech Stocks Down 50%: Buy the Dip or a Major Market Shift?,2026-02-14,AMZN
Alphabet bonds' lack of guardrails highlights investor confidence,2026-02-14,AMZN
Big Tech’s Spending Spree Could Limit Buybacks and Dividends,2026-02-14,AMZN
"Amazon Slides 18%, Erases $470 Billion Amid $200 Billion Spending Plan",2026-02-14,AMZN
Explore the S&P500 index on Friday and find out which stocks are the most active in today's session.,2026-02-14,AMZN
'Pentagon Used Anthropic's Claude in Maduro Venezuela Raid'- WSJ,2026-02-14,AMZN
Nvidia Stalls as $600 Billion AI Capex Fails to Lift Shares,2026-02-14,AMZN
"Nvidia’s Week: UBS Raises Target, Hyperscaler Spending Holds, AMD Stumbles",2026-02-14,AMZN
"Dow Jones Futures: How To Handle This Dangerous Market; Apple, Google, Amazon, Nvidia Hit Indexes",2026-02-14,AMZN
"Coinbase Only 22% To Beat Its Earnings As Bitcoin, Ethereum, XRP Drag Down COIN",2026-02-14,AMZN
Winners and Losers in a Tough Week for Stocks,2026-02-14,AMZN
Marvell Expands AI And Cloud Role With Celestial AI And XConn Deals,2026-02-14,AMZN
3 Stocks That Will Be Worth $3 Trillion or More in 3 Years,2026-02-14,AMZN
"Tom Lee Calls MrBeast's Finance Bet The Next 'Robin Hood, SoFi, Chime Combined' For GenZ—'He's The Guy'",2026-02-14,AMZN
"MacKenzie Scott says her college roommate loaned her $1,000 so she wouldn’t have to drop out—and is now inspiring her to give away billions",2026-02-14,AMZN
Prediction: Amazon's Falling Stock Will Fuel 2026 Gains,2026-02-14,AMZN
Bernie Sanders Questions Jeff Bezos' Motives Over Amazon's $200 Billion AI Spending: 'What A Surprise',2026-02-14,AMZN
Amazon’s Epic Losing Streak: Why This Dip Could Be Your Ticket to Riches,2026-02-14,AMZN
Amazon and Microsoft Enter Bear Markets: What’s Breaking the Magnificent 7?,2026-02-14,AMZN
Amazon's Secret Weapon Is Getting Stronger,2026-02-14,AMZN
DoorDash (DASH) PT Raised to $245 from $241 by UBS,2026-02-14,AMZN
Amazon’s Andy Jassy bets on $200bn AI spending drive to revive AWS,2026-02-14,AMZN
The 'Smart Money' Isn't Buying This Market,2026-02-14,AMZN
"How To Retire On $500,000 With A Near-Perfect Portfolio",2026-02-14,AMZN
"Could Investing $1,000 in Amazon Make You Richer?",2026-02-14,AMZN
Palantir Is Executing Well -- The Valuation Is The Problem,2026-02-14,AMZN
The Great Commoditization: How To Invest In A Post-AI World,2026-02-14,AMZN
"GameStop, Palantir, Tesla And More: 5 Stocks Investors Couldn't Stop Buzzing About This Week",2026-02-14,AMZN
"Benzinga Bulls And Bears: Cloudfare, Meta, Lyft — And AI Fears Spook Investors",2026-02-14,AMZN
"Nvidia Stock Investors Just Got Good News From Amazon, Google, Meta Platforms, and Microsoft",2026-02-14,AMZN
Amazon sellers face ruin as tech giant threatens to withhold payments,2026-02-14,AMZN
"Emmanuel Macron Says 'Amazon, Your Package Has Been Delivered' After Ariane 6 Blasts Off With 32 Satellites To Rival Starlink",2026-02-14,AMZN
Amazon Layoffs Test Cost Cuts Valuation And AI Investment Priorities,2026-02-14,AMZN
‘We get the living daylights taxed out of us’: How billionaires like Elon Musk avoid taxes on their massive wealth,2026-02-14,AMZN
Should You Forget Nvidia and Buy 2 Other Artificial Intelligence (AI) Stocks Instead?,2026-02-14,AMZN
The Catch-22 Behind Amazon's Big AI Spending Plans,2026-02-15,AMZN
Apple CEO Tim Cook Receives Letter From FTC Chairman Over Alleged Political Bias In Apple News,2026-02-15,AMZN
Meta Stock Falls 3.28% This Week Despite Ackman Endorsement and Bullish Analyst Targets,2026-02-15,AMZN
They Cashed Out $200K In Crypto And Now Have $4K In Assets — 'We've Never Created A Plan',2026-02-15,AMZN
AI Bubble Fears Are Creating New Derivatives,2026-02-15,AMZN
Patient Capital Bet Heavily on Chime Financial (CHYM) With a 2.04 Million Share Purchase,2026-02-15,AMZN
Coinbase CEO Brian Armstrong Was Asked Whether COIN Plans To Launch Its Own Prediction Market Business—Here's What He Said,2026-02-15,AMZN
"The 590,000-Ton Secret: Why The US Built A 30-Year Copper Fortress",2026-02-15,AMZN
Jim Chanos Slams Bitcoin Play Strategy For Bragging About Stability Of Preferred Shares: 'Can You Imagine Any Other CEO With A Plunging Stock…',2026-02-15,AMZN
"Dow Jones Futures: What To With This Dangerous Market; Apple, Google, Amazon, Nvidia In Focus",2026-02-15,AMZN
AI risk is dominating conference calls as investors dump stocks,2026-02-15,AMZN
This Key Metric for Amazon and Alphabet Will Take a Huge Hit in 2026 Thanks to Massive AI Spending. Here's What It Means for Investors.,2026-02-15,AMZN
AI Disruption Fears Slam Real Estate Brokers,2026-02-15,AMZN
Baidu Embeds OpenClaw In Search App Ahead Of Lunar New Year,2026-02-15,AMZN
"Dow Jones Futures Loom In Dangerous Market; Apple, Google, Amazon, Nvidia In Focus",2026-02-15,AMZN
Trump trade adviser Navarro says administration may force data center builders like Meta to 'internalize' costs,2026-02-15,AMZN
Oppenheimer Upgrades Roku (ROKU) to Outperform After Stock Dip and Amazon DSP Collaboration,2026-02-15,AMZN
Italian Tax Probe Tests Amazon.com’s Regulatory Costs And Profit Flexibility,2026-02-15,AMZN
"Walmart earnings, spending data, and more AI disruptions: What to watch this week",2026-02-15,AMZN
Apple Goes Full Netflix: The 'Severance' Deal Reveals Its Next Big Bet,2026-02-15,AMZN
Microsoft AI Chief Mustafa Suleyman Says Most Professional Tasks Will Be Fully Automated By AI Within 12-18 Months,2026-02-15,AMZN
"Consumer Tech News (Feb 9-13): AI Energy Push, And Mixed Tech Earnings Dominate Headlines & More",2026-02-15,AMZN
Bezos vs. Musk: The New Billionaire Battle for the Moon,2026-02-15,AMZN
Is Amazon Stock Going to $260?,2026-02-15,AMZN
Amazon Stock Just Did Something Last Seen in 2006. It Signals a Big Move in the Next Year if History Repeats Itself.,2026-02-15,AMZN
Brushing fraud: Britons told to beware of mystery parcels as new scam soars,2026-02-15,AMZN
This Artificial Intelligence Stock Could Bounce Back in 2026,2026-02-15,AMZN
Walmart shopper shift is a brutal reality check for retail,2026-02-15,AMZN
"The Smartest Growth Stock to Buy With $1,000 Right Now",2026-02-16,AMZN
Amazon Now Owns Shares of Wall Street's Hottest Quantum Computing Stock,2026-02-16,AMZN
Tesla Makes Its Largest Investment Bet Yet in Its Own Vision,2026-02-16,AMZN
What Does the Market Think About Amazon.com Inc?,2026-02-16,AMZN
Mega Cap 8 Declining As Top Performers Emerge In Major Value Rotation,2026-02-16,AMZN
"Billionaire Bill Ackman Buys 2 Brilliant Artificial Intelligence (AI) Stocks -- They Could Soar in the Next Year, According to Wall Street",2026-02-16,AMZN
Nvidia Supplier TSMC Sees Momentum Surge As Global AI Demand Hits Fever Pitch,2026-02-16,AMZN
Anthropic CEO Dario Amodei Warns One Wrong AI Bet Could Bankrupt The Company: 'No Hedge On Earth That Could Stop...',2026-02-16,AMZN
"Harbor Active Small Cap ETF Q4 2025 Scorecard: Buys, Sells, And Standouts",2026-02-16,AMZN
"Eric Schmidt Says 'We're Running Out Of Electricity,' Urges Space Data Centers — SpaceX CEO Elon Musk Quips: 'If Only There Were A Company'",2026-02-16,AMZN
"Dow Jones Futures Rise; Apple, Google, Amazon, Meta, Nvidia In Focus",2026-02-16,AMZN
The First US Nuclear Fuel License In 50 Years Just Triggered A Uranium Race,2026-02-16,AMZN
"What Does Coinbase's CEO Know That You Don't?—$545M Sold, 88 Sells, 0 Buys",2026-02-16,AMZN
Tom Lee Says AI Killed Software And Job Losses Are 'Soon To Follow',2026-02-16,AMZN
Is Amazon.com (AMZN) Mason Morfit’s Top Pick?,2026-02-16,AMZN
Rampant AI Demand for Memory Is Fueling a Growing Chip Crisis,2026-02-16,AMZN
"I'm An Uber Bull, For Now I Believe DoorDash Is Better",2026-02-16,AMZN
"Artisan Global Equity Fund Q4 2025 Portfolio Movers: Gains, Drags, And Trades",2026-02-16,AMZN
Amazon stock fires bullish technical signal after $470B tumble,2026-02-16,AMZN
The Smartest Growth Stock to Buy With $500 Right Now,2026-02-16,AMZN
Altman and Pichai among tech CEOs heading to India for major AI summit in a key market,2026-02-16,AMZN
Big tech stocks lose billions as AI spending fears hit valuations,2026-02-16,AMZN
'The AI Trade Is Stalling:' Why This Wall Street Expert Is Betting Against The Nasdaq 100,2026-02-16,AMZN
AWS Chief Matt Garman Just Delivered Wonderful News for Amazon Shareholders,2026-02-16,AMZN
"INVNT® Reports Record Growth, Expanding Global Infrastructure and Capabilities Across All Regions",2026-02-16,AMZN
"'I'm Worth $7.3 Million,' Physician Says — Yet A $3 Drink For His Kids Gives Him Pause As 'Ramsey Show' Host Urges Him To 'Loosen The Purse Strings'",2026-02-16,AMZN
"Barry Silbert Forecasts Up To 10% Of Bitcoin's Market Cap Will Move To Privacy Coins—Crypto Mogul Says Zcash Can Rocket 500x, BTC Won't",2026-02-16,AMZN
Marketplaces Are the Next Frontier in Publisher Deals With AI Companies,2026-02-16,AMZN
"SNOW Stock Trades Higher Than Industry at 10.8 P/S: Buy, Sell or Hold?",2026-02-16,AMZN
"Nebius Stock Up Post Q4 Earnings: Buy, Stay Invested or Offload?",2026-02-16,AMZN
Alphabet and Anthropic CEOs Expected to Attend AI Summit. Why Nvidia’s Huang Isn’t.,2026-02-16,AMZN
Italian Tax Probe Tests Amazon Margins And European Regulatory Risk Narrative,2026-02-16,AMZN
"UPS challenges Teamster suit over $150,000 driver buyouts",2026-02-16,AMZN
AI Spending Shock Triggers Big Tech Selloff And Small-Cap Revival,2026-02-16,AMZN
"The AI Stock That Could Turn the Tables on the ""Magnificent Seven""",2026-02-16,AMZN
Apple takes on YouTube and Spotify with new video podcasting push,2026-02-16,AMZN
Anthropic Revenue Run Rate Climbs to $14 Billion Amid India Push,2026-02-16,AMZN
Big Tech Will Spend $700 Billion on Artificial Intelligence in 2026. Here's My Top Stock to Buy to Take Advantage.,2026-02-16,AMZN
3 tools used by technical analysts that can give stock pickers a second opinion,2026-02-16,AMZN
Best Stock to Buy Now: Alphabet vs. Amazon,2026-02-16,AMZN
"Anthropic's revenue run-rate doubled in India in 4 months, says CEO Amodei",2026-02-16,AMZN
"SpaceX Shifts To Moon, Challenges Bezos",2026-02-16,AMZN
Assessing Amazon.com (AMZN) Valuation After Recent Share Price Weakness,2026-02-16,AMZN
"Google DeepMind CEO Demis Hassabis Says AI Will Usher In 'New Golden Era Of Discovery' Within 15 Years, Transforming Medicine, Energy, Space",2026-02-16,AMZN
Is Wall Street Wrong About Amazon Stock?,2026-02-16,AMZN
Amazon.com Stock Forecast 2026–2030 | Future Outlook - Capital.com,2026-02-16,AMZN
Assessing Amazon.com (AMZN) Valuation After Recent Share Price Weakness - Yahoo Finance,2026-02-16,AMZN
"Social Buzz: Wallstreetbets Stocks Mostly Lower Premarket Tuesday; ZIM to Advance, Micron Technology  to Decline",2026-02-17,AMZN
"Data Center Liquid Cooling Market to Witness 28.7% CAGR Driven by AI Adoption, Investments and Sustainability Targets",2026-02-17,AMZN
Nvidia: Closing Out FY26 With A Robust Growth Opportunity (Earnings Preview),2026-02-17,AMZN
Big Tech Market Caps Slide As AI Spending Faces Scrutiny,2026-02-17,AMZN
Why Short Interest In The Nvidia-Heavy XLK Just Tripled While QQQ Bears Flee,2026-02-17,AMZN
Forget Buy-And-Hold: The High-Yield Strategy That Supercharged My Results,2026-02-17,AMZN
"AI Stocks Reset In 2026 Amid Software Reckoning, Hyperscaler Capex Boom",2026-02-17,AMZN
Pitney Bowes Appoints Accomplished Financial Services Leader Steve Fischer as President of The Pitney Bowes Bank,2026-02-17,AMZN
"Tech Weekly: OpenAI unhappy with DeepSeek, Amazon Leo lifts off",2026-02-17,AMZN
"Is Amazon.com, Inc. (AMZN) One of the 14 Best Cloud Computing Stocks to Buy Right Now?",2026-02-17,AMZN
Greene Concepts Announces Be Water Coming Soon to Amazon,2026-02-17,AMZN
AI Fears Play Whack-A-Mole Within The Market,2026-02-17,AMZN
Amazon has lost $450 billion in value during this historic losing streak. Here's what's dragging it down,2026-02-17,AMZN
"BofA Lowers its Price Target on Etsy, Inc. (ETSY) to $63 and Maintains a Neutral Rating",2026-02-17,AMZN
"Liberty Latin America Signs Five-Year Partnership With Amazon Web Services Over Cloud Transformation, AI Adoption, IT Upgrade Across Latin America, Caribbean",2026-02-17,AMZN
AMZN Just Got Crushed And The Market Is Dead Wrong,2026-02-17,AMZN
"How Apple's Contrarian 'Nah, We're Good' Strategy Defies Amazon, Microsoft, Alphabet",2026-02-17,AMZN
"Dan Ives Calls AI-Driven Software Selloff 'Most Disconnected Trade,' Says Salesforce And ServiceNow Are Historic Buys",2026-02-17,AMZN
"These Stocks Are Today’s Movers: Norwegian Cruise Line, Masimo, Paramount Skydance, Infosys, ZIM, and More",2026-02-17,AMZN
"India's Infosys ties up with Anthropic, days after IT selloff",2026-02-17,AMZN
"Big tech approaches ‘red flag’ moment: AI capex is so great hyperscalers could go cash-flow negative, Evercore warns",2026-02-17,AMZN
Big Tech's $650 Billion Bet on AI,2026-02-17,AMZN
UPS identifies 22 package facilities for closure,2026-02-17,AMZN
"Nine Narratives That Could Drive The Next Crypto Bull Market, According To Bitwise Investment Chief Matt Hougan",2026-02-17,AMZN
"Exchange-Traded Funds, Equity Futures Lower Pre-Bell Tuesday Amid AI Disruption Fears",2026-02-17,AMZN
"Cipher Mining, IREN lead Mike Alfred’s Alpine Fox portfolio",2026-02-17,AMZN
Walmart Isn’t America’s Biggest Company Anymore,2026-02-17,AMZN
Is AWS Worth More Than All Of Amazon?,2026-02-17,AMZN
"Amazon Intern Tripled Her Big Tech Paycheck And Built A $302,000 Side Hustle That Outpays Her Day Job",2026-02-17,AMZN
"Gitlab Down 35% in Six Months: Should You Buy, Sell or Hold the Stock?",2026-02-17,AMZN
"Amazon: After Nine Consecutive Days Of Declines, History Suggests Backing Up The Truck",2026-02-17,AMZN
Retailers That Went Bankrupt During Age Of Amazon,2026-02-17,AMZN
Tech stocks fall as AI disruption fears hit more companies,2026-02-17,AMZN
Adage Capital trims stakes in AI heavyweights,2026-02-17,AMZN
Amazon vs. Alibaba: Which E-Commerce Titan Has an Edge Right Now?,2026-02-17,AMZN
BC-Most Active Stocks,2026-02-17,AMZN
ETY: This Option-Income Fund Could Be Riskier Than Commonly Believed,2026-02-17,AMZN
"Tiger Global Management Decreases Stake In Amazon By 9% To 10,011,379 Shares",2026-02-17,AMZN
/R E P E A T -- MEDIA ADVISORY: Unifor update on Amazon Labour Relations Code violation and union's application for board-appointed mediation,2026-02-17,AMZN
Amazon's Losing Streak Extends as AI Jitters Weigh on Tech,2026-02-17,AMZN
Claude Sonnet 4.6 From Anthropic Available In Amazon Bedrock,2026-02-17,AMZN
India bids to attract over $200B in AI infrastructure investment by 2028,2026-02-17,AMZN
"While big tech burns cash on AI, Apple waits",2026-02-17,AMZN
Anthropic Introduces Sonnet 4.6,2026-02-17,AMZN
Amazon begins work on £40m Stockton delivery hub,2026-02-17,AMZN
Cloud startup Render raises funding at $1.5 billion valuation as AI-built apps boom,2026-02-17,AMZN
Walmart and Amazon are part of Zacks Earnings Preview,2026-02-17,AMZN
"Digital Supply Chain & Logistics Tech Research Report 2026: A $146.92 Billion Market by 2031 from $72 Billion in 2025 with SAP, Oracle, Blue Yonder, DHL, and Schneider Electric Leading",2026-02-17,AMZN
India's Adani to invest $100 billion in AI-ready data centres by 2035,2026-02-17,AMZN
Billionaire Bill Ackman Reveals New Position in This Top Artificial Intelligence (AI) Stock,2026-02-17,AMZN
"Oracle Surges 12% While Apple, Amazon Tumble in Choppy Tech Week",2026-02-17,AMZN
DXC’s Enterprise AI Push Tests Whether New Capabilities Can Revive Growth,2026-02-17,AMZN
Anime Streaming Research Report 2026: A $14.65 Billion Market by 2030 from $7.5 Billion in 2024 - Simulcast Strategies and Weekly Release Formats Boost Audience Engagement and Recurring Revenue Growth,2026-02-17,AMZN
3 Stocks to Double Up on Right Now,2026-02-17,AMZN
"Zacks Investment Ideas feature highlights Microsoft, Robinhood Markets, AppLovin and Palantir",2026-02-17,AMZN
EXCLUSIVE: Gaxos.ai Teams Up With TikTok Parent ByteDance To Supercharge AI Video Tools,2026-02-17,AMZN
Technology Dashboard For February And Focus On BCTK ETF,2026-02-17,AMZN
"Amazon's 9-Day Losing Streak Is Overdone, Says Futurum's David Nicholson, Calling $400 Billion Rout A 'Game Of Chicken'",2026-02-17,AMZN
Google (GOOGL) Cloud Revenue Just Surged 48% And May Have Delivered Knockout Blow To OpenAI,2026-02-17,AMZN
The AI smokescreen for getting rid of thousands of staff,2026-02-17,AMZN
Why Is Nvidia Stock Underperforming in 2026?,2026-02-17,AMZN
A Once-in-a-Decade Investment Opportunity: 1 Magnificent Artificial Intelligence (AI) Software Stock to Buy Hand Over Fist Right Now,2026-02-17,AMZN
Peter Thiel's Palantir Extends Partnership With Boeing Rival Airbus,2026-02-17,AMZN
"Billionaire Bill Ackman Sold Hilton Worldwide And Bought This Artificial Intelligence (AI) Stock Up 1,650% Since Its IPO",2026-02-17,AMZN
Modi Seizes AI Summit to Assert India’s Global Ambitions After Tough Year,2026-02-17,AMZN
FDIS: Consumer Discretionary Dashboard For February,2026-02-17,AMZN
Microsoft's Quality Rank Surges As AI Spend Efficiency Calms Investor Nerves,2026-02-17,AMZN
MEDIA ADVISORY: Unifor update on Amazon Labour Relations Code violation and union's application for board-appointed mediation,2026-02-17,AMZN
They Asked Middle-Class Americans Who Escaped Paycheck-To-Paycheck Living What Finally Worked. One Answer Kept Coming Up Again And Again,2026-02-17,AMZN
Amazon Put Options at Lower Strike Prices Have High Yields,2026-02-17,AMZN
Prediction: 2 Stocks That Will Be Worth More Than Amazon 3 Years From Now,2026-02-17,AMZN
"They're Complete Opposites. He Saved More Than $100K And Pays For Everything, While She's $80K In Debt. 'I Ain't Saying She's The Gold Digger'",2026-02-17,AMZN
George Soros Reduces Stake in Smurfit WestRock PLC by 68.99%,2026-02-17,AMZN
84-year-old Dividend King tops $1 trillion valuation milestone,2026-02-18,AMZN
Bank of America resets Nvidia stock forecast,2026-02-18,AMZN
"Berkshire Buys New York Times Stock; Sells Apple, Bank of America, Amazon In 4Q",2026-02-18,AMZN
"Berkshire Cuts Amazon Stake, Makes Bets on New York Times",2026-02-18,AMZN
"In Warren Buffett's Last Quarter as CEO, Berkshire Sold These 2 Big Tech Stocks",2026-02-18,AMZN
"Stock Market Today, Feb. 17: Amazon Rises After Nine-Day Slide Ends on AI Investment Reassessment",2026-02-18,AMZN
"Stock Market Today, Feb. 17: Amazon Stops Slide Spurred By AI Spending Fears",2026-02-18,AMZN
Decorah outdoor tech company Tactacam exploring $1.5 billion sale,2026-02-18,AMZN
"Outdoor camera, surveillance maker Tactacam explores sale, sources say",2026-02-18,AMZN
Nvidia and Meta expand GPU team up with millions of additional AI chips,2026-02-18,AMZN
Amazon Is Working On an AI Content Marketplace for Publishers. Could This Move Send the Stock Soaring?,2026-02-18,AMZN
Stocks May Finally Have Found Their Footing. The S&P 500 Rises.,2026-02-18,AMZN
JPMorgan Flags 'AI-Resilient' Software Names After Selloff,2026-02-18,AMZN
"Following a million-dollar ruling against Amazon, Unifor will seek mediation to expedite first contract",2026-02-18,AMZN
Is It Time To Reassess Amazon.com (AMZN) After Its Recent Share Price Slide,2026-02-18,AMZN
Amazon sheds over $450 billion in value in historic stock slide amid AI vows,2026-02-18,AMZN
Amazon vs. Walmart: Which is capturing the US consumer better?,2026-02-18,AMZN
JEPQ: Collect A 10.5% Yield While Hedging Your Bets,2026-02-18,AMZN
Soros Doubles Down On Big Tech,2026-02-18,AMZN
Palantir Is Latest Tech Firm to Move Headquarters to Miami,2026-02-18,AMZN
"In stagnant job market, worker sentiment 'is taking a hit'",2026-02-18,AMZN
22 Reasons AI Data Center Construction Is In A Bubble,2026-02-18,AMZN
What's going on in today's session: S&P500 most active stocks,2026-02-18,AMZN
"Buffett's Final Filing: Berkshire Initiates New York Times Stake, Slashes Amazon Position Before CEO Transition",2026-02-18,AMZN
Stocks rise ahead of Fed minutes as Nvidia shares gain: Live updates,2026-02-18,AMZN
"Bill Ackman Goes Magnificent Seven Shopping In Q4: Adds META, Increases AMZN, Decreases GOOGL",2026-02-18,AMZN
"David Tepper's Appaloosa Ups Micron Stake By 250%, Trims Nvidia And Amazon",2026-02-18,AMZN
Cadence beats quarterly profit and revenue estimates on strong AI-linked demand,2026-02-18,AMZN
Wednesday's big stock stories: What’s likely to move the market in the next trading session,2026-02-18,AMZN
These stocks are making the most noise in today's session.,2026-02-18,AMZN
REPEAT: Yanik Guillemette Announces Major Accolad Integration to Automate Referral Payments and Commercial Incentives,2026-02-18,AMZN
"Berkshire Hathaway Takes Stake In New York Times, Cuts Apple, Amazon Holdings",2026-02-18,AMZN
Amazon Labour Ruling Tests Cost Assumptions In Fulfilment Network Narrative,2026-02-18,AMZN
Amazon to invest $12 billion in first data center campuses in Louisiana - About Amazon,2026-02-23,AMZN
"Should You Avoid Amazon Stock, or Is This a Once-in-a-Decade Buying Opportunity? - Yahoo Finance",2026-02-24,AMZN
Amazon's Stock Dropped 11% After Its AI Spending Announcement. Here's Why That's a Buying Opportunity in 2026. - Yahoo Finance,2026-02-24,AMZN
Amazon CEO Andy Jassy explains the newly announced long-term strategic partnership with OpenAI - About Amazon,2026-02-27,AMZN
OpenAI and Amazon announce strategic partnership - About Amazon,2026-02-27,AMZN
Amazon increases investment in Spain to €33.7 billion to expand data center infrastructure and drive AI innovation across Europe - About Amazon,2026-03-02,AMZN
Wang leaves Amazon investor role - Global Venturing,2026-03-03,AMZN
Amazon Stock: Rebound Ahead or Prolonged Bearish Pressure in 2026? - Yahoo Finance,2026-03-04,AMZN
"Amazon (AMZN) Stock Trades Up, Here Is Why - Yahoo Finance",2026-03-04,AMZN
Amazon is investing AU$750 million in a robotics fulfillment center in Australia - About Amazon,2026-03-10,AMZN
Is Amazon Stock Overvalued or Dirt Cheap? Here's the 1 Metric That Matters - Yahoo Finance,2026-03-11,AMZN
Is Amazon Stock a Once-in-a-Decade Buying Opportunity? - Yahoo Finance,2026-03-12,AMZN
Building Poland: Amazon announces plans to invest over EUR 5 billion in long-term growth - About Amazon Europe,2026-03-16,AMZN
Health In Tech Partners With Ciklum To Enhance AI-Powered InsurTech Platform And Expand AWS-Based Capabilities,2026-03-17,AMZN
"Is Alphabet Stock's 25.55X PE Still Worth it? Buy, Sell, or Hold?",2026-03-17,AMZN
"Amazon.com, Inc. (AMZN) Is a Trending Stock: Facts to Know Before Betting on It",2026-03-18,AMZN
"Amazon Says Submitted A Bid To USPS As Part Of Their New Auction Concept And Hope To Continue Our Partnership, Even At A Reduced Level; Repeatedly Requested Engagement With Postmaster General Steiner To Work Toward A Solution; Remains Committed To Partnering With USPS; Without Long-Term Certainty, We Now Have To Prepare To Meet Our Customers' Delivery Needs Regardless Of Outcome Of USPS Auction",2026-03-18,AMZN
Exclusive-Amazon CEO sees AI doubling prior AWS sales projections to $600 billion by 2036,2026-03-18,AMZN
Amazon Launches 1-Hour and 3-Hour Delivery Options,2026-03-18,AMZN
Germany Looks To Scale Up AI Infrastructure,2026-03-18,AMZN
Amazon Expands 1 and 3-Hour Delivery Across U.S.,2026-03-18,AMZN
BofA Lifts Hyperscaler Debt Forecast 25% to $175 Billion,2026-03-18,AMZN
Tuesday's session: most active stock in the S&P500 index,2026-03-18,AMZN
"Trade Desk Reels as Publicis Report Triggers a Two-Day, 13% Selloff",2026-03-18,AMZN
Amazon CEO reportedly sees AWS reaching $600B in annual sales amid AI,2026-03-18,AMZN
2 ETFs Have Similar Names. Their Performances Couldn’t Be More Different.,2026-03-18,AMZN
Amazon Stock Rallies on High-Speed Delivery Offensive,2026-03-18,AMZN
1 Magnificent Industrial Stock Down 58% to Buy and Hold Forever,2026-03-18,AMZN
Amazon Ties Ultrafast Delivery To Growing Government Cloud And AI Role,2026-03-18,AMZN
Amazon Plans Drastic Cut in Packages Sent Via Already-Struggling Postal Service,2026-03-18,AMZN
Amazon's 'Super-Sellers' Explode As AI Tools Drive Massive Online Sales Surge: Analyst,2026-03-18,AMZN
1 Cash-Producing Stock to Target This Week and 2 That Underwhelm,2026-03-18,AMZN
Micron Earnings Face High Expectations as Its Stock Keeps Rising,2026-03-18,AMZN
Amazon says U.S. Postal Service 'walked away at the eleventh hour' in negotiations,2026-03-18,AMZN
Prudent Investors Should Be Game Planning For Stagflation,2026-03-18,AMZN
OpenAI inks deal with Amazon to sell AI models to US government agencies,2026-03-18,AMZN
'Amazon Plans Drastic Cut in Packages It Sends Through the Post Office'- WSJ,2026-03-18,AMZN
Exclusive-Amazon CEO sees AI doubling his prior AWS sales projections to $600 billion by 2036,2026-03-18,AMZN
"Amazon Is Set to Gain From AI, Analyst Says. The Stock Looks Cheap.",2026-03-18,AMZN
Analysts revise AI hyperscaler debt forecasts after Amazon bond sale,2026-03-18,AMZN
Sector Update: Tech Stocks Mixed Tuesday Afternoon,2026-03-18,AMZN
Amazon speeds up deliveries in L.A. and elsewhere with one-hour option,2026-03-18,AMZN
Amazon introduces 1-hour and 3-hour delivery in U.S.,2026-03-18,AMZN
Amazon to significantly cut USPS package volumes: report,2026-03-18,AMZN
Amazon Revs Up 1-Hour Shipping in Speed Arms Race,2026-03-18,AMZN
Nvidia CEO Huang says company sees more than $1 trillion in sales through 2027,2026-03-18,AMZN
This $50 Billion AI Bet Is Either Oracle's Masterstroke or Its Biggest Mistake,2026-03-18,AMZN
Oracle Isn't Done Spending Big on AI. Here's Why It Said Investors Shouldn't Worry.,2026-03-18,AMZN
"Amazon, Samsung see AI driving sales, chip demand",2026-03-18,AMZN
Microsoft's threat to sue OpenAI is the clearest sign yet that the most important partnership in tech is breaking down,2026-03-18,AMZN
"How the red-hot AI data center boom is igniting demand for a new, lucrative career path: trade workers ",2026-03-18,AMZN
"Market Chatter: Microsoft Considers Legal Action Against Amazon, OpenAI Over Possible Breach of Exclusivity Deal",2026-03-18,AMZN
Datalign Advisory Opens Custom AI Agent Platform for Wealth Management Firms,2026-03-18,AMZN
"Company News for Mar 18, 2026",2026-03-18,AMZN
Have Amazon and Nvidia become value stocks? This metric says yes.,2026-03-18,AMZN
"Micron rides memory price spike into earnings with stock up 62%, drubbing its tech peers",2026-03-18,AMZN
3 Tech Stocks That Could Profit from Nvidia GTC 2026 Deals,2026-03-18,AMZN
Amazon Doesn't Deserve To Trade At These Prices,2026-03-18,AMZN
"Amazon CEO Sees Cloud Reaping $600 Billion, Report Says. There’s One Big Problem.",2026-03-18,AMZN
Bitcoin ETFs Hit 6 Straight Days Of Inflows: Why Is BTC Going Up Again?,2026-03-18,AMZN
Microsoft Pushes Back On OpenAI Amazon Tie Up,2026-03-18,AMZN
Marelli and AWS pioneer AI-based system for validation of software-defined vehicle solutions,2026-03-18,AMZN
Canto Deepens Commitment to Product-Led Brands with DAM for Products,2026-03-18,AMZN
Amazon Slashing USPS Shipments Could Cost Agency Billions In Revenue,2026-03-18,AMZN
"Big Tech Is Spending $720 Billion on AI in 2026, and This One Stock Gets Paid on Every Dollar",2026-03-18,AMZN
'Microsoft Weighs Legal Action Over $50bn Amazon-OpenAI Cloud Deal' - FT,2026-03-18,AMZN
Amazon to slash USPS volume in shift toward in-house logistics - WSJ,2026-03-18,AMZN
Green Impact Exchange Appoints John Visneski as Chief Information Security Officer,2026-03-18,AMZN
"Elizabeth Warren Alleges Melania Trump Documentary May Be 'One Big Bribe,' Demands To Know Why Amazon Overpaid: 'We Deserve Answers'",2026-03-18,AMZN
Tim Cook To Exit As Apple CEO Before 2027? Here's What Prediction Market Is Saying,2026-03-18,AMZN
Why Are Uber (UBER) Shares Soaring Today,2026-03-18,AMZN
Bloom Energy: Positioned To Capture Urgent Demand For Data Centers,2026-03-18,AMZN
What Is One of the Best Artificial Intelligence (AI) Stocks to Buy Right Now?,2026-03-18,AMZN
Airlines Take Flight While Oil Burns: Markets Edge Higher Amid Middle East Tensions,2026-03-18,AMZN
Microsoft weighs legal action over $50bn Amazon-OpenAI cloud deal,2026-03-18,AMZN
"Microsoft weighs legal action over $50 billion Amazon-OpenAI cloud deal, FT reports",2026-03-18,AMZN
1 Stock I Plan to Load Up On in 2026,2026-03-18,AMZN
Why Is Coupang Stock Gaining Wednesday?,2026-03-18,AMZN
Wall Street Breakfast Podcast: The AI No One Claims,2026-03-18,AMZN
"UnitedHealth, Hims & Hers, Gambling.Com - Value Investing With Raul Shah",2026-03-18,AMZN
Pelosi Vs. Inverse Cramer: The Man Who Tracks Both Makes His Pick For Next 10 Years – 'I'm Riding With…',2026-03-18,AMZN
Amazon: Deep Discount Makes Me Greedy,2026-03-18,AMZN
Memory Supercycle Propels Micron And Market; Hot PPI And Attack On South Pars Dampen Positive Sentiment,2026-03-18,AMZN
"Amazon Is Pulling Some Business From USPS. That’s Good for FedEx and UPS, but Not in the Way You Think.",2026-03-18,AMZN
Top Midday Stories: Producer Inflation Rises More Than Expected; Coupang Creates 'AI Factory' With Nvidia,2026-03-18,AMZN
IBM Closes Confluent Buyout to Power AI: Will it Propel its Shares?,2026-03-18,AMZN
Trade Desk drops after report that Publicis advised clients against using its platform,2026-03-18,AMZN
Microsoft’s Troubled AI Problems Just Got Worse,2026-03-18,AMZN
"First AI Attacks, Now This: Should You Avoid The Trade Desk?",2026-03-18,AMZN
"Centre for Neuro Skills Expands Employer Partnerships Strategy, Appoints Jay Varma as Director",2026-03-18,AMZN
Amazon or Meta: Which Recent Bill Ackman Buy Has More Upside?,2026-03-18,AMZN
"Amazon Might Pull Some Business From USPS. That’s Good for FedEx and UPS, but Not in the Way You Think.",2026-03-18,AMZN
Macy’s Rises 5%: The Department Store Fighting Back in Amazon’s World,2026-03-18,AMZN
"Kevin O'Leary Says No, Interest Rates Won't Ever Go Below 5% Again — But All That It Means Is… 'You're Gonna Buy A House 30% Smaller. That's All'",2026-03-18,AMZN
It's Starting To Feel A Lot Like 2007,2026-03-18,AMZN
Amazon Says in 10 Years AWS Could Be Bigger Than Its Entire Business Today,2026-03-18,AMZN
ETV: Monthly Distribution And Delivering Strong Total Returns,2026-03-18,AMZN
GOOGL's Wiz Buyout Expands Cloud Security Portfolio: What's Ahead?,2026-03-18,AMZN
Mag 7 Or 'Lag 7?' A Quant Review,2026-03-18,AMZN
Amazon’s Big Spring Sale begins March 25. Here's how to save more with a discounted Prime membership and Prime Visa ,2026-03-19,AMZN
Microsoft’s Worst Start Since 2008. Should You Buy the Dip?,2026-03-19,AMZN
Column: Jensen Huang doesn’t need a new chip. He needs a new moat.,2026-03-19,AMZN
"'Jeff Bezos Aims to Raise $100 Billion to Buy, Revamp Manufacturing Firms With AI' - WSJ Exclusive",2026-03-19,AMZN
Can Shopify's Global Expansion Efforts Drive Sustained Revenue Growth?,2026-03-19,AMZN
UBER vs. WRD: Which Stock Is Better Placed in the Lucrative AV Space?,2026-03-19,AMZN
'Google Begins Testing Gemini Mac App to Match ChatGPT and Claude' - Bloomberg,2026-03-19,AMZN
"These Tech Stocks Remain Hot, While Iran War Pullback Intensifies",2026-03-19,AMZN
Oracle Pushes Up Capex Spending on AI: High Risk or High Reward?,2026-03-19,AMZN
"Market Madness: Why JPMorgan, McDonald's are slam dunk stock picks",2026-03-19,AMZN
Uber's $1.25 Billion Rivian Deal Scales Robotaxi Ambition,2026-03-19,AMZN
Has Ethereum Bottomed? Veteran Trader Peter Brandt Highlights Bounce At Long-Term Support,2026-03-19,AMZN
"'Amazon Acquires Robotics Startup, Boosting Efforts to Streamline Deliveries'- The Information",2026-03-19,AMZN
1 in 5 Americans thinks it’s ‘morally wrong’ to be a billionaire—Gen Z in particular finds it distasteful,2026-03-19,AMZN
"Lands' End, Inc. Q4 2025 Earnings Call Summary",2026-03-19,AMZN
Lands' End Q4 Earnings Call Highlights,2026-03-19,AMZN
SEC Regulator Approves Nasdaq's Move Into Tokenized Stocks,2026-03-19,AMZN
Market's Fate In Iran's Hands As Trump Calls For De-Escalation; Selling in Gold,2026-03-19,AMZN
UAE Reaffirms $1.4 Trillion US Investment Plan Amid Iran Conflict,2026-03-19,AMZN
Oracle’s ‘Di-SaaS-ter’ Leaves the Stock Too Cheap. Buy It.,2026-03-19,AMZN
Why Billionaire Investor Druckenmiller Sees Stablecoins Dominating Payments In The Next 10 To 15 Years,2026-03-19,AMZN
"Warren Buffett, Markwayne Mullin Bet On The Same 10 Stocks – Some Might Surprise You",2026-03-19,AMZN
2 Stocks to Buy in March,2026-03-19,AMZN
"The Great Magnificent 7 Breakup: Nvidia Stands Tall While Tesla, Microsoft Stumble And Fall",2026-03-19,AMZN
"US applications for jobless benefits fall to 205,000 last week as layoffs remain historically low.",2026-03-19,AMZN
"AI Agent Traffic Jumps 1,300%. ChannelEngine Introduces AI Attribute Builder for the Next Phase of Ecommerce",2026-03-19,AMZN
Evolent announces appointment of Archie Mayani as chief product officer,2026-03-19,AMZN
Microsoft (MSFT) Valuation Check As Potential OpenAI Amazon Rift Puts US$50b Cloud Deal Under Scrutiny,2026-03-19,AMZN
Zacks Earnings Trends Highlights: Amazon and Tesla,2026-03-19,AMZN
"DSP360, Built on Agingo, Targets Over $200M in Potential Operational Value for Amazon DSPs Over Three Years",2026-03-19,AMZN
/C O R R E C T I O N -- Greentown Labs/,2026-03-19,AMZN
"‘Fantastic news, mate!’ Amazon gives Alexa a distinctly British personality",2026-03-19,AMZN
Energy and Other Sectors Drive Earnings Estimates Higher,2026-03-19,AMZN
"Amazon Stock: Buy, Sell, or Hold?",2026-03-19,AMZN
Forget the War Headlines: This Is the Real Reason Tech Stocks Are Struggling,2026-03-19,AMZN
Amazon’s US$50b OpenAI Bet Puts AWS AI Growth Center Stage,2026-03-19,AMZN
"Uber to invest up to $1.25 billion in EV maker Rivian in deal to launch 50,000 robotaxis",2026-03-19,AMZN
"The Fed decision, Micron earnings, Amazon's USPS contract and more in Morning Squawk",2026-03-19,AMZN
What's Going On With IREN Stock On Thursday?,2026-03-19,AMZN
"Billionaire Stanley Druckenmiller's Newest Buy Is a Must-See if You Own Shares in Wall Street's ""Magnificent Seven""",2026-03-19,AMZN
"Boss, More Work Please",2026-03-19,AMZN
"Alibaba: Ignore The Market Panic, It Was An OK Quarter (Rating Downgrade)",2026-03-19,AMZN
Pink Slip Pivot: Meta Eyes Massive Layoffs To Feed Its AI Ambition,2026-03-19,AMZN
Why Companies Are Chopping Up Big Bond Deals Into Smaller Pieces,2026-03-19,AMZN
Apple Made $900M From AI Last Year While Rivals Burned Through Cash,2026-03-19,AMZN
Stocks Sharply Lower on Iran War and Hawkish Powell,2026-03-19,AMZN
The S&P 500 Is Down But These 3 Tech ETFs Are Proving the Bull Case Isn’t Dead,2026-03-19,AMZN
3 Stocks to Buy Now and Hold Forever,2026-03-19,AMZN
Hammacher Schlemmer acquired by ex-Woot leadership team,2026-03-19,AMZN
Jim Cramer Recommended Amazon (AMZN) As A Long Term Stock In January 2025,2026-03-19,AMZN
Amazon.com (AMZN) and Cerebras Partner for World’s Fastest AI Inference on Amazon Bedrock,2026-03-19,AMZN
Microsoft Weighs Legal Fight As OpenAI Amazon Talks Test Azure Edge,2026-03-19,AMZN
The Trade Desk Stock Drops. 2 Downgrades Make a Bad Year Worse.,2026-03-19,AMZN
The Trade Desk Is Suddenly Bleeding Customers. Is It a Red Flag for the Adtech Stock?,2026-03-19,AMZN
Amazon Plans Major Cut to USPS Shipments,2026-03-19,AMZN
Sector Update: Tech Stocks Mixed Wednesday Afternoon,2026-03-19,AMZN
Why the Trade Desk Is Losing a Key Partner—and What It Means for the Stock,2026-03-19,AMZN
Why Western playbooks fail in China — and what it takes for brands to compete,2026-03-19,AMZN
Appeals Court Pauses Order Against Perplexity Bots in Amazon Dispute,2026-03-19,AMZN
Amazon Stock Investors Just Got Fantastic News From CEO Andy Jassy,2026-03-19,AMZN
Microsoft Weighs Legal Action Over Amazon-OpenAI Deal,2026-03-19,AMZN
Looking for the most active stocks in the S&P500 index on Wednesday?,2026-03-19,AMZN
Amazon CEO Jassy Sees Nvidia’s Huang And Says Hold My Cloud,2026-03-19,AMZN
Sector Update: Tech Stocks Retreat Late Afternoon,2026-03-19,AMZN
"New Drug Cost Study: Canadian Online Pharmacies Offer Up to 89% Savings Versus GoodRx and Amazon for U.S. Consumers, Says Campaign for Personal Prescription Importation",2026-03-19,AMZN
David Tepper's Appaloosa Unloads $117 Million of Whirlpool Shares Amid Stock's Decline,2026-03-20,AMZN
Amazon acquires startup Rivr to test robots for 'doorstep delivery',2026-03-20,AMZN
Meta Platforms is Overvalued at 6.01X PS: Buy or Hold the Stock?,2026-03-20,AMZN
Microsoft Slips Below $400 on OpenAI Deal Concerns,2026-03-20,AMZN
Ripple-Backed Evernorth Files For Nasdaq IPO With $1 Billion XRP Treasury,2026-03-20,AMZN
Amazon Quietly Builds Its Robot Delivery Future,2026-03-20,AMZN
Why Nvidia Stock Is Stuck in a Trading Range—and What Could Finally Break It,2026-03-20,AMZN
San Francisco County Superior Court Tentatively Agrees Reddit's Claims In Anthropic Case Allege Extra Elements Are Qualitatively Different From Rights Protected By Copyright Act Against,2026-03-20,AMZN
3 Reasons A Recession Is Likely - 3 Reasons It Isn't,2026-03-20,AMZN
3 Monster Stocks to Hold for the Next 20 Years Starting Right Now,2026-03-20,AMZN
Jeff Bezos in Talks to Raise $100 Billion for AI Manufacturing Fund,2026-03-20,AMZN
OpenAI's first crack at online shopping stumbled. It's preparing for the next wave,2026-03-20,AMZN
Trump releases AI policy to pre-empt state rules,2026-03-20,AMZN
Is Uber's Mega Deal With Rivian a Game-Changer in the Robotaxi Space?,2026-03-20,AMZN
The Only 3 Growth ETFs I Would Buy and Hold Through Any Market,2026-03-20,AMZN
Nvidia confirms 1 million GPU sale to AWS through 2027,2026-03-20,AMZN
Here’s Why Amazon.com (AMZN) Continues to Strengthen Its E-Commerce and Cloud Dominance,2026-03-20,AMZN
META Taps AI to Boost Safety Features: Ad Revenues to Grow?,2026-03-20,AMZN
Amazon Stock Is Still Slumping. Here's What Wall Street Is Saying About AI Growth.,2026-03-20,AMZN
Why Is Carvana (CVNA) Down 11.6% Since Last Earnings Report?,2026-03-20,AMZN
Bezos Wants $100 Billion to Jumpstart Manufacturing’s AI Revolution,2026-03-20,AMZN
"The AI IPO I’m Most Excited About (And No, It’s Not OpenAI, Anthropic or xAI)",2026-03-20,AMZN
Hyperscalers Are As Strong As Ever,2026-03-20,AMZN
"AI boom is fueling demand for skilled trades—and demand for technicians, HVAC workers, and electricians is soaring, with six-figure salaries to match",2026-03-20,AMZN
Nvidia to Supply 1M Chips to Amazon by 2027,2026-03-20,AMZN
$2 Trillion War Over The Fate Of AI,2026-03-20,AMZN
"3 Artificial Intelligence (AI) Stocks Caught in the Iran War Crossfire, and What Smart Investors Should Do in 2026",2026-03-20,AMZN
Jeff Bezos’ Blue Origin enters the space data center game,2026-03-20,AMZN
Home Improvement Stock Down 40% Gets $14 Million Trim as Growth Slowed Last Quarter,2026-03-20,AMZN
Retail giant Walmart issues economic warning,2026-03-20,AMZN
Nvidia Locks In Massive AWS AI Supply Deal,2026-03-20,AMZN
Agriculture Stock Up 53% Draws $12 Million Bet. Here's What Long-Term Investors Should Know,2026-03-20,AMZN
"Alibaba, Tencent Selloff Signals AI Doubts Growing",2026-03-20,AMZN
Nvidia's $1 Trillion Forecast Is The Peak,2026-03-20,AMZN
"$6 Trillion Triple Witching, Netanyahu's Perfect Timing Saves Market But Iran Keeps Firing",2026-03-20,AMZN
What if ASML Becomes the Next Trillion-Dollar Stock?,2026-03-20,AMZN
"Jeff Bezos Reportedly Seeks $100 Billion To Supercharge AI-Driven Automation, Bernie Sanders Says 'Oligarchs Waging All Out War Against Workers'",2026-03-20,AMZN
Gender Equality Remains ESG’s Obvious Yet Elusive Goal,2026-03-20,AMZN
"Amazon acquires Rivr, maker of a stair-climbing delivery robot",2026-03-20,AMZN
"Prediction: This Neocloud Stock Will Outperform the ""Magnificent Seven"" in 2026",2026-03-20,AMZN
Nvidia To Deliver 1 Million AI Chips To Amazon Web Services By 2027 In Massive Multi-Chip Deal Set To Supercharge Inference And Cloud Computing,2026-03-20,AMZN
AI Startup Yotta Seeks $4 Billion Valuation Ahead of Planned IPO,2026-03-20,AMZN
"Amazon, Meta CapEx Drives Record $45 Billion Data Center Construction Boom, Overtaking Office Build With 29% Jump",2026-03-20,AMZN
'Blue Origin Formally Enters Race To Develop Data Centers In Space' - WSJ,2026-03-20,AMZN
Nvidia's Huang pitches AI tokens on top of salary as agents reshape how humans work,2026-03-20,AMZN
LetPot Achieves Amazon Best Seller Status Across Multiple Markets in 2025 Holiday Season,2026-03-20,AMZN
Rivian's $1.25 Billion Uber Robotaxi Deal Looks Like A Big Win—But Some Analysts Say It's Actually A High-Stakes 'Test',2026-03-20,AMZN
"Reuters Reported Amazon Developing New Mobile Phone Codenamed Transformer, With AI Voice Features Integrated Via Alexa Assistant",2026-03-20,AMZN
"Who's most optimistic about AI — and who isn't, according to Anthropic",2026-03-20,AMZN
"Alibaba, Tencent Shares Lose $66 Billion as AI Vision Falls Flat",2026-03-20,AMZN
Asia Tech+: Ride The Tech Innovation Wave?,2026-03-20,AMZN
Prediction: This Will Be Amazon's Stock Price in 5 Years,2026-03-20,AMZN
"Coinbase Launches 24/7 Stock Trading For Tesla, Apple, Nvidia With 10X Leverage",2026-03-20,AMZN
Amazon Eyes Smartphone Comeback — 'Transformer' Project Reportedly Targets AI-Driven Future,2026-03-20,AMZN
What Are the Best AI Stocks to Buy While Big Tech Is Spending $690 Billion on Infrastructure?,2026-03-20,AMZN
Amazon Pay expands vehicle insurance offerings in India,2026-03-20,AMZN
Flipkart group CFO quits as Walmart‑owned firm gears up for India IPO,2026-03-20,AMZN
Trump administration unveils national AI policy framework to limit state power,2026-03-20,AMZN
Jeff Bezos's $100 Billion Bet Says AI's Next Boom Isn't Software — It's Physical,2026-03-20,AMZN
Exclusive-Amazon plans smartphone comeback more than a decade after Fire Phone flop,2026-03-20,AMZN
"'Laffont's $70 Billion Coatue Looks to Launch New AI, Tech Fund' - Bloomberg",2026-03-20,AMZN
"Nomura Core Equity Fund: Q4 2025 Buys, Sells, And Standouts",2026-03-20,AMZN
"Microsoft Stock Makes No Sense, Play The Spending Versus Revenue Gap",2026-03-20,AMZN
'Marriage penalty' in Washington state's new millionaire tax stirs debate,2026-03-20,AMZN
Jeff Bezos Readies $100B Fund to Automate Manufacturing Companies: WSJ,2026-03-20,AMZN
Prediction: This Will Be Amazon's Stock Price in 5 Years - The Motley Fool,2026-03-20,AMZN
Amazon Stock Is Still Slumping. Here's What Wall Street Is Saying About AI Growth. - Investor's Business Daily,2026-03-20,AMZN
Nvidia to sell 1 million chips to Amazon by end of 2027 in cloud deal,2026-03-20,AMZN
Forget Amazon: These 3 Global E-Commerce Giants Are Trading at Bargain Prices,2026-03-20,AMZN
A $600 Billion Reason to Buy Amazon Stock Now,2026-03-20,AMZN
Lands' End Inc (LE) Q4 2025 Earnings Call Highlights: Strong Revenue Growth Amid Strategic ...,2026-03-20,AMZN
Market Chatter: Jeff Bezos Seeks to Raise $100 Billion for AI Manufacturing Fund,2026-03-20,AMZN
"Jeff Bezos aims to raise $100 billion to buy, revamp manufacturing firms with AI, WSJ reports",2026-03-20,AMZN
These Tech Stocks Are Still a Buy for Many People Even as Iran War Pullback Intensifies,2026-03-20,AMZN
Anthony Scaramucci Backs Michael Saylor's Preferred Stock Bet: 'This Is His iPhone Moment...Has Set The Clock On Global Adoption',2026-03-20,AMZN
"Amazon is building a phone again, and this one is different",2026-03-21,AMZN
Here’s Why Apple (AAPL) Could Be The Best Tech Stock to Buy Now According to Warren Buffett,2026-03-21,AMZN
Is Credo Technology Group Holding Ltd (CRDO) A Good Stock To Buy Now?,2026-03-21,AMZN
Build A Passive Income Buffer As Recession Odds Rise,2026-03-21,AMZN
Sector Update: Tech Stocks Fall Late Afternoon,2026-03-21,AMZN
Jeff Bezos wants to buy manufacturers for a disturbing reason,2026-03-21,AMZN
"Keefe, Bruyette & Woods Bullish on Cipher Digital (CIFR) Amid Company’s Transition Toward High-Performance Computing (HPC) Data Center Development",2026-03-21,AMZN
Curious about the most active S&P500 stocks in today's session?,2026-03-21,AMZN
Coinbase Launches 24/7 Perpetual Futures Trading for Major U.S. Stocks and ETFs,2026-03-21,AMZN
Nvidia Strikes Massive AI Deal With Amazon -- $1 Trillion Opportunity Looms By 2027,2026-03-21,AMZN
Yotta Seeks $600 Million at $4 Billion Valuation Ahead of IPO,2026-03-21,AMZN
Skip Pure-Play Risks: NVIDIA Leads Safer Quantum Investing in 2026,2026-03-21,AMZN
Automotive Parts Stock Down 31% Draws $16 Million Bet as Earnings Fall 50% Year Over Year,2026-03-21,AMZN
Sector Update: Tech Stocks Fall in Afternoon Trading,2026-03-21,AMZN
Amazon plans new smartphone more than a decade after Fire Phone flop,2026-03-21,AMZN
3 International Stocks Most U.S. Investors Have Never Heard Of,2026-03-21,AMZN
Wall Street view: JPMorgan trims S&P 500 estimate on Middle East supply risks,2026-03-21,AMZN
Amazon Stock: Time to Bail or Time to Buy? - Yahoo Finance,2026-03-25,AMZN
Amazon Stock Is Trading at a Historically Low Valuation - The Motley Fool,2026-03-30,AMZN
3 Reasons I'm Buying Amazon Stock Hand Over Fist Right Now - Yahoo Finance,2026-03-30,AMZN
Wall Street resets Amazon stock price targets on AWS AI trends - thestreet.com,2026-03-31,AMZN
Is It Time To Reassess Amazon.com (AMZN) After Its Recent Share Price Pullback - Yahoo Finance,2026-04-03,AMZN
"Investors press Amazon, Microsoft and Google on water, power use in US data centers - Reuters",2026-04-06,AMZN
"Amazon (AMZN) Stock Trades Up, Here Is Why - StockStory",2026-04-09,AMZN
"Amazon CEO takes aim at Nvidia, Intel, Starlink, more in annual shareholder letter - TechCrunch",2026-04-09,AMZN
"Amazon CEO Jassy defends $200 billion AI spend: ""We're not going to be conservative"" - CNBC",2026-04-09,AMZN
"Amazon plans to invest $25 billion in Mississippi data centers, create 2,000 jobs - About Amazon",2026-04-09,AMZN
CEO Andy Jassy’s 2025 Letter to Shareholders - About Amazon,2026-04-09,AMZN
Amazon Stock: What the Charts Say About Where Shares Go Next - Barron's,2026-04-10,AMZN
Andy Jassy Just Announced Wonderful News for Amazon Stock Investors - Yahoo Finance,2026-04-11,AMZN
Amazon Could Explode Higher After Earnings (NASDAQ:AMZN) - Seeking Alpha,2026-04-14,AMZN
Prediction: This Will Be Amazon's Stock Price in 1 Year - The Motley Fool,2026-04-15,AMZN
"NiSource Signs Agreement With Alphabet's Subsidiary To Support Development, Operations Of Large-Scale Data Center In Indiana; Inks Expanded Agreement With Amazon Web Services Over Energization Of Amazon Sites;",2026-04-16,AMZN
Jim Cramer Reveals What Amazon’s (AMZN) Closely Held Secret Is,2026-04-16,AMZN
A Shoe Company Rebranded as an AI Firm and the Stock Jumped 630%. One Analyst Says That’s a Bubble Warning,2026-04-16,AMZN
Can RGTI's 108-Qubit Cepheus Launch Accelerate Quantum Advantage Push?,2026-04-16,AMZN
"Top Midday Stories: TSMC Earnings, Guidance Top Estimates But Shares Fall; PepsiCo Shares Rise Following Q1 Earnings Report",2026-04-16,AMZN
Why I Can’t Stop Buying Amazon Stock,2026-04-16,AMZN
Cipher Digital Is A Small-Cap Stock With Big Ambitions,2026-04-16,AMZN
Oracle’s New AWS Partnership Just Put It Ahead of Azure and Google Cloud,2026-04-16,AMZN
Perplexity CEO Says AI Could Let One Person Do Team-Level Work — 'Even If There Is Temporary Job Displacement',2026-04-16,AMZN
"Consumers Battle Subscription Fatigue. What It Means For Netflix, Adobe.",2026-04-16,AMZN
"Credo Stock: I Called The Surge, Here's Why I'm Buying Every Dip",2026-04-16,AMZN
Verizon: Why Shareholders Should Fear The Amazon Flywheel (Downgrade),2026-04-16,AMZN
Bezos Just Reshaped The Space Market — Now He's Going Atomic With X‑Energy's IPO,2026-04-16,AMZN
"Anthropic Releases Claude 4.7, Introducing Mythos-Inspired Cybersecurity Protections",2026-04-16,AMZN
FCC Chair Brendan Carr Gives Nod To Amazon-Globalstar Deal As Satellite Internet Race With Elon Musk-Led SpaceX Intensifies: 'We're Very Open-Minded…',2026-04-16,AMZN
Amazon Could Re-Rate After Earnings Again (Preview) - Seeking Alpha,2026-04-17,AMZN
Amazon Stock Is Near a Record High. What’s Driving the Rally. - Barron's,2026-04-17,AMZN
Oracle Stock Jumps on Amazon AWS Cloud Deal,2026-04-17,AMZN
UPS vs. FedEx: Which dividend stock is poised to deliver in 2026,2026-04-17,AMZN
"NiSource Signs Data Center Deals With Alphabet, Amazon",2026-04-17,AMZN
"Dow rallies 1,100 points, S&P 500 tops 7,100 for the first time after Iran declares Strait of Hormuz open: Live updates",2026-04-17,AMZN
Explore the S&P500 index on Thursday and find out which stocks are the most active in today's session.,2026-04-17,AMZN
Oracle Expands AWS Tie-Up to Deepen Multicloud Push,2026-04-17,AMZN
"Amazon, Built On Keeping Customers Inside Homes, Now Wants To Send Audiences To Movie Theaters: 'A Reason To Leave The House'",2026-04-17,AMZN
The Biggest Roadblock Between the S&P and Another Record? Big Tech.,2026-04-17,AMZN
Why This $4.4 Million Exit Looks Bearish for a Chemicals Stock Down 50%,2026-04-17,AMZN
Amazon shares can continue to outperform mega cap tech: Barclays,2026-04-17,AMZN
B. Riley Upgrades 2026 Box Office Outlook Following First-Quarter Beat,2026-04-17,AMZN
Trade Tracker: Amy Raskin buys more Apple,2026-04-17,AMZN
"Anthropic Launches Claude Design, A New Anthropic Labs Product; Claude Opus 4.7 Is Available In Research Preview For Claude Pro, Max, Team, And Enterprise Subscribers",2026-04-17,AMZN
ICE Director Lyons to Depart in May After Tumultuous Tenure,2026-04-17,AMZN
Amazon to Acquire Globalstar and Expand Amazon Leo Satellite Network,2026-04-17,AMZN
"Einride Appoints U.S. General Keith B. Alexander to the Board of Directors, Further Scaling its Defense Business",2026-04-17,AMZN
Microsoft: Not Like Meta In 2022,2026-04-17,AMZN
The Amazon-SpaceX Space Race is On. Here’s What I’d Look to Buy in Response,2026-04-17,AMZN
Nasdaq 100 Eyes Historic Daily Win Streak: When Could All-Time Record Be Broken?,2026-04-17,AMZN
4 Internet Stocks You Shouldn't Ignore In The AI Era,2026-04-17,AMZN
Utility Stock Jumps On Data Center Power Deals With These Tech Giants,2026-04-17,AMZN
"Israel-Lebanon Ceasefire, S&P 500's Record Close Drive US Equity Futures Higher Pre-Bell",2026-04-17,AMZN
Citadel’s Ken Griffin Is Piling Into These 2 AI Stocks While Betting Big on Another,2026-04-17,AMZN
"Wall Street Roundup: Good News, Earnings News",2026-04-17,AMZN
"NiSource Signs Alphabet Power Deal, Expands Amazon Agreement",2026-04-17,AMZN
Watch Out for Q2: Evercore Analyst Warns Ad Budget Cuts Could Mute Tech Earnings,2026-04-17,AMZN
AI chipmaker Cerebras files to go public after scrapping IPO plans last year,2026-04-17,AMZN
Aggressive Buying As Hormuz Strait Opens; Trump Says Inflation Is Fake,2026-04-17,AMZN
"Alphabet Shares Rise 7% YTD: Buy, Sell, or Hold the GOOGL Stock?",2026-04-17,AMZN
Jim Cramer on AST SpaceMobile: “Let’s Own This One”,2026-04-17,AMZN
"United States Payment Gateways Market Forecast and Company Analysis Report 2026-2034 Featuring PayPal, Amazon, Adyen, JPMorgan Chase & Co, Stripe, BitPay, Braintree, Wepay",2026-04-17,AMZN
Amazon Stock Is Near a Record High. What’s Driving the Rally.,2026-04-17,AMZN
Amazon Scores Major AI Win as Fox Picks AWS as Preferred Cloud Partner,2026-04-17,AMZN
Amazon beats SpaceX to Globalstar as attention turns to spectrum acquisition,2026-04-17,AMZN
"Perspective: AI demand is inflated, and only Anthropic is being realistic",2026-04-17,AMZN
MercadoLibre vs. Amazon: Which E-Commerce Stock Has More Upside?,2026-04-17,AMZN
"Deal Dispatch: Amazon Buys Globalstar, Instacart Grabs Instaleap, QVC Announces Bankruptcy",2026-04-17,AMZN
"Oracle, AWS collaborate to expand multicloud networking",2026-04-17,AMZN
"United States Quick Commerce Databook Report 2026: Market to Surpass $55.5 Billion by 2029, Driven by GoPuff, DoorDash, Instacart, Walmart, and Amazon",2026-04-17,AMZN
Money secrets that can take you from debt to millionaire,2026-04-17,AMZN
Roku Reaches 100 Million Households As Advertising Drives Growth,2026-04-17,AMZN
Generative AI Digest: AI Drawn Into Geopolitics,2026-04-17,AMZN
T-Mobile Executive Michael Fitz Appointed to Arrive AI Board of Directors,2026-04-17,AMZN
Lightning Round: The world is going to be a changed place and Venture Global has the LNG,2026-04-17,AMZN
Generate Investment Management Trims Alaska Air Group Position,2026-04-17,AMZN
"NiSource signs long-term power deal with Alphabet, expands Amazon agreement",2026-04-17,AMZN
Bull vs. Bear: Is Amazon Stock a Buy or Sell?,2026-04-17,AMZN
"Trump Admin Is Embroiled In A Feud With Anthorpic, Now They Are Reportedly Considering Giving Federal Agencies Access To Mythos Despite Fears",2026-04-17,AMZN
Why Apple's Refusal to Aggressively Build Out AI Compute Is Actually a Brilliant Move for Investors,2026-04-17,AMZN
"As Amazon Pours Another $25B into Data Centers, Buy This 1 High-Yield Data Center Dividend Stock",2026-04-17,AMZN
"SOXX: Thesis Intact, Rally Still A Go, Maintain Buy",2026-04-17,AMZN
NiSource Teams Up With Alphabet And Amazon To Power AI Data Centers—And Says Your Energy Bills Could Drop By This Much,2026-04-17,AMZN
Gaxos (GXAI) Stock Surges Over 19% After Hours: Why Is It Moving?,2026-04-17,AMZN
AMAZON COM INC : Barclays maintains a Buy rating,2026-04-17,AMZN
In-Depth Analysis: Amazon.com Versus Competitors In Broadline Retail Industry,2026-04-17,AMZN
"I Ranked the ""Magnificent Seven"" Stocks From Best to Worst Buys Right Now",2026-04-17,AMZN
$10 Million For 30 Seconds? Disney's Super Bowl Pitch Faces Advertiser Revolt,2026-04-17,AMZN
Brown Advisory Large-Cap Growth Strategy Q1 2026 Portfolio Review,2026-04-17,AMZN
Nvidia AI chip rivals attract record funding as competition heats up,2026-04-17,AMZN
Uber Eats has a fix for pesky returns. You can just sit on the couch,2026-04-17,AMZN
"Qualcomm, Amazon, Netflix And A Tech Stock On CNBC's 'Final Trades'",2026-04-17,AMZN
Is Amazon Actually a Once-in-a-Decade Bargain Right Now? Here's What the Numbers Say.,2026-04-17,AMZN
"Truist Securities Maintains Buy on Amazon.com, Raises Price Target to $285",2026-04-17,AMZN
'Anthropic CEO Lands White House Meeting as Feud Thaws' - Wall Street Journal,2026-04-17,AMZN
Amazon Could Re-Rate After Earnings Again (Preview),2026-04-17,AMZN
Amazon To Rally More Than 14%? Here Are 10 Top Analyst Forecasts For Friday,2026-04-17,AMZN
ULTY: Only A Matter Of Time Until The ~60% Trap Activates Again,2026-04-17,AMZN
Amazon (AMZN) Remains a Buy Ahead of Q1 Earnings. Here Are 3 Reasons Why,2026-04-17,AMZN
David Tepper Is Bullish on These 2 Contrarian Picks and 2 Mega-Cap Winners,2026-04-17,AMZN
Venture Capitalist Marc Andreessen: 'The Grand Unification Of AI And Crypto Is About To Happen',2026-04-18,AMZN
Berkshire May Have Sold $15 Billion of Stocks Run by Former Manager,2026-04-18,AMZN
Now Streaming: Netflix falls after underwhelming Q2 guidance,2026-04-18,AMZN
"Tariffs, Volatility, and Amazon: Is It Still a Long-Term Buy?",2026-04-18,AMZN
What the Allbirds 'Hail Mary' says about the AI trade right now,2026-04-18,AMZN
"Amazon, FTC settlement claim deadline is 100 days away. How to sign up",2026-04-18,AMZN
OpenAI Calls Amazon.com (AMZN) Partnership as a Key Driver of Enterprise Growth,2026-04-18,AMZN
"Amazon.com, Inc. (AMZN) Expands Partnership with NiSource",2026-04-18,AMZN
"Tech Divergence: Chips Soar, Software Weak - Will It Continue?",2026-04-18,AMZN
It's Morning Again In The Stock Market,2026-04-18,AMZN
Why Rigetti Computing (RGTI) Is Up 34.9% After Launching Its 108-Qubit Cepheus-1-108Q System,2026-04-18,AMZN
Nvidia Rival Cerebras Files For IPO After Scrapping Plans Last Year,2026-04-18,AMZN
Barclays CEO Flags Anthropic's Mythos AI As Potential Catalyst For Cyberattacks On Global Banks: 'A Serious Issue',2026-04-18,AMZN
Bezos Just Bought What Musk Wanted — And The $200B Space War Is Escalating,2026-04-18,AMZN
"This Week's Market Wrap: War Fades, Markets Rip, Fed Hopes Rise",2026-04-18,AMZN
Cerebras Files for IPO as Demand Surges for More Efficient AI Chips,2026-04-18,AMZN
How the SpaceX IPO could rewrite space investing,2026-04-18,AMZN
'Bessent and Wiles met Anthropic's Amodei in sign of thaw'- Axios,2026-04-18,AMZN
NVIDIA vs. TSMC: One AI Stock Is a Clear Buy Right Now,2026-04-18,AMZN
OpenAI loses multiple executives in latest leadership shakeup,2026-04-18,AMZN
Satellite Boom Launches STMicroelectronics Stock Into Orbit,2026-04-18,AMZN
AI Startups Capture $242B As Global Funding Hits $300B In Q1 2026,2026-04-18,AMZN
Prediction: These Will Be the Next 3 Stocks to Join the $3 Trillion Club,2026-04-18,AMZN
Looking for the most active stocks in the S&P500 index on Friday?,2026-04-18,AMZN
Why This $59 Million MercadoLibre Buy Follows a 12% Stock Drop,2026-04-18,AMZN
"The Week That Was: April 17, 2026",2026-04-18,AMZN
3 Reasons to Buy Oracle Stock as the AI Trade Gets Riskier,2026-04-18,AMZN
Why Iridium Stock Soared by 22% This Week,2026-04-18,AMZN
"Dow jumps 800 points, S&P 500 at new record, Nasdaq gains 6.8% this week",2026-04-18,AMZN
Tesla rolls out robotaxis in Dallas and Houston,2026-04-19,AMZN
"Amazon.com, Inc. (AMZN) : One of the Top Unrivaled Stocks of the Next 5 Years?",2026-04-19,AMZN
Amazon vs. Walmart: This Isn't Even Close,2026-04-19,AMZN
Amazon Vs. SpaceX Space Race Heats Up At Difficult Time For Musk's Upcoming IPO,2026-04-19,AMZN
I Asked ChatGPT How the Stock Market Would Look If We Ignored the 7 Biggest Stocks,2026-04-19,AMZN
Alphabet Lost 10% in a Single Week Over Artificial Intelligence (AI) Spending Fears. Is This a Buying Opportunity or a Sign of Something Worse?,2026-04-19,AMZN
The Catalyst Is Coming. Here's Why Smart Investors Are Buying United Parcel Service Before June 30.,2026-04-19,AMZN
Live near an AI data center? A new study warns one Virginia site could lead to premature deaths in the community,2026-04-19,AMZN
This Under-the-Radar AI Infrastructure Stock Looks Primed to Skyrocket,2026-04-19,AMZN
AI chip startup Cerebras files for IPO,2026-04-19,AMZN
Oracle adds $100B in market cap on major announcement,2026-04-19,AMZN
"This Is My Favorite ""Magnificent Seven"" Stock Headed Into Earnings",2026-04-19,AMZN
Is It Too Late To Consider Amazon.com (AMZN) After Its Recent Share Price Rally?,2026-04-19,AMZN
The Case for Data Centers in Space Is Getting Stronger,2026-04-19,AMZN
'Firing on all cylinders': Wall Street strategists expect a strong quarter of earnings growth,2026-04-19,AMZN
Warren Buffett Dumped 77% of Berkshire's Amazon Stake and Opened a New Position in This Digital Media Juggernaut,2026-04-19,AMZN
What Does It Take To Be In The Top 5% Of Retirees? $1M Nest Egg May Already Put You Ahead Of The Pack,2026-04-19,AMZN
"Amazon, USPS and the risk of a widening delivery divide in rural America",2026-04-19,AMZN
Walmart challenges Amazon on same-day delivery by using stores as warehouses,2026-04-19,AMZN
Why FFLG Is the Best Fidelity ETF You’ve Never Heard Of,2026-04-19,AMZN
The Trade Desk: Bottoming Signals Are Finally Flashing (Rating Upgrade),2026-04-19,AMZN
"Something Happening at Amazon, Meta Platforms, and Potentially Anthropic is Fantastic News for Taiwan Semiconductor Manufacturing.",2026-04-19,AMZN
SiIicon Valley's AI agent hiccups: Wasted tokens and 'chaotic' systems,2026-04-19,AMZN
"Buy These 3 Growth Stocks Now, Ignore the Noise, and Thank Yourself Later",2026-04-19,AMZN
Jim Cramer Shares Why Amazon.com (AMZN) is Better Than Microsoft,2026-04-19,AMZN
'Fix The Money': Michael Saylor Shares Endgame For Strategy's Bitcoin-Backed Credit Instruments,2026-04-19,AMZN
Did Amazon Just Say Checkmate to Nvidia?,2026-04-19,AMZN
The AI trade is fueling the market to record highs despite Iran war,2026-04-19,AMZN
"Are You a Rich Household? Here's The Income It Takes To Be Poor, Middle Class, Or Wealthy",2026-04-19,AMZN
Goldman Sachs’ blunt words for Amazon stock investors after big deal,2026-04-19,AMZN
Big Tech’s $4 Trillion Boomerang Powers S&P 500 to New Heights,2026-04-19,AMZN
3 Reasons Amazon Stock Can Hit a Record High Despite Monday’s Drop - Barron's,2026-04-20,AMZN
Looking For a Way to Profit from the SpaceX IPO? This Top AI Stock Owns a $100 Billion Stake in the Elon Musk-led Rocket and Satellite Leader.,2026-04-20,AMZN
"FOMO Trumps Strait Closure, And Warsh's Logic For Rate Cuts",2026-04-20,AMZN
"Cerebras Files Again, With Profit This Time",2026-04-20,AMZN
Scott Galloway Says the SpaceX IPO Has ‘No Anchor.’ Here’s Why I Think He’s Wrong.,2026-04-20,AMZN
Amazon Stock Slips Away From Record New High. AI and 2 Other Reasons It Can Get There.,2026-04-20,AMZN
Netflix's Global Expansion Still Wide Open: More Upside Ahead?,2026-04-20,AMZN
Stock Market Today: S&P 500 Pulls Back From Records As Oil Jumps 6% On Hormuz Tensions,2026-04-20,AMZN
"1 p.m. EDT embargo-Amazon's collusion drove up consumer prices, California says, citing new evidence",2026-04-20,AMZN
"Amazon Bulls Get Fresh Ammo As Analyst Flags AWS, Retail Upside",2026-04-20,AMZN
Broadcom’s 140% Surge Shows XMAG Investors Get AI Exposure Without the Mag 7 Trap,2026-04-20,AMZN
"Up 77% This Year Already, Comfort Systems Stock Is Outpacing Nvidia (And It's Not Even Close)",2026-04-20,AMZN
"Amazon expected to report a strong quarter on the backs of Anthropic's Claude, AI demand",2026-04-20,AMZN
Microsoft's Data Center Footprint Reflects AI Demand: What's Ahead?,2026-04-20,AMZN
3 Consumer Discretionary Stocks With Whale Alerts In Today's Session,2026-04-20,AMZN
How Broadcom Ends Nvidia's GPU Monopoly,2026-04-20,AMZN
AST SpaceMobile Dives After Losing Satellite In Blue Origin Launch,2026-04-20,AMZN
NSA Is Running Anthropic's Mythos AI: Report,2026-04-20,AMZN
Adobe launches AI suite for corporate clients as competition heats up,2026-04-20,AMZN
Why the tech stock rally may only be starting,2026-04-20,AMZN
"Google Stock Has Further to Run, Analyst Says. What the Market Is Missing.",2026-04-20,AMZN
Amazon Lands Its Biggest Airline Customer for In-Flight Satellite Internet,2026-04-20,AMZN
The Stocks Billionaires Can’t Stop Buying Right Now,2026-04-20,AMZN
"Alphabet Stock Has Further to Run, Analyst Says. Share Are Falling Anyway.",2026-04-20,AMZN
2 charts show why Magnificent 7 stocks are being loved again,2026-04-20,AMZN
Amazon Gets a Double Upgrade From BofA and KeyBanc Ahead of Earnings: Is $325 the New Floor?,2026-04-20,AMZN
Stock Market Today: Dow Dips As U.S.-Iran Tensions Rise; This Stock Clears Entry (Live Coverage),2026-04-20,AMZN
Motley Fool Asset Management’s Top AI Stock Pick: Amazon.com (AMZN),2026-04-20,AMZN
Why Amazon's partnership with Anthropic could power strong earnings,2026-04-20,AMZN
"Companies Are Spending Millions On Enterprise AI Tools, But Employees Are Boycotting Them, Study Finds",2026-04-20,AMZN
"AI Stocks: Google Makes 'Agentic Cloud' Pitch, Adobe Conference Takes Stage",2026-04-20,AMZN
"AI Demand Surge Has No Cracks, Says Analyst",2026-04-20,AMZN
Robert Reich Blames AI For Complete Disconnect Between Stock Market And Real Economy: 'As Profits Go Up…',2026-04-20,AMZN
"Cramer Highlights Nike, Amazon, Nvidia Stock To Investors: 'Why Would You Sell It?'",2026-04-20,AMZN
Amazon Is Spending $11.6 Billion to Compete With SpaceX,2026-04-20,AMZN
People Say Their Power Bills Are Spiking Even Though They Haven't Changed Their Habits. 'I'm Kicking Myself That I Didn't Get Solar Years Ago',2026-04-20,AMZN
Bezos’s rocket catches up with Musk’s in space rivalry,2026-04-20,AMZN
This Stock Will Be More Profitable Than Amazon and Meta by 2027,2026-04-20,AMZN
"Jeff Bezos Posts Clip Of Blue Origin Successfully Landing New Glenn Rocket's Reusable Booster For First Time, Elon Musk Says 'Congrats'",2026-04-20,AMZN
Oracle: AWS Deal Implications,2026-04-20,AMZN
Amazon com : Leo satellite internet comes to professional golf for the first time,2026-04-20,AMZN
Blue Origin rocket reusable booster lands but satellite misses orbit,2026-04-20,AMZN
Amazon’s Globalstar Deal Recasts Satellite Ambitions And Investor Risk Reward,2026-04-20,AMZN
Amazon (AMZN) Price Target Lowered As CapEx Expected To Peak,2026-04-20,AMZN
Walmart Targets Amazon's Biggest Edge With Aggressive Delivery Overhaul,2026-04-20,AMZN
$800 Billion AI Spending Drives Rally As Valuations Turn 'A Little Rich',2026-04-20,AMZN
"AI drives tech layoffs in TN, could lead to lower pay, experts say",2026-04-20,AMZN
"Exclusive: Tesla's HW3-Equipped Cars 'Legally Blind' In California By DMV Definition, Says Dan O'Dowd—Slams Elon Musk's 'Silicon Valley' Approach",2026-04-20,AMZN
AST SpaceMobile Stock Sinks After Failed Satellite Launch. Blame Bezos’ Blue Origin.,2026-04-20,AMZN
Stock futures decline as Iranian war tensions escalate,2026-04-20,AMZN
"B of A Securities Maintains Buy on Amazon.com, Raises Price Target to $298",2026-04-20,AMZN
"Strong Demand, Bigger Stakes: Oracle's AI Future Hinges On Execution",2026-04-20,AMZN
AI Spending: The Biggest Gamble In U.S. History,2026-04-20,AMZN
"Keybanc Maintains Overweight on Amazon.com, Raises Price Target to $325",2026-04-20,AMZN
SpaceX Could Soon Run Into a $2.7 Trillion Roadblock Named Amazon,2026-04-20,AMZN
"Don't 'leave money behind' when you exit your job, says advisor—how to get what you're owed",2026-04-20,AMZN
Billionaire Bill Ackman Loaded Up on These 2 AI Stocks. Should You Buy Them Too?,2026-04-20,AMZN
China’s Netflix Expects AI to Create Bulk of Shows in Five Years,2026-04-20,AMZN
A closer look at 2 great (and 2 not-so-great) consumer stock picks,2026-04-20,AMZN
The Launch Squeeze Is Real: 5 Stocks To Watch As Space Bottleneck Tightens,2026-04-20,AMZN
Amazon - Amazon and Anthropic expand strategic collaboration,2026-04-20,AMZN
Amazon Investing $5B Into Anthropic; Anthropic Agrees To Spend $100B On Amazon Web Services Over Next 10 Years Under Expanded Collaboration,2026-04-20,AMZN
"80-year-old Home Depot rival closes hardware store, no bankruptcy",2026-04-20,AMZN
Amazon.com shares are trading higher after the company announced that Anthropic will spend more than $100 billion over the next ten years on AWS technologies.,2026-04-20,AMZN
Amazon and Anthropic expand strategic collaboration,2026-04-20,AMZN
Amazon com : and Anthropic expand strategic collaboration,2026-04-20,AMZN
"Anthropic, Amazon Tighten Bond in $5 Billion Investment and Computing Deal - WSJ",2026-04-20,AMZN
5 ways Amazon is investing in Illinois - About Amazon,2026-04-21,AMZN
Anthropic takes $5B from Amazon and pledges $100B in cloud spending in return,2026-04-21,AMZN
"Cathie Wood Bets On Amazon As $100 Billion Anthropic Deal Reshapes AI Race, Here's What Else Ark Traded",2026-04-21,AMZN
"Apple, Amazon, Avis, Blackberry, And Trade Desk: Why These 5 Stocks Are On Investors' Radars Today",2026-04-21,AMZN
"Jeff Bezos' AI lab nears $38 billion valuation in funding deal, FT reports",2026-04-21,AMZN
Anthropic to spend over $100 billion over a decade on Amazon's cloud tech,2026-04-21,AMZN
Tim Cook will step down as Apple CEO and hand reins over to the iPhone maker's hardware leader,2026-04-21,AMZN
"Amazon made Levi's, other brands hike prices on rival sites: California AG",2026-04-21,AMZN
Lumentum Holdings Inc. (LITE): Light-Based AI Networking Is New Big Thing,2026-04-21,AMZN
Is Cisco Systems (CSCO) One of the Best AI Data Center Stocks to Buy Right Now?,2026-04-21,AMZN
Constellation Energy Corporation (CEG): Traditional Utility Versus Tech Infrastructure,2026-04-21,AMZN
"Memory Mania, Mag 7 Rebound, & More",2026-04-21,AMZN
California says Amazon pressured retailers to boost prices on their websites to not undercut it,2026-04-21,AMZN
Big Tech Drives S&P 500 Higher As Magnificent Seven Surge 20%,2026-04-21,AMZN
Adobe Launches AI Tools to Defend Market Position,2026-04-21,AMZN
Top 2 AI-Quantum Hyperscalers to Watch in April With 20%+ Price Upside,2026-04-21,AMZN
"Atty. Gen. Bonta says evidence reveals how Amazon pressured Levi's, other retailers to hike prices",2026-04-21,AMZN
Amazon com : Infor and AWS Bring Agentic AI to Manufacturing at Enterprise Scale,2026-04-21,AMZN
"AMD: Don't Chase Now, Even If You Missed The Ride (Downgrade)",2026-04-21,AMZN
Amazon Stock Jumps On Expanded Deal With Anthropic,2026-04-21,AMZN
AWS Collaborates With SHI India To Enable AI Infrastructure For IndiaAI Mission,2026-04-21,AMZN
12 Consumer Discretionary Stocks Moving In Monday's After-Market Session,2026-04-21,AMZN
Anthropic to spend over $100 billion on Amazon's cloud technology,2026-04-21,AMZN
Amazon faces margin questions despite expected Q1 revenue beat,2026-04-21,AMZN
"Up 12.5% in the Past 5 Days, Should You Keep Buying Oracle Stock?",2026-04-21,AMZN
Infor and AWS bring agentic AI to manufacturing at enterprise scale,2026-04-21,AMZN
Which S&P500 stocks are the most active on Monday?,2026-04-21,AMZN
"Snap Just Announced Major Layoffs: What Do 1,000 (16%) Job Cuts Mean for SNAP Stock?",2026-04-21,AMZN
"Ramit Sethi Tells Bill Ackman, 'Wealthy People Used To Build Libraries, Not Post 40,000-Word Incoherent Rants On Twitter.' Here's Why",2026-04-21,AMZN
Amazon Gets Price Target Boost on AWS Strength,2026-04-21,AMZN
Amazon to invest up to $25 billion in Anthropic as part of $100 billion cloud deal,2026-04-21,AMZN
AI data center spending is booming. Jobs aren't. Here's why,2026-04-21,AMZN
What's Going On With Broadcom Stock Monday,2026-04-21,AMZN
Home Depot's latest purchase will fix a customer pain point,2026-04-21,AMZN
Bank of America resets Amazon stock price target ahead of earnings - thestreet.com,2026-04-21,AMZN
Amazon Stock Up 30%: Is AMZN Still a Buy Before Earnings? - MarketBeat,2026-04-22,AMZN
Tesla Q1: Why I'm Constructive On The Narrative But The Stock Is Still A Sell,2026-04-23,AMZN
Marvell Expands Photonics Capabilities With Polariton Deal,2026-04-23,AMZN
Cloudera Achieves the AWS AI Competency,2026-04-23,AMZN
"AWS says starting today, microcredentials are freely accessible to all builders",2026-04-23,AMZN
Microsoft Commits $18 Billion to Australia AI Expansion,2026-04-23,AMZN
Amazon.com Inc. (AMZN) Gains Analyst Support on Strong AWS and AI Demand,2026-04-23,AMZN
Applied Digital signs $7.5 billion AI data center lease with US hyperscaler,2026-04-23,AMZN
Microsoft ramps up AI push with record Australia investment,2026-04-23,AMZN
IBM Is America’s Worst Big Tech Company,2026-04-23,AMZN
Amazon Deepens AI Push With Expanded Anthropic Deal: What's Ahead?,2026-04-23,AMZN
Ecommerce Founders Who Ignore This Type of AI Will Lose Their Best Customers — Here’s Why,2026-04-23,AMZN
Is Walmart Stock in a Bubble? 1 Weird Signal Answers a Contrarian ‘No.’,2026-04-23,AMZN
Amazon Earnings Preview: Q1 2026,2026-04-23,AMZN
"In two Amazon units, 'builder' replaces traditional job titles",2026-04-23,AMZN
"Software stocks plunge on ServiceNow, IBM results as AI fears escalate",2026-04-23,AMZN
/C O R R E C T I O N -- Grow Therapy/,2026-04-23,AMZN
Channel Partners Conference & Expo and MSP Summit 2026 Reveals Four Key Industry Trends as Satellite Technology and AI Drive Unprecedented Growth,2026-04-23,AMZN
"UBS Maintains Buy on Amazon.com, Raises Price Target to $304",2026-04-23,AMZN
A $100 Billion Reason to Buy Amazon Stock Here,2026-04-23,AMZN
"Is Fastly Stock's 5.21X P/S Still Worth it? Buy, Sell or Hold?",2026-04-23,AMZN
"Amazon AWS Growth Set to Outpace Street on AI Demand, UBS Says",2026-04-23,AMZN
"Acxiom Deepens Amazon Ads Partnership, Making 10,000+ Audiences Available for Immediate Activation in Amazon DSP",2026-04-23,AMZN
GROW THERAPY PARTNERS WITH AMAZON TO PROVIDE EMPLOYEE MENTAL HEALTH BENEFITS,2026-04-23,AMZN
$8 Billion Hedge Fund Is Loading Up on These 3 Stocks,2026-04-23,AMZN
"IceKredit’s CGO Kong Chinang Joins GrabX & AI Forward Summit in Jakarta, Advocates Tripartite Collaboration for Responsible AI in ASEAN",2026-04-23,AMZN
Einride files for $1.35B Nasdaq listing while scaling Amazon electric fleet,2026-04-23,AMZN
Allbirds Is Becoming 'NewBird AI' — Is This the Wildest Pivot Yet?,2026-04-23,AMZN
"No reason for investors to change their tune on software yet, says Brent Thill",2026-04-23,AMZN
Amazon com : Alexa+ arrives in Spain as Amazon's next-generation AI assistant expands internationally,2026-04-23,AMZN
Microsoft to invest $18 billion in Australia for AI push,2026-04-23,AMZN
Microsoft bets big on AI in Australia with $18 billion investment,2026-04-23,AMZN
"Tencent, Alibaba in Talks to Join DeepSeek’s First Funding Round",2026-04-23,AMZN
Microsoft expands AI footprint in Australia with $18 billion investment,2026-04-23,AMZN
"Amazon breaks into GLP-1s, disrupting the obesity distribution chain",2026-04-23,AMZN
AMAZON COM INC : UBS maintains a Buy rating,2026-04-23,AMZN
SK Hynix’s Profit Surge Falls Short as ‘Supercycle’ Debate Rages,2026-04-23,AMZN
California Says Amazon Engaged In Illegal Price-Fixing Scheme—Attorney General Says 'Evidence We've Uncovered Is Clear As Day',2026-04-23,AMZN
"Amazon says Amazon India invests about $300 million in associate safety and well-being, strengthens operations network",2026-04-23,AMZN
"Amazon India Plans ₹2,800 Crore (~$300M) Investment To Strengthen Associate Safety, Health And Well-Being While Expanding Operations Network Across India",2026-04-23,AMZN
The Records Got the Headlines. Oil Is the Real Story.,2026-04-23,AMZN
Dassault Systemes reports first-quarter revenue in line with estimates,2026-04-23,AMZN
"2 Dividend Plays, Taking Profits, And Dry Powder",2026-04-23,AMZN
Satellite startup Univity raises $32 million in push to become Europe's largest operator,2026-04-23,AMZN
Amazon Faces New Legal Tests As Stock Trades Below Fair Value,2026-04-23,AMZN
STMicroelectronics Stock Hits 52-Week High - Here's Why,2026-04-23,AMZN
New Insights from MarginBusiness Reveal Why Amazon Europe Expansion Falls Short for U.S. Brands,2026-04-23,AMZN
"BMO Capital Maintains Outperform on Amazon.com, Raises Price Target to $315",2026-04-23,AMZN
"Tesla investors really need to see progress on Robotaxi, robotics",2026-04-23,AMZN
Mastercard (MA) Payment Network Bolstered By Amazon’s New Prime Business and Amazon Business Credit Cards,2026-04-23,AMZN
"Tesla, ServiceNow Show Risks of Relying on Big Tech Earnings. Here’s the Silver Lining.",2026-04-23,AMZN
"Weatherford, IBD Stock Of The Day, Shows Resilience Amid Iran War",2026-04-23,AMZN
"Amazon Q1 Earnings Preview: Can AI, AWS and Ads Power AMZN Stock Higher?",2026-04-23,AMZN
Intel to report first quarter earnings as CPUs become key to AI growth,2026-04-23,AMZN
Conventum Alluvium Global Fund: Q1 2026 Leaders And Laggards,2026-04-23,AMZN
Google Will Spend Up to $185 Billion This Year to Power AI 'Agentic Era': CEO,2026-04-23,AMZN
"Ahead of Earnings, Is Amazon Stock a Buy, a Sell, or Fairly Valued? - Morningstar",2026-04-23,AMZN
"Memory stocks work because of shortages, says Jim Cramer",2026-04-23,AMZN
Sector Update: Tech Stocks Rise Late Afternoon,2026-04-23,AMZN
Amazon offering GLP-1 access in new personalized care program,2026-04-23,AMZN
Berkshire Hathaway Is Selling Down These 4 Positions. Here’s What That Means for Investors,2026-04-23,AMZN
"Amazon.com, Inc. (AMZN) Strengthens Satellite Service Prospect with Globalstar Deal",2026-04-23,AMZN
Anthropic Targets EU Data Center Market With A Six-Figure Recruitment Drive: Report,2026-04-23,AMZN
"Amazon: Sell On Anthropic Deal Spike, Valuation Doesn't Add Up",2026-04-23,AMZN
UBS says AI investment cycle is broadening even as market grows more selective on returns,2026-04-23,AMZN
Microsoft plans first-ever voluntary employee buyout for up to 7% of U.S. workforce,2026-04-23,AMZN
Oracle's AI Power Play: $550 Billion Backlog Defies Today's Tech Slump,2026-04-23,AMZN
Apple's Leadership Change to Boost AI Integration? ETFs in Focus,2026-04-23,AMZN
EBANX reinforces global executive team with CTO and CHRO appointments,2026-04-23,AMZN
Best Health & Fitness Stocks to Buy for the Wellness Boom,2026-04-23,AMZN
5 Downsides To The AI Revolution,2026-04-23,AMZN
Amazon.com (AMZN) is Strengthening Market Entrenchment Through Investment in Leo Satellite Service,2026-04-23,AMZN
Latest News In E-Commerce - South Korea's Social Commerce Boom Driven By Innovation,2026-04-23,AMZN
S&P 500 Is Hitting The Upper Circuit: Here's What Happens Next,2026-04-23,AMZN
"PNK Group Expands Its Presence in Pennsylvania with Land Acquisition in Reading, Berks County",2026-04-23,AMZN
"Nvidia stock closes at record, pushing market cap past $5 trillion",2026-04-24,AMZN
Amazon-Backed X-Energy Climbs 31% After $1.02 Billion US IPO,2026-04-24,AMZN
Meta to deploy Amazon’s Graviton chips in expanded multiyear AWS agreement,2026-04-24,AMZN
"Intel's Post-Earnings Remarks Indicate Full-Year Revenue Upside Potential, UBS Says",2026-04-24,AMZN
Here is why Marvell (MRVL) is Among the 10 Best Fast Growth Stocks to Invest In Now,2026-04-24,AMZN
Amazon Reports Earnings on Wednesday—Here's How Much the Stock Is Expected to Move - Investopedia,2026-04-24,AMZN
Amazon to invest up to $25 billion in Anthropic to deepen their AI ties,2026-04-24,AMZN
Meta plans 10% layoffs as AI spending soars: source,2026-04-24,AMZN
Why Meta is laying off 10% of its workforce,2026-04-24,AMZN
Amazon Aims to Take Over the GLP-1 Market Next. Will That Move the Needle for AMZN Stock?,2026-04-24,AMZN
Sam’s Club rolls out 1-hour express delivery option,2026-04-24,AMZN
"Meta to cut 8,000 jobs, Microsoft offers buyouts to to staff as AI spending costs hit Big Tech workers",2026-04-24,AMZN
Oracle Corporation (ORCL): Can This Stock Join the Trillion Dollar Elite?,2026-04-24,AMZN
DOCN Stock Jumps 104% YTD: Is There More Room to Grow?,2026-04-24,AMZN
"WA-AMAZON.COM,-INC.",2026-04-24,AMZN
Iridium Communications Inc. (NASDAQ:IRDM) Q1 2026 Earnings Call Transcript,2026-04-24,AMZN
This Is Why Wall Street Firms Are Bullish on YETI Holdings (YETI),2026-04-24,AMZN
The Real Brokerage appoints Jani as CFO,2026-04-24,AMZN
"Yatra Online (YTRA) Announces Results for Q3 2026, and Overall Gross Bookings Rose 21% YoY",2026-04-24,AMZN
Earnings call transcript: U.S. Bancorp Q1 2026 results beat estimates,2026-04-24,AMZN
Expedia Group CFO Shake-Up Sends EXPE Stock Sliding Before Earnings,2026-04-24,AMZN
"Apple, Amazon Push Back on Stricter Emissions Reporting Rules",2026-04-24,AMZN
Jim Cramer Shares Why Amazon.com (AMZN) Shares Are Higher,2026-04-24,AMZN
This Under‑the‑Radar E-Commerce Stock Is Down from Its Highs -- and Might Be the Biggest Bargain in The Market Right Now.,2026-04-24,AMZN
Why Microsoft is offering its first voluntary employee buyout,2026-04-24,AMZN
Nasdaq Slides. Earnings Fail to Save the Day.,2026-04-24,AMZN
Where is Microsoft’s headquarters? Inside the tech giant’s corporate campus,2026-04-24,AMZN
Review & Preview: Earnings Storm,2026-04-24,AMZN
Bezos’ Physical AI Lab Has Closed Round at $38 Billion Value,2026-04-24,AMZN
Meta set to layoff 10% of its staff as it pushes for AI,2026-04-24,AMZN
Amazon-backed X-Energy raises over $1 billion in IPO,2026-04-24,AMZN
Amazon-backed X-energy raises $1.02 billion in IPO,2026-04-24,AMZN
Cisco Systems (CSCO): Can It Hit Trillion Dollar Milestone?,2026-04-24,AMZN
Barclays (DJP) launches Trigger Autocallable notes tied to AMZN/GOOG/META,2026-04-24,AMZN
"JPMorgan Adjusts NiSource Price Target to $52 From $49, Maintains Overweight Rating",2026-04-24,AMZN
"Chicago Capital Doubles Down on PROCEPT BioRobotics, Adds $27 Million in Stock",2026-04-24,AMZN
Jefferies Financial Group (JEF) Jumps 5.6% to $48.23,2026-04-24,AMZN
Amazon to convert Walker's Point warehouse into rapid-delivery hub,2026-04-24,AMZN
Amazon.com Inc Stock (AMZN) Moved Up by 3.03% on Apr 24: Facts Behind the Movement,2026-04-24,AMZN
"USCL ETF volume surges 27× as Nvidia, AI bets jump",2026-04-24,AMZN
"Baron Capital rolls out five active ETFs, SpaceX becomes the firm's biggest investment",2026-04-24,AMZN
Buy Spotify Technology Stock Now Down 33% Before Earnings,2026-04-24,AMZN
UPS Tariff Refund Push Tests Customer Trust And Cash Flow Story,2026-04-24,AMZN
"Stock Market Today: SPY, QQQ Power to Record Highs ahead of Potential U.S.-Iran Talks in Islamabad",2026-04-24,AMZN
Morgan Stanley Upgrades Harmony Gold (HMY) to Overweight,2026-04-24,AMZN
Arrive AI Appoints T-Mobile Executive Michael Fitz to Board of Directors,2026-04-24,AMZN
"Cathie Wood’s ARK buys Amazon stock, sells AMD and Rocket Lab By Investing.com",2026-04-24,AMZN
MRO Americas: AAR targets parts sourcing with AI-powered Airvoyant platform,2026-04-24,AMZN
"Why Is TD Cowen Doubling Down on Amazon (AMZN), Microsoft (MSFT), and Apple (AAPL) ahead of Earnings Next Week",2026-04-24,AMZN
"Up 240% in the Past Year, Analysts Still Love Sterling Infrastructure Stock",2026-04-24,AMZN
Sprouts Farmers Market Growth Story Gains Traction With Strong Quarter,2026-04-24,AMZN
Google investing up to $40 billion in Anthropic,2026-04-24,AMZN
Expedia Appoints Derek Andersen as New Chief Financial Officer,2026-04-24,AMZN
"Citizens Lowers MiMedx Group, Inc. (MDXG) Valuation to $7 Amid Sluggish Recovery Trends",2026-04-24,AMZN
Why Astera Labs Stock Is Surging Right Now,2026-04-24,AMZN
BKNG to Report Q1 Earnings: What's in the Cards for the Stock?,2026-04-24,AMZN
"Marvell: Finally Silences The Skeptics, But Don't Rush In Now (Downgrade) (NASDAQ:MRVL)",2026-04-24,AMZN
Unity Software (U) Faces AI Challenges Despite Powering Meta’s Virtual Reality,2026-04-24,AMZN
How Expanding GLP‑1 Offerings and Partnering With LillyDirect At Hims & Hers Health (HIMS) Has Changed Its Investment Story,2026-04-24,AMZN
AFRC hits PwC with $38.3m fine and curbs over Evergrande audits,2026-04-24,AMZN
"Apple Stock, Back In Growth Mode, In Earnings Spotlight With Google, Meta, Amazon",2026-04-24,AMZN
3 Reasons the Sell-Off in Chewy Is a Gift for Long-Term Investors,2026-04-24,AMZN
Amazon shares are trading higher. The company expanded its partnership with Meta to deploy millions of its Gravitron processors with the option to scale up further in the future.,2026-04-24,AMZN
Billionaire Stanley Druckenmiller Sells Meta and Buys These 2 Other Magnificent AI Stocks Instead,2026-04-24,AMZN
Amazon-Backed Nuclear IPO X-Energy Raises $1B. The Stock Starts Trading Today.,2026-04-24,AMZN
Two Markets In One—Chips And Oil Are Fighting,2026-04-24,AMZN
Amazon Stock Rallies To Record High On Meta AI Chip Deal,2026-04-24,AMZN
Amazon-Backed Nuclear Firm X-Energy Raises $1.02 Billion in IPO,2026-04-24,AMZN
Does Lumentum Still Have Gas In Its Tank After A Massive Run?,2026-04-24,AMZN
"Amazon, Meta, Microsoft, Salesforce, and Stripe Join the Universal Commerce Protocol Tech Council",2026-04-24,AMZN
"Market Chatter: Amazon, Ares Set for Big Windfall From X-Energy IPO",2026-04-24,AMZN
"Tired Of Being Homeowners, They Want To Sell Their House 'To Move West' And Rent An Apartment Closer To Outdoor Activities. A Dumb Decision?",2026-04-24,AMZN
Nuclear startup X-energy raises $1B in data center-driven IPO,2026-04-24,AMZN
Amazon Expands AI Chip Reach And Deepens Healthcare Push With GLP‑1 Program,2026-04-24,AMZN
Employee buyouts like Microsoft’s could become more common. Here’s what workers need to know.,2026-04-24,AMZN
The Humanoid Robot Boom Is Here. These 3 ETFs Capture the Entire Supply Chain,2026-04-24,AMZN
Top Midday Stories: Intel Shares Soar After Q1 Beat; Meta to use AWS Graviton Cores,2026-04-24,AMZN
"Amazon.com, Inc. (AMZN): Bill Ackman Is Loading Up on This Stock",2026-04-24,AMZN
'Google Plans to Invest Up to $40 Billion in Anthropic' - Bloomberg,2026-04-24,AMZN
These Magnificent Seven Companies Have Most Employees After Meta Cut,2026-04-24,AMZN
Amazon agentic CPUs gain traction as Meta taps Graviton to run AI agents,2026-04-24,AMZN
Amazon Stock Eyes Breakout On Meta AI Chip Deal,2026-04-24,AMZN
Meta Agrees to Deploy Millions of Amazon AI Chips in Deal Worth Billions,2026-04-24,AMZN
"Nasdaq 100 Marks Fresh Records, Intel Jumps 23% On AI Chip Mania: Stock Market Today",2026-04-24,AMZN
'Google Is Committing To Invest $10B Now In Cash In Anthropic At A $350B Valuation; Google Will Invest Another $30B If Anthropic Hits Performance Targets' - Bloomberg News,2026-04-24,AMZN
Meta to use Amazon Graviton chips to power AI services,2026-04-24,AMZN
"In another wild turn for AI chips, Meta signs deal for millions of Amazon AI CPUs",2026-04-24,AMZN
Google's AI Reckoning: Can Gemini Turn Dominance Into Dollars?,2026-04-24,AMZN
Meta strikes deal with Amazon's cloud unit to use its CPU chips,2026-04-24,AMZN
Meta Goes All-In On Amazon's Beast Chips,2026-04-24,AMZN
X-energy IPO raises $1 billion on Nasdaq debut,2026-04-24,AMZN
Meta Signs Agreement With AWS to Power Agentic AI on AWS Graviton Chips,2026-04-24,AMZN
AMAZON COM INC : Receives a Buy rating from UBS,2026-04-24,AMZN
Meta Strikes a Deal With Amazon for AI Chips. What It Means for the Stocks.,2026-04-24,AMZN
Is Intel The Next Nvidia As Agentic AI Increases CPU Demand; Oil Storage Crunch May Force Iran To Strike Deal,2026-04-24,AMZN
"Amazon Goes Nuclear Again, Pours $1 billion in X-Energy",2026-04-24,AMZN
Amazon Backs X-Energy $1.02 Billion IPO,2026-04-24,AMZN
"Oracle Stock Is No High-Risk AI Play, Says Analyst. Why It Can Take on Microsoft, Amazon.",2026-04-24,AMZN
Meta signs Amazon Graviton CPU deal for agentic AI,2026-04-24,AMZN
Amazon shares rise as Meta taps AWS Graviton for major AI expansion,2026-04-24,AMZN
Nuclear reactor company X-energy shares surge 34% as AI drives interest in the industry its IPO,2026-04-24,AMZN
"20,000 job cuts at Meta, Microsoft raise concern that AI-driven labor crisis is here",2026-04-24,AMZN
Google plans $40 billion Anthropic investment as AI compute race intensifies,2026-04-24,AMZN
"CNBC Halftime Report Final Trades: Cisco Systems, Amazon, Hercules Capital",2026-04-24,AMZN
"Stock buybacks stay hot, while Big Tech beasts like Meta lay off workers en masse",2026-04-24,AMZN
"Final Trades: Cisco, Hercules Capital and Amazon",2026-04-24,AMZN
Are large layoff announcements a sign of something bigger?,2026-04-24,AMZN
Google Plans to Invest Up to $40 Billion in Anthropic,2026-04-24,AMZN
Meta signs multibillion-dollar deal for Amazon Graviton AI chips,2026-04-24,AMZN
"Amazon, Microsoft, Alphabet, Oracle, CoreWeave seen as key AI compute beneficiaries after Google Cloud Next",2026-04-24,AMZN
KeyBanc Lifts Roku Price Target to $140: Is the Streaming Stock Finally Turning the Corner?,2026-04-24,AMZN
The 1 Energy Stock You Should Be Buying for the $700 Billion AI Spending Spree,2026-04-24,AMZN
Meta Expands AWS Partnership as Agentic AI Push Drives New Compute Demand,2026-04-24,AMZN
Amazon com : India to invest over INR 2800 crore (~USD 300M) to advance associate safety and wellbeing and strengthen its pan-India operations network,2026-04-24,AMZN
"Factset Research Systems: Don't Just Consume Data, Provide It",2026-04-24,AMZN
Stocks Take a Breather After Record Run. Big Tech Earnings and Fed Meeting Loom Large.,2026-04-24,AMZN
"Marvell: Finally Silences The Skeptics, But Don't Rush In Now (Downgrade)",2026-04-24,AMZN
Semiconductor ETF (PSI) Hits New 52-Week High,2026-04-24,AMZN
Amazon Q1 Preview: Watch The Capex And EBIT Margins Print,2026-04-24,AMZN
Q1 Earning Preview: Is Alphabet Overspending? A Painful Lesson From Meta And Intel,2026-04-24,AMZN
AI Did What Trump's Tariffs Didn't: Revive US Manufacturing,2026-04-24,AMZN
Nasdaq Futures Pop as Market Focuses on Big Tech Earnings Over Iran,2026-04-24,AMZN
Layoffs Are Accelerating Again,2026-04-24,AMZN
CFOs On the Move: Week ending April 24,2026-04-24,AMZN
X-energy CEO Clay Sell on IPO debut: We make it easy to build nuclear power plants,2026-04-24,AMZN
Amazon to provide Meta with hundreds of thousands of AWS AI chips in new deal,2026-04-24,AMZN
"Google plans to invest up to $40 billion in Anthropic, Bloomberg News reports",2026-04-24,AMZN
"Oppenheimer Maintains Outperform on Amazon.com, Raises Price Target to $275",2026-04-24,AMZN
Meta Partners With AWS on Graviton Chips to Power Agentic AI,2026-04-24,AMZN
Why Oracle's AI Spending Spree Has Wall Street On Edge,2026-04-24,AMZN
CGO: Positioned For Continued Outperformance Of Foreign Markets,2026-04-24,AMZN
AMAZON COM INC : Gets a Buy rating from Jefferies,2026-04-24,AMZN
GitLab Deepens AWS And Google Cloud Ties For AI DevSecOps Growth,2026-04-24,AMZN
Anthropic says Google to pump $40 bn into AI startup,2026-04-25,AMZN
"This market is a beast if you own any data center stocks, says Jim Cramer",2026-04-25,AMZN
Amazon loses $150M after drones hit its data centers — and insurance won’t cover their losses. What it means for you,2026-04-25,AMZN
"Dow Jones Futures: Apple, Amazon, Google Lead Earnings Wave For AI-Led Stock Market",2026-04-25,AMZN
"Nasdaq, S&P 500 Reach New Peaks Amid Tech Rally, Log Weekly Gains",2026-04-25,AMZN
Is the Cable Era Over? Charter’s Subscriber Slump Reignites Fears of a Fiber and Satellite Threat.,2026-04-25,AMZN
"1 No-Brainer Artificial Intelligence (AI) Stock to Buy With $10,000 and Hold for the Long Term",2026-04-25,AMZN
Amazon-backed X-Energy surges 27% in Nasdaq debut,2026-04-25,AMZN
"Elon Musk vs. Sam Altman, Mag 7 earnings, Fed meeting: What to Watch",2026-04-25,AMZN
Mag 7 Earnings Take the Spotlight: What to Expect,2026-04-25,AMZN
Related Digital secures financing for $16 billion Oracle data center in Michigan,2026-04-25,AMZN
"This Week's Market Wrap: Strong Earnings, Ceasefire Uncertainty, And Creeping Inflation",2026-04-25,AMZN
"The Look Ahead: April 24, 2026",2026-04-25,AMZN
"Nvidia Tops $5 Trillion Market Cap As AI Boom Lifts Intel, AMD And Chip Stocks: 'Own It, Don't Trade It,' Says Jim Cramer",2026-04-25,AMZN
"Apple, Amazon, Others Not Seeking Tariff Refunds To Avoid Offending Trump? The President Says He'll 'Remember' Them",2026-04-25,AMZN
"BEACN Announces Financial Results for Year Ended December 31, 2025",2026-04-25,AMZN
X-Energy (XE) Climbs 36% on Market Debut on Nuclear Demand,2026-04-25,AMZN
Google May Pour Up To $40 Billion Into Anthropic As AI Compute Demand Booms,2026-04-25,AMZN
Jim Cramer Notes Stocks Like Marvell Are “All on Fire”,2026-04-25,AMZN
"California Claims that Amazon’s (AMZN) Collusion Drove up Consumer Prices, Citing New Evidence",2026-04-25,AMZN
Microsoft (MSFT) Must Face a UK lawsuit Over Cloud Computing Licenses,2026-04-25,AMZN
Investors are bullish on neoclouds but skeptics question their financing,2026-04-25,AMZN
"Benzinga Bulls And Bears: UnitedHealth, Capital One, Lululemon — And Markets Extend Rally",2026-04-25,AMZN
"Meet the Biggest Threat to Nvidia in AI Chips. It's Not AMD, Intel, or Broadcom.",2026-04-25,AMZN
Cramer looks ahead to next week's big tech earnings,2026-04-25,AMZN
"Truist is Bullish on Amazon.com, Inc. (AMZN)",2026-04-25,AMZN
Is the AI Gold Rush Still On? A Historical Look at Amazon's AWS Offers a Compellingly Clear Answer.,2026-04-25,AMZN
Options Action: Bullish bets on Amazon,2026-04-25,AMZN
Amazon/Winn Dixie partnership delivers blow to Instacart shares,2026-04-25,AMZN
"Cathie Wood’s ARK buys Amazon stock, sells AMD and Rocket Lab",2026-04-25,AMZN
"Amazon-Backed X-Energy’s IPO Batters Oklo, NuScale Power (SMR) Stocks",2026-04-25,AMZN
ASTS stock declines sharply on Amazon-Globalstar deal concerns: Retail says it is 'oversold',2026-04-25,AMZN
Google Bets $40 Billion on Rival Anthropic. Just Because Ad Revenue Trails Meta?,2026-04-25,AMZN
GraniteShares YieldBoost AMZN ETF announces weekly distribution of $0.1549,2026-04-25,AMZN
"Concurrent Investment Advisors LLC Purchases 2,935 Shares of Costco Wholesale Corporation $COST",2026-04-25,AMZN
"We Found a Dutch Oven, Bar Stools, and More Hiding in Williams Sonoma’s Little-Known Outlet — Up to 80% Off",2026-04-25,AMZN
"Analysts’ Opinions Are Mixed on These Consumer Cyclical Stocks: Boyd Gaming (BYD), Visteon (VC) and Amazon (AMZN)",2026-04-25,AMZN
Newell Brands Lawsuit Puts CrockPot Safety And Valuation Gap In Focus,2026-04-25,AMZN
eBay Inc. Stock Slides 5% as Depop Deal Faces UK Test Before Earnings,2026-04-25,AMZN
"'We Will Have More Agents Than Human Employees,' Coinbase CEO Brian Armstrong Says As The Company Tests Al Agents In Work Communication Channels",2026-04-25,AMZN
"X-Energy Prices $1.02 Billion IPO Above Range, Valued at $9.1 Billion",2026-04-25,AMZN
Meta Platforms Signs Multiyear AI Chip Deal With Amazon,2026-04-25,AMZN
"The Week Ahead: April 24, 2026",2026-04-25,AMZN
Amazon's Unconventional Path to Profitability: What It Meant for Shareholders,2026-04-25,AMZN
Sector Update: Tech Stocks Gain Friday Afternoon,2026-04-25,AMZN
UBS has strong cloud growth expectations ahead of hyperscaler earnings,2026-04-25,AMZN
Alibaba to integrate its AI into cars,2026-04-25,AMZN
"Amazon and Anthropic Struck a New $5 Billion Deal, but Which Company Gains the Most from Their Partnership?",2026-04-25,AMZN
Equities Mostly Rise Intraday as Intel Rallies; Oil Falls Amid US-Iran Peace Talk Hopes,2026-04-25,AMZN
Amazon Reports Earnings on Wednesday—Here's How Much the Stock Is Expected to Move,2026-04-25,AMZN
These S&P500 stocks are the most active in today's session,2026-04-25,AMZN
Wall Street is getting bullish on neoclouds. These stocks hold more risk than other AI plays,2026-04-25,AMZN
Berkshire attracts interest as it slips further behind the S&P 500,2026-04-25,AMZN
Foundayo’s Slow Start And Amazon Entry Test Eli Lilly Valuation,2026-04-25,AMZN
"AT&T: Get Paid To Wait, But 3 Reasons The Stock Could Go Nowhere Near-Term",2026-04-25,AMZN
"Want Safe Income While the Market Wobbles? Buy This Dividend Stock With $5,000.",2026-04-25,AMZN
"Stock Market Week Ahead: Hyperscaler Blitz, Federal Reserve Transition",2026-04-25,AMZN
The USPS Got a ‘Free Lunch’ for Decades. That’s Over Now,2026-04-25,AMZN
What Moved Markets This Week,2026-04-25,AMZN
"The Best Stocks to Buy With $10,000 Right Now",2026-04-25,AMZN
"Law Professor Says, 'Salaries Are For Suckers' And Subject To High Taxes. That's Why Jeff Bezos Has A Salary Of Only Around $82,000 Since 1998",2026-04-25,AMZN
Solar Panels and Batteries Are Changing Life in Brazil’s Amazon,2026-04-25,AMZN
Scaramucci's 'Biggest Investing Mistake Has Always Been Selling Too Early',2026-04-25,AMZN
1 Reason I'd Still Buy Amazon Stock Hand Over Fist and Never Sell,2026-04-25,AMZN
Chicago Capital Slashes Its Alkami Technology Position by 1.6 Million Shares,2026-04-25,AMZN
Dave Ramsey Says Most People Will Not Save Money Even After They Get A Raise Or Pay Off Their Car. Here's Why,2026-04-25,AMZN
Amazon and Walmart hit by $12.8 billion theft surge,2026-04-25,AMZN
The climate tech IPO window could finally be cracking open,2026-04-25,AMZN
Dan Ives sends a blunt message to investors fleeing Oracle stock,2026-04-26,AMZN
Amazon Camp Stove Lawsuit Puts Marketplace Safety And Margins Under Scrutiny,2026-04-26,AMZN
"Dow Jones Futures: Iran Talks Shelved; Apple, Amazon, Google Lead Earnings Wave",2026-04-26,AMZN
"'AI Can Write Code, But It Can't Climb A 12-Foot Ladder': Lowe's CEO Draws A Line — OpenAI Chair Is Not Convinced That AI Runs All Consumer Decisions",2026-04-26,AMZN
3 Cloud Computing ETFs to Buy as Enterprise AI Spending Accelerates in 2026,2026-04-26,AMZN
Why Meta (META) Stock Is Up Today,2026-04-26,AMZN
Why Amazon (AMZN) Stock Is Trading Up Today,2026-04-26,AMZN
Amazon's Partnership With Anthropic Keeps Deepening. Is This the Catalyst Amazon Stock Needs?,2026-04-26,AMZN
"Ex-Stepdad Gets $135K 401(k) But Pushes For 27-Year-Old's $419K Inheritance Too — Dave Ramsey Says, 'You Do Not Owe This Guy A Dime'",2026-04-26,AMZN
"Could Amazon Be the 1 Consumer‑Tech Stock That Helps Turn $50,000 Into $1 Million by 2036?",2026-04-26,AMZN
Prediction: Artificial Intelligence (AI) Stocks Will Lead the Nasdaq to New Highs. Here Are the 3 Best to Buy Now.,2026-04-26,AMZN
The $720 Billion Capex Trap: 2 Artificial Intelligence (AI) Hyperscalers Spending on Growth While the Rest Spend on Maintenance,2026-04-26,AMZN
"Dow Jones Futures: Iran Talks Off; Apple, Amazon, Google Lead Earnings Wave",2026-04-26,AMZN
